series_year_predicted,observed_year_predicted,observed_interval_id,predicted_reported_cases,series_year_observed,observed_year_observed,period_start,period_end,interval_days,observed_reported_cases,reporting_frequency,series_year,observed_year,country,period,absolute_error,relative_error,absolute_percentage_error
0,2021,2021-01-01_2021-02-01,0.6588503332947994,0,2021,2021-01-01,2021-02-01,31.0,34,monthly,0,2021,Australia,pandemic_npi,33.3411496667052,-0.9806220490207411,0.9806220490207411
1,2021,2021-02-01_2021-03-01,0.42456516641867337,1,2021,2021-02-01,2021-03-01,28.0,54,monthly,1,2021,Australia,pandemic_npi,53.575434833581326,-0.9921376821033578,0.9921376821033578
2,2021,2021-03-01_2021-04-01,0.32869019969726365,2,2021,2021-03-01,2021-04-01,31.0,53,monthly,2,2021,Australia,pandemic_npi,52.67130980030274,-0.9937982981189195,0.9937982981189195
3,2021,2021-04-01_2021-05-01,0.22215282584563004,3,2021,2021-04-01,2021-05-01,30.0,48,monthly,3,2021,Australia,pandemic_npi,47.77784717415437,-0.995371816128216,0.995371816128216
4,2021,2021-05-01_2021-06-01,0.1771208441584393,4,2021,2021-05-01,2021-06-01,31.0,52,monthly,4,2021,Australia,pandemic_npi,51.82287915584156,-0.9965938299200301,0.9965938299200301
5,2021,2021-06-01_2021-07-01,0.15175096540836505,5,2021,2021-06-01,2021-07-01,30.0,57,monthly,5,2021,Australia,pandemic_npi,56.84824903459163,-0.9973377023612567,0.9973377023612567
6,2021,2021-07-01_2021-08-01,0.1581364616762934,6,2021,2021-07-01,2021-08-01,31.0,38,monthly,6,2021,Australia,pandemic_npi,37.84186353832371,-0.9958385141664133,0.9958385141664133
7,2021,2021-08-01_2021-09-01,0.175162442752746,7,2021,2021-08-01,2021-09-01,31.0,48,monthly,7,2021,Australia,pandemic_npi,47.82483755724726,-0.9963507824426512,0.9963507824426512
8,2021,2021-09-01_2021-10-01,0.19505738353983054,8,2021,2021-09-01,2021-10-01,30.0,38,monthly,8,2021,Australia,pandemic_npi,37.80494261646017,-0.9948669109594781,0.9948669109594781
9,2021,2021-10-01_2021-11-01,0.23386864236634652,9,2021,2021-10-01,2021-11-01,31.0,41,monthly,9,2021,Australia,pandemic_npi,40.766131357633654,-0.9942958867715526,0.9942958867715526
10,2021,2021-11-01_2021-12-01,0.26669377639231906,10,2021,2021-11-01,2021-12-01,30.0,47,monthly,10,2021,Australia,pandemic_npi,46.733306223607684,-0.9943256643320784,0.9943256643320784
11,2021,2021-12-01_2022-01-01,0.33082759891440333,11,2021,2021-12-01,2022-01-01,31.0,30,monthly,11,2021,Australia,pandemic_npi,29.669172401085596,-0.9889724133695199,0.9889724133695199
12,2022,2022-01-01_2022-02-01,0.38791910891800657,12,2022,2022-01-01,2022-02-01,31.0,41,monthly,12,2022,Australia,post_pandemic,40.612080891081995,-0.990538558319073,0.990538558319073
13,2022,2022-02-01_2022-03-01,0.3935290667432342,13,2022,2022-02-01,2022-03-01,28.0,43,monthly,13,2022,Australia,post_pandemic,42.606470933256766,-0.9908481612385295,0.9908481612385295
14,2022,2022-03-01_2022-04-01,0.48550157254143145,14,2022,2022-03-01,2022-04-01,31.0,47,monthly,14,2022,Australia,post_pandemic,46.51449842745857,-0.9896701793076291,0.9896701793076291
15,2022,2022-04-01_2022-05-01,0.5325773090964371,15,2022,2022-04-01,2022-05-01,30.0,22,monthly,15,2022,Australia,post_pandemic,21.467422690903565,-0.9757919404956166,0.9757919404956166
16,2022,2022-05-01_2022-06-01,0.6503840655151368,16,2022,2022-05-01,2022-06-01,31.0,39,monthly,16,2022,Australia,post_pandemic,38.349615934484866,-0.9833234854996119,0.9833234854996119
17,2022,2022-06-01_2022-07-01,0.7905757263574458,17,2022,2022-06-01,2022-07-01,30.0,35,monthly,17,2022,Australia,post_pandemic,34.209424273642554,-0.977412122104073,0.977412122104073
18,2022,2022-07-01_2022-08-01,1.1392115029971774,18,2022,2022-07-01,2022-08-01,31.0,42,monthly,18,2022,Australia,post_pandemic,40.86078849700282,-0.9728759165953053,0.9728759165953053
19,2022,2022-08-01_2022-09-01,1.7605365776167394,19,2022,2022-08-01,2022-09-01,31.0,64,monthly,19,2022,Australia,post_pandemic,62.23946342238326,-0.9724916159747384,0.9724916159747384
20,2022,2022-09-01_2022-10-01,2.7811309924965135,20,2022,2022-09-01,2022-10-01,30.0,38,monthly,20,2022,Australia,post_pandemic,35.218869007503486,-0.9268123423027234,0.9268123423027234
21,2022,2022-10-01_2022-11-01,4.818323321079901,21,2022,2022-10-01,2022-11-01,31.0,40,monthly,21,2022,Australia,post_pandemic,35.1816766789201,-0.8795419169730024,0.8795419169730024
22,2022,2022-11-01_2022-12-01,7.492902653779941,22,2022,2022-11-01,2022-12-01,30.0,36,monthly,22,2022,Australia,post_pandemic,28.507097346220057,-0.7918638151727794,0.7918638151727794
23,2022,2022-12-01_2023-01-01,11.53021511891154,23,2022,2022-12-01,2023-01-01,31.0,36,monthly,23,2022,Australia,post_pandemic,24.469784881088458,-0.6797162466969016,0.6797162466969016
24,2023,2023-01-01_2023-02-01,15.383444360041823,24,2023,2023-01-01,2023-02-01,31.0,46,monthly,24,2023,Australia,post_pandemic,30.61655563995818,-0.66557729652083,0.66557729652083
25,2023,2023-02-01_2023-03-01,16.374705773924767,25,2023,2023-02-01,2023-03-01,28.0,34,monthly,25,2023,Australia,post_pandemic,17.625294226075233,-0.5183910066492716,0.5183910066492716
26,2023,2023-03-01_2023-04-01,19.707044998563944,26,2023,2023-03-01,2023-04-01,31.0,44,monthly,26,2023,Australia,post_pandemic,24.292955001436056,-0.5521126136690012,0.5521126136690012
27,2023,2023-04-01_2023-05-01,19.894269080150796,27,2023,2023-04-01,2023-05-01,30.0,43,monthly,27,2023,Australia,post_pandemic,23.105730919849204,-0.5373425795313769,0.5373425795313769
28,2023,2023-05-01_2023-06-01,21.911129870163613,28,2023,2023-05-01,2023-06-01,31.0,77,monthly,28,2023,Australia,post_pandemic,55.08887012983639,-0.715439871816057,0.715439871816057
29,2023,2023-06-01_2023-07-01,24.41367033064246,29,2023,2023-06-01,2023-07-01,30.0,92,monthly,29,2023,Australia,post_pandemic,67.58632966935754,-0.7346340181451907,0.7346340181451907
30,2023,2023-07-01_2023-08-01,32.40022658542114,30,2023,2023-07-01,2023-08-01,31.0,96,monthly,30,2023,Australia,post_pandemic,63.59977341457886,-0.6624976397351965,0.6624976397351965
31,2023,2023-08-01_2023-09-01,46.32729060482887,31,2023,2023-08-01,2023-09-01,31.0,158,monthly,31,2023,Australia,post_pandemic,111.67270939517113,-0.7067892999694375,0.7067892999694375
32,2023,2023-09-01_2023-10-01,68.12640134428713,32,2023,2023-09-01,2023-10-01,30.0,273,monthly,32,2023,Australia,post_pandemic,204.87359865571287,-0.7504527423286186,0.7504527423286186
33,2023,2023-10-01_2023-11-01,109.17903092152747,33,2023,2023-10-01,2023-11-01,31.0,367,monthly,33,2023,Australia,post_pandemic,257.82096907847256,-0.7025094525298979,0.7025094525298979
34,2023,2023-11-01_2023-12-01,158.82213747613676,34,2023,2023-11-01,2023-12-01,30.0,635,monthly,34,2023,Australia,post_pandemic,476.17786252386327,-0.7498863976753752,0.7498863976753752
35,2023,2023-12-01_2024-01-01,230.41317515016473,35,2023,2023-12-01,2024-01-01,31.0,589,monthly,35,2023,Australia,post_pandemic,358.58682484983524,-0.6088061542442025,0.6088061542442025
36,2024,2024-01-01_2024-02-01,295.52398680937483,36,2024,2024-01-01,2024-02-01,31.0,838,monthly,36,2024,Australia,post_pandemic,542.4760131906252,-0.6473460777931088,0.6473460777931088
37,2024,2024-02-01_2024-03-01,319.76628932546413,37,2024,2024-02-01,2024-03-01,29.0,858,monthly,37,2024,Australia,post_pandemic,538.2337106745358,-0.6273120171031886,0.6273120171031886
38,2024,2024-03-01_2024-04-01,367.3409169676445,38,2024,2024-03-01,2024-04-01,31.0,1377,monthly,38,2024,Australia,post_pandemic,1009.6590830323555,-0.7332309971186315,0.7332309971186315
39,2024,2024-04-01_2024-05-01,371.61280394683115,39,2024,2024-04-01,2024-05-01,30.0,2067,monthly,39,2024,Australia,post_pandemic,1695.3871960531687,-0.8202163502918087,0.8202163502918087
40,2024,2024-05-01_2024-06-01,415.1381985994459,40,2024,2024-05-01,2024-06-01,31.0,3187,monthly,40,2024,Australia,post_pandemic,2771.861801400554,-0.8697401322248366,0.8697401322248366
41,2024,2024-06-01_2024-07-01,477.25247582860175,41,2024,2024-06-01,2024-07-01,30.0,4478,monthly,41,2024,Australia,post_pandemic,4000.7475241713983,-0.8934228504179094,0.8934228504179094
42,2024,2024-07-01_2024-08-01,665.9733745974742,42,2024,2024-07-01,2024-08-01,31.0,5252,monthly,42,2024,Australia,post_pandemic,4586.0266254025255,-0.8731962348443498,0.8731962348443498
43,2024,2024-08-01_2024-09-01,1030.5496947140612,43,2024,2024-08-01,2024-09-01,31.0,6703,monthly,43,2024,Australia,post_pandemic,5672.450305285939,-0.8462554535709294,0.8462554535709294
44,2024,2024-09-01_2024-10-01,1688.3283095954441,44,2024,2024-09-01,2024-10-01,30.0,8381,monthly,44,2024,Australia,post_pandemic,6692.671690404556,-0.7985528803728142,0.7985528803728142
45,2024,2024-10-01_2024-11-01,3034.479859415753,45,2024,2024-10-01,2024-11-01,31.0,7940,monthly,45,2024,Australia,post_pandemic,4905.520140584247,-0.6178236952876885,0.6178236952876885
46,2024,2024-11-01_2024-12-01,4909.430170330453,46,2024,2024-11-01,2024-12-01,30.0,9317,monthly,46,2024,Australia,post_pandemic,4407.569829669547,-0.473067492719711,0.473067492719711
47,2024,2024-12-01_2025-01-01,7522.98056692502,47,2024,2024-12-01,2025-01-01,31.0,6857,monthly,47,2024,Australia,post_pandemic,665.98056692502,0.09712418943051188,0.09712418943051188
48,2025,2025-01-01_2025-02-01,9503.640693562531,48,2025,2025-01-01,2025-02-01,31.0,5015,monthly,48,2025,Australia,post_pandemic,4488.640693562531,0.8950430096834558,0.8950430096834558
49,2025,2025-02-01_2025-03-01,8985.296841072975,49,2025,2025-02-01,2025-03-01,28.0,2870,monthly,49,2025,Australia,post_pandemic,6115.296841072975,2.1307654498512107,2.1307654498512107
50,2025,2025-03-01_2025-04-01,8959.324316465341,50,2025,2025-03-01,2025-04-01,31.0,2353,monthly,50,2025,Australia,post_pandemic,6606.324316465341,2.8076176440566685,2.8076176440566685
51,2025,2025-04-01_2025-05-01,6978.093788501143,51,2025,2025-04-01,2025-05-01,30.0,1928,monthly,51,2025,Australia,post_pandemic,5050.093788501143,2.619343251297273,2.619343251297273
52,2025,2025-05-01_2025-06-01,5584.437158582118,52,2025,2025-05-01,2025-06-01,31.0,2000,monthly,52,2025,Australia,post_pandemic,3584.437158582118,1.792218579291059,1.792218579291059
53,2025,2025-06-01_2025-07-01,4263.435476431934,53,2025,2025-06-01,2025-07-01,30.0,1753,monthly,53,2025,Australia,post_pandemic,2510.435476431934,1.4320795644220958,1.4320795644220958
54,2025,2025-07-01_2025-08-01,3703.1085691221165,54,2025,2025-07-01,2025-08-01,31.0,1573,monthly,54,2025,Australia,post_pandemic,2130.1085691221165,1.354169465430462,1.354169465430462
55,2025,2025-08-01_2025-09-01,3314.9336457271847,55,2025,2025-08-01,2025-09-01,31.0,1704,monthly,55,2025,Australia,post_pandemic,1610.9336457271847,0.9453835949103196,0.9453835949103196
56,2025,2025-09-01_2025-10-01,3012.7859465949136,56,2025,2025-09-01,2025-10-01,30.0,1748,monthly,56,2025,Australia,post_pandemic,1264.7859465949136,0.7235617543449163,0.7235617543449163
57,2025,2025-10-01_2025-11-01,2956.0656982433557,57,2025,2025-10-01,2025-11-01,31.0,1587,monthly,57,2025,Australia,post_pandemic,1369.0656982433557,0.862675298199972,0.862675298199972
58,2025,2025-11-01_2025-12-01,2629.044169266398,58,2025,2025-11-01,2025-12-01,30.0,1496,monthly,58,2025,Australia,post_pandemic,1133.044169266398,0.7573824660871645,0.7573824660871645
59,2025,2025-12-01_2026-01-01,2339.004196918664,59,2025,2025-12-01,2026-01-01,31.0,919,monthly,59,2025,Australia,post_pandemic,1420.004196918664,1.545162347027926,1.545162347027926
60,2026,2026-01-01_2026-02-01,1830.2859899076361,60,2026,2026-01-01,2026-02-01,31.0,1014,monthly,60,2026,Australia,post_pandemic,816.2859899076361,0.8050157691396806,0.8050157691396806
61,2026,2026-02-01_2026-03-01,1178.1662042555777,61,2026,2026-02-01,2026-03-01,28.0,772,monthly,61,2026,Australia,post_pandemic,406.16620425557767,0.5261220262377949,0.5261220262377949
62,2026,2026-03-01_2026-04-01,894.109372129204,62,2026,2026-03-01,2026-04-01,31.0,749,monthly,62,2026,Australia,post_pandemic,145.10937212920396,0.19373747947824294,0.19373747947824294
63,2026,2026-04-01_2026-05-01,553.2153190921398,63,2026,2026-04-01,2026-05-01,30.0,640,monthly,63,2026,Australia,post_pandemic,86.7846809078602,-0.13560106391853158,0.13560106391853158
64,2026,2026-05-01_2026-06-01,380.6377569188292,64,2026,2026-05-01,2026-06-01,31.0,110,monthly,64,2026,Australia,post_pandemic,270.6377569188292,2.460343244716629,2.460343244716629
0,2020,2020-01-01_2020-02-01,214.07600889535703,0,2020,2020-01-01,2020-02-01,31.0,1141,monthly,0,2020,China,pandemic_npi,926.9239911046429,-0.8123786074536747,0.8123786074536747
1,2020,2020-02-01_2020-03-01,192.5024416261489,1,2020,2020-02-01,2020-03-01,29.0,738,monthly,1,2020,China,pandemic_npi,545.4975583738511,-0.7391565831623998,0.7391565831623998
2,2020,2020-03-01_2020-04-01,239.31655233367476,2,2020,2020-03-01,2020-04-01,31.0,874,monthly,2,2020,China,pandemic_npi,634.6834476663253,-0.7261824344008299,0.7261824344008299
3,2020,2020-04-01_2020-05-01,308.8261034614016,3,2020,2020-04-01,2020-05-01,30.0,479,monthly,3,2020,China,pandemic_npi,170.1738965385984,-0.3552690950701428,0.3552690950701428
4,2020,2020-05-01_2020-06-01,463.34361319162787,4,2020,2020-05-01,2020-06-01,31.0,277,monthly,4,2020,China,pandemic_npi,186.34361319162787,0.6727206252405338,0.6727206252405338
5,2020,2020-06-01_2020-07-01,665.876101068828,5,2020,2020-06-01,2020-07-01,30.0,159,monthly,5,2020,China,pandemic_npi,506.876101068828,3.1879000067221885,3.1879000067221885
6,2020,2020-07-01_2020-08-01,1371.805052329432,6,2020,2020-07-01,2020-08-01,31.0,131,monthly,6,2020,China,pandemic_npi,1240.805052329432,9.471794292591085,9.471794292591085
7,2020,2020-08-01_2020-09-01,1903.2488430377618,7,2020,2020-08-01,2020-09-01,31.0,142,monthly,7,2020,China,pandemic_npi,1761.2488430377618,12.40316086646311,12.40316086646311
8,2020,2020-09-01_2020-10-01,1707.4803993430992,8,2020,2020-09-01,2020-10-01,30.0,201,monthly,8,2020,China,pandemic_npi,1506.4803993430992,7.494927359915916,7.494927359915916
9,2020,2020-10-01_2020-11-01,1374.6153533680263,9,2020,2020-10-01,2020-11-01,31.0,267,monthly,9,2020,China,pandemic_npi,1107.6153533680263,4.148372109992608,4.148372109992608
10,2020,2020-11-01_2020-12-01,941.5654262399345,10,2020,2020-11-01,2020-12-01,30.0,291,monthly,10,2020,China,pandemic_npi,650.5654262399345,2.235620021443074,2.235620021443074
11,2020,2020-12-01_2021-01-01,690.6381285165799,11,2020,2020-12-01,2021-01-01,31.0,294,monthly,11,2020,China,pandemic_npi,396.63812851657985,1.3491092806686389,1.3491092806686389
12,2021,2021-01-01_2021-02-01,554.1232122490383,12,2021,2021-01-01,2021-02-01,31.0,205,monthly,12,2021,China,pandemic_npi,349.12321224903826,1.7030400597514062,1.7030400597514062
13,2021,2021-02-01_2021-03-01,481.85245936184964,13,2021,2021-02-01,2021-03-01,28.0,115,monthly,13,2021,China,pandemic_npi,366.85245936184964,3.190021385755214,3.190021385755214
14,2021,2021-03-01_2021-04-01,618.56040350846,14,2021,2021-03-01,2021-04-01,31.0,220,monthly,14,2021,China,pandemic_npi,398.56040350846,1.8116381977657274,1.8116381977657274
15,2021,2021-04-01_2021-05-01,799.8346819284516,15,2021,2021-04-01,2021-05-01,30.0,308,monthly,15,2021,China,pandemic_npi,491.8346819284516,1.5968658504170505,1.5968658504170505
16,2021,2021-05-01_2021-06-01,1196.2846816843607,16,2021,2021-05-01,2021-06-01,31.0,427,monthly,16,2021,China,pandemic_npi,769.2846816843607,1.8016034699867933,1.8016034699867933
17,2021,2021-06-01_2021-07-01,1644.566782648452,17,2021,2021-06-01,2021-07-01,30.0,519,monthly,17,2021,China,pandemic_npi,1125.566782648452,2.1687221245634913,2.1687221245634913
18,2021,2021-07-01_2021-08-01,2218.461665506001,18,2021,2021-07-01,2021-08-01,31.0,820,monthly,18,2021,China,pandemic_npi,1398.4616655060008,1.705441055495123,1.705441055495123
19,2021,2021-08-01_2021-09-01,2489.669083270701,19,2021,2021-08-01,2021-09-01,31.0,1227,monthly,19,2021,China,pandemic_npi,1262.6690832707009,1.0290701575148336,1.0290701575148336
20,2021,2021-09-01_2021-10-01,2261.6028553561127,20,2021,2021-09-01,2021-10-01,30.0,1094,monthly,20,2021,China,pandemic_npi,1167.6028553561127,1.067278661203028,1.067278661203028
21,2021,2021-10-01_2021-11-01,1853.34923112858,21,2021,2021-10-01,2021-11-01,31.0,825,monthly,21,2021,China,pandemic_npi,1028.34923112858,1.2464839165194908,1.2464839165194908
22,2021,2021-11-01_2021-12-01,1283.1228216160687,22,2021,2021-11-01,2021-12-01,30.0,1148,monthly,22,2021,China,pandemic_npi,135.12282161606868,0.1177028062857741,0.1177028062857741
23,2021,2021-12-01_2022-01-01,1047.726110703968,23,2021,2021-12-01,2022-01-01,31.0,2254,monthly,23,2021,China,pandemic_npi,1206.273889296032,-0.5351703146832439,0.5351703146832439
24,2022,2022-01-01_2022-02-01,1155.2883569493565,24,2022,2022-01-01,2022-02-01,31.0,2354,monthly,24,2022,China,post_pandemic,1198.7116430506435,-0.5092232978125079,0.5092232978125079
25,2022,2022-02-01_2022-03-01,1194.498542481932,25,2022,2022-02-01,2022-03-01,28.0,2576,monthly,25,2022,China,post_pandemic,1381.501457518068,-0.5362971496576351,0.5362971496576351
26,2022,2022-03-01_2022-04-01,1532.9095007336846,26,2022,2022-03-01,2022-04-01,31.0,3747,monthly,26,2022,China,post_pandemic,2214.0904992663154,-0.5908968506181786,0.5908968506181786
27,2022,2022-04-01_2022-05-01,1990.6502765561074,27,2022,2022-04-01,2022-05-01,30.0,3415,monthly,27,2022,China,post_pandemic,1424.3497234438926,-0.4170863026190022,0.4170863026190022
28,2022,2022-05-01_2022-06-01,2975.386532776919,28,2022,2022-05-01,2022-06-01,31.0,3991,monthly,28,2022,China,post_pandemic,1015.613467223081,-0.2544759376655177,0.2544759376655177
29,2022,2022-06-01_2022-07-01,4100.3894131491315,29,2022,2022-06-01,2022-07-01,30.0,4213,monthly,29,2022,China,post_pandemic,112.61058685086846,-0.026729310906923442,0.026729310906923442
30,2022,2022-07-01_2022-08-01,5524.391463300806,30,2022,2022-07-01,2022-08-01,31.0,4234,monthly,30,2022,China,post_pandemic,1290.3914633008062,0.304768885994522,0.304768885994522
31,2022,2022-08-01_2022-09-01,6207.686124211658,31,2022,2022-08-01,2022-09-01,31.0,5355,monthly,31,2022,China,post_pandemic,852.6861242116584,0.15923176922720045,0.15923176922720045
32,2022,2022-09-01_2022-10-01,5644.760676086327,32,2022,2022-09-01,2022-10-01,30.0,3849,monthly,32,2022,China,post_pandemic,1795.7606760863273,0.4665525269125298,0.4665525269125298
33,2022,2022-10-01_2022-11-01,4650.465817713778,33,2022,2022-10-01,2022-11-01,31.0,2594,monthly,33,2022,China,post_pandemic,2056.465817713778,0.7927778788410864,0.7927778788410864
34,2022,2022-11-01_2022-12-01,3229.985242043039,34,2022,2022-11-01,2022-12-01,30.0,2160,monthly,34,2022,China,post_pandemic,1069.9852420430389,0.49536353798288835,0.49536353798288835
35,2022,2022-12-01_2023-01-01,2392.349472993204,35,2022,2022-12-01,2023-01-01,31.0,1293,monthly,35,2022,China,post_pandemic,1099.349472993204,0.8502316109769559,0.8502316109769559
36,2023,2023-01-01_2023-02-01,1918.3501763966997,36,2023,2023-01-01,2023-02-01,31.0,883,monthly,36,2023,China,post_pandemic,1035.3501763966997,1.1725370061117777,1.1725370061117777
37,2023,2023-02-01_2023-03-01,1677.8961569397288,37,2023,2023-02-01,2023-03-01,28.0,538,monthly,37,2023,China,post_pandemic,1139.8961569397288,2.1187660909660386,2.1187660909660386
38,2023,2023-03-01_2023-04-01,2150.9926529540803,38,2023,2023-03-01,2023-04-01,31.0,821,monthly,38,2023,China,post_pandemic,1329.9926529540803,1.6199666905652623,1.6199666905652623
39,2023,2023-04-01_2023-05-01,2799.1647658210336,39,2023,2023-04-01,2023-05-01,30.0,1074,monthly,39,2023,China,post_pandemic,1725.1647658210336,1.6062986646378339,1.6062986646378339
40,2023,2023-05-01_2023-06-01,4180.723911642005,40,2023,2023-05-01,2023-06-01,31.0,1334,monthly,40,2023,China,post_pandemic,2846.723911642005,2.1339759457586247,2.1339759457586247
41,2023,2023-06-01_2023-07-01,5783.6107279298485,41,2023,2023-06-01,2023-07-01,30.0,1512,monthly,41,2023,China,post_pandemic,4271.6107279298485,2.8251393703239738,2.8251393703239738
42,2023,2023-07-01_2023-08-01,7795.488972268732,42,2023,2023-07-01,2023-08-01,31.0,2767,monthly,42,2023,China,post_pandemic,5028.488972268732,1.8173071818824476,1.8173071818824476
43,2023,2023-08-01_2023-09-01,8782.865782499854,43,2023,2023-08-01,2023-09-01,31.0,4793,monthly,43,2023,China,post_pandemic,3989.8657824998536,0.8324360071979665,0.8324360071979665
44,2023,2023-09-01_2023-10-01,7994.3308295634615,44,2023,2023-09-01,2023-10-01,30.0,4517,monthly,44,2023,China,post_pandemic,3477.3308295634615,0.7698319303881916,0.7698319303881916
45,2023,2023-10-01_2023-11-01,6595.3977728119635,45,2023,2023-10-01,2023-11-01,31.0,4430,monthly,45,2023,China,post_pandemic,2165.3977728119635,0.4888031089868992,0.4888031089868992
46,2023,2023-11-01_2023-12-01,4571.86018075393,46,2023,2023-11-01,2023-12-01,30.0,6410,monthly,46,2023,China,post_pandemic,1838.1398192460701,-0.2867612822536771,0.2867612822536771
47,2023,2023-12-01_2024-01-01,4478.667639283048,47,2023,2023-12-01,2024-01-01,31.0,9126,monthly,47,2023,China,post_pandemic,4647.332360716952,-0.5092408898440667,0.5092408898440667
48,2024,2024-01-01_2024-02-01,5381.934997098826,48,2024,2024-01-01,2024-02-01,31.0,15275,monthly,48,2024,China,post_pandemic,9893.065002901174,-0.6476638299771637,0.6476638299771637
49,2024,2024-02-01_2024-03-01,5403.515535123826,49,2024,2024-02-01,2024-03-01,29.0,17105,monthly,49,2024,China,post_pandemic,11701.484464876174,-0.6840973086744329,0.6840973086744329
50,2024,2024-03-01_2024-04-01,7020.622537802835,50,2024,2024-03-01,2024-04-01,31.0,27078,monthly,50,2024,China,post_pandemic,20057.377462197164,-0.740725956946494,0.740725956946494
51,2024,2024-04-01_2024-05-01,9639.09058656799,51,2024,2024-04-01,2024-05-01,30.0,91272,monthly,51,2024,China,post_pandemic,81632.909413432,-0.8943915923112455,0.8943915923112455
52,2024,2024-05-01_2024-06-01,14526.80680511928,52,2024,2024-05-01,2024-06-01,31.0,97669,monthly,52,2024,China,post_pandemic,83142.19319488072,-0.8512649171679931,0.8512649171679931
53,2024,2024-06-01_2024-07-01,20176.264196866883,53,2024,2024-06-01,2024-07-01,30.0,85817,monthly,53,2024,China,post_pandemic,65640.73580313311,-0.7648919888033037,0.7648919888033037
54,2024,2024-07-01_2024-08-01,27159.996197761324,54,2024,2024-07-01,2024-08-01,31.0,74964,monthly,54,2024,China,post_pandemic,47804.00380223867,-0.63769280991194,0.63769280991194
55,2024,2024-08-01_2024-09-01,30517.299015307115,55,2024,2024-08-01,2024-09-01,31.0,43216,monthly,55,2024,China,post_pandemic,12698.700984692885,-0.29384258109711414,0.29384258109711414
56,2024,2024-09-01_2024-10-01,27536.236846939926,56,2024,2024-09-01,2024-10-01,30.0,17316,monthly,56,2024,China,post_pandemic,10220.236846939926,0.5902192681300489,0.5902192681300489
57,2024,2024-10-01_2024-11-01,22470.99404248963,57,2024,2024-10-01,2024-11-01,31.0,10118,monthly,57,2024,China,post_pandemic,12352.99404248963,1.2208928684018217,1.2208928684018217
58,2024,2024-11-01_2024-12-01,15376.459049426876,58,2024,2024-11-01,2024-12-01,30.0,7829,monthly,58,2024,China,post_pandemic,7547.459049426876,0.9640387085741315,0.9640387085741315
59,2024,2024-12-01_2025-01-01,11375.250535595567,59,2024,2024-12-01,2025-01-01,31.0,6662,monthly,59,2024,China,post_pandemic,4713.250535595567,0.7074828183121536,0.7074828183121536
60,2025,2025-01-01_2025-02-01,9065.313659266678,60,2025,2025-01-01,2025-02-01,31.0,5611,monthly,60,2025,China,post_pandemic,3454.313659266678,0.6156324468484544,0.6156324468484544
60,2025,2025-01-01_2025-02-01,9065.313659266678,61,2025,2025-01-01,2025-02-01,31.0,971,monthly,60,2025,China,post_pandemic,8094.313659266678,8.336059381325105,8.336059381325105
61,2025,2025-01-01_2025-02-01,9065.313659266678,60,2025,2025-01-01,2025-02-01,31.0,5611,monthly,61,2025,China,post_pandemic,3454.313659266678,0.6156324468484544,0.6156324468484544
61,2025,2025-01-01_2025-02-01,9065.313659266678,61,2025,2025-01-01,2025-02-01,31.0,971,monthly,61,2025,China,post_pandemic,8094.313659266678,8.336059381325105,8.336059381325105
62,2025,2025-02-01_2025-03-01,7890.72632517894,62,2025,2025-02-01,2025-03-01,28.0,4298,monthly,62,2025,China,post_pandemic,3592.72632517894,0.8359065437829083,0.8359065437829083
62,2025,2025-02-01_2025-03-01,7890.72632517894,63,2025,2025-02-01,2025-03-01,28.0,666,monthly,62,2025,China,post_pandemic,7224.72632517894,10.847937425193603,10.847937425193603
63,2025,2025-02-01_2025-03-01,7890.72632517894,62,2025,2025-02-01,2025-03-01,28.0,4298,monthly,63,2025,China,post_pandemic,3592.72632517894,0.8359065437829083,0.8359065437829083
63,2025,2025-02-01_2025-03-01,7890.72632517894,63,2025,2025-02-01,2025-03-01,28.0,666,monthly,63,2025,China,post_pandemic,7224.72632517894,10.847937425193603,10.847937425193603
64,2025,2025-03-01_2025-04-01,10059.740737837024,64,2025,2025-03-01,2025-04-01,31.0,4186,monthly,64,2025,China,post_pandemic,5873.740737837024,1.4031869894498386,1.4031869894498386
64,2025,2025-03-01_2025-04-01,10059.740737837024,65,2025,2025-03-01,2025-04-01,31.0,636,monthly,64,2025,China,post_pandemic,9423.740737837024,14.817202417982744,14.817202417982744
65,2025,2025-03-01_2025-04-01,10059.740737837024,64,2025,2025-03-01,2025-04-01,31.0,4186,monthly,65,2025,China,post_pandemic,5873.740737837024,1.4031869894498386,1.4031869894498386
65,2025,2025-03-01_2025-04-01,10059.740737837024,65,2025,2025-03-01,2025-04-01,31.0,636,monthly,65,2025,China,post_pandemic,9423.740737837024,14.817202417982744,14.817202417982744
66,2025,2025-04-01_2025-05-01,13048.341949234737,66,2025,2025-04-01,2025-05-01,30.0,4506,monthly,66,2025,China,post_pandemic,8542.341949234737,1.8957705169184946,1.8957705169184946
67,2025,2025-05-01_2025-06-01,19425.79623895257,67,2025,2025-05-01,2025-06-01,31.0,4260,monthly,67,2025,China,post_pandemic,15165.796238952571,3.5600460654818242,3.5600460654818242
68,2025,2025-06-01_2025-07-01,27133.749448242797,68,2025,2025-06-01,2025-07-01,30.0,3590,monthly,68,2025,China,post_pandemic,23543.749448242797,6.558147478619164,6.558147478619164
69,2025,2025-07-01_2025-08-01,36796.34584221776,69,2025,2025-07-01,2025-08-01,31.0,2974,monthly,69,2025,China,post_pandemic,33822.34584221776,11.372678494357013,11.372678494357013
70,2025,2025-08-01_2025-09-01,41762.37059912249,70,2025,2025-08-01,2025-09-01,31.0,1774,monthly,70,2025,China,post_pandemic,39988.37059912249,22.54135884956172,22.54135884956172
71,2025,2025-09-01_2025-10-01,37872.11158294168,71,2025,2025-09-01,2025-10-01,30.0,1028,monthly,71,2025,China,post_pandemic,36844.11158294168,35.84057546978763,35.84057546978763
72,2025,2025-10-01_2025-11-01,30475.507321535886,72,2025,2025-10-01,2025-11-01,31.0,893,monthly,72,2025,China,post_pandemic,29582.507321535886,33.12710786286213,33.12710786286213
73,2025,2025-11-01_2025-12-01,20811.875449630534,73,2025,2025-11-01,2025-12-01,30.0,1246,monthly,73,2025,China,post_pandemic,19565.875449630534,15.702949799061424,15.702949799061424
74,2025,2025-12-01_2026-01-01,15217.848577642717,74,2025,2025-12-01,2026-01-01,31.0,1313,monthly,74,2025,China,post_pandemic,13904.848577642717,10.590136007344034,10.590136007344034
0,2020,2020-01-06_2020-01-13,11.450894412785292,0,2020,2020-01-06,2020-01-13,7.0,72,weekly,0,2020,United_Kingdom,pandemic_npi,60.54910558721471,-0.8409597998224265,0.8409597998224265
1,2020,2020-01-13_2020-01-20,11.450894412785292,1,2020,2020-01-13,2020-01-20,7.0,85,weekly,1,2020,United_Kingdom,pandemic_npi,73.54910558721471,-0.8652835951437025,0.8652835951437025
2,2020,2020-01-20_2020-01-27,11.450894412785292,2,2020,2020-01-20,2020-01-27,7.0,98,weekly,2,2020,United_Kingdom,pandemic_npi,86.54910558721471,-0.8831541386450481,0.8831541386450481
3,2020,2020-01-27_2020-02-03,11.450894412785292,3,2020,2020-01-27,2020-02-03,7.0,86,weekly,3,2020,United_Kingdom,pandemic_npi,74.54910558721471,-0.866850064967613,0.866850064967613
4,2020,2020-02-03_2020-02-10,11.127340625387133,4,2020,2020-02-03,2020-02-10,7.0,90,weekly,4,2020,United_Kingdom,pandemic_npi,78.87265937461287,-0.876362881940143,0.876362881940143
5,2020,2020-02-10_2020-02-17,10.997919110427869,5,2020,2020-02-10,2020-02-17,7.0,121,weekly,5,2020,United_Kingdom,pandemic_npi,110.00208088957213,-0.9091081065253895,0.9091081065253895
6,2020,2020-02-17_2020-02-24,10.997919110427869,6,2020,2020-02-17,2020-02-24,7.0,103,weekly,6,2020,United_Kingdom,pandemic_npi,92.00208088957213,-0.8932240863065255,0.8932240863065255
7,2020,2020-02-24_2020-03-02,10.997919110427869,7,2020,2020-02-24,2020-03-02,7.0,86,weekly,7,2020,United_Kingdom,pandemic_npi,75.00208088957213,-0.8721172196461875,0.8721172196461875
8,2020,2020-03-02_2020-03-09,11.274701227509567,8,2020,2020-03-02,2020-03-09,7.0,91,weekly,8,2020,United_Kingdom,pandemic_npi,79.72529877249043,-0.8761021843130817,0.8761021843130817
9,2020,2020-03-09_2020-03-16,11.643744050285157,9,2020,2020-03-09,2020-03-16,7.0,84,weekly,9,2020,United_Kingdom,pandemic_npi,72.35625594971484,-0.8613839994013671,0.8613839994013671
10,2020,2020-03-16_2020-03-23,11.643744050285157,10,2020,2020-03-16,2020-03-23,7.0,57,weekly,10,2020,United_Kingdom,pandemic_npi,45.35625594971484,-0.7957237885914885,0.7957237885914885
11,2020,2020-03-23_2020-03-30,11.643744050285157,11,2020,2020-03-23,2020-03-30,7.0,31,weekly,11,2020,United_Kingdom,pandemic_npi,19.356255949714843,-0.6243953532166079,0.6243953532166079
12,2020,2020-03-30_2020-04-06,11.850625070658438,12,2020,2020-03-30,2020-04-06,7.0,38,weekly,12,2020,United_Kingdom,pandemic_npi,26.149374929341562,-0.6881414455089885,0.6881414455089885
13,2020,2020-04-06_2020-04-13,13.091911192898147,13,2020,2020-04-06,2020-04-13,7.0,26,weekly,13,2020,United_Kingdom,pandemic_npi,12.908088807101853,-0.496464954119302,0.496464954119302
14,2020,2020-04-13_2020-04-20,13.091911192898147,14,2020,2020-04-13,2020-04-20,7.0,21,weekly,14,2020,United_Kingdom,pandemic_npi,7.908088807101853,-0.3765756574810406,0.3765756574810406
15,2020,2020-04-20_2020-04-27,13.091911192898147,15,2020,2020-04-20,2020-04-27,7.0,19,weekly,15,2020,United_Kingdom,pandemic_npi,5.908088807101853,-0.3109520424790449,0.3109520424790449
16,2020,2020-04-27_2020-05-04,13.091911192898147,16,2020,2020-04-27,2020-05-04,7.0,32,weekly,16,2020,United_Kingdom,pandemic_npi,18.908088807101855,-0.590877775221933,0.590877775221933
17,2020,2020-05-04_2020-05-11,14.562620285756767,17,2020,2020-05-04,2020-05-11,7.0,7,weekly,17,2020,United_Kingdom,pandemic_npi,7.562620285756767,1.080374326536681,1.080374326536681
18,2020,2020-05-11_2020-05-18,14.807738467899869,18,2020,2020-05-11,2020-05-18,7.0,10,weekly,18,2020,United_Kingdom,pandemic_npi,4.807738467899869,0.48077384678998686,0.48077384678998686
19,2020,2020-05-18_2020-05-25,14.807738467899869,19,2020,2020-05-18,2020-05-25,7.0,19,weekly,19,2020,United_Kingdom,pandemic_npi,4.192261532100131,-0.22064534379474376,0.22064534379474376
20,2020,2020-05-25_2020-06-01,14.807738467899869,20,2020,2020-05-25,2020-06-01,7.0,9,weekly,20,2020,United_Kingdom,pandemic_npi,5.807738467899869,0.6453042742110965,0.6453042742110965
21,2020,2020-06-01_2020-06-08,15.488290766098563,21,2020,2020-06-01,2020-06-08,7.0,12,weekly,21,2020,United_Kingdom,pandemic_npi,3.4882907660985634,0.2906908971748803,0.2906908971748803
22,2020,2020-06-08_2020-06-15,15.998704989747575,22,2020,2020-06-08,2020-06-15,7.0,4,weekly,22,2020,United_Kingdom,pandemic_npi,11.998704989747575,2.9996762474368937,2.9996762474368937
23,2020,2020-06-15_2020-06-22,15.998704989747575,23,2020,2020-06-15,2020-06-22,7.0,8,weekly,23,2020,United_Kingdom,pandemic_npi,7.998704989747575,0.9998381237184468,0.9998381237184468
24,2020,2020-06-22_2020-06-29,15.998704989747575,24,2020,2020-06-22,2020-06-29,7.0,2,weekly,24,2020,United_Kingdom,pandemic_npi,13.998704989747575,6.999352494873787,6.999352494873787
25,2020,2020-06-29_2020-07-06,15.964572123871996,25,2020,2020-06-29,2020-07-06,7.0,4,weekly,25,2020,United_Kingdom,pandemic_npi,11.964572123871996,2.991143030967999,2.991143030967999
26,2020,2020-07-06_2020-07-13,15.879239959183034,26,2020,2020-07-06,2020-07-13,7.0,5,weekly,26,2020,United_Kingdom,pandemic_npi,10.879239959183034,2.1758479918366067,2.1758479918366067
27,2020,2020-07-13_2020-07-20,15.879239959183034,27,2020,2020-07-13,2020-07-20,7.0,5,weekly,27,2020,United_Kingdom,pandemic_npi,10.879239959183034,2.1758479918366067,2.1758479918366067
28,2020,2020-07-20_2020-07-27,15.879239959183034,28,2020,2020-07-20,2020-07-27,7.0,5,weekly,28,2020,United_Kingdom,pandemic_npi,10.879239959183034,2.1758479918366067,2.1758479918366067
29,2020,2020-07-27_2020-08-03,15.879239959183034,29,2020,2020-07-27,2020-08-03,7.0,0,weekly,29,2020,United_Kingdom,pandemic_npi,15.879239959183034,,
30,2020,2020-08-03_2020-08-10,14.213789154290723,30,2020,2020-08-03,2020-08-10,7.0,3,weekly,30,2020,United_Kingdom,pandemic_npi,11.213789154290723,3.7379297180969075,3.7379297180969075
31,2020,2020-08-10_2020-08-17,14.213789154290723,31,2020,2020-08-10,2020-08-17,7.0,4,weekly,31,2020,United_Kingdom,pandemic_npi,10.213789154290723,2.5534472885726807,2.5534472885726807
32,2020,2020-08-17_2020-08-24,14.213789154290723,32,2020,2020-08-17,2020-08-24,7.0,0,weekly,32,2020,United_Kingdom,pandemic_npi,14.213789154290723,,
33,2020,2020-08-24_2020-08-31,14.213789154290723,33,2020,2020-08-24,2020-08-31,7.0,5,weekly,33,2020,United_Kingdom,pandemic_npi,9.213789154290723,1.8427578308581445,1.8427578308581445
34,2020,2020-08-31_2020-09-07,12.32885297177469,34,2020,2020-08-31,2020-09-07,7.0,1,weekly,34,2020,United_Kingdom,pandemic_npi,11.32885297177469,11.32885297177469,11.32885297177469
35,2020,2020-09-07_2020-09-14,11.574878498768278,35,2020,2020-09-07,2020-09-14,7.0,0,weekly,35,2020,United_Kingdom,pandemic_npi,11.574878498768278,,
36,2020,2020-09-14_2020-09-21,11.574878498768278,36,2020,2020-09-14,2020-09-21,7.0,7,weekly,36,2020,United_Kingdom,pandemic_npi,4.574878498768278,0.6535540712526112,0.6535540712526112
37,2020,2020-09-21_2020-09-28,11.574878498768278,37,2020,2020-09-21,2020-09-28,7.0,3,weekly,37,2020,United_Kingdom,pandemic_npi,8.574878498768278,2.8582928329227593,2.8582928329227593
38,2020,2020-09-28_2020-10-05,10.435850038062759,38,2020,2020-09-28,2020-10-05,7.0,2,weekly,38,2020,United_Kingdom,pandemic_npi,8.435850038062759,4.217925019031379,4.217925019031379
39,2020,2020-10-05_2020-10-12,8.917145423788739,39,2020,2020-10-05,2020-10-12,7.0,6,weekly,39,2020,United_Kingdom,pandemic_npi,2.917145423788739,0.4861909039647898,0.4861909039647898
40,2020,2020-10-12_2020-10-19,8.917145423788739,40,2020,2020-10-12,2020-10-19,7.0,3,weekly,40,2020,United_Kingdom,pandemic_npi,5.917145423788739,1.9723818079295796,1.9723818079295796
41,2020,2020-10-19_2020-10-26,8.917145423788739,41,2020,2020-10-19,2020-10-26,7.0,3,weekly,41,2020,United_Kingdom,pandemic_npi,5.917145423788739,1.9723818079295796,1.9723818079295796
42,2020,2020-10-26_2020-11-02,8.63151400345075,42,2020,2020-10-26,2020-11-02,7.0,4,weekly,42,2020,United_Kingdom,pandemic_npi,4.63151400345075,1.1578785008626875,1.1578785008626875
43,2020,2020-11-02_2020-11-09,6.917725481422822,43,2020,2020-11-02,2020-11-09,7.0,8,weekly,43,2020,United_Kingdom,pandemic_npi,1.0822745185771776,-0.1352843148221472,0.1352843148221472
44,2020,2020-11-09_2020-11-16,6.917725481422822,44,2020,2020-11-09,2020-11-16,7.0,2,weekly,44,2020,United_Kingdom,pandemic_npi,4.917725481422822,2.458862740711411,2.458862740711411
45,2020,2020-11-16_2020-11-23,6.917725481422822,45,2020,2020-11-16,2020-11-23,7.0,1,weekly,45,2020,United_Kingdom,pandemic_npi,5.917725481422822,5.917725481422822,5.917725481422822
46,2020,2020-11-23_2020-11-30,6.917725481422822,46,2020,2020-11-23,2020-11-30,7.0,5,weekly,46,2020,United_Kingdom,pandemic_npi,1.9177254814228224,0.38354509628456446,0.38354509628456446
47,2020,2020-11-30_2020-12-07,5.925428382163514,47,2020,2020-11-30,2020-12-07,7.0,1,weekly,47,2020,United_Kingdom,pandemic_npi,4.925428382163514,4.925428382163514,4.925428382163514
48,2020,2020-12-07_2020-12-14,5.760045532286963,48,2020,2020-12-07,2020-12-14,7.0,6,weekly,48,2020,United_Kingdom,pandemic_npi,0.2399544677130372,-0.0399924112855062,0.0399924112855062
49,2020,2020-12-14_2020-12-21,5.760045532286963,49,2020,2020-12-14,2020-12-21,7.0,12,weekly,49,2020,United_Kingdom,pandemic_npi,6.239954467713037,-0.5199962056427531,0.5199962056427531
50,2020,2020-12-21_2020-12-28,5.760045532286963,50,2020,2020-12-21,2020-12-28,7.0,1,weekly,50,2020,United_Kingdom,pandemic_npi,4.760045532286963,4.760045532286963,4.760045532286963
51,2020,2020-12-28_2021-01-04,5.542170030089588,51,2020,2020-12-28,2021-01-04,7.0,3,weekly,51,2020,United_Kingdom,pandemic_npi,2.542170030089588,0.8473900100298627,0.8473900100298627
52,2021,2021-01-04_2021-01-11,5.378763403441556,52,2021,2021-01-04,2021-01-11,7.0,3,weekly,52,2021,United_Kingdom,pandemic_npi,2.378763403441556,0.7929211344805186,0.7929211344805186
53,2021,2021-01-11_2021-01-18,5.378763403441556,53,2021,2021-01-11,2021-01-18,7.0,2,weekly,53,2021,United_Kingdom,pandemic_npi,3.378763403441556,1.689381701720778,1.689381701720778
54,2021,2021-01-18_2021-01-25,5.378763403441556,54,2021,2021-01-18,2021-01-25,7.0,1,weekly,54,2021,United_Kingdom,pandemic_npi,4.378763403441556,4.378763403441556,4.378763403441556
55,2021,2021-01-25_2021-02-01,5.472199112539709,55,2021,2021-01-25,2021-02-01,7.0,5,weekly,55,2021,United_Kingdom,pandemic_npi,0.4721991125397089,0.09443982250794178,0.09443982250794178
56,2021,2021-02-01_2021-02-08,5.705788385285094,56,2021,2021-02-01,2021-02-08,7.0,1,weekly,56,2021,United_Kingdom,pandemic_npi,4.705788385285094,4.705788385285094,4.705788385285094
57,2021,2021-02-08_2021-02-15,5.705788385285094,57,2021,2021-02-08,2021-02-15,7.0,2,weekly,57,2021,United_Kingdom,pandemic_npi,3.7057883852850937,1.8528941926425468,1.8528941926425468
58,2021,2021-02-15_2021-02-22,5.705788385285094,58,2021,2021-02-15,2021-02-22,7.0,6,weekly,58,2021,United_Kingdom,pandemic_npi,0.2942116147149063,-0.04903526911915105,0.04903526911915105
59,2021,2021-02-22_2021-03-01,5.705788385285094,59,2021,2021-02-22,2021-03-01,7.0,2,weekly,59,2021,United_Kingdom,pandemic_npi,3.7057883852850937,1.8528941926425468,1.8528941926425468
60,2021,2021-03-01_2021-03-08,6.742917194672443,60,2021,2021-03-01,2021-03-08,7.0,3,weekly,60,2021,United_Kingdom,pandemic_npi,3.742917194672443,1.2476390648908142,1.2476390648908142
61,2021,2021-03-08_2021-03-15,6.742917194672443,61,2021,2021-03-08,2021-03-15,7.0,4,weekly,61,2021,United_Kingdom,pandemic_npi,2.742917194672443,0.6857292986681107,0.6857292986681107
62,2021,2021-03-15_2021-03-22,6.742917194672443,62,2021,2021-03-15,2021-03-22,7.0,7,weekly,62,2021,United_Kingdom,pandemic_npi,0.2570828053275571,-0.03672611504679387,0.03672611504679387
63,2021,2021-03-22_2021-03-29,6.742917194672443,63,2021,2021-03-22,2021-03-29,7.0,9,weekly,63,2021,United_Kingdom,pandemic_npi,2.257082805327557,-0.2507869783697286,0.2507869783697286
64,2021,2021-03-29_2021-04-05,8.004304726244982,64,2021,2021-03-29,2021-04-05,7.0,5,weekly,64,2021,United_Kingdom,pandemic_npi,3.004304726244982,0.6008609452489964,0.6008609452489964
65,2021,2021-04-05_2021-04-12,8.508859738873994,65,2021,2021-04-05,2021-04-12,7.0,12,weekly,65,2021,United_Kingdom,pandemic_npi,3.491140261126006,-0.2909283550938338,0.2909283550938338
66,2021,2021-04-12_2021-04-19,8.508859738873994,66,2021,2021-04-12,2021-04-19,7.0,8,weekly,66,2021,United_Kingdom,pandemic_npi,0.5088597388739942,0.06360746735924927,0.06360746735924927
67,2021,2021-04-19_2021-04-26,8.508859738873994,67,2021,2021-04-19,2021-04-26,7.0,8,weekly,67,2021,United_Kingdom,pandemic_npi,0.5088597388739942,0.06360746735924927,0.06360746735924927
68,2021,2021-04-26_2021-05-03,9.513683739970206,68,2021,2021-04-26,2021-05-03,7.0,11,weekly,68,2021,United_Kingdom,pandemic_npi,1.4863162600297937,-0.1351196600027085,0.1351196600027085
69,2021,2021-05-03_2021-05-10,10.853449074765152,69,2021,2021-05-03,2021-05-10,7.0,10,weekly,69,2021,United_Kingdom,pandemic_npi,0.8534490747651517,0.08534490747651517,0.08534490747651517
70,2021,2021-05-10_2021-05-17,10.853449074765152,70,2021,2021-05-10,2021-05-17,7.0,10,weekly,70,2021,United_Kingdom,pandemic_npi,0.8534490747651517,0.08534490747651517,0.08534490747651517
71,2021,2021-05-17_2021-05-24,10.853449074765152,71,2021,2021-05-17,2021-05-24,7.0,16,weekly,71,2021,United_Kingdom,pandemic_npi,5.146550925234848,-0.321659432827178,0.321659432827178
72,2021,2021-05-24_2021-05-31,11.194228791176252,72,2021,2021-05-24,2021-05-31,7.0,14,weekly,72,2021,United_Kingdom,pandemic_npi,2.8057712088237476,-0.20041222920169627,0.20041222920169627
73,2021,2021-05-31_2021-06-07,13.238907089642867,73,2021,2021-05-31,2021-06-07,7.0,13,weekly,73,2021,United_Kingdom,pandemic_npi,0.23890708964286667,0.018377468434066666,0.018377468434066666
74,2021,2021-06-07_2021-06-14,13.238907089642867,74,2021,2021-06-07,2021-06-14,7.0,19,weekly,74,2021,United_Kingdom,pandemic_npi,5.761092910357133,-0.303215416334586,0.303215416334586
75,2021,2021-06-14_2021-06-21,13.238907089642867,75,2021,2021-06-14,2021-06-21,7.0,21,weekly,75,2021,United_Kingdom,pandemic_npi,7.761092910357133,-0.3695758528741492,0.3695758528741492
76,2021,2021-06-21_2021-06-28,13.238907089642867,76,2021,2021-06-21,2021-06-28,7.0,25,weekly,76,2021,United_Kingdom,pandemic_npi,11.761092910357133,-0.47044371641428534,0.47044371641428534
77,2021,2021-06-28_2021-07-05,14.560269062539327,77,2021,2021-06-28,2021-07-05,7.0,14,weekly,77,2021,United_Kingdom,pandemic_npi,0.5602690625393265,0.04001921875280904,0.04001921875280904
78,2021,2021-07-05_2021-07-12,14.780496058022067,78,2021,2021-07-05,2021-07-12,7.0,12,weekly,78,2021,United_Kingdom,pandemic_npi,2.7804960580220666,0.2317080048351722,0.2317080048351722
79,2021,2021-07-12_2021-07-19,14.780496058022067,79,2021,2021-07-12,2021-07-19,7.0,10,weekly,79,2021,United_Kingdom,pandemic_npi,4.780496058022067,0.4780496058022067,0.4780496058022067
80,2021,2021-07-19_2021-07-26,14.780496058022067,80,2021,2021-07-19,2021-07-26,7.0,5,weekly,80,2021,United_Kingdom,pandemic_npi,9.780496058022067,1.9560992116044134,1.9560992116044134
81,2021,2021-07-26_2021-08-02,14.764375298887629,81,2021,2021-07-26,2021-08-02,7.0,6,weekly,81,2021,United_Kingdom,pandemic_npi,8.764375298887629,1.4607292164812715,1.4607292164812715
82,2021,2021-08-02_2021-08-09,14.752284729536798,82,2021,2021-08-02,2021-08-09,7.0,4,weekly,82,2021,United_Kingdom,pandemic_npi,10.752284729536798,2.6880711823841996,2.6880711823841996
83,2021,2021-08-09_2021-08-16,14.752284729536798,83,2021,2021-08-09,2021-08-16,7.0,5,weekly,83,2021,United_Kingdom,pandemic_npi,9.752284729536798,1.9504569459073597,1.9504569459073597
84,2021,2021-08-16_2021-08-23,14.752284729536798,84,2021,2021-08-16,2021-08-23,7.0,5,weekly,84,2021,United_Kingdom,pandemic_npi,9.752284729536798,1.9504569459073597,1.9504569459073597
85,2021,2021-08-23_2021-08-30,14.313851231395777,85,2021,2021-08-23,2021-08-30,7.0,4,weekly,85,2021,United_Kingdom,pandemic_npi,10.313851231395777,2.578462807848944,2.578462807848944
86,2021,2021-08-30_2021-09-06,13.21776748604321,86,2021,2021-08-30,2021-09-06,7.0,3,weekly,86,2021,United_Kingdom,pandemic_npi,10.21776748604321,3.4059224953477365,3.4059224953477365
87,2021,2021-09-06_2021-09-13,13.21776748604321,87,2021,2021-09-06,2021-09-13,7.0,7,weekly,87,2021,United_Kingdom,pandemic_npi,6.2177674860432095,0.8882524980061728,0.8882524980061728
88,2021,2021-09-13_2021-09-20,13.21776748604321,88,2021,2021-09-13,2021-09-20,7.0,6,weekly,88,2021,United_Kingdom,pandemic_npi,7.2177674860432095,1.2029612476738683,1.2029612476738683
89,2021,2021-09-20_2021-09-27,13.21776748604321,89,2021,2021-09-20,2021-09-27,7.0,6,weekly,89,2021,United_Kingdom,pandemic_npi,7.2177674860432095,1.2029612476738683,1.2029612476738683
90,2021,2021-09-27_2021-10-04,11.010694206348088,90,2021,2021-09-27,2021-10-04,7.0,12,weekly,90,2021,United_Kingdom,pandemic_npi,0.9893057936519121,-0.08244214947099267,0.08244214947099267
91,2021,2021-10-04_2021-10-11,11.010694206348088,91,2021,2021-10-04,2021-10-11,7.0,10,weekly,91,2021,United_Kingdom,pandemic_npi,1.010694206348088,0.1010694206348088,0.1010694206348088
92,2021,2021-10-11_2021-10-18,11.010694206348088,92,2021,2021-10-11,2021-10-18,7.0,14,weekly,92,2021,United_Kingdom,pandemic_npi,2.989305793651912,-0.213521842403708,0.213521842403708
93,2021,2021-10-18_2021-10-25,11.010694206348088,93,2021,2021-10-18,2021-10-25,7.0,11,weekly,93,2021,United_Kingdom,pandemic_npi,0.010694206348087931,0.0009722005770989028,0.0009722005770989028
94,2021,2021-10-25_2021-11-01,9.620952360273957,94,2021,2021-10-25,2021-11-01,7.0,19,weekly,94,2021,United_Kingdom,pandemic_npi,9.379047639726043,-0.4936340863013707,0.4936340863013707
95,2021,2021-11-01_2021-11-08,9.065055621844301,95,2021,2021-11-01,2021-11-08,7.0,13,weekly,95,2021,United_Kingdom,pandemic_npi,3.9349443781556985,-0.3026880290888999,0.3026880290888999
96,2021,2021-11-08_2021-11-15,9.065055621844301,96,2021,2021-11-08,2021-11-15,7.0,13,weekly,96,2021,United_Kingdom,pandemic_npi,3.9349443781556985,-0.3026880290888999,0.3026880290888999
97,2021,2021-11-15_2021-11-22,9.065055621844301,97,2021,2021-11-15,2021-11-22,7.0,14,weekly,97,2021,United_Kingdom,pandemic_npi,4.9349443781556985,-0.3524960270111213,0.3524960270111213
98,2021,2021-11-22_2021-11-29,8.57008374369734,98,2021,2021-11-22,2021-11-29,7.0,24,weekly,98,2021,United_Kingdom,pandemic_npi,15.42991625630266,-0.6429131773459441,0.6429131773459441
99,2021,2021-11-29_2021-12-06,7.910121239501395,99,2021,2021-11-29,2021-12-06,7.0,17,weekly,99,2021,United_Kingdom,pandemic_npi,9.089878760498605,-0.534698750617565,0.534698750617565
100,2021,2021-12-06_2021-12-13,7.910121239501395,100,2021,2021-12-06,2021-12-13,7.0,12,weekly,100,2021,United_Kingdom,pandemic_npi,4.089878760498605,-0.3408232300415504,0.3408232300415504
101,2021,2021-12-13_2021-12-20,7.910121239501395,101,2021,2021-12-13,2021-12-20,7.0,17,weekly,101,2021,United_Kingdom,pandemic_npi,9.089878760498605,-0.534698750617565,0.534698750617565
102,2021,2021-12-20_2021-12-27,7.881145429077401,102,2021,2021-12-20,2021-12-27,7.0,13,weekly,102,2021,United_Kingdom,pandemic_npi,5.118854570922599,-0.393758043917123,0.393758043917123
103,2021,2021-12-27_2022-01-03,7.707290566533431,103,2021,2021-12-27,2022-01-03,7.0,9,weekly,103,2021,United_Kingdom,pandemic_npi,1.2927094334665687,-0.1436343814962854,0.1436343814962854
104,2022,2022-01-03_2022-01-10,7.707290566533431,104,2022,2022-01-03,2022-01-10,7.0,10,weekly,104,2022,United_Kingdom,post_pandemic,2.2927094334665687,-0.22927094334665687,0.22927094334665687
105,2022,2022-01-10_2022-01-17,7.707290566533431,105,2022,2022-01-10,2022-01-17,7.0,8,weekly,105,2022,United_Kingdom,post_pandemic,0.29270943346656875,-0.03658867918332109,0.03658867918332109
106,2022,2022-01-17_2022-01-24,7.707290566533431,106,2022,2022-01-17,2022-01-24,7.0,7,weekly,106,2022,United_Kingdom,post_pandemic,0.7072905665334313,0.10104150950477589,0.10104150950477589
107,2022,2022-01-24_2022-01-31,8.415976250924084,107,2022,2022-01-24,2022-01-31,7.0,9,weekly,107,2022,United_Kingdom,post_pandemic,0.5840237490759161,-0.0648915276751018,0.0648915276751018
108,2022,2022-01-31_2022-02-07,8.534090531655858,108,2022,2022-01-31,2022-02-07,7.0,18,weekly,108,2022,United_Kingdom,post_pandemic,9.465909468344142,-0.5258838593524523,0.5258838593524523
109,2022,2022-02-07_2022-02-14,8.534090531655858,109,2022,2022-02-07,2022-02-14,7.0,5,weekly,109,2022,United_Kingdom,post_pandemic,3.534090531655858,0.7068181063311716,0.7068181063311716
110,2022,2022-02-14_2022-02-21,8.534090531655858,110,2022,2022-02-14,2022-02-21,7.0,15,weekly,110,2022,United_Kingdom,post_pandemic,6.465909468344142,-0.4310606312229428,0.4310606312229428
111,2022,2022-02-21_2022-02-28,9.700956486334956,111,2022,2022-02-21,2022-02-28,7.0,9,weekly,111,2022,United_Kingdom,post_pandemic,0.700956486334956,0.07788405403721733,0.07788405403721733
112,2022,2022-02-28_2022-03-07,10.576105952344278,112,2022,2022-02-28,2022-03-07,7.0,7,weekly,112,2022,United_Kingdom,post_pandemic,3.576105952344278,0.5108722789063255,0.5108722789063255
113,2022,2022-03-07_2022-03-14,10.576105952344278,113,2022,2022-03-07,2022-03-14,7.0,15,weekly,113,2022,United_Kingdom,post_pandemic,4.423894047655722,-0.2949262698437148,0.2949262698437148
114,2022,2022-03-14_2022-03-21,10.576105952344278,114,2022,2022-03-14,2022-03-21,7.0,9,weekly,114,2022,United_Kingdom,post_pandemic,1.5761059523442782,0.17512288359380868,0.17512288359380868
115,2022,2022-03-21_2022-03-28,11.575287441226621,115,2022,2022-03-21,2022-03-28,7.0,7,weekly,115,2022,United_Kingdom,post_pandemic,4.575287441226621,0.653612491603803,0.653612491603803
116,2022,2022-03-28_2022-04-04,14.073241163432483,116,2022,2022-03-28,2022-04-04,7.0,9,weekly,116,2022,United_Kingdom,post_pandemic,5.073241163432483,0.5636934626036092,0.5636934626036092
117,2022,2022-04-04_2022-04-11,14.073241163432483,117,2022,2022-04-04,2022-04-11,7.0,8,weekly,117,2022,United_Kingdom,post_pandemic,6.073241163432483,0.7591551454290604,0.7591551454290604
118,2022,2022-04-11_2022-04-18,14.073241163432483,118,2022,2022-04-11,2022-04-18,7.0,3,weekly,118,2022,United_Kingdom,post_pandemic,11.073241163432483,3.691080387810828,3.691080387810828
119,2022,2022-04-18_2022-04-25,14.073241163432483,119,2022,2022-04-18,2022-04-25,7.0,4,weekly,119,2022,United_Kingdom,post_pandemic,10.073241163432483,2.5183102908581207,2.5183102908581207
120,2022,2022-04-25_2022-05-02,19.00222914295663,120,2022,2022-04-25,2022-05-02,7.0,5,weekly,120,2022,United_Kingdom,post_pandemic,14.00222914295663,2.800445828591326,2.800445828591326
121,2022,2022-05-02_2022-05-09,19.00222914295663,121,2022,2022-05-02,2022-05-09,7.0,13,weekly,121,2022,United_Kingdom,post_pandemic,6.0022291429566295,0.4617099340735869,0.4617099340735869
122,2022,2022-05-09_2022-05-16,19.00222914295663,122,2022,2022-05-09,2022-05-16,7.0,4,weekly,122,2022,United_Kingdom,post_pandemic,15.00222914295663,3.7505572857391574,3.7505572857391574
123,2022,2022-05-16_2022-05-23,19.00222914295663,123,2022,2022-05-16,2022-05-23,7.0,12,weekly,123,2022,United_Kingdom,post_pandemic,7.0022291429566295,0.5835190952463858,0.5835190952463858
124,2022,2022-05-23_2022-05-30,22.995660327162515,124,2022,2022-05-23,2022-05-30,7.0,7,weekly,124,2022,United_Kingdom,post_pandemic,15.995660327162515,2.285094332451788,2.285094332451788
125,2022,2022-05-30_2022-06-06,24.593032800844867,125,2022,2022-05-30,2022-06-06,7.0,5,weekly,125,2022,United_Kingdom,post_pandemic,19.593032800844867,3.9186065601689735,3.9186065601689735
126,2022,2022-06-06_2022-06-13,24.593032800844867,126,2022,2022-06-06,2022-06-13,7.0,0,weekly,126,2022,United_Kingdom,post_pandemic,24.593032800844867,,
127,2022,2022-06-13_2022-06-20,24.593032800844867,127,2022,2022-06-13,2022-06-20,7.0,0,weekly,127,2022,United_Kingdom,post_pandemic,24.593032800844867,,
128,2022,2022-06-20_2022-06-27,26.536294430569527,128,2022,2022-06-20,2022-06-27,7.0,0,weekly,128,2022,United_Kingdom,post_pandemic,26.536294430569527,,
129,2022,2022-06-27_2022-07-04,29.12730993686907,129,2022,2022-06-27,2022-07-04,7.0,0,weekly,129,2022,United_Kingdom,post_pandemic,29.12730993686907,,
130,2022,2022-07-04_2022-07-11,29.12730993686907,130,2022,2022-07-04,2022-07-11,7.0,1,weekly,130,2022,United_Kingdom,post_pandemic,28.12730993686907,28.12730993686907,28.12730993686907
131,2022,2022-07-11_2022-07-18,29.12730993686907,131,2022,2022-07-11,2022-07-18,7.0,0,weekly,131,2022,United_Kingdom,post_pandemic,29.12730993686907,,
132,2022,2022-07-18_2022-07-25,29.358466564252787,132,2022,2022-07-18,2022-07-25,7.0,0,weekly,132,2022,United_Kingdom,post_pandemic,29.358466564252787,,
133,2022,2022-07-25_2022-08-01,30.745406328555067,133,2022,2022-07-25,2022-08-01,7.0,0,weekly,133,2022,United_Kingdom,post_pandemic,30.745406328555067,,
134,2022,2022-08-01_2022-08-08,30.745406328555067,134,2022,2022-08-01,2022-08-08,7.0,1,weekly,134,2022,United_Kingdom,post_pandemic,29.745406328555067,29.745406328555067,29.745406328555067
135,2022,2022-08-08_2022-08-15,30.745406328555067,135,2022,2022-08-08,2022-08-15,7.0,0,weekly,135,2022,United_Kingdom,post_pandemic,30.745406328555067,,
136,2022,2022-08-15_2022-08-22,30.745406328555067,136,2022,2022-08-15,2022-08-22,7.0,0,weekly,136,2022,United_Kingdom,post_pandemic,30.745406328555067,,
137,2022,2022-08-22_2022-08-29,29.170909232364544,137,2022,2022-08-22,2022-08-29,7.0,0,weekly,137,2022,United_Kingdom,post_pandemic,29.170909232364544,,
138,2022,2022-08-29_2022-09-05,28.908493049666117,138,2022,2022-08-29,2022-09-05,7.0,4,weekly,138,2022,United_Kingdom,post_pandemic,24.908493049666117,6.227123262416529,6.227123262416529
139,2022,2022-09-05_2022-09-12,28.908493049666117,139,2022,2022-09-05,2022-09-12,7.0,4,weekly,139,2022,United_Kingdom,post_pandemic,24.908493049666117,6.227123262416529,6.227123262416529
140,2022,2022-09-12_2022-09-19,28.908493049666117,140,2022,2022-09-12,2022-09-19,7.0,5,weekly,140,2022,United_Kingdom,post_pandemic,23.908493049666117,4.7816986099332235,4.7816986099332235
141,2022,2022-09-19_2022-09-26,26.65720470543907,141,2022,2022-09-19,2022-09-26,7.0,9,weekly,141,2022,United_Kingdom,post_pandemic,17.65720470543907,1.9619116339376745,1.9619116339376745
142,2022,2022-09-26_2022-10-03,24.968738447268777,142,2022,2022-09-26,2022-10-03,7.0,9,weekly,142,2022,United_Kingdom,post_pandemic,15.968738447268777,1.774304271918753,1.774304271918753
143,2022,2022-10-03_2022-10-10,24.968738447268777,143,2022,2022-10-03,2022-10-10,7.0,6,weekly,143,2022,United_Kingdom,post_pandemic,18.968738447268777,3.1614564078781293,3.1614564078781293
144,2022,2022-10-10_2022-10-17,24.968738447268777,144,2022,2022-10-10,2022-10-17,7.0,18,weekly,144,2022,United_Kingdom,post_pandemic,6.968738447268777,0.3871521359593765,0.3871521359593765
145,2022,2022-10-17_2022-10-24,23.843380376118656,145,2022,2022-10-17,2022-10-24,7.0,8,weekly,145,2022,United_Kingdom,post_pandemic,15.843380376118656,1.980422547014832,1.980422547014832
146,2022,2022-10-24_2022-10-31,21.029985198243363,146,2022,2022-10-24,2022-10-31,7.0,20,weekly,146,2022,United_Kingdom,post_pandemic,1.029985198243363,0.05149925991216815,0.05149925991216815
147,2022,2022-10-31_2022-11-07,21.029985198243363,147,2022,2022-10-31,2022-11-07,7.0,17,weekly,147,2022,United_Kingdom,post_pandemic,4.029985198243363,0.2370579528378449,0.2370579528378449
148,2022,2022-11-07_2022-11-14,21.029985198243363,148,2022,2022-11-07,2022-11-14,7.0,18,weekly,148,2022,United_Kingdom,post_pandemic,3.029985198243363,0.16833251101352018,0.16833251101352018
149,2022,2022-11-14_2022-11-21,21.029985198243363,149,2022,2022-11-14,2022-11-21,7.0,20,weekly,149,2022,United_Kingdom,post_pandemic,1.029985198243363,0.05149925991216815,0.05149925991216815
150,2022,2022-11-21_2022-11-28,18.555853331705066,150,2022,2022-11-21,2022-11-28,7.0,15,weekly,150,2022,United_Kingdom,post_pandemic,3.555853331705066,0.23705688878033773,0.23705688878033773
151,2022,2022-11-28_2022-12-05,18.555853331705066,151,2022,2022-11-28,2022-12-05,7.0,23,weekly,151,2022,United_Kingdom,post_pandemic,4.444146668294934,-0.19322376818673626,0.19322376818673626
152,2022,2022-12-05_2022-12-12,18.555853331705066,152,2022,2022-12-05,2022-12-12,7.0,25,weekly,152,2022,United_Kingdom,post_pandemic,6.444146668294934,-0.25776586673179736,0.25776586673179736
153,2022,2022-12-12_2022-12-19,18.555853331705066,153,2022,2022-12-12,2022-12-19,7.0,28,weekly,153,2022,United_Kingdom,post_pandemic,9.444146668294934,-0.3372909524391048,0.3372909524391048
154,2022,2022-12-19_2022-12-26,18.276461400531414,154,2022,2022-12-19,2022-12-26,7.0,19,weekly,154,2022,United_Kingdom,post_pandemic,0.7235385994685863,-0.03808097891939928,0.03808097891939928
155,2022,2022-12-26_2023-01-02,18.16470462806195,155,2022,2022-12-26,2023-01-02,7.0,9,weekly,155,2022,United_Kingdom,post_pandemic,9.164704628061951,1.0183005142291057,1.0183005142291057
156,2023,2023-01-02_2023-01-09,18.16470462806195,156,2023,2023-01-02,2023-01-09,7.0,9,weekly,156,2023,United_Kingdom,post_pandemic,9.164704628061951,1.0183005142291057,1.0183005142291057
157,2023,2023-01-09_2023-01-16,18.16470462806195,157,2023,2023-01-09,2023-01-16,7.0,12,weekly,157,2023,United_Kingdom,post_pandemic,6.164704628061951,0.5137253856718292,0.5137253856718292
158,2023,2023-01-16_2023-01-23,19.04418986142018,158,2023,2023-01-16,2023-01-23,7.0,6,weekly,158,2023,United_Kingdom,post_pandemic,13.044189861420179,2.17403164357003,2.17403164357003
159,2023,2023-01-23_2023-01-30,20.21683683923116,159,2023,2023-01-23,2023-01-30,7.0,13,weekly,159,2023,United_Kingdom,post_pandemic,7.21683683923116,0.5551412953254738,0.5551412953254738
160,2023,2023-01-30_2023-02-06,20.21683683923116,160,2023,2023-01-30,2023-02-06,7.0,15,weekly,160,2023,United_Kingdom,post_pandemic,5.21683683923116,0.3477891226154107,0.3477891226154107
161,2023,2023-02-06_2023-02-13,20.21683683923116,161,2023,2023-02-06,2023-02-13,7.0,21,weekly,161,2023,United_Kingdom,post_pandemic,0.7831631607688401,-0.03729348384613524,0.03729348384613524
162,2023,2023-02-13_2023-02-20,20.940554705965223,162,2023,2023-02-13,2023-02-20,7.0,14,weekly,162,2023,United_Kingdom,post_pandemic,6.940554705965223,0.4957539075689445,0.4957539075689445
163,2023,2023-02-20_2023-02-27,25.282861906369625,163,2023,2023-02-20,2023-02-27,7.0,13,weekly,163,2023,United_Kingdom,post_pandemic,12.282861906369625,0.9448355312592019,0.9448355312592019
164,2023,2023-02-27_2023-03-06,25.282861906369625,164,2023,2023-02-27,2023-03-06,7.0,10,weekly,164,2023,United_Kingdom,post_pandemic,15.282861906369625,1.5282861906369625,1.5282861906369625
165,2023,2023-03-06_2023-03-13,25.282861906369625,165,2023,2023-03-06,2023-03-13,7.0,12,weekly,165,2023,United_Kingdom,post_pandemic,13.282861906369625,1.1069051588641354,1.1069051588641354
166,2023,2023-03-13_2023-03-20,25.282861906369625,166,2023,2023-03-13,2023-03-20,7.0,12,weekly,166,2023,United_Kingdom,post_pandemic,13.282861906369625,1.1069051588641354,1.1069051588641354
167,2023,2023-03-20_2023-03-27,32.90038548160091,167,2023,2023-03-20,2023-03-27,7.0,12,weekly,167,2023,United_Kingdom,post_pandemic,20.900385481600907,1.741698790133409,1.741698790133409
168,2023,2023-03-27_2023-04-03,34.169972744139464,168,2023,2023-03-27,2023-04-03,7.0,22,weekly,168,2023,United_Kingdom,post_pandemic,12.169972744139464,0.5531805792790666,0.5531805792790666
169,2023,2023-04-03_2023-04-10,34.169972744139464,169,2023,2023-04-03,2023-04-10,7.0,10,weekly,169,2023,United_Kingdom,post_pandemic,24.169972744139464,2.4169972744139465,2.4169972744139465
170,2023,2023-04-10_2023-04-17,34.169972744139464,170,2023,2023-04-10,2023-04-17,7.0,8,weekly,170,2023,United_Kingdom,post_pandemic,26.169972744139464,3.271246593017433,3.271246593017433
171,2023,2023-04-17_2023-04-24,41.671678094799816,171,2023,2023-04-17,2023-04-24,7.0,10,weekly,171,2023,United_Kingdom,post_pandemic,31.671678094799816,3.1671678094799818,3.1671678094799818
172,2023,2023-04-24_2023-05-01,47.29795710779509,172,2023,2023-04-24,2023-05-01,7.0,12,weekly,172,2023,United_Kingdom,post_pandemic,35.29795710779509,2.941496425649591,2.941496425649591
173,2023,2023-05-01_2023-05-08,47.29795710779509,173,2023,2023-05-01,2023-05-08,7.0,22,weekly,173,2023,United_Kingdom,post_pandemic,25.297957107795092,1.1499071412634132,1.1499071412634132
174,2023,2023-05-08_2023-05-15,47.29795710779509,174,2023,2023-05-08,2023-05-15,7.0,20,weekly,174,2023,United_Kingdom,post_pandemic,27.297957107795092,1.3648978553897546,1.3648978553897546
175,2023,2023-05-15_2023-05-22,51.89347914642037,175,2023,2023-05-15,2023-05-22,7.0,21,weekly,175,2023,United_Kingdom,post_pandemic,30.89347914642037,1.4711180545914462,1.4711180545914462
176,2023,2023-05-22_2023-05-29,63.38228424298359,176,2023,2023-05-22,2023-05-29,7.0,15,weekly,176,2023,United_Kingdom,post_pandemic,48.38228424298359,3.2254856161989056,3.2254856161989056
177,2023,2023-05-29_2023-06-05,63.38228424298359,177,2023,2023-05-29,2023-06-05,7.0,24,weekly,177,2023,United_Kingdom,post_pandemic,39.38228424298359,1.640928510124316,1.640928510124316
178,2023,2023-06-05_2023-06-12,63.38228424298359,178,2023,2023-06-05,2023-06-12,7.0,33,weekly,178,2023,United_Kingdom,post_pandemic,30.382284242983587,0.9206752800904118,0.9206752800904118
179,2023,2023-06-12_2023-06-19,63.38228424298359,179,2023,2023-06-12,2023-06-19,7.0,27,weekly,179,2023,United_Kingdom,post_pandemic,36.38228424298359,1.347492008999392,1.347492008999392
180,2023,2023-06-19_2023-06-26,78.389144798752,180,2023,2023-06-19,2023-06-26,7.0,26,weekly,180,2023,United_Kingdom,post_pandemic,52.389144798752,2.0149671076443076,2.0149671076443076
181,2023,2023-06-26_2023-07-03,78.389144798752,181,2023,2023-06-26,2023-07-03,7.0,22,weekly,181,2023,United_Kingdom,post_pandemic,56.389144798752,2.5631429453978183,2.5631429453978183
182,2023,2023-07-03_2023-07-10,78.389144798752,182,2023,2023-07-03,2023-07-10,7.0,19,weekly,182,2023,United_Kingdom,post_pandemic,59.389144798752,3.1257444630922104,3.1257444630922104
183,2023,2023-07-10_2023-07-17,78.389144798752,183,2023,2023-07-10,2023-07-17,7.0,32,weekly,183,2023,United_Kingdom,post_pandemic,46.389144798752,1.449660774961,1.449660774961
184,2023,2023-07-17_2023-07-24,84.37731349821316,184,2023,2023-07-17,2023-07-24,7.0,28,weekly,184,2023,United_Kingdom,post_pandemic,56.377313498213155,2.0134754820790413,2.0134754820790413
185,2023,2023-07-24_2023-07-31,86.77258097799762,185,2023,2023-07-24,2023-07-31,7.0,33,weekly,185,2023,United_Kingdom,post_pandemic,53.77258097799762,1.6294721508484127,1.6294721508484127
186,2023,2023-07-31_2023-08-07,86.77258097799762,186,2023,2023-07-31,2023-08-07,7.0,30,weekly,186,2023,United_Kingdom,post_pandemic,56.77258097799762,1.892419365933254,1.892419365933254
187,2023,2023-08-07_2023-08-14,86.77258097799762,187,2023,2023-08-07,2023-08-14,7.0,25,weekly,187,2023,United_Kingdom,post_pandemic,61.77258097799762,2.4709032391199046,2.4709032391199046
188,2023,2023-08-14_2023-08-21,86.19532092284531,188,2023,2023-08-14,2023-08-21,7.0,33,weekly,188,2023,United_Kingdom,post_pandemic,53.19532092284531,1.6119794219044035,1.6119794219044035
189,2023,2023-08-21_2023-08-28,85.42564084930893,189,2023,2023-08-21,2023-08-28,7.0,29,weekly,189,2023,United_Kingdom,post_pandemic,56.425640849308934,1.945711753424446,1.945711753424446
190,2023,2023-08-28_2023-09-04,85.42564084930893,190,2023,2023-08-28,2023-09-04,7.0,18,weekly,190,2023,United_Kingdom,post_pandemic,67.42564084930893,3.7458689360727186,3.7458689360727186
191,2023,2023-09-04_2023-09-11,85.42564084930893,191,2023,2023-09-04,2023-09-11,7.0,31,weekly,191,2023,United_Kingdom,post_pandemic,54.425640849308934,1.7556658338486753,1.7556658338486753
192,2023,2023-09-11_2023-09-18,84.1688508242473,192,2023,2023-09-11,2023-09-18,7.0,30,weekly,192,2023,United_Kingdom,post_pandemic,54.1688508242473,1.8056283608082433,1.8056283608082433
193,2023,2023-09-18_2023-09-25,76.6281106738775,193,2023,2023-09-18,2023-09-25,7.0,38,weekly,193,2023,United_Kingdom,post_pandemic,38.6281106738775,1.0165292282599343,1.0165292282599343
194,2023,2023-09-25_2023-10-02,76.6281106738775,194,2023,2023-09-25,2023-10-02,7.0,43,weekly,194,2023,United_Kingdom,post_pandemic,33.6281106738775,0.7820490854390116,0.7820490854390116
195,2023,2023-10-02_2023-10-09,76.6281106738775,195,2023,2023-10-02,2023-10-09,7.0,43,weekly,195,2023,United_Kingdom,post_pandemic,33.6281106738775,0.7820490854390116,0.7820490854390116
196,2023,2023-10-09_2023-10-16,76.6281106738775,196,2023,2023-10-09,2023-10-16,7.0,31,weekly,196,2023,United_Kingdom,post_pandemic,45.6281106738775,1.4718745378670162,1.4718745378670162
197,2023,2023-10-16_2023-10-23,67.65415716109794,197,2023,2023-10-16,2023-10-23,7.0,38,weekly,197,2023,United_Kingdom,post_pandemic,29.65415716109794,0.7803725568709985,0.7803725568709985
198,2023,2023-10-23_2023-10-30,66.15849824230136,198,2023,2023-10-23,2023-10-30,7.0,35,weekly,198,2023,United_Kingdom,post_pandemic,31.158498242301363,0.890242806922896,0.890242806922896
199,2023,2023-10-30_2023-11-06,66.15849824230136,199,2023,2023-10-30,2023-11-06,7.0,43,weekly,199,2023,United_Kingdom,post_pandemic,23.158498242301363,0.538569726565148,0.538569726565148
200,2023,2023-11-06_2023-11-13,66.15849824230136,200,2023,2023-11-06,2023-11-13,7.0,35,weekly,200,2023,United_Kingdom,post_pandemic,31.158498242301363,0.890242806922896,0.890242806922896
201,2023,2023-11-13_2023-11-20,62.11643564627308,201,2023,2023-11-13,2023-11-20,7.0,54,weekly,201,2023,United_Kingdom,post_pandemic,8.116435646273082,0.1503043638198719,0.1503043638198719
202,2023,2023-11-20_2023-11-27,59.08488869925189,202,2023,2023-11-20,2023-11-27,7.0,54,weekly,202,2023,United_Kingdom,post_pandemic,5.084888699251891,0.0941646055417017,0.0941646055417017
203,2023,2023-11-27_2023-12-04,59.08488869925189,203,2023,2023-11-27,2023-12-04,7.0,59,weekly,203,2023,United_Kingdom,post_pandemic,0.08488869925189135,0.0014387915127439211,0.0014387915127439211
204,2023,2023-12-04_2023-12-11,59.08488869925189,204,2023,2023-12-04,2023-12-11,7.0,88,weekly,204,2023,United_Kingdom,post_pandemic,28.91511130074811,-0.32858081023577396,0.32858081023577396
205,2023,2023-12-11_2023-12-18,58.836325158362364,205,2023,2023-12-11,2023-12-18,7.0,169,weekly,205,2023,United_Kingdom,post_pandemic,110.16367484163763,-0.6518560641517019,0.6518560641517019
206,2023,2023-12-18_2023-12-25,58.21491630613855,206,2023,2023-12-18,2023-12-25,7.0,160,weekly,206,2023,United_Kingdom,post_pandemic,101.78508369386145,-0.6361567730866341,0.6361567730866341
207,2023,2023-12-25_2024-01-01,58.21491630613855,207,2023,2023-12-25,2024-01-01,7.0,127,weekly,207,2023,United_Kingdom,post_pandemic,68.78508369386145,-0.5416148322351295,0.5416148322351295
208,2024,2024-01-01_2024-01-08,58.21491630613855,208,2024,2024-01-01,2024-01-08,7.0,167,weekly,208,2024,United_Kingdom,post_pandemic,108.78508369386145,-0.6514076867895895,0.6514076867895895
209,2024,2024-01-08_2024-01-15,58.21491630613855,209,2024,2024-01-08,2024-01-15,7.0,227,weekly,209,2024,United_Kingdom,post_pandemic,168.78508369386145,-0.7435466242020329,0.7435466242020329
210,2024,2024-01-15_2024-01-22,65.4696257055507,210,2024,2024-01-15,2024-01-22,7.0,267,weekly,210,2024,United_Kingdom,post_pandemic,201.5303742944493,-0.7547954093425068,0.7547954093425068
211,2024,2024-01-22_2024-01-29,65.4696257055507,211,2024,2024-01-22,2024-01-29,7.0,345,weekly,211,2024,United_Kingdom,post_pandemic,279.5303742944493,-0.8102329689694183,0.8102329689694183
212,2024,2024-01-29_2024-02-05,65.4696257055507,212,2024,2024-01-29,2024-02-05,7.0,457,weekly,212,2024,United_Kingdom,post_pandemic,391.5303742944493,-0.8567404251519678,0.8567404251519678
213,2024,2024-02-05_2024-02-12,65.4696257055507,213,2024,2024-02-05,2024-02-12,7.0,442,weekly,213,2024,United_Kingdom,post_pandemic,376.5303742944493,-0.8518786748743197,0.8518786748743197
214,2024,2024-02-12_2024-02-19,78.6718965003439,214,2024,2024-02-12,2024-02-19,7.0,426,weekly,214,2024,United_Kingdom,post_pandemic,347.3281034996561,-0.815324186618911,0.815324186618911
215,2024,2024-02-19_2024-02-26,83.95280481826121,215,2024,2024-02-19,2024-02-26,7.0,388,weekly,215,2024,United_Kingdom,post_pandemic,304.0471951817388,-0.7836267917055124,0.7836267917055124
216,2024,2024-02-26_2024-03-04,83.95280481826121,216,2024,2024-02-26,2024-03-04,7.0,487,weekly,216,2024,United_Kingdom,post_pandemic,403.0471951817388,-0.8276123104347819,0.8276123104347819
217,2024,2024-03-04_2024-03-11,83.95280481826121,217,2024,2024-03-04,2024-03-11,7.0,477,weekly,217,2024,United_Kingdom,post_pandemic,393.0471951817388,-0.8239983127499765,0.8239983127499765
218,2024,2024-03-11_2024-03-18,99.01069914195841,218,2024,2024-03-11,2024-03-18,7.0,635,weekly,218,2024,United_Kingdom,post_pandemic,535.9893008580416,-0.8440776391465222,0.8440776391465222
219,2024,2024-03-18_2024-03-25,119.08789157355471,219,2024,2024-03-18,2024-03-25,7.0,826,weekly,219,2024,United_Kingdom,post_pandemic,706.9121084264452,-0.855825797126447,0.855825797126447
220,2024,2024-03-25_2024-04-01,119.08789157355471,220,2024,2024-03-25,2024-04-01,7.0,628,weekly,220,2024,United_Kingdom,post_pandemic,508.9121084264453,-0.8103695994051676,0.8103695994051676
221,2024,2024-04-01_2024-04-08,119.08789157355471,221,2024,2024-04-01,2024-04-08,7.0,599,weekly,221,2024,United_Kingdom,post_pandemic,479.9121084264453,-0.8011888287586733,0.8011888287586733
222,2024,2024-04-08_2024-04-15,127.50716394398124,222,2024,2024-04-08,2024-04-15,7.0,878,weekly,222,2024,United_Kingdom,post_pandemic,750.4928360560187,-0.854775439699338,0.854775439699338
223,2024,2024-04-15_2024-04-22,178.0227981665406,223,2024,2024-04-15,2024-04-22,7.0,819,weekly,223,2024,United_Kingdom,post_pandemic,640.9772018334594,-0.7826339460726,0.7826339460726
224,2024,2024-04-22_2024-04-29,178.0227981665406,224,2024,2024-04-22,2024-04-29,7.0,981,weekly,224,2024,United_Kingdom,post_pandemic,802.9772018334594,-0.8185292577303358,0.8185292577303358
225,2024,2024-04-29_2024-05-06,178.0227981665406,225,2024,2024-04-29,2024-05-06,7.0,1121,weekly,225,2024,United_Kingdom,post_pandemic,942.9772018334594,-0.841192865150276,0.841192865150276
226,2024,2024-05-06_2024-05-13,178.0227981665406,226,2024,2024-05-06,2024-05-13,7.0,1165,weekly,226,2024,United_Kingdom,post_pandemic,986.9772018334594,-0.8471907311875188,0.8471907311875188
227,2024,2024-05-13_2024-05-20,252.89567615468144,227,2024,2024-05-13,2024-05-20,7.0,1880,weekly,227,2024,United_Kingdom,post_pandemic,1627.1043238453185,-0.865481023321978,0.865481023321978
228,2024,2024-05-20_2024-05-27,265.37448915270477,228,2024,2024-05-20,2024-05-27,7.0,1578,weekly,228,2024,United_Kingdom,post_pandemic,1312.6255108472951,-0.8318285873557003,0.8318285873557003
229,2024,2024-05-27_2024-06-03,265.37448915270477,229,2024,2024-05-27,2024-06-03,7.0,1089,weekly,229,2024,United_Kingdom,post_pandemic,823.6255108472952,-0.7563136004107395,0.7563136004107395
230,2024,2024-06-03_2024-06-10,265.37448915270477,230,2024,2024-06-03,2024-06-10,7.0,1230,weekly,230,2024,United_Kingdom,post_pandemic,964.6255108472952,-0.7842483828026791,0.7842483828026791
231,2024,2024-06-10_2024-06-17,327.3038611980866,231,2024,2024-06-10,2024-06-17,7.0,1259,weekly,231,2024,United_Kingdom,post_pandemic,931.6961388019133,-0.7400287043700662,0.7400287043700662
232,2024,2024-06-17_2024-06-24,373.75089023212297,232,2024,2024-06-17,2024-06-24,7.0,974,weekly,232,2024,United_Kingdom,post_pandemic,600.249109767877,-0.6162721866199969,0.6162721866199969
233,2024,2024-06-24_2024-07-01,373.75089023212297,233,2024,2024-06-24,2024-07-01,7.0,1018,weekly,233,2024,United_Kingdom,post_pandemic,644.249109767877,-0.6328576716776788,0.6328576716776788
234,2024,2024-07-01_2024-07-08,373.75089023212297,234,2024,2024-07-01,2024-07-08,7.0,927,weekly,234,2024,United_Kingdom,post_pandemic,553.249109767877,-0.5968167311411834,0.5968167311411834
235,2024,2024-07-08_2024-07-15,403.27717800385415,235,2024,2024-07-08,2024-07-15,7.0,826,weekly,235,2024,United_Kingdom,post_pandemic,422.72282199614585,-0.5117709709396439,0.5117709709396439
236,2024,2024-07-15_2024-07-22,477.0928974331824,236,2024,2024-07-15,2024-07-22,7.0,581,weekly,236,2024,United_Kingdom,post_pandemic,103.90710256681763,-0.17884182885855013,0.17884182885855013
237,2024,2024-07-22_2024-07-29,477.0928974331824,237,2024,2024-07-22,2024-07-29,7.0,672,weekly,237,2024,United_Kingdom,post_pandemic,194.90710256681763,-0.29004033120062145,0.29004033120062145
238,2024,2024-07-29_2024-08-05,477.0928974331824,238,2024,2024-07-29,2024-08-05,7.0,497,weekly,238,2024,United_Kingdom,post_pandemic,19.907102566817628,-0.04005453232760086,0.04005453232760086
239,2024,2024-08-05_2024-08-12,477.0928974331824,239,2024,2024-08-05,2024-08-12,7.0,357,weekly,239,2024,United_Kingdom,post_pandemic,120.09289743318237,0.3363946706811831,0.3363946706811831
240,2024,2024-08-12_2024-08-19,541.9122688765278,240,2024,2024-08-12,2024-08-19,7.0,488,weekly,240,2024,United_Kingdom,post_pandemic,53.91226887652783,0.11047596081255703,0.11047596081255703
241,2024,2024-08-19_2024-08-26,541.9122688765278,241,2024,2024-08-19,2024-08-26,7.0,248,weekly,241,2024,United_Kingdom,post_pandemic,293.91226887652783,1.1851301164376122,1.1851301164376122
242,2024,2024-08-26_2024-09-02,541.9122688765278,242,2024,2024-08-26,2024-09-02,7.0,239,weekly,242,2024,United_Kingdom,post_pandemic,302.91226887652783,1.2674153509478152,1.2674153509478152
243,2024,2024-09-02_2024-09-09,541.9122688765278,243,2024,2024-09-02,2024-09-09,7.0,292,weekly,243,2024,United_Kingdom,post_pandemic,249.91226887652783,0.8558639345086569,0.8558639345086569
244,2024,2024-09-09_2024-09-16,551.1993072173799,244,2024,2024-09-09,2024-09-16,7.0,224,weekly,244,2024,United_Kingdom,post_pandemic,327.1993072173799,1.4607111929347316,1.4607111929347316
245,2024,2024-09-16_2024-09-23,554.9141225537209,245,2024,2024-09-16,2024-09-23,7.0,309,weekly,245,2024,United_Kingdom,post_pandemic,245.91412255372086,0.7958385843162488,0.7958385843162488
246,2024,2024-09-23_2024-09-30,554.9141225537209,246,2024,2024-09-23,2024-09-30,7.0,361,weekly,246,2024,United_Kingdom,post_pandemic,193.91412255372086,0.5371582342208334,0.5371582342208334
247,2024,2024-09-30_2024-10-07,554.9141225537209,247,2024,2024-09-30,2024-10-07,7.0,264,weekly,247,2024,United_Kingdom,post_pandemic,290.91412255372086,1.1019474339156092,1.1019474339156092
248,2024,2024-10-07_2024-10-14,547.2286889540851,248,2024,2024-10-07,2024-10-14,7.0,233,weekly,248,2024,United_Kingdom,post_pandemic,314.2286889540851,1.3486209826355584,1.3486209826355584
249,2024,2024-10-14_2024-10-21,536.9814441545707,249,2024,2024-10-14,2024-10-21,7.0,323,weekly,249,2024,United_Kingdom,post_pandemic,213.98144415457068,0.6624812512525408,0.6624812512525408
250,2024,2024-10-21_2024-10-28,536.9814441545707,250,2024,2024-10-21,2024-10-28,7.0,288,weekly,250,2024,United_Kingdom,post_pandemic,248.98144415457068,0.8645189033144816,0.8645189033144816
251,2024,2024-10-28_2024-11-04,536.9814441545707,251,2024,2024-10-28,2024-11-04,7.0,233,weekly,251,2024,United_Kingdom,post_pandemic,303.9814441545707,1.3046413912213335,1.3046413912213335
252,2024,2024-11-04_2024-11-11,535.6116344393927,252,2024,2024-11-04,2024-11-11,7.0,262,weekly,252,2024,United_Kingdom,post_pandemic,273.6116344393927,1.0443192154175294,1.0443192154175294
253,2024,2024-11-11_2024-11-18,527.3927761483219,253,2024,2024-11-11,2024-11-18,7.0,142,weekly,253,2024,United_Kingdom,post_pandemic,385.3927761483219,2.7140336348473375,2.7140336348473375
254,2024,2024-11-18_2024-11-25,527.3927761483219,254,2024,2024-11-18,2024-11-25,7.0,253,weekly,254,2024,United_Kingdom,post_pandemic,274.3927761483219,1.084556427463723,1.084556427463723
255,2024,2024-11-25_2024-12-02,527.3927761483219,255,2024,2024-11-25,2024-12-02,7.0,235,weekly,255,2024,United_Kingdom,post_pandemic,292.3927761483219,1.2442245793545612,1.2442245793545612
256,2024,2024-12-02_2024-12-09,527.3927761483219,256,2024,2024-12-02,2024-12-09,7.0,210,weekly,256,2024,United_Kingdom,post_pandemic,317.3927761483219,1.5113941721348663,1.5113941721348663
257,2024,2024-12-09_2024-12-16,557.8702139528368,257,2024,2024-12-09,2024-12-16,7.0,205,weekly,257,2024,United_Kingdom,post_pandemic,352.8702139528368,1.7213181168431064,1.7213181168431064
258,2024,2024-12-16_2024-12-23,562.9497869202557,258,2024,2024-12-16,2024-12-23,7.0,171,weekly,258,2024,United_Kingdom,post_pandemic,391.94978692025575,2.292104017077519,2.292104017077519
259,2024,2024-12-23_2024-12-30,562.9497869202557,259,2024,2024-12-23,2024-12-30,7.0,114,weekly,259,2024,United_Kingdom,post_pandemic,448.94978692025575,3.9381560256162786,3.9381560256162786
260,2024,2024-12-30_2025-01-06,562.9497869202557,260,2024,2024-12-30,2025-01-06,7.0,118,weekly,260,2024,United_Kingdom,post_pandemic,444.94978692025575,3.7707609061038623,3.7707609061038623
261,2025,2025-01-06_2025-01-13,630.8439140783162,261,2025,2025-01-06,2025-01-13,7.0,122,weekly,261,2025,United_Kingdom,post_pandemic,508.8439140783162,4.170851754740297,4.170851754740297
262,2025,2025-01-13_2025-01-20,681.7645094468616,262,2025,2025-01-13,2025-01-20,7.0,121,weekly,262,2025,United_Kingdom,post_pandemic,560.7645094468616,4.634417433445137,4.634417433445137
263,2025,2025-01-20_2025-01-27,681.7645094468616,263,2025,2025-01-20,2025-01-27,7.0,144,weekly,263,2025,United_Kingdom,post_pandemic,537.7645094468616,3.7344757600476495,3.7344757600476495
264,2025,2025-01-27_2025-02-03,681.7645094468616,264,2025,2025-01-27,2025-02-03,7.0,74,weekly,264,2025,United_Kingdom,post_pandemic,607.7645094468616,8.213033911444075,8.213033911444075
265,2025,2025-02-03_2025-02-10,757.0292417398192,265,2025,2025-02-03,2025-02-10,7.0,105,weekly,265,2025,United_Kingdom,post_pandemic,652.0292417398192,6.209802302283992,6.209802302283992
266,2025,2025-02-10_2025-02-17,945.1910724722121,266,2025,2025-02-10,2025-02-17,7.0,104,weekly,266,2025,United_Kingdom,post_pandemic,841.1910724722121,8.088375696848193,8.088375696848193
267,2025,2025-02-17_2025-02-24,945.1910724722121,267,2025,2025-02-17,2025-02-24,7.0,107,weekly,267,2025,United_Kingdom,post_pandemic,838.1910724722121,7.833561424973945,7.833561424973945
268,2025,2025-02-24_2025-03-03,945.1910724722121,268,2025,2025-02-24,2025-03-03,7.0,84,weekly,268,2025,United_Kingdom,post_pandemic,861.1910724722121,10.25227467228824,10.25227467228824
269,2025,2025-03-03_2025-03-10,945.1910724722121,269,2025,2025-03-03,2025-03-10,7.0,94,weekly,269,2025,United_Kingdom,post_pandemic,851.1910724722121,9.0552241752363,9.0552241752363
270,2025,2025-03-10_2025-03-17,1336.5908676822385,270,2025,2025-03-10,2025-03-17,7.0,68,weekly,270,2025,United_Kingdom,post_pandemic,1268.5908676822385,18.655748054150564,18.655748054150564
271,2025,2025-03-17_2025-03-24,1336.5908676822385,271,2025,2025-03-17,2025-03-24,7.0,51,weekly,271,2025,United_Kingdom,post_pandemic,1285.5908676822385,25.207664072200753,25.207664072200753
272,2025,2025-03-24_2025-03-31,1336.5908676822385,272,2025,2025-03-24,2025-03-31,7.0,66,weekly,272,2025,United_Kingdom,post_pandemic,1270.5908676822385,19.25137678306422,19.25137678306422
0,2021,2021-01-04_2021-01-11,1.9275619751228128,0,2021,2021-01-04,2021-01-11,7.0,8,weekly,0,2021,Japan,pandemic_npi,6.072438024877187,-0.7590547531096484,0.7590547531096484
1,2021,2021-01-11_2021-01-18,1.9275619751228128,1,2021,2021-01-11,2021-01-18,7.0,5,weekly,1,2021,Japan,pandemic_npi,3.0724380248771874,-0.6144876049754375,0.6144876049754375
2,2021,2021-01-18_2021-01-25,1.9275619751228128,2,2021,2021-01-18,2021-01-25,7.0,10,weekly,2,2021,Japan,pandemic_npi,8.072438024877187,-0.8072438024877187,0.8072438024877187
3,2021,2021-01-25_2021-02-01,1.9275619751228128,3,2021,2021-01-25,2021-02-01,7.0,10,weekly,3,2021,Japan,pandemic_npi,8.072438024877187,-0.8072438024877187,0.8072438024877187
4,2021,2021-02-01_2021-02-08,1.4412858950523137,4,2021,2021-02-01,2021-02-08,7.0,11,weekly,4,2021,Japan,pandemic_npi,9.558714104947686,-0.8689740095406987,0.8689740095406987
5,2021,2021-02-08_2021-02-15,1.2467754630241141,5,2021,2021-02-08,2021-02-15,7.0,9,weekly,5,2021,Japan,pandemic_npi,7.753224536975885,-0.8614693929973206,0.8614693929973206
6,2021,2021-02-15_2021-02-22,1.2467754630241141,6,2021,2021-02-15,2021-02-22,7.0,4,weekly,6,2021,Japan,pandemic_npi,2.753224536975886,-0.6883061342439715,0.6883061342439715
7,2021,2021-02-22_2021-03-01,1.2467754630241141,7,2021,2021-02-22,2021-03-01,7.0,7,weekly,7,2021,Japan,pandemic_npi,5.753224536975885,-0.8218892195679837,0.8218892195679837
8,2021,2021-03-01_2021-03-08,1.1215193044563478,8,2021,2021-03-01,2021-03-08,7.0,14,weekly,8,2021,Japan,pandemic_npi,12.878480695543653,-0.919891478253118,0.919891478253118
9,2021,2021-03-08_2021-03-15,0.9545110930326599,9,2021,2021-03-08,2021-03-15,7.0,11,weekly,9,2021,Japan,pandemic_npi,10.04548890696734,-0.9132262642697581,0.9132262642697581
10,2021,2021-03-15_2021-03-22,0.9545110930326599,10,2021,2021-03-15,2021-03-22,7.0,7,weekly,10,2021,Japan,pandemic_npi,6.04548890696734,-0.8636412724239058,0.8636412724239058
11,2021,2021-03-22_2021-03-29,0.9545110930326599,11,2021,2021-03-22,2021-03-29,7.0,10,weekly,11,2021,Japan,pandemic_npi,9.04548890696734,-0.9045488906967339,0.9045488906967339
12,2021,2021-03-29_2021-04-05,0.9417154271098311,12,2021,2021-03-29,2021-04-05,7.0,2,weekly,12,2021,Japan,pandemic_npi,1.0582845728901689,-0.5291422864450844,0.5291422864450844
13,2021,2021-04-05_2021-04-12,0.8649414315728586,13,2021,2021-04-05,2021-04-12,7.0,4,weekly,13,2021,Japan,pandemic_npi,3.1350585684271413,-0.7837646421067853,0.7837646421067853
14,2021,2021-04-12_2021-04-19,0.8649414315728586,14,2021,2021-04-12,2021-04-19,7.0,7,weekly,14,2021,Japan,pandemic_npi,6.135058568427142,-0.8764369383467345,0.8764369383467345
15,2021,2021-04-19_2021-04-26,0.8649414315728586,15,2021,2021-04-19,2021-04-26,7.0,6,weekly,15,2021,Japan,pandemic_npi,5.135058568427142,-0.8558430947378569,0.8558430947378569
16,2021,2021-04-26_2021-05-03,0.8649414315728586,16,2021,2021-04-26,2021-05-03,7.0,3,weekly,16,2021,Japan,pandemic_npi,2.1350585684271413,-0.7116861894757137,0.7116861894757137
17,2021,2021-05-03_2021-05-10,0.8859710058432216,17,2021,2021-05-03,2021-05-10,7.0,5,weekly,17,2021,Japan,pandemic_npi,4.1140289941567785,-0.8228057988313557,0.8228057988313557
18,2021,2021-05-10_2021-05-17,0.8894759348882821,18,2021,2021-05-10,2021-05-17,7.0,8,weekly,18,2021,Japan,pandemic_npi,7.110524065111718,-0.8888155081389647,0.8888155081389647
19,2021,2021-05-17_2021-05-24,0.8894759348882821,19,2021,2021-05-17,2021-05-24,7.0,11,weekly,19,2021,Japan,pandemic_npi,10.110524065111719,-0.9191385513737926,0.9191385513737926
20,2021,2021-05-24_2021-05-31,0.8894759348882821,20,2021,2021-05-24,2021-05-31,7.0,8,weekly,20,2021,Japan,pandemic_npi,7.110524065111718,-0.8888155081389647,0.8888155081389647
21,2021,2021-05-31_2021-06-07,0.938147476915983,21,2021,2021-05-31,2021-06-07,7.0,4,weekly,21,2021,Japan,pandemic_npi,3.061852523084017,-0.7654631307710043,0.7654631307710043
22,2021,2021-06-07_2021-06-14,0.9746511334367584,22,2021,2021-06-07,2021-06-14,7.0,10,weekly,22,2021,Japan,pandemic_npi,9.025348866563242,-0.9025348866563242,0.9025348866563242
23,2021,2021-06-14_2021-06-21,0.9746511334367584,23,2021,2021-06-14,2021-06-21,7.0,7,weekly,23,2021,Japan,pandemic_npi,6.025348866563242,-0.8607641237947489,0.8607641237947489
24,2021,2021-06-21_2021-06-28,0.9746511334367584,24,2021,2021-06-21,2021-06-28,7.0,12,weekly,24,2021,Japan,pandemic_npi,11.025348866563242,-0.9187790722136034,0.9187790722136034
25,2021,2021-06-28_2021-07-05,1.0002215435167066,25,2021,2021-06-28,2021-07-05,7.0,20,weekly,25,2021,Japan,pandemic_npi,18.999778456483295,-0.9499889228241647,0.9499889228241647
26,2021,2021-07-05_2021-07-12,1.0641475687165771,26,2021,2021-07-05,2021-07-12,7.0,17,weekly,26,2021,Japan,pandemic_npi,15.935852431283422,-0.9374030841931424,0.9374030841931424
27,2021,2021-07-12_2021-07-19,1.0641475687165771,27,2021,2021-07-12,2021-07-19,7.0,8,weekly,27,2021,Japan,pandemic_npi,6.935852431283423,-0.8669815539104279,0.8669815539104279
28,2021,2021-07-19_2021-07-26,1.0641475687165771,28,2021,2021-07-19,2021-07-26,7.0,5,weekly,28,2021,Japan,pandemic_npi,3.935852431283423,-0.7871704862566846,0.7871704862566846
29,2021,2021-07-26_2021-08-02,1.0641475687165771,29,2021,2021-07-26,2021-08-02,7.0,6,weekly,29,2021,Japan,pandemic_npi,4.935852431283423,-0.8226420718805705,0.8226420718805705
30,2021,2021-08-02_2021-08-09,1.0874350264541264,30,2021,2021-08-02,2021-08-09,7.0,6,weekly,30,2021,Japan,pandemic_npi,4.912564973545874,-0.8187608289243123,0.8187608289243123
31,2021,2021-08-09_2021-08-16,1.0874350264541264,31,2021,2021-08-09,2021-08-16,7.0,5,weekly,31,2021,Japan,pandemic_npi,3.912564973545874,-0.7825129947091748,0.7825129947091748
32,2021,2021-08-16_2021-08-23,1.0874350264541264,32,2021,2021-08-16,2021-08-23,7.0,7,weekly,32,2021,Japan,pandemic_npi,5.912564973545874,-0.844652139077982,0.844652139077982
33,2021,2021-08-23_2021-08-30,1.0874350264541264,33,2021,2021-08-23,2021-08-30,7.0,9,weekly,33,2021,Japan,pandemic_npi,7.912564973545874,-0.8791738859495415,0.8791738859495415
34,2021,2021-08-30_2021-09-06,1.0194001846542982,34,2021,2021-08-30,2021-09-06,7.0,4,weekly,34,2021,Japan,pandemic_npi,2.980599815345702,-0.7451499538364255,0.7451499538364255
35,2021,2021-09-06_2021-09-13,0.9921862479343667,35,2021,2021-09-06,2021-09-13,7.0,9,weekly,35,2021,Japan,pandemic_npi,8.007813752065633,-0.8897570835628481,0.8897570835628481
36,2021,2021-09-13_2021-09-20,0.9921862479343667,36,2021,2021-09-13,2021-09-20,7.0,15,weekly,36,2021,Japan,pandemic_npi,14.007813752065633,-0.9338542501377088,0.9338542501377088
37,2021,2021-09-20_2021-09-27,0.9921862479343667,37,2021,2021-09-20,2021-09-27,7.0,8,weekly,37,2021,Japan,pandemic_npi,7.007813752065633,-0.8759767190082042,0.8759767190082042
38,2021,2021-09-27_2021-10-04,0.9190699319440382,38,2021,2021-09-27,2021-10-04,7.0,7,weekly,38,2021,Japan,pandemic_npi,6.080930068055962,-0.868704295436566,0.868704295436566
39,2021,2021-10-04_2021-10-11,0.8215815106236001,39,2021,2021-10-04,2021-10-11,7.0,9,weekly,39,2021,Japan,pandemic_npi,8.1784184893764,-0.9087131654862666,0.9087131654862666
40,2021,2021-10-11_2021-10-18,0.8215815106236001,40,2021,2021-10-11,2021-10-18,7.0,21,weekly,40,2021,Japan,pandemic_npi,20.1784184893764,-0.9608770709226858,0.9608770709226858
41,2021,2021-10-18_2021-10-25,0.8215815106236001,41,2021,2021-10-18,2021-10-25,7.0,10,weekly,41,2021,Japan,pandemic_npi,9.1784184893764,-0.91784184893764,0.91784184893764
42,2021,2021-10-25_2021-11-01,0.796303522909664,42,2021,2021-10-25,2021-11-01,7.0,13,weekly,42,2021,Japan,pandemic_npi,12.203696477090336,-0.9387458828531028,0.9387458828531028
43,2021,2021-11-01_2021-11-08,0.6446355966260462,43,2021,2021-11-01,2021-11-08,7.0,19,weekly,43,2021,Japan,pandemic_npi,18.355364403373954,-0.9660718107038924,0.9660718107038924
44,2021,2021-11-08_2021-11-15,0.6446355966260462,44,2021,2021-11-08,2021-11-15,7.0,13,weekly,44,2021,Japan,pandemic_npi,12.355364403373954,-0.9504126464133811,0.9504126464133811
45,2021,2021-11-15_2021-11-22,0.6446355966260462,45,2021,2021-11-15,2021-11-22,7.0,18,weekly,45,2021,Japan,pandemic_npi,17.355364403373954,-0.964186911298553,0.964186911298553
46,2021,2021-11-22_2021-11-29,0.6446355966260462,46,2021,2021-11-22,2021-11-29,7.0,24,weekly,46,2021,Japan,pandemic_npi,23.355364403373954,-0.9731401834739147,0.9731401834739147
47,2021,2021-11-29_2021-12-06,0.5189018783133595,47,2021,2021-11-29,2021-12-06,7.0,25,weekly,47,2021,Japan,pandemic_npi,24.48109812168664,-0.9792439248674656,0.9792439248674656
48,2021,2021-12-06_2021-12-13,0.4979462585945787,48,2021,2021-12-06,2021-12-13,7.0,26,weekly,48,2021,Japan,pandemic_npi,25.502053741405422,-0.9808482208232855,0.9808482208232855
49,2021,2021-12-13_2021-12-20,0.4979462585945787,49,2021,2021-12-13,2021-12-20,7.0,21,weekly,49,2021,Japan,pandemic_npi,20.502053741405422,-0.9762882734002583,0.9762882734002583
50,2021,2021-12-20_2021-12-27,0.4979462585945787,50,2021,2021-12-20,2021-12-27,7.0,26,weekly,50,2021,Japan,pandemic_npi,25.502053741405422,-0.9808482208232855,0.9808482208232855
51,2021,2021-12-27_2022-01-03,0.45163551449981576,51,2021,2021-12-27,2022-01-03,7.0,19,weekly,51,2021,Japan,pandemic_npi,18.548364485500183,-0.9762297097631676,0.9762297097631676
52,2022,2022-01-03_2022-01-10,0.4169024564287435,52,2022,2022-01-03,2022-01-10,7.0,14,weekly,52,2022,Japan,post_pandemic,13.583097543571256,-0.9702212531122326,0.9702212531122326
53,2022,2022-01-10_2022-01-17,0.4169024564287435,53,2022,2022-01-10,2022-01-17,7.0,5,weekly,53,2022,Japan,post_pandemic,4.583097543571257,-0.9166195087142514,0.9166195087142514
54,2022,2022-01-17_2022-01-24,0.4169024564287435,54,2022,2022-01-17,2022-01-24,7.0,10,weekly,54,2022,Japan,post_pandemic,9.583097543571256,-0.9583097543571256,0.9583097543571256
55,2022,2022-01-24_2022-01-31,0.4165889220533676,55,2022,2022-01-24,2022-01-31,7.0,7,weekly,55,2022,Japan,post_pandemic,6.583411077946632,-0.9404872968495189,0.9404872968495189
56,2022,2022-01-31_2022-02-07,0.41580508611492817,56,2022,2022-01-31,2022-02-07,7.0,4,weekly,56,2022,Japan,post_pandemic,3.5841949138850717,-0.8960487284712679,0.8960487284712679
57,2022,2022-02-07_2022-02-14,0.41580508611492817,57,2022,2022-02-07,2022-02-14,7.0,4,weekly,57,2022,Japan,post_pandemic,3.5841949138850717,-0.8960487284712679,0.8960487284712679
58,2022,2022-02-14_2022-02-21,0.41580508611492817,58,2022,2022-02-14,2022-02-21,7.0,8,weekly,58,2022,Japan,post_pandemic,7.584194913885072,-0.948024364235634,0.948024364235634
59,2022,2022-02-21_2022-02-28,0.41580508611492817,59,2022,2022-02-21,2022-02-28,7.0,10,weekly,59,2022,Japan,post_pandemic,9.584194913885073,-0.9584194913885072,0.9584194913885072
60,2022,2022-02-28_2022-03-07,0.5142144933962419,60,2022,2022-02-28,2022-03-07,7.0,13,weekly,60,2022,Japan,post_pandemic,12.485785506603758,-0.9604450389695198,0.9604450389695198
61,2022,2022-03-07_2022-03-14,0.5142144933962419,61,2022,2022-03-07,2022-03-14,7.0,4,weekly,61,2022,Japan,post_pandemic,3.485785506603758,-0.8714463766509395,0.8714463766509395
62,2022,2022-03-14_2022-03-21,0.5142144933962419,62,2022,2022-03-14,2022-03-21,7.0,6,weekly,62,2022,Japan,post_pandemic,5.485785506603758,-0.9142975844339597,0.9142975844339597
63,2022,2022-03-21_2022-03-28,0.5142144933962419,63,2022,2022-03-21,2022-03-28,7.0,8,weekly,63,2022,Japan,post_pandemic,7.485785506603758,-0.9357231883254697,0.9357231883254697
64,2022,2022-03-28_2022-04-04,0.6791284551354532,64,2022,2022-03-28,2022-04-04,7.0,7,weekly,64,2022,Japan,post_pandemic,6.320871544864547,-0.9029816492663638,0.9029816492663638
65,2022,2022-04-04_2022-04-11,0.7450940398311373,65,2022,2022-04-04,2022-04-11,7.0,5,weekly,65,2022,Japan,post_pandemic,4.254905960168863,-0.8509811920337725,0.8509811920337725
66,2022,2022-04-11_2022-04-18,0.7450940398311373,66,2022,2022-04-11,2022-04-18,7.0,4,weekly,66,2022,Japan,post_pandemic,3.2549059601688626,-0.8137264900422156,0.8137264900422156
67,2022,2022-04-18_2022-04-25,0.7450940398311373,67,2022,2022-04-18,2022-04-25,7.0,1,weekly,67,2022,Japan,post_pandemic,0.2549059601688627,-0.2549059601688627,0.2549059601688627
68,2022,2022-04-25_2022-05-02,0.9378486165996534,68,2022,2022-04-25,2022-05-02,7.0,6,weekly,68,2022,Japan,post_pandemic,5.062151383400346,-0.843691897233391,0.843691897233391
69,2022,2022-05-02_2022-05-09,1.1948547189576746,69,2022,2022-05-02,2022-05-09,7.0,4,weekly,69,2022,Japan,post_pandemic,2.8051452810423254,-0.7012863202605814,0.7012863202605814
70,2022,2022-05-09_2022-05-16,1.1948547189576746,70,2022,2022-05-09,2022-05-16,7.0,8,weekly,70,2022,Japan,post_pandemic,6.805145281042325,-0.8506431601302906,0.8506431601302906
71,2022,2022-05-16_2022-05-23,1.1948547189576746,71,2022,2022-05-16,2022-05-23,7.0,7,weekly,71,2022,Japan,post_pandemic,5.805145281042325,-0.8293064687203321,0.8293064687203321
72,2022,2022-05-23_2022-05-30,1.3141224274582508,72,2022,2022-05-23,2022-05-30,7.0,7,weekly,72,2022,Japan,post_pandemic,5.685877572541749,-0.8122682246488212,0.8122682246488212
73,2022,2022-05-30_2022-06-06,2.0297286784617072,73,2022,2022-05-30,2022-06-06,7.0,5,weekly,73,2022,Japan,post_pandemic,2.9702713215382928,-0.5940542643076585,0.5940542643076585
74,2022,2022-06-06_2022-06-13,2.0297286784617072,74,2022,2022-06-06,2022-06-13,7.0,4,weekly,74,2022,Japan,post_pandemic,1.9702713215382928,-0.4925678303845732,0.4925678303845732
75,2022,2022-06-13_2022-06-20,2.0297286784617072,75,2022,2022-06-13,2022-06-20,7.0,11,weekly,75,2022,Japan,post_pandemic,8.970271321538293,-0.8154792110489357,0.8154792110489357
76,2022,2022-06-20_2022-06-27,2.0297286784617072,76,2022,2022-06-20,2022-06-27,7.0,8,weekly,76,2022,Japan,post_pandemic,5.970271321538293,-0.7462839151922867,0.7462839151922867
77,2022,2022-06-27_2022-07-04,3.2300855135748074,77,2022,2022-06-27,2022-07-04,7.0,6,weekly,77,2022,Japan,post_pandemic,2.7699144864251926,-0.46165241440419874,0.46165241440419874
78,2022,2022-07-04_2022-07-11,3.4301449860936573,78,2022,2022-07-04,2022-07-11,7.0,6,weekly,78,2022,Japan,post_pandemic,2.5698550139063427,-0.4283091689843905,0.4283091689843905
79,2022,2022-07-11_2022-07-18,3.4301449860936573,79,2022,2022-07-11,2022-07-18,7.0,3,weekly,79,2022,Japan,post_pandemic,0.43014498609365726,0.14338166203121908,0.14338166203121908
80,2022,2022-07-18_2022-07-25,3.4301449860936573,80,2022,2022-07-18,2022-07-25,7.0,1,weekly,80,2022,Japan,post_pandemic,2.4301449860936573,2.4301449860936573,2.4301449860936573
81,2022,2022-07-25_2022-08-01,4.546017566663435,81,2022,2022-07-25,2022-08-01,7.0,4,weekly,81,2022,Japan,post_pandemic,0.5460175666634353,0.13650439166585882,0.13650439166585882
82,2022,2022-08-01_2022-08-08,5.382922002090769,82,2022,2022-08-01,2022-08-08,7.0,4,weekly,82,2022,Japan,post_pandemic,1.382922002090769,0.3457305005226923,0.3457305005226923
83,2022,2022-08-08_2022-08-15,5.382922002090769,83,2022,2022-08-08,2022-08-15,7.0,5,weekly,83,2022,Japan,post_pandemic,0.3829220020907691,0.07658440041815381,0.07658440041815381
84,2022,2022-08-15_2022-08-22,5.382922002090769,84,2022,2022-08-15,2022-08-22,7.0,1,weekly,84,2022,Japan,post_pandemic,4.382922002090769,4.382922002090769,4.382922002090769
85,2022,2022-08-22_2022-08-29,5.951057319298703,85,2022,2022-08-22,2022-08-29,7.0,2,weekly,85,2022,Japan,post_pandemic,3.9510573192987026,1.9755286596493513,1.9755286596493513
86,2022,2022-08-29_2022-09-05,7.371395612318537,86,2022,2022-08-29,2022-09-05,7.0,8,weekly,86,2022,Japan,post_pandemic,0.6286043876814631,-0.07857554846018289,0.07857554846018289
87,2022,2022-09-05_2022-09-12,7.371395612318537,87,2022,2022-09-05,2022-09-12,7.0,13,weekly,87,2022,Japan,post_pandemic,5.628604387681463,-0.43296956828318944,0.43296956828318944
88,2022,2022-09-12_2022-09-19,7.371395612318537,88,2022,2022-09-12,2022-09-19,7.0,6,weekly,88,2022,Japan,post_pandemic,1.371395612318537,0.2285659353864228,0.2285659353864228
89,2022,2022-09-19_2022-09-26,7.371395612318537,89,2022,2022-09-19,2022-09-26,7.0,5,weekly,89,2022,Japan,post_pandemic,2.371395612318537,0.4742791224637074,0.4742791224637074
90,2022,2022-09-26_2022-10-03,8.469558928721161,90,2022,2022-09-26,2022-10-03,7.0,6,weekly,90,2022,Japan,post_pandemic,2.4695589287211615,0.41159315478686026,0.41159315478686026
91,2022,2022-10-03_2022-10-10,8.469558928721161,91,2022,2022-10-03,2022-10-10,7.0,2,weekly,91,2022,Japan,post_pandemic,6.4695589287211615,3.2347794643605807,3.2347794643605807
92,2022,2022-10-10_2022-10-17,8.469558928721161,92,2022,2022-10-10,2022-10-17,7.0,5,weekly,92,2022,Japan,post_pandemic,3.4695589287211615,0.6939117857442323,0.6939117857442323
93,2022,2022-10-17_2022-10-24,8.469558928721161,93,2022,2022-10-17,2022-10-24,7.0,14,weekly,93,2022,Japan,post_pandemic,5.5304410712788385,-0.3950315050913456,0.3950315050913456
94,2022,2022-10-24_2022-10-31,8.240890426307248,94,2022,2022-10-24,2022-10-31,7.0,9,weekly,94,2022,Japan,post_pandemic,0.7591095736927524,-0.0843455081880836,0.0843455081880836
95,2022,2022-10-31_2022-11-07,8.149423025341683,95,2022,2022-10-31,2022-11-07,7.0,6,weekly,95,2022,Japan,post_pandemic,2.149423025341683,0.3582371708902805,0.3582371708902805
96,2022,2022-11-07_2022-11-14,8.149423025341683,96,2022,2022-11-07,2022-11-14,7.0,8,weekly,96,2022,Japan,post_pandemic,0.14942302534168306,0.018677878167710382,0.018677878167710382
97,2022,2022-11-14_2022-11-21,8.149423025341683,97,2022,2022-11-14,2022-11-21,7.0,12,weekly,97,2022,Japan,post_pandemic,3.850576974658317,-0.32088141455485975,0.32088141455485975
98,2022,2022-11-21_2022-11-28,7.602721075045826,98,2022,2022-11-21,2022-11-28,7.0,18,weekly,98,2022,Japan,post_pandemic,10.397278924954174,-0.5776266069418985,0.5776266069418985
99,2022,2022-11-28_2022-12-05,6.873785141318025,99,2022,2022-11-28,2022-12-05,7.0,15,weekly,99,2022,Japan,post_pandemic,8.126214858681976,-0.541747657245465,0.541747657245465
100,2022,2022-12-05_2022-12-12,6.873785141318025,100,2022,2022-12-05,2022-12-12,7.0,7,weekly,100,2022,Japan,post_pandemic,0.12621485868197535,-0.01803069409742505,0.01803069409742505
101,2022,2022-12-12_2022-12-19,6.873785141318025,101,2022,2022-12-12,2022-12-19,7.0,8,weekly,101,2022,Japan,post_pandemic,1.1262148586819754,-0.14077685733524692,0.14077685733524692
102,2022,2022-12-19_2022-12-26,6.689513944706989,102,2022,2022-12-19,2022-12-26,7.0,4,weekly,102,2022,Japan,post_pandemic,2.689513944706989,0.6723784861767472,0.6723784861767472
103,2022,2022-12-26_2023-01-02,5.583886765040776,103,2022,2022-12-26,2023-01-02,7.0,3,weekly,103,2022,Japan,post_pandemic,2.583886765040776,0.8612955883469254,0.8612955883469254
104,2023,2023-01-02_2023-01-09,5.583886765040776,104,2023,2023-01-02,2023-01-09,7.0,3,weekly,104,2023,Japan,post_pandemic,2.583886765040776,0.8612955883469254,0.8612955883469254
105,2023,2023-01-09_2023-01-16,5.583886765040776,105,2023,2023-01-09,2023-01-16,7.0,8,weekly,105,2023,Japan,post_pandemic,2.416113234959224,-0.302014154369903,0.302014154369903
106,2023,2023-01-16_2023-01-23,5.583886765040776,106,2023,2023-01-16,2023-01-23,7.0,6,weekly,106,2023,Japan,post_pandemic,0.4161132349592238,-0.0693522058265373,0.0693522058265373
107,2023,2023-01-23_2023-01-30,4.9926804911356335,107,2023,2023-01-23,2023-01-30,7.0,9,weekly,107,2023,Japan,post_pandemic,4.0073195088643665,-0.44525772320715185,0.44525772320715185
108,2023,2023-01-30_2023-02-06,4.894146112151442,108,2023,2023-01-30,2023-02-06,7.0,9,weekly,108,2023,Japan,post_pandemic,4.105853887848558,-0.45620598753872865,0.45620598753872865
109,2023,2023-02-06_2023-02-13,4.894146112151442,109,2023,2023-02-06,2023-02-13,7.0,12,weekly,109,2023,Japan,post_pandemic,7.105853887848558,-0.5921544906540465,0.5921544906540465
110,2023,2023-02-13_2023-02-20,4.894146112151442,110,2023,2023-02-13,2023-02-20,7.0,11,weekly,110,2023,Japan,post_pandemic,6.105853887848558,-0.5550776261680507,0.5550776261680507
111,2023,2023-02-20_2023-02-27,4.967749486102903,111,2023,2023-02-20,2023-02-27,7.0,11,weekly,111,2023,Japan,post_pandemic,6.032250513897097,-0.5483864103542815,0.5483864103542815
112,2023,2023-02-27_2023-03-06,5.022952016566501,112,2023,2023-02-27,2023-03-06,7.0,9,weekly,112,2023,Japan,post_pandemic,3.977047983433499,-0.4418942203814999,0.4418942203814999
113,2023,2023-03-06_2023-03-13,5.022952016566501,113,2023,2023-03-06,2023-03-13,7.0,4,weekly,113,2023,Japan,post_pandemic,1.0229520165665011,0.2557380041416253,0.2557380041416253
114,2023,2023-03-13_2023-03-20,5.022952016566501,114,2023,2023-03-13,2023-03-20,7.0,8,weekly,114,2023,Japan,post_pandemic,2.977047983433499,-0.37213099792918736,0.37213099792918736
115,2023,2023-03-20_2023-03-27,5.357527808012747,115,2023,2023-03-20,2023-03-27,7.0,4,weekly,115,2023,Japan,post_pandemic,1.3575278080127466,0.33938195200318666,0.33938195200318666
116,2023,2023-03-27_2023-04-03,6.193967286628361,116,2023,2023-03-27,2023-04-03,7.0,18,weekly,116,2023,Japan,post_pandemic,11.80603271337164,-0.6558907062984244,0.6558907062984244
117,2023,2023-04-03_2023-04-10,6.193967286628361,117,2023,2023-04-03,2023-04-10,7.0,15,weekly,117,2023,Japan,post_pandemic,8.80603271337164,-0.5870688475581093,0.5870688475581093
118,2023,2023-04-10_2023-04-17,6.193967286628361,118,2023,2023-04-10,2023-04-17,7.0,8,weekly,118,2023,Japan,post_pandemic,1.8060327133716392,-0.2257540891714549,0.2257540891714549
119,2023,2023-04-17_2023-04-24,6.193967286628361,119,2023,2023-04-17,2023-04-24,7.0,7,weekly,119,2023,Japan,post_pandemic,0.8060327133716392,-0.11514753048166274,0.11514753048166274
120,2023,2023-04-24_2023-05-01,8.976359185172944,120,2023,2023-04-24,2023-05-01,7.0,16,weekly,120,2023,Japan,post_pandemic,7.023640814827056,-0.438977550926691,0.438977550926691
121,2023,2023-05-01_2023-05-08,8.976359185172944,121,2023,2023-05-01,2023-05-08,7.0,6,weekly,121,2023,Japan,post_pandemic,2.976359185172944,0.4960598641954907,0.4960598641954907
122,2023,2023-05-08_2023-05-15,8.976359185172944,122,2023,2023-05-08,2023-05-15,7.0,14,weekly,122,2023,Japan,post_pandemic,5.023640814827056,-0.35883148677336113,0.35883148677336113
123,2023,2023-05-15_2023-05-22,8.976359185172944,123,2023,2023-05-15,2023-05-22,7.0,22,weekly,123,2023,Japan,post_pandemic,13.023640814827056,-0.5919836734012298,0.5919836734012298
124,2023,2023-05-22_2023-05-29,12.890225061222203,124,2023,2023-05-22,2023-05-29,7.0,23,weekly,124,2023,Japan,post_pandemic,10.109774938777797,-0.43955543212077375,0.43955543212077375
125,2023,2023-05-29_2023-06-05,14.455771411641901,125,2023,2023-05-29,2023-06-05,7.0,20,weekly,125,2023,Japan,post_pandemic,5.544228588358099,-0.27721142941790494,0.27721142941790494
126,2023,2023-06-05_2023-06-12,14.455771411641901,126,2023,2023-06-05,2023-06-12,7.0,17,weekly,126,2023,Japan,post_pandemic,2.5442285883580986,-0.1496605051975352,0.1496605051975352
127,2023,2023-06-12_2023-06-19,14.455771411641901,127,2023,2023-06-12,2023-06-19,7.0,24,weekly,127,2023,Japan,post_pandemic,9.544228588358099,-0.3976761911815874,0.3976761911815874
128,2023,2023-06-19_2023-06-26,18.526205966299877,128,2023,2023-06-19,2023-06-26,7.0,30,weekly,128,2023,Japan,post_pandemic,11.473794033700123,-0.38245980112333744,0.38245980112333744
129,2023,2023-06-26_2023-07-03,23.95345203917717,129,2023,2023-06-26,2023-07-03,7.0,13,weekly,129,2023,Japan,post_pandemic,10.953452039177169,0.8425732337828591,0.8425732337828591
130,2023,2023-07-03_2023-07-10,23.95345203917717,130,2023,2023-07-03,2023-07-10,7.0,21,weekly,130,2023,Japan,post_pandemic,2.9534520391771686,0.1406405732941509,0.1406405732941509
131,2023,2023-07-10_2023-07-17,23.95345203917717,131,2023,2023-07-10,2023-07-17,7.0,26,weekly,131,2023,Japan,post_pandemic,2.0465479608228314,-0.07871338310857044,0.07871338310857044
132,2023,2023-07-17_2023-07-24,25.90849355228525,132,2023,2023-07-17,2023-07-24,7.0,27,weekly,132,2023,Japan,post_pandemic,1.0915064477147496,-0.04042616473017591,0.04042616473017591
133,2023,2023-07-24_2023-07-31,37.63874263093375,133,2023,2023-07-24,2023-07-31,7.0,24,weekly,133,2023,Japan,post_pandemic,13.638742630933749,0.5682809429555729,0.5682809429555729
134,2023,2023-07-31_2023-08-07,37.63874263093375,134,2023,2023-07-31,2023-08-07,7.0,18,weekly,134,2023,Japan,post_pandemic,19.63874263093375,1.091041257274097,1.091041257274097
135,2023,2023-08-07_2023-08-14,37.63874263093375,135,2023,2023-08-07,2023-08-14,7.0,12,weekly,135,2023,Japan,post_pandemic,25.63874263093375,2.1365618859111457,2.1365618859111457
136,2023,2023-08-14_2023-08-21,37.63874263093375,136,2023,2023-08-14,2023-08-21,7.0,14,weekly,136,2023,Japan,post_pandemic,23.63874263093375,1.6884816164952678,1.6884816164952678
137,2023,2023-08-21_2023-08-28,50.14927663583561,137,2023,2023-08-21,2023-08-28,7.0,18,weekly,137,2023,Japan,post_pandemic,32.14927663583561,1.7860709242130897,1.7860709242130897
138,2023,2023-08-28_2023-09-04,52.234365636652576,138,2023,2023-08-28,2023-09-04,7.0,11,weekly,138,2023,Japan,post_pandemic,41.234365636652576,3.7485786942411434,3.7485786942411434
139,2023,2023-09-04_2023-09-11,52.234365636652576,139,2023,2023-09-04,2023-09-11,7.0,10,weekly,139,2023,Japan,post_pandemic,42.234365636652576,4.223436563665258,4.223436563665258
140,2023,2023-09-11_2023-09-18,52.234365636652576,140,2023,2023-09-11,2023-09-18,7.0,18,weekly,140,2023,Japan,post_pandemic,34.234365636652576,1.9019092020362542,1.9019092020362542
141,2023,2023-09-18_2023-09-25,57.322063681698275,141,2023,2023-09-18,2023-09-25,7.0,8,weekly,141,2023,Japan,post_pandemic,49.322063681698275,6.165257960212284,6.165257960212284
142,2023,2023-09-25_2023-10-02,61.13783721548254,142,2023,2023-09-25,2023-10-02,7.0,14,weekly,142,2023,Japan,post_pandemic,47.13783721548254,3.3669883725344674,3.3669883725344674
143,2023,2023-10-02_2023-10-09,61.13783721548254,143,2023,2023-10-02,2023-10-09,7.0,26,weekly,143,2023,Japan,post_pandemic,35.13783721548254,1.3514552775185593,1.3514552775185593
144,2023,2023-10-09_2023-10-16,61.13783721548254,144,2023,2023-10-09,2023-10-16,7.0,20,weekly,144,2023,Japan,post_pandemic,41.13783721548254,2.056891860774127,2.056891860774127
145,2023,2023-10-16_2023-10-23,60.76292086377675,145,2023,2023-10-16,2023-10-23,7.0,30,weekly,145,2023,Japan,post_pandemic,30.76292086377675,1.025430695459225,1.025430695459225
146,2023,2023-10-23_2023-10-30,59.825629984512304,146,2023,2023-10-23,2023-10-30,7.0,15,weekly,146,2023,Japan,post_pandemic,44.825629984512304,2.98837533230082,2.98837533230082
147,2023,2023-10-30_2023-11-06,59.825629984512304,147,2023,2023-10-30,2023-11-06,7.0,19,weekly,147,2023,Japan,post_pandemic,40.825629984512304,2.1487173676059106,2.1487173676059106
148,2023,2023-11-06_2023-11-13,59.825629984512304,148,2023,2023-11-06,2023-11-13,7.0,22,weekly,148,2023,Japan,post_pandemic,37.825629984512304,1.719346817477832,1.719346817477832
149,2023,2023-11-13_2023-11-20,59.825629984512304,149,2023,2023-11-13,2023-11-20,7.0,27,weekly,149,2023,Japan,post_pandemic,32.825629984512304,1.2157640735004558,1.2157640735004558
150,2023,2023-11-20_2023-11-27,50.78747110822776,150,2023,2023-11-20,2023-11-27,7.0,9,weekly,150,2023,Japan,post_pandemic,41.78747110822776,4.64305234535864,4.64305234535864
151,2023,2023-11-27_2023-12-04,50.78747110822776,151,2023,2023-11-27,2023-12-04,7.0,22,weekly,151,2023,Japan,post_pandemic,28.787471108227763,1.308521414010353,1.308521414010353
152,2023,2023-12-04_2023-12-11,50.78747110822776,152,2023,2023-12-04,2023-12-11,7.0,29,weekly,152,2023,Japan,post_pandemic,21.787471108227763,0.7512921071802677,0.7512921071802677
153,2023,2023-12-11_2023-12-18,50.78747110822776,153,2023,2023-12-11,2023-12-18,7.0,19,weekly,153,2023,Japan,post_pandemic,31.787471108227763,1.6730247951698822,1.6730247951698822
154,2023,2023-12-18_2023-12-25,43.612336620670554,154,2023,2023-12-18,2023-12-25,7.0,20,weekly,154,2023,Japan,post_pandemic,23.612336620670554,1.1806168310335277,1.1806168310335277
155,2023,2023-12-25_2024-01-01,40.74228282564767,155,2023,2023-12-25,2024-01-01,7.0,9,weekly,155,2023,Japan,post_pandemic,31.74228282564767,3.5269203139608525,3.5269203139608525
156,2024,2024-01-01_2024-01-08,40.74228282564767,156,2024,2024-01-01,2024-01-08,7.0,3,weekly,156,2024,Japan,post_pandemic,37.74228282564767,12.580760941882557,12.580760941882557
157,2024,2024-01-08_2024-01-15,40.74228282564767,157,2024,2024-01-08,2024-01-15,7.0,5,weekly,157,2024,Japan,post_pandemic,35.74228282564767,7.148456565129534,7.148456565129534
158,2024,2024-01-15_2024-01-22,38.098610787474676,158,2024,2024-01-15,2024-01-22,7.0,7,weekly,158,2024,Japan,post_pandemic,31.098610787474676,4.442658683924954,4.442658683924954
159,2024,2024-01-22_2024-01-29,34.57371473657735,159,2024,2024-01-22,2024-01-29,7.0,8,weekly,159,2024,Japan,post_pandemic,26.57371473657735,3.321714342072169,3.321714342072169
160,2024,2024-01-29_2024-02-05,34.57371473657735,160,2024,2024-01-29,2024-02-05,7.0,14,weekly,160,2024,Japan,post_pandemic,20.57371473657735,1.4695510526126678,1.4695510526126678
161,2024,2024-02-05_2024-02-12,34.57371473657735,161,2024,2024-02-05,2024-02-12,7.0,8,weekly,161,2024,Japan,post_pandemic,26.57371473657735,3.321714342072169,3.321714342072169
162,2024,2024-02-12_2024-02-19,34.48958682688549,162,2024,2024-02-12,2024-02-19,7.0,8,weekly,162,2024,Japan,post_pandemic,26.489586826885493,3.3111983533606866,3.3111983533606866
163,2024,2024-02-19_2024-02-26,33.98481936873428,163,2024,2024-02-19,2024-02-26,7.0,7,weekly,163,2024,Japan,post_pandemic,26.98481936873428,3.8549741955334684,3.8549741955334684
164,2024,2024-02-26_2024-03-04,33.98481936873428,164,2024,2024-02-26,2024-03-04,7.0,12,weekly,164,2024,Japan,post_pandemic,21.98481936873428,1.8320682807278565,1.8320682807278565
165,2024,2024-03-04_2024-03-11,33.98481936873428,165,2024,2024-03-04,2024-03-11,7.0,10,weekly,165,2024,Japan,post_pandemic,23.98481936873428,2.398481936873428,2.398481936873428
166,2024,2024-03-11_2024-03-18,33.98481936873428,166,2024,2024-03-11,2024-03-18,7.0,6,weekly,166,2024,Japan,post_pandemic,27.98481936873428,4.664136561455713,4.664136561455713
167,2024,2024-03-18_2024-03-25,39.25195777690533,167,2024,2024-03-18,2024-03-25,7.0,4,weekly,167,2024,Japan,post_pandemic,35.25195777690533,8.812989444226332,8.812989444226332
168,2024,2024-03-25_2024-04-01,40.129814178267175,168,2024,2024-03-25,2024-04-01,7.0,14,weekly,168,2024,Japan,post_pandemic,26.129814178267175,1.8664152984476554,1.8664152984476554
169,2024,2024-04-01_2024-04-08,40.129814178267175,169,2024,2024-04-01,2024-04-08,7.0,27,weekly,169,2024,Japan,post_pandemic,13.129814178267175,0.4862894140098954,0.4862894140098954
170,2024,2024-04-08_2024-04-15,40.129814178267175,170,2024,2024-04-08,2024-04-15,7.0,21,weekly,170,2024,Japan,post_pandemic,19.129814178267175,0.9109435322984369,0.9109435322984369
171,2024,2024-04-15_2024-04-22,49.280232362942144,171,2024,2024-04-15,2024-04-22,7.0,14,weekly,171,2024,Japan,post_pandemic,35.280232362942144,2.52001659735301,2.52001659735301
172,2024,2024-04-22_2024-04-29,56.14304600144837,172,2024,2024-04-22,2024-04-29,7.0,24,weekly,172,2024,Japan,post_pandemic,32.14304600144837,1.339293583393682,1.339293583393682
173,2024,2024-04-29_2024-05-06,56.14304600144837,173,2024,2024-04-29,2024-05-06,7.0,14,weekly,173,2024,Japan,post_pandemic,42.14304600144837,3.0102175715320265,3.0102175715320265
174,2024,2024-05-06_2024-05-13,56.14304600144837,174,2024,2024-05-06,2024-05-13,7.0,19,weekly,174,2024,Japan,post_pandemic,37.14304600144837,1.9548971579709669,1.9548971579709669
175,2024,2024-05-13_2024-05-20,65.36481131772776,175,2024,2024-05-13,2024-05-20,7.0,20,weekly,175,2024,Japan,post_pandemic,45.36481131772776,2.268240565886388,2.268240565886388
176,2024,2024-05-20_2024-05-27,88.41922460842612,176,2024,2024-05-20,2024-05-27,7.0,21,weekly,176,2024,Japan,post_pandemic,67.41922460842612,3.2104392670679105,3.2104392670679105
177,2024,2024-05-27_2024-06-03,88.41922460842612,177,2024,2024-05-27,2024-06-03,7.0,33,weekly,177,2024,Japan,post_pandemic,55.41922460842612,1.6793704426795795,1.6793704426795795
178,2024,2024-06-03_2024-06-10,88.41922460842612,178,2024,2024-06-03,2024-06-10,7.0,26,weekly,178,2024,Japan,post_pandemic,62.41922460842612,2.4007394080163893,2.4007394080163893
179,2024,2024-06-10_2024-06-17,88.41922460842612,179,2024,2024-06-10,2024-06-17,7.0,54,weekly,179,2024,Japan,post_pandemic,34.41922460842612,0.6373930483041874,0.6373930483041874
180,2024,2024-06-17_2024-06-24,145.5146583431289,180,2024,2024-06-17,2024-06-24,7.0,33,weekly,180,2024,Japan,post_pandemic,112.5146583431289,3.409535101306936,3.409535101306936
181,2024,2024-06-24_2024-07-01,145.5146583431289,181,2024,2024-06-24,2024-07-01,7.0,37,weekly,181,2024,Japan,post_pandemic,108.5146583431289,2.932828603868349,2.932828603868349
182,2024,2024-07-01_2024-07-08,145.5146583431289,182,2024,2024-07-01,2024-07-08,7.0,62,weekly,182,2024,Japan,post_pandemic,83.5146583431289,1.347010618437563,1.347010618437563
183,2024,2024-07-08_2024-07-15,145.5146583431289,183,2024,2024-07-08,2024-07-15,7.0,55,weekly,183,2024,Japan,post_pandemic,90.5146583431289,1.645721060784162,1.645721060784162
184,2024,2024-07-15_2024-07-22,206.36077400580172,184,2024,2024-07-15,2024-07-22,7.0,53,weekly,184,2024,Japan,post_pandemic,153.36077400580172,2.893599509543429,2.893599509543429
185,2024,2024-07-22_2024-07-29,230.69922027087082,185,2024,2024-07-22,2024-07-29,7.0,58,weekly,185,2024,Japan,post_pandemic,172.69922027087082,2.977572763290876,2.977572763290876
186,2024,2024-07-29_2024-08-05,230.69922027087082,186,2024,2024-07-29,2024-08-05,7.0,55,weekly,186,2024,Japan,post_pandemic,175.69922027087082,3.194531277652197,3.194531277652197
187,2024,2024-08-05_2024-08-12,230.69922027087082,187,2024,2024-08-05,2024-08-12,7.0,74,weekly,187,2024,Japan,post_pandemic,156.69922027087082,2.1175570306874434,2.1175570306874434
188,2024,2024-08-12_2024-08-19,272.049918156328,188,2024,2024-08-12,2024-08-19,7.0,60,weekly,188,2024,Japan,post_pandemic,212.04991815632798,3.5341653026054662,3.5341653026054662
189,2024,2024-08-19_2024-08-26,327.1841820036043,189,2024,2024-08-19,2024-08-26,7.0,96,weekly,189,2024,Japan,post_pandemic,231.1841820036043,2.408168562537545,2.408168562537545
190,2024,2024-08-26_2024-09-02,327.1841820036043,190,2024,2024-08-26,2024-09-02,7.0,92,weekly,190,2024,Japan,post_pandemic,235.1841820036043,2.556349804387003,2.556349804387003
191,2024,2024-09-02_2024-09-09,327.1841820036043,191,2024,2024-09-02,2024-09-09,7.0,89,weekly,191,2024,Japan,post_pandemic,238.1841820036043,2.6762267640854414,2.6762267640854414
192,2024,2024-09-09_2024-09-16,336.73523028237685,192,2024,2024-09-09,2024-09-16,7.0,103,weekly,192,2024,Japan,post_pandemic,233.73523028237685,2.2692740804114258,2.2692740804114258
193,2024,2024-09-16_2024-09-23,394.04151995501206,193,2024,2024-09-16,2024-09-23,7.0,105,weekly,193,2024,Japan,post_pandemic,289.04151995501206,2.7527763805239243,2.7527763805239243
194,2024,2024-09-23_2024-09-30,394.04151995501206,194,2024,2024-09-23,2024-09-30,7.0,93,weekly,194,2024,Japan,post_pandemic,301.04151995501206,3.237005590914108,3.237005590914108
195,2024,2024-09-30_2024-10-07,394.04151995501206,195,2024,2024-09-30,2024-10-07,7.0,133,weekly,195,2024,Japan,post_pandemic,261.04151995501206,1.9627181951504666,1.9627181951504666
196,2024,2024-10-07_2024-10-14,394.04151995501206,196,2024,2024-10-07,2024-10-14,7.0,139,weekly,196,2024,Japan,post_pandemic,255.04151995501206,1.8348310788130364,1.8348310788130364
197,2024,2024-10-14_2024-10-21,395.83490600220034,197,2024,2024-10-14,2024-10-21,7.0,122,weekly,197,2024,Japan,post_pandemic,273.83490600220034,2.2445484098541013,2.2445484098541013
198,2024,2024-10-21_2024-10-28,396.1338036767317,198,2024,2024-10-21,2024-10-28,7.0,147,weekly,198,2024,Japan,post_pandemic,249.1338036767317,1.6947877801138211,1.6947877801138211
199,2024,2024-10-28_2024-11-04,396.1338036767317,199,2024,2024-10-28,2024-11-04,7.0,120,weekly,199,2024,Japan,post_pandemic,276.1338036767317,2.301115030639431,2.301115030639431
200,2024,2024-11-04_2024-11-11,396.1338036767317,200,2024,2024-11-04,2024-11-11,7.0,109,weekly,200,2024,Japan,post_pandemic,287.1338036767317,2.6342550796030433,2.6342550796030433
201,2024,2024-11-11_2024-11-18,365.03624382224876,201,2024,2024-11-11,2024-11-18,7.0,144,weekly,201,2024,Japan,post_pandemic,221.03624382224876,1.534973915432283,1.534973915432283
202,2024,2024-11-18_2024-11-25,341.71307393138653,202,2024,2024-11-18,2024-11-25,7.0,127,weekly,202,2024,Japan,post_pandemic,214.71307393138653,1.6906541254439884,1.6906541254439884
203,2024,2024-11-25_2024-12-02,341.71307393138653,203,2024,2024-11-25,2024-12-02,7.0,139,weekly,203,2024,Japan,post_pandemic,202.71307393138653,1.4583674383552987,1.4583674383552987
204,2024,2024-12-02_2024-12-09,341.71307393138653,204,2024,2024-12-02,2024-12-09,7.0,135,weekly,204,2024,Japan,post_pandemic,206.71307393138653,1.5312079550473077,1.5312079550473077
205,2024,2024-12-09_2024-12-16,322.1308793860358,205,2024,2024-12-09,2024-12-16,7.0,131,weekly,205,2024,Japan,post_pandemic,191.13087938603582,1.4590143464582888,1.4590143464582888
206,2024,2024-12-16_2024-12-23,273.1753930226591,206,2024,2024-12-16,2024-12-23,7.0,144,weekly,206,2024,Japan,post_pandemic,129.17539302265908,0.8970513404351325,0.8970513404351325
207,2024,2024-12-23_2024-12-30,273.1753930226591,207,2024,2024-12-23,2024-12-30,7.0,158,weekly,207,2024,Japan,post_pandemic,115.17539302265908,0.7289581836877157,0.7289581836877157
208,2024,2024-12-30_2025-01-06,273.1753930226591,208,2024,2024-12-30,2025-01-06,7.0,25,weekly,208,2024,Japan,post_pandemic,248.17539302265908,9.927015720906363,9.927015720906363
209,2025,2025-01-06_2025-01-13,273.1753930226591,209,2025,2025-01-06,2025-01-13,7.0,135,weekly,209,2025,Japan,post_pandemic,138.17539302265908,1.0235214297974746,1.0235214297974746
210,2025,2025-01-13_2025-01-20,225.67081984957983,210,2025,2025-01-13,2025-01-20,7.0,140,weekly,210,2025,Japan,post_pandemic,85.67081984957983,0.6119344274969988,0.6119344274969988
211,2025,2025-01-20_2025-01-27,225.67081984957983,211,2025,2025-01-20,2025-01-27,7.0,195,weekly,211,2025,Japan,post_pandemic,30.67081984957983,0.15728625563887091,0.15728625563887091
212,2025,2025-01-27_2025-02-03,225.67081984957983,212,2025,2025-01-27,2025-02-03,7.0,246,weekly,212,2025,Japan,post_pandemic,20.32918015042017,-0.082638943700895,0.082638943700895
213,2025,2025-02-03_2025-02-10,225.67081984957983,213,2025,2025-02-03,2025-02-10,7.0,262,weekly,213,2025,Japan,post_pandemic,36.32918015042017,-0.138660992940535,0.138660992940535
214,2025,2025-02-10_2025-02-17,216.180489899798,214,2025,2025-02-10,2025-02-17,7.0,280,weekly,214,2025,Japan,post_pandemic,63.819510100201995,-0.2279268217864357,0.2279268217864357
215,2025,2025-02-17_2025-02-24,212.38435791988528,215,2025,2025-02-17,2025-02-24,7.0,358,weekly,215,2025,Japan,post_pandemic,145.61564208011472,-0.40674760357573947,0.40674760357573947
216,2025,2025-02-24_2025-03-03,212.38435791988528,216,2025,2025-02-24,2025-03-03,7.0,353,weekly,216,2025,Japan,post_pandemic,140.61564208011472,-0.39834459512780374,0.39834459512780374
217,2025,2025-03-03_2025-03-10,212.38435791988528,217,2025,2025-03-03,2025-03-10,7.0,482,weekly,217,2025,Japan,post_pandemic,269.61564208011475,-0.559368552033433,0.559368552033433
218,2025,2025-03-10_2025-03-17,223.9205807277217,218,2025,2025-03-10,2025-03-17,7.0,561,weekly,218,2025,Japan,post_pandemic,337.0794192722783,-0.6008545798079827,0.6008545798079827
219,2025,2025-03-17_2025-03-24,239.3022111381703,219,2025,2025-03-17,2025-03-24,7.0,458,weekly,219,2025,Japan,post_pandemic,218.6977888618297,-0.4775060892179688,0.4775060892179688
220,2025,2025-03-24_2025-03-31,239.3022111381703,220,2025,2025-03-24,2025-03-31,7.0,578,weekly,220,2025,Japan,post_pandemic,338.69778886182974,-0.5859823336709857,0.5859823336709857
221,2025,2025-03-31_2025-04-07,239.3022111381703,221,2025,2025-03-31,2025-04-07,7.0,722,weekly,221,2025,Japan,post_pandemic,482.69778886182974,-0.6685564942684622,0.6685564942684622
222,2025,2025-04-07_2025-04-14,250.9881844830771,222,2025,2025-04-07,2025-04-14,7.0,1222,weekly,222,2025,Japan,post_pandemic,971.0118155169229,-0.7946086870023918,0.7946086870023918
223,2025,2025-04-14_2025-04-21,321.1040245525175,223,2025,2025-04-14,2025-04-21,7.0,1884,weekly,223,2025,Japan,post_pandemic,1562.8959754474824,-0.8295626196642688,0.8295626196642688
224,2025,2025-04-21_2025-04-28,321.1040245525175,224,2025,2025-04-21,2025-04-28,7.0,2176,weekly,224,2025,Japan,post_pandemic,1854.8959754474824,-0.8524338122460857,0.8524338122460857
225,2025,2025-04-28_2025-05-05,321.1040245525175,225,2025,2025-04-28,2025-05-05,7.0,1746,weekly,225,2025,Japan,post_pandemic,1424.8959754474824,-0.8160916239676302,0.8160916239676302
226,2025,2025-05-05_2025-05-12,321.1040245525175,226,2025,2025-05-05,2025-05-12,7.0,1792,weekly,226,2025,Japan,post_pandemic,1470.8959754474824,-0.8208124862988183,0.8208124862988183
227,2025,2025-05-12_2025-05-19,466.40482309952347,227,2025,2025-05-12,2025-05-19,7.0,2299,weekly,227,2025,Japan,post_pandemic,1832.5951769004764,-0.7971270886909423,0.7971270886909423
228,2025,2025-05-19_2025-05-26,490.6216228573577,228,2025,2025-05-19,2025-05-26,7.0,2660,weekly,228,2025,Japan,post_pandemic,2169.3783771426424,-0.8155557808806927,0.8155557808806927
229,2025,2025-05-26_2025-06-02,490.6216228573577,229,2025,2025-05-26,2025-06-02,7.0,2329,weekly,229,2025,Japan,post_pandemic,1838.3783771426424,-0.7893423688890693,0.7893423688890693
230,2025,2025-06-02_2025-06-09,490.6216228573577,230,2025,2025-06-02,2025-06-09,7.0,3044,weekly,230,2025,Japan,post_pandemic,2553.3783771426424,-0.8388233827669653,0.8388233827669653
231,2025,2025-06-09_2025-06-16,665.3967564542526,231,2025,2025-06-09,2025-06-16,7.0,2970,weekly,231,2025,Japan,post_pandemic,2304.6032435457473,-0.7759606880625411,0.7759606880625411
232,2025,2025-06-16_2025-06-23,796.4781066519238,232,2025,2025-06-16,2025-06-23,7.0,3211,weekly,232,2025,Japan,post_pandemic,2414.5218933480764,-0.7519532523662649,0.7519532523662649
233,2025,2025-06-23_2025-06-30,796.4781066519238,233,2025,2025-06-23,2025-06-30,7.0,3353,weekly,233,2025,Japan,post_pandemic,2556.5218933480764,-0.7624580654184541,0.7624580654184541
234,2025,2025-06-30_2025-07-07,796.4781066519238,234,2025,2025-06-30,2025-07-07,7.0,3578,weekly,234,2025,Japan,post_pandemic,2781.5218933480764,-0.7773957220089649,0.7773957220089649
235,2025,2025-07-07_2025-07-14,930.449486996093,235,2025,2025-07-07,2025-07-14,7.0,3682,weekly,235,2025,Japan,post_pandemic,2751.550513003907,-0.7472978036403876,0.7472978036403876
236,2025,2025-07-14_2025-07-21,1265.3779378565173,236,2025,2025-07-14,2025-07-21,7.0,3908,weekly,236,2025,Japan,post_pandemic,2642.6220621434827,-0.6762083065873804,0.6762083065873804
237,2025,2025-07-21_2025-07-28,1265.3779378565173,237,2025,2025-07-21,2025-07-28,7.0,3399,weekly,237,2025,Japan,post_pandemic,2133.6220621434827,-0.6277205243140579,0.6277205243140579
238,2025,2025-07-28_2025-08-04,1265.3779378565173,238,2025,2025-07-28,2025-08-04,7.0,3599,weekly,238,2025,Japan,post_pandemic,2333.6220621434827,-0.6484084640576501,0.6484084640576501
239,2025,2025-08-04_2025-08-11,1265.3779378565173,239,2025,2025-08-04,2025-08-11,7.0,3211,weekly,239,2025,Japan,post_pandemic,1945.6220621434827,-0.605924030564772,0.605924030564772
240,2025,2025-08-11_2025-08-18,1817.3286345037689,240,2025,2025-08-11,2025-08-18,7.0,1506,weekly,240,2025,Japan,post_pandemic,311.32863450376885,0.20672552091883722,0.20672552091883722
241,2025,2025-08-18_2025-08-25,1817.3286345037689,241,2025,2025-08-18,2025-08-25,7.0,2762,weekly,241,2025,Japan,post_pandemic,944.6713654962311,-0.34202439011449354,0.34202439011449354
242,2025,2025-08-25_2025-09-01,1817.3286345037689,242,2025,2025-08-25,2025-09-01,7.0,2258,weekly,242,2025,Japan,post_pandemic,440.67136549623115,-0.19516003786369848,0.19516003786369848
243,2025,2025-09-01_2025-09-08,1817.3286345037689,243,2025,2025-09-01,2025-09-08,7.0,1921,weekly,243,2025,Japan,post_pandemic,103.67136549623115,-0.05396739484447222,0.05396739484447222
244,2025,2025-09-08_2025-09-15,2106.379836896178,244,2025,2025-09-08,2025-09-15,7.0,1552,weekly,244,2025,Japan,post_pandemic,554.379836896178,0.35720350315475385,0.35720350315475385
245,2025,2025-09-15_2025-09-22,2222.000317853141,245,2025,2025-09-15,2025-09-22,7.0,1168,weekly,245,2025,Japan,post_pandemic,1054.000317853141,0.9023975324085112,0.9023975324085112
246,2025,2025-09-22_2025-09-29,2222.000317853141,246,2025,2025-09-22,2025-09-29,7.0,1001,weekly,246,2025,Japan,post_pandemic,1221.000317853141,1.2197805373158253,1.2197805373158253
247,2025,2025-09-29_2025-10-06,2222.000317853141,247,2025,2025-09-29,2025-10-06,7.0,1193,weekly,247,2025,Japan,post_pandemic,1029.000317853141,0.8625316997930772,0.8625316997930772
248,2025,2025-10-10_2025-10-17,2254.270810432617,248,2025,2025-10-10,2025-10-17,7.0,944,weekly,248,2025,Japan,post_pandemic,1310.270810432617,1.3879987398650604,1.3879987398650604
249,2025,2025-10-17_2025-10-24,2254.270810432617,249,2025,2025-10-17,2025-10-24,7.0,773,weekly,249,2025,Japan,post_pandemic,1481.270810432617,1.916262367959401,1.916262367959401
250,2025,2025-10-24_2025-10-31,2254.270810432617,250,2025,2025-10-24,2025-10-31,7.0,884,weekly,250,2025,Japan,post_pandemic,1370.270810432617,1.5500801022993405,1.5500801022993405
251,2025,2025-10-31_2025-11-07,2254.270810432617,251,2025,2025-10-31,2025-11-07,7.0,718,weekly,251,2025,Japan,post_pandemic,1536.270810432617,2.1396529393211936,2.1396529393211936
252,2025,2025-11-07_2025-11-14,2024.5921999894683,252,2025,2025-11-07,2025-11-14,7.0,598,weekly,252,2025,Japan,post_pandemic,1426.5921999894683,2.3856056856011176,2.3856056856011176
253,2025,2025-11-14_2025-11-21,1932.7207558122086,253,2025,2025-11-14,2025-11-21,7.0,613,weekly,253,2025,Japan,post_pandemic,1319.7207558122086,2.1528886717980567,2.1528886717980567
254,2025,2025-11-21_2025-11-28,1932.7207558122086,254,2025,2025-11-21,2025-11-28,7.0,508,weekly,254,2025,Japan,post_pandemic,1424.7207558122086,2.8045684169531664,2.8045684169531664
255,2025,2025-11-28_2025-12-05,1932.7207558122086,255,2025,2025-11-28,2025-12-05,7.0,380,weekly,255,2025,Japan,post_pandemic,1552.7207558122086,4.086107252137391,4.086107252137391
256,2025,2025-12-05_2025-12-12,1746.7101206381735,256,2025,2025-12-05,2025-12-12,7.0,498,weekly,256,2025,Japan,post_pandemic,1248.7101206381735,2.5074500414421155,2.5074500414421155
257,2025,2025-12-13_2025-12-20,1498.6959404061265,257,2025,2025-12-13,2025-12-20,7.0,431,weekly,257,2025,Japan,post_pandemic,1067.6959404061265,2.4772527619631703,2.4772527619631703
258,2025,2025-12-20_2025-12-27,1498.6959404061265,258,2025,2025-12-20,2025-12-27,7.0,377,weekly,258,2025,Japan,post_pandemic,1121.6959404061265,2.975320796833227,2.975320796833227
259,2025,2025-12-27_2026-01-03,1498.6959404061265,259,2025,2025-12-27,2026-01-03,7.0,352,weekly,259,2025,Japan,post_pandemic,1146.6959404061265,3.257658921608314,3.257658921608314
260,2026,2026-01-10_2026-01-17,1170.0888044452763,260,2026,2026-01-10,2026-01-17,7.0,46,weekly,260,2026,Japan,post_pandemic,1124.0888044452763,24.4367131401147,24.4367131401147
261,2026,2026-01-17_2026-01-24,1170.0888044452763,261,2026,2026-01-17,2026-01-24,7.0,283,weekly,261,2026,Japan,post_pandemic,887.0888044452763,3.1345894150009763,3.1345894150009763
262,2026,2026-01-24_2026-01-31,1170.0888044452763,262,2026,2026-01-24,2026-01-31,7.0,221,weekly,262,2026,Japan,post_pandemic,949.0888044452763,4.294519477127947,4.294519477127947
263,2026,2026-01-31_2026-02-07,1170.0888044452763,263,2026,2026-01-31,2026-02-07,7.0,225,weekly,263,2026,Japan,post_pandemic,945.0888044452763,4.200394686423451,4.200394686423451
264,2026,2026-02-07_2026-02-14,1020.5941819432086,264,2026,2026-02-07,2026-02-14,7.0,188,weekly,264,2026,Japan,post_pandemic,832.5941819432086,4.428692457144726,4.428692457144726
265,2026,2026-02-14_2026-02-21,1020.5941819432086,265,2026,2026-02-14,2026-02-21,7.0,162,weekly,265,2026,Japan,post_pandemic,858.5941819432086,5.299964086069188,5.299964086069188
266,2026,2026-02-21_2026-02-28,1020.5941819432086,266,2026,2026-02-21,2026-02-28,7.0,132,weekly,266,2026,Japan,post_pandemic,888.5941819432086,6.731774105630368,6.731774105630368
267,2026,2026-02-28_2026-03-07,1020.5941819432086,267,2026,2026-02-28,2026-03-07,7.0,138,weekly,267,2026,Japan,post_pandemic,882.5941819432086,6.395610014081222,6.395610014081222
268,2026,2026-03-07_2026-03-14,1043.519830321413,268,2026,2026-03-07,2026-03-14,7.0,105,weekly,268,2026,Japan,post_pandemic,938.5198303214131,8.938284098299173,8.938284098299173
269,2026,2026-03-14_2026-03-21,1052.690089672695,269,2026,2026-03-14,2026-03-21,7.0,100,weekly,269,2026,Japan,post_pandemic,952.690089672695,9.52690089672695,9.52690089672695
270,2026,2026-03-21_2026-03-28,1052.690089672695,270,2026,2026-03-21,2026-03-28,7.0,88,weekly,270,2026,Japan,post_pandemic,964.690089672695,10.96238738264426,10.96238738264426
271,2026,2026-03-28_2026-04-04,1052.690089672695,271,2026,2026-03-28,2026-04-04,7.0,70,weekly,271,2026,Japan,post_pandemic,982.690089672695,14.03842985246707,14.03842985246707
272,2026,2026-04-04_2026-04-11,1133.8046667128208,272,2026,2026-04-04,2026-04-11,7.0,77,weekly,272,2026,Japan,post_pandemic,1056.8046667128208,13.724735931335335,13.724735931335335
273,2026,2026-04-11_2026-04-18,1241.9574360996548,273,2026,2026-04-11,2026-04-18,7.0,97,weekly,273,2026,Japan,post_pandemic,1144.9574360996548,11.803684908243865,11.803684908243865
274,2026,2026-04-18_2026-04-25,1241.9574360996548,274,2026,2026-04-18,2026-04-25,7.0,87,weekly,274,2026,Japan,post_pandemic,1154.9574360996548,13.275372828731665,13.275372828731665
275,2026,2026-04-25_2026-05-02,1241.9574360996548,275,2026,2026-04-25,2026-05-02,7.0,90,weekly,275,2026,Japan,post_pandemic,1151.9574360996548,12.799527067773942,12.799527067773942
0,2021,2021-01-01_2021-02-01,3.624337800178741,0,2021,2021-01-01,2021-02-01,31.0,6,monthly,0,2021,New_Zealand,pandemic_npi,2.375662199821259,-0.3959436999702098,0.3959436999702098
1,2021,2021-02-01_2021-03-01,3.294960537383027,1,2021,2021-02-01,2021-03-01,28.0,8,monthly,1,2021,New_Zealand,pandemic_npi,4.705039462616973,-0.5881299328271217,0.5881299328271217
2,2021,2021-03-01_2021-04-01,3.344983404671181,2,2021,2021-03-01,2021-04-01,31.0,10,monthly,2,2021,New_Zealand,pandemic_npi,6.655016595328819,-0.6655016595328819,0.6655016595328819
3,2021,2021-04-01_2021-05-01,2.6717050266865403,3,2021,2021-04-01,2021-05-01,30.0,2,monthly,3,2021,New_Zealand,pandemic_npi,0.6717050266865403,0.33585251334327015,0.33585251334327015
4,2021,2021-05-01_2021-06-01,2.0997295912184666,4,2021,2021-05-01,2021-06-01,31.0,8,monthly,4,2021,New_Zealand,pandemic_npi,5.900270408781534,-0.7375338010976917,0.7375338010976917
5,2021,2021-06-01_2021-07-01,1.5204204553540477,5,2021,2021-06-01,2021-07-01,30.0,6,monthly,5,2021,New_Zealand,pandemic_npi,4.4795795446459525,-0.7465965907743254,0.7465965907743254
6,2021,2021-07-01_2021-08-01,1.2214820852174053,6,2021,2021-07-01,2021-08-01,31.0,5,monthly,6,2021,New_Zealand,pandemic_npi,3.7785179147825945,-0.7557035829565188,0.7557035829565188
7,2021,2021-08-01_2021-09-01,1.056787331509983,7,2021,2021-08-01,2021-09-01,31.0,10,monthly,7,2021,New_Zealand,pandemic_npi,8.943212668490016,-0.8943212668490016,0.8943212668490016
8,2021,2021-09-01_2021-10-01,1.010156114949775,8,2021,2021-09-01,2021-10-01,30.0,2,monthly,8,2021,New_Zealand,pandemic_npi,0.9898438850502249,-0.49492194252511246,0.49492194252511246
9,2021,2021-10-01_2021-11-01,1.1685831648822118,9,2021,2021-10-01,2021-11-01,31.0,4,monthly,9,2021,New_Zealand,pandemic_npi,2.831416835117788,-0.707854208779447,0.707854208779447
10,2021,2021-11-01_2021-12-01,1.3726388792455324,10,2021,2021-11-01,2021-12-01,30.0,1,monthly,10,2021,New_Zealand,pandemic_npi,0.3726388792455324,0.3726388792455324,0.3726388792455324
11,2021,2021-12-01_2022-01-01,1.7859744783009908,11,2021,2021-12-01,2022-01-01,31.0,0,monthly,11,2021,New_Zealand,pandemic_npi,1.7859744783009908,,
12,2022,2022-01-01_2022-02-01,2.1884295342371782,12,2022,2022-01-01,2022-02-01,31.0,0,monthly,12,2022,New_Zealand,post_pandemic,2.1884295342371782,,
13,2022,2022-02-01_2022-03-01,2.230209970267859,13,2022,2022-02-01,2022-03-01,28.0,1,monthly,13,2022,New_Zealand,post_pandemic,1.2302099702678588,1.2302099702678588,1.2302099702678588
14,2022,2022-03-01_2022-04-01,2.5322701908444283,14,2022,2022-03-01,2022-04-01,31.0,2,monthly,14,2022,New_Zealand,post_pandemic,0.5322701908444283,0.26613509542221414,0.26613509542221414
15,2022,2022-04-01_2022-05-01,2.2524092054195983,15,2022,2022-04-01,2022-05-01,30.0,0,monthly,15,2022,New_Zealand,post_pandemic,2.2524092054195983,,
16,2022,2022-05-01_2022-06-01,1.955971111646835,16,2022,2022-05-01,2022-06-01,31.0,2,monthly,16,2022,New_Zealand,post_pandemic,0.044028888353164986,-0.022014444176582493,0.022014444176582493
17,2022,2022-06-01_2022-07-01,1.5461293150226845,17,2022,2022-06-01,2022-07-01,30.0,0,monthly,17,2022,New_Zealand,post_pandemic,1.5461293150226845,,
18,2022,2022-07-01_2022-08-01,1.3531580864983344,18,2022,2022-07-01,2022-08-01,31.0,4,monthly,18,2022,New_Zealand,post_pandemic,2.6468419135016656,-0.6617104783754164,0.6617104783754164
19,2022,2022-08-01_2022-09-01,1.2720702372065162,19,2022,2022-08-01,2022-09-01,31.0,3,monthly,19,2022,New_Zealand,post_pandemic,1.7279297627934838,-0.5759765875978279,0.5759765875978279
20,2022,2022-09-01_2022-10-01,1.32147856125939,20,2022,2022-09-01,2022-10-01,30.0,1,monthly,20,2022,New_Zealand,post_pandemic,0.32147856125939,0.32147856125939,0.32147856125939
21,2022,2022-10-01_2022-11-01,1.6618771262795267,21,2022,2022-10-01,2022-11-01,31.0,1,monthly,21,2022,New_Zealand,post_pandemic,0.6618771262795267,0.6618771262795267,0.6618771262795267
22,2022,2022-11-01_2022-12-01,2.11796107104599,22,2022,2022-11-01,2022-12-01,30.0,3,monthly,22,2022,New_Zealand,post_pandemic,0.8820389289540098,-0.29401297631800327,0.29401297631800327
23,2022,2022-12-01_2023-01-01,2.966215371391564,23,2022,2022-12-01,2023-01-01,31.0,1,monthly,23,2022,New_Zealand,post_pandemic,1.9662153713915642,1.9662153713915642,1.9662153713915642
24,2023,2023-01-01_2023-02-01,3.888136855803045,24,2023,2023-01-01,2023-02-01,31.0,1,monthly,24,2023,New_Zealand,post_pandemic,2.888136855803045,2.888136855803045,2.888136855803045
25,2023,2023-02-01_2023-03-01,4.186968198638999,25,2023,2023-02-01,2023-03-01,28.0,5,monthly,25,2023,New_Zealand,post_pandemic,0.8130318013610012,-0.16260636027220024,0.16260636027220024
26,2023,2023-03-01_2023-04-01,5.002739427499929,26,2023,2023-03-01,2023-04-01,31.0,9,monthly,26,2023,New_Zealand,post_pandemic,3.997260572500071,-0.444140063611119,0.444140063611119
27,2023,2023-04-01_2023-05-01,4.670364730736797,27,2023,2023-04-01,2023-05-01,30.0,11,monthly,27,2023,New_Zealand,post_pandemic,6.329635269263203,-0.5754213881148367,0.5754213881148367
28,2023,2023-05-01_2023-06-01,4.254251918122051,28,2023,2023-05-01,2023-06-01,31.0,5,monthly,28,2023,New_Zealand,post_pandemic,0.7457480818779487,-0.14914961637558974,0.14914961637558974
29,2023,2023-06-01_2023-07-01,3.511154108509932,29,2023,2023-06-01,2023-07-01,30.0,2,monthly,29,2023,New_Zealand,post_pandemic,1.511154108509932,0.755577054254966,0.755577054254966
30,2023,2023-07-01_2023-08-01,3.2096818073890274,30,2023,2023-07-01,2023-08-01,31.0,5,monthly,30,2023,New_Zealand,post_pandemic,1.7903181926109726,-0.3580636385221945,0.3580636385221945
31,2023,2023-08-01_2023-09-01,3.147850115026782,31,2023,2023-08-01,2023-09-01,31.0,34,monthly,31,2023,New_Zealand,post_pandemic,30.85214988497322,-0.9074161730874476,0.9074161730874476
32,2023,2023-09-01_2023-10-01,3.412431499737264,32,2023,2023-09-01,2023-10-01,30.0,21,monthly,32,2023,New_Zealand,post_pandemic,17.587568500262737,-0.8375032619172732,0.8375032619172732
33,2023,2023-10-01_2023-11-01,4.460955053532301,33,2023,2023-10-01,2023-11-01,31.0,9,monthly,33,2023,New_Zealand,post_pandemic,4.539044946467699,-0.5043383273852999,0.5043383273852999
34,2023,2023-11-01_2023-12-01,5.896171306380758,34,2023,2023-11-01,2023-12-01,30.0,18,monthly,34,2023,New_Zealand,post_pandemic,12.103828693619242,-0.6724349274232913,0.6724349274232913
35,2023,2023-12-01_2024-01-01,8.482098968339862,35,2023,2023-12-01,2024-01-01,31.0,21,monthly,35,2023,New_Zealand,post_pandemic,12.517901031660138,-0.5960905253171495,0.5960905253171495
36,2024,2024-01-01_2024-02-01,11.38891662756422,36,2024,2024-01-01,2024-02-01,31.0,14,monthly,36,2024,New_Zealand,post_pandemic,2.6110833724357807,-0.18650595517398433,0.18650595517398433
37,2024,2024-02-01_2024-03-01,13.014794285279176,37,2024,2024-02-01,2024-03-01,29.0,19,monthly,37,2024,New_Zealand,post_pandemic,5.9852057147208235,-0.31501082709056966,0.31501082709056966
38,2024,2024-03-01_2024-04-01,15.22305784166028,38,2024,2024-03-01,2024-04-01,31.0,16,monthly,38,2024,New_Zealand,post_pandemic,0.77694215833972,-0.0485588848962325,0.0485588848962325
39,2024,2024-04-01_2024-05-01,14.402600981628822,39,2024,2024-04-01,2024-05-01,30.0,22,monthly,39,2024,New_Zealand,post_pandemic,7.597399018371178,-0.34533631901687173,0.34533631901687173
40,2024,2024-05-01_2024-06-01,13.320923346503353,40,2024,2024-05-01,2024-06-01,31.0,72,monthly,40,2024,New_Zealand,post_pandemic,58.67907665349665,-0.814987175743009,0.814987175743009
41,2024,2024-06-01_2024-07-01,11.161061568907893,41,2024,2024-06-01,2024-07-01,30.0,82,monthly,41,2024,New_Zealand,post_pandemic,70.8389384310921,-0.8638894930620988,0.8638894930620988
42,2024,2024-07-01_2024-08-01,10.397121587639845,42,2024,2024-07-01,2024-08-01,31.0,72,monthly,42,2024,New_Zealand,post_pandemic,61.602878412360155,-0.8555955335050022,0.8555955335050022
43,2024,2024-08-01_2024-09-01,10.407967844747908,43,2024,2024-08-01,2024-09-01,31.0,75,monthly,43,2024,New_Zealand,post_pandemic,64.5920321552521,-0.8612270954033613,0.8612270954033613
44,2024,2024-09-01_2024-10-01,11.559800894368305,44,2024,2024-09-01,2024-10-01,30.0,189,monthly,44,2024,New_Zealand,post_pandemic,177.4401991056317,-0.9388370323049297,0.9388370323049297
45,2024,2024-10-01_2024-11-01,15.500332948572662,45,2024,2024-10-01,2024-11-01,31.0,192,monthly,45,2024,New_Zealand,post_pandemic,176.49966705142734,-0.919269099226184,0.919269099226184
46,2024,2024-11-01_2024-12-01,21.230397241686852,46,2024,2024-11-01,2024-12-01,30.0,421,monthly,46,2024,New_Zealand,post_pandemic,399.76960275831317,-0.9495715029888674,0.9495715029888674
47,2024,2024-12-01_2025-01-01,31.86655899294136,47,2024,2024-12-01,2025-01-01,31.0,582,monthly,47,2024,New_Zealand,post_pandemic,550.1334410070587,-0.9452464622114409,0.9452464622114409
48,2025,2025-01-01_2025-02-01,45.41095231884279,48,2025,2025-01-01,2025-02-01,31.0,455,monthly,48,2025,New_Zealand,post_pandemic,409.58904768115724,-0.9001957091893565,0.9001957091893565
49,2025,2025-02-01_2025-03-01,53.825567397146024,49,2025,2025-02-01,2025-03-01,28.0,345,monthly,49,2025,New_Zealand,post_pandemic,291.174432602854,-0.8439838626169681,0.8439838626169681
50,2025,2025-03-01_2025-04-01,70.18566340669962,50,2025,2025-03-01,2025-04-01,31.0,212,monthly,50,2025,New_Zealand,post_pandemic,141.81433659330037,-0.668935549968398,0.668935549968398
51,2025,2025-04-01_2025-05-01,72.51100233365207,51,2025,2025-04-01,2025-05-01,30.0,159,monthly,51,2025,New_Zealand,post_pandemic,86.48899766634793,-0.5439559601657102,0.5439559601657102
52,2025,2025-05-01_2025-06-01,73.14594831543772,52,2025,2025-05-01,2025-06-01,31.0,180,monthly,52,2025,New_Zealand,post_pandemic,106.85405168456228,-0.5936336204697904,0.5936336204697904
53,2025,2025-06-01_2025-07-01,66.66895377767868,53,2025,2025-06-01,2025-07-01,30.0,189,monthly,53,2025,New_Zealand,post_pandemic,122.33104622232132,-0.647254212816515,0.647254212816515
54,2025,2025-07-01_2025-08-01,67.46086374272265,54,2025,2025-07-01,2025-08-01,31.0,149,monthly,54,2025,New_Zealand,post_pandemic,81.53913625727735,-0.5472425252166265,0.5472425252166265
55,2025,2025-08-01_2025-09-01,73.58855110943793,55,2025,2025-08-01,2025-09-01,31.0,205,monthly,55,2025,New_Zealand,post_pandemic,131.41144889056207,-0.6410314580027419,0.6410314580027419
56,2025,2025-09-01_2025-10-01,89.97220163413454,56,2025,2025-09-01,2025-10-01,30.0,155,monthly,56,2025,New_Zealand,post_pandemic,65.02779836586546,-0.41953418300558365,0.41953418300558365
57,2025,2025-10-01_2025-11-01,134.74862808904766,57,2025,2025-10-01,2025-11-01,31.0,205,monthly,57,2025,New_Zealand,post_pandemic,70.25137191095234,-0.3426896190778163,0.3426896190778163
58,2025,2025-11-01_2025-12-01,211.00242620876406,58,2025,2025-11-01,2025-12-01,30.0,197,monthly,58,2025,New_Zealand,post_pandemic,14.002426208764064,0.07107830562824398,0.07107830562824398
59,2025,2025-12-01_2026-01-01,364.4045351197795,59,2025,2025-12-01,2026-01-01,31.0,259,monthly,59,2025,New_Zealand,post_pandemic,105.4045351197795,0.40696731706478567,0.40696731706478567
60,2026,2026-01-01_2026-02-01,597.5907392549523,60,2026,2026-01-01,2026-02-01,31.0,252,monthly,60,2026,New_Zealand,post_pandemic,345.59073925495227,1.3713918224402868,1.3713918224402868
61,2026,2026-02-01_2026-03-01,799.7341080365462,61,2026,2026-02-01,2026-03-01,28.0,158,monthly,61,2026,New_Zealand,post_pandemic,641.7341080365462,4.061608278712318,4.061608278712318
62,2026,2026-03-01_2026-04-01,1118.6312912846681,62,2026,2026-03-01,2026-04-01,31.0,117,monthly,62,2026,New_Zealand,post_pandemic,1001.6312912846681,8.560951207561265,8.560951207561265
63,2026,2026-04-01_2026-05-01,1203.952291168556,63,2026,2026-04-01,2026-05-01,30.0,110,monthly,63,2026,New_Zealand,post_pandemic,1093.952291168556,9.945020828805054,9.945020828805054
0,2021,2021-01-01_2021-02-01,5.122996560720393,0,2021,2021-01-01,2021-02-01,31.0,0,monthly,0,2021,Sweden,pandemic_npi,5.122996560720393,,
1,2021,2021-02-01_2021-03-01,3.4388698874745423,1,2021,2021-02-01,2021-03-01,28.0,1,monthly,1,2021,Sweden,pandemic_npi,2.4388698874745423,2.4388698874745423,2.4388698874745423
2,2021,2021-03-01_2021-04-01,2.67735634712296,2,2021,2021-03-01,2021-04-01,31.0,0,monthly,2,2021,Sweden,pandemic_npi,2.67735634712296,,
3,2021,2021-04-01_2021-05-01,1.783004217564291,3,2021,2021-04-01,2021-05-01,30.0,1,monthly,3,2021,Sweden,pandemic_npi,0.7830042175642911,0.7830042175642911,0.7830042175642911
4,2021,2021-05-01_2021-06-01,1.375966310841224,4,2021,2021-05-01,2021-06-01,31.0,1,monthly,4,2021,Sweden,pandemic_npi,0.3759663108412239,0.3759663108412239,0.3759663108412239
5,2021,2021-06-01_2021-07-01,1.1266138719609802,5,2021,2021-06-01,2021-07-01,30.0,3,monthly,5,2021,Sweden,pandemic_npi,1.8733861280390198,-0.6244620426796733,0.6244620426796733
6,2021,2021-07-01_2021-08-01,1.1194928293148187,6,2021,2021-07-01,2021-08-01,31.0,1,monthly,6,2021,Sweden,pandemic_npi,0.11949282931481875,0.11949282931481875,0.11949282931481875
7,2021,2021-08-01_2021-09-01,1.1994533959164508,7,2021,2021-08-01,2021-09-01,31.0,1,monthly,7,2021,Sweden,pandemic_npi,0.19945339591645084,0.19945339591645084,0.19945339591645084
8,2021,2021-09-01_2021-10-01,1.3176480180301073,8,2021,2021-09-01,2021-10-01,30.0,0,monthly,8,2021,Sweden,pandemic_npi,1.3176480180301073,,
9,2021,2021-10-01_2021-11-01,1.606344151233127,9,2021,2021-10-01,2021-11-01,31.0,0,monthly,9,2021,Sweden,pandemic_npi,1.606344151233127,,
10,2021,2021-11-01_2021-12-01,1.8174328461555147,10,2021,2021-11-01,2021-12-01,30.0,1,monthly,10,2021,Sweden,pandemic_npi,0.8174328461555147,0.8174328461555147,0.8174328461555147
11,2021,2021-12-01_2022-01-01,2.081339036140222,11,2021,2021-12-01,2022-01-01,31.0,2,monthly,11,2021,Sweden,pandemic_npi,0.0813390361402222,0.0406695180701111,0.0406695180701111
12,2022,2022-01-01_2022-02-01,2.1211106943099884,12,2022,2022-01-01,2022-02-01,31.0,0,monthly,12,2022,Sweden,post_pandemic,2.1211106943099884,,
13,2022,2022-02-01_2022-03-01,1.8194651718371948,13,2022,2022-02-01,2022-03-01,28.0,0,monthly,13,2022,Sweden,post_pandemic,1.8194651718371948,,
14,2022,2022-03-01_2022-04-01,1.8280458019444157,14,2022,2022-03-01,2022-04-01,31.0,0,monthly,14,2022,Sweden,post_pandemic,1.8280458019444157,,
15,2022,2022-04-01_2022-05-01,1.6176485084095176,15,2022,2022-04-01,2022-05-01,30.0,0,monthly,15,2022,Sweden,post_pandemic,1.6176485084095176,,
16,2022,2022-05-01_2022-06-01,1.6345841303129953,16,2022,2022-05-01,2022-06-01,31.0,2,monthly,16,2022,Sweden,post_pandemic,0.3654158696870047,-0.18270793484350234,0.18270793484350234
17,2022,2022-06-01_2022-07-01,1.7491255300578588,17,2022,2022-06-01,2022-07-01,30.0,0,monthly,17,2022,Sweden,post_pandemic,1.7491255300578588,,
18,2022,2022-07-01_2022-08-01,2.2967660248738238,18,2022,2022-07-01,2022-08-01,31.0,0,monthly,18,2022,Sweden,post_pandemic,2.2967660248738238,,
19,2022,2022-08-01_2022-09-01,3.2580433988930158,19,2022,2022-08-01,2022-09-01,31.0,0,monthly,19,2022,Sweden,post_pandemic,3.2580433988930158,,
20,2022,2022-09-01_2022-10-01,4.653067777731033,20,2022,2022-09-01,2022-10-01,30.0,8,monthly,20,2022,Sweden,post_pandemic,3.3469322222689666,-0.4183665277836208,0.4183665277836208
21,2022,2022-10-01_2022-11-01,7.014561263248229,21,2022,2022-10-01,2022-11-01,31.0,1,monthly,21,2022,Sweden,post_pandemic,6.014561263248229,6.014561263248229,6.014561263248229
22,2022,2022-11-01_2022-12-01,9.126075256021691,22,2022,2022-11-01,2022-12-01,30.0,0,monthly,22,2022,Sweden,post_pandemic,9.126075256021691,,
23,2022,2022-12-01_2023-01-01,11.305683883385038,23,2022,2022-12-01,2023-01-01,31.0,2,monthly,23,2022,Sweden,post_pandemic,9.305683883385038,4.652841941692519,4.652841941692519
24,2023,2023-01-01_2023-02-01,11.840618455394647,24,2023,2023-01-01,2023-02-01,31.0,0,monthly,24,2023,Sweden,post_pandemic,11.840618455394647,,
25,2023,2023-02-01_2023-03-01,10.001945902068575,25,2023,2023-02-01,2023-03-01,28.0,2,monthly,25,2023,Sweden,post_pandemic,8.001945902068575,4.000972951034288,4.000972951034288
26,2023,2023-03-01_2023-04-01,9.609352405033901,26,2023,2023-03-01,2023-04-01,31.0,1,monthly,26,2023,Sweden,post_pandemic,8.609352405033901,8.609352405033901,8.609352405033901
27,2023,2023-04-01_2023-05-01,8.017649784465704,27,2023,2023-04-01,2023-05-01,30.0,0,monthly,27,2023,Sweden,post_pandemic,8.017649784465704,,
28,2023,2023-05-01_2023-06-01,7.664679390947392,28,2023,2023-05-01,2023-06-01,31.0,3,monthly,28,2023,Sweden,post_pandemic,4.664679390947392,1.5548931303157973,1.5548931303157973
29,2023,2023-06-01_2023-07-01,7.765304625746262,29,2023,2023-06-01,2023-07-01,30.0,8,monthly,29,2023,Sweden,post_pandemic,0.23469537425373765,-0.029336921781717207,0.029336921781717207
30,2023,2023-07-01_2023-08-01,9.601271995109482,30,2023,2023-07-01,2023-08-01,31.0,6,monthly,30,2023,Sweden,post_pandemic,3.6012719951094816,0.6002119991849136,0.6002119991849136
31,2023,2023-08-01_2023-09-01,12.774240922524534,31,2023,2023-08-01,2023-09-01,31.0,10,monthly,31,2023,Sweden,post_pandemic,2.774240922524534,0.2774240922524534,0.2774240922524534
32,2023,2023-09-01_2023-10-01,17.116153606207593,32,2023,2023-09-01,2023-10-01,30.0,18,monthly,32,2023,Sweden,post_pandemic,0.8838463937924068,-0.04910257743291149,0.04910257743291149
33,2023,2023-10-01_2023-11-01,24.08206433652845,33,2023,2023-10-01,2023-11-01,31.0,43,monthly,33,2023,Sweden,post_pandemic,18.91793566347155,-0.43995199217375697,0.43995199217375697
34,2023,2023-11-01_2023-12-01,29.476371495437817,34,2023,2023-11-01,2023-12-01,30.0,25,monthly,34,2023,Sweden,post_pandemic,4.476371495437817,0.17905485981751268,0.17905485981751268
35,2023,2023-12-01_2024-01-01,34.505643956231005,35,2023,2023-12-01,2024-01-01,31.0,21,monthly,35,2023,Sweden,post_pandemic,13.505643956231005,0.6431259026776669,0.6431259026776669
36,2024,2024-01-01_2024-02-01,34.43269805718217,36,2024,2024-01-01,2024-02-01,31.0,26,monthly,36,2024,Sweden,post_pandemic,8.432698057182172,0.32433454066085277,0.32433454066085277
37,2024,2024-02-01_2024-03-01,28.767476964773998,37,2024,2024-02-01,2024-03-01,29.0,28,monthly,37,2024,Sweden,post_pandemic,0.7674769647739978,0.02740989159907135,0.02740989159907135
38,2024,2024-03-01_2024-04-01,25.694211863428553,38,2024,2024-03-01,2024-04-01,31.0,46,monthly,38,2024,Sweden,post_pandemic,20.305788136571447,-0.441430176881988,0.441430176881988
39,2024,2024-04-01_2024-05-01,20.704829664453744,39,2024,2024-04-01,2024-05-01,30.0,68,monthly,39,2024,Sweden,post_pandemic,47.29517033554626,-0.6955172108168568,0.6955172108168568
40,2024,2024-05-01_2024-06-01,19.20629943877303,40,2024,2024-05-01,2024-06-01,31.0,100,monthly,40,2024,Sweden,post_pandemic,80.79370056122697,-0.8079370056122697,0.8079370056122697
41,2024,2024-06-01_2024-07-01,18.922164475349557,41,2024,2024-06-01,2024-07-01,30.0,177,monthly,41,2024,Sweden,post_pandemic,158.07783552465045,-0.8930951159584771,0.8930951159584771
42,2024,2024-07-01_2024-08-01,22.770404434029526,42,2024,2024-07-01,2024-08-01,31.0,292,monthly,42,2024,Sweden,post_pandemic,269.2295955659705,-0.9220191628971592,0.9220191628971592
43,2024,2024-08-01_2024-09-01,29.60358930755481,43,2024,2024-08-01,2024-09-01,31.0,495,monthly,43,2024,Sweden,post_pandemic,465.3964106924452,-0.9401947690756469,0.9401947690756469
44,2024,2024-09-01_2024-10-01,39.161379899559115,44,2024,2024-09-01,2024-10-01,30.0,415,monthly,44,2024,Sweden,post_pandemic,375.8386201004409,-0.9056352291576889,0.9056352291576889
45,2024,2024-10-01_2024-11-01,54.7372910109001,45,2024,2024-10-01,2024-11-01,31.0,344,monthly,45,2024,Sweden,post_pandemic,289.2627089890999,-0.8408799679915695,0.8408799679915695
46,2024,2024-11-01_2024-12-01,67.50241962824886,46,2024,2024-11-01,2024-12-01,30.0,324,monthly,46,2024,Sweden,post_pandemic,256.49758037175116,-0.7916591986782443,0.7916591986782443
47,2024,2024-12-01_2025-01-01,80.26567020103448,47,2024,2024-12-01,2025-01-01,31.0,230,monthly,47,2024,Sweden,post_pandemic,149.73432979896552,-0.6510188252128936,0.6510188252128936
48,2025,2025-01-01_2025-02-01,82.18590134942117,48,2025,2025-01-01,2025-02-01,31.0,166,monthly,48,2025,Sweden,post_pandemic,83.81409865057883,-0.5049042087384267,0.5049042087384267
49,2025,2025-02-01_2025-03-01,68.09457334586511,49,2025,2025-02-01,2025-03-01,28.0,98,monthly,49,2025,Sweden,post_pandemic,29.905426654134885,-0.3051574148381111,0.3051574148381111
50,2025,2025-03-01_2025-04-01,65.17848167507368,50,2025,2025-03-01,2025-04-01,31.0,74,monthly,50,2025,Sweden,post_pandemic,8.821518324926316,-0.11920970709359886,0.11920970709359886
51,2025,2025-04-01_2025-05-01,53.96259521897809,51,2025,2025-04-01,2025-05-01,30.0,43,monthly,51,2025,Sweden,post_pandemic,10.962595218978088,0.2549440748599555,0.2549440748599555
52,2025,2025-05-01_2025-06-01,51.40318380910015,52,2025,2025-05-01,2025-06-01,31.0,36,monthly,52,2025,Sweden,post_pandemic,15.403183809100149,0.4278662169194486,0.4278662169194486
53,2025,2025-06-01_2025-07-01,52.10902592605196,53,2025,2025-06-01,2025-07-01,30.0,34,monthly,53,2025,Sweden,post_pandemic,18.109025926051963,0.5326184095897636,0.5326184095897636
54,2025,2025-07-01_2025-08-01,65.12267573053785,54,2025,2025-07-01,2025-08-01,31.0,55,monthly,54,2025,Sweden,post_pandemic,10.12267573053785,0.18404864964614273,0.18404864964614273
55,2025,2025-08-01_2025-09-01,89.4457164479442,55,2025,2025-08-01,2025-09-01,31.0,79,monthly,55,2025,Sweden,post_pandemic,10.445716447944207,0.1322242588347368,0.1322242588347368
56,2025,2025-09-01_2025-10-01,127.65603472662099,56,2025,2025-09-01,2025-10-01,30.0,45,monthly,56,2025,Sweden,post_pandemic,82.65603472662099,1.8368007717026886,1.8368007717026886
57,2025,2025-10-01_2025-11-01,195.15280068807553,57,2025,2025-10-01,2025-11-01,31.0,47,monthly,57,2025,Sweden,post_pandemic,148.15280068807553,3.1521872486824583,3.1521872486824583
58,2025,2025-11-01_2025-12-01,266.8699789703835,58,2025,2025-11-01,2025-12-01,30.0,26,monthly,58,2025,Sweden,post_pandemic,240.8699789703835,9.264229960399366,9.264229960399366
59,2025,2025-12-01_2026-01-01,349.5669190238333,59,2025,2025-12-01,2026-01-01,31.0,80,monthly,59,2025,Sweden,post_pandemic,269.5669190238333,3.3695864877979163,3.3695864877979163
60,2026,2026-01-01_2026-02-01,391.1602072269138,60,2026,2026-01-01,2026-02-01,31.0,28,monthly,60,2026,Sweden,post_pandemic,363.1602072269138,12.970007400961208,12.970007400961208
61,2026,2026-02-01_2026-03-01,347.9887530147557,61,2026,2026-02-01,2026-03-01,28.0,16,monthly,61,2026,Sweden,post_pandemic,331.9887530147557,20.74929706342223,20.74929706342223
62,2026,2026-03-01_2026-04-01,352.20297957927374,62,2026,2026-03-01,2026-04-01,31.0,13,monthly,62,2026,Sweden,post_pandemic,339.20297957927374,26.092536890713365,26.092536890713365
63,2026,2026-04-01_2026-05-01,306.5857465326882,63,2026,2026-04-01,2026-05-01,30.0,16,monthly,63,2026,Sweden,post_pandemic,290.5857465326882,18.16160915829301,18.16160915829301
0,2021,2021-01-02_2021-01-09,2.075731356929766,0,2021,2021-01-02,2021-01-09,7.0,1,weekly,0,2021,United_States,pandemic_npi,1.075731356929766,1.075731356929766,1.075731356929766
1,2021,2021-01-09_2021-01-16,2.075731356929766,1,2021,2021-01-09,2021-01-16,7.0,1,weekly,1,2021,United_States,pandemic_npi,1.075731356929766,1.075731356929766,1.075731356929766
2,2021,2021-01-16_2021-01-23,2.075731356929766,2,2021,2021-01-16,2021-01-23,7.0,2,weekly,2,2021,United_States,pandemic_npi,0.07573135692976596,0.03786567846488298,0.03786567846488298
3,2021,2021-01-23_2021-01-30,2.075731356929766,3,2021,2021-01-23,2021-01-30,7.0,4,weekly,3,2021,United_States,pandemic_npi,1.924268643070234,-0.4810671607675585,0.4810671607675585
4,2021,2021-01-30_2021-02-06,1.7672355212233513,4,2021,2021-01-30,2021-02-06,7.0,4,weekly,4,2021,United_States,pandemic_npi,2.232764478776649,-0.5581911196941622,0.5581911196941622
5,2021,2021-02-06_2021-02-13,1.643837186940785,5,2021,2021-02-06,2021-02-13,7.0,3,weekly,5,2021,United_States,pandemic_npi,1.356162813059215,-0.45205427101973833,0.45205427101973833
6,2021,2021-02-20_2021-02-27,1.643837186940785,6,2021,2021-02-20,2021-02-27,7.0,2,weekly,6,2021,United_States,pandemic_npi,0.35616281305921493,-0.17808140652960747,0.17808140652960747
7,2021,2021-02-27_2021-03-06,1.4841903463626482,7,2021,2021-02-27,2021-03-06,7.0,9,weekly,7,2021,United_States,pandemic_npi,7.515809653637351,-0.8350899615152613,0.8350899615152613
8,2021,2021-03-06_2021-03-13,1.2713278922584652,8,2021,2021-03-06,2021-03-13,7.0,4,weekly,8,2021,United_States,pandemic_npi,2.728672107741535,-0.6821680269353837,0.6821680269353837
9,2021,2021-03-13_2021-03-20,1.2713278922584652,9,2021,2021-03-13,2021-03-20,7.0,6,weekly,9,2021,United_States,pandemic_npi,4.728672107741534,-0.7881120179569224,0.7881120179569224
10,2021,2021-03-20_2021-03-27,1.2713278922584652,10,2021,2021-03-20,2021-03-27,7.0,2,weekly,10,2021,United_States,pandemic_npi,0.7286721077415348,-0.3643360538707674,0.3643360538707674
11,2021,2021-03-27_2021-04-03,1.2293344015650542,11,2021,2021-03-27,2021-04-03,7.0,7,weekly,11,2021,United_States,pandemic_npi,5.770665598434945,-0.8243807997764208,0.8243807997764208
12,2021,2021-04-03_2021-04-10,0.9773734574045889,12,2021,2021-04-03,2021-04-10,7.0,12,weekly,12,2021,United_States,pandemic_npi,11.022626542595411,-0.9185522118829509,0.9185522118829509
13,2021,2021-04-10_2021-04-17,0.9773734574045889,13,2021,2021-04-10,2021-04-17,7.0,3,weekly,13,2021,United_States,pandemic_npi,2.022626542595411,-0.6742088475318037,0.6742088475318037
14,2021,2021-04-17_2021-04-24,0.9773734574045889,14,2021,2021-04-17,2021-04-24,7.0,5,weekly,14,2021,United_States,pandemic_npi,4.022626542595411,-0.8045253085190822,0.8045253085190822
15,2021,2021-04-24_2021-05-01,0.9773734574045889,15,2021,2021-04-24,2021-05-01,7.0,3,weekly,15,2021,United_States,pandemic_npi,2.022626542595411,-0.6742088475318037,0.6742088475318037
16,2021,2021-05-01_2021-05-08,0.800065434944777,16,2021,2021-05-01,2021-05-08,7.0,10,weekly,16,2021,United_States,pandemic_npi,9.199934565055223,-0.9199934565055223,0.9199934565055223
17,2021,2021-05-08_2021-05-15,0.7705140978681416,17,2021,2021-05-08,2021-05-15,7.0,8,weekly,17,2021,United_States,pandemic_npi,7.2294859021318585,-0.9036857377664823,0.9036857377664823
18,2021,2021-05-15_2021-05-22,0.7705140978681416,18,2021,2021-05-15,2021-05-22,7.0,14,weekly,18,2021,United_States,pandemic_npi,13.229485902131858,-0.9449632787237041,0.9449632787237041
19,2021,2021-05-22_2021-05-29,0.7705140978681416,19,2021,2021-05-22,2021-05-29,7.0,9,weekly,19,2021,United_States,pandemic_npi,8.229485902131858,-0.9143873224590953,0.9143873224590953
20,2021,2021-05-29_2021-06-05,0.6991171473863984,20,2021,2021-05-29,2021-06-05,7.0,10,weekly,20,2021,United_States,pandemic_npi,9.3008828526136,-0.9300882852613601,0.9300882852613601
21,2021,2021-06-05_2021-06-12,0.645569434525091,21,2021,2021-06-05,2021-06-12,7.0,16,weekly,21,2021,United_States,pandemic_npi,15.354430565474908,-0.9596519103421818,0.9596519103421818
22,2021,2021-06-12_2021-06-19,0.645569434525091,22,2021,2021-06-12,2021-06-19,7.0,16,weekly,22,2021,United_States,pandemic_npi,15.354430565474908,-0.9596519103421818,0.9596519103421818
23,2021,2021-06-19_2021-06-26,0.645569434525091,23,2021,2021-06-19,2021-06-26,7.0,11,weekly,23,2021,United_States,pandemic_npi,10.354430565474908,-0.941311869588628,0.941311869588628
24,2021,2021-06-26_2021-07-03,0.6381590493653806,24,2021,2021-06-26,2021-07-03,7.0,17,weekly,24,2021,United_States,pandemic_npi,16.36184095063462,-0.9624612323902717,0.9624612323902717
25,2021,2021-07-03_2021-07-10,0.6196330864661055,25,2021,2021-07-03,2021-07-10,7.0,9,weekly,25,2021,United_States,pandemic_npi,8.380366913533894,-0.9311518792815439,0.9311518792815439
26,2021,2021-07-10_2021-07-17,0.6196330864661055,26,2021,2021-07-10,2021-07-17,7.0,8,weekly,26,2021,United_States,pandemic_npi,7.380366913533894,-0.9225458641917368,0.9225458641917368
27,2021,2021-07-17_2021-07-24,0.6196330864661055,27,2021,2021-07-17,2021-07-24,7.0,11,weekly,27,2021,United_States,pandemic_npi,10.380366913533894,-0.9436697194121723,0.9436697194121723
28,2021,2021-07-24_2021-07-31,0.6196330864661055,28,2021,2021-07-24,2021-07-31,7.0,13,weekly,28,2021,United_States,pandemic_npi,12.380366913533894,-0.9523359164256842,0.9523359164256842
29,2021,2021-07-31_2021-08-07,0.6991752909648024,29,2021,2021-07-31,2021-08-07,7.0,4,weekly,29,2021,United_States,pandemic_npi,3.3008247090351976,-0.8252061772587994,0.8252061772587994
30,2021,2021-08-07_2021-08-14,0.6991752909648024,30,2021,2021-08-07,2021-08-14,7.0,19,weekly,30,2021,United_States,pandemic_npi,18.300824709035197,-0.9632013004755366,0.9632013004755366
31,2021,2021-08-14_2021-08-21,0.6991752909648024,31,2021,2021-08-14,2021-08-21,7.0,6,weekly,31,2021,United_States,pandemic_npi,5.300824709035197,-0.8834707848391995,0.8834707848391995
32,2021,2021-08-21_2021-08-28,0.6991752909648024,32,2021,2021-08-21,2021-08-28,7.0,18,weekly,32,2021,United_States,pandemic_npi,17.300824709035197,-0.9611569282797332,0.9611569282797332
33,2021,2021-08-28_2021-09-04,0.8266519945313486,33,2021,2021-08-28,2021-09-04,7.0,15,weekly,33,2021,United_States,pandemic_npi,14.173348005468652,-0.9448898670312434,0.9448898670312434
34,2021,2021-09-04_2021-09-11,0.8776426759579671,34,2021,2021-09-04,2021-09-11,7.0,12,weekly,34,2021,United_States,pandemic_npi,11.122357324042033,-0.9268631103368361,0.9268631103368361
35,2021,2021-09-11_2021-09-18,0.8776426759579671,35,2021,2021-09-11,2021-09-18,7.0,10,weekly,35,2021,United_States,pandemic_npi,9.122357324042033,-0.9122357324042033,0.9122357324042033
36,2021,2021-09-18_2021-09-25,0.8776426759579671,36,2021,2021-09-18,2021-09-25,7.0,20,weekly,36,2021,United_States,pandemic_npi,19.12235732404203,-0.9561178662021016,0.9561178662021016
37,2021,2021-09-25_2021-10-02,1.010063687203276,37,2021,2021-09-25,2021-10-02,7.0,12,weekly,37,2021,United_States,pandemic_npi,10.989936312796724,-0.9158280260663937,0.9158280260663937
38,2021,2021-10-02_2021-10-09,1.1866250355303547,38,2021,2021-10-02,2021-10-09,7.0,16,weekly,38,2021,United_States,pandemic_npi,14.813374964469645,-0.9258359352793528,0.9258359352793528
39,2021,2021-10-09_2021-10-16,1.1866250355303547,39,2021,2021-10-09,2021-10-16,7.0,13,weekly,39,2021,United_States,pandemic_npi,11.813374964469645,-0.9087211511130496,0.9087211511130496
40,2021,2021-10-16_2021-10-23,1.1866250355303547,40,2021,2021-10-16,2021-10-23,7.0,17,weekly,40,2021,United_States,pandemic_npi,15.813374964469645,-0.9301985273217438,0.9301985273217438
41,2021,2021-10-23_2021-10-30,1.2571198499364105,41,2021,2021-10-23,2021-10-30,7.0,13,weekly,41,2021,United_States,pandemic_npi,11.74288015006359,-0.9032984730818145,0.9032984730818145
42,2021,2021-10-30_2021-11-06,1.6800887363727435,42,2021,2021-10-30,2021-11-06,7.0,12,weekly,42,2021,United_States,pandemic_npi,10.319911263627256,-0.8599926053022714,0.8599926053022714
43,2021,2021-11-06_2021-11-13,1.6800887363727435,43,2021,2021-11-06,2021-11-13,7.0,15,weekly,43,2021,United_States,pandemic_npi,13.319911263627256,-0.8879940842418171,0.8879940842418171
44,2021,2021-11-13_2021-11-20,1.6800887363727435,44,2021,2021-11-13,2021-11-20,7.0,11,weekly,44,2021,United_States,pandemic_npi,9.319911263627256,-0.8472646603297506,0.8472646603297506
45,2021,2021-11-20_2021-11-27,1.6800887363727435,45,2021,2021-11-20,2021-11-27,7.0,10,weekly,45,2021,United_States,pandemic_npi,8.319911263627256,-0.8319911263627257,0.8319911263627257
46,2021,2021-11-27_2021-12-04,2.3208835470723863,46,2021,2021-11-27,2021-12-04,7.0,12,weekly,46,2021,United_States,pandemic_npi,9.679116452927614,-0.8065930377439678,0.8065930377439678
47,2021,2021-12-04_2021-12-11,2.427682682188993,47,2021,2021-12-04,2021-12-11,7.0,14,weekly,47,2021,United_States,pandemic_npi,11.572317317811006,-0.8265940941293576,0.8265940941293576
48,2021,2021-12-11_2021-12-18,2.427682682188993,48,2021,2021-12-11,2021-12-18,7.0,14,weekly,48,2021,United_States,pandemic_npi,11.572317317811006,-0.8265940941293576,0.8265940941293576
49,2021,2021-12-18_2021-12-25,2.427682682188993,49,2021,2021-12-18,2021-12-25,7.0,18,weekly,49,2021,United_States,pandemic_npi,15.572317317811006,-0.8651287398783892,0.8651287398783892
50,2021,2021-12-25_2022-01-01,2.950713979247846,50,2021,2021-12-25,2022-01-01,7.0,9,weekly,50,2021,United_States,pandemic_npi,6.049286020752154,-0.6721428911946838,0.6721428911946838
51,2022,2022-01-01_2022-01-08,3.3429874520419847,51,2022,2022-01-01,2022-01-08,7.0,7,weekly,51,2022,United_States,post_pandemic,3.6570125479580153,-0.5224303639940022,0.5224303639940022
52,2022,2022-01-08_2022-01-15,3.3429874520419847,52,2022,2022-01-08,2022-01-15,7.0,5,weekly,52,2022,United_States,post_pandemic,1.6570125479580153,-0.33140250959160306,0.33140250959160306
53,2022,2022-01-15_2022-01-22,3.3429874520419847,53,2022,2022-01-15,2022-01-22,7.0,2,weekly,53,2022,United_States,post_pandemic,1.3429874520419847,0.6714937260209923,0.6714937260209923
54,2022,2022-01-22_2022-01-29,3.5961542241258613,54,2022,2022-01-22,2022-01-29,7.0,7,weekly,54,2022,United_States,post_pandemic,3.4038457758741387,-0.4862636822677341,0.4862636822677341
55,2022,2022-01-29_2022-02-05,4.229071154335552,55,2022,2022-01-29,2022-02-05,7.0,4,weekly,55,2022,United_States,post_pandemic,0.2290711543355517,0.057267788583887924,0.057267788583887924
56,2022,2022-02-05_2022-02-12,4.229071154335552,56,2022,2022-02-05,2022-02-12,7.0,8,weekly,56,2022,United_States,post_pandemic,3.7709288456644483,-0.47136610570805604,0.47136610570805604
57,2022,2022-02-12_2022-02-19,4.229071154335552,57,2022,2022-02-12,2022-02-19,7.0,14,weekly,57,2022,United_States,post_pandemic,9.770928845664448,-0.6979234889760321,0.6979234889760321
58,2022,2022-02-19_2022-02-26,4.229071154335552,58,2022,2022-02-19,2022-02-26,7.0,4,weekly,58,2022,United_States,post_pandemic,0.2290711543355517,0.057267788583887924,0.057267788583887924
59,2022,2022-02-26_2022-03-05,4.935627624847295,59,2022,2022-02-26,2022-03-05,7.0,4,weekly,59,2022,United_States,post_pandemic,0.935627624847295,0.23390690621182375,0.23390690621182375
60,2022,2022-03-05_2022-03-12,4.935627624847295,60,2022,2022-03-05,2022-03-12,7.0,3,weekly,60,2022,United_States,post_pandemic,1.935627624847295,0.6452092082824317,0.6452092082824317
61,2022,2022-03-12_2022-03-19,4.935627624847295,61,2022,2022-03-12,2022-03-19,7.0,1,weekly,61,2022,United_States,post_pandemic,3.935627624847295,3.935627624847295,3.935627624847295
62,2022,2022-03-19_2022-03-26,4.935627624847295,62,2022,2022-03-19,2022-03-26,7.0,3,weekly,62,2022,United_States,post_pandemic,1.935627624847295,0.6452092082824317,0.6452092082824317
63,2022,2022-03-26_2022-04-02,5.253974656063118,63,2022,2022-03-26,2022-04-02,7.0,16,weekly,63,2022,United_States,post_pandemic,10.746025343936882,-0.6716265839960551,0.6716265839960551
64,2022,2022-04-02_2022-04-09,5.381313468549448,64,2022,2022-04-02,2022-04-09,7.0,9,weekly,64,2022,United_States,post_pandemic,3.6186865314505523,-0.40207628127228356,0.40207628127228356
65,2022,2022-04-09_2022-04-16,5.381313468549448,65,2022,2022-04-09,2022-04-16,7.0,12,weekly,65,2022,United_States,post_pandemic,6.618686531450552,-0.5515572109542127,0.5515572109542127
66,2022,2022-04-16_2022-04-23,5.381313468549448,66,2022,2022-04-16,2022-04-23,7.0,6,weekly,66,2022,United_States,post_pandemic,0.6186865314505523,-0.10311442190842539,0.10311442190842539
67,2022,2022-04-23_2022-04-30,5.489495735477886,67,2022,2022-04-23,2022-04-30,7.0,6,weekly,67,2022,United_States,post_pandemic,0.5105042645221136,-0.08508404408701893,0.08508404408701893
68,2022,2022-04-30_2022-05-07,5.633738758049137,68,2022,2022-04-30,2022-05-07,7.0,10,weekly,68,2022,United_States,post_pandemic,4.366261241950863,-0.4366261241950863,0.4366261241950863
69,2022,2022-05-07_2022-05-14,5.633738758049137,69,2022,2022-05-07,2022-05-14,7.0,13,weekly,69,2022,United_States,post_pandemic,7.366261241950863,-0.5666354801500664,0.5666354801500664
70,2022,2022-05-14_2022-05-21,5.633738758049137,70,2022,2022-05-14,2022-05-21,7.0,11,weekly,70,2022,United_States,post_pandemic,5.366261241950863,-0.4878419310864421,0.4878419310864421
71,2022,2022-05-21_2022-05-28,5.66811909855982,71,2022,2022-05-21,2022-05-28,7.0,20,weekly,71,2022,United_States,post_pandemic,14.33188090144018,-0.716594045072009,0.716594045072009
72,2022,2022-05-28_2022-06-04,5.874401141623917,72,2022,2022-05-28,2022-06-04,7.0,12,weekly,72,2022,United_States,post_pandemic,6.125598858376083,-0.5104665715313402,0.5104665715313402
73,2022,2022-06-04_2022-06-11,5.874401141623917,73,2022,2022-06-04,2022-06-11,7.0,13,weekly,73,2022,United_States,post_pandemic,7.125598858376083,-0.5481229891058526,0.5481229891058526
74,2022,2022-06-11_2022-06-18,5.874401141623917,74,2022,2022-06-11,2022-06-18,7.0,17,weekly,74,2022,United_States,post_pandemic,11.125598858376083,-0.6544469916691814,0.6544469916691814
75,2022,2022-06-18_2022-06-25,5.874401141623917,75,2022,2022-06-18,2022-06-25,7.0,14,weekly,75,2022,United_States,post_pandemic,8.125598858376083,-0.5803999184554345,0.5803999184554345
76,2022,2022-06-25_2022-07-02,6.258763356975883,76,2022,2022-06-25,2022-07-02,7.0,24,weekly,76,2022,United_States,post_pandemic,17.741236643024116,-0.7392181934593381,0.7392181934593381
77,2022,2022-07-02_2022-07-09,6.322823726201209,77,2022,2022-07-02,2022-07-09,7.0,15,weekly,77,2022,United_States,post_pandemic,8.677176273798791,-0.5784784182532527,0.5784784182532527
78,2022,2022-07-09_2022-07-16,6.322823726201209,78,2022,2022-07-09,2022-07-16,7.0,6,weekly,78,2022,United_States,post_pandemic,0.322823726201209,0.05380395436686817,0.05380395436686817
79,2022,2022-07-16_2022-07-23,6.322823726201209,79,2022,2022-07-16,2022-07-23,7.0,12,weekly,79,2022,United_States,post_pandemic,5.677176273798791,-0.47309802281656593,0.47309802281656593
80,2022,2022-07-23_2022-07-30,6.820194751311809,80,2022,2022-07-23,2022-07-30,7.0,7,weekly,80,2022,United_States,post_pandemic,0.17980524868819092,-0.02568646409831299,0.02568646409831299
81,2022,2022-07-30_2022-08-06,7.1932230201447585,81,2022,2022-07-30,2022-08-06,7.0,17,weekly,81,2022,United_States,post_pandemic,9.806776979855242,-0.5768692341091318,0.5768692341091318
82,2022,2022-08-06_2022-08-13,7.1932230201447585,82,2022,2022-08-06,2022-08-13,7.0,29,weekly,82,2022,United_States,post_pandemic,21.806776979855243,-0.7519578268915601,0.7519578268915601
83,2022,2022-08-13_2022-08-20,7.1932230201447585,83,2022,2022-08-13,2022-08-20,7.0,24,weekly,83,2022,United_States,post_pandemic,16.806776979855243,-0.7002823741606351,0.7002823741606351
84,2022,2022-08-20_2022-08-27,7.6252202665770294,84,2022,2022-08-20,2022-08-27,7.0,25,weekly,84,2022,United_States,post_pandemic,17.37477973342297,-0.6949911893369187,0.6949911893369187
85,2022,2022-08-27_2022-09-03,8.705213382657709,85,2022,2022-08-27,2022-09-03,7.0,20,weekly,85,2022,United_States,post_pandemic,11.294786617342291,-0.5647393308671146,0.5647393308671146
86,2022,2022-09-03_2022-09-10,8.705213382657709,86,2022,2022-09-03,2022-09-10,7.0,29,weekly,86,2022,United_States,post_pandemic,20.29478661734229,-0.6998202281842169,0.6998202281842169
87,2022,2022-09-10_2022-09-17,8.705213382657709,87,2022,2022-09-10,2022-09-17,7.0,18,weekly,87,2022,United_States,post_pandemic,9.294786617342291,-0.5163770342967939,0.5163770342967939
88,2022,2022-09-17_2022-09-24,8.705213382657709,88,2022,2022-09-17,2022-09-24,7.0,11,weekly,88,2022,United_States,post_pandemic,2.2947866173422913,-0.20861696521293557,0.20861696521293557
89,2022,2022-09-24_2022-10-01,11.086230664200128,89,2022,2022-09-24,2022-10-01,7.0,17,weekly,89,2022,United_States,post_pandemic,5.913769335799872,-0.34786878445881597,0.34786878445881597
90,2022,2022-10-01_2022-10-08,11.086230664200128,90,2022,2022-10-01,2022-10-08,7.0,13,weekly,90,2022,United_States,post_pandemic,1.9137693357998717,-0.14721302583075938,0.14721302583075938
91,2022,2022-10-08_2022-10-15,11.086230664200128,91,2022,2022-10-08,2022-10-15,7.0,19,weekly,91,2022,United_States,post_pandemic,7.913769335799872,-0.4165141755684143,0.4165141755684143
92,2022,2022-10-15_2022-10-22,11.086230664200128,92,2022,2022-10-15,2022-10-22,7.0,28,weekly,92,2022,United_States,post_pandemic,16.91376933579987,-0.604063190564281,0.604063190564281
93,2022,2022-10-22_2022-10-29,13.523496480505578,93,2022,2022-10-22,2022-10-29,7.0,23,weekly,93,2022,United_States,post_pandemic,9.476503519494422,-0.41202189215193136,0.41202189215193136
94,2022,2022-10-29_2022-11-05,14.498402807027757,94,2022,2022-10-29,2022-11-05,7.0,28,weekly,94,2022,United_States,post_pandemic,13.501597192972243,-0.4821998997490087,0.4821998997490087
95,2022,2022-11-05_2022-11-12,14.498402807027757,95,2022,2022-11-05,2022-11-12,7.0,36,weekly,95,2022,United_States,post_pandemic,21.50159719297224,-0.5972665886936733,0.5972665886936733
96,2022,2022-11-12_2022-11-19,14.498402807027757,96,2022,2022-11-12,2022-11-19,7.0,40,weekly,96,2022,United_States,post_pandemic,25.50159719297224,-0.6375399298243061,0.6375399298243061
97,2022,2022-11-19_2022-11-26,16.37249224207438,97,2022,2022-11-19,2022-11-26,7.0,46,weekly,97,2022,United_States,post_pandemic,29.62750775792562,-0.6440762556070787,0.6440762556070787
98,2022,2022-11-26_2022-12-03,18.871278155469874,98,2022,2022-11-26,2022-12-03,7.0,28,weekly,98,2022,United_States,post_pandemic,9.128721844530126,-0.32602578016179024,0.32602578016179024
99,2022,2022-12-03_2022-12-10,18.871278155469874,99,2022,2022-12-03,2022-12-10,7.0,21,weekly,99,2022,United_States,post_pandemic,2.1287218445301264,-0.10136770688238697,0.10136770688238697
100,2022,2022-12-10_2022-12-17,18.871278155469874,100,2022,2022-12-10,2022-12-17,7.0,40,weekly,100,2022,United_States,post_pandemic,21.128721844530126,-0.5282180461132532,0.5282180461132532
101,2022,2022-12-17_2022-12-24,19.56031832464979,101,2022,2022-12-17,2022-12-24,7.0,32,weekly,101,2022,United_States,post_pandemic,12.439681675350212,-0.3887400523546941,0.3887400523546941
102,2022,2022-12-24_2022-12-31,23.69455933972927,102,2022,2022-12-24,2022-12-31,7.0,37,weekly,102,2022,United_States,post_pandemic,13.30544066027073,-0.3596065043316413,0.3596065043316413
103,2022,2022-12-31_2023-01-07,23.69455933972927,103,2022,2022-12-31,2023-01-07,7.0,3,weekly,103,2022,United_States,post_pandemic,20.69455933972927,6.898186446576424,6.898186446576424
104,2023,2023-01-07_2023-01-14,23.69455933972927,104,2023,2023-01-07,2023-01-14,7.0,18,weekly,104,2023,United_States,post_pandemic,5.69455933972927,0.3163644077627372,0.3163644077627372
105,2023,2023-01-14_2023-01-21,23.69455933972927,105,2023,2023-01-14,2023-01-21,7.0,15,weekly,105,2023,United_States,post_pandemic,8.69455933972927,0.5796372893152847,0.5796372893152847
106,2023,2023-01-21_2023-01-28,27.38898464283701,106,2023,2023-01-21,2023-01-28,7.0,36,weekly,106,2023,United_States,post_pandemic,8.61101535716299,-0.2391948710323053,0.2391948710323053
107,2023,2023-01-28_2023-02-04,28.004722193354972,107,2023,2023-01-28,2023-02-04,7.0,29,weekly,107,2023,United_States,post_pandemic,0.9952778066450279,-0.034319924367069925,0.034319924367069925
108,2023,2023-02-04_2023-02-11,28.004722193354972,108,2023,2023-02-04,2023-02-11,7.0,35,weekly,108,2023,United_States,post_pandemic,6.995277806645028,-0.19986508018985794,0.19986508018985794
109,2023,2023-02-11_2023-02-18,28.004722193354972,109,2023,2023-02-11,2023-02-18,7.0,28,weekly,109,2023,United_States,post_pandemic,0.004722193354972148,0.00016864976267757674,0.00016864976267757674
110,2023,2023-02-18_2023-02-25,29.62075133607305,110,2023,2023-02-18,2023-02-25,7.0,33,weekly,110,2023,United_States,post_pandemic,3.3792486639269512,-0.10240147466445307,0.10240147466445307
111,2023,2023-02-25_2023-03-04,30.83277319311162,111,2023,2023-02-25,2023-03-04,7.0,41,weekly,111,2023,United_States,post_pandemic,10.16722680688838,-0.2479811416314239,0.2479811416314239
112,2023,2023-03-04_2023-03-11,30.83277319311162,112,2023,2023-03-04,2023-03-11,7.0,58,weekly,112,2023,United_States,post_pandemic,27.16722680688838,-0.4684004621877307,0.4684004621877307
113,2023,2023-03-11_2023-03-18,30.83277319311162,113,2023,2023-03-11,2023-03-18,7.0,52,weekly,113,2023,United_States,post_pandemic,21.16722680688838,-0.40706205397862266,0.40706205397862266
114,2023,2023-03-18_2023-03-25,31.11912870013175,114,2023,2023-03-18,2023-03-25,7.0,44,weekly,114,2023,United_States,post_pandemic,12.88087129986825,-0.2927470749970057,0.2927470749970057
115,2023,2023-03-25_2023-04-01,31.835017467682086,115,2023,2023-03-25,2023-04-01,7.0,53,weekly,115,2023,United_States,post_pandemic,21.164982532317914,-0.3993392930626022,0.3993392930626022
116,2023,2023-04-01_2023-04-08,31.835017467682086,116,2023,2023-04-01,2023-04-08,7.0,43,weekly,116,2023,United_States,post_pandemic,11.164982532317914,-0.2596507565655329,0.2596507565655329
117,2023,2023-04-08_2023-04-15,31.835017467682086,117,2023,2023-04-08,2023-04-15,7.0,53,weekly,117,2023,United_States,post_pandemic,21.164982532317914,-0.3993392930626022,0.3993392930626022
118,2023,2023-04-15_2023-04-22,31.835017467682086,118,2023,2023-04-15,2023-04-22,7.0,26,weekly,118,2023,United_States,post_pandemic,5.835017467682086,0.2244237487570033,0.2244237487570033
119,2023,2023-04-22_2023-04-29,31.53340665275298,119,2023,2023-04-22,2023-04-29,7.0,33,weekly,119,2023,United_States,post_pandemic,1.46659334724702,-0.044442222643849096,0.044442222643849096
120,2023,2023-04-29_2023-05-06,31.53340665275298,120,2023,2023-04-29,2023-05-06,7.0,23,weekly,120,2023,United_States,post_pandemic,8.53340665275298,0.37101768055447737,0.37101768055447737
121,2023,2023-05-06_2023-05-13,31.53340665275298,121,2023,2023-05-06,2023-05-13,7.0,36,weekly,121,2023,United_States,post_pandemic,4.46659334724702,-0.12407203742352833,0.12407203742352833
122,2023,2023-05-13_2023-05-20,31.53340665275298,122,2023,2023-05-13,2023-05-20,7.0,59,weekly,122,2023,United_States,post_pandemic,27.46659334724702,-0.4655354804618139,0.4655354804618139
123,2023,2023-05-20_2023-05-27,31.154994238651838,123,2023,2023-05-20,2023-05-27,7.0,31,weekly,123,2023,United_States,post_pandemic,0.15499423865183815,0.004999814150059295,0.004999814150059295
124,2023,2023-05-27_2023-06-03,31.003629273011377,124,2023,2023-05-27,2023-06-03,7.0,41,weekly,124,2023,United_States,post_pandemic,9.996370726988623,-0.24381392017045422,0.24381392017045422
125,2023,2023-06-03_2023-06-10,31.003629273011377,125,2023,2023-06-03,2023-06-10,7.0,38,weekly,125,2023,United_States,post_pandemic,6.996370726988623,-0.18411501913127956,0.18411501913127956
126,2023,2023-06-10_2023-06-17,31.003629273011377,126,2023,2023-06-10,2023-06-17,7.0,49,weekly,126,2023,United_States,post_pandemic,17.996370726988623,-0.36727287197935965,0.36727287197935965
127,2023,2023-06-17_2023-06-24,31.157595208928402,127,2023,2023-06-17,2023-06-24,7.0,72,weekly,127,2023,United_States,post_pandemic,40.8424047910716,-0.5672556220982167,0.5672556220982167
128,2023,2023-06-24_2023-07-01,31.362883123484416,128,2023,2023-06-24,2023-07-01,7.0,51,weekly,128,2023,United_States,post_pandemic,19.637116876515584,-0.3850415073826585,0.3850415073826585
129,2023,2023-07-01_2023-07-08,31.362883123484416,129,2023,2023-07-01,2023-07-08,7.0,34,weekly,129,2023,United_States,post_pandemic,2.6371168765155844,-0.07756226107398778,0.07756226107398778
130,2023,2023-07-08_2023-07-15,31.362883123484416,130,2023,2023-07-08,2023-07-15,7.0,31,weekly,130,2023,United_States,post_pandemic,0.36288312348441565,0.011705907209174698,0.011705907209174698
131,2023,2023-07-15_2023-07-22,31.668595848043797,131,2023,2023-07-15,2023-07-22,7.0,40,weekly,131,2023,United_States,post_pandemic,8.331404151956203,-0.20828510379890508,0.20828510379890508
132,2023,2023-07-22_2023-07-29,33.502872195400116,132,2023,2023-07-22,2023-07-29,7.0,56,weekly,132,2023,United_States,post_pandemic,22.497127804599884,-0.4017344250821408,0.4017344250821408
133,2023,2023-07-29_2023-08-05,33.502872195400116,133,2023,2023-07-29,2023-08-05,7.0,38,weekly,133,2023,United_States,post_pandemic,4.497127804599884,-0.11834546854210222,0.11834546854210222
134,2023,2023-08-05_2023-08-12,33.502872195400116,134,2023,2023-08-05,2023-08-12,7.0,58,weekly,134,2023,United_States,post_pandemic,24.497127804599884,-0.42236427249310143,0.42236427249310143
135,2023,2023-08-12_2023-08-19,33.502872195400116,135,2023,2023-08-12,2023-08-19,7.0,40,weekly,135,2023,United_States,post_pandemic,6.497127804599884,-0.16242819511499712,0.16242819511499712
136,2023,2023-08-19_2023-08-26,37.476813130585654,136,2023,2023-08-19,2023-08-26,7.0,34,weekly,136,2023,United_States,post_pandemic,3.476813130585654,0.10225920972310748,0.10225920972310748
137,2023,2023-08-26_2023-09-02,38.13913661978324,137,2023,2023-08-26,2023-09-02,7.0,27,weekly,137,2023,United_States,post_pandemic,11.139136619783237,0.41256061554752727,0.41256061554752727
138,2023,2023-09-02_2023-09-09,38.13913661978324,138,2023,2023-09-02,2023-09-09,7.0,48,weekly,138,2023,United_States,post_pandemic,9.860863380216763,-0.2054346537545159,0.2054346537545159
139,2023,2023-09-09_2023-09-16,38.13913661978324,139,2023,2023-09-09,2023-09-16,7.0,38,weekly,139,2023,United_States,post_pandemic,0.13913661978323688,0.0036614899942957074,0.0036614899942957074
140,2023,2023-09-16_2023-09-23,42.55063741618822,140,2023,2023-09-16,2023-09-23,7.0,28,weekly,140,2023,United_States,post_pandemic,14.550637416188223,0.5196656220067223,0.5196656220067223
141,2023,2023-09-23_2023-09-30,45.85926301349197,141,2023,2023-09-23,2023-09-30,7.0,42,weekly,141,2023,United_States,post_pandemic,3.8592630134919688,0.09188721460695164,0.09188721460695164
142,2023,2023-09-30_2023-10-07,45.85926301349197,142,2023,2023-09-30,2023-10-07,7.0,40,weekly,142,2023,United_States,post_pandemic,5.859263013491969,0.14648157533729922,0.14648157533729922
143,2023,2023-10-07_2023-10-14,45.85926301349197,143,2023,2023-10-07,2023-10-14,7.0,46,weekly,143,2023,United_States,post_pandemic,0.14073698650803124,-0.003059499706696331,0.003059499706696331
144,2023,2023-10-14_2023-10-21,49.00553869160503,144,2023,2023-10-14,2023-10-21,7.0,37,weekly,144,2023,United_States,post_pandemic,12.005538691605032,0.3244740186920279,0.3244740186920279
145,2023,2023-10-21_2023-10-28,56.87122788688775,145,2023,2023-10-21,2023-10-28,7.0,40,weekly,145,2023,United_States,post_pandemic,16.871227886887752,0.4217806971721938,0.4217806971721938
146,2023,2023-10-28_2023-11-04,56.87122788688775,146,2023,2023-10-28,2023-11-04,7.0,65,weekly,146,2023,United_States,post_pandemic,8.128772113112248,-0.12505803250941921,0.12505803250941921
147,2023,2023-11-04_2023-11-11,56.87122788688775,147,2023,2023-11-04,2023-11-11,7.0,62,weekly,147,2023,United_States,post_pandemic,5.128772113112248,-0.08272213085664916,0.08272213085664916
148,2023,2023-11-11_2023-11-18,56.87122788688775,148,2023,2023-11-11,2023-11-18,7.0,100,weekly,148,2023,United_States,post_pandemic,43.12877211311225,-0.43128772113112246,0.43128772113112246
149,2023,2023-11-18_2023-11-25,70.44951642362426,149,2023,2023-11-18,2023-11-25,7.0,91,weekly,149,2023,United_States,post_pandemic,20.55048357637574,-0.22582948985028287,0.22582948985028287
150,2023,2023-11-25_2023-12-02,70.44951642362426,150,2023,2023-11-25,2023-12-02,7.0,55,weekly,150,2023,United_States,post_pandemic,15.44951642362426,0.2809002986113502,0.2809002986113502
151,2023,2023-12-02_2023-12-09,70.44951642362426,151,2023,2023-12-02,2023-12-09,7.0,90,weekly,151,2023,United_States,post_pandemic,19.55048357637574,-0.21722759529306376,0.21722759529306376
152,2023,2023-12-09_2023-12-16,70.44951642362426,152,2023,2023-12-09,2023-12-16,7.0,105,weekly,152,2023,United_States,post_pandemic,34.55048357637574,-0.3290522245369118,0.3290522245369118
153,2023,2023-12-16_2023-12-23,80.4516854875937,153,2023,2023-12-16,2023-12-23,7.0,137,weekly,153,2023,United_States,post_pandemic,56.54831451240629,-0.4127614197985861,0.4127614197985861
154,2023,2023-12-23_2023-12-30,84.4525531131815,154,2023,2023-12-23,2023-12-30,7.0,128,weekly,154,2023,United_States,post_pandemic,43.547446886818506,-0.3402144288032696,0.3402144288032696
155,2023,2023-12-30_2024-01-06,84.4525531131815,155,2023,2023-12-30,2024-01-06,7.0,5,weekly,155,2023,United_States,post_pandemic,79.4525531131815,15.890510622636299,15.890510622636299
156,2024,2024-01-06_2024-01-13,84.4525531131815,156,2024,2024-01-06,2024-01-13,7.0,39,weekly,156,2024,United_States,post_pandemic,45.452553113181494,1.1654500798251666,1.1654500798251666
157,2024,2024-01-13_2024-01-20,89.24011671300059,157,2024,2024-01-13,2024-01-20,7.0,72,weekly,157,2024,United_States,post_pandemic,17.24011671300059,0.23944606545834152,0.23944606545834152
158,2024,2024-01-20_2024-01-27,95.6235348460927,158,2024,2024-01-20,2024-01-27,7.0,80,weekly,158,2024,United_States,post_pandemic,15.623534846092696,0.19529418557615869,0.19529418557615869
159,2024,2024-01-27_2024-02-03,95.6235348460927,159,2024,2024-01-27,2024-02-03,7.0,97,weekly,159,2024,United_States,post_pandemic,1.3764651539073043,-0.014190362411415507,0.014190362411415507
160,2024,2024-02-03_2024-02-10,95.6235348460927,160,2024,2024-02-03,2024-02-10,7.0,84,weekly,160,2024,United_States,post_pandemic,11.623534846092696,0.13837541483443686,0.13837541483443686
161,2024,2024-02-10_2024-02-17,96.40391497957215,161,2024,2024-02-10,2024-02-17,7.0,86,weekly,161,2024,United_States,post_pandemic,10.40391497957215,0.12097575557642035,0.12097575557642035
162,2024,2024-02-17_2024-02-24,101.08619578044892,162,2024,2024-02-17,2024-02-24,7.0,73,weekly,162,2024,United_States,post_pandemic,28.086195780448918,0.38474240795135506,0.38474240795135506
163,2024,2024-02-24_2024-03-02,101.08619578044892,163,2024,2024-02-24,2024-03-02,7.0,64,weekly,163,2024,United_States,post_pandemic,37.08619578044892,0.5794718090695143,0.5794718090695143
164,2024,2024-03-02_2024-03-09,101.08619578044892,164,2024,2024-03-02,2024-03-09,7.0,80,weekly,164,2024,United_States,post_pandemic,21.086195780448918,0.2635774472556115,0.2635774472556115
165,2024,2024-03-09_2024-03-16,101.08619578044892,165,2024,2024-03-09,2024-03-16,7.0,89,weekly,165,2024,United_States,post_pandemic,12.086195780448918,0.13579995258931368,0.13579995258931368
166,2024,2024-03-16_2024-03-23,100.35653570602273,166,2024,2024-03-16,2024-03-23,7.0,97,weekly,166,2024,United_States,post_pandemic,3.3565357060227257,0.03460346088683222,0.03460346088683222
167,2024,2024-03-23_2024-03-30,100.23492569361835,167,2024,2024-03-23,2024-03-30,7.0,74,weekly,167,2024,United_States,post_pandemic,26.23492569361835,0.35452602288673446,0.35452602288673446
168,2024,2024-03-30_2024-04-06,100.23492569361835,168,2024,2024-03-30,2024-04-06,7.0,99,weekly,168,2024,United_States,post_pandemic,1.2349256936183508,0.012473996905235867,0.012473996905235867
169,2024,2024-04-06_2024-04-13,100.23492569361835,169,2024,2024-04-06,2024-04-13,7.0,91,weekly,169,2024,United_States,post_pandemic,9.23492569361835,0.10148269992987198,0.10148269992987198
170,2024,2024-04-13_2024-04-20,97.36606661117908,170,2024,2024-04-13,2024-04-20,7.0,122,weekly,170,2024,United_States,post_pandemic,24.63393338882092,-0.2019174867936141,0.2019174867936141
171,2024,2024-04-20_2024-04-27,95.21442229934965,171,2024,2024-04-20,2024-04-27,7.0,162,weekly,171,2024,United_States,post_pandemic,66.78557770065035,-0.4122566524731503,0.4122566524731503
172,2024,2024-04-27_2024-05-04,95.21442229934965,172,2024,2024-04-27,2024-05-04,7.0,116,weekly,172,2024,United_States,post_pandemic,20.78557770065035,-0.17918601466077888,0.17918601466077888
173,2024,2024-05-04_2024-05-11,95.21442229934965,173,2024,2024-05-04,2024-05-11,7.0,159,weekly,173,2024,United_States,post_pandemic,63.78557770065035,-0.4011671553500022,0.4011671553500022
174,2024,2024-05-11_2024-05-18,93.59358895443798,174,2024,2024-05-11,2024-05-18,7.0,137,weekly,174,2024,United_States,post_pandemic,43.406411045562024,-0.3168351171208907,0.3168351171208907
175,2024,2024-05-18_2024-05-25,89.54150559215886,175,2024,2024-05-18,2024-05-25,7.0,149,weekly,175,2024,United_States,post_pandemic,59.458494407841144,-0.39905029803920233,0.39905029803920233
176,2024,2024-05-25_2024-06-01,89.54150559215886,176,2024,2024-05-25,2024-06-01,7.0,138,weekly,176,2024,United_States,post_pandemic,48.458494407841144,-0.3511485102017474,0.3511485102017474
177,2024,2024-06-01_2024-06-08,89.54150559215886,177,2024,2024-06-01,2024-06-08,7.0,117,weekly,177,2024,United_States,post_pandemic,27.458494407841144,-0.23468798639180466,0.23468798639180466
178,2024,2024-06-08_2024-06-15,89.54150559215886,178,2024,2024-06-08,2024-06-15,7.0,153,weekly,178,2024,United_States,post_pandemic,63.458494407841144,-0.41476140135843886,0.41476140135843886
179,2024,2024-06-15_2024-06-22,86.38930725768054,179,2024,2024-06-15,2024-06-22,7.0,177,weekly,179,2024,United_States,post_pandemic,90.61069274231946,-0.5119248177532173,0.5119248177532173
180,2024,2024-06-22_2024-06-29,86.38930725768054,180,2024,2024-06-22,2024-06-29,7.0,93,weekly,180,2024,United_States,post_pandemic,6.610692742319458,-0.07108271765934901,0.07108271765934901
181,2024,2024-06-29_2024-07-06,86.38930725768054,181,2024,2024-06-29,2024-07-06,7.0,184,weekly,181,2024,United_States,post_pandemic,97.61069274231946,-0.5304928953386927,0.5304928953386927
182,2024,2024-07-06_2024-07-13,86.38930725768054,182,2024,2024-07-06,2024-07-13,7.0,215,weekly,182,2024,United_States,post_pandemic,128.61069274231946,-0.5981892685689277,0.5981892685689277
183,2024,2024-07-13_2024-07-20,87.44137225414477,183,2024,2024-07-13,2024-07-20,7.0,157,weekly,183,2024,United_States,post_pandemic,69.55862774585523,-0.4430485843685047,0.4430485843685047
184,2024,2024-07-20_2024-07-27,87.86219825273045,184,2024,2024-07-20,2024-07-27,7.0,145,weekly,184,2024,United_States,post_pandemic,57.13780174726955,-0.39405380515358307,0.39405380515358307
185,2024,2024-07-27_2024-08-03,87.86219825273045,185,2024,2024-07-27,2024-08-03,7.0,215,weekly,185,2024,United_States,post_pandemic,127.13780174726955,-0.5913386127779979,0.5913386127779979
186,2024,2024-08-03_2024-08-10,87.86219825273045,186,2024,2024-08-03,2024-08-10,7.0,259,weekly,186,2024,United_States,post_pandemic,171.13780174726955,-0.660763713309921,0.660763713309921
187,2024,2024-08-10_2024-08-17,91.02469753718084,187,2024,2024-08-10,2024-08-17,7.0,183,weekly,187,2024,United_States,post_pandemic,91.97530246281916,-0.5025972812175911,0.5025972812175911
188,2024,2024-08-17_2024-08-24,95.24136324978136,188,2024,2024-08-17,2024-08-24,7.0,234,weekly,188,2024,United_States,post_pandemic,138.75863675021864,-0.5929856271376865,0.5929856271376865
189,2024,2024-08-24_2024-08-31,95.24136324978136,189,2024,2024-08-24,2024-08-31,7.0,250,weekly,189,2024,United_States,post_pandemic,154.75863675021864,-0.6190345470008746,0.6190345470008746
190,2024,2024-08-31_2024-09-07,95.24136324978136,190,2024,2024-08-31,2024-09-07,7.0,251,weekly,190,2024,United_States,post_pandemic,155.75863675021864,-0.6205523376502735,0.6205523376502735
191,2024,2024-09-07_2024-09-14,97.24607497266425,191,2024,2024-09-07,2024-09-14,7.0,234,weekly,191,2024,United_States,post_pandemic,136.75392502733575,-0.5844184830228024,0.5844184830228024
192,2024,2024-09-14_2024-09-21,109.27434530996136,192,2024,2024-09-14,2024-09-21,7.0,292,weekly,192,2024,United_States,post_pandemic,182.72565469003865,-0.6257727900343789,0.6257727900343789
193,2024,2024-09-21_2024-09-28,109.27434530996136,193,2024,2024-09-21,2024-09-28,7.0,292,weekly,193,2024,United_States,post_pandemic,182.72565469003865,-0.6257727900343789,0.6257727900343789
194,2024,2024-09-28_2024-10-05,109.27434530996136,194,2024,2024-09-28,2024-10-05,7.0,289,weekly,194,2024,United_States,post_pandemic,179.72565469003865,-0.6218880785122445,0.6218880785122445
195,2024,2024-10-05_2024-10-12,109.27434530996136,195,2024,2024-10-05,2024-10-12,7.0,302,weekly,195,2024,United_States,post_pandemic,192.72565469003865,-0.6381644195034393,0.6381644195034393
196,2024,2024-10-12_2024-10-19,126.92462581911936,196,2024,2024-10-12,2024-10-19,7.0,246,weekly,196,2024,United_States,post_pandemic,119.07537418088064,-0.4840462365076449,0.4840462365076449
197,2024,2024-10-19_2024-10-26,129.86633923731233,197,2024,2024-10-19,2024-10-26,7.0,348,weekly,197,2024,United_States,post_pandemic,218.13366076268767,-0.6268208642605968,0.6268208642605968
198,2024,2024-10-26_2024-11-02,129.86633923731233,198,2024,2024-10-26,2024-11-02,7.0,462,weekly,198,2024,United_States,post_pandemic,332.13366076268767,-0.718904027624865,0.718904027624865
199,2024,2024-11-02_2024-11-09,129.86633923731233,199,2024,2024-11-02,2024-11-09,7.0,497,weekly,199,2024,United_States,post_pandemic,367.13366076268767,-0.7386995186371985,0.7386995186371985
200,2024,2024-11-09_2024-11-16,144.317303948331,200,2024,2024-11-09,2024-11-16,7.0,389,weekly,200,2024,United_States,post_pandemic,244.682696051669,-0.6290043600299975,0.6290043600299975
201,2024,2024-11-16_2024-11-23,155.155527481595,201,2024,2024-11-16,2024-11-23,7.0,434,weekly,201,2024,United_States,post_pandemic,278.84447251840504,-0.64249878460462,0.64249878460462
202,2024,2024-11-23_2024-11-30,155.155527481595,202,2024,2024-11-23,2024-11-30,7.0,577,weekly,202,2024,United_States,post_pandemic,421.84447251840504,-0.7310996057511353,0.7310996057511353
203,2024,2024-11-30_2024-12-07,155.155527481595,203,2024,2024-11-30,2024-12-07,7.0,364,weekly,203,2024,United_States,post_pandemic,208.844472518405,-0.5737485508747391,0.5737485508747391
204,2024,2024-12-07_2024-12-14,162.483260152036,204,2024,2024-12-07,2024-12-14,7.0,533,weekly,204,2024,United_States,post_pandemic,370.516739847964,-0.6951533580637224,0.6951533580637224
205,2024,2024-12-14_2024-12-21,180.80259182813856,205,2024,2024-12-14,2024-12-21,7.0,509,weekly,205,2024,United_States,post_pandemic,328.1974081718614,-0.6447886211627926,0.6447886211627926
206,2024,2024-12-21_2024-12-28,180.80259182813856,206,2024,2024-12-21,2024-12-28,7.0,424,weekly,206,2024,United_States,post_pandemic,243.19740817186144,-0.5735787928581638,0.5735787928581638
207,2024,2024-12-28_2025-01-04,180.80259182813856,207,2024,2024-12-28,2025-01-04,7.0,212,weekly,207,2024,United_States,post_pandemic,31.19740817186144,-0.14715758571632756,0.14715758571632756
208,2025,2025-01-04_2025-01-11,180.80259182813856,208,2025,2025-01-04,2025-01-11,7.0,133,weekly,208,2025,United_States,post_pandemic,47.80259182813856,0.3594179836702147,0.3594179836702147
209,2025,2025-01-11_2025-01-18,200.45257075394426,209,2025,2025-01-11,2025-01-18,7.0,233,weekly,209,2025,United_States,post_pandemic,32.54742924605574,-0.13968853753671992,0.13968853753671992
210,2025,2025-01-18_2025-01-25,200.45257075394426,210,2025,2025-01-18,2025-01-25,7.0,235,weekly,210,2025,United_States,post_pandemic,34.54742924605574,-0.14701033721725848,0.14701033721725848
211,2025,2025-01-25_2025-02-01,200.45257075394426,211,2025,2025-01-25,2025-02-01,7.0,283,weekly,211,2025,United_States,post_pandemic,82.54742924605574,-0.29168702913800615,0.29168702913800615
212,2025,2025-02-01_2025-02-08,200.45257075394426,212,2025,2025-02-01,2025-02-08,7.0,360,weekly,212,2025,United_States,post_pandemic,159.54742924605574,-0.44318730346126595,0.44318730346126595
213,2025,2025-02-08_2025-02-15,206.20848010007597,213,2025,2025-02-08,2025-02-15,7.0,290,weekly,213,2025,United_States,post_pandemic,83.79151989992403,-0.2889362755169794,0.2889362755169794
214,2025,2025-02-15_2025-02-22,208.51084383852867,214,2025,2025-02-15,2025-02-22,7.0,207,weekly,214,2025,United_States,post_pandemic,1.5108438385286718,0.0072987625049694286,0.0072987625049694286
215,2025,2025-02-22_2025-03-01,208.51084383852867,215,2025,2025-02-22,2025-03-01,7.0,223,weekly,215,2025,United_States,post_pandemic,14.489156161471328,-0.06497379444605977,0.06497379444605977
216,2025,2025-03-01_2025-03-08,208.51084383852867,216,2025,2025-03-01,2025-03-08,7.0,228,weekly,216,2025,United_States,post_pandemic,19.48915616147133,-0.08547875509417249,0.08547875509417249
217,2025,2025-03-08_2025-03-15,206.47150030816897,217,2025,2025-03-08,2025-03-15,7.0,186,weekly,217,2025,United_States,post_pandemic,20.47150030816897,0.11006182961381167,0.11006182961381167
218,2025,2025-03-15_2025-03-22,203.7523756010227,218,2025,2025-03-15,2025-03-22,7.0,158,weekly,218,2025,United_States,post_pandemic,45.75237560102269,0.28957199747482715,0.28957199747482715
219,2025,2025-03-22_2025-03-29,203.7523756010227,219,2025,2025-03-22,2025-03-29,7.0,138,weekly,219,2025,United_States,post_pandemic,65.75237560102269,0.4764664898624833,0.4764664898624833
220,2025,2025-03-29_2025-04-05,203.7523756010227,220,2025,2025-03-29,2025-04-05,7.0,195,weekly,220,2025,United_States,post_pandemic,8.752375601022692,0.04488397744114201,0.04488397744114201
221,2025,2025-04-05_2025-04-12,201.83325958876935,221,2025,2025-04-05,2025-04-12,7.0,168,weekly,221,2025,United_States,post_pandemic,33.83325958876935,0.20138844993315091,0.20138844993315091
222,2025,2025-04-12_2025-04-19,190.3185635152495,222,2025,2025-04-12,2025-04-19,7.0,185,weekly,222,2025,United_States,post_pandemic,5.318563515249508,0.028748991974321667,0.028748991974321667
223,2025,2025-04-19_2025-04-26,190.3185635152495,223,2025,2025-04-19,2025-04-26,7.0,140,weekly,223,2025,United_States,post_pandemic,50.31856351524951,0.3594183108232108,0.3594183108232108
224,2025,2025-04-26_2025-05-03,190.3185635152495,224,2025,2025-04-26,2025-05-03,7.0,176,weekly,224,2025,United_States,post_pandemic,14.318563515249508,0.08135547451846312,0.08135547451846312
225,2025,2025-05-03_2025-05-10,190.3185635152495,225,2025,2025-05-03,2025-05-10,7.0,156,weekly,225,2025,United_States,post_pandemic,34.31856351524951,0.21999079176441994,0.21999079176441994
226,2025,2025-05-10_2025-05-17,177.35106265589434,226,2025,2025-05-10,2025-05-17,7.0,259,weekly,226,2025,United_States,post_pandemic,81.64893734410566,-0.3152468623324543,0.3152468623324543
227,2025,2025-05-17_2025-05-24,175.18981251266842,227,2025,2025-05-17,2025-05-24,7.0,205,weekly,227,2025,United_States,post_pandemic,29.810187487331575,-0.1454155487186906,0.1454155487186906
228,2025,2025-05-24_2025-05-31,175.18981251266842,228,2025,2025-05-24,2025-05-31,7.0,152,weekly,228,2025,United_States,post_pandemic,23.189812512668425,0.15256455600439753,0.15256455600439753
229,2025,2025-05-31_2025-06-07,175.18981251266842,229,2025,2025-05-31,2025-06-07,7.0,194,weekly,229,2025,United_States,post_pandemic,18.810187487331575,-0.09695972931614213,0.09695972931614213
230,2025,2025-06-07_2025-06-14,169.17651021204557,230,2025,2025-06-07,2025-06-14,7.0,154,weekly,230,2025,United_States,post_pandemic,15.17651021204557,0.09854876761068553,0.09854876761068553
231,2025,2025-06-14_2025-06-21,164.66653348657846,231,2025,2025-06-14,2025-06-21,7.0,197,weekly,231,2025,United_States,post_pandemic,32.33346651342154,-0.16412927164173371,0.16412927164173371
232,2025,2025-06-21_2025-06-28,164.66653348657846,232,2025,2025-06-21,2025-06-28,7.0,170,weekly,232,2025,United_States,post_pandemic,5.333466513421541,-0.03137333243189142,0.03137333243189142
233,2025,2025-06-28_2025-07-05,164.66653348657846,233,2025,2025-06-28,2025-07-05,7.0,140,weekly,233,2025,United_States,post_pandemic,24.66653348657846,0.17618952490413184,0.17618952490413184
234,2025,2025-07-05_2025-07-12,164.13176027750725,234,2025,2025-07-05,2025-07-12,7.0,166,weekly,234,2025,United_States,post_pandemic,1.8682397224927456,-0.011254456159594852,0.011254456159594852
235,2025,2025-07-12_2025-07-19,162.79482725482922,235,2025,2025-07-12,2025-07-19,7.0,215,weekly,235,2025,United_States,post_pandemic,52.205172745170785,-0.24281475695428273,0.24281475695428273
236,2025,2025-07-19_2025-07-26,162.79482725482922,236,2025,2025-07-19,2025-07-26,7.0,170,weekly,236,2025,United_States,post_pandemic,7.205172745170785,-0.04238336908923991,0.04238336908923991
237,2025,2025-07-26_2025-08-02,162.79482725482922,237,2025,2025-07-26,2025-08-02,7.0,184,weekly,237,2025,United_States,post_pandemic,21.205172745170785,-0.11524550404984123,0.11524550404984123
238,2025,2025-08-02_2025-08-09,162.79482725482922,238,2025,2025-08-02,2025-08-09,7.0,172,weekly,238,2025,United_States,post_pandemic,9.205172745170785,-0.0535184461928534,0.0535184461928534
239,2025,2025-08-09_2025-08-16,171.84486389319946,239,2025,2025-08-09,2025-08-16,7.0,176,weekly,239,2025,United_States,post_pandemic,4.155136106800541,-0.023608727879548527,0.023608727879548527
240,2025,2025-08-16_2025-08-23,171.84486389319946,240,2025,2025-08-16,2025-08-23,7.0,164,weekly,240,2025,United_States,post_pandemic,7.844863893199459,0.047834535934143045,0.047834535934143045
241,2025,2025-08-23_2025-08-30,171.84486389319946,241,2025,2025-08-23,2025-08-30,7.0,184,weekly,241,2025,United_States,post_pandemic,12.15513610680054,-0.06606052231956816,0.06606052231956816
242,2025,2025-08-30_2025-09-06,171.84486389319946,242,2025,2025-08-30,2025-09-06,7.0,157,weekly,242,2025,United_States,post_pandemic,14.84486389319946,0.0945532732050921,0.0945532732050921
243,2025,2025-09-06_2025-09-13,187.0496508084501,243,2025,2025-09-06,2025-09-13,7.0,110,weekly,243,2025,United_States,post_pandemic,77.04965080845011,0.70045137098591,0.70045137098591
244,2025,2025-09-13_2025-09-20,193.13156557455045,244,2025,2025-09-13,2025-09-20,7.0,142,weekly,244,2025,United_States,post_pandemic,51.13156557455045,0.36008144770810174,0.36008144770810174
245,2025,2025-09-20_2025-09-27,193.13156557455045,245,2025,2025-09-20,2025-09-27,7.0,105,weekly,245,2025,United_States,post_pandemic,88.13156557455045,0.8393482435671471,0.8393482435671471
246,2025,2025-09-27_2025-10-04,193.13156557455045,246,2025,2025-09-27,2025-10-04,7.0,120,weekly,246,2025,United_States,post_pandemic,73.13156557455045,0.6094297131212537,0.6094297131212537
247,2025,2025-10-04_2025-10-11,207.60246355183986,247,2025,2025-10-04,2025-10-11,7.0,113,weekly,247,2025,United_States,post_pandemic,94.60246355183986,0.837189942936636,0.837189942936636
248,2025,2025-10-11_2025-10-18,226.89699418822576,248,2025,2025-10-11,2025-10-18,7.0,110,weekly,248,2025,United_States,post_pandemic,116.89699418822576,1.0626999471656888,1.0626999471656888
249,2025,2025-10-18_2025-10-25,226.89699418822576,249,2025,2025-10-18,2025-10-25,7.0,105,weekly,249,2025,United_States,post_pandemic,121.89699418822576,1.1609237541735786,1.1609237541735786
250,2025,2025-10-25_2025-11-01,226.89699418822576,250,2025,2025-10-25,2025-11-01,7.0,158,weekly,250,2025,United_States,post_pandemic,68.89699418822576,0.4360569252419352,0.4360569252419352
251,2025,2025-11-01_2025-11-08,233.20283814262783,251,2025,2025-11-01,2025-11-08,7.0,146,weekly,251,2025,United_States,post_pandemic,87.20283814262783,0.5972797133056701,0.5972797133056701
252,2025,2025-11-08_2025-11-15,271.03790186904024,252,2025,2025-11-08,2025-11-15,7.0,101,weekly,252,2025,United_States,post_pandemic,170.03790186904024,1.6835435828617846,1.6835435828617846
253,2025,2025-11-15_2025-11-22,271.03790186904024,253,2025,2025-11-15,2025-11-22,7.0,122,weekly,253,2025,United_States,post_pandemic,149.03790186904024,1.221622146467543,1.221622146467543
254,2025,2025-11-22_2025-11-29,271.03790186904024,254,2025,2025-11-22,2025-11-29,7.0,127,weekly,254,2025,United_States,post_pandemic,144.03790186904024,1.1341567076302381,1.1341567076302381
255,2025,2025-11-29_2025-12-06,271.03790186904024,255,2025,2025-11-29,2025-12-06,7.0,97,weekly,255,2025,United_States,post_pandemic,174.03790186904024,1.7942051739076312,1.7942051739076312
256,2025,2025-12-06_2025-12-13,312.5076969107411,256,2025,2025-12-06,2025-12-13,7.0,175,weekly,256,2025,United_States,post_pandemic,137.50769691074112,0.7857582680613778,0.7857582680613778
257,2025,2025-12-13_2025-12-20,319.4193294176913,257,2025,2025-12-13,2025-12-20,7.0,218,weekly,257,2025,United_States,post_pandemic,101.4193294176913,0.4652262817325289,0.4652262817325289
258,2025,2025-12-20_2025-12-27,319.4193294176913,258,2025,2025-12-20,2025-12-27,7.0,187,weekly,258,2025,United_States,post_pandemic,132.4193294176913,0.7081247562443385,0.7081247562443385
259,2025,2025-12-27_2026-01-03,319.4193294176913,259,2025,2025-12-27,2026-01-03,7.0,92,weekly,259,2025,United_States,post_pandemic,227.4193294176913,2.471949232800992,2.471949232800992
260,2026,2026-01-03_2026-01-10,343.6238504524175,260,2026,2026-01-03,2026-01-10,7.0,8,weekly,260,2026,United_States,post_pandemic,335.6238504524175,41.95298130655219,41.95298130655219
261,2026,2026-01-10_2026-01-17,361.77724122846223,261,2026,2026-01-10,2026-01-17,7.0,131,weekly,261,2026,United_States,post_pandemic,230.77724122846223,1.7616583299882613,1.7616583299882613
262,2026,2026-01-17_2026-01-24,361.77724122846223,262,2026,2026-01-17,2026-01-24,7.0,138,weekly,262,2026,United_States,post_pandemic,223.77724122846223,1.621574211800451,1.621574211800451
263,2026,2026-01-24_2026-01-31,361.77724122846223,263,2026,2026-01-24,2026-01-31,7.0,149,weekly,263,2026,United_States,post_pandemic,212.77724122846223,1.428035176029948,1.428035176029948
264,2026,2026-01-31_2026-02-07,369.0363528218701,264,2026,2026-01-31,2026-02-07,7.0,100,weekly,264,2026,United_States,post_pandemic,269.0363528218701,2.690363528218701,2.690363528218701
265,2026,2026-02-07_2026-02-14,387.1841318053894,265,2026,2026-02-07,2026-02-14,7.0,89,weekly,265,2026,United_States,post_pandemic,298.1841318053894,3.350383503431342,3.350383503431342
266,2026,2026-02-14_2026-02-21,387.1841318053894,266,2026,2026-02-14,2026-02-21,7.0,96,weekly,266,2026,United_States,post_pandemic,291.1841318053894,3.0331680396394733,3.0331680396394733
267,2026,2026-02-21_2026-02-28,387.1841318053894,267,2026,2026-02-21,2026-02-28,7.0,108,weekly,267,2026,United_States,post_pandemic,279.1841318053894,2.5850382574573096,2.5850382574573096
268,2026,2026-02-28_2026-03-07,387.1841318053894,268,2026,2026-02-28,2026-03-07,7.0,79,weekly,268,2026,United_States,post_pandemic,308.1841318053894,3.9010649595618916,3.9010649595618916
269,2026,2026-03-07_2026-03-14,390.4238485564151,269,2026,2026-03-07,2026-03-14,7.0,94,weekly,269,2026,United_States,post_pandemic,296.4238485564151,3.1534451974086717,3.1534451974086717
270,2026,2026-03-14_2026-03-21,390.4238485564151,270,2026,2026-03-14,2026-03-21,7.0,80,weekly,270,2026,United_States,post_pandemic,310.4238485564151,3.880298106955189,3.880298106955189
271,2026,2026-03-21_2026-03-28,390.4238485564151,271,2026,2026-03-21,2026-03-28,7.0,85,weekly,271,2026,United_States,post_pandemic,305.4238485564151,3.593221747722531,3.593221747722531
272,2026,2026-03-28_2026-04-04,390.4238485564151,272,2026,2026-03-28,2026-04-04,7.0,71,weekly,272,2026,United_States,post_pandemic,319.4238485564151,4.498927444456551,4.498927444456551
273,2026,2026-04-04_2026-04-11,380.1276142418414,273,2026,2026-04-04,2026-04-11,7.0,83,weekly,273,2026,United_States,post_pandemic,297.1276142418414,3.579850773998089,3.579850773998089
274,2026,2026-04-11_2026-04-18,376.009120516012,274,2026,2026-04-11,2026-04-18,7.0,68,weekly,274,2026,United_States,post_pandemic,308.009120516012,4.529545889941353,4.529545889941353
275,2026,2026-04-18_2026-04-25,376.009120516012,275,2026,2026-04-18,2026-04-25,7.0,78,weekly,275,2026,United_States,post_pandemic,298.009120516012,3.8206297502052817,3.8206297502052817
276,2026,2026-04-25_2026-05-02,376.009120516012,276,2026,2026-04-25,2026-05-02,7.0,104,weekly,276,2026,United_States,post_pandemic,272.009120516012,2.6154723126539614,2.6154723126539614
277,2026,2026-05-02_2026-05-09,371.0573489631958,277,2026,2026-05-02,2026-05-09,7.0,101,weekly,277,2026,United_States,post_pandemic,270.0573489631958,2.6738351382494634,2.6738351382494634
0,2021,2021-01-01_2021-02-01,8.580000589570686,0,2021,2021-01-01,2021-02-01,31.0,5,monthly,0,2021,Brazil,pandemic_npi,3.5800005895706857,0.7160001179141371,0.7160001179141371
1,2021,2021-02-01_2021-03-01,6.636442924557119,1,2021,2021-02-01,2021-03-01,28.0,8,monthly,1,2021,Brazil,pandemic_npi,1.3635570754428814,-0.17044463443036018,0.17044463443036018
2,2021,2021-03-01_2021-04-01,5.816082473544593,2,2021,2021-03-01,2021-04-01,31.0,15,monthly,2,2021,Brazil,pandemic_npi,9.183917526455406,-0.6122611684303604,0.6122611684303604
3,2021,2021-04-01_2021-05-01,4.153390794487645,3,2021,2021-04-01,2021-05-01,30.0,14,monthly,3,2021,Brazil,pandemic_npi,9.846609205512355,-0.7033292289651681,0.7033292289651681
4,2021,2021-05-01_2021-06-01,3.1895391973139877,4,2021,2021-05-01,2021-06-01,31.0,12,monthly,4,2021,Brazil,pandemic_npi,8.810460802686013,-0.734205066890501,0.734205066890501
5,2021,2021-06-01_2021-07-01,2.4882390765530524,5,2021,2021-06-01,2021-07-01,30.0,11,monthly,5,2021,Brazil,pandemic_npi,8.511760923446948,-0.7737964475860862,0.7737964475860862
6,2021,2021-07-01_2021-08-01,2.334243958695026,6,2021,2021-07-01,2021-08-01,31.0,11,monthly,6,2021,Brazil,pandemic_npi,8.665756041304974,-0.7877960037549976,0.7877960037549976
7,2021,2021-08-01_2021-09-01,2.4068706451289548,7,2021,2021-08-01,2021-09-01,31.0,12,monthly,7,2021,Brazil,pandemic_npi,9.593129354871046,-0.7994274462392538,0.7994274462392538
8,2021,2021-09-01_2021-10-01,2.621025805295125,8,2021,2021-09-01,2021-10-01,30.0,17,monthly,8,2021,Brazil,pandemic_npi,14.378974194704874,-0.8458220114532279,0.8458220114532279
9,2021,2021-10-01_2021-11-01,3.1902850365051982,9,2021,2021-10-01,2021-11-01,31.0,20,monthly,9,2021,Brazil,pandemic_npi,16.8097149634948,-0.8404857481747401,0.8404857481747401
10,2021,2021-11-01_2021-12-01,3.598441090144912,10,2021,2021-11-01,2021-12-01,30.0,10,monthly,10,2021,Brazil,pandemic_npi,6.401558909855088,-0.6401558909855087,0.6401558909855087
11,2021,2021-12-01_2022-01-01,4.161619501012192,11,2021,2021-12-01,2022-01-01,31.0,24,monthly,11,2021,Brazil,pandemic_npi,19.83838049898781,-0.8265991874578255,0.8265991874578255
12,2022,2022-01-01_2022-02-01,4.450716041325672,12,2022,2022-01-01,2022-02-01,31.0,4,monthly,12,2022,Brazil,post_pandemic,0.45071604132567167,0.11267901033141792,0.11267901033141792
13,2022,2022-02-01_2022-03-01,4.1172630363415905,13,2022,2022-02-01,2022-03-01,28.0,7,monthly,13,2022,Brazil,post_pandemic,2.8827369636584095,-0.4118195662369156,0.4118195662369156
14,2022,2022-03-01_2022-04-01,4.457097165673867,14,2022,2022-03-01,2022-04-01,31.0,28,monthly,14,2022,Brazil,post_pandemic,23.542902834326135,-0.8408179583687906,0.8408179583687906
15,2022,2022-04-01_2022-05-01,4.10884218325901,15,2022,2022-04-01,2022-05-01,30.0,43,monthly,15,2022,Brazil,post_pandemic,38.89115781674099,-0.9044455306218836,0.9044455306218836
16,2022,2022-05-01_2022-06-01,4.138632790989514,16,2022,2022-05-01,2022-06-01,31.0,27,monthly,16,2022,Brazil,post_pandemic,22.861367209010485,-0.8467173040374254,0.8467173040374254
17,2022,2022-06-01_2022-07-01,4.225349406937712,17,2022,2022-06-01,2022-07-01,30.0,27,monthly,17,2022,Brazil,post_pandemic,22.774650593062287,-0.8435055775208254,0.8435055775208254
18,2022,2022-07-01_2022-08-01,5.0994026079685755,18,2022,2022-07-01,2022-08-01,31.0,12,monthly,18,2022,Brazil,post_pandemic,6.9005973920314245,-0.5750497826692854,0.5750497826692854
19,2022,2022-08-01_2022-09-01,6.582041313590956,19,2022,2022-08-01,2022-09-01,31.0,15,monthly,19,2022,Brazil,post_pandemic,8.417958686409044,-0.5611972457606029,0.5611972457606029
20,2022,2022-09-01_2022-10-01,8.868922454800986,20,2022,2022-09-01,2022-10-01,30.0,21,monthly,20,2022,Brazil,post_pandemic,12.131077545199014,-0.5776703592951912,0.5776703592951912
21,2022,2022-10-01_2022-11-01,13.464197387536109,21,2022,2022-10-01,2022-11-01,31.0,18,monthly,21,2022,Brazil,post_pandemic,4.5358026124638915,-0.2519890340257718,0.2519890340257718
22,2022,2022-11-01_2022-12-01,19.06126501983906,22,2022,2022-11-01,2022-12-01,30.0,22,monthly,22,2022,Brazil,post_pandemic,2.938734980160941,-0.13357886273458822,0.13357886273458822
23,2022,2022-12-01_2023-01-01,27.622590351705707,23,2022,2022-12-01,2023-01-01,31.0,14,monthly,23,2022,Brazil,post_pandemic,13.622590351705707,0.973042167978979,0.973042167978979
24,2023,2023-01-01_2023-02-01,35.49026851600114,24,2023,2023-01-01,2023-02-01,31.0,8,monthly,24,2023,Brazil,post_pandemic,27.490268516001137,3.436283564500142,3.436283564500142
25,2023,2023-02-01_2023-03-01,36.51703242488758,25,2023,2023-02-01,2023-03-01,28.0,6,monthly,25,2023,Brazil,post_pandemic,30.51703242488758,5.086172070814597,5.086172070814597
26,2023,2023-03-01_2023-04-01,41.51188493366123,26,2023,2023-03-01,2023-04-01,31.0,24,monthly,26,2023,Brazil,post_pandemic,17.51188493366123,0.7296618722358845,0.7296618722358845
27,2023,2023-04-01_2023-05-01,37.812567159870284,27,2023,2023-04-01,2023-05-01,30.0,21,monthly,27,2023,Brazil,post_pandemic,16.812567159870284,0.8005984361842993,0.8005984361842993
28,2023,2023-05-01_2023-06-01,35.41812783334161,28,2023,2023-05-01,2023-06-01,31.0,24,monthly,28,2023,Brazil,post_pandemic,11.418127833341607,0.4757553263892336,0.4757553263892336
29,2023,2023-06-01_2023-07-01,32.0526213412789,29,2023,2023-06-01,2023-07-01,30.0,21,monthly,29,2023,Brazil,post_pandemic,11.0526213412789,0.5263153019656619,0.5263153019656619
30,2023,2023-07-01_2023-08-01,33.8413521735547,30,2023,2023-07-01,2023-08-01,31.0,25,monthly,30,2023,Brazil,post_pandemic,8.841352173554696,0.35365408694218786,0.35365408694218786
31,2023,2023-08-01_2023-09-01,38.95931197188747,31,2023,2023-08-01,2023-09-01,31.0,12,monthly,31,2023,Brazil,post_pandemic,26.959311971887473,2.2466093309906228,2.2466093309906228
32,2023,2023-09-01_2023-10-01,48.16686000958821,32,2023,2023-09-01,2023-10-01,30.0,19,monthly,32,2023,Brazil,post_pandemic,29.166860009588213,1.5350978952414849,1.5350978952414849
33,2023,2023-10-01_2023-11-01,68.10987857334857,33,2023,2023-10-01,2023-11-01,31.0,29,monthly,33,2023,Brazil,post_pandemic,39.10987857334857,1.348616502529261,1.348616502529261
34,2023,2023-11-01_2023-12-01,91.27540705065982,34,2023,2023-11-01,2023-12-01,30.0,17,monthly,34,2023,Brazil,post_pandemic,74.27540705065982,4.369141591215284,4.369141591215284
35,2023,2023-12-01_2024-01-01,130.95144224840894,35,2023,2023-12-01,2024-01-01,31.0,16,monthly,35,2023,Brazil,post_pandemic,114.95144224840894,7.184465140525559,7.184465140525559
36,2024,2024-01-01_2024-02-01,171.3110404225347,36,2024,2024-01-01,2024-02-01,31.0,36,monthly,36,2024,Brazil,post_pandemic,135.3110404225347,3.7586400117370746,3.7586400117370746
37,2024,2024-02-01_2024-03-01,179.01266411632164,37,2024,2024-02-01,2024-03-01,29.0,21,monthly,37,2024,Brazil,post_pandemic,158.01266411632164,7.5244125769676975,7.5244125769676975
38,2024,2024-03-01_2024-04-01,187.0663304118736,38,2024,2024-03-01,2024-04-01,31.0,33,monthly,38,2024,Brazil,post_pandemic,154.0663304118736,4.668676679147684,4.668676679147684
39,2024,2024-04-01_2024-05-01,162.83465884518475,39,2024,2024-04-01,2024-05-01,30.0,114,monthly,39,2024,Brazil,post_pandemic,48.83465884518475,0.42837420039635743,0.42837420039635743
40,2024,2024-05-01_2024-06-01,146.75817926727998,40,2024,2024-05-01,2024-06-01,31.0,234,monthly,40,2024,Brazil,post_pandemic,87.24182073272002,-0.3728282937295727,0.3728282937295727
41,2024,2024-06-01_2024-07-01,128.16300708827035,41,2024,2024-06-01,2024-07-01,30.0,409,monthly,41,2024,Brazil,post_pandemic,280.8369929117297,-0.6866430144541068,0.6866430144541068
42,2024,2024-07-01_2024-08-01,130.7924340380484,42,2024,2024-07-01,2024-08-01,31.0,611,monthly,42,2024,Brazil,post_pandemic,480.20756596195156,-0.7859370965007391,0.7859370965007391
43,2024,2024-08-01_2024-09-01,145.25424034115557,43,2024,2024-08-01,2024-09-01,31.0,891,monthly,43,2024,Brazil,post_pandemic,745.7457596588445,-0.836976161233271,0.836976161233271
44,2024,2024-09-01_2024-10-01,173.26796728853907,44,2024,2024-09-01,2024-10-01,30.0,1225,monthly,44,2024,Brazil,post_pandemic,1051.732032711461,-0.858556761397111,0.858556761397111
45,2024,2024-10-01_2024-11-01,234.69314059716567,45,2024,2024-10-01,2024-11-01,31.0,1609,monthly,45,2024,Brazil,post_pandemic,1374.3068594028343,-0.8541372650110841,0.8541372650110841
46,2024,2024-11-01_2024-12-01,301.0954340801586,46,2024,2024-11-01,2024-12-01,30.0,1521,monthly,46,2024,Brazil,post_pandemic,1219.9045659198414,-0.8020411347270489,0.8020411347270489
47,2024,2024-12-01_2025-01-01,393.76476354989336,47,2024,2024-12-01,2025-01-01,31.0,1045,monthly,47,2024,Brazil,post_pandemic,651.2352364501066,-0.6231916138278533,0.6231916138278533
48,2025,2025-01-01_2025-02-01,459.2342120915868,48,2025,2025-01-01,2025-02-01,31.0,851,monthly,48,2025,Brazil,post_pandemic,391.7657879084132,-0.46035932774196614,0.46035932774196614
49,2025,2025-02-01_2025-03-01,432.38179908351566,49,2025,2025-02-01,2025-03-01,28.0,556,monthly,49,2025,Brazil,post_pandemic,123.61820091648434,-0.22233489373468407,0.22233489373468407
50,2025,2025-03-01_2025-04-01,450.9798916607257,50,2025,2025-03-01,2025-04-01,31.0,374,monthly,50,2025,Brazil,post_pandemic,76.97989166072568,0.20582858732814355,0.20582858732814355
51,2025,2025-04-01_2025-05-01,378.82398867379754,51,2025,2025-04-01,2025-05-01,30.0,174,monthly,51,2025,Brazil,post_pandemic,204.82398867379754,1.1771493601942387,1.1771493601942387
52,2025,2025-05-01_2025-06-01,330.5658402191374,52,2025,2025-05-01,2025-06-01,31.0,134,monthly,52,2025,Brazil,post_pandemic,196.56584021913739,1.466909255366697,1.466909255366697
53,2025,2025-06-01_2025-07-01,279.27563110556036,53,2025,2025-06-01,2025-07-01,30.0,96,monthly,53,2025,Brazil,post_pandemic,183.27563110556036,1.9091211573495872,1.9091211573495872
54,2025,2025-07-01_2025-08-01,276.2678835232183,54,2025,2025-07-01,2025-08-01,31.0,92,monthly,54,2025,Brazil,post_pandemic,184.2678835232183,2.0029117774262857,2.0029117774262857
55,2025,2025-08-01_2025-09-01,297.03499063789013,55,2025,2025-08-01,2025-09-01,31.0,85,monthly,55,2025,Brazil,post_pandemic,212.03499063789013,2.494529301622237,2.494529301622237
56,2025,2025-09-01_2025-10-01,344.0438737910637,56,2025,2025-09-01,2025-10-01,30.0,69,monthly,56,2025,Brazil,post_pandemic,275.0438737910637,3.9861430984212127,3.9861430984212127
57,2025,2025-10-01_2025-11-01,453.27434987616675,57,2025,2025-10-01,2025-11-01,31.0,120,monthly,57,2025,Brazil,post_pandemic,333.27434987616675,2.777286248968056,2.777286248968056
58,2025,2025-11-01_2025-12-01,569.7526449964803,58,2025,2025-11-01,2025-12-01,30.0,111,monthly,58,2025,Brazil,post_pandemic,458.7526449964803,4.132906711680002,4.132906711680002
59,2025,2025-12-01_2026-01-01,732.3820659775103,59,2025,2025-12-01,2026-01-01,31.0,32,monthly,59,2025,Brazil,post_pandemic,700.3820659775103,21.886939561797195,21.886939561797195
60,2026,2026-01-01_2026-02-01,844.1546669448933,60,2026,2026-01-01,2026-02-01,31.0,91,monthly,60,2026,Brazil,post_pandemic,753.1546669448933,8.276424911482344,8.276424911482344
61,2026,2026-02-01_2026-03-01,787.9048108234762,61,2026,2026-02-01,2026-03-01,28.0,71,monthly,61,2026,Brazil,post_pandemic,716.9048108234762,10.097250856668678,10.097250856668678
62,2026,2026-03-01_2026-04-01,814.4530153620589,62,2026,2026-03-01,2026-04-01,31.0,42,monthly,62,2026,Brazil,post_pandemic,772.4530153620589,18.391738461001403,18.391738461001403
63,2026,2026-04-01_2026-05-01,684.9772200972291,63,2026,2026-04-01,2026-05-01,30.0,9,monthly,63,2026,Brazil,post_pandemic,675.9772200972291,75.10858001080322,75.10858001080322
0,2020,2020-01-01_2020-02-01,12.410574414379262,0,2020,2020-01-01,2020-02-01,31.0,6,monthly,0,2020,Thailand,pandemic_npi,6.410574414379262,1.0684290690632103,1.0684290690632103
1,2020,2020-02-01_2020-03-01,15.31149781171196,1,2020,2020-02-01,2020-03-01,29.0,6,monthly,1,2020,Thailand,pandemic_npi,9.31149781171196,1.5519163019519933,1.5519163019519933
2,2020,2020-03-01_2020-04-01,15.900188036474736,2,2020,2020-03-01,2020-04-01,31.0,3,monthly,2,2020,Thailand,pandemic_npi,12.900188036474736,4.300062678824912,4.300062678824912
3,2020,2020-04-01_2020-05-01,10.786078581324162,3,2020,2020-04-01,2020-05-01,30.0,2,monthly,3,2020,Thailand,pandemic_npi,8.786078581324162,4.393039290662081,4.393039290662081
4,2020,2020-05-01_2020-06-01,6.855185799156658,4,2020,2020-05-01,2020-06-01,31.0,0,monthly,4,2020,Thailand,pandemic_npi,6.855185799156658,,
5,2020,2020-06-01_2020-07-01,3.7035255023326528,5,2020,2020-06-01,2020-07-01,30.0,0,monthly,5,2020,Thailand,pandemic_npi,3.7035255023326528,,
6,2020,2020-07-01_2020-08-01,2.0393642242708196,6,2020,2020-07-01,2020-08-01,31.0,1,monthly,6,2020,Thailand,pandemic_npi,1.0393642242708196,1.0393642242708196,1.0393642242708196
7,2020,2020-08-01_2020-09-01,1.1421298648135243,7,2020,2020-08-01,2020-09-01,31.0,0,monthly,7,2020,Thailand,pandemic_npi,1.1421298648135243,,
8,2020,2020-09-01_2020-10-01,0.711718126237624,8,2020,2020-09-01,2020-10-01,30.0,0,monthly,8,2020,Thailand,pandemic_npi,0.711718126237624,,
9,2020,2020-10-01_2020-11-01,0.5572760295444029,9,2020,2020-10-01,2020-11-01,31.0,2,monthly,9,2020,Thailand,pandemic_npi,1.4427239704555972,-0.7213619852277986,0.7213619852277986
10,2020,2020-11-01_2020-12-01,0.48006914282227603,10,2020,2020-11-01,2020-12-01,30.0,0,monthly,10,2020,Thailand,pandemic_npi,0.48006914282227603,,
11,2020,2020-12-01_2021-01-01,0.49142601635041183,11,2020,2020-12-01,2021-01-01,31.0,2,monthly,11,2020,Thailand,pandemic_npi,1.5085739836495882,-0.7542869918247941,0.7542869918247941
12,2021,2021-01-01_2021-02-01,0.5068381646292047,12,2021,2021-01-01,2021-02-01,31.0,0,monthly,12,2021,Thailand,pandemic_npi,0.5068381646292047,,
13,2021,2021-02-01_2021-03-01,0.4627612588478092,13,2021,2021-02-01,2021-03-01,28.0,1,monthly,13,2021,Thailand,pandemic_npi,0.5372387411521908,-0.5372387411521908,0.5372387411521908
14,2021,2021-03-01_2021-04-01,0.4857497578814639,14,2021,2021-03-01,2021-04-01,31.0,1,monthly,14,2021,Thailand,pandemic_npi,0.5142502421185361,-0.5142502421185361,0.5142502421185361
15,2021,2021-04-01_2021-05-01,0.4067032631012247,15,2021,2021-04-01,2021-05-01,30.0,2,monthly,15,2021,Thailand,pandemic_npi,1.5932967368987754,-0.7966483684493877,0.7966483684493877
16,2021,2021-05-01_2021-06-01,0.3302971093509731,16,2021,2021-05-01,2021-06-01,31.0,2,monthly,16,2021,Thailand,pandemic_npi,1.669702890649027,-0.8348514453245135,0.8348514453245135
17,2021,2021-06-01_2021-07-01,0.23912253529687813,17,2021,2021-06-01,2021-07-01,30.0,1,monthly,17,2021,Thailand,pandemic_npi,0.7608774647031219,-0.7608774647031219,0.7608774647031219
18,2021,2021-07-01_2021-08-01,0.18811845030273094,18,2021,2021-07-01,2021-08-01,31.0,0,monthly,18,2021,Thailand,pandemic_npi,0.18811845030273094,,
19,2021,2021-08-01_2021-09-01,0.15985776764734289,19,2021,2021-08-01,2021-09-01,31.0,0,monthly,19,2021,Thailand,pandemic_npi,0.15985776764734289,,
20,2021,2021-09-01_2021-10-01,0.1534358811459955,20,2021,2021-09-01,2021-10-01,30.0,1,monthly,20,2021,Thailand,pandemic_npi,0.8465641188540045,-0.8465641188540045,0.8465641188540045
21,2021,2021-10-01_2021-11-01,0.1819355568366948,21,2021,2021-10-01,2021-11-01,31.0,0,monthly,21,2021,Thailand,pandemic_npi,0.1819355568366948,,
22,2021,2021-11-01_2021-12-01,0.22980686975515638,22,2021,2021-11-01,2021-12-01,30.0,0,monthly,22,2021,Thailand,pandemic_npi,0.22980686975515638,,
23,2021,2021-12-01_2022-01-01,0.3411428921014018,23,2021,2021-12-01,2022-01-01,31.0,0,monthly,23,2021,Thailand,pandemic_npi,0.3411428921014018,,
24,2022,2022-01-01_2022-02-01,0.5073771786737199,24,2022,2022-01-01,2022-02-01,31.0,0,monthly,24,2022,Thailand,post_pandemic,0.5073771786737199,,
25,2022,2022-02-01_2022-03-01,0.6531168497876735,25,2022,2022-02-01,2022-03-01,28.0,1,monthly,25,2022,Thailand,post_pandemic,0.3468831502123265,-0.3468831502123265,0.3468831502123265
26,2022,2022-03-01_2022-04-01,0.9867114099332988,26,2022,2022-03-01,2022-04-01,31.0,1,monthly,26,2022,Thailand,post_pandemic,0.013288590066701245,-0.013288590066701245,0.013288590066701245
27,2022,2022-04-01_2022-05-01,1.1903060532836685,27,2022,2022-04-01,2022-05-01,30.0,0,monthly,27,2022,Thailand,post_pandemic,1.1903060532836685,,
28,2022,2022-05-01_2022-06-01,1.3443924490850734,28,2022,2022-05-01,2022-06-01,31.0,0,monthly,28,2022,Thailand,post_pandemic,1.3443924490850734,,
29,2022,2022-06-01_2022-07-01,1.2487028682242243,29,2022,2022-06-01,2022-07-01,30.0,1,monthly,29,2022,Thailand,post_pandemic,0.24870286822422427,0.24870286822422427,0.24870286822422427
30,2022,2022-07-01_2022-08-01,1.155288554149122,30,2022,2022-07-01,2022-08-01,31.0,1,monthly,30,2022,Thailand,post_pandemic,0.15528855414912202,0.15528855414912202,0.15528855414912202
31,2022,2022-08-01_2022-09-01,1.060930330177904,31,2022,2022-08-01,2022-09-01,31.0,8,monthly,31,2022,Thailand,post_pandemic,6.939069669822096,-0.867383708727762,0.867383708727762
32,2022,2022-09-01_2022-10-01,1.0547142768819737,32,2022,2022-09-01,2022-10-01,30.0,3,monthly,32,2022,Thailand,post_pandemic,1.9452857231180263,-0.6484285743726754,0.6484285743726754
33,2022,2022-10-01_2022-11-01,1.2982944523670854,33,2022,2022-10-01,2022-11-01,31.0,1,monthly,33,2022,Thailand,post_pandemic,0.2982944523670854,0.2982944523670854,0.2982944523670854
34,2022,2022-11-01_2022-12-01,1.7119131686127431,34,2022,2022-11-01,2022-12-01,30.0,3,monthly,34,2022,Thailand,post_pandemic,1.2880868313872569,-0.42936227712908565,0.42936227712908565
35,2022,2022-12-01_2023-01-01,3.6187327072099795,35,2022,2022-12-01,2023-01-01,31.0,0,monthly,35,2022,Thailand,post_pandemic,3.6187327072099795,,
36,2023,2023-01-01_2023-02-01,7.530785032498404,36,2023,2023-01-01,2023-02-01,31.0,4,monthly,36,2023,Thailand,post_pandemic,3.530785032498404,0.882696258124601,0.882696258124601
37,2023,2023-02-01_2023-03-01,10.600560086361359,37,2023,2023-02-01,2023-03-01,28.0,1,monthly,37,2023,Thailand,post_pandemic,9.600560086361359,9.600560086361359,9.600560086361359
38,2023,2023-03-01_2023-04-01,15.495995942779203,38,2023,2023-03-01,2023-04-01,31.0,4,monthly,38,2023,Thailand,post_pandemic,11.495995942779203,2.8739989856948007,2.8739989856948007
39,2023,2023-04-01_2023-05-01,17.51959809328752,39,2023,2023-04-01,2023-05-01,30.0,0,monthly,39,2023,Thailand,post_pandemic,17.51959809328752,,
40,2023,2023-05-01_2023-06-01,18.25339914173346,40,2023,2023-05-01,2023-06-01,31.0,1,monthly,40,2023,Thailand,post_pandemic,17.25339914173346,17.25339914173346,17.25339914173346
41,2023,2023-06-01_2023-07-01,15.708402050410118,41,2023,2023-06-01,2023-07-01,30.0,2,monthly,41,2023,Thailand,post_pandemic,13.708402050410118,6.854201025205059,6.854201025205059
42,2023,2023-07-01_2023-08-01,13.509381751822886,42,2023,2023-07-01,2023-08-01,31.0,0,monthly,42,2023,Thailand,post_pandemic,13.509381751822886,,
43,2023,2023-08-01_2023-09-01,12.440005968463021,43,2023,2023-08-01,2023-09-01,31.0,7,monthly,43,2023,Thailand,post_pandemic,5.440005968463021,0.7771437097804316,0.7771437097804316
44,2023,2023-09-01_2023-10-01,13.098816894652995,44,2023,2023-09-01,2023-10-01,30.0,18,monthly,44,2023,Thailand,post_pandemic,4.901183105347005,-0.2722879502970559,0.2722879502970559
45,2023,2023-10-01_2023-11-01,15.565894229919651,45,2023,2023-10-01,2023-11-01,31.0,30,monthly,45,2023,Thailand,post_pandemic,14.434105770080349,-0.4811368590026783,0.4811368590026783
46,2023,2023-11-01_2023-12-01,19.180005195327436,46,2023,2023-11-01,2023-12-01,30.0,144,monthly,46,2023,Thailand,post_pandemic,124.81999480467256,-0.8668055194768928,0.8668055194768928
47,2023,2023-12-01_2024-01-01,27.89151454679667,47,2023,2023-12-01,2024-01-01,31.0,187,monthly,47,2023,Thailand,post_pandemic,159.10848545320334,-0.8508475157925313,0.8508475157925313
48,2024,2024-01-01_2024-02-01,40.96912631223022,48,2024,2024-01-01,2024-02-01,31.0,332,monthly,48,2024,Thailand,post_pandemic,291.03087368776977,-0.8765990171318366,0.8765990171318366
49,2024,2024-02-01_2024-03-01,53.90001264813218,49,2024,2024-02-01,2024-03-01,29.0,232,monthly,49,2024,Thailand,post_pandemic,178.0999873518678,-0.7676723592752923,0.7676723592752923
50,2024,2024-03-01_2024-04-01,72.98376181145409,50,2024,2024-03-01,2024-04-01,31.0,205,monthly,50,2024,Thailand,post_pandemic,132.0162381885459,-0.643981649700224,0.643981649700224
51,2024,2024-04-01_2024-05-01,78.77897983095635,51,2024,2024-04-01,2024-05-01,30.0,125,monthly,51,2024,Thailand,post_pandemic,46.221020169043655,-0.36976816135234924,0.36976816135234924
52,2024,2024-05-01_2024-06-01,71.97196054349212,52,2024,2024-05-01,2024-06-01,31.0,130,monthly,52,2024,Thailand,post_pandemic,58.028039456507884,-0.44636953428082987,0.44636953428082987
53,2024,2024-06-01_2024-07-01,51.17234886370009,53,2024,2024-06-01,2024-07-01,30.0,47,monthly,53,2024,Thailand,post_pandemic,4.172348863700087,0.08877338007872525,0.08877338007872525
54,2024,2024-07-01_2024-08-01,40.60522814408706,54,2024,2024-07-01,2024-08-01,31.0,31,monthly,54,2024,Thailand,post_pandemic,9.605228144087057,0.3098460691640986,0.3098460691640986
55,2024,2024-08-01_2024-09-01,33.30425989585828,55,2024,2024-08-01,2024-09-01,31.0,32,monthly,55,2024,Thailand,post_pandemic,1.30425989585828,0.04075812174557125,0.04075812174557125
56,2024,2024-09-01_2024-10-01,29.562781944796317,56,2024,2024-09-01,2024-10-01,30.0,18,monthly,56,2024,Thailand,post_pandemic,11.562781944796317,0.6423767747109065,0.6423767747109065
57,2024,2024-10-01_2024-11-01,32.63295865529606,57,2024,2024-10-01,2024-11-01,31.0,44,monthly,57,2024,Thailand,post_pandemic,11.367041344703942,-0.25834184874327143,0.25834184874327143
58,2024,2024-11-01_2024-12-01,39.0894671010899,58,2024,2024-11-01,2024-12-01,30.0,58,monthly,58,2024,Thailand,post_pandemic,18.9105328989101,-0.32604367067086376,0.32604367067086376
59,2024,2024-12-01_2025-01-01,54.95530357170043,59,2024,2024-12-01,2025-01-01,31.0,30,monthly,59,2024,Thailand,post_pandemic,24.955303571700433,0.8318434523900144,0.8318434523900144
60,2025,2025-01-01_2025-02-01,77.88131921365411,60,2025,2025-01-01,2025-02-01,31.0,33,monthly,60,2025,Thailand,post_pandemic,44.88131921365411,1.3600399761713367,1.3600399761713367
61,2025,2025-02-01_2025-03-01,95.78491996270296,61,2025,2025-02-01,2025-03-01,28.0,33,monthly,61,2025,Thailand,post_pandemic,62.78491996270296,1.90257333220312,1.90257333220312
62,2025,2025-03-01_2025-04-01,128.6439332598461,62,2025,2025-03-01,2025-04-01,31.0,24,monthly,62,2025,Thailand,post_pandemic,104.64393325984611,4.360163885826921,4.360163885826921
63,2025,2025-04-01_2025-05-01,134.59568595779618,63,2025,2025-04-01,2025-05-01,30.0,23,monthly,63,2025,Thailand,post_pandemic,111.59568595779618,4.851986345991138,4.851986345991138
64,2025,2025-05-01_2025-06-01,129.57153739051793,64,2025,2025-05-01,2025-06-01,31.0,10,monthly,64,2025,Thailand,post_pandemic,119.57153739051793,11.957153739051794,11.957153739051794
65,2025,2025-06-01_2025-07-01,103.01471157879021,65,2025,2025-06-01,2025-07-01,30.0,19,monthly,65,2025,Thailand,post_pandemic,84.01471157879021,4.421826925199485,4.421826925199485
66,2025,2025-07-01_2025-08-01,82.82449725129881,66,2025,2025-07-01,2025-08-01,31.0,18,monthly,66,2025,Thailand,post_pandemic,64.82449725129881,3.6013609584054893,3.6013609584054893
67,2025,2025-08-01_2025-09-01,65.81790204085542,67,2025,2025-08-01,2025-09-01,31.0,31,monthly,67,2025,Thailand,post_pandemic,34.817902040855415,1.1231581303501748,1.1231581303501748
68,2025,2025-09-01_2025-10-01,56.71983907459741,68,2025,2025-09-01,2025-10-01,30.0,28,monthly,68,2025,Thailand,post_pandemic,28.71983907459741,1.025708538378479,1.025708538378479
69,2025,2025-10-01_2025-11-01,61.32960222047932,69,2025,2025-10-01,2025-11-01,31.0,15,monthly,69,2025,Thailand,post_pandemic,46.32960222047932,3.088640148031955,3.088640148031955
70,2025,2025-11-01_2025-12-01,71.4202922558047,70,2025,2025-11-01,2025-12-01,30.0,9,monthly,70,2025,Thailand,post_pandemic,62.420292255804696,6.935588028422744,6.935588028422744
71,2025,2025-12-01_2026-01-01,97.76992818210938,71,2025,2025-12-01,2026-01-01,31.0,8,monthly,71,2025,Thailand,post_pandemic,89.76992818210938,11.221241022763673,11.221241022763673
0,2023,2023-02-01_2023-03-01,37.93724676105527,0,2023,2023-02-01,2023-03-01,28.0,211,monthly,0,2023,South_Africa,post_pandemic,173.06275323894474,-0.8202026219855201,0.8202026219855201
1,2023,2023-03-01_2023-04-01,42.60048794950613,1,2023,2023-03-01,2023-04-01,31.0,215,monthly,1,2023,South_Africa,post_pandemic,172.39951205049385,-0.8018581955836923,0.8018581955836923
2,2023,2023-04-01_2023-05-01,47.10677091213517,2,2023,2023-04-01,2023-05-01,30.0,182,monthly,2,2023,South_Africa,post_pandemic,134.89322908786482,-0.7411715883948616,0.7411715883948616
3,2023,2023-05-01_2023-06-01,61.00757967513521,3,2023,2023-05-01,2023-06-01,31.0,308,monthly,3,2023,South_Africa,post_pandemic,246.99242032486478,-0.8019234426131974,0.8019234426131974
4,2023,2023-06-01_2023-07-01,77.64249083233794,4,2023,2023-06-01,2023-07-01,30.0,237,monthly,4,2023,South_Africa,post_pandemic,159.35750916766204,-0.6723945534500508,0.6723945534500508
5,2023,2023-07-01_2023-08-01,103.42265634098996,5,2023,2023-07-01,2023-08-01,31.0,282,monthly,5,2023,South_Africa,post_pandemic,178.57734365901004,-0.6332529916986172,0.6332529916986172
6,2023,2023-08-01_2023-09-01,123.01294464045303,6,2023,2023-08-01,2023-09-01,31.0,303,monthly,6,2023,South_Africa,post_pandemic,179.98705535954696,-0.5940166843549405,0.5940166843549405
7,2023,2023-09-01_2023-10-01,126.19831252952947,7,2023,2023-09-01,2023-10-01,30.0,237,monthly,7,2023,South_Africa,post_pandemic,110.80168747047053,-0.46751766865177435,0.46751766865177435
8,2023,2023-10-01_2023-11-01,122.08026217790892,8,2023,2023-10-01,2023-11-01,31.0,217,monthly,8,2023,South_Africa,post_pandemic,94.91973782209108,-0.437418146645581,0.437418146645581
9,2023,2023-11-01_2023-12-01,100.12920269256833,9,2023,2023-11-01,2023-12-01,30.0,169,monthly,9,2023,South_Africa,post_pandemic,68.87079730743167,-0.407519510694862,0.407519510694862
10,2023,2023-12-01_2024-01-01,82.83621332127511,10,2023,2023-12-01,2024-01-01,31.0,123,monthly,10,2023,South_Africa,post_pandemic,40.16378667872489,-0.32653485104654384,0.32653485104654384
11,2024,2024-01-01_2024-02-01,67.73415050832297,11,2024,2024-01-01,2024-02-01,31.0,137,monthly,11,2024,South_Africa,post_pandemic,69.26584949167703,-0.5055901422750149,0.5055901422750149
12,2024,2024-02-01_2024-03-01,56.86826690451671,12,2024,2024-02-01,2024-03-01,29.0,81,monthly,12,2024,South_Africa,post_pandemic,24.13173309548329,-0.2979226308084357,0.2979226308084357
13,2024,2024-03-01_2024-04-01,61.70634968713824,13,2024,2024-03-01,2024-04-01,31.0,60,monthly,13,2024,South_Africa,post_pandemic,1.7063496871382426,0.028439161452304042,0.028439161452304042
14,2024,2024-04-01_2024-05-01,68.59511791618125,14,2024,2024-04-01,2024-05-01,30.0,58,monthly,14,2024,South_Africa,post_pandemic,10.595117916181252,0.18267444683071124,0.18267444683071124
15,2024,2024-05-01_2024-06-01,89.62028693761674,15,2024,2024-05-01,2024-06-01,31.0,57,monthly,15,2024,South_Africa,post_pandemic,32.62028693761674,0.5722857357476621,0.5722857357476621
16,2024,2024-06-01_2024-07-01,113.07631195353612,16,2024,2024-06-01,2024-07-01,30.0,34,monthly,16,2024,South_Africa,post_pandemic,79.07631195353612,2.3257738809863566,2.3257738809863566
17,2024,2024-07-01_2024-08-01,149.55088969429008,17,2024,2024-07-01,2024-08-01,31.0,31,monthly,17,2024,South_Africa,post_pandemic,118.55088969429008,3.8242222482029056,3.8242222482029056
18,2024,2024-08-01_2024-09-01,177.39905148294824,18,2024,2024-08-01,2024-09-01,31.0,29,monthly,18,2024,South_Africa,post_pandemic,148.39905148294824,5.117208671825801,5.117208671825801
19,2024,2024-09-01_2024-10-01,182.14169791565382,19,2024,2024-09-01,2024-10-01,30.0,25,monthly,19,2024,South_Africa,post_pandemic,157.14169791565382,6.285667916626153,6.285667916626153
20,2024,2024-10-01_2024-11-01,177.30979558228694,20,2024,2024-10-01,2024-11-01,31.0,42,monthly,20,2024,South_Africa,post_pandemic,135.30979558228694,3.2216617995782606,3.2216617995782606
21,2024,2024-11-01_2024-12-01,146.53660271287006,21,2024,2024-11-01,2024-12-01,30.0,46,monthly,21,2024,South_Africa,post_pandemic,100.53660271287006,2.185578319845001,2.185578319845001
22,2024,2024-12-01_2025-01-01,122.62915849954241,22,2024,2024-12-01,2025-01-01,31.0,34,monthly,22,2024,South_Africa,post_pandemic,88.62915849954241,2.6067399558688944,2.6067399558688944
23,2025,2025-01-01_2025-02-01,101.16419610281633,23,2025,2025-01-01,2025-02-01,31.0,29,monthly,23,2025,South_Africa,post_pandemic,72.16419610281633,2.4884205552695287,2.4884205552695287
24,2025,2025-02-01_2025-03-01,82.70130633095555,24,2025,2025-02-01,2025-03-01,28.0,27,monthly,24,2025,South_Africa,post_pandemic,55.701306330955546,2.063011345590946,2.063011345590946
25,2025,2025-03-01_2025-04-01,93.32240117213321,25,2025,2025-03-01,2025-04-01,31.0,41,monthly,25,2025,South_Africa,post_pandemic,52.32240117213321,1.2761561261495906,1.2761561261495906
26,2025,2025-04-01_2025-05-01,104.49435389928654,26,2025,2025-04-01,2025-05-01,30.0,29,monthly,26,2025,South_Africa,post_pandemic,75.49435389928654,2.6032535827340184,2.6032535827340184
27,2025,2025-05-01_2025-06-01,137.75776682123842,27,2025,2025-05-01,2025-06-01,31.0,53,monthly,27,2025,South_Africa,post_pandemic,84.75776682123842,1.5992031475705362,1.5992031475705362
28,2025,2025-06-01_2025-07-01,176.94687636647765,28,2025,2025-06-01,2025-07-01,30.0,55,monthly,28,2025,South_Africa,post_pandemic,121.94687636647765,2.2172159339359574,2.2172159339359574
29,2025,2025-07-01_2025-08-01,239.47732912355892,29,2025,2025-07-01,2025-08-01,31.0,339,monthly,29,2025,South_Africa,post_pandemic,99.52267087644108,-0.29357720022548994,0.29357720022548994
30,2025,2025-08-01_2025-09-01,293.88101001750204,30,2025,2025-08-01,2025-09-01,31.0,89,monthly,30,2025,South_Africa,post_pandemic,204.88101001750204,2.302033820421371,2.302033820421371
31,2025,2025-09-01_2025-10-01,316.1129125382333,31,2025,2025-09-01,2025-10-01,30.0,103,monthly,31,2025,South_Africa,post_pandemic,213.11291253823327,2.0690574032838183,2.0690574032838183
