country,scenario,age_group,infant_cases,infant_infections,mean_infant_age_population,analysis_years,annualized_infant_cases_per_100k,annualized_infant_infections_per_100k,current_infant_cases_per_100k,relative_reduction_infant_cases,analysis_window,rank
Australia,combined_strategy,infant_0_2m,15602.683267238564,34054.12485806444,53086.59167350883,19.01095890410959,1546.0033343784612,3374.2779801506485,6812.145326789151,0.773051915334408,excluding_initial_5_years,1.0
Australia,next_generation_vaccine,infant_0_2m,31701.940940464552,52901.23597507624,53086.59165966146,19.01095890410959,3141.2101094125364,5241.757832979314,6812.145326789151,0.53888093123035,excluding_initial_5_years,2.0
Australia,maternal_immunization,infant_0_2m,43056.86858088167,94827.45679121377,53086.591687822714,19.01095890410959,4266.321454833394,9396.048220638104,6812.145326789151,0.37371837355614823,excluding_initial_5_years,3.0
Australia,pregnancy_tdap_scaleup,infant_0_2m,44244.91289165868,97472.37604846846,53086.59168218711,19.01095890410959,4384.039698622495,9658.121989344174,6812.145326789151,0.35643773168167625,excluding_initial_5_years,4.0
Australia,resistance_guided_treatment,infant_0_2m,50085.54492828969,90415.12186798232,53086.59167482947,19.01095890410959,4962.763015510226,8958.848775464345,6812.145326789151,0.2714830971098229,excluding_initial_5_years,5.0
Australia,cocooning_adjunct,infant_0_2m,66897.3631536702,121112.34122187375,53086.59168252651,19.01095890410959,6628.574374530454,12000.505305696142,6812.145326789151,0.026947597776106336,excluding_initial_5_years,6.0
Australia,targeted_pep_high_risk,infant_0_2m,67699.51845920594,122558.30660437059,53086.59167407715,19.01095890410959,6708.0565233541365,12143.779849838646,6812.145326789151,0.01527988591577445,excluding_initial_5_years,7.0
Australia,adolescent_booster,infant_0_2m,68750.00186415708,124484.9619473977,53086.59168355703,19.01095890410959,6812.144442076179,12334.683907756242,6812.145326789151,1.2987288577903655e-07,excluding_initial_5_years,8.0
Australia,current,infant_0_2m,68750.01079291917,124484.97641779883,53086.59168355687,19.01095890410959,6812.145326789151,12334.685341566605,6812.145326789151,0.0,excluding_initial_5_years,9.0
Australia,higher_child_coverage,infant_0_2m,68868.88631808106,124700.62446954491,53086.59168009365,19.01095890410959,6823.924195977202,12356.052988006339,6812.145326789151,-0.0017290983417117545,excluding_initial_5_years,10.0
Australia,combined_strategy,infant_3_11m,77537.05882436142,173625.2945979511,249699.62295175006,19.01095890410959,1633.380676823607,3657.5568573797423,4281.102392728397,0.6184672715144675,excluding_initial_5_years,1.0
Australia,next_generation_vaccine,infant_3_11m,92209.43167505019,179008.67058953128,249699.62288972604,19.01095890410959,1942.4660444948922,3770.9620152058774,4281.102392728397,0.5462696599375341,excluding_initial_5_years,2.0
Australia,resistance_guided_treatment,infant_3_11m,161110.3334223977,377713.4244901409,249699.6229512252,19.01095890410959,3393.919107060912,7956.837908152969,4281.102392728397,0.2072324378819803,excluding_initial_5_years,3.0
Australia,maternal_immunization,infant_3_11m,194005.6705855837,466718.0796772956,249699.62301118238,19.01095890410959,4086.88591311014,9831.792748478008,4281.102392728397,0.04536599730670787,excluding_initial_5_years,4.0
Australia,cocooning_adjunct,infant_3_11m,198459.80430042034,471936.397935246,249699.62298323846,19.01095890410959,4180.715832463002,9941.72083217792,4281.102392728397,0.0234487641397938,excluding_initial_5_years,5.0
Australia,pregnancy_tdap_scaleup,infant_3_11m,198530.18676405202,477947.96161208116,249699.62298451358,19.01095890410959,4182.198495800455,10068.359269215558,4281.102392728397,0.023102436675173532,excluding_initial_5_years,6.0
Australia,targeted_pep_high_risk,infant_3_11m,201524.65978682137,479378.6211303054,249699.62294793958,19.01095890410959,4245.279485644451,10098.497267251525,4281.102392728397,0.008367682853087643,excluding_initial_5_years,7.0
Australia,adolescent_booster,infant_3_11m,203225.00529911404,483477.75509112666,249699.6229877361,19.01095890410959,4281.098634486965,10184.84882841565,4281.102392728397,8.77867681436939e-07,excluding_initial_5_years,8.0
Australia,current,infant_3_11m,203225.18370393457,483478.1191677103,249699.62298773575,19.01095890410959,4281.102392728397,10184.85649798252,4281.102392728397,0.0,excluding_initial_5_years,9.0
Australia,higher_child_coverage,infant_3_11m,203580.59454941555,484365.3120165762,249699.6229710625,19.01095890410959,4288.589409108233,10203.545931532679,4281.102392728397,-0.0017488524433690866,excluding_initial_5_years,10.0
Brazil,combined_strategy,infant_0_2m,584.753157600558,1133.8155840357979,360545.27675210265,19.01095890410959,8.531172864991891,16.541640893606868,573.7932836895573,0.9851319750378822,excluding_initial_5_years,1.0
Brazil,resistance_guided_treatment,infant_0_2m,20563.096803507357,37006.90252475139,360545.2767630319,19.01095890410959,300.0023705469227,539.9069308534631,573.7932836895573,0.4771594944125649,excluding_initial_5_years,2.0
Brazil,maternal_immunization,infant_0_2m,21843.020514104177,47367.940686751856,360545.2766579465,19.01095890410959,318.6756352247754,691.0678208580717,573.7932836895573,0.44461595441540513,excluding_initial_5_years,3.0
Brazil,next_generation_vaccine,infant_0_2m,22255.036205389395,36968.49973814146,360545.2765799002,19.01095890410959,324.6866795120492,539.3466591446145,573.7932836895573,0.4341399790804865,excluding_initial_5_years,4.0
Brazil,pregnancy_tdap_scaleup,infant_0_2m,25669.37411986832,55707.64818364441,360545.27670595655,19.01095890410959,374.499675862144,812.7387948921369,573.7932836895573,0.34732649107694724,excluding_initial_5_years,5.0
Brazil,cocooning_adjunct,infant_0_2m,33461.62484728613,60237.30263444746,360545.2766657475,19.01095890410959,488.18360751645537,878.8235431289899,573.7932836895573,0.14919950896361445,excluding_initial_5_years,6.0
Brazil,targeted_pep_high_risk,infant_0_2m,38352.86087179758,69099.63019506166,360545.27675551415,19.01095890410959,559.5435983685582,1008.1192079653405,573.7932836895573,0.024834179357018593,excluding_initial_5_years,7.0
Brazil,adolescent_booster,infant_0_2m,39077.811409554124,70377.69768630632,360545.27677231916,19.01095890410959,570.1201609064167,1026.7653914551179,573.7932836895573,0.006401473993424944,excluding_initial_5_years,8.0
Brazil,current,infant_0_2m,39329.578677671845,70837.96827599888,360545.27670810604,19.01095890410959,573.7932836895573,1033.4804438181739,573.7932836895573,0.0,excluding_initial_5_years,9.0
Brazil,higher_child_coverage,infant_0_2m,39495.409836216066,71135.2895849548,360545.2767086702,19.01095890410959,576.2126537454509,1037.8181706855526,573.7932836895573,-0.0042164488931220045,excluding_initial_5_years,10.0
Brazil,combined_strategy,infant_3_11m,3016.580046034261,6166.05361210824,1704670.5459787142,19.01095890410959,9.308300038359725,19.026671329199452,432.2843310645639,0.978467181506587,excluding_initial_5_years,1.0
Brazil,next_generation_vaccine,infant_3_11m,74993.33940456415,140908.509951217,1704670.545289516,19.01095890410959,231.40791680835972,434.8032106221509,432.2843310645639,0.46468585563005815,excluding_initial_5_years,2.0
Brazil,resistance_guided_treatment,infant_3_11m,75200.36375793249,168387.06346872528,1704670.5459824,19.01095890410959,232.04673443734785,519.5941382037591,432.2843310645639,0.46320808374918754,excluding_initial_5_years,3.0
Brazil,maternal_immunization,infant_3_11m,118003.41726714285,268314.7294692342,1704670.5456017996,19.01095890410959,364.12466997559517,827.9422289644133,432.2843310645639,0.15767321688740255,excluding_initial_5_years,4.0
Brazil,cocooning_adjunct,infant_3_11m,120076.88204228989,269948.089292134,1704670.545637144,19.01095890410959,370.52278702622834,832.9823084655038,432.2843310645639,0.1428725021937266,excluding_initial_5_years,5.0
Brazil,targeted_pep_high_risk,infant_3_11m,136155.62548498838,307097.2539937224,1704670.5459765566,19.01095890410959,420.13717341681956,947.6139659849371,432.2843310645639,0.028099925847023366,excluding_initial_5_years,6.0
Brazil,pregnancy_tdap_scaleup,infant_3_11m,137705.53434956036,313765.9292816187,1704670.545792467,19.01095890410959,424.91974727921644,968.1915836202523,432.2843310645639,0.017036434716963034,excluding_initial_5_years,7.0
Brazil,adolescent_booster,infant_3_11m,139897.73783473248,314793.2849071114,1704670.5460944641,19.01095890410959,431.684257832642,971.3617079810135,432.2843310645639,0.001388144766765298,excluding_initial_5_years,8.0
Brazil,current,infant_3_11m,140092.20607346154,315618.6452145454,1704670.5458020645,19.01095890410959,432.2843310645639,973.9085331166025,432.2843310645639,0.0,excluding_initial_5_years,9.0
Brazil,higher_child_coverage,infant_3_11m,140863.99504818805,317259.8713020375,1704670.5457915792,19.01095890410959,434.6658502824301,978.9728856747224,432.2843310645639,-0.005509149989316953,excluding_initial_5_years,10.0
China,combined_strategy,infant_0_2m,433354.73414212064,943842.1090628101,1393431.4149851364,19.01095890410959,1635.8893490066837,3562.9500077262037,8399.28239612109,0.8052346293580793,excluding_initial_5_years,1.0
China,maternal_immunization,infant_0_2m,1170258.6870159444,2569122.4310859772,1393431.4141186387,19.01095890410959,4417.659649322204,9698.290321533372,8399.28239612109,0.4740432050049487,excluding_initial_5_years,2.0
China,pregnancy_tdap_scaleup,infant_0_2m,1197464.6028931832,2629166.767693037,1393431.4129823449,19.01095890410959,4520.360430304225,9924.95426807252,8399.28239612109,0.46181587698589677,excluding_initial_5_years,3.0
China,next_generation_vaccine,infant_0_2m,1254837.5132554998,1926328.043887183,1393431.414881279,19.01095890410959,4736.93988110094,7271.778249200636,8399.28239612109,0.4360304062060675,excluding_initial_5_years,4.0
China,resistance_guided_treatment,infant_0_2m,1664418.6207479737,2565511.895047857,1393431.4177579323,19.01095890410959,6283.085135649924,9684.660729080515,8399.28239612109,0.25194976911937816,excluding_initial_5_years,5.0
China,cocooning_adjunct,infant_0_2m,2174904.974632597,3352289.567974358,1393431.4155396179,19.01095890410959,8210.14194925238,12654.701483092056,8399.28239612109,0.022518643611275424,excluding_initial_5_years,6.0
China,targeted_pep_high_risk,infant_0_2m,2183121.696713309,3364889.15002149,1393431.415924294,19.01095890410959,8241.159603117234,12702.264181549297,8399.28239612109,0.01882575028991529,excluding_initial_5_years,7.0
China,adolescent_booster,infant_0_2m,2224958.467546703,3429527.4640546986,1393431.4154521402,19.01095890410959,8399.091024186984,12946.270126248974,8399.28239612109,2.2784319550273047e-05,excluding_initial_5_years,8.0
China,current,infant_0_2m,2225009.162821704,3429603.5668094396,1393431.4154241038,19.01095890410959,8399.28239612109,12946.557410058158,8399.28239612109,0.0,excluding_initial_5_years,9.0
China,higher_child_coverage,infant_0_2m,2225935.7953776005,3431065.688441175,1393431.415559531,19.01095890410959,8402.78038023162,12952.076834376388,8399.28239612109,-0.00041646225779290447,excluding_initial_5_years,10.0
China,combined_strategy,infant_3_11m,2205130.349037373,4861900.839863456,6579662.363968474,19.01095890410959,1762.8957675798313,3886.8561292667832,4542.816117495713,0.6119376787472413,excluding_initial_5_years,1.0
China,next_generation_vaccine,infant_3_11m,2919167.0067301313,5569101.217820861,6579662.3627146855,19.01095890410959,2333.7337696387794,4452.228854533129,4542.816117495713,0.48628037999361484,excluding_initial_5_years,2.0
China,resistance_guided_treatment,infant_3_11m,4484329.713988832,10312560.50238649,6579662.374858348,19.01095890410959,3585.0061487704456,8244.39663642335,4542.816117495713,0.21084057640732168,excluding_initial_5_years,3.0
China,maternal_immunization,infant_3_11m,5405620.81131134,12822606.021571059,6579662.360258705,19.01095890410959,4321.5341256063275,10251.057452174839,4542.816117495713,0.04871031231864398,excluding_initial_5_years,4.0
China,pregnancy_tdap_scaleup,infant_3_11m,5513452.434195992,13088528.744693516,6579662.354745283,19.01095890410959,4407.7403310260415,10463.649901822744,4542.816117495713,0.029733932207701597,excluding_initial_5_years,5.0
China,cocooning_adjunct,infant_3_11m,5569019.492670774,12951098.51173994,6579662.3638846455,19.01095890410959,4452.163518410484,10353.781018937727,4542.816117495713,0.01995515485121646,excluding_initial_5_years,6.0
China,targeted_pep_high_risk,infant_3_11m,5575977.99057657,12967088.769549916,6579662.365803092,19.01095890410959,4457.72650186234,10366.564458775263,4542.816117495713,0.01873058768671443,excluding_initial_5_years,7.0
China,current,infant_3_11m,5682412.922257966,13223424.359959576,6579662.363642421,19.01095890410959,4542.816117495713,10571.492450963897,4542.816117495713,0.0,excluding_initial_5_years,8.0
China,adolescent_booster,infant_3_11m,5682630.140529753,13223857.392691733,6579662.363773172,19.01095890410959,4542.989772977387,10571.83863961794,4542.816117495713,-3.8226394637685956e-05,excluding_initial_5_years,9.0
China,higher_child_coverage,infant_3_11m,5689629.5434453795,13239196.029343171,6579662.364373541,19.01095890410959,4548.585458904106,10584.101141703699,4542.816117495713,-0.0012699922821384213,excluding_initial_5_years,10.0
Japan,combined_strategy,infant_0_2m,33563.622500113845,73024.81431897181,128872.72889872183,19.01095890410959,1369.9470449611006,2980.6117794576303,4900.625644573037,0.7204546634819612,excluding_initial_5_years,1.0
Japan,pregnancy_tdap_scaleup,infant_0_2m,64366.978151989926,139606.93695484987,128872.72894062007,19.01095890410959,2627.2298672000297,5698.255922004225,4900.625644573037,0.4638990900867056,excluding_initial_5_years,2.0
Japan,maternal_immunization,infant_0_2m,75746.61712256054,164906.67512057893,128872.7290199098,19.01095890410959,3091.7060336654263,6730.900756096545,4900.625644573037,0.36912013732589677,excluding_initial_5_years,3.0
Japan,next_generation_vaccine,infant_0_2m,102640.47002601755,158034.08788482906,128872.7289104578,19.01095890410959,4189.416937706267,6450.386327652635,4900.625644573037,0.1451261039811037,excluding_initial_5_years,4.0
Japan,resistance_guided_treatment,infant_0_2m,116867.63023689542,179593.09018933636,128872.72897843832,19.01095890410959,4770.118737781185,7330.3477015119915,4900.625644573037,0.02663066233928224,excluding_initial_5_years,5.0
Japan,adolescent_booster,infant_0_2m,119955.20740261684,183110.75334038297,128872.72892890737,19.01095890410959,4896.142598131721,7473.92613475054,4900.625644573037,0.0009147906341878675,excluding_initial_5_years,6.0
Japan,higher_child_coverage,infant_0_2m,120024.45599414915,183218.36304305372,128872.72892930837,19.01095890410959,4898.969077985117,7478.318377970618,4900.625644573037,0.0003380316531123029,excluding_initial_5_years,7.0
Japan,current,infant_0_2m,120065.04178315382,183275.99689824486,128872.72893408613,19.01095890410959,4900.625644573037,7480.670785559563,4900.625644573037,0.0,excluding_initial_5_years,8.0
Japan,targeted_pep_high_risk,infant_0_2m,120274.90236469918,183618.618819804,128872.72885945084,19.01095890410959,4909.191405878657,7494.655391498021,4900.625644573037,-0.0017478913769113369,excluding_initial_5_years,9.0
Japan,cocooning_adjunct,infant_0_2m,140509.76017239795,214971.327777152,128872.72894414194,19.01095890410959,5735.105937026754,8774.360846624371,4900.625644573037,-0.17028035866763713,excluding_initial_5_years,10.0
Japan,combined_strategy,infant_3_11m,176873.02283567,384134.5654144593,607740.3767247957,19.01095890410959,1530.8741312711072,3324.76745007306,2721.859915648091,0.4375632182721655,excluding_initial_5_years,1.0
Japan,next_generation_vaccine,infant_3_11m,251847.29704867426,476134.74102499225,607740.376801267,19.01095890410959,2179.7926323227825,4121.048796797709,2721.859915648091,0.19915326288797597,excluding_initial_5_years,2.0
Japan,pregnancy_tdap_scaleup,infant_3_11m,306442.69036966143,709227.8259396999,607740.3769395502,19.01095890410959,2652.3275269294213,6138.519679927755,2721.859915648091,0.02554591010320728,excluding_initial_5_years,3.0
Japan,higher_child_coverage,infant_3_11m,314089.2126809776,713627.3356200686,607740.3768689247,19.01095890410959,2718.5098257596837,6176.598385071993,2721.859915648091,0.0012308090762302992,excluding_initial_5_years,4.0
Japan,adolescent_booster,infant_3_11m,314092.83479009586,713535.6061208657,607740.3768697964,19.01095890410959,2718.541175890811,6175.804446478722,2721.859915648091,0.001219291168586767,excluding_initial_5_years,5.0
Japan,current,infant_3_11m,314476.27294728154,714336.2279111765,607740.3768985317,19.01095890410959,2721.859915648091,6182.734000325152,2721.859915648091,0.0,excluding_initial_5_years,6.0
Japan,targeted_pep_high_risk,infant_3_11m,317066.9237074089,719412.6401918135,607740.3765834166,19.01095890410959,2744.2825577152394,6226.671445868419,2721.859915648091,-0.00823798533430753,excluding_initial_5_years,7.0
Japan,resistance_guided_treatment,infant_3_11m,321612.4273964187,727635.3665444888,607740.377090761,19.01095890410959,2783.624869449076,6297.840909323293,2721.859915648091,-0.022692186855721497,excluding_initial_5_years,8.0
Japan,maternal_immunization,infant_3_11m,355415.3883566055,828655.7756645386,607740.3772576927,19.01095890410959,3076.1967805526924,7172.194319082223,2721.859915648091,-0.13018188881341897,excluding_initial_5_years,9.0
Japan,cocooning_adjunct,infant_3_11m,363021.3468498396,830477.4438460676,607740.3769156885,19.01095890410959,3142.0279922132927,7187.961253819695,2721.859915648091,-0.1543680018760838,excluding_initial_5_years,10.0
New_Zealand,combined_strategy,infant_0_2m,2125.4940160595997,4628.232076646008,9482.296255132367,19.01095890410959,1179.0774777921863,2567.423931724515,4502.51004296278,0.738128851120492,excluding_initial_5_years,1.0
New_Zealand,maternal_immunization,infant_0_2m,4974.084242652372,10801.003699679603,9482.29625097197,19.01095890410959,2759.278860073339,5991.651874437848,4502.51004296278,0.38716874948764035,excluding_initial_5_years,2.0
New_Zealand,pregnancy_tdap_scaleup,infant_0_2m,5105.814626226683,11092.05004350683,9482.29625174929,19.01095890410959,2832.3537908021394,6153.104311135404,4502.51004296278,0.37093892878062973,excluding_initial_5_years,3.0
New_Zealand,next_generation_vaccine,infant_0_2m,5124.523807883047,8414.001456314618,9482.29625430542,19.01095890410959,2842.732353588647,4667.507666997932,4502.51004296278,0.36863386722885616,excluding_initial_5_years,4.0
New_Zealand,resistance_guided_treatment,infant_0_2m,7317.7496852622935,12819.974522850822,9482.296255617415,19.01095890410959,4059.3827958960173,7111.637629078117,4502.51004296278,0.09841782535484855,excluding_initial_5_years,5.0
New_Zealand,cocooning_adjunct,infant_0_2m,7908.931294816327,13783.308127368191,9482.296252115098,19.01095890410959,4387.329578738995,7646.028671371892,4502.51004296278,0.025581389741441418,excluding_initial_5_years,6.0
New_Zealand,targeted_pep_high_risk,infant_0_2m,8023.772517881793,13964.243616026866,9482.29625641654,19.01095890410959,4451.0355663197515,7746.399197281529,4502.51004296278,0.011432395741899803,excluding_initial_5_years,7.0
New_Zealand,higher_child_coverage,infant_0_2m,8094.520515205614,14121.25325071135,9482.296256559064,19.01095890410959,4490.28167543998,7833.4973130036915,4502.51004296278,0.0027159001104088976,excluding_initial_5_years,8.0
New_Zealand,adolescent_booster,infant_0_2m,8115.535798862879,14150.071833257422,9482.29625275069,19.01095890410959,4501.9395071261115,7849.48387803795,4502.51004296278,0.00012671506142669653,excluding_initial_5_years,9.0
New_Zealand,current,infant_0_2m,8116.564289825684,14151.647007914995,9482.296252774346,19.01095890410959,4502.51004296278,7850.357676273626,4502.51004296278,0.0,excluding_initial_5_years,10.0
New_Zealand,combined_strategy,infant_3_11m,11024.380956531328,24184.96756863342,44689.442128269184,19.01095890410959,1297.613203482196,2846.6662542403274,2902.553761808362,0.5529408548581883,excluding_initial_5_years,1.0
New_Zealand,next_generation_vaccine,infant_3_11m,14796.843673712885,28337.336016132216,44689.44212145643,19.01095890410959,1741.6469731503282,3335.4164298781457,2902.553761808362,0.3999604775398753,excluding_initial_5_years,2.0
New_Zealand,maternal_immunization,infant_3_11m,23594.44714117722,55165.85130786701,44689.44210869174,19.01095890410959,2777.1596675936858,6493.238699935678,2902.553761808362,0.04320129944347795,excluding_initial_5_years,3.0
New_Zealand,cocooning_adjunct,infant_3_11m,24082.04258621079,55600.55367689783,44689.44211365636,19.01095890410959,2834.551578008769,6544.404885873517,2902.553761808362,0.0234283976732359,excluding_initial_5_years,4.0
New_Zealand,resistance_guided_treatment,infant_3_11m,24103.23868748692,54961.72510964511,44689.442129384006,19.01095890410959,2837.0464418916868,6469.212236756275,2902.553761808362,0.022568856700818762,excluding_initial_5_years,5.0
New_Zealand,pregnancy_tdap_scaleup,infant_3_11m,24185.11288802587,56589.795071698085,44689.44211222635,19.01095890410959,2846.683359928991,6660.84250746468,2902.553761808362,0.019248705265862975,excluding_initial_5_years,6.0
New_Zealand,targeted_pep_high_risk,infant_3_11m,24241.52493980544,55946.124645256066,44689.44213184991,19.01095890410959,2853.323280095658,6585.07995176989,2902.553761808362,0.016961092111531628,excluding_initial_5_years,7.0
New_Zealand,higher_child_coverage,infant_3_11m,24618.241551017407,56919.850056761104,44689.442134301346,19.01095890410959,2897.6643137387855,6699.691280184996,2902.553761808362,0.0016845331631447635,excluding_initial_5_years,8.0
New_Zealand,adolescent_booster,infant_3_11m,24658.087420613097,56982.15669305,44689.442116443664,19.01095890410959,2902.354331207721,6707.025020171602,2902.553761808362,6.870866726582658e-05,excluding_initial_5_years,9.0
New_Zealand,current,infant_3_11m,24659.781761423343,56985.587577328806,44689.44211657116,19.01095890410959,2902.553761808362,6707.428848789968,2902.553761808362,0.0,excluding_initial_5_years,10.0
Sweden,combined_strategy,infant_0_2m,4.856286590187673,3.5418254266782285,17236.10969132288,19.01095890410959,1.4820437904063637,1.0808959238357025,64.01516784608523,0.9768485526122541,excluding_initial_5_years,1.0
Sweden,next_generation_vaccine,infant_0_2m,6.249737016011529,2.821552923467629,17236.109701607544,19.01095890410959,1.907297635489823,0.8610828272536836,64.01516784608523,0.9702055356618664,excluding_initial_5_years,2.0
Sweden,maternal_immunization,infant_0_2m,53.43911681882461,113.14853939240749,17236.109685726326,19.01095890410959,16.308574422250995,34.53072365896677,64.01516784608523,0.7452389024197751,excluding_initial_5_years,3.0
Sweden,resistance_guided_treatment,infant_0_2m,57.614358514374906,93.75893850771388,17236.10967752805,19.01095890410959,17.582776625115645,28.613396293873027,64.01516784608523,0.7253342103641629,excluding_initial_5_years,4.0
Sweden,cocooning_adjunct,infant_0_2m,87.33288048590222,150.032123730745,17236.109684719224,19.01095890410959,26.65228891835632,45.786873013445295,64.01516784608523,0.5836566580214597,excluding_initial_5_years,5.0
Sweden,pregnancy_tdap_scaleup,infant_0_2m,125.80255068235599,279.53911866177435,17236.10968485105,19.01095890410959,38.39248068736174,85.30987771211782,64.01516784608523,0.4002596262862165,excluding_initial_5_years,6.0
Sweden,higher_child_coverage,infant_0_2m,159.11448095010712,282.41310444604886,17236.109681978513,19.01095890410959,48.55863100422355,86.18696203931965,64.01516784608523,0.24145116480869944,excluding_initial_5_years,7.0
Sweden,adolescent_booster,infant_0_2m,205.9674434290233,369.0872151719063,17236.109683252234,19.01095890410959,62.857239792965565,112.63820729305252,64.01516784608523,0.01808833893716766,excluding_initial_5_years,8.0
Sweden,current,infant_0_2m,209.76168386634438,376.2070506272784,17236.109683546438,19.01095890410959,64.01516784608523,114.81104197338087,64.01516784608523,0.0,excluding_initial_5_years,9.0
Sweden,targeted_pep_high_risk,infant_0_2m,291.67231356232423,527.0788980578254,17236.10969328885,19.01095890410959,89.0126917082317,160.85418216669572,64.01516784608523,-0.39049376426301374,excluding_initial_5_years,10.0
Sweden,next_generation_vaccine,infant_3_11m,13.97951258294755,10.24755303426611,81076.94479531006,19.01095890410959,0.9069652162292583,0.6648425042287346,46.057759198325094,0.9803080907101047,excluding_initial_5_years,1.0
Sweden,combined_strategy,infant_3_11m,17.26127741118973,19.050209334335783,81076.94475374187,19.01095890410959,1.1198801184782456,1.2359427508268577,46.057759198325094,0.9756853104021836,excluding_initial_5_years,2.0
Sweden,resistance_guided_treatment,infant_3_11m,191.72297515050147,425.13589839601553,81076.94469058342,19.01095890410959,12.438636097384984,27.58203980473251,46.057759198325094,0.7299339717370071,excluding_initial_5_years,3.0
Sweden,maternal_immunization,infant_3_11m,277.6042171651861,651.254374866985,81076.94472872259,19.01095890410959,18.010454052688573,42.25219312203308,46.057759198325094,0.6089593943305968,excluding_initial_5_years,4.0
Sweden,cocooning_adjunct,infant_3_11m,292.9296553313239,679.8336153942352,81076.94472401857,19.01095890410959,19.004740461782994,44.10636199721585,46.057759198325094,0.58737157880503,excluding_initial_5_years,5.0
Sweden,higher_child_coverage,infant_3_11m,537.8147339699718,1277.9756103491816,81076.94470769363,19.01095890410959,34.892436636773766,82.91272103739132,46.057759198325094,0.24242001252109024,excluding_initial_5_years,6.0
Sweden,pregnancy_tdap_scaleup,infant_3_11m,662.5126693867227,1605.2811816299234,81076.9447199605,19.01095890410959,42.9826106910437,104.14770806349865,46.057759198325094,0.06676721926570017,excluding_initial_5_years,7.0
Sweden,adolescent_booster,infant_3_11m,697.0631428722509,1668.5921659635392,81076.94471294775,19.01095890410959,45.22418224466534,108.25520898238838,46.057759198325094,0.018098513001259198,excluding_initial_5_years,8.0
Sweden,current,infant_3_11m,709.9114851257339,1700.634331024111,81076.94471413316,19.01095890410959,46.057759198325094,110.33404606609577,46.057759198325094,0.0,excluding_initial_5_years,9.0
Sweden,targeted_pep_high_risk,infant_3_11m,987.1436250657705,2378.02184279224,81076.94476104547,19.01095890410959,64.04407352711218,154.28170924845693,46.057759198325094,-0.39051648716425524,excluding_initial_5_years,10.0
Thailand,combined_strategy,infant_0_2m,597.5324834288999,1254.5009128360455,85051.6396538145,19.01095890410959,36.955136104516924,77.5861618619654,1631.0717661726108,0.9773430348860529,excluding_initial_5_years,1.0
Thailand,maternal_immunization,infant_0_2m,10993.994477670934,23974.462863364934,85051.63965479661,19.01095890410959,679.9371975871652,1482.7303330087987,1631.0717661726108,0.583134714432173,excluding_initial_5_years,2.0
Thailand,next_generation_vaccine,infant_0_2m,11148.837183725127,17066.3933930607,85051.63966950428,19.01095890410959,689.5136362987058,1055.4922251561352,1631.0717661726108,0.5772634591568689,excluding_initial_5_years,3.0
Thailand,resistance_guided_treatment,infant_0_2m,13074.431200126326,20108.22430400032,85051.63974191893,19.01095890410959,808.604381165485,1243.6180221374252,1631.0717661726108,0.5042496609067579,excluding_initial_5_years,4.0
Thailand,pregnancy_tdap_scaleup,infant_0_2m,14340.593168996924,31274.48023344921,85051.63964445873,19.01095890410959,886.9117364079547,1934.208943955758,1631.0717661726108,0.45623990629846034,excluding_initial_5_years,5.0
Thailand,cocooning_adjunct,infant_0_2m,20305.926235376148,31342.079894435657,85051.63965471587,19.01095890410959,1255.845144087375,1938.3897284356726,1631.0717661726108,0.23004911854107024,excluding_initial_5_years,6.0
Thailand,adolescent_booster,infant_0_2m,23637.934197065944,36482.13416146848,85051.63977567319,19.01095890410959,1461.9172989857225,2256.2827440812835,1631.0717661726108,0.10370755640251039,excluding_initial_5_years,7.0
Thailand,higher_child_coverage,infant_0_2m,25863.7976287246,39896.348806411355,85051.63977270729,19.01095890410959,1599.5785781022346,2467.4390749312875,1631.0717661726108,0.01930827859541484,excluding_initial_5_years,8.0
Thailand,targeted_pep_high_risk,infant_0_2m,26245.550246336996,40419.51498498373,85051.63964072263,19.01095890410959,1623.1885437840415,2499.7949386902164,1631.0717661726108,0.004833154832339259,excluding_initial_5_years,9.0
Thailand,current,infant_0_2m,26373.015110779823,40670.1323784567,85051.63963753647,19.01095890410959,1631.0717661726108,2515.294681717633,1631.0717661726108,0.0,excluding_initial_5_years,10.0
Thailand,combined_strategy,infant_3_11m,3334.639295338995,6886.765271456569,402139.0005910199,19.01095890410959,43.61829107211734,90.08138678615452,1037.310472343869,0.957950592194872,excluding_initial_5_years,1.0
Thailand,next_generation_vaccine,infant_3_11m,30996.92120964774,56530.443103518206,402139.00065384334,19.01095890410959,405.4509683672512,739.4386927504704,1037.310472343869,0.6091324833045317,excluding_initial_5_years,2.0
Thailand,resistance_guided_treatment,infant_3_11m,41367.845054436126,88944.65233656502,402139.00096769346,19.01095890410959,541.106412151567,1163.4283014397938,1037.310472343869,0.478356358507687,excluding_initial_5_years,3.0
Thailand,maternal_immunization,infant_3_11m,60552.579882770726,133982.9636374577,402139.00061178865,19.01095890410959,792.0497002628355,1752.5457444558829,1037.310472343869,0.23643911694716735,excluding_initial_5_years,4.0
Thailand,cocooning_adjunct,infant_3_11m,61992.44392329277,134774.83587683848,402139.00062257017,19.01095890410959,810.8836439627768,1762.9037204199178,1037.310472343869,0.21828260141774747,excluding_initial_5_years,5.0
Thailand,adolescent_booster,infant_3_11m,71386.24895504436,155541.47639210592,402139.0011080194,19.01095890410959,933.7580186909277,2034.538905547741,1037.310472343869,0.09982783015673014,excluding_initial_5_years,6.0
Thailand,higher_child_coverage,infant_3_11m,76882.80178414402,169560.20082817768,402139.00110056676,19.01095890410959,1005.654922587541,2217.9089039514697,1037.310472343869,0.030516948011524603,excluding_initial_5_years,7.0
Thailand,pregnancy_tdap_scaleup,infant_3_11m,77884.57078433751,172692.4317764544,402139.0005652556,19.01095890410959,1018.7584256756794,2258.8796234088645,1037.310472343869,0.017884757903070203,excluding_initial_5_years,8.0
Thailand,current,infant_3_11m,79302.8836533104,172780.00040784516,402139.0005333368,19.01095890410959,1037.310472343869,2260.0250530379567,1037.310472343869,0.0,excluding_initial_5_years,9.0
Thailand,targeted_pep_high_risk,infant_3_11m,79407.26862934747,172546.34170086528,402139.0005685582,19.01095890410959,1038.675865588049,2256.968712231479,1037.310472343869,-0.001316282135950031,excluding_initial_5_years,10.0
United_Kingdom,combined_strategy,infant_0_2m,12961.66198083725,28182.83254086055,121057.2967931923,19.01095890410959,563.2039559527004,1224.5870012990317,4096.449507166267,0.8625141222984831,excluding_initial_5_years,1.0
United_Kingdom,next_generation_vaccine,infant_0_2m,49247.465054537686,80854.05880269445,121057.29673536279,19.01095890410959,2139.8773701716414,3513.232011572768,4096.449507166267,0.477626328256171,excluding_initial_5_years,2.0
United_Kingdom,maternal_immunization,infant_0_2m,54886.558933873304,120446.39058537826,121057.296697654,19.01095890410959,2384.9045894180686,5233.579136050215,4096.449507166267,0.4178117940314039,excluding_initial_5_years,3.0
United_Kingdom,pregnancy_tdap_scaleup,infant_0_2m,58157.94120014156,127768.6715321342,121057.2967212422,19.01095890410959,2527.051131396363,5551.7433954746675,4096.449507166267,0.38311185650510815,excluding_initial_5_years,4.0
United_Kingdom,resistance_guided_treatment,infant_0_2m,66411.56370600662,115697.6731201471,121057.29674180782,19.01095890410959,2885.683600714298,5027.2401270596065,4096.449507166267,0.2955647089836878,excluding_initial_5_years,5.0
United_Kingdom,cocooning_adjunct,infant_0_2m,87624.88142059364,153199.32093021664,121057.2967922186,19.01095890410959,3807.434565823617,6656.74384391607,4096.449507166267,0.07055254576848835,excluding_initial_5_years,6.0
United_Kingdom,targeted_pep_high_risk,infant_0_2m,91106.70766639945,159308.98485866876,121057.29676067605,19.01095890410959,3958.725220668837,6922.218049503201,4096.449507166267,0.033620403780517005,excluding_initial_5_years,7.0
United_Kingdom,current,infant_0_2m,94276.31542905924,164895.0429642467,121057.29672213645,19.01095890410959,4096.449507166267,7164.940785083346,4096.449507166267,0.0,excluding_initial_5_years,8.0
United_Kingdom,adolescent_booster,infant_0_2m,94610.1764111916,165479.64580421924,121057.29672371357,19.01095890410959,4110.956275323728,7190.342668854081,4096.449507166267,-0.003541302811638003,excluding_initial_5_years,9.0
United_Kingdom,higher_child_coverage,infant_0_2m,98329.4174123321,171971.62465660094,121057.29674671048,19.01095890410959,4272.562961160973,7472.42903715526,4096.449507166267,-0.04299173068937279,excluding_initial_5_years,10.0
United_Kingdom,combined_strategy,infant_3_11m,68009.66890019072,148675.1694678896,569882.895976617,19.01095890410959,627.7417516235757,1372.299157075344,2633.956183952579,0.7616734266696984,excluding_initial_5_years,1.0
United_Kingdom,next_generation_vaccine,infant_3_11m,143893.50886222656,275493.2454005614,569882.895744776,19.01095890410959,1328.163550829031,2542.8533221117077,2633.956183952579,0.4957533618361273,excluding_initial_5_years,2.0
United_Kingdom,resistance_guided_treatment,infant_3_11m,222000.63305743458,503595.2747051707,569882.8957720593,19.01095890410959,2049.1066720462795,4648.277003527159,2633.956183952579,0.22204223269525314,excluding_initial_5_years,3.0
United_Kingdom,maternal_immunization,infant_3_11m,267255.1203766215,626962.4770573232,569882.895573594,19.01095890410959,2466.8139137752064,5786.978972153922,2633.956183952579,0.0634567390284203,excluding_initial_5_years,4.0
United_Kingdom,cocooning_adjunct,infant_3_11m,270363.52294221177,626468.5872131867,569882.8959627334,19.01095890410959,2495.5050394389373,5782.420274109442,2633.956183952579,0.05256395127495195,excluding_initial_5_years,5.0
United_Kingdom,targeted_pep_high_risk,infant_3_11m,276029.5309236844,641999.5245470345,569882.8958590761,19.01095890410959,2547.8033356095416,5925.773683080682,2633.956183952579,0.03270853511836114,excluding_initial_5_years,6.0
United_Kingdom,pregnancy_tdap_scaleup,infant_3_11m,277351.3266474796,654025.2543813672,569882.8956879979,19.01095890410959,2560.0037540029716,6036.773382941609,2633.956183952579,0.02807656042274498,excluding_initial_5_years,7.0
United_Kingdom,current,infant_3_11m,285363.347930259,664486.9738554822,569882.8956924746,19.01095890410959,2633.956183952579,6133.336977705798,2633.956183952579,0.0,excluding_initial_5_years,8.0
United_Kingdom,adolescent_booster,infant_3_11m,286495.16638549266,667108.0379179944,569882.895699318,19.01095890410959,2644.4030764208474,6157.529880981438,2633.956183952579,-0.0039662362388244166,excluding_initial_5_years,9.0
United_Kingdom,higher_child_coverage,infant_3_11m,298715.2530818683,695236.7031448594,569882.8958019131,19.01095890410959,2757.1967235860334,6417.162633146155,2633.956183952579,-0.0467891380973986,excluding_initial_5_years,10.0
United_States,combined_strategy,infant_0_2m,41200.73094672333,89426.08429440511,647141.6944894608,19.01095890410959,334.8894885417637,726.8768039666954,1084.9544100907153,0.6913331238371916,excluding_initial_5_years,1.0
United_States,maternal_immunization,infant_0_2m,77056.47008103644,167735.90682127743,647141.6943351084,19.01095890410959,626.3335932994959,1363.3979487281883,1084.9544100907153,0.42270975860900295,excluding_initial_5_years,2.0
United_States,pregnancy_tdap_scaleup,infant_0_2m,83158.34958344809,181175.34568744592,647141.6945185538,19.01095890410959,675.9311429386411,1472.6369522272685,1084.9544100907153,0.3769958104671651,excluding_initial_5_years,3.0
United_States,cocooning_adjunct,infant_0_2m,123652.5546380021,214431.40850629084,647141.6942018865,19.01095890410959,1005.077818923936,1742.950260924529,1084.9544100907153,0.07362207151183497,excluding_initial_5_years,4.0
United_States,next_generation_vaccine,infant_0_2m,125827.21779242078,205967.19088337096,647141.6944135805,19.01095890410959,1022.7540057618571,1674.1510559265778,1084.9544100907153,0.05732997050415922,excluding_initial_5_years,5.0
United_States,targeted_pep_high_risk,infant_0_2m,128505.32152144656,222947.42097829524,647141.6944729736,19.01095890410959,1044.5222793730823,1812.1704656544846,1084.9544100907153,0.037266202470435994,excluding_initial_5_years,6.0
United_States,current,infant_0_2m,133479.59929960634,231547.38530475972,647141.6944980926,19.01095890410959,1084.9544100907153,1882.0730519837125,1084.9544100907153,0.0,excluding_initial_5_years,7.0
United_States,adolescent_booster,infant_0_2m,133485.55430211616,231557.9344390202,647141.6944983451,19.01095890410959,1085.0028137884528,1882.1587978932043,1084.9544100907153,-4.461357757268303e-05,excluding_initial_5_years,8.0
United_States,higher_child_coverage,infant_0_2m,133726.62337583775,231975.77998417313,647141.6945018827,19.01095890410959,1086.9622814168388,1885.555147357491,1084.9544100907153,-0.0018506504120809897,excluding_initial_5_years,9.0
United_States,resistance_guided_treatment,infant_0_2m,154577.65721355082,266441.06431484746,647141.6944260468,19.01095890410959,1256.4445188179288,2165.6972998621586,1084.9544100907153,-0.15806204125468715,excluding_initial_5_years,10.0
United_States,combined_strategy,infant_3_11m,214260.0660554784,477111.7452929276,3049276.118702456,19.01095890410959,369.60723081940193,823.0369485813096,722.2059816072378,0.4882246336469588,excluding_initial_5_years,1.0
United_States,next_generation_vaccine,infant_3_11m,369160.20362537383,712737.174433099,3049276.1185424,19.01095890410959,636.8161977628315,1229.5002900348193,722.2059816072378,0.11823466714354136,excluding_initial_5_years,2.0
United_States,maternal_immunization,infant_3_11m,386269.52476742456,915220.9521619555,3049276.118193492,19.01095890410959,666.3304648943638,1578.792950084081,722.2059816072378,0.07736783983500872,excluding_initial_5_years,3.0
United_States,cocooning_adjunct,infant_3_11m,393040.61251577584,919143.4501024222,3049276.1175795156,19.01095890410959,678.010863710835,1585.5594171024413,722.2059816072378,0.06119461624791389,excluding_initial_5_years,4.0
United_States,targeted_pep_high_risk,infant_3_11m,406849.42415549164,952878.0926891214,3049276.118615211,19.01095890410959,701.8316189072093,1643.7530317300636,722.2059816072378,0.028211290433632685,excluding_initial_5_years,5.0
United_States,pregnancy_tdap_scaleup,infant_3_11m,411604.9080182135,978782.8361916371,3049276.119068149,19.01095890410959,710.0350197159468,1688.439755830625,722.2059816072378,0.016852480042058304,excluding_initial_5_years,6.0
United_States,current,infant_3_11m,418660.37359682826,982698.3617436073,3049276.1189805353,19.01095890410959,722.2059816072378,1695.1941949259349,722.2059816072378,0.0,excluding_initial_5_years,7.0
United_States,adolescent_booster,infant_3_11m,418669.1263570386,982725.8943981394,3049276.118981742,19.01095890410959,722.2210804703224,1695.2416898616054,722.2059816072378,-2.090658824349667e-05,excluding_initial_5_years,8.0
United_States,higher_child_coverage,infant_3_11m,419299.8035097509,984274.9516774263,3049276.118996177,19.01095890410959,723.3090239191015,1697.9138759583602,722.2059816072378,-0.0015273236998243345,excluding_initial_5_years,9.0
United_States,resistance_guided_treatment,infant_3_11m,507235.7463853694,1168513.7864102388,3049276.118520117,19.01095890410959,875.0020620117602,2015.7332756696658,722.2059816072378,-0.21156856118040102,excluding_initial_5_years,10.0
Australia,combined_strategy,infant_0_2m,3806.781256304082,4412.021833605821,50475.32848243355,10.005479452054795,753.773497962988,873.6160306292327,5896.18176219233,0.872159046589039,first_10_years,1.0
Australia,next_generation_vaccine,infant_0_2m,4619.354374369565,5147.08480342448,50475.32846412265,10.005479452054795,914.6695520253938,1019.1644480680264,5896.18176219233,0.8448708691630803,first_10_years,2.0
Australia,resistance_guided_treatment,infant_0_2m,14643.64422178354,24283.795507838444,50475.32847767779,10.005479452054795,2899.5600707921435,4808.388045720631,5896.18176219233,0.508230887761163,first_10_years,3.0
Australia,maternal_immunization,infant_0_2m,19985.638623673996,40010.00802837707,50475.3284698479,10.005479452054795,3957.3181971514505,7922.305402406285,5896.18176219233,0.32883375093239453,first_10_years,4.0
Australia,pregnancy_tdap_scaleup,infant_0_2m,20438.189796040035,41008.31740960822,50475.32846328225,10.005479452054795,4046.9269924363603,8119.9787405583365,5896.18176219233,0.31363598415737715,first_10_years,5.0
Australia,targeted_pep_high_risk,infant_0_2m,28258.803809515208,48503.51180751261,50475.32845967274,10.005479452054795,5595.471862240286,9604.08789304066,5896.18176219233,0.051000785267554805,first_10_years,6.0
Australia,cocooning_adjunct,infant_0_2m,29118.995954946986,50124.87304716005,50475.32845921891,10.005479452054795,5765.796868910522,9925.130540799206,5896.18176219233,0.02211344536863946,first_10_years,7.0
Australia,current,infant_0_2m,29777.478602213578,51332.532523475245,50475.32846091889,10.005479452054795,5896.18176219233,10164.256890761731,5896.18176219233,0.0,first_10_years,8.0
Australia,adolescent_booster,infant_0_2m,29777.49681705504,51332.56175763613,50475.32846091995,10.005479452054795,5896.185368878235,10164.262679361977,5896.18176219233,-6.116985620252535e-07,first_10_years,9.0
Australia,higher_child_coverage,infant_0_2m,29799.552671146444,51369.760444004525,50475.328459066746,10.005479452054795,5900.552606710273,10171.628320697606,5896.18176219233,-0.0007413008442123115,first_10_years,10.0
Australia,next_generation_vaccine,infant_3_11m,9293.569030220659,10059.959658267457,237916.62890166265,10.005479452054795,390.4090056806277,422.6039355386564,3339.725976891904,0.8831014854566124,first_10_years,1.0
Australia,combined_strategy,infant_3_11m,9443.331881729915,11923.981517235108,237916.62899189393,10.005479452054795,396.70032006773454,500.9087198894877,3339.725976891904,0.8812177038437982,first_10_years,2.0
Australia,resistance_guided_treatment,infant_3_11m,40393.00460930771,86482.66840631455,237916.6289694438,10.005479452054795,1696.8500164145962,3633.008208332636,3339.725976891904,0.49191938855002726,first_10_years,3.0
Australia,targeted_pep_high_risk,infant_3_11m,76435.80214493,171904.9074892575,237916.62888631524,10.005479452054795,3210.9543081555794,7221.469361296296,3339.725976891904,0.03855755520881543,first_10_years,4.0
Australia,maternal_immunization,infant_3_11m,76897.32352266896,174925.07070523917,237916.6289339595,10.005479452054795,3230.3421338226794,7348.341922387793,3339.725976891904,0.03275234070880928,first_10_years,5.0
Australia,cocooning_adjunct,infant_3_11m,78035.98053591594,175456.38158591697,237916.6288816176,10.005479452054795,3278.175421287341,7370.661503487376,3339.725976891904,0.01842982209631594,first_10_years,6.0
Australia,pregnancy_tdap_scaleup,infant_3_11m,78389.18206242184,178555.9384139166,237916.6289016532,10.005479452054795,3293.012891558884,7500.8692729208915,3339.725976891904,0.013987101234123833,first_10_years,7.0
Australia,current,infant_3_11m,79501.17301376569,178966.6427770629,237916.62889002493,10.005479452054795,3339.725976891904,7518.122352436217,3339.725976891904,0.0,first_10_years,8.0
Australia,adolescent_booster,infant_3_11m,79501.20664813243,178966.74254096084,237916.62889002997,10.005479452054795,3339.7273898215312,7518.126543368958,3339.725976891904,-4.2306753211818204e-07,first_10_years,9.0
Australia,higher_child_coverage,infant_3_11m,79550.55766744181,179107.4823897451,237916.6288801938,10.005479452054795,3341.8005528442823,7524.038815300058,3339.725976891904,-0.000621181488161815,first_10_years,10.0
Brazil,combined_strategy,infant_0_2m,3485.421836206282,6108.139516612249,390176.64339016826,10.005479452054795,89.28040980767618,156.46232359615232,1301.5646180515625,0.9314053189757658,first_10_years,1.0
Brazil,next_generation_vaccine,infant_0_2m,8185.240995501543,12886.834240303839,390176.64336910425,10.005479452054795,209.6680702752016,330.10117461487636,1301.5646180515625,0.8389107483660135,first_10_years,2.0
Brazil,maternal_immunization,infant_0_2m,26639.857754499502,56117.294467911954,390176.6434178788,10.005479452054795,682.390117794119,1437.465902976821,1301.5646180515625,0.4757155285800143,first_10_years,3.0
Brazil,resistance_guided_treatment,infant_0_2m,31503.9921937491,56115.82703319903,390176.6434135333,10.005479452054795,806.9867768226295,1437.4283140929256,1301.5646180515625,0.37998715881606726,first_10_years,4.0
Brazil,pregnancy_tdap_scaleup,infant_0_2m,33955.01318418192,72039.15039629744,390176.643391037,10.005479452054795,869.7706144521445,1845.3103158854708,1301.5646180515625,0.33174995510081706,first_10_years,5.0
Brazil,cocooning_adjunct,infant_0_2m,39660.06115447602,70840.11153871822,390176.6434411962,10.005479452054795,1015.9075942038925,1814.5964779560725,1301.5646180515625,0.21947202611830186,first_10_years,6.0
Brazil,adolescent_booster,infant_0_2m,49172.610420733654,88039.18577470769,390176.6433964806,10.005479452054795,1259.5751722218383,2255.157325096782,1301.5646180515625,0.03226074621833397,first_10_years,7.0
Brazil,higher_child_coverage,infant_0_2m,50518.818702297176,90483.46386743322,390176.643493108,10.005479452054795,1294.058810528405,2317.7684402081286,1301.5646180515625,0.005766757500210495,first_10_years,8.0
Brazil,current,infant_0_2m,50811.83823882172,91019.24993860413,390176.6433947223,10.005479452054795,1301.5646180515625,2331.492805374761,1301.5646180515625,0.0,first_10_years,9.0
Brazil,targeted_pep_high_risk,infant_0_2m,58111.10041300855,104179.42492113993,390176.6433971211,10.005479452054795,1488.538002849912,2668.595707326365,1301.5646180515625,-0.1436527869651587,first_10_years,10.0
Brazil,combined_strategy,infant_3_11m,16343.215603231962,31461.612412050217,1845150.304781956,10.005479452054795,88.52539155499645,170.41637492547684,961.4460365938542,0.9079247423301903,first_10_years,1.0
Brazil,next_generation_vaccine,infant_3_11m,27877.22454195328,49170.95267732218,1845150.3046924283,10.005479452054795,151.0010195101802,266.34157835148085,961.4460365938542,0.8429438431665532,first_10_years,2.0
Brazil,resistance_guided_treatment,infant_3_11m,111901.45506243654,249073.7406163865,1845150.304897835,10.005479452054795,606.1304191810892,1349.1439474363972,961.4460365938542,0.36956376529623336,first_10_years,3.0
Brazil,maternal_immunization,infant_3_11m,137696.26244844677,310971.5349332315,1845150.304915858,10.005479452054795,745.8517248963625,1684.4223045666004,961.4460365938542,0.2242396385150066,first_10_years,4.0
Brazil,cocooning_adjunct,infant_3_11m,140293.6671057174,313528.132232068,1845150.3050290523,10.005479452054795,759.9209429202376,1698.2704835726995,961.4460365938542,0.20960624517998527,first_10_years,5.0
Brazil,adolescent_booster,infant_3_11m,172569.16598955556,387349.22257513076,1845150.3048126707,10.005479452054795,934.7458517446969,2098.1330987051915,961.4460365938542,0.027770861632285593,first_10_years,6.0
Brazil,pregnancy_tdap_scaleup,infant_3_11m,174357.685563859,396130.2838553813,1845150.3047857974,10.005479452054795,944.4336267630869,2145.696987444851,961.4460365938542,0.017694607063998835,first_10_years,7.0
Brazil,higher_child_coverage,infant_3_11m,176708.69941789182,397091.16330128507,1845150.3052800605,10.005479452054795,957.1682331490857,2150.9017293900274,961.4460365938542,0.004449343262075911,first_10_years,8.0
Brazil,current,infant_3_11m,177498.45090888234,399030.26343446545,1845150.3048040224,10.005479452054795,961.4460365938542,2161.40514633004,961.4460365938542,0.0,first_10_years,9.0
Brazil,targeted_pep_high_risk,infant_3_11m,201872.03157991666,454782.26073171693,1845150.3048153238,10.005479452054795,1093.4690622179332,2463.393904859951,961.4460365938542,-0.13731714583982413,first_10_years,10.0
China,combined_strategy,infant_0_2m,41719.12424500017,46713.886445917364,1394635.8306634172,10.005479452054795,298.97609148700525,334.77057441928355,5768.120105525678,0.948167498939456,first_10_years,1.0
China,next_generation_vaccine,infant_0_2m,63739.243637162755,73988.36828507006,1394635.8313711588,10.005479452054795,456.7811590529739,530.2305250761993,5768.120105525678,0.9208093537068703,first_10_years,2.0
China,resistance_guided_treatment,infant_0_2m,200081.83461193682,289027.5551962177,1394635.8315146214,10.005479452054795,1433.8672236267025,2071.2881752839025,5768.120105525678,0.7514151582500679,first_10_years,3.0
China,maternal_immunization,infant_0_2m,445680.7081181929,934700.8246395459,1394635.831203892,10.005479452054795,3193.92792931574,6698.443560583715,5768.120105525678,0.4462792260070907,first_10_years,4.0
China,pregnancy_tdap_scaleup,infant_0_2m,455156.10945390904,955268.9498386418,1394635.8312611326,10.005479452054795,3261.832481513515,6845.8430513070325,5768.120105525678,0.43450683726422723,first_10_years,5.0
China,targeted_pep_high_risk,infant_0_2m,784248.3624451746,1190129.0606423526,1394635.8310321185,10.005479452054795,5620.240461424723,8528.94544795068,5768.120105525678,0.025637407230700737,first_10_years,6.0
China,cocooning_adjunct,infant_0_2m,788696.3193261323,1196281.8924649968,1394635.8311019475,10.005479452054795,5652.11631633011,8573.039125006648,5768.120105525678,0.020111195168151963,first_10_years,7.0
China,higher_child_coverage,infant_0_2m,804493.207085855,1220609.5171067507,1394635.8311851872,10.005479452054795,5765.323192785238,8747.380706670074,5768.120105525678,0.00048489155726161304,first_10_years,8.0
China,adolescent_booster,infant_0_2m,804833.2641431945,1221217.3719081362,1394635.8311706432,10.005479452054795,5767.760179040276,8751.736839732268,5768.120105525678,6.239927026785441e-05,first_10_years,9.0
China,current,infant_0_2m,804883.4882848951,1221301.3653049092,1394635.8311695706,10.005479452054795,5768.120105525678,8752.338770338532,5768.120105525678,0.0,first_10_years,10.0
China,combined_strategy,infant_3_11m,65782.37252439304,85928.63371481744,6577792.427430607,10.005479452054795,99.95199431123987,130.562914936691,2863.85597732771,0.9650988055605695,first_10_years,1.0
China,next_generation_vaccine,infant_3_11m,77483.45737879112,93415.44776237947,6577792.4307909785,10.005479452054795,117.73102413282284,141.9386370580504,2863.85597732771,0.9588907315644138,first_10_years,2.0
China,resistance_guided_treatment,infant_3_11m,482068.6513035139,1037467.252810008,6577792.431471101,10.005479452054795,732.4716518129718,1576.3633464088593,2863.85597732771,0.7442358632515984,first_10_years,3.0
China,maternal_immunization,infant_3_11m,1823188.4236913233,4273257.358169511,6577792.430026394,10.005479452054795,2770.2150574399825,6492.933875671425,2863.85597732771,0.03269749618313733,first_10_years,4.0
China,targeted_pep_high_risk,infant_3_11m,1845816.8372572134,4239198.591767447,6577792.429213011,10.005479452054795,2804.597445899636,6441.183817999574,2863.85597732771,0.02069186854967786,first_10_years,5.0
China,cocooning_adjunct,infant_3_11m,1854077.0002319529,4262347.460303781,6577792.429540599,10.005479452054795,2817.1482208492926,6476.357002936818,2863.85597732771,0.01630939434391565,first_10_years,6.0
China,pregnancy_tdap_scaleup,infant_3_11m,1854942.9990586932,4351081.748186614,6577792.430295218,10.005479452054795,2818.4640488619402,6611.182924298205,2863.85597732771,0.015849934083670525,first_10_years,7.0
China,higher_child_coverage,infant_3_11m,1883985.352418332,4334604.76550332,6577792.429941018,10.005479452054795,2862.5919973573673,6586.147231723125,2863.85597732771,0.00044135598310446333,first_10_years,8.0
China,adolescent_booster,infant_3_11m,1884714.346099934,4335866.174648089,6577792.429872858,10.005479452054795,2863.6996554038087,6588.063860133843,2863.85597732771,5.4584422240155916e-05,first_10_years,9.0
China,current,infant_3_11m,1884817.227757898,4336079.1030239,6577792.429867826,10.005479452054795,2863.85597732771,6588.387390820175,2863.85597732771,0.0,first_10_years,10.0
Japan,combined_strategy,infant_0_2m,12928.040465756889,28194.31715177234,126839.94470894385,10.005479452054795,1018.6822863299884,2221.609031450285,4832.095070264681,0.7891841382429197,first_10_years,1.0
Japan,pregnancy_tdap_scaleup,infant_0_2m,32709.081587669287,72368.28286912075,126839.94470638726,10.005479452054795,2577.3559499917537,5702.355902090776,4832.095070264681,0.46661729280699416,first_10_years,2.0
Japan,maternal_immunization,infant_0_2m,34133.328117319994,75101.11884900194,126839.94470639975,10.005479452054795,2689.581365358522,5917.69337814313,4832.095070264681,0.44339229128387203,first_10_years,3.0
Japan,next_generation_vaccine,infant_0_2m,44605.67874039504,68453.36025510033,126839.94471240738,10.005479452054795,3514.764277052061,5393.874324143312,4832.095070264681,0.27262104202359216,first_10_years,4.0
Japan,resistance_guided_treatment,infant_0_2m,51033.79165660579,78624.61076301463,126839.94470865464,10.005479452054795,4021.2760551499673,6195.331648767901,4832.095070264681,0.16779864703082115,first_10_years,5.0
Japan,targeted_pep_high_risk,infant_0_2m,59631.54652278307,91897.05314498843,126839.9447042157,10.005479452054795,4698.747680469121,7241.151546220359,4832.095070264681,0.027596185061867118,first_10_years,6.0
Japan,current,infant_0_2m,61323.850860647435,94506.35632771983,126839.94470593349,10.005479452054795,4832.095070264681,7446.755089754177,4832.095070264681,0.0,first_10_years,7.0
Japan,adolescent_booster,infant_0_2m,61364.25964450109,94568.67966142709,126839.94470577562,10.005479452054795,4835.279134586855,7451.665940425026,4832.095070264681,-0.0006589407443093886,first_10_years,8.0
Japan,higher_child_coverage,infant_0_2m,61534.41867567011,94831.13049383281,126839.94470530713,10.005479452054795,4848.687043666807,7472.346105766085,4832.095070264681,-0.0034337017713552687,first_10_years,9.0
Japan,cocooning_adjunct,infant_0_2m,63357.39592079578,97630.61500680653,126839.9447047492,10.005479452054795,4992.330980522367,7692.935242402405,4832.095070264681,-0.03316075282618747,first_10_years,10.0
Japan,combined_strategy,infant_3_11m,67005.44235510133,146166.92460356271,596959.7860063192,10.005479452054795,1121.8301252619713,2447.1812075827297,2575.5801582987124,0.5644359498393593,first_10_years,1.0
Japan,next_generation_vaccine,infant_3_11m,106223.34878098014,201066.87029008885,596959.7860226317,10.005479452054795,1778.4309524282157,3366.3365892282095,2575.5801582987124,0.3095027748610433,first_10_years,2.0
Japan,resistance_guided_treatment,infant_3_11m,133035.44634059555,305396.0628105329,596959.7860049204,10.005479452054795,2227.329097269066,5113.054870713386,2575.5801582987124,0.13521266651614594,first_10_years,3.0
Japan,pregnancy_tdap_scaleup,infant_3_11m,149473.69643081346,350987.73336310673,596959.7859941396,10.005479452054795,2502.5444157970587,5876.367636011968,2575.5801582987124,0.028357006193857726,first_10_years,4.0
Japan,targeted_pep_high_risk,infant_3_11m,150583.88539920704,346777.09546633024,596959.7859832428,10.005479452054795,2521.1316139232363,5805.871564855009,2575.5801582987124,0.021140302778012487,first_10_years,5.0
Japan,current,infant_3_11m,153836.02555997443,353835.0126228008,596959.785992216,10.005479452054795,2575.5801582987124,5924.037848126603,2575.5801582987124,0.0,first_10_years,6.0
Japan,adolescent_booster,infant_3_11m,153907.97583690856,353979.5631566592,596959.7859914168,10.005479452054795,2576.7847766936025,5926.457967125014,2575.5801582987124,-0.0004677075924073293,first_10_years,7.0
Japan,higher_child_coverage,infant_3_11m,154245.74474281917,354745.0984097971,596959.7859891446,10.005479452054795,2582.4398297964126,5939.274844087114,2575.5801582987124,-0.0026633500322628123,first_10_years,8.0
Japan,maternal_immunization,infant_3_11m,154715.10242162304,366136.2443588849,596959.7859939722,10.005479452054795,2590.2979912189776,6129.989661195036,2575.5801582987124,-0.005714375797174487,first_10_years,9.0
Japan,cocooning_adjunct,infant_3_11m,157810.69342115487,366314.28014567826,596959.7859857336,10.005479452054795,2642.1255311802197,6132.970402872951,2575.5801582987124,-0.025837042061025883,first_10_years,10.0
New_Zealand,next_generation_vaccine,infant_0_2m,73.183739283986,123.3774545810417,9419.179914717606,10.005479452054795,77.65395844236893,130.91361311265936,4107.705690234277,0.9810955398710807,first_10_years,1.0
New_Zealand,combined_strategy,infant_0_2m,131.99399725589097,293.55284246182856,9419.179916327974,10.005479452054795,140.05647260007655,311.4836772252894,4107.705690234277,0.9659039660672261,first_10_years,2.0
New_Zealand,maternal_immunization,infant_0_2m,2378.9633153237373,5230.34573482405,9419.179915009472,10.005479452054795,2524.2754773910433,5549.826427187466,4107.705690234277,0.3854780094415492,first_10_years,3.0
New_Zealand,pregnancy_tdap_scaleup,infant_0_2m,2445.7160869132604,5378.439607445006,9419.179917289493,10.005479452054795,2595.1056502615243,5706.966188576217,4107.705690234277,0.36823476510715747,first_10_years,4.0
New_Zealand,resistance_guided_treatment,infant_0_2m,2633.5622380034315,4622.004506374836,9419.179915577803,10.005479452054795,2794.4258460620113,4904.32641645893,4107.705690234277,0.31971128002049365,first_10_years,5.0
New_Zealand,cocooning_adjunct,infant_0_2m,3767.2767169451295,6623.451535528062,9419.179914302797,10.005479452054795,3997.3900280804405,7028.026107162011,4107.705690234277,0.026855785314927272,first_10_years,6.0
New_Zealand,targeted_pep_high_risk,infant_0_2m,3855.1938933694955,6780.266269461379,9419.17991457091,10.005479452054795,4090.6773733705604,7194.419419893748,4107.705690234277,0.00414545689195811,first_10_years,7.0
New_Zealand,higher_child_coverage,infant_0_2m,3861.270467368634,6789.259511532174,9419.17991479658,10.005479452054795,4097.125117394593,7203.96198823256,4107.705690234277,0.002575786494353527,first_10_years,8.0
New_Zealand,adolescent_booster,infant_0_2m,3870.594660985842,6805.820029632262,9419.179915409593,10.005479452054795,4107.018852412451,7221.534057690938,4107.705690234277,0.00016720716468532348,first_10_years,9.0
New_Zealand,current,infant_0_2m,3871.241960401481,6806.968909517809,9419.179915467097,10.005479452054795,4107.705690234277,7222.753113570385,4107.705690234277,0.0,first_10_years,10.0
New_Zealand,next_generation_vaccine,infant_3_11m,234.6375767193183,458.5785956696813,44452.521884604124,10.005479452054795,52.754954871364035,103.10493936129933,2517.8028485616564,0.9790472256787296,first_10_years,1.0
New_Zealand,combined_strategy,infant_3_11m,705.5980113335974,1579.2509083366217,44452.521892807395,10.005479452054795,158.64377632440033,355.0723270729428,2517.8028485616564,0.9369911840337186,first_10_years,2.0
New_Zealand,resistance_guided_treatment,infant_3_11m,8531.057782490087,19578.60729281329,44452.52188918668,10.005479452054795,1918.088204653767,4401.974136076253,2517.8028485616564,0.23818967567317195,first_10_years,3.0
New_Zealand,maternal_immunization,infant_3_11m,10825.812229747287,25797.10751480804,44452.52188646044,10.005479452054795,2434.031426626595,5800.116339961093,2517.8028485616564,0.033271636809417915,first_10_years,4.0
New_Zealand,cocooning_adjunct,infant_3_11m,10946.925879083072,25753.791219922892,44452.52188270977,10.005479452054795,2461.2621253186408,5790.377281541376,2517.8028485616564,0.02245637432466785,first_10_years,5.0
New_Zealand,pregnancy_tdap_scaleup,infant_3_11m,11078.690760208667,26423.775575836386,44452.52189671215,10.005479452054795,2490.887602494113,5941.013827133658,2517.8028485616564,0.010689973634321448,first_10_years,6.0
New_Zealand,targeted_pep_high_risk,infant_3_11m,11125.488632002764,26181.360029224972,44452.521884205096,10.005479452054795,2501.409445642834,5886.510106935393,2517.8028485616564,0.006510995461057489,first_10_years,7.0
New_Zealand,higher_child_coverage,infant_3_11m,11178.078223274957,26321.143273221445,44452.52188502316,10.005479452054795,2513.233474607979,5917.938400759534,2517.8028485616564,0.0018148259528293353,first_10_years,8.0
New_Zealand,adolescent_booster,infant_3_11m,11196.965204927335,26362.37460173473,44452.52188783642,10.005479452054795,2517.4799462996248,5927.208683965579,2517.8028485616564,0.00012824763551921858,first_10_years,9.0
New_Zealand,current,infant_3_11m,11198.40137349439,26365.724066375846,44452.521888111565,10.005479452054795,2517.8028485616564,5927.961763884975,2517.8028485616564,0.0,first_10_years,10.0
Sweden,combined_strategy,infant_0_2m,1489.4044427408016,1732.649165895405,16047.519414496983,10.005479452054795,927.613009342986,1079.10777005219,1593.483714269689,0.41787104503410555,first_10_years,1.0
Sweden,next_generation_vaccine,infant_0_2m,1903.2902206416672,2177.168130592979,16047.51943944975,10.005479452054795,1185.3843830547023,1355.957737448598,1593.483714269689,0.2561051158292026,first_10_years,2.0
Sweden,maternal_immunization,infant_0_2m,2039.5064997864108,2848.530445870189,16047.51941433451,10.005479452054795,1270.2209739479379,1774.0875636594005,1593.483714269689,0.20286541834530514,first_10_years,3.0
Sweden,pregnancy_tdap_scaleup,infant_0_2m,2099.75422393355,2969.71539552274,16047.519414144304,10.005479452054795,1307.7437388344206,1849.5625203885536,1593.483714269689,0.17931778836298062,first_10_years,4.0
Sweden,targeted_pep_high_risk,infant_0_2m,2137.6065946227936,2746.6574853872207,16047.519421444193,10.005479452054795,1331.3184976957416,1710.640267638088,1593.483714269689,0.16452331092326267,first_10_years,5.0
Sweden,cocooning_adjunct,infant_0_2m,2479.8136058593127,3360.4972513219877,16047.519413539485,10.005479452054795,1544.44776426547,2092.944588400227,1593.483714269689,0.03077279646167752,first_10_years,6.0
Sweden,resistance_guided_treatment,infant_0_2m,2508.7544323511806,3414.473153572973,16047.519414257627,10.005479452054795,1562.4723426016624,2126.5612122959833,1593.483714269689,0.019461367185819922,first_10_years,7.0
Sweden,adolescent_booster,infant_0_2m,2558.547220671666,3502.7855860625114,16047.519413606373,10.005479452054795,1593.4836898147494,2181.5629022643284,1593.483714269689,1.5346840021024377e-08,first_10_years,8.0
Sweden,current,infant_0_2m,2558.547259937304,3502.7856553362894,16047.519413606517,10.005479452054795,1593.483714269689,2181.5629454085724,1593.483714269689,0.0,first_10_years,9.0
Sweden,higher_child_coverage,infant_0_2m,2558.5659927083166,3502.818767152389,16047.519413588498,10.005479452054795,1593.4953811912178,2181.5835677151435,1593.483714269689,-7.321644660773785e-06,first_10_years,10.0
Sweden,combined_strategy,infant_3_11m,4443.963207520979,5935.863467993598,75585.13552477697,10.005479452054795,587.6194389139514,784.8914578385949,836.4684805102665,0.2974996038637475,first_10_years,1.0
Sweden,next_generation_vaccine,infant_3_11m,4538.000896883599,5337.6972361625085,75585.1356398814,10.005479452054795,600.0539185931854,705.7967187760747,836.4684805102665,0.2826341546938653,first_10_years,2.0
Sweden,targeted_pep_high_risk,infant_3_11m,5408.59767138997,8520.393539213554,75585.13555778026,10.005479452054795,715.1717912981293,1126.640486172152,836.4684805102665,0.14501047204808393,first_10_years,3.0
Sweden,maternal_immunization,infant_3_11m,6096.852876620435,10293.552128272137,75585.13552330597,10.005479452054795,806.1788766628579,1361.102926308587,836.4684805102665,0.03621129134349599,first_10_years,4.0
Sweden,cocooning_adjunct,infant_3_11m,6153.968666353496,10303.674092466248,75585.13551939436,10.005479452054795,813.7312228314901,1362.4413404574339,836.4684805102665,0.02718244405922643,first_10_years,5.0
Sweden,resistance_guided_treatment,infant_3_11m,6220.525065912698,10471.378420535077,75585.1355227797,10.005479452054795,822.5318884036062,1384.6166642152662,836.4684805102665,0.01666122804550707,first_10_years,6.0
Sweden,pregnancy_tdap_scaleup,infant_3_11m,6266.957106114212,10709.169366120208,75585.13552240307,10.005479452054795,828.6715363160233,1416.059449750061,836.4684805102665,0.00932126478870654,first_10_years,7.0
Sweden,adolescent_booster,infant_3_11m,6325.922629587845,10718.68546216569,75585.135519719,10.005479452054795,836.4684703440308,1417.3177507263772,836.4684805102665,1.2153758222055444e-08,first_10_years,8.0
Sweden,current,infant_3_11m,6325.922706471638,10718.685641785403,75585.13551971967,10.005479452054795,836.4684805102665,1417.3177744772445,836.4684805102665,0.0,first_10_years,9.0
Sweden,higher_child_coverage,infant_3_11m,6325.965687297163,10718.78591194821,75585.13551963687,10.005479452054795,836.4741638094915,1417.3310330711977,836.4684805102665,-6.794397347187342e-06,first_10_years,10.0
Thailand,combined_strategy,infant_0_2m,46.021676468807335,74.88341365026196,91169.32756593068,10.005479452054795,5.045169702358242,8.209164870678428,2053.313132208711,0.9975429126599258,first_10_years,1.0
Thailand,next_generation_vaccine,infant_0_2m,224.13584171506173,318.198477328671,91169.32761643508,10.005479452054795,24.57110309689408,34.882808264360214,2053.313132208711,0.988033435957007,first_10_years,2.0
Thailand,resistance_guided_treatment,infant_0_2m,4567.923503890949,7067.039831346233,91169.3276229383,10.005479452054795,500.76292343957437,774.7309084739308,2053.313132208711,0.7561195535232792,first_10_years,3.0
Thailand,maternal_immunization,infant_0_2m,8284.961834708558,18028.363527269987,91169.32759672185,10.005479452054795,908.2467573270515,1976.3763599922786,2053.313132208711,0.5576676820110398,first_10_years,4.0
Thailand,pregnancy_tdap_scaleup,infant_0_2m,10121.050491539523,22052.257511239106,91169.32762391999,10.005479452054795,1109.5297082035581,2417.499533484992,2053.313132208711,0.45963930644613493,first_10_years,5.0
Thailand,cocooning_adjunct,infant_0_2m,15314.123738088496,23576.983427284304,91169.3276067651,10.005479452054795,1678.8252622507293,2584.6490509245577,2053.313132208711,0.18238225046325596,first_10_years,6.0
Thailand,targeted_pep_high_risk,infant_0_2m,17651.74886188587,27178.707748544373,91169.3276152662,10.005479452054795,1935.0896216002004,2979.4914772594507,2053.313132208711,0.0575769514907547,first_10_years,7.0
Thailand,higher_child_coverage,infant_0_2m,18518.090420663702,28514.04723099087,91169.32759759772,10.005479452054795,2030.0631326791147,3125.8793283843843,2053.313132208711,0.011323163118616364,first_10_years,8.0
Thailand,adolescent_booster,infant_0_2m,18543.846293640545,28555.03591003681,91169.32760409307,10.005479452054795,2032.886644407942,3130.372750771262,2053.313132208711,0.009948062709167371,first_10_years,9.0
Thailand,current,infant_0_2m,18730.175250191267,28840.6210281535,91169.32759725003,10.005479452054795,2053.313132208711,3161.6802890062418,2053.313132208711,0.0,first_10_years,10.0
Thailand,combined_strategy,infant_3_11m,227.5090976848003,410.10442944261985,430586.43703105167,10.005479452054795,5.280809702325674,9.519107024756176,1294.5372367789016,0.995920696946914,first_10_years,1.0
Thailand,next_generation_vaccine,infant_3_11m,622.4156411553505,1082.4499187105032,430586.4372643409,10.005479452054795,14.447152172636926,25.12520197249654,1294.5372367789016,0.9888399099213363,first_10_years,2.0
Thailand,resistance_guided_treatment,infant_3_11m,14484.72273194872,31335.729733932225,430586.43729653663,10.005479452054795,336.2110134038853,727.3468498197632,1294.5372367789016,0.7402847876045238,first_10_years,3.0
Thailand,maternal_immunization,infant_3_11m,45286.732171157404,100060.5803735314,430586.43717297976,10.005479452054795,1051.1694564784952,2322.5483677790317,1294.5372367789016,0.18799596750570102,first_10_years,4.0
Thailand,cocooning_adjunct,infant_3_11m,46377.58006074534,100675.67264492663,430586.43721909594,10.005479452054795,1076.4895871879469,2336.8255338776767,1294.5372367789016,0.16843675361050725,first_10_years,5.0
Thailand,targeted_pep_high_risk,infant_3_11m,52813.007537612495,114948.19078160722,430586.43726118124,10.005479452054795,1225.8650106861128,2668.110976646992,1294.5372367789016,0.05304770240805179,first_10_years,6.0
Thailand,pregnancy_tdap_scaleup,infant_3_11m,54463.71396807158,120779.08727047103,430586.43730302836,10.005479452054795,1264.1802542950772,2803.454376038719,1294.5372367789016,0.023450065105395712,first_10_years,7.0
Thailand,higher_child_coverage,infant_3_11m,54494.423024132375,120169.37915962758,430586.4371766654,10.005479452054795,1264.8930555289417,2789.3021845359253,1294.5372367789016,0.022899442679394255,first_10_years,8.0
Thailand,adolescent_booster,infant_3_11m,55464.55158059704,120753.07662509047,430586.4372075323,10.005479452054795,1287.4111188630523,2802.850632591199,1294.5372367789016,0.005504760862329983,first_10_years,9.0
Thailand,current,infant_3_11m,55771.560680855655,121518.62473582487,430586.43717486114,10.005479452054795,1294.5372367789016,2820.6200931487638,1294.5372367789016,0.0,first_10_years,10.0
United_Kingdom,combined_strategy,infant_0_2m,127.55196733924896,254.95123230525004,115109.5845868641,10.005479452054795,11.074847901117092,22.13643724109132,3882.0394089112633,0.997147157271074,first_10_years,1.0
United_Kingdom,next_generation_vaccine,infant_0_2m,158.00807027051962,235.87090065576226,115109.58459726677,10.005479452054795,13.719234455887669,20.47976525425323,3882.0394089112633,0.9964659723895654,first_10_years,2.0
United_Kingdom,resistance_guided_treatment,infant_0_2m,20884.352589264083,36495.81620248171,115109.58459602251,10.005479452054795,1813.3082009298657,3168.7916844311962,3882.0394089112633,0.5328980440622532,first_10_years,3.0
United_Kingdom,maternal_immunization,infant_0_2m,24819.12337938884,54550.420603403756,115109.58459171855,10.005479452054795,2154.9492507875984,4736.403708242011,3882.0394089112633,0.44489248464585673,first_10_years,4.0
United_Kingdom,pregnancy_tdap_scaleup,infant_0_2m,27940.96509206697,61423.77848563048,115109.58459502691,10.005479452054795,2426.006787963528,5333.190999577035,3882.0394089112633,0.3750689953341011,first_10_years,5.0
United_Kingdom,cocooning_adjunct,infant_0_2m,40146.63340858893,70134.28082462982,115109.58459165967,10.005479452054795,3485.778134185564,6089.490495186136,3882.0394089112633,0.10207554148370501,first_10_years,6.0
United_Kingdom,higher_child_coverage,infant_0_2m,44453.95797912493,77640.88211120249,115109.58460347936,10.005479452054795,3859.766598824573,6741.259880994622,3882.0394089112633,0.0057373992740935575,first_10_years,7.0
United_Kingdom,targeted_pep_high_risk,infant_0_2m,44480.473532361,77728.94968498457,115109.58460235204,10.005479452054795,3862.068842608117,6748.906450571655,3882.0394089112633,0.005144349193700548,first_10_years,8.0
United_Kingdom,adolescent_booster,infant_0_2m,44651.65055751751,77997.27323645633,115109.58459218526,10.005479452054795,3876.9314872285113,6772.203955570755,3882.0394089112633,0.0013157830574894724,first_10_years,9.0
United_Kingdom,current,infant_0_2m,44710.479849411364,78102.4696984473,115109.5845922259,10.005479452054795,3882.0394089112633,6781.337760718798,3882.0394089112633,0.0,first_10_years,10.0
United_Kingdom,next_generation_vaccine,infant_3_11m,488.0516434942389,872.1987310906977,541945.3792699354,10.005479452054795,9.000618568748877,16.085035670588432,2399.241434795629,0.9962485565486595,first_10_years,1.0
United_Kingdom,combined_strategy,infant_3_11m,660.2495015851628,1377.554733096133,541945.3792206914,10.005479452054795,12.176280940204919,25.404780163281924,2399.241434795629,0.994924945541697,first_10_years,2.0
United_Kingdom,resistance_guided_treatment,infant_3_11m,69021.73394862804,157403.597082624,541945.3792653846,10.005479452054795,1272.8945973477007,2902.8275134132437,2399.241434795629,0.469459563807455,first_10_years,3.0
United_Kingdom,maternal_immunization,infant_3_11m,116277.05515880793,274747.54474489356,541945.3792448315,10.005479452054795,2144.374341898178,5066.877421739062,2399.241434795629,0.10622819746323742,first_10_years,4.0
United_Kingdom,cocooning_adjunct,infant_3_11m,119070.80160808103,277738.83001392207,541945.379244516,10.005479452054795,2195.896443103415,5122.042521782133,2399.241434795629,0.08475386792806672,first_10_years,5.0
United_Kingdom,pregnancy_tdap_scaleup,infant_3_11m,128312.27160033678,304562.3636934075,541945.3792610854,10.005479452054795,2366.3270675920435,5616.720489699684,2399.241434795629,0.013718655707690153,first_10_years,6.0
United_Kingdom,targeted_pep_high_risk,infant_3_11m,129019.99003534851,302232.854552475,541945.3792962516,10.005479452054795,2379.378767544856,5573.759824191643,2399.241434795629,0.008278728002405034,first_10_years,7.0
United_Kingdom,higher_child_coverage,infant_3_11m,129492.06740287854,303544.1722433622,541945.3793019609,10.005479452054795,2388.084789467395,5597.943064809932,2399.241434795629,0.004650071962926328,first_10_years,8.0
United_Kingdom,adolescent_booster,infant_3_11m,129957.66633470058,304531.55543331074,541945.3792472732,10.005479452054795,2396.6713367416346,5616.1523257937915,2399.241434795629,0.001071212766135643,first_10_years,9.0
United_Kingdom,current,infant_3_11m,130097.02793189872,304842.0159408217,541945.379247445,10.005479452054795,2399.241434795629,5621.877819489513,2399.241434795629,0.0,first_10_years,10.0
United_States,combined_strategy,infant_0_2m,5772.184344220605,12403.525168013755,628768.4131713929,10.005479452054795,91.7511617115189,197.15895675140456,2681.1708524031983,0.965779442354716,first_10_years,1.0
United_States,next_generation_vaccine,infant_0_2m,57973.47913030686,96234.86234545206,628768.4131839218,10.005479452054795,921.5114662586859,1529.6913422399757,2681.1708524031983,0.6563025942816315,first_10_years,2.0
United_States,maternal_immunization,infant_0_2m,95075.25162797901,207635.0139939709,628768.4131823184,10.005479452054795,1511.2588695239153,3300.440978583408,2681.1708524031983,0.4363436898587282,first_10_years,3.0
United_States,pregnancy_tdap_scaleup,infant_0_2m,105153.84236471257,230007.43220083864,628768.4131681969,10.005479452054795,1671.4620705247203,3656.0594479189563,2681.1708524031983,0.3765924804730185,first_10_years,4.0
United_States,resistance_guided_treatment,infant_0_2m,109496.89577114515,189888.3519315095,628768.4131748034,10.005479452054795,1740.4966285964504,3018.35073970766,2681.1708524031983,0.35084456589687263,first_10_years,5.0
United_States,cocooning_adjunct,infant_0_2m,152470.05295543963,264814.0347906157,628768.4131836876,10.005479452054795,2423.572022368209,4209.324214221576,2681.1708524031983,0.09607699181277352,first_10_years,6.0
United_States,targeted_pep_high_risk,infant_0_2m,164279.76900089765,285471.7986654262,628768.4131689165,10.005479452054795,2611.29214743174,4537.687572254676,2681.1708524031983,0.02606275721251572,first_10_years,7.0
United_States,current,infant_0_2m,168675.92877963796,293121.13118303556,628768.4131664708,10.005479452054795,2681.1708524031983,4659.276749429593,2681.1708524031983,0.0,first_10_years,8.0
United_States,adolescent_booster,infant_0_2m,168688.35125852222,293143.0716991001,628768.4131664551,10.005479452054795,2681.3683126368624,4659.625502642954,2681.1708524031983,-7.364701637246895e-05,first_10_years,9.0
United_States,higher_child_coverage,infant_0_2m,169115.9766854398,293888.142872766,628768.4132186166,10.005479452054795,2688.165588342278,4671.468704354566,2681.1708524031983,-0.0026088363346223886,first_10_years,10.0
United_States,combined_strategy,infant_3_11m,29709.365166944677,66190.08433003494,2958224.1762426654,10.005479452054795,100.3747289214228,223.6268508121954,1696.1106233704827,0.9408206472276202,first_10_years,1.0
United_States,next_generation_vaccine,infant_3_11m,171113.1506476574,334968.96705118706,2958224.1762909694,10.005479452054795,578.1152176882772,1131.7111313341686,1696.1106233704827,0.6591524103896853,first_10_years,2.0
United_States,resistance_guided_treatment,infant_3_11m,352904.1442914501,821117.9634024231,2958224.1762569146,10.005479452054795,1192.3061169190657,2774.192330448508,1696.1106233704827,0.2970351694692325,first_10_years,3.0
United_States,maternal_immunization,infant_3_11m,453808.4162612047,1088472.127371969,2958224.176280147,10.005479452054795,1533.2167654185507,3677.4631200689946,1696.1106233704827,0.09603964252533959,first_10_years,4.0
United_States,cocooning_adjunct,infant_3_11m,460823.89818377513,1091347.2253952953,2958224.176272947,10.005479452054795,1556.918958056389,3687.176797333898,1696.1106233704827,0.08206520458995425,first_10_years,5.0
United_States,targeted_pep_high_risk,infant_3_11m,489482.82153007516,1163398.1397624833,2958224.176209639,10.005479452054795,1653.7447113810451,3930.6047857790636,1696.1106233704827,0.024978271703321342,first_10_years,6.0
United_States,pregnancy_tdap_scaleup,infant_3_11m,494167.31890688016,1190523.5265904826,2958224.1762136947,10.005479452054795,1669.5715441533023,4022.2494013511605,1696.1106233704827,0.01564702139795715,first_10_years,7.0
United_States,current,infant_3_11m,502022.4753194386,1193261.5922032648,2958224.176207587,10.005479452054795,1696.1106233704827,4031.5001070581898,1696.1106233704827,0.0,first_10_years,8.0
United_States,adolescent_booster,infant_3_11m,502051.56263350596,1193330.0540064306,2958224.176207595,10.005479452054795,1696.20889646545,4031.7314090363843,1696.1106233704827,-5.7940262629729844e-05,first_10_years,9.0
United_States,higher_child_coverage,infant_3_11m,503143.9438700736,1196046.8036935003,2958224.1764593394,10.005479452054795,1699.8995665819837,4040.9100973604664,1696.1106233704827,-0.0022339009963698864,first_10_years,10.0
Australia,combined_strategy,infant_0_2m,10921.803972638603,19967.609075823537,51079.81311450264,15.008219178082191,1424.6753638215748,2604.6393797226583,5584.143773393266,0.7448712960060742,first_15_years,1.0
Australia,next_generation_vaccine,infant_0_2m,20275.064704412176,31413.435678237493,51079.81310298152,15.008219178082191,2644.7448849240877,4097.669947747729,5584.143773393266,0.5263830960933551,first_15_years,2.0
Australia,maternal_immunization,infant_0_2m,27134.950088237485,56443.89605317886,51079.81311779584,15.008219178082191,3539.570476049124,7362.723991507239,5584.143773393266,0.36613908601098477,first_15_years,3.0
Australia,pregnancy_tdap_scaleup,infant_0_2m,27970.045976166082,58299.651059882526,51079.81311256719,15.008219178082191,3648.503079577202,7604.794665389887,5584.143773393266,0.3466316005398713,first_15_years,4.0
Australia,resistance_guided_treatment,infant_0_2m,29052.21088526902,50090.34412412547,51079.81310382717,15.008219178082191,3789.6641640092244,6533.946171592046,5584.143773393266,0.3213526875748055,first_15_years,5.0
Australia,cocooning_adjunct,infant_0_2m,41478.788531399245,73337.07174367039,51079.81310556179,15.008219178082191,5410.627063096472,9566.324358875023,5584.143773393266,0.031073109385819975,first_15_years,6.0
Australia,targeted_pep_high_risk,infant_0_2m,41816.038439756616,73736.7664465493,51079.81310791755,15.008219178082191,5454.619029481154,9618.46182562712,5584.143773393266,0.023195094748322487,first_15_years,7.0
Australia,current,infant_0_2m,42808.997183197396,75758.9079820817,51079.81310510295,15.008219178082191,5584.143773393266,9882.236495211857,5584.143773393266,0.0,first_15_years,8.0
Australia,adolescent_booster,infant_0_2m,42809.55299746819,75759.89260932885,51079.81310510244,15.008219178082191,5584.216275600886,9882.364933168297,5584.143773393266,-1.2983585409243048e-05,first_15_years,9.0
Australia,higher_child_coverage,infant_0_2m,43129.534933650764,76316.85334893645,51079.81310210367,15.008219178082191,5625.955752538991,9955.016690410212,5584.143773393266,-0.0074876258281433294,first_15_years,10.0
Australia,combined_strategy,infant_3_11m,44106.38547639037,89924.07357404425,240502.50876837346,15.008219178082191,1221.9479138383522,2491.30671037346,3336.413883614653,0.6337540975238658,first_15_years,1.0
Australia,next_generation_vaccine,infant_3_11m,53762.92671780419,97223.2826927285,240502.50871070428,15.008219178082191,1489.478120930674,2693.528073275834,3336.413883614653,0.5535691395346367,first_15_years,2.0
Australia,resistance_guided_treatment,infant_3_11m,85696.90691947525,192399.80061842254,240502.50871858833,15.008219178082191,2374.1949271808503,5330.351433198062,3336.413883614653,0.2883991584974883,first_15_years,3.0
Australia,maternal_immunization,infant_3_11m,111627.75222874235,261154.12286476066,240502.5087826194,15.008219178082191,3092.5975339174306,7235.159538901591,3336.413883614653,0.07307736935594844,first_15_years,4.0
Australia,pregnancy_tdap_scaleup,infant_3_11m,114769.95237341363,268854.26152947766,240502.50875642267,15.008219178082191,3179.650800359938,7448.488477811828,3336.413883614653,0.04698550261542456,first_15_years,5.0
Australia,cocooning_adjunct,infant_3_11m,117116.33300368751,270976.5947385368,240502.5087241652,15.008219178082191,3244.6562390192857,7507.286782270674,3336.413883614653,0.02750187710403529,first_15_years,6.0
Australia,targeted_pep_high_risk,infant_3_11m,118824.73150211331,274858.5819824518,240502.50873699313,15.008219178082191,3291.986664109608,7614.835522571461,3336.413883614653,0.013315859798818774,first_15_years,7.0
Australia,current,infant_3_11m,120428.33836449169,278945.58101979515,240502.50872264712,15.008219178082191,3336.413883614653,7728.064024852569,3336.413883614653,0.0,first_15_years,8.0
Australia,adolescent_booster,infant_3_11m,120429.82528786037,278949.1322142324,240502.50872264485,15.008219178082191,3336.4550781693756,7728.162409124854,3336.413883614653,-1.2346955791331382e-05,first_15_years,9.0
Australia,higher_child_coverage,infant_3_11m,121288.19773097859,280973.65830977756,240502.50870807125,15.008219178082191,3360.235907498644,7784.251010208755,3336.413883614653,-0.007140008618529814,first_15_years,10.0
Brazil,combined_strategy,infant_0_2m,3575.2026136495015,6267.295468819362,382655.76443902106,15.008219178082191,62.253422935751,109.12964596584325,897.3081245984625,0.9306220224367089,first_15_years,1.0
Brazil,next_generation_vaccine,infant_0_2m,8551.942663409449,13467.464345301198,382655.7644008102,15.008219178082191,148.91119780683766,234.50300428933818,897.3081245984625,0.834046751918719,first_15_years,2.0
Brazil,maternal_immunization,infant_0_2m,27314.780865342866,57588.24326961048,382655.764381071,15.008219178082191,475.62020663474755,1002.7586272301744,897.3081245984625,0.46994773189244954,first_15_years,3.0
Brazil,resistance_guided_treatment,infant_0_2m,32921.5259974565,58655.93359609331,382655.7643604655,15.008219178082191,573.2479815846436,1021.3498470429707,897.3081245984625,0.3611470063963067,first_15_years,4.0
Brazil,pregnancy_tdap_scaleup,infant_0_2m,34446.817607646175,73099.05158449945,382655.7643555233,15.008219178082191,599.8072102544148,1272.8414770428549,897.3081245984625,0.3315482231671275,first_15_years,5.0
Brazil,cocooning_adjunct,infant_0_2m,40651.89858597682,72638.21846085489,382655.7643985134,15.008219178082191,707.8535427391234,1264.8171933969963,897.3081245984625,0.21113659473897928,first_15_years,6.0
Brazil,adolescent_booster,infant_0_2m,49979.64471560078,89487.24960832739,382655.7644210698,15.008219178082191,870.2734633628963,1558.201925736177,897.3081245984625,0.03012862638200675,first_15_years,7.0
Brazil,higher_child_coverage,infant_0_2m,51253.87149117753,91800.94762749762,382655.7644573232,15.008219178082191,892.461010937016,1598.4893265812163,897.3081245984625,0.0054018385976563055,first_15_years,8.0
Brazil,current,infant_0_2m,51532.24032266069,92311.32876480611,382655.76435791113,15.008219178082191,897.3081245984625,1607.3763681629814,897.3081245984625,0.0,first_15_years,9.0
Brazil,targeted_pep_high_risk,infant_0_2m,58266.70869293021,104421.12157553007,382655.764382266,15.008219178082191,1014.572445775457,1818.2388379928595,897.3081245984625,-0.13068456415623042,first_15_years,10.0
Brazil,combined_strategy,infant_3_11m,16787.17215061496,32327.008014272986,1809305.0039478734,15.008219178082191,61.82108121073665,119.04867417930748,663.3064592605214,0.9067986142036712,first_15_years,1.0
Brazil,next_generation_vaccine,infant_3_11m,29099.33882257138,51412.57713242403,1809305.0037901977,15.008219178082191,107.16233636883267,189.3339198476857,663.3064592605214,0.8384421938415899,first_15_years,2.0
Brazil,resistance_guided_treatment,infant_3_11m,117100.10053278231,260710.4750067598,1809305.0036124855,15.008219178082191,431.23730198354446,960.1023511443443,663.3064592605214,0.34986717532601175,first_15_years,3.0
Brazil,maternal_immunization,infant_3_11m,141390.73336704372,319486.55132257205,1809305.0037005174,15.008219178082191,520.6909140324994,1176.5533742398418,663.3064592605214,0.2150070201140737,first_15_years,4.0
Brazil,cocooning_adjunct,infant_3_11m,143911.48083524426,321767.6671927564,1809305.0037840295,15.008219178082191,529.9739148950558,1184.9538985984202,663.3064592605214,0.2010119794613633,first_15_years,5.0
Brazil,adolescent_booster,infant_3_11m,175508.37272537843,393985.84545345133,1809305.0038657018,15.008219178082191,646.3338355361512,1450.9073196031106,663.3064592605214,0.02558790659643484,first_15_years,6.0
Brazil,pregnancy_tdap_scaleup,infant_3_11m,177038.15404125454,402267.33888694574,1809305.0035781718,15.008219178082191,651.9674667313598,1481.4050638020817,663.3064592605214,0.01709465115386144,first_15_years,7.0
Brazil,higher_child_coverage,infant_3_11m,179381.90771668716,403129.6771134587,1809305.0040562896,15.008219178082191,660.5986633442274,1484.5807430933423,663.3064592605214,0.004082269784185022,first_15_years,8.0
Brazil,current,infant_3_11m,180117.19465171665,404952.40500300983,1809305.0035891978,15.008219178082191,663.3064592605214,1491.293190808194,663.3064592605214,0.0,first_15_years,9.0
Brazil,targeted_pep_high_risk,infant_3_11m,202409.224951553,455890.49191149033,1809305.0036977169,15.008219178082191,745.3999412762271,1678.8797347578984,663.3064592605214,-0.12376403225023092,first_15_years,10.0
China,combined_strategy,infant_0_2m,197518.42710843543,388283.5038789799,1406954.7862168658,15.008219178082191,935.4020424747989,1838.8217641500146,5619.389992517938,0.8335402875187056,first_15_years,1.0
China,maternal_immunization,infant_0_2m,592280.6659726053,1255840.790057346,1406954.786514845,15.008219178082191,2804.90561140213,5947.374414586176,5619.389992517938,0.5008522962213364,first_15_years,2.0
China,pregnancy_tdap_scaleup,infant_0_2m,614414.5514581329,1304599.5311701621,1406954.7865134384,15.008219178082191,2909.726624764539,6178.284647543577,5619.389992517938,0.4821988456685229,first_15_years,3.0
China,next_generation_vaccine,infant_0_2m,696235.3946278044,1048128.0815154479,1406954.7866969318,15.008219178082191,3297.211401943502,4963.694589122934,5619.389992517938,0.4132438918933109,first_15_years,4.0
China,resistance_guided_treatment,infant_0_2m,731509.0394742365,1104416.443829466,1406954.7869595136,15.008219178082191,3464.2593061768007,5230.263382911572,5619.389992517938,0.38351683887586263,first_15_years,5.0
China,targeted_pep_high_risk,infant_0_2m,1097770.6890574414,1674779.6188351538,1406954.7864253798,15.008219178082191,5198.790612064677,7931.372778000877,5619.389992517938,0.0748478715684936,first_15_years,6.0
China,cocooning_adjunct,infant_0_2m,1139766.1621395596,1740077.0593518617,1406954.7861812194,15.008219178082191,5397.6715572503,8240.606505685357,5619.389992517938,0.03945596151234376,first_15_years,7.0
China,current,infant_0_2m,1186583.9737447677,1812712.0487609678,1406954.7861885894,15.008219178082191,5619.389992517938,8584.589183331695,5619.389992517938,0.0,first_15_years,8.0
China,adolescent_booster,infant_0_2m,1187371.7677021967,1813931.8409104352,1406954.7861711844,15.008219178082191,5623.120804378739,8590.365839746606,5619.389992517938,-0.0006639175899463279,first_15_years,9.0
China,higher_child_coverage,infant_0_2m,1199191.9347781313,1832217.3438130277,1406954.7859330305,15.008219178082191,5679.098409999227,8676.96179590027,5619.389992517938,-0.010625426880994215,first_15_years,10.0
China,combined_strategy,infant_3_11m,857915.5656522319,1838300.2558306002,6630157.324719111,15.008219178082191,862.1673065257111,1847.4106819009094,2936.278195457,0.7063741072424086,first_15_years,1.0
China,next_generation_vaccine,infant_3_11m,1521121.8005058982,2861752.849375687,6630157.327030464,15.008219178082191,1528.6603224006992,2875.935399718042,2936.278195457,0.4793884568683453,first_15_years,2.0
China,resistance_guided_treatment,infant_3_11m,1842093.5160012343,4179527.065191883,6630157.328231143,15.008219178082191,1851.2227400962938,4200.240367126918,2936.278195457,0.3695342822214531,first_15_years,3.0
China,maternal_immunization,infant_3_11m,2549001.120013422,5967651.0985250445,6630157.326296046,15.008219178082191,2561.6337055028425,5997.226159156151,2936.278195457,0.12759161939553487,first_15_years,4.0
China,pregnancy_tdap_scaleup,infant_3_11m,2641888.2906016316,6190376.395354625,6630157.326304108,15.008219178082191,2654.9812152827003,6221.055259476237,2936.278195457,0.09580052074409073,first_15_years,5.0
China,targeted_pep_high_risk,infant_3_11m,2700101.673574473,6196994.537919623,6630157.325734455,15.008219178082191,2713.4830979840617,6227.7062014052535,2936.278195457,0.07587669922340678,first_15_years,6.0
China,cocooning_adjunct,infant_3_11m,2812810.003466842,6464244.2590885665,6630157.324783532,15.008219178082191,2826.7499990984825,6496.280385461299,2936.278195457,0.03730170953419165,first_15_years,7.0
China,current,infant_3_11m,2921798.066261655,6721060.68028978,6630157.32480606,15.008219178082191,2936.278195457,6754.369562277257,2936.278195457,0.0,first_15_years,8.0
China,adolescent_booster,infant_3_11m,2923883.828623755,6725964.694048783,6630157.32473023,15.008219178082191,2938.3742946753714,6759.297879898837,2936.278195457,-0.00071386261070705,first_15_years,9.0
China,higher_child_coverage,infant_3_11m,2954696.7483668705,6798445.414723489,6630157.323685325,15.008219178082191,2969.339920531976,6832.137808610575,2936.278195457,-0.011259738646743012,first_15_years,10.0
Japan,combined_strategy,infant_0_2m,18493.584698937997,40273.99139285244,128374.55222479753,15.008219178082191,959.8712754767586,2090.338250594392,5959.077268449438,0.838922834486669,first_15_years,1.0
Japan,next_generation_vaccine,infant_0_2m,50811.25520841848,78277.31750655718,128374.55221664465,15.008219178082191,2637.253141700428,4062.8223150812278,5959.077268449438,0.5574393445670749,first_15_years,2.0
Japan,pregnancy_tdap_scaleup,infant_0_2m,61102.08039648682,134602.91692750205,128374.55223001822,15.008219178082191,3171.377144931891,6986.286090671146,5959.077268449438,0.4678073463281188,first_15_years,3.0
Japan,maternal_immunization,infant_0_2m,61785.8912967003,135795.8044192747,128374.55222610148,15.008219178082191,3206.8689359199993,7048.2004496663585,5959.077268449438,0.4618514257402082,first_15_years,4.0
Japan,resistance_guided_treatment,infant_0_2m,84765.51610156706,130757.6282967962,128374.55224542321,15.008219178082191,4399.578846845019,6786.704334211835,5959.077268449438,0.26170132578431937,first_15_years,5.0
Japan,targeted_pep_high_risk,infant_0_2m,110676.87450667574,170581.7418707461,128374.55222180292,15.008219178082191,5744.454329997083,8853.692608104388,5959.077268449438,0.03601613618750743,first_15_years,6.0
Japan,current,infant_0_2m,114811.95761648413,176974.2766567235,128374.55223147507,15.008219178082191,5959.077268449438,9185.483907940512,5959.077268449438,0.0,first_15_years,7.0
Japan,adolescent_booster,infant_0_2m,114974.14520936564,177225.3136892066,128374.55222875651,15.008219178082191,5967.495280236174,9198.513466248114,5959.077268449438,-0.0014126367904818693,first_15_years,8.0
Japan,higher_child_coverage,infant_0_2m,115325.43254577457,177767.4954678786,128374.55222631732,15.008219178082191,5985.7281232052255,9226.654290600578,5959.077268449438,-0.004472312332127526,first_15_years,9.0
Japan,cocooning_adjunct,infant_0_2m,115411.83959858799,177937.50425330322,128374.55221278423,15.008219178082191,5990.212903253106,9235.478246062303,5959.077268449438,-0.005224908723455712,first_15_years,10.0
Japan,combined_strategy,infant_3_11m,96718.07136359687,210385.4365254812,604302.7545160571,15.008219178082191,1066.409218015614,2319.7006069690547,3253.4493205155954,0.6722219672238161,first_15_years,1.0
Japan,next_generation_vaccine,infant_3_11m,122856.7762270427,233085.30800006218,604302.7544797879,15.008219178082191,1354.613432887118,2569.988395609684,3253.4493205155954,0.5836377642813739,first_15_years,2.0
Japan,resistance_guided_treatment,infant_3_11m,228700.4339344445,521648.5886240174,604302.7545996406,15.008219178082191,2521.640965743296,5751.674485993972,3253.4493205155954,0.224933073386963,first_15_years,3.0
Japan,pregnancy_tdap_scaleup,infant_3_11m,285950.35731981246,669616.8933529856,604302.7545369675,15.008219178082191,3152.8761133354183,7383.166532564496,3253.4493205155954,0.0309127935529786,first_15_years,4.0
Japan,targeted_pep_high_risk,infant_3_11m,286723.45038341515,658272.3094952423,604302.7545015976,15.008219178082191,3161.400203773269,7258.081648339892,3253.4493205155954,0.028292777195539354,first_15_years,5.0
Japan,maternal_immunization,infant_3_11m,287696.2653723051,676884.4869138075,604302.754518119,15.008219178082191,3172.1264191390915,7463.298701031356,3253.4493205155954,0.024995902307037077,first_15_years,6.0
Japan,current,infant_3_11m,295071.8525851285,677947.8943820928,604302.754543428,15.008219178082191,3253.4493205155954,7475.023784879857,3253.4493205155954,0.0,first_15_years,7.0
Japan,adolescent_booster,infant_3_11m,295401.80840887944,678729.5272023607,604302.7545315332,15.008219178082191,3257.0873990381488,7483.642034262776,3253.4493205155954,-0.0011182219743250954,first_15_years,8.0
Japan,cocooning_adjunct,infant_3_11m,295725.96098166396,682788.1773498174,604302.7544611583,15.008219178082191,3260.6614914854513,7528.39253387067,3253.4493205155954,-0.0022167767988201525,first_15_years,9.0
Japan,higher_child_coverage,infant_3_11m,296117.40727343346,680425.2739672167,604302.75452078,15.008219178082191,3264.9775608290374,7502.339263941082,3253.4493205155954,-0.0035433901615578023,first_15_years,10.0
New_Zealand,combined_strategy,infant_0_2m,1103.8421377077375,2403.6638106723553,9449.565547044063,15.008219178082191,778.3339304146107,1694.8556657213946,4924.073137540736,0.8419329062193135,first_15_years,1.0
New_Zealand,next_generation_vaccine,infant_0_2m,2783.887173184973,4572.460174820113,9449.565546221116,15.008219178082191,1962.956270200188,3224.103137820455,4924.073137540736,0.6013551758127296,first_15_years,2.0
New_Zealand,maternal_immunization,infant_0_2m,4311.21574809747,9461.703439951476,9449.565545804546,15.008219178082191,3039.8961807079277,6671.574291495947,4924.073137540736,0.3826460136158407,first_15_years,3.0
New_Zealand,pregnancy_tdap_scaleup,infant_0_2m,4418.415547795276,9699.41257225348,9449.565546348473,15.008219178082191,3115.4842004085635,6839.186195870242,4924.073137540736,0.3672953034234273,first_15_years,4.0
New_Zealand,resistance_guided_treatment,infant_0_2m,4625.304992842621,8114.814761337806,9449.565546777012,15.008219178082191,3261.3647292203964,5721.864977063719,4924.073137540736,0.3376693160066988,first_15_years,5.0
New_Zealand,cocooning_adjunct,infant_0_2m,6805.386558512033,11959.170998454048,9449.565544791838,15.008219178082191,4798.569549391796,8432.572241965116,4924.073137540736,0.025487758740241118,first_15_years,6.0
New_Zealand,targeted_pep_high_risk,infant_0_2m,6969.541205380602,12249.976018513906,9449.565544836267,15.008219178082191,4914.317197659063,8637.622770953469,4924.073137540736,0.0019812743655845955,first_15_years,7.0
New_Zealand,higher_child_coverage,infant_0_2m,6977.0566171820465,12262.028194864926,9449.565546443422,15.008219178082191,4919.616414715603,8646.120921049283,4924.073137540736,0.0009050886736744479,first_15_years,8.0
New_Zealand,adolescent_booster,infant_0_2m,6982.363613667804,12271.413573988317,9449.565546167838,15.008219178082191,4923.358449424288,8652.738678291022,4924.073137540736,0.00014514165335999252,first_15_years,9.0
New_Zealand,current,infant_0_2m,6983.377192583391,12273.203548176374,9449.56554617301,15.008219178082191,4924.073137540736,8654.000813149298,4924.073137540736,0.0,first_15_years,10.0
New_Zealand,combined_strategy,infant_3_11m,5654.187109943271,12428.609614282399,44553.601638780194,15.008219178082191,845.5868009276644,1858.7054229666815,3095.715739797081,0.7268525691628615,first_15_years,1.0
New_Zealand,next_generation_vaccine,infant_3_11m,7907.013431988368,15184.559649345798,44553.60163390297,15.008219178082191,1182.498220092705,2270.859271036752,3095.715739797081,0.6180210589457364,first_15_years,2.0
New_Zealand,resistance_guided_treatment,infant_3_11m,15128.720559001285,34603.71395475649,44553.601637228574,15.008219178082191,2262.508504107207,5175.0045082132265,3095.715739797081,0.26914849609043534,first_15_years,3.0
New_Zealand,maternal_immunization,infant_3_11m,20083.132524998804,47571.862868504904,44553.60163312194,15.008219178082191,3003.4435465909346,7114.398331727807,3095.715739797081,0.029806416661561586,first_15_years,4.0
New_Zealand,cocooning_adjunct,infant_3_11m,20258.4578142906,47385.03636864546,44553.601627977965,15.008219178082191,3029.66354066044,7086.458326442026,3095.715739797081,0.021336648674652015,first_15_years,5.0
New_Zealand,pregnancy_tdap_scaleup,infant_3_11m,20504.506494077013,48611.084998014085,44553.6016354428,15.008219178082191,3066.4602559287837,7269.81457403255,3095.715739797081,0.009450313377356467,first_15_years,6.0
New_Zealand,targeted_pep_high_risk,infant_3_11m,20641.198700213907,48308.76190176268,44553.60162864985,15.008219178082191,3086.902651222986,7224.601989336299,3095.715739797081,0.0028468662225015207,first_15_years,7.0
New_Zealand,higher_child_coverage,infant_3_11m,20679.83208422545,48421.205738044,44553.601634990264,15.008219178082191,3092.6802946718203,7241.418026045235,3095.715739797081,0.000980530959686754,first_15_years,8.0
New_Zealand,adolescent_booster,infant_3_11m,20697.553780807666,48455.01008708008,44553.601634079525,15.008219178082191,3095.3305842338063,7246.4734852373385,3095.715739797081,0.00012441567496757067,first_15_years,9.0
New_Zealand,current,infant_3_11m,20700.129201375796,48461.05266855408,44553.60163412607,15.008219178082191,3095.715739797081,7247.377156622158,3095.715739797081,0.0,first_15_years,10.0
Sweden,combined_strategy,infant_0_2m,1490.5292696712715,1733.2461229109256,16427.18303135555,15.008219178082191,604.5723058494501,703.0204816870054,1038.7746193959254,0.4179947270939054,first_15_years,1.0
Sweden,next_generation_vaccine,infant_0_2m,1904.822902837905,2177.726886100419,16427.183051601398,15.008219178082191,772.6135921089498,883.3059438730729,1038.7746193959254,0.2562259630888509,first_15_years,2.0
Sweden,maternal_immunization,infant_0_2m,2041.0794836209259,2850.10970010755,16427.183034265996,15.008219178082191,827.8805084372672,1156.0305644938062,1038.7746193959254,0.20302200979967977,first_15_years,3.0
Sweden,pregnancy_tdap_scaleup,infant_0_2m,2101.395470894987,2971.445633955515,16427.183032582485,15.008219178082191,852.3452246770537,1205.2455292533703,1038.7746193959254,0.17947049459803444,first_15_years,4.0
Sweden,targeted_pep_high_risk,infant_0_2m,2140.1738224810115,2749.0644704983756,16427.183032750494,15.008219178082191,868.0740787810659,1115.0456952002125,1038.7746193959254,0.1643287556583991,first_15_years,5.0
Sweden,cocooning_adjunct,infant_0_2m,2482.179807251442,3362.5481261721943,16427.183033655067,15.008219178082191,1006.7948345112636,1363.8802774624123,1038.7746193959254,0.030786066859487593,first_15_years,6.0
Sweden,resistance_guided_treatment,infant_0_2m,2511.135739176237,3416.552069498116,16427.183032432524,15.008219178082191,1018.5396254379042,1385.7847709567725,1038.7746193959254,0.01947967690025809,first_15_years,7.0
Sweden,current,infant_0_2m,2561.02365241063,3505.0323831394753,16427.183032115347,15.008219178082191,1038.7746193959254,1421.6731955360794,1038.7746193959254,0.0,first_15_years,8.0
Sweden,adolescent_booster,infant_0_2m,2561.0237037978845,3505.032475508824,16427.18303211356,15.008219178082191,1038.7746402391788,1421.6732330020866,1038.7746193959254,-2.0065231698396246e-08,first_15_years,9.0
Sweden,higher_child_coverage,infant_0_2m,2561.0578535521336,3505.092916283369,16427.183031905824,15.008219178082191,1038.7884917050103,1421.6977483510793,1038.7746193959254,-1.3354493675343804e-05,first_15_years,10.0
Sweden,combined_strategy,infant_3_11m,4447.700800053319,5939.0638367300235,77267.53705120453,15.008219178082191,383.5388235072649,512.143612863228,546.0827147630453,0.297654342211346,first_15_years,1.0
Sweden,next_generation_vaccine,infant_3_11m,4541.333227568118,5339.722652695028,77267.53714271447,15.008219178082191,391.61303322656363,460.46059159818105,546.0827147630453,0.2828686522398144,first_15_years,2.0
Sweden,targeted_pep_high_risk,infant_3_11m,5415.625671847044,8531.255978569607,77267.53705894122,15.008219178082191,467.0059412501576,735.6762578753172,546.0827147630453,0.14480731833308524,first_15_years,3.0
Sweden,maternal_immunization,infant_3_11m,6103.0064371365115,10302.60520145607,77267.53706319048,15.008219178082191,526.280883904205,888.4251110969426,546.0827147630453,0.03626159613463065,first_15_years,4.0
Sweden,cocooning_adjunct,infant_3_11m,6160.304984819635,10312.929252925438,77267.53706027401,15.008219178082191,531.2219126830672,889.3153856187866,546.0827147630453,0.02721346359850707,first_15_years,5.0
Sweden,resistance_guided_treatment,infant_3_11m,6226.913027842866,10480.760259335562,77267.53705519497,15.008219178082191,536.9657276921465,903.7879659242075,546.0827147630453,0.016695249317412952,first_15_years,6.0
Sweden,pregnancy_tdap_scaleup,infant_3_11m,6273.47696841992,10719.088135069442,77267.53705597411,15.008219178082191,540.9810784912352,924.3397065045733,546.0827147630453,0.009342240898475906,first_15_years,7.0
Sweden,current,infant_3_11m,6332.637997941506,10728.824830374046,77267.53705378145,15.008219178082191,546.0827147630453,925.1793315032857,546.0827147630453,0.0,first_15_years,8.0
Sweden,adolescent_booster,infant_3_11m,6332.6382326919975,10728.825380387403,77267.53705377398,15.008219178082191,546.0827350063498,925.1793789327065,546.0827147630453,-3.707003348729643e-08,first_15_years,9.0
Sweden,higher_child_coverage,infant_3_11m,6332.734195641904,10729.048863822414,77267.53705291558,15.008219178082191,546.0910101906629,925.1986506021159,546.0827147630453,-1.519078958800435e-05,first_15_years,10.0
Thailand,combined_strategy,infant_0_2m,140.49914094198567,268.18220895013866,89803.68983742384,15.008219178082191,10.424382155229246,19.897871364808903,1392.8143321660232,0.9925155981565628,first_15_years,1.0
Thailand,maternal_immunization,infant_0_2m,8336.323028298468,18125.61375007211,89803.68986754377,15.008219178082191,618.5163582114542,1344.8361548593134,1392.8143321660232,0.5559233245040107,first_15_years,2.0
Thailand,next_generation_vaccine,infant_0_2m,9081.368653899786,13962.011564541603,89803.68985124577,15.008219178082191,673.795275127628,1035.916256898742,1392.8143321660232,0.5162346771089144,first_15_years,3.0
Thailand,resistance_guided_treatment,infant_0_2m,9754.928128944397,14998.970349729658,89803.68990583377,15.008219178082191,723.7702519294187,1112.8537704439702,1392.8143321660232,0.4803541037635263,first_15_years,4.0
Thailand,pregnancy_tdap_scaleup,infant_0_2m,10145.199908398185,22091.869797489133,89803.68986044484,15.008219178082191,752.7266013882437,1639.1138884518186,1392.8143321660232,0.4595642907998746,first_15_years,5.0
Thailand,cocooning_adjunct,infant_0_2m,15404.70843677712,23699.95748062419,89803.68989223012,15.008219178082191,1142.9576477136868,1758.4265073332228,1392.8143321660232,0.1793897999769818,first_15_years,6.0
Thailand,targeted_pep_high_risk,infant_0_2m,17712.609516247954,27257.42478990547,89803.68990769742,15.008219178082191,1314.1931628996456,2022.3740191576876,1392.8143321660232,0.056447702648285136,first_15_years,7.0
Thailand,higher_child_coverage,infant_0_2m,18573.984426928047,28585.030063963655,89803.68988432967,15.008219178082191,1378.103171395137,2120.876150216999,1392.8143321660232,0.01056218365301298,first_15_years,8.0
Thailand,adolescent_booster,infant_0_2m,18638.469926973707,28684.341855284994,89803.6898857165,15.008219178082191,1382.8876952583323,2128.2446227439805,1392.8143321660232,0.007127035297126438,first_15_years,9.0
Thailand,current,infant_0_2m,18772.260482884565,28890.708788399857,89803.68985123026,15.008219178082191,1392.8143321660232,2143.5560892416815,1392.8143321660232,0.0,first_15_years,10.0
Thailand,combined_strategy,infant_3_11m,748.5549608098114,1471.1613791347531,424244.3136740453,15.008219178082191,11.756512214309065,23.105486742491703,877.8462055703092,0.9866075490903657,first_15_years,1.0
Thailand,next_generation_vaccine,infant_3_11m,25246.620270016974,46265.974198860844,424244.31374349404,15.008219178082191,396.51356956446864,726.6353429791411,877.8462055703092,0.5483108919894844,first_15_years,2.0
Thailand,resistance_guided_treatment,infant_3_11m,30768.49859705415,66168.20332067015,424244.31398092763,15.008219178082191,483.2380362815641,1039.2119893695844,877.8462055703092,0.4495185680416315,first_15_years,3.0
Thailand,maternal_immunization,infant_3_11m,45565.928693089976,100623.29891357626,424244.3138102249,15.008219178082191,715.6407012320904,1580.3502805752798,877.8462055703092,0.18477667649407792,first_15_years,4.0
Thailand,cocooning_adjunct,infant_3_11m,46654.811442515485,101223.42552240087,424244.31391607475,15.008219178082191,732.7422687492727,1589.7756345933265,877.8462055703092,0.16529539673383553,first_15_years,5.0
Thailand,targeted_pep_high_risk,infant_3_11m,52995.589556992774,115300.12478226393,424244.31398739904,15.008219178082191,832.3280561751628,1810.8587816269048,877.8462055703092,0.05185207739842612,first_15_years,6.0
Thailand,pregnancy_tdap_scaleup,infant_3_11m,54586.51497868093,121009.2178638516,424244.313790187,15.008219178082191,857.3145106318959,1900.5235713511627,877.8462055703092,0.02338871525345887,first_15_years,7.0
Thailand,higher_child_coverage,infant_3_11m,54658.79391670577,120486.06524047497,424244.31388087943,15.008219178082191,858.4496952537492,1892.307139920199,877.8462055703092,0.02209556775831678,first_15_years,8.0
Thailand,adolescent_booster,infant_3_11m,55754.76667949946,121329.2109453796,424244.31388973293,15.008219178082191,875.6626159168276,1905.5492574165949,877.8462055703092,0.0024874398722986024,first_15_years,9.0
Thailand,current,infant_3_11m,55893.79912454436,121742.64758942774,424244.3137412659,15.008219178082191,877.8462055703092,1912.0425327383523,877.8462055703092,0.0,first_15_years,10.0
United_Kingdom,combined_strategy,infant_0_2m,2194.487181598354,4797.077057820457,117045.61017933754,15.008219178082191,124.92482648594947,273.0815764672039,2583.959166779438,0.9516537149301583,first_15_years,1.0
United_Kingdom,maternal_immunization,infant_0_2m,25398.24823386958,55823.95818349008,117045.61019328602,15.008219178082191,1445.837451178072,3177.871507967049,2583.959166779438,0.44045654058066397,first_15_years,2.0
United_Kingdom,pregnancy_tdap_scaleup,infant_0_2m,28283.29571134071,62173.358537147964,117045.61019157486,15.008219178082191,1610.073569100166,3539.32166549854,2583.959166779438,0.376896667021674,first_15_years,3.0
United_Kingdom,next_generation_vaccine,infant_0_2m,31887.617349887034,52150.09392486676,117045.61017889995,15.008219178082191,1815.2555630780498,2968.7306854393296,2583.959166779438,0.2974906157899837,first_15_years,4.0
United_Kingdom,resistance_guided_treatment,infant_0_2m,34743.369187146185,60559.53565529096,117045.61017032154,15.008219178082191,1977.823978180903,3447.45211903193,2583.959166779438,0.23457614825779238,first_15_years,5.0
United_Kingdom,cocooning_adjunct,infant_0_2m,40940.898659501254,71532.30121878097,117045.61018991779,15.008219178082191,2330.6286332597947,4072.0950170146166,2583.959166779438,0.09803968142243757,first_15_years,6.0
United_Kingdom,targeted_pep_high_risk,infant_0_2m,44868.57068619828,78405.52935335712,117045.61020064057,15.008219178082191,2554.2178845369945,4463.364940272928,2583.959166779438,0.011509966033833252,first_15_years,7.0
United_Kingdom,adolescent_booster,infant_0_2m,45376.630321770695,79277.85136101898,117045.6101886628,15.008219178082191,2583.1400231209695,4513.02331939425,2583.959166779438,0.0003170110692922723,first_15_years,8.0
United_Kingdom,current,infant_0_2m,45391.01977839055,79303.22081730106,117045.61019099367,15.008219178082191,2583.959166779438,4514.467517725922,2583.959166779438,0.0,first_15_years,9.0
United_Kingdom,higher_child_coverage,infant_0_2m,45543.42683136155,79576.61808375314,117045.61018884071,15.008219178082191,2592.6351913696235,4530.0311111426945,2583.959166779438,-0.0033576477143015815,first_15_years,10.0
United_Kingdom,combined_strategy,infant_3_11m,11723.367640347007,25736.552948035158,550680.1894993824,15.008219178082191,141.8481799856853,311.40226143039837,1602.8424836252636,0.9115021086383628,first_15_years,1.0
United_Kingdom,next_generation_vaccine,infant_3_11m,91483.31212006648,174776.52717430893,550680.1895011432,15.008219178082191,1106.9124266470772,2114.7278703853135,1602.8424836252636,0.3094066085998083,first_15_years,2.0
United_Kingdom,resistance_guided_treatment,infant_3_11m,115358.2874712445,262083.80660729526,550680.1894654337,15.008219178082191,1395.7903246806263,3171.1119290767733,1602.8424836252636,0.12917810768050808,first_15_years,3.0
United_Kingdom,maternal_immunization,infant_3_11m,119438.59586970381,282053.20243183844,550680.1895572813,15.008219178082191,1445.1604660143958,3412.733836153889,1602.8424836252636,0.09837649003052829,first_15_years,4.0
United_Kingdom,cocooning_adjunct,infant_3_11m,121840.76922422387,284050.81713850604,550680.1895429394,15.008219178082191,1474.2258275398985,3436.9041957438935,1602.8424836252636,0.08024285442850476,first_15_years,5.0
United_Kingdom,pregnancy_tdap_scaleup,infant_3_11m,130178.1305852527,308869.21981254895,550680.1895553946,15.008219178082191,1575.1046509902153,3737.197196543385,1602.8424836252636,0.01730540144675452,first_15_years,6.0
United_Kingdom,targeted_pep_high_risk,infant_3_11m,130369.917131742,305292.4010350283,550680.1895936375,15.008219178082191,1577.4251933559253,3693.919082928694,1602.8424836252636,0.015857634501832196,first_15_years,7.0
United_Kingdom,current,infant_3_11m,132470.58727657207,310268.7137738884,550680.1895495187,15.008219178082191,1602.8424836252636,3754.13052814711,1602.8424836252636,0.0,first_15_years,8.0
United_Kingdom,adolescent_booster,infant_3_11m,132486.57223750284,310318.4442684122,550680.189539732,15.008219178082191,1603.0358954518406,3754.7322478181163,1602.8424836252636,-0.0001206680185688036,first_15_years,9.0
United_Kingdom,higher_child_coverage,infant_3_11m,133292.9738414652,312283.4258519305,550680.1895466046,15.008219178082191,1612.7930405934444,3778.5077591989016,1602.8424836252636,-0.006208069145805739,first_15_years,10.0
United_States,combined_strategy,infant_0_2m,24423.632920312455,52847.98141399355,637516.3044391767,15.008219178082191,255.26413747445682,552.3418418923981,1818.6703551935877,0.859642437814254,first_15_years,1.0
United_States,next_generation_vaccine,infant_0_2m,98764.8639619367,160835.43972609937,637516.3043904289,15.008219178082191,1032.2431513858128,1680.975141335437,1818.6703551935877,0.4324187731778715,first_15_years,2.0
United_States,maternal_immunization,infant_0_2m,100983.14969801721,221039.7128948481,637516.3044105191,15.008219178082191,1055.4276135897348,2310.201428523578,1818.6703551935877,0.41967074430187745,first_15_years,3.0
United_States,pregnancy_tdap_scaleup,infant_0_2m,108657.59214743925,237931.64543571963,637516.3042924168,15.008219178082191,1135.6372181177392,2486.7478340413863,1818.6703551935877,0.3755673121988857,first_15_years,4.0
United_States,resistance_guided_treatment,infant_0_2m,136957.57594126207,238017.85260786596,637516.3043038201,15.008219178082191,1431.4151221780712,2487.6488301557697,1818.6703551935877,0.2129331640061265,first_15_years,5.0
United_States,cocooning_adjunct,infant_0_2m,161696.08431453895,281525.6657450304,637516.3043242182,15.008219178082191,1689.9701873861375,2942.3716975585235,1818.6703551935877,0.07076607777760302,first_15_years,6.0
United_States,targeted_pep_high_risk,infant_0_2m,172283.0190567315,299975.2826380934,637516.3043113048,15.008219178082191,1800.6197691113318,3135.1982750258503,1818.6703551935877,0.009925155502045091,first_15_years,7.0
United_States,adolescent_booster,infant_0_2m,174008.82798568677,302747.6991958961,637516.3043073261,15.008219178082191,1818.6570991636795,3164.1742477765333,1818.6703551935877,7.2888579671914755e-06,first_15_years,8.0
United_States,current,infant_0_2m,174010.09632050543,302750.8115947598,637516.3043071125,15.008219178082191,1818.6703551935877,3164.206777082885,1818.6703551935877,0.0,first_15_years,9.0
United_States,higher_child_coverage,infant_0_2m,174482.0838951852,303578.1157559649,637516.3043416358,15.008219178082191,1823.603343629642,3172.853364577684,1818.6703551935877,-0.002712414826561149,first_15_years,10.0
United_States,combined_strategy,infant_3_11m,126367.60437884949,281110.96081540216,2999861.803628431,15.008219178082191,280.67604008395836,624.3776772828477,1155.0542289710525,0.7570018506109529,first_15_years,1.0
United_States,next_generation_vaccine,infant_3_11m,287546.50311316043,552351.5641707346,2999861.8033806025,15.008219178082191,638.6717089175684,1226.8322291973277,1155.0542289710525,0.44706344265194276,first_15_years,2.0
United_States,resistance_guided_treatment,infant_3_11m,445288.4550955641,1036386.0941137144,2999861.8030192573,15.008219178082191,989.0335494689865,2301.9249781843205,1155.0542289710525,0.1437340995235875,first_15_years,3.0
United_States,maternal_immunization,infant_3_11m,485118.1676636992,1165183.9371163226,2999861.8034677505,15.008219178082191,1077.499624600905,2587.9988392934983,1155.0542289710525,0.0671436911141694,first_15_years,4.0
United_States,cocooning_adjunct,infant_3_11m,491927.897402897,1166570.8142685716,2999861.8030618825,15.008219178082191,1092.6247668825679,2591.079242957159,1155.0542289710525,0.05404894464920329,first_15_years,5.0
United_States,pregnancy_tdap_scaleup,infant_3_11m,512758.04058181914,1235978.027178262,2999861.802949502,15.008219178082191,1138.8907552035107,2745.2401276648197,1155.0542289710525,0.01399369255756977,first_15_years,6.0
United_States,targeted_pep_high_risk,infant_3_11m,516475.9701512586,1228727.2415593588,2999861.8030107645,15.008219178082191,1147.1486766167282,2729.1353529283006,1155.0542289710525,0.006844312722327106,first_15_years,7.0
United_States,adolescent_booster,infant_3_11m,520018.18327715166,1236663.696787526,2999861.8030156675,15.008219178082191,1155.0163129319235,2746.763073550104,1155.0542289710525,3.282619826672217e-05,first_15_years,8.0
United_States,current,infant_3_11m,520035.2540573283,1236707.9242640536,2999861.803014636,15.008219178082191,1155.0542289710525,2746.861307533074,1155.0542289710525,0.0,first_15_years,9.0
United_States,higher_child_coverage,infant_3_11m,521263.9232903793,1239764.3305351303,2999861.803181641,15.008219178082191,1157.7832354163866,2753.6499144238514,1155.0542289710525,-0.002362665212494175,first_15_years,10.0
Australia,combined_strategy,infant_0_2m,3749.69609849709,4288.915508537623,50518.29784363001,5.0,1484.4902772075086,1697.9651696948154,2618.5136426458853,0.43307903650732915,first_5_years,1.0
Australia,next_generation_vaccine,infant_0_2m,4607.137903620696,5131.2747479593945,50518.29784330061,5.0,1823.9481931522218,2031.4519558342042,2618.5136426458853,0.3034414014703365,first_5_years,2.0
Australia,maternal_immunization,infant_0_2m,5323.088379135776,7558.637216689788,50518.297843111985,5.0,2107.390235382431,2992.435430094518,2618.5136426458853,0.19519600697859574,first_5_years,3.0
Australia,pregnancy_tdap_scaleup,infant_0_2m,5418.630167411883,7756.679850886323,50518.29784328067,5.0,2145.214862235349,3070.8397479856985,2618.5136426458853,0.18075093163627365,first_5_years,4.0
Australia,targeted_pep_high_risk,infant_0_2m,5606.123968642914,7431.760113460787,50518.29784335925,5.0,2219.4429376958324,2942.205272435841,2618.5136426458853,0.15240352330065032,first_5_years,5.0
Australia,resistance_guided_treatment,infant_0_2m,6351.356369615252,8833.143783173204,50518.297843487235,5.0,2514.4775816844203,3497.007682459738,2618.5136426458853,0.0397309600634127,first_5_years,6.0
Australia,cocooning_adjunct,infant_0_2m,6487.868945711753,9080.281149380095,50518.297843493485,5.0,2568.5223860120063,3594.8484161168512,2618.5136426458853,0.01909146311850607,first_5_years,7.0
Australia,adolescent_booster,infant_0_2m,6614.142594030464,9317.74357225918,50518.29784361469,5.0,2618.5136381694088,3688.858876877977,2618.5136426458853,1.7095487248042218e-09,first_5_years,8.0
Australia,current,infant_0_2m,6614.142605337658,9317.743591912424,50518.29784361465,5.0,2618.5136426458853,3688.858884658623,2618.5136426458853,0.0,first_5_years,9.0
Australia,higher_child_coverage,infant_0_2m,6614.188289466034,9317.828275711485,50518.29784363869,5.0,2618.531728815522,3688.8924106475192,2618.5136426458853,-6.907036626424556e-06,first_5_years,10.0
Australia,combined_strategy,infant_3_11m,9146.14303932729,11261.297746898754,238401.66051988487,5.0,767.2885347679378,944.7331635476976,1132.9948940575566,0.3227784707660305,first_5_years,1.0
Australia,next_generation_vaccine,infant_3_11m,9257.080013654833,10000.315174502552,238401.660518298,5.0,776.5952630975341,838.9467718271197,1132.9948940575566,0.3145641986820086,first_5_years,2.0
Australia,targeted_pep_high_risk,infant_3_11m,11661.418225871135,17516.129029902626,238401.66051868835,5.0,978.3000840262181,1469.4636767036725,1132.9948940575566,0.13653619344861756,first_5_years,3.0
Australia,resistance_guided_treatment,infant_3_11m,13019.198462746803,20658.774396127974,238401.6605192247,5.0,1092.2070286248645,1733.1065858462887,1132.9948940575566,0.03600004346587993,first_5_years,4.0
Australia,maternal_immunization,infant_3_11m,13067.295698254982,21063.026361061457,238401.6605174951,5.0,1096.2420035070218,1767.0201050898931,1132.9948940575566,0.03243870801474924,first_5_years,5.0
Australia,cocooning_adjunct,infant_3_11m,13275.754526653436,21222.17189902394,238401.660519275,5.0,1113.7300384348691,1780.3711478182518,1132.9948940575566,0.017003479648257658,first_5_years,6.0
Australia,pregnancy_tdap_scaleup,infant_3_11m,13292.375231599342,21591.47712394294,238401.66051828137,5.0,1115.1243831693064,1811.352913985869,1132.9948940575566,0.01577280796407754,first_5_years,7.0
Australia,current,infant_3_11m,13505.393205192386,21753.054887161965,238401.66051986298,5.0,1132.9948940575566,1824.9080010371454,1132.9948940575566,0.0,first_5_years,8.0
Australia,adolescent_booster,infant_3_11m,13505.393207278716,21753.05490023395,238401.66051986316,5.0,1132.994894232582,1824.9080021337793,1132.9948940575566,-1.5448042844923293e-10,first_5_years,9.0
Australia,higher_child_coverage,infant_3_11m,13505.515011025207,21753.34033275065,238401.66051997518,5.0,1133.0051125959844,1824.9319476470662,1132.9948940575566,-9.019050731362555e-06,first_5_years,10.0
Brazil,combined_strategy,infant_0_2m,3442.894412496045,6052.51335622581,398544.87032668863,5.0,172.7732392929254,303.7305862832731,2539.4801094148665,0.9319651141773523,first_5_years,1.0
Brazil,next_generation_vaccine,infant_0_2m,8060.290753894531,12717.456968387942,398544.87032451126,5.0,404.48598660078187,638.1944877640942,2539.4801094148665,0.8407209471335527,first_5_years,2.0
Brazil,maternal_immunization,infant_0_2m,26501.34270281228,55857.34339574575,398544.87037121266,5.0,1329.9050959119559,2803.064224297711,2539.4801094148665,0.47630812661951283,first_5_years,3.0
Brazil,resistance_guided_treatment,infant_0_2m,31173.244695516005,55558.195502516624,398544.87032806943,5.0,1564.3530762222674,2788.0522189023727,2539.4801094148665,0.38398687572996293,first_5_years,4.0
Brazil,pregnancy_tdap_scaleup,infant_0_2m,33816.400122243365,71779.79398103323,398544.8703230574,5.0,1696.993369646537,3602.093481863113,2539.4801094148665,0.3317555969999114,first_5_years,5.0
Brazil,cocooning_adjunct,infant_0_2m,39452.615790594566,70512.7240332846,398544.870413714,5.0,1979.833073733471,3538.50867331892,2539.4801094148665,0.22037858599740967,first_5_years,6.0
Brazil,adolescent_booster,infant_0_2m,48845.40679935927,87500.86471570983,398544.8703266466,5.0,2451.187328509619,4391.016983557926,2539.4801094148665,0.034768053735845794,first_5_years,7.0
Brazil,higher_child_coverage,infant_0_2m,50277.92734450752,90097.88182666601,398544.8705207641,5.0,2523.074868775061,4521.341936175889,2539.4801094148665,0.00646007841486318,first_5_years,8.0
Brazil,current,infant_0_2m,50604.838544959784,90693.64097321057,398544.8703248153,5.0,2539.4801094148665,4551.23865472387,2539.4801094148665,0.0,first_5_years,9.0
Brazil,targeted_pep_high_risk,infant_0_2m,57996.0594308581,104018.1400848252,398544.87032718724,5.0,2910.39046033868,5219.896068386529,2539.4801094148665,-0.1460575924767833,first_5_years,10.0
Brazil,combined_strategy,infant_3_11m,16156.937102222608,31159.14434864453,1885486.257296424,5.0,171.38217836060863,330.515740733356,1875.0590168823396,0.9085990484472506,first_5_years,1.0
Brazil,next_generation_vaccine,infant_3_11m,27481.060868781507,48517.00234777346,1885486.2572859942,5.0,291.5010466142382,514.6364993146094,1875.0590168823396,0.8445376684202095,first_5_years,2.0
Brazil,resistance_guided_treatment,infant_3_11m,110716.10310951395,246517.6852792123,1885486.2573028873,5.0,1174.4037134260411,2614.8977148403724,1875.0590168823396,0.3736710669626164,first_5_years,3.0
Brazil,maternal_immunization,infant_3_11m,136972.59023536294,309467.2199171131,1885486.2575114144,5.0,1452.9152858016387,3282.6250383343317,1875.0590168823396,0.22513623692901108,first_5_years,4.0
Brazil,cocooning_adjunct,infant_3_11m,139563.30577552316,312028.5631266424,1885486.2577167004,5.0,1480.3958947389256,3309.794084678241,1875.0590168823396,0.21048037346558846,first_5_years,5.0
Brazil,adolescent_booster,infant_3_11m,171395.87702017295,384885.6250239328,1885486.2572962646,5.0,1818.0549060691637,4082.6139520724823,1875.0590168823396,0.03040123553441887,first_5_years,6.0
Brazil,pregnancy_tdap_scaleup,infant_3_11m,173633.6285386713,394630.06207144837,1885486.257279172,5.0,1841.7915046406245,4185.976541042674,1875.0590168823396,0.01774211475062215,first_5_years,7.0
Brazil,higher_child_coverage,infant_3_11m,175854.72896188614,395326.08451624896,1885486.2582343589,5.0,1865.351478366787,4193.359487928035,1875.0590168823396,0.005177190919405494,first_5_years,8.0
Brazil,current,infant_3_11m,176769.90039674318,397539.51544909616,1885486.2572876075,5.0,1875.0590168823396,4216.838111787483,1875.0590168823396,0.0,first_5_years,9.0
Brazil,targeted_pep_high_risk,infant_3_11m,201484.55232041472,454045.04535268195,1885486.2572988586,5.0,2137.21581412172,4816.211665240619,1875.0590168823396,-0.1398125578336562,first_5_years,10.0
China,combined_strategy,infant_0_2m,41052.95412722786,45501.41647508386,1397791.8071395354,5.0,587.3972635630096,651.0471193589083,1256.0191012683854,0.5323341317263177,first_5_years,1.0
China,next_generation_vaccine,infant_0_2m,63142.59027500326,73351.45689236764,1397791.8070193226,5.0,903.4620171318602,1049.5333643253161,1256.0191012683854,0.2806940465957062,first_5_years,2.0
China,maternal_immunization,infant_0_2m,64681.947708448126,91024.2269186076,1397791.8068906772,5.0,925.4875781870564,1302.4003498931181,1256.0191012683854,0.26315803855812636,first_5_years,3.0
China,resistance_guided_treatment,infant_0_2m,65903.23184906277,77879.52316022439,1397791.807129167,5.0,942.9620564798859,1114.3222154116934,1256.0191012683854,0.24924544895245637,first_5_years,4.0
China,pregnancy_tdap_scaleup,infant_0_2m,66277.8073294309,94036.22768647557,1397791.8069748757,5.0,948.3215883611514,1345.496907582973,1256.0191012683854,0.24497837062868477,first_5_years,5.0
China,cocooning_adjunct,infant_0_2m,85472.35005823862,108162.90125437322,1397791.8067590909,5.0,1222.9625276802005,1547.6253435074696,1256.0191012683854,0.02631852776347332,first_5_years,6.0
China,targeted_pep_high_risk,infant_0_2m,85921.94866881176,108875.7412673717,1397791.8071405466,5.0,1229.395511261176,1557.8248593415078,1256.0191012683854,0.021196803440587608,first_5_years,7.0
China,adolescent_booster,infant_0_2m,87782.64623574121,111765.67807245515,1397791.8070450933,5.0,1256.0188977114144,1599.1748915559292,1256.0191012683854,1.6206518738126618e-07,first_5_years,8.0
China,current,infant_0_2m,87782.66046226738,111765.69922953116,1397791.807045298,5.0,1256.0191012683854,1599.1751942771145,1256.0191012683854,0.0,first_5_years,9.0
China,higher_child_coverage,infant_0_2m,87783.19277354261,111766.52859835103,1397791.8070451824,5.0,1256.0267177285737,1599.1870611205875,1256.0191012683854,-6.0639684384966586e-06,first_5_years,10.0
China,combined_strategy,infant_3_11m,62469.72965698319,79367.39947146105,6604275.454454547,5.0,189.17966122944705,240.35157230738514,352.5295629923485,0.4633651157546945,first_5_years,1.0
China,next_generation_vaccine,infant_3_11m,76051.82866117022,91327.0065891335,6604275.453880558,5.0,230.3108923674087,276.56934428884654,352.5295629923485,0.34669055720468034,first_5_years,2.0
China,resistance_guided_treatment,infant_3_11m,86353.06162607072,130129.38201037394,6604275.45441266,5.0,261.50654139773576,394.0761796161234,352.5295629923485,0.2581996835158711,first_5_years,3.0
China,maternal_immunization,infant_3_11m,109049.19203779331,181795.85673633503,6604275.453295154,5.0,330.23817013381546,550.5398980462857,352.5295629923485,0.06323269081128624,first_5_years,4.0
China,pregnancy_tdap_scaleup,infant_3_11m,111897.95687936872,187790.64823352988,6604275.4536890965,5.0,338.86520228911223,568.6941725867339,352.5295629923485,0.038760893092908644,first_5_years,5.0
China,cocooning_adjunct,infant_3_11m,113407.42305332812,185915.81705846108,6604275.452657976,5.0,343.43638107246375,563.0165440287226,352.5295629923485,0.025794097501213198,first_5_years,6.0
China,targeted_pep_high_risk,infant_3_11m,113870.03501483607,186819.4971940973,6604275.454459591,5.0,344.83732787960685,565.753195736092,352.5295629923485,0.021820113602525226,first_5_years,7.0
China,current,infant_3_11m,116410.11698401917,192063.0943718716,6604275.454001899,5.0,352.5295629923485,581.6325975788603,352.5295629923485,0.0,first_5_years,8.0
China,adolescent_booster,infant_3_11m,116410.14017584964,192063.1552696058,6604275.454000943,5.0,352.5296332251771,581.6327819980671,352.5295629923485,-1.992253586546866e-07,first_5_years,9.0
China,higher_child_coverage,infant_3_11m,116411.48258253363,192066.15748846295,6604275.454001468,5.0,352.5336984907285,581.6418737413259,352.5295629923485,-1.1730926464448288e-05,first_5_years,10.0
Japan,combined_strategy,infant_0_2m,52.71835647541501,95.23924420310043,125284.78029178566,5.0,8.415763886504816,15.203641492811846,7146.428069582321,0.9988223817822606,first_5_years,1.0
Japan,next_generation_vaccine,infant_0_2m,114.27601008554792,156.40146695994326,125284.78030009587,5.0,18.242600547619826,24.967353031280144,7146.428069582321,0.9974473120879412,first_5_years,2.0
Japan,resistance_guided_treatment,infant_0_2m,7695.144938382505,12365.807994470817,125284.78029411407,5.0,1228.4245413237998,1974.0319559073796,7146.428069582321,0.8281064988882486,first_5_years,3.0
Japan,maternal_immunization,infant_0_2m,12186.178987939827,27899.13565473921,125284.78029124174,5.0,1945.3566442167,4453.715062577246,7146.428069582321,0.7277861576055298,first_5_years,4.0
Japan,pregnancy_tdap_scaleup,infant_0_2m,23403.729885938486,53195.15256778723,125284.78028954157,5.0,3736.0850746357046,8491.877855370725,7146.428069582321,0.47720944809648613,first_5_years,5.0
Japan,cocooning_adjunct,infant_0_2m,23785.004265175867,38207.65933497734,125284.78029083194,5.0,3796.95030952078,6099.32974241298,7146.428069582321,0.4686925730517153,first_5_years,6.0
Japan,targeted_pep_high_risk,infant_0_2m,39428.16490614764,62501.36529920209,125284.78028778786,5.0,6294.1667480404885,9977.487314202428,7146.428069582321,0.11925696491221294,first_5_years,7.0
Japan,current,infant_0_2m,44766.93352646928,70735.5935947828,125284.78028628846,5.0,7146.428069582321,11291.969133544359,7146.428069582321,0.0,first_5_years,8.0
Japan,adolescent_booster,infant_0_2m,45033.14928132812,71140.95844148166,125284.7802857778,5.0,7188.925770330019,11356.680081843511,7146.428069582321,-0.005946705169899147,first_5_years,9.0
Japan,higher_child_coverage,infant_0_2m,45382.75063495281,71678.37997249208,125284.7802846211,5.0,7244.734840393637,11442.472071971333,7146.428069582321,-0.013756070844642476,first_5_years,10.0
Japan,combined_strategy,infant_3_11m,260.2780546611568,516.336843763724,590047.8126023072,5.0,8.822269961928813,17.501525562361014,4014.969746693482,0.9978026559305473,first_5_years,1.0
Japan,next_generation_vaccine,infant_3_11m,295.1569426224543,516.1957556459762,590047.8126419028,5.0,10.004509339706125,17.496743300673938,4014.969746693482,0.9975081980759767,first_5_years,2.0
Japan,resistance_guided_treatment,infant_3_11m,23148.81920129169,53826.90822408302,590047.8126137179,5.0,784.6421495488656,1824.4931028774604,4014.969746693482,0.8045708438537911,first_5_years,3.0
Japan,maternal_immunization,infant_3_11m,63041.84949931368,150614.24309200307,590047.812599943,5.0,2136.838681649568,5105.153849426121,4014.969746693482,0.46778212129509666,first_5_years,4.0
Japan,cocooning_adjunct,infant_3_11m,67797.78591721487,159136.0755769381,590047.8125979706,5.0,2298.043801525248,5394.006118801276,4014.969746693482,0.42763110396590265,first_5_years,5.0
Japan,targeted_pep_high_risk,infant_3_11m,106252.64156295478,248693.56663330027,590047.8125834198,5.0,3601.4926010062272,8429.607273500076,4014.969746693482,0.10298387578829782,first_5_years,6.0
Japan,pregnancy_tdap_scaleup,infant_3_11m,112881.83330471118,268993.43428149936,590047.8125919005,5.0,3826.1927557651857,9117.682619647145,4014.969746693482,0.04701828477879899,first_5_years,7.0
Japan,current,infant_3_11m,118451.20582981175,277055.25856665196,590047.8125762313,5.0,4014.969746693482,9390.94265452794,4014.969746693482,0.0,first_5_years,8.0
Japan,adolescent_booster,infant_3_11m,119046.54321566565,278420.7255083757,590047.8125737858,5.0,4035.1490397493444,9437.225918825316,4014.969746693482,-0.0050260137258770765,first_5_years,9.0
Japan,higher_child_coverage,infant_3_11m,119825.92289115324,280229.4105143346,590047.8125682498,5.0,4061.566548974985,9498.532306885589,4014.969746693482,-0.01160576672336755,first_5_years,10.0
New_Zealand,next_generation_vaccine,infant_0_2m,1.9797729051554054,2.1808432337535635,9491.309977800465,5.0,4.171759029651251,4.595452553660999,5155.652671736564,0.9991908378443488,first_5_years,1.0
New_Zealand,combined_strategy,infant_0_2m,3.62575834471192,6.8058016797593845,9491.309974269478,5.0,7.640164222939069,14.34112192776258,5155.652671736564,0.9985180995095301,first_5_years,2.0
New_Zealand,resistance_guided_treatment,infant_0_2m,289.6353825995882,525.0926086111956,9491.30997417133,5.0,610.3169812971486,1106.4702555076767,5155.652671736564,0.8816217809545387,first_5_years,3.0
New_Zealand,maternal_immunization,infant_0_2m,1414.2948135850481,3206.3110776255708,9491.309974260865,5.0,2980.1888620652417,6756.308847399671,5155.652671736564,0.4219570145982249,first_5_years,4.0
New_Zealand,pregnancy_tdap_scaleup,infant_0_2m,1484.5535086193852,3362.1742634755224,9491.309974123214,5.0,3128.237330077348,7084.742301414747,5155.652671736564,0.39324125784763686,first_5_years,5.0
New_Zealand,targeted_pep_high_risk,infant_0_2m,2258.6336765967344,4108.3741512885335,9491.309974241118,5.0,4759.371852202782,8657.127756734171,5155.652671736564,0.07686336624385204,first_5_years,6.0
New_Zealand,cocooning_adjunct,infant_0_2m,2332.173303066458,4221.926359989957,9491.309974165355,5.0,4914.333868379521,8896.403913646755,5155.652671736564,0.04680664480754493,first_5_years,7.0
New_Zealand,current,infant_0_2m,2446.694882225371,4423.471912247066,9491.309977641522,5.0,5155.652671736564,9321.098821274081,5155.652671736564,0.0,first_5_years,8.0
New_Zealand,adolescent_booster,infant_0_2m,2448.183648570794,4425.928037998809,9491.309977591944,5.0,5158.789786342912,9326.274346634958,5155.652671736564,-0.0006084805952009109,first_5_years,9.0
New_Zealand,higher_child_coverage,infant_0_2m,2513.290717802741,4534.995681026858,9491.309975485514,5.0,5295.982797515107,9556.100670487009,5155.652671736564,-0.02721869270748911,first_5_years,10.0
New_Zealand,next_generation_vaccine,infant_3_11m,5.653014461894817,8.014694948505475,44854.247086435,5.0,2.5206150271573384,3.573661567905043,3347.1002165568066,0.999246925737482,first_5_years,1.0
New_Zealand,combined_strategy,infant_3_11m,17.792567605453343,36.372725538053515,44854.24706958447,5.0,7.933504079491474,16.21818575245587,3347.1002165568066,0.9976297381117399,first_5_years,2.0
New_Zealand,resistance_guided_treatment,infant_3_11m,1011.3856580834503,2364.288805910635,44854.24706915483,5.0,450.96539309828495,1054.2095611438758,3347.1002165568066,0.8652668387795699,first_5_years,3.0
New_Zealand,maternal_immunization,infant_3_11m,6873.932091787856,16660.330367632323,44854.247069566845,5.0,3065.0083507707564,7428.652337778818,3347.1002165568066,0.08427948000799357,first_5_years,4.0
New_Zealand,targeted_pep_high_risk,infant_3_11m,6998.318643649029,16803.834774592004,44854.24706948307,5.0,3120.470903371997,7492.639325128532,3347.1002165568066,0.0677091507639247,first_5_years,5.0
New_Zealand,pregnancy_tdap_scaleup,infant_3_11m,7168.7214463228665,17377.010433012125,44854.24706887669,5.0,3196.4515802995497,7748.211849963088,3347.1002165568066,0.045008702013777935,first_5_years,6.0
New_Zealand,cocooning_adjunct,infant_3_11m,7205.284589556616,17231.083236838433,44854.24706907722,5.0,3212.7546711285595,7683.144568362465,3347.1002165568066,0.04013789152881997,first_5_years,7.0
New_Zealand,current,infant_3_11m,7506.58300662743,17955.52401606863,44854.24708525473,5.0,3347.1002165568066,8006.164491821905,3347.1002165568066,0.0,first_5_years,8.0
New_Zealand,adolescent_booster,infant_3_11m,7510.4770185361,17964.238920673793,44854.247085025476,5.0,3348.836512314778,8010.05036897437,3347.1002165568066,-0.0005187462715883218,first_5_years,9.0
New_Zealand,higher_child_coverage,infant_3_11m,7680.050858238325,18350.727345444295,44854.24707527353,5.0,3424.447564731078,8182.381175476408,3347.1002165568066,-0.023108763756658268,first_5_years,10.0
Sweden,combined_strategy,infant_0_2m,1488.3516937755,1732.2096122312425,15927.976585467695,5.0,1868.852186954414,2175.052936493728,3210.392489474729,0.4178742340441408,first_5_years,1.0
Sweden,next_generation_vaccine,infant_0_2m,1901.8375082978066,2176.740907567345,15927.976583413747,5.0,2388.046590021037,2733.2296681476123,3210.392489474729,0.25615120336524355,first_5_years,2.0
Sweden,maternal_immunization,infant_0_2m,2038.296635814603,2847.7476235533973,15927.976585132068,5.0,2559.3918033722452,3575.780775835169,3210.392489474729,0.20277915807390812,first_5_years,3.0
Sweden,pregnancy_tdap_scaleup,infant_0_2m,2098.535757480999,2968.9137754524236,15927.976584590833,5.0,2635.0311934928145,3727.9233299785656,3210.392489474729,0.1792183659375719,first_5_years,4.0
Sweden,targeted_pep_high_risk,infant_0_2m,2135.788748299221,2745.5732261665466,15927.976585230004,5.0,2681.8079959757547,3447.4852615146533,3210.392489474729,0.16464793486526597,first_5_years,5.0
Sweden,cocooning_adjunct,infant_0_2m,2478.0329907620344,3359.4784106294233,15927.976583920712,5.0,3111.5477571251677,4218.336702002457,3210.392489474729,0.03078898691472265,first_5_years,6.0
Sweden,resistance_guided_treatment,infant_0_2m,2506.989701597085,3413.4821619225186,15927.976585827775,5.0,3147.9073165234654,4286.146634544567,3210.392489474729,0.019463406158630403,first_5_years,7.0
Sweden,adolescent_booster,infant_0_2m,2556.7527752491224,3501.7424594471754,15927.976584176515,5.0,3210.392433385546,4396.970878179148,3210.392489474729,1.74711294320673e-08,first_5_years,8.0
Sweden,current,infant_0_2m,2556.752819918505,3501.742538308785,15927.976584176662,5.0,3210.392489474729,4396.970977201866,3210.392489474729,0.0,first_5_years,9.0
Sweden,higher_child_coverage,infant_0_2m,2556.7694576939766,3501.7719493872346,15927.97658419057,5.0,3210.4133807325115,4397.00790728553,3210.392489474729,-6.507384331166932e-06,first_5_years,10.0
Sweden,combined_strategy,infant_3_11m,4440.606598670642,5933.504471112027,75204.68670999564,5.0,1180.9387932947614,1577.9613560502714,1681.1602754804367,0.2975453854586967,first_5_years,1.0
Sweden,next_generation_vaccine,infant_3_11m,4534.91991347284,5336.147778026657,75204.6867003123,5.0,1206.0205586772313,1419.0997960781337,1681.1602754804367,0.2826260670877566,first_5_years,2.0
Sweden,targeted_pep_high_risk,infant_3_11m,5404.150877357443,8515.495348451208,75204.68670898883,5.0,1437.184599483615,2264.6182627959524,1681.1602754804367,0.14512338862343088,first_5_years,3.0
Sweden,maternal_immunization,infant_3_11m,6092.651543522366,10289.059932956205,75204.68670852881,5.0,1620.2850673750393,2736.2815758633683,1681.1602754804367,0.0362102346773574,first_5_years,4.0
Sweden,cocooning_adjunct,infant_3_11m,6149.650185247145,10299.071449353209,75204.68670270605,5.0,1635.4433360137552,2738.9440474811854,1681.1602754804367,0.02719368291855251,first_5_years,5.0
Sweden,resistance_guided_treatment,infant_3_11m,6216.261328938497,10466.90157200151,75204.68671185199,5.0,1653.157961486152,2783.576936396429,1681.1602754804367,0.01665654036839659,first_5_years,6.0
Sweden,pregnancy_tdap_scaleup,infant_3_11m,6262.709534516312,10704.569304963925,75204.68670592154,5.0,1665.5104379347654,2846.782500889285,1681.1602754804367,0.009308950356442969,first_5_years,7.0
Sweden,adolescent_booster,infant_3_11m,6321.556495356699,10713.973111762,75204.68670393416,5.0,1681.1602500901056,2849.2833575494496,1681.1602754804367,1.5102861627980246e-08,first_5_years,8.0
Sweden,current,infant_3_11m,6321.556590830353,10713.973334676963,75204.68670393486,5.0,1681.1602754804367,2849.283416831623,1681.1602754804367,0.0,first_5_years,9.0
Sweden,higher_child_coverage,infant_3_11m,6321.592359691253,10714.05689181397,75204.68670400474,5.0,1681.1697878809512,2849.305638086897,1681.1602754804367,-5.658235358696473e-06,first_5_years,10.0
Thailand,combined_strategy,infant_0_2m,11.901676914607764,12.88565577294421,92273.23251005198,5.0,2.579659689132757,2.792934727097695,156.56920546678805,0.9835238373890838,first_5_years,1.0
Thailand,next_generation_vaccine,infant_0_2m,27.017694841944003,27.43258345583841,92273.23251058045,5.0,5.856020019423517,5.945946123149609,156.56920546678805,0.9625978812246977,first_5_years,2.0
Thailand,maternal_immunization,infant_0_2m,161.65629522499646,344.27287979058707,92273.23250743317,5.0,35.038611053747154,74.62031413343058,156.56920546678805,0.7762100730518195,first_5_years,3.0
Thailand,cocooning_adjunct,infant_0_2m,299.2632628396555,455.18466810308735,92273.23251373104,5.0,64.86458850243977,98.66017602349673,156.56920546678805,0.5857129867328921,first_5_years,4.0
Thailand,resistance_guided_treatment,infant_0_2m,382.2142982508829,581.2952350405435,92273.23250890037,5.0,82.84402482898078,125.99433643651179,156.56920546678805,0.47087918992758815,first_5_years,5.0
Thailand,pregnancy_tdap_scaleup,infant_0_2m,384.0356448448803,846.8764942044617,92273.23252881119,5.0,83.23879728066747,183.55843205992264,156.56920546678805,0.4683577972277292,first_5_years,6.0
Thailand,adolescent_booster,infant_0_2m,400.0762575816651,614.8860807658921,92273.23251171305,5.0,86.7155613153316,133.27507100996795,156.56920546678805,0.4461518722228812,first_5_years,7.0
Thailand,targeted_pep_high_risk,infant_0_2m,490.8217540038901,768.860235363807,92273.23251050117,5.0,106.38442821389877,166.64859666129215,156.56920546678805,0.32052776344665446,first_5_years,8.0
Thailand,higher_child_coverage,infant_0_2m,572.8728266893874,892.3214136135065,92273.2325079602,5.0,124.16879979575158,193.4085084830052,156.56920546678805,0.20693983580257325,first_5_years,9.0
Thailand,current,infant_0_2m,722.3573349817449,1133.8286620359597,92273.23250803283,5.0,156.56920546678805,245.75462053683978,156.56920546678805,0.0,first_5_years,10.0
Thailand,combined_strategy,infant_3_11m,49.776466743284814,69.92198458734286,435815.4106769197,5.0,2.284291262944132,3.2087889906755813,105.33663936375383,0.9783143711747259,first_5_years,1.0
Thailand,next_generation_vaccine,infant_3_11m,67.38843692841743,93.33357149343954,435815.410679526,5.0,3.092521984174217,4.283169856151405,105.33663936375383,0.9706415355297698,first_5_years,2.0
Thailand,maternal_immunization,infant_3_11m,914.0010866541995,1998.3329272607393,435815.41066491575,5.0,41.94441335884495,91.70547338892484,105.33663936375383,0.6018060419224087,first_5_years,3.0
Thailand,cocooning_adjunct,infant_3_11m,946.6377717459357,2035.1657699880557,435815.410694892,5.0,43.4421430961588,93.39576894461153,105.33663936375383,0.5875875349873069,first_5_years,4.0
Thailand,resistance_guided_treatment,infant_3_11m,1213.4113377419244,2598.4854189763564,435815.41067142505,5.0,55.684645748185964,119.24706448416237,105.33663936375383,0.47136489179332064,first_5_years,5.0
Thailand,adolescent_booster,infant_3_11m,1269.0202102769538,2748.2976162192745,435815.4106847424,5.0,58.23659187650573,126.12209430140238,105.33663936375383,0.44713831551621686,first_5_years,6.0
Thailand,targeted_pep_high_risk,infant_3_11m,1556.0996347059966,3435.122809379459,435815.4106791293,5.0,71.41095044257995,157.6411813444835,105.33663936375383,0.3220692166191098,first_5_years,7.0
Thailand,higher_child_coverage,infant_3_11m,1795.9628188313493,3979.4980614302267,435815.41066730575,5.0,82.41850906930677,182.62309978148568,105.33663936375383,0.21757035759708465,first_5_years,8.0
Thailand,pregnancy_tdap_scaleup,infant_3_11m,2190.548764441165,4910.201541395508,435815.4107676902,5.0,100.52644813924806,225.33400242759532,105.33663936375383,0.04566493912811265,first_5_years,9.0
Thailand,current,infant_3_11m,2295.3665371338457,5061.866325229789,435815.4106677675,5.0,105.33663936375383,232.2940493303744,105.33663936375383,0.0,first_5_years,10.0
United_Kingdom,combined_strategy,infant_0_2m,10.675433867824957,11.087431871995136,114099.16307548032,5.0,1.8712554202983607,1.943472953374853,37.469916023614616,0.9500597914572575,first_5_years,1.0
United_Kingdom,next_generation_vaccine,infant_0_2m,13.411411455129159,9.259139102535736,114099.16307636861,5.0,2.350834325779,1.6229986010218898,37.469916023614616,0.9372607527516892,first_5_years,2.0
United_Kingdom,maternal_immunization,infant_0_2m,90.021003149145,186.70003476784458,114099.16307488541,5.0,15.779432683491734,32.72592536814839,37.469916023614616,0.5788772872203107,first_5_years,3.0
United_Kingdom,pregnancy_tdap_scaleup,infant_0_2m,130.97031402775985,277.52006708099634,114099.16307319721,5.0,22.957278651332334,48.64541677715215,37.469916023614616,0.3873143821068614,first_5_years,4.0
United_Kingdom,targeted_pep_high_risk,infant_0_2m,138.44757303721147,230.71148125147008,114099.16307558298,5.0,24.267938397672438,40.440521215504326,37.469916023614616,0.35233539401641345,first_5_years,5.0
United_Kingdom,cocooning_adjunct,infant_0_2m,146.60492987451352,245.8640439372548,114099.16307524215,5.0,25.697809856472933,43.096555191227985,37.469916023614616,0.31417487457731597,first_5_years,6.0
United_Kingdom,resistance_guided_treatment,infant_0_2m,190.30038199951252,323.5105577636713,114099.16307480671,5.0,33.35701627798025,56.70691161013485,37.469916023614616,0.1097653846633202,first_5_years,7.0
United_Kingdom,current,infant_0_2m,213.76430293979473,365.1692253650402,114099.16307529183,5.0,37.469916023614616,64.00909796754111,37.469916023614616,0.0,first_5_years,8.0
United_Kingdom,adolescent_booster,infant_0_2m,215.2876673950166,367.87941001073165,114099.16307494682,5.0,37.736940673894935,64.48415572848461,37.469916023614616,-0.007126374398918722,first_5_years,9.0
United_Kingdom,higher_child_coverage,infant_0_2m,222.68397830359618,381.0343445472417,114099.16307573373,5.0,39.033411341639535,66.79003320897785,37.469916023614616,-0.04172668326877371,first_5_years,10.0
United_Kingdom,next_generation_vaccine,infant_3_11m,33.23812517721786,34.262904954768736,537751.2571171229,5.0,1.236189585326383,1.2743031095250879,27.53777599190417,0.9551093165370431,first_5_years,1.0
United_Kingdom,combined_strategy,infant_3_11m,42.65279972526952,59.92729869248501,537751.2571132998,5.0,1.586339377586352,2.2288111054981252,27.53777599190417,0.9423940634111949,first_5_years,2.0
United_Kingdom,targeted_pep_high_risk,infant_3_11m,475.67331094862817,1047.035686036268,537751.2571141362,5.0,17.691202192677267,38.94126409504749,27.53777599190417,0.3575660504363787,first_5_years,3.0
United_Kingdom,maternal_immunization,infant_3_11m,480.742897759928,1076.6849802372792,537751.2571107823,5.0,17.879749843556013,40.043978177645464,27.53777599190417,0.350719177583096,first_5_years,4.0
United_Kingdom,cocooning_adjunct,infant_3_11m,504.17959083099294,1115.7531931879143,537751.2571124821,5.0,18.751405381671958,41.496999902113885,27.53777599190417,0.31906609352967774,first_5_years,5.0
United_Kingdom,resistance_guided_treatment,infant_3_11m,657.8908579644092,1467.9025776806902,537751.2571103295,5.0,24.468222036324537,54.59411050263796,27.53777599190417,0.11146702466030844,first_5_years,6.0
United_Kingdom,pregnancy_tdap_scaleup,infant_3_11m,706.4060778357854,1600.1401757669112,537751.2571027209,5.0,26.272596056464376,59.51228024600427,27.53777599190417,0.045943431881054764,first_5_years,7.0
United_Kingdom,current,infant_3_11m,740.4236828868669,1656.802321213436,537751.2571128069,5.0,27.53777599190417,61.61965404260803,27.53777599190417,0.0,first_5_years,8.0
United_Kingdom,adolescent_booster,infant_3_11m,745.7796421956496,1669.0900141703148,537751.257111205,5.0,27.73697438484742,62.07665689659757,27.53777599190417,-0.007233641271604974,first_5_years,9.0
United_Kingdom,higher_child_coverage,infant_3_11m,771.7846267495986,1728.7319530085667,537751.257114861,5.0,28.704149605911535,64.29485492171776,27.53777599190417,-0.04235540351371392,first_5_years,10.0
United_States,next_generation_vaccine,infant_0_2m,893.7660085860648,1317.5287857347291,620294.6071636693,5.0,28.817468288910593,42.48074287665342,5412.647439306711,0.9946759014674339,first_5_years,1.0
United_States,combined_strategy,infant_0_2m,906.6125751322564,1738.2811490207864,620294.6071550936,5.0,29.2316768411167,56.046953462749045,5412.647439306711,0.9945993754130675,first_5_years,2.0
United_States,resistance_guided_treatment,infant_0_2m,57852.44585394843,102136.8056199102,620294.6071660914,5.0,1865.3215806036415,3293.170839789739,5412.647439306711,0.6553772250049664,first_5_years,3.0
United_States,maternal_immunization,infant_0_2m,94068.78304426502,205611.63059773104,620294.6071768168,5.0,3033.035656150737,6629.483094607039,5412.647439306711,0.43963916176679174,first_5_years,4.0
United_States,pregnancy_tdap_scaleup,infant_0_2m,104633.57016036584,228990.55203588455,620294.6071501459,5.0,3373.673378883292,7383.283665416619,5412.647439306711,0.3767055000878802,first_5_years,5.0
United_States,cocooning_adjunct,infant_0_2m,150902.3297956822,262292.3034965429,620294.6071726532,5.0,4865.505134197627,8457.023500239342,5412.647439306711,0.10108589396304113,first_5_years,6.0
United_States,targeted_pep_high_risk,infant_0_2m,163336.0137487894,283980.5013679163,620294.6071522254,5.0,5266.401218565016,9156.310504509194,5412.647439306711,0.02701935095193031,first_5_years,7.0
United_States,current,infant_0_2m,167871.8008501913,291860.9134442674,620294.6071495595,5.0,5412.647439306711,9410.396610909005,5412.647439306711,0.0,first_5_years,8.0
United_States,adolescent_booster,infant_0_2m,167887.02977900163,291887.46200876945,620294.6071495811,5.0,5413.138461754077,9411.252609467947,5412.647439306711,-9.071761145951207e-05,first_5_years,9.0
United_States,higher_child_coverage,infant_0_2m,168287.46313464796,292588.47590049414,620294.6072537854,5.0,5426.0495308738155,9433.855219082549,5412.647439306711,-0.0024760695606698135,first_5_years,10.0
United_States,next_generation_vaccine,infant_3_11m,2729.2871036443457,4723.500453803595,2919757.0102809514,5.0,18.69530302716336,32.35543531308504,3421.195566979502,0.9945354474302476,first_5_years,1.0
United_States,combined_strategy,infant_3_11m,4343.673073273806,9103.245464080703,2919757.0102422168,5.0,29.75366140426504,62.356185341091226,3421.195566979502,0.9913031392617716,first_5_years,2.0
United_States,resistance_guided_treatment,infant_3_11m,189628.95773914232,447775.9046745321,2919757.010294042,5.0,1298.9365695198396,3067.2134913681575,3421.195566979502,0.620326712083682,first_5_years,3.0
United_States,maternal_immunization,infant_3_11m,448745.22292742826,1077314.323421654,2919757.0103424573,5.0,3073.853209961435,7379.479316981219,3421.195566979502,0.10152660092586518,first_5_years,4.0
United_States,cocooning_adjunct,infant_3_11m,455798.2490242789,1080431.1202449645,2919757.0103226393,5.0,3122.1656282548815,7400.829017107658,3421.195566979502,0.08740509943681107,first_5_years,5.0
United_States,targeted_pep_high_risk,infant_3_11m,486464.81695084076,1156921.126150218,2919757.0102281794,5.0,3332.228094644242,7924.77676804896,3421.195566979502,0.026004790019591772,first_5_years,6.0
United_States,pregnancy_tdap_scaleup,infant_3_11m,491566.06408926146,1184889.525675645,2919757.010218381,5.0,3367.171051350572,8116.357090873272,3421.195566979502,0.015791121720827972,first_5_years,7.0
United_States,current,infant_3_11m,499452.98700035556,1187779.6702416013,2919757.0102156512,5.0,3421.195566979502,8136.154249040557,3421.195566979502,0.0,first_5_years,8.0
United_States,adolescent_booster,infant_3_11m,499491.0576923848,1187867.9072199778,2919757.010215752,5.0,3421.4563468449423,8136.758662202522,3421.195566979502,-7.622477591096022e-05,first_5_years,9.0
United_States,higher_child_coverage,infant_3_11m,500498.38170287234,1190398.896501299,2919757.01071769,5.0,3428.3563999721164,8154.09564653254,3421.195566979502,-0.0020930791158881856,first_5_years,10.0
Australia,combined_strategy,infant_0_2m,19352.379365735655,38343.04036660206,52551.6158637735,24.013698630136986,1533.519273569087,3038.3752973306073,5971.998562594473,0.7432150631826566,full_horizon,1.0
Australia,next_generation_vaccine,infant_0_2m,36309.07884408525,58032.51072303564,52551.615852741925,24.013698630136986,2877.200326240924,4598.606301798197,5971.998562594473,0.5182181817219068,full_horizon,2.0
Australia,maternal_immunization,infant_0_2m,48379.95696001745,102386.09400790356,52551.6158749979,24.013698630136986,3833.719618381557,8113.268425847246,5971.998562594473,0.3580508136097009,full_horizon,3.0
Australia,pregnancy_tdap_scaleup,infant_0_2m,49663.543059070566,105229.05589935477,52551.615870571324,24.013698630136986,3935.4334175469053,8338.550122987988,5971.998562594473,0.34101902800237827,full_horizon,4.0
Australia,resistance_guided_treatment,infant_0_2m,56436.90129790494,99248.26565115553,52551.61586478931,24.013698630136986,4472.167181282958,7864.6209525473605,5971.998562594473,0.25114396220817714,full_horizon,5.0
Australia,targeted_pep_high_risk,infant_0_2m,73305.64242784886,129990.06671783137,52551.61586416704,24.013698630136986,5808.878246912915,10300.659619962726,5971.998562594473,0.027314192053437547,full_horizon,6.0
Australia,cocooning_adjunct,infant_0_2m,73385.23209938194,130192.62237125385,52551.61587088436,24.013698630136986,5815.185082810483,10316.710513090686,5971.998562594473,0.02625812416737483,full_horizon,7.0
Australia,adolescent_booster,infant_0_2m,75364.14445818754,133802.70551965688,52551.615871725466,24.013698630136986,5971.997854166399,10602.780353837597,5971.998562594473,1.1862495730152744e-07,full_horizon,8.0
Australia,current,infant_0_2m,75364.15339825684,133802.72000971125,52551.615871725335,24.013698630136986,5971.998562594473,10602.781502057034,5971.998562594473,0.0,full_horizon,9.0
Australia,higher_child_coverage,infant_0_2m,75483.0746075471,134018.4527452564,52551.615868988505,24.013698630136986,5981.4221052523035,10619.876574053049,5971.998562594473,-0.0015779546091747587,full_horizon,10.0
Australia,combined_strategy,infant_3_11m,86683.20186368871,184886.59234484987,247346.2564755196,24.013698630136986,1459.387247402006,3112.7269099725586,3648.8481415835704,0.6000416595115838,full_horizon,1.0
Australia,next_generation_vaccine,infant_3_11m,101466.51168870501,189008.98576403383,247346.25642608458,24.013698630136986,1708.2771522366634,3182.1309964681273,3648.8481415835704,0.5318311187663499,full_horizon,2.0
Australia,resistance_guided_treatment,infant_3_11m,174129.5318851445,398372.1988862689,247346.25647496653,24.013698630136986,2931.622422409389,6706.943147873663,3648.8481415835704,0.1965622276795853,full_horizon,3.0
Australia,maternal_immunization,infant_3_11m,207072.96628383867,487781.1060383571,247346.25652207434,24.013698630136986,3486.253849905965,8212.220017685295,3648.8481415835704,0.044560443561523666,full_horizon,4.0
Australia,cocooning_adjunct,infant_3_11m,211735.55882707375,493158.56983426993,247346.25650032188,24.013698630136986,3564.752659098817,8302.75430783852,3648.8481415835704,0.02304713137452108,full_horizon,5.0
Australia,pregnancy_tdap_scaleup,infant_3_11m,211822.56199565137,499539.4387360241,247346.25650112442,24.013698630136986,3566.2174332529785,8410.1817966605,3648.8481415835704,0.02264569670326999,full_horizon,6.0
Australia,targeted_pep_high_risk,infant_3_11m,213186.0780126925,496894.75016020803,247346.25647225356,24.013698630136986,3589.173414114601,8365.656160633316,3648.8481415835704,0.01635440148601819,full_horizon,7.0
Australia,adolescent_booster,infant_3_11m,216730.39850639275,505230.80999136064,247346.25650400517,24.013698630136986,3648.8451380180595,8506.000991639969,3648.8481415835704,8.231544296188886e-07,full_horizon,8.0
Australia,current,infant_3_11m,216730.57690912695,505231.17405487224,247346.2565040049,24.013698630136986,3648.8481415835704,8506.007120966473,3648.8481415835704,0.0,full_horizon,9.0
Australia,higher_child_coverage,infant_3_11m,217086.10956044076,506118.6523493269,247346.25649082803,24.013698630136986,3654.8338438075853,8520.94859193924,3648.8481415835704,-0.001640436102505749,full_horizon,10.0
Brazil,combined_strategy,infant_0_2m,4027.6475700966025,7186.328940261607,368460.59512637794,24.013698630136986,45.51990598566562,81.21887827810379,1016.4261261674812,0.9552157261469634,full_horizon,1.0
Brazil,next_generation_vaccine,infant_0_2m,30315.326959283928,49685.956706529396,368460.5949895917,24.013698630136986,342.61955883853807,561.5436900985978,1016.4261261674812,0.6629174024378797,full_horizon,2.0
Brazil,maternal_immunization,infant_0_2m,48344.363216916456,103225.28408249762,368460.59506110894,24.013698630136986,546.3811891833291,1166.6376329691036,1016.4261261674812,0.4624486963518888,full_horizon,3.0
Brazil,resistance_guided_treatment,infant_0_2m,51736.34149902336,92565.09802726802,368460.5951353183,24.013698630136986,584.7168502293277,1046.1577102566257,1016.4261261674812,0.4247325652341789,full_horizon,4.0
Brazil,pregnancy_tdap_scaleup,infant_0_2m,59485.77424211169,127487.44216467765,368460.5950890877,24.013698630136986,672.2998485179156,1440.8451288942438,1016.4261261674812,0.3385649667891971,full_horizon,5.0
Brazil,cocooning_adjunct,infant_0_2m,72914.24063788069,130750.02666773206,368460.595076138,24.013698630136986,824.0664858433671,1477.7183998269263,1016.4261261674812,0.18925097985174988,full_horizon,6.0
Brazil,adolescent_booster,infant_0_2m,87923.21820891339,157878.56240201616,368460.5951423746,24.013698630136986,993.6958378305056,1784.32129234372,1016.4261261674812,0.022362951671344833,full_horizon,7.0
Brazil,higher_child_coverage,infant_0_2m,89773.3371807236,161233.1714116208,368460.59513241844,24.013698630136986,1014.6056220904628,1822.2346112898194,1016.4261261674812,0.0017910835132531888,full_horizon,8.0
Brazil,current,infant_0_2m,89934.41722263163,161531.60924920946,368460.5950911556,24.013698630136986,1016.4261261674812,1825.6075139324614,1016.4261261674812,0.0,full_horizon,9.0
Brazil,targeted_pep_high_risk,infant_0_2m,96348.92030265568,173117.77027988684,368460.5951291827,24.013698630136986,1088.921937094585,1956.552675074178,1016.4261261674812,-0.0713242301242838,full_horizon,10.0
Brazil,combined_strategy,infant_3_11m,19173.51714825687,37325.19796075277,1742334.4730768166,24.013698630136986,45.82592086204024,89.20958813573472,757.3205116299654,0.9394893969484465,full_horizon,1.0
Brazil,next_generation_vaccine,infant_3_11m,102474.40027334566,189425.51229899048,1742334.4725290057,24.013698630136986,244.92030974164672,452.73897696873195,757.3205116299654,0.6765962284389871,full_horizon,2.0
Brazil,resistance_guided_treatment,infant_3_11m,185916.46686744643,414904.7487479376,1742334.4730810812,24.013698630136986,444.3521359027985,991.6486388147997,757.3205116299654,0.41325749259527045,full_horizon,3.0
Brazil,maternal_immunization,infant_3_11m,254976.0075025058,577781.9493863473,1742334.4728231959,24.013698630136986,609.4088138801352,1380.9354688143585,757.3205116299654,0.1953092455286638,full_horizon,4.0
Brazil,cocooning_adjunct,infant_3_11m,259640.18781781307,581976.6524187763,1742334.4728939391,24.013698630136986,620.5565003432316,1390.9610747927825,757.3205116299654,0.1805893398983469,full_horizon,5.0
Brazil,adolescent_booster,infant_3_11m,311293.6148549054,699678.9099310442,1742334.4731684225,24.013698630136986,744.0114637363871,1672.276927896238,757.3205116299654,0.01757386428757024,full_horizon,6.0
Brazil,pregnancy_tdap_scaleup,infant_3_11m,311339.1628882316,708395.9913530671,1742334.472925771,24.013698630136986,744.1203265256903,1693.111305063702,757.3205116299654,0.0174301169736768,full_horizon,7.0
Brazil,higher_child_coverage,infant_3_11m,316718.72401007416,712585.9558182865,1742334.4731240338,24.013698630136986,756.9778183831133,1703.1255854283327,757.3205116299654,0.0004525075467908257,full_horizon,8.0
Brazil,current,infant_3_11m,316862.1064702047,713158.1606636415,1742334.4729351266,24.013698630136986,757.3205116299654,1704.4931914497006,757.3205116299654,0.0,full_horizon,9.0
Brazil,targeted_pep_high_risk,infant_3_11m,337640.17780540313,761142.2993464043,1742334.4730756155,24.013698630136986,806.9814186059725,1819.178323148436,757.3205116299654,-0.06557449087061307,full_horizon,10.0
China,combined_strategy,infant_0_2m,474407.6882693485,989343.525537894,1394339.6850188938,24.013698630136986,1416.850652159922,2954.741362818527,6907.309226613853,0.7948766146590341,full_horizon,1.0
China,maternal_immunization,infant_0_2m,1234940.6347243926,2660146.6580045847,1394339.6842810505,24.013698630136986,3688.2337446869683,7944.7079430327385,6907.309226613853,0.4660389996040414,full_horizon,2.0
China,pregnancy_tdap_scaleup,infant_0_2m,1263742.4102226142,2723202.9953795127,1394339.6833989853,24.013698630136986,3774.252197931646,8133.029965271674,6907.309226613853,0.4535857489354237,full_horizon,3.0
China,next_generation_vaccine,infant_0_2m,1317980.103530503,1999679.5007795508,1394339.6849116294,24.013698630136986,3936.2367338035847,5972.178097163749,6907.309226613853,0.43013457126875543,full_horizon,4.0
China,resistance_guided_treatment,infant_0_2m,1730321.8525970364,2643391.4182080813,1394339.6872119566,24.013698630136986,5167.723251674599,7894.667269357003,6907.309226613853,0.251847125684866,full_horizon,5.0
China,cocooning_adjunct,infant_0_2m,2260377.3246908356,3460452.469228731,1394339.6853786302,24.013698630136986,6750.769780887557,10334.875377792167,6907.309226613853,0.02266286922889582,full_horizon,6.0
China,targeted_pep_high_risk,infant_0_2m,2269043.6453821207,3473764.891288862,1394339.6857626352,24.013698630136986,6776.652331989351,10374.63382392146,6907.309226613853,0.018915744226576825,full_horizon,7.0
China,adolescent_booster,infant_0_2m,2312741.113782444,3541293.142127154,1394339.6853689486,24.013698630136986,6907.1577791476075,10576.31151585373,6907.309226613853,2.1925682096579635e-05,full_horizon,8.0
China,current,infant_0_2m,2312791.8232839713,3541369.266038971,1394339.6853467948,24.013698630136986,6907.309226613853,10576.538865233733,6907.309226613853,0.0,full_horizon,9.0
China,higher_child_coverage,infant_0_2m,2313718.988151143,3542832.2170395264,1394339.6854539884,24.013698630136986,6910.078266675525,10580.908066543243,6907.309226613853,-0.0004008854925741101,full_horizon,10.0
China,combined_strategy,infant_3_11m,2267600.078694356,4941268.239334918,6584789.272681056,24.013698630136986,1434.0540694700742,3124.9098522881895,3667.2365008890665,0.6089551167146134,full_horizon,1.0
China,next_generation_vaccine,infant_3_11m,2995218.8353913017,5660428.224409995,6584789.27156887,24.013698630136986,1894.2078018646746,3579.7141690889744,3667.2365008890665,0.48347814453595994,full_horizon,2.0
China,resistance_guided_treatment,infant_3_11m,4570682.775614903,10442689.884396864,6584789.281293843,24.013698630136986,2890.5477150221495,6604.0665838961895,3667.2365008890665,0.2117912999825946,full_horizon,3.0
China,maternal_immunization,infant_3_11m,5514670.003349133,13004401.878307395,6584789.269502531,24.013698630136986,3487.5351426421985,8224.120125428282,3667.2365008890665,0.04900184599583424,full_horizon,4.0
China,pregnancy_tdap_scaleup,infant_3_11m,5625350.39107536,13276319.392927047,6584789.265219613,24.013698630136986,3557.5305828630103,8396.083618742625,3667.2365008890665,0.029915146732276354,full_horizon,5.0
China,cocooning_adjunct,infant_3_11m,5682426.915724102,13137014.3287984,6584789.272240463,24.013698630136986,3593.6263718061236,8307.985626375457,3667.2365008890665,0.020072370316203236,full_horizon,6.0
China,targeted_pep_high_risk,infant_3_11m,5689848.025591406,13153908.266744012,6584789.2741345735,24.013698630136986,3598.3195584746218,8318.669527502238,3667.2365008890665,0.018792609202525346,full_horizon,7.0
China,current,infant_3_11m,5798823.039241985,13415487.454331446,6584789.272328633,24.013698630136986,3667.2365008890665,8484.094951132478,3667.2365008890665,0.0,full_horizon,8.0
China,adolescent_booster,infant_3_11m,5799040.280705603,13415920.54796134,6584789.27243195,24.013698630136986,3667.373886611275,8484.36884395265,3667.2365008890665,-3.746301122786733e-05,full_horizon,9.0
China,higher_child_coverage,infant_3_11m,5806041.026027913,13431262.186831634,6584789.272907372,24.013698630136986,3671.8012311030757,8494.071056644905,3667.2365008890665,-0.0012447329788800587,full_horizon,10.0
Japan,combined_strategy,infant_0_2m,33616.34085658926,73120.05356317491,128125.35891754838,24.013698630136986,1092.5876512898603,2376.524795652127,5357.316594675239,0.7960569191718465,full_horizon,1.0
Japan,pregnancy_tdap_scaleup,infant_0_2m,87770.70803792842,192802.08952263708,128125.35895025176,24.013698630136986,2852.69572116246,6266.392377451643,5357.316594675239,0.4675140677708276,full_horizon,2.0
Japan,maternal_immunization,infant_0_2m,87932.79611050036,192805.81077531815,128125.3590133796,24.013698630136986,2857.963854892054,6266.513321338765,5357.316594675239,0.46653071469909946,full_horizon,3.0
Japan,next_generation_vaccine,infant_0_2m,102754.7460361031,158190.489351789,128125.35892857074,24.013698630136986,3339.7021734091427,5141.457124668509,5357.316594675239,0.37660914482288577,full_horizon,4.0
Japan,resistance_guided_treatment,infant_0_2m,124562.77517527791,191958.89818380718,128125.35898114492,24.013698630136986,4048.4998197736454,6238.987238422829,5357.316594675239,0.24430454160623183,full_horizon,5.0
Japan,targeted_pep_high_risk,infant_0_2m,159703.0672708468,246119.98411900608,128125.3588856248,24.013698630136986,5190.618454313845,7999.313684920997,5357.316594675239,0.031115977078352786,full_horizon,6.0
Japan,cocooning_adjunct,infant_0_2m,164294.76443757382,253178.98711212934,128125.35895330882,24.013698630136986,5339.8563368857185,8228.74315761109,5357.316594675239,0.003259142423442829,full_horizon,7.0
Japan,current,infant_0_2m,164831.9753096231,254011.59049302767,128125.35894440123,24.013698630136986,5357.316594675239,8255.804169257575,5357.316594675239,0.0,full_horizon,8.0
Japan,adolescent_booster,infant_0_2m,164988.35668394496,254251.71178186464,128125.35894019483,24.013698630136986,5362.399252692275,8263.608515518205,5357.316594675239,-0.0009487320615115813,full_horizon,9.0
Japan,higher_child_coverage,infant_0_2m,165407.20662910197,254896.7430155458,128125.35894027136,24.013698630136986,5376.012580793195,8284.573116137051,5357.316594675239,-0.0034898042308231236,full_horizon,10.0
Japan,combined_strategy,infant_3_11m,177133.30089033116,384650.9022582231,604055.014206065,24.013698630136986,1221.1377752523956,2651.741624367101,2984.5551090993035,0.590847637046676,full_horizon,1.0
Japan,next_generation_vaccine,infant_3_11m,252142.45399129673,476650.93678063824,604055.0142748551,24.013698630136986,1738.2427456098653,3285.9798892719978,2984.5551090993035,0.4175873180192533,full_horizon,2.0
Japan,resistance_guided_treatment,infant_3_11m,344761.24659771036,781462.2747685718,604055.0144981766,24.013698630136986,2376.746661095849,5387.316209863435,2984.5551090993035,0.20365127323344434,full_horizon,3.0
Japan,maternal_immunization,infant_3_11m,418457.2378559192,979270.0187565417,604055.0146274671,24.013698630136986,2884.7988353896903,6750.98135263608,2984.5551090993035,0.033424168783305896,full_horizon,4.0
Japan,pregnancy_tdap_scaleup,infant_3_11m,419324.52367437264,978221.2602211992,604055.0143739184,24.013698630136986,2890.7778110183467,6743.751327813578,2984.5551090993035,0.03142086329552063,full_horizon,5.0
Japan,targeted_pep_high_risk,infant_3_11m,423319.5652703637,968106.2068251137,604055.014090201,24.013698630136986,2918.3191960853515,6674.019249317457,2984.5551090993035,0.022192893276459236,full_horizon,6.0
Japan,cocooning_adjunct,infant_3_11m,430819.13276705454,989613.5194230058,604055.0143562916,24.013698630136986,2970.0204001629777,6822.288328017756,2984.5551090993035,0.004869975056588038,full_horizon,7.0
Japan,current,infant_3_11m,432927.47877709323,991391.4864778285,604055.0143381802,24.013698630136986,2984.5551090993035,6834.545440365597,2984.5551090993035,0.0,full_horizon,8.0
Japan,adolescent_booster,infant_3_11m,433139.3780057615,991956.3316292414,604055.014314921,24.013698630136986,2986.0159195267197,6838.439421873209,2984.5551090993035,-0.0004894566774666931,full_horizon,9.0
Japan,higher_child_coverage,infant_3_11m,433915.13557213085,993856.7461344032,604055.0143130777,24.013698630136986,2991.3639081060346,6851.540673487172,2984.5551090993035,-0.0022813447089560235,full_horizon,10.0
New_Zealand,combined_strategy,infant_0_2m,2129.119774404312,4635.0378783257665,9484.173813547999,24.013698630136986,934.8491402912103,2035.1420468969852,4638.092171043063,0.7984410171648288,full_horizon,1.0
New_Zealand,next_generation_vaccine,infant_0_2m,5126.503580788203,8416.182299548373,9484.17381362881,24.013698630136986,2250.9337063950206,3695.35846775043,4638.092171043063,0.5146854302619849,full_horizon,2.0
New_Zealand,maternal_immunization,infant_0_2m,6388.379056237421,14007.314777305173,9484.173810252418,24.013698630136986,2804.995163940014,6150.3003914215915,4638.092171043063,0.3952265154512449,full_horizon,3.0
New_Zealand,pregnancy_tdap_scaleup,infant_0_2m,6590.368134846068,14454.224306982353,9484.173810839151,24.013698630136986,2893.684075874434,6346.528426095115,4638.092171043063,0.37610466347768334,full_horizon,4.0
New_Zealand,resistance_guided_treatment,infant_0_2m,7607.385067861882,13345.067131462018,9484.173813911568,24.013698630136986,3340.233591260494,5859.522176476878,4638.092171043063,0.27982595686335676,full_horizon,5.0
New_Zealand,cocooning_adjunct,infant_0_2m,10241.104597882786,18005.23448735815,9484.173811137538,24.013698630136986,4496.641262972132,7905.698020317222,4638.092171043063,0.030497649217505862,full_horizon,6.0
New_Zealand,targeted_pep_high_risk,infant_0_2m,10282.406194478526,18072.617767315398,9484.17381455877,24.013698630136986,4514.775873845902,7935.284517054853,4638.092171043063,0.02658772026288303,full_horizon,7.0
New_Zealand,current,infant_0_2m,10563.259172051055,18575.118920162062,9484.17381238355,24.013698630136986,4638.092171043063,8155.921599249116,4638.092171043063,0.0,full_horizon,8.0
New_Zealand,adolescent_booster,infant_0_2m,10563.719447433674,18575.99987125623,9484.173812354495,24.013698630136986,4638.294267741059,8156.308405306822,4638.092171043063,-4.357323885417763e-05,full_horizon,9.0
New_Zealand,higher_child_coverage,infant_0_2m,10607.811233008355,18656.248931738206,9484.173814930815,24.013698630136986,4657.653988901557,8191.543980765933,4638.092171043063,-0.004217643189720066,full_horizon,10.0
New_Zealand,combined_strategy,infant_3_11m,11042.17352413678,24221.340294171474,44723.77101069799,24.013698630136986,1028.1514598398423,2255.281202409541,2995.0529962381133,0.6567167722470237,full_horizon,1.0
New_Zealand,next_generation_vaccine,infant_3_11m,14802.496688174779,28345.350711080722,44723.7710088143,24.013698630136986,1378.2801498812794,2639.2732962214245,2995.0529962381133,0.5398144368021383,full_horizon,2.0
New_Zealand,resistance_guided_treatment,infant_3_11m,25114.62434557037,57326.01391555574,44723.771011491095,24.013698630136986,2338.4560682121787,5337.70138317403,2995.0529962381133,0.21922714851812053,full_horizon,3.0
New_Zealand,maternal_immunization,infant_3_11m,30468.37923296508,71826.18167549932,44723.77099519486,24.013698630136986,2836.95130580144,6687.8312868895355,2995.0529962381133,0.052787610314493416,full_horizon,4.0
New_Zealand,targeted_pep_high_risk,infant_3_11m,31239.84358345447,72749.95941984806,44723.77101351172,24.013698630136986,2908.7833761412676,6773.84545828785,2995.0529962381133,0.02880403792694264,full_horizon,5.0
New_Zealand,cocooning_adjunct,infant_3_11m,31287.32717576741,72831.63691373625,44723.770999023356,24.013698630136986,2913.204637504906,6781.4505605484255,2995.0529962381133,0.02732784990316095,full_horizon,6.0
New_Zealand,pregnancy_tdap_scaleup,infant_3_11m,31353.834334348736,73966.80550471021,44723.770997849446,24.013698630136986,2919.397207554607,6887.147617719627,2995.0529962381133,0.025260250412440954,full_horizon,7.0
New_Zealand,current,infant_3_11m,32166.364768050775,74941.11159339744,44723.77100470078,24.013698630136986,2995.0529962381133,6977.866552149443,2995.0529962381133,0.0,full_horizon,8.0
New_Zealand,adolescent_booster,infant_3_11m,32168.5644391492,74946.39561372378,44723.77100455208,24.013698630136986,2995.2578105490225,6978.358554331569,2995.0529962381133,-6.838420260546485e-05,full_horizon,9.0
New_Zealand,higher_child_coverage,infant_3_11m,32298.29240925573,75270.5774022054,44723.77101665868,24.013698630136986,3007.3369535352,7008.5435498353045,2995.0529962381133,-0.0041014156719483275,full_horizon,10.0
Sweden,combined_strategy,infant_0_2m,1493.207980365688,1735.7514376579206,16963.625460973155,24.013698630136986,366.55788939080765,426.09830101438945,679.1336044240802,0.46025658721208984,full_horizon,1.0
Sweden,next_generation_vaccine,infant_0_2m,1908.0872453138181,2179.562460490813,16963.625468687685,24.013698630136986,468.4038943633205,535.046574526046,679.1336044240802,0.31029197890960347,full_horizon,2.0
Sweden,maternal_immunization,infant_0_2m,2091.7357526334276,2960.896162945805,16963.62545647245,24.013698630136986,513.486569141061,726.8510902392253,679.1336044240802,0.24390934891742178,full_horizon,3.0
Sweden,pregnancy_tdap_scaleup,infant_0_2m,2224.338308163355,3248.452894114198,16963.62545566676,24.013698630136986,546.0383057870138,797.4415169766397,679.1336044240802,0.19597807820146684,full_horizon,4.0
Sweden,targeted_pep_high_risk,infant_0_2m,2427.461061861545,3272.652124224372,16963.625462480104,24.013698630136986,595.9015857371575,803.3820278442894,679.1336044240802,0.12255617767214633,full_horizon,5.0
Sweden,resistance_guided_treatment,infant_0_2m,2564.60406011146,3507.2411004302326,16963.625450126798,24.013698630136986,629.5679264775974,860.9697464016745,679.1336044240802,0.07298369219781953,full_horizon,6.0
Sweden,cocooning_adjunct,infant_0_2m,2565.365871247937,3509.510534360168,16963.625455422803,24.013698630136986,629.7549383289771,861.5268546687854,679.1336044240802,0.07270832391952864,full_horizon,7.0
Sweden,higher_child_coverage,infant_0_2m,2715.8839386440836,3784.1850538332837,16963.625453309196,24.013698630136986,666.704637210505,928.9549113475443,679.1336044240802,0.018301210737635687,full_horizon,8.0
Sweden,adolescent_booster,infant_0_2m,2762.7202186781456,3870.8296746190817,16963.625454314675,24.013698630136986,678.2021701259995,950.2247342189563,679.1336044240802,0.0013715037689389087,full_horizon,9.0
Sweden,current,infant_0_2m,2766.5145037848492,3877.9495889360633,16963.625454547626,24.013698630136986,679.1336044240802,951.9725555409003,679.1336044240802,0.0,full_horizon,10.0
Sweden,combined_strategy,infant_3_11m,4457.867876081831,5952.554680446363,79853.75293457367,24.013698630136986,232.4731524139012,310.4195076987711,366.6837142377811,0.3660117878506304,full_horizon,1.0
Sweden,next_generation_vaccine,infant_3_11m,4548.8994260557865,5346.395331060923,79853.75296546616,24.013698630136986,237.2203525487474,278.80893080085775,366.6837142377811,0.35306548030950013,full_horizon,2.0
Sweden,maternal_immunization,infant_3_11m,6370.2557606875525,10940.31430782319,79853.75291446036,24.013698630136986,332.202182726977,570.5259614860068,366.6837142377811,0.09403616842509688,full_horizon,3.0
Sweden,targeted_pep_high_risk,infant_3_11m,6391.294502423213,10893.517191243449,79853.7529401462,24.013698630136986,333.2993310214923,568.0855405639617,366.6837142377811,0.09104408491575444,full_horizon,4.0
Sweden,resistance_guided_treatment,infant_3_11m,6407.984304088999,10892.037470397527,79853.75288495781,24.013698630136986,334.1696869727089,568.0083750603403,366.6837142377811,0.0886704972230864,full_horizon,5.0
Sweden,cocooning_adjunct,infant_3_11m,6442.579840578469,10978.905064747445,79853.75290952329,24.013698630136986,335.9738079549746,572.53842917811,366.6837142377811,0.08375039602356671,full_horizon,6.0
Sweden,higher_child_coverage,infant_3_11m,6859.407093661224,11992.032502163152,79853.75289686938,24.013698630136986,357.7109137896216,625.3719666977801,366.6837142377811,0.024470136250286156,full_horizon,7.0
Sweden,pregnancy_tdap_scaleup,infant_3_11m,6925.222203903034,12309.850486593848,79853.75290698031,24.013698630136986,361.1431029847863,641.9458424744477,366.6837142377811,0.015110055445227366,full_horizon,8.0
Sweden,adolescent_booster,infant_3_11m,7018.619638228951,12382.565277725538,79853.75290101436,24.013698630136986,366.01368163764766,645.7378429132909,366.6837142377811,0.0018272766804662277,full_horizon,9.0
Sweden,current,infant_3_11m,7031.468075956088,12414.607665701073,79853.75290195299,24.013698630136986,366.6837142377811,647.4088199632647,366.6837142377811,0.0,full_horizon,10.0
Thailand,combined_strategy,infant_0_2m,609.4341603435076,1267.3865686089896,86555.89802211298,24.013698630136986,29.320479700842792,60.97522025525321,1303.5851443855422,0.9775078138722858,full_horizon,1.0
Thailand,maternal_immunization,infant_0_2m,11155.650772895931,24318.73574315552,86555.89802234502,24.013698630136986,536.7093827676902,1169.9984085295393,1303.5851443855422,0.5882820657482458,full_horizon,2.0
Thailand,next_generation_vaccine,infant_0_2m,11175.854878567072,17093.825976516542,86555.89803464463,24.013698630136986,537.6814221809474,822.4008598387846,1303.5851443855422,0.5875363995234935,full_horizon,3.0
Thailand,resistance_guided_treatment,infant_0_2m,13456.64549837721,20689.519539040863,86555.89809162535,24.013698630136986,647.4125123497362,995.3932297387721,1303.5851443855422,0.503360010553894,full_horizon,4.0
Thailand,pregnancy_tdap_scaleup,infant_0_2m,14724.628813841804,32121.35672765367,86555.89801861356,24.013698630136986,708.4164432344944,1545.3902147590861,1303.5851443855422,0.45656296691811904,full_horizon,5.0
Thailand,cocooning_adjunct,infant_0_2m,20605.1894982158,31797.264562538745,86555.89802359293,24.013698630136986,991.3360289216376,1529.79782033683,1303.5851443855422,0.23953104774838951,full_horizon,6.0
Thailand,adolescent_booster,infant_0_2m,24038.01045464761,37097.020242234365,86555.89811893448,24.013698630136986,1156.4924361943897,1784.7743013689917,1303.5851443855422,0.1128370546601205,full_horizon,7.0
Thailand,higher_child_coverage,infant_0_2m,26436.670455413987,40788.67022002486,86555.89811580467,24.013698630136986,1271.894339119244,1962.383229784785,1303.5851443855422,0.024310498936558456,full_horizon,8.0
Thailand,targeted_pep_high_risk,infant_0_2m,26736.372000340885,41188.37522034754,86555.89801184171,24.013698630136986,1286.3132781420447,1981.6134347006505,1303.5851443855422,0.013249511409274883,full_horizon,9.0
Thailand,current,infant_0_2m,27095.372445761568,41803.96104049266,86555.89800880507,24.013698630136986,1303.5851443855422,2011.2298769077324,1303.5851443855422,0.0,full_horizon,10.0
Thailand,combined_strategy,infant_3_11m,3384.41576208228,6956.6872560439115,409153.7994995753,24.013698630136986,34.445941884889265,70.80384378827173,830.491518147935,0.9585234272329396,full_horizon,1.0
Thailand,next_generation_vaccine,infant_3_11m,31064.309646576156,56623.77667501164,409153.79954985547,24.013698630136986,316.1666532336218,576.3060621165174,830.491518147935,0.6193017672971548,full_horizon,2.0
Thailand,resistance_guided_treatment,infant_3_11m,42581.25639217805,91543.13775554138,409153.7997966432,24.013698630136986,433.38395312967305,931.7086972961775,830.491518147935,0.4781596877760351,full_horizon,3.0
Thailand,maternal_immunization,infant_3_11m,61466.580969424926,135981.29656471842,409153.7995135174,24.013698630136986,625.5952059982253,1383.9918520704193,830.491518147935,0.2467169232584645,full_horizon,4.0
Thailand,cocooning_adjunct,infant_3_11m,62939.08169503871,136810.00164682654,409153.79952829727,24.013698630136986,640.582039149215,1392.4262552092468,830.491518147935,0.22867118429124222,full_horizon,5.0
Thailand,adolescent_booster,infant_3_11m,72655.26916532131,158289.77400832518,409153.7999105132,24.013698630136986,739.4715521730894,1611.0433038617475,830.491518147935,0.10959770688306081,full_horizon,6.0
Thailand,higher_child_coverage,infant_3_11m,78678.76460297537,173539.69888960788,409153.7999009809,24.013698630136986,800.77754653958,1766.2541475490123,830.491518147935,0.03577877793938178,full_horizon,7.0
Thailand,pregnancy_tdap_scaleup,infant_3_11m,80075.11954877868,177602.63331784992,409153.79949808517,24.013698630136986,814.9893831943982,1807.6059254990278,830.491518147935,0.018666217071196423,full_horizon,8.0
Thailand,targeted_pep_high_risk,infant_3_11m,80963.36826405347,175981.46451024475,409153.79948225257,24.013698630136986,824.0298102236374,1791.105976845072,830.491518147935,0.007780582682780257,full_horizon,9.0
Thailand,current,infant_3_11m,81598.25019044425,177841.86673307494,409153.79945200117,24.013698630136986,830.491518147935,1810.0407980404275,830.491518147935,0.0,full_horizon,10.0
United_Kingdom,combined_strategy,infant_0_2m,12972.337414705076,28193.919972732543,119607.91698447498,24.013698630136986,451.64712835576785,981.6043620899356,3289.7828529170224,0.8627121762899043,full_horizon,1.0
United_Kingdom,next_generation_vaccine,infant_0_2m,49260.87646599281,80863.31794179698,119607.91693887638,24.013698630136986,1715.0751397674458,2815.35117258478,3289.7828529170224,0.4786661562641731,full_horizon,2.0
United_Kingdom,maternal_immunization,infant_0_2m,54976.57993702245,120633.0906201461,119607.91690871338,24.013698630136986,1914.074054453644,4199.982413039907,3289.7828529170224,0.4181761714891149,full_horizon,3.0
United_Kingdom,pregnancy_tdap_scaleup,infant_0_2m,58288.911514169326,128046.1915992152,119607.91692703648,24.013698630136986,2029.3967595352524,4458.078209937227,3289.7828529170224,0.3831213638505643,full_horizon,4.0
United_Kingdom,resistance_guided_treatment,infant_0_2m,66601.86408800614,116021.18367791077,119607.91694365354,24.013698630136986,2318.8219445060813,4039.4134672329455,3289.7828529170224,0.29514437633778723,full_horizon,5.0
United_Kingdom,cocooning_adjunct,infant_0_2m,87771.48635046816,153445.1849741539,119607.91698365448,24.013698630136986,3055.8671498200165,5342.3739252659,3289.7828529170224,0.07110369089850255,full_horizon,6.0
United_Kingdom,targeted_pep_high_risk,infant_0_2m,91245.15523943666,159539.69633992022,119607.91695875322,24.013698630136986,3176.807003371265,5554.561481301862,3289.7828529170224,0.034341430604023726,full_horizon,7.0
United_Kingdom,current,infant_0_2m,94490.07973199902,165260.21218961175,119607.9169281808,24.013698630136986,3289.7828529170224,5753.727945545375,3289.7828529170224,0.0,full_horizon,8.0
United_Kingdom,adolescent_booster,infant_0_2m,94825.4640785866,165847.52521422997,119607.91692935754,24.013698630136986,3301.4596519270444,5774.175936676255,3289.7828529170224,-0.0035494132993210137,full_horizon,9.0
United_Kingdom,higher_child_coverage,infant_0_2m,98552.1013906357,172352.6590011482,119607.9169477281,24.013698630136986,3431.2068964322407,6000.659791505633,3289.7828529170224,-0.04298886882148434,full_horizon,10.0
United_Kingdom,combined_strategy,infant_3_11m,68052.32169991599,148735.09676658208,563189.8730370114,24.013698630136986,503.18658402001773,1099.764172571288,2115.483733319413,0.7621411235195528,full_horizon,1.0
United_Kingdom,next_generation_vaccine,infant_3_11m,143926.74698740378,275527.5083055162,563189.8728542592,24.013698630136986,1064.2106893657246,2037.2816428533322,2115.483733319413,0.49694215436208167,full_horizon,2.0
United_Kingdom,resistance_guided_treatment,infant_3_11m,222658.52391539898,505063.1772828514,563189.8728744445,24.013698630136986,1646.3623765595612,3734.494409834767,2115.483733319413,0.22175606901205147,full_horizon,3.0
United_Kingdom,maternal_immunization,infant_3_11m,267735.86327438144,628039.1620375605,563189.8727174137,24.013698630136986,1979.6693363557067,4643.792788574316,2115.483733319413,0.06420016132697914,full_horizon,4.0
United_Kingdom,cocooning_adjunct,infant_3_11m,270867.70253304276,627584.3404063745,563189.8730258495,24.013698630136986,2002.8265099120292,4640.429783311687,2115.483733319413,0.05325364673478872,full_horizon,5.0
United_Kingdom,targeted_pep_high_risk,infant_3_11m,276505.204234633,643046.5602330707,563189.8729441284,24.013698630136986,2044.510837103453,4754.759190872183,2115.483733319413,0.033549251690343396,full_horizon,6.0
United_Kingdom,pregnancy_tdap_scaleup,infant_3_11m,278057.73272531544,655625.3945571341,563189.8728063082,24.013698630136986,2055.990409330731,4847.768519549684,2115.483733319413,0.028122799079778882,full_horizon,7.0
United_Kingdom,current,infant_3_11m,286103.7716131459,666143.7761766957,563189.8728119532,24.013698630136986,2115.483733319413,4925.542626048405,2115.483733319413,0.0,full_horizon,8.0
United_Kingdom,adolescent_booster,infant_3_11m,287240.94602768833,668777.1279321647,563189.8728170375,24.013698630136986,2123.8921298842743,4945.013927522764,2115.483733319413,-0.00397469213893098,full_horizon,9.0
United_Kingdom,higher_child_coverage,infant_3_11m,299487.03770861786,696965.435097868,563189.8728990236,24.013698630136986,2214.4411202356137,5153.4414666896055,2115.483733319413,-0.04677766383054438,full_horizon,10.0
United_States,combined_strategy,infant_0_2m,42107.34352185559,91164.3654434259,641549.4440550874,24.013698630136986,273.3182645422288,591.7468086809542,1956.0683438230444,0.8602716181132808,full_horizon,1.0
United_States,next_generation_vaccine,infant_0_2m,126720.98380100685,207284.7196691057,641549.4439967993,24.013698630136986,822.5443943939296,1345.482642993696,1956.0683438230444,0.579490973824409,full_horizon,2.0
United_States,maternal_immunization,infant_0_2m,171125.25312530147,373347.5374190085,641549.4439374116,24.013698630136986,1110.7719770509743,2423.394412526419,1956.0683438230444,0.43214050748348487,full_horizon,3.0
United_States,pregnancy_tdap_scaleup,infant_0_2m,187791.91974381392,410165.8977233305,641549.4440770897,24.013698630136986,1218.9551110255022,2662.38194955503,1956.0683438230444,0.3768340892204659,full_horizon,4.0
United_States,resistance_guided_treatment,infant_0_2m,212430.10306749924,368577.8699347577,641549.4440071733,24.013698630136986,1378.88126523906,2392.4345575131074,1956.0683438230444,0.2950751083962123,full_horizon,5.0
United_States,cocooning_adjunct,infant_0_2m,274554.8844336843,476723.7120028338,641549.4438310725,24.013698630136986,1782.132480579304,3094.40792931073,1956.0683438230444,0.08892115850297488,full_horizon,6.0
United_States,targeted_pep_high_risk,infant_0_2m,291841.33527023596,506927.92234621156,641549.4440414371,24.013698630136986,1894.3386261838846,3290.463097362037,1956.0683438230444,0.03155805768959585,full_horizon,7.0
United_States,current,infant_0_2m,301351.4001497976,523408.29874902713,641549.4440607685,24.013698630136986,1956.0683438230444,3397.4370239140044,1956.0683438230444,0.0,full_horizon,8.0
United_States,adolescent_booster,infant_0_2m,301372.5840811178,523445.3964477896,641549.4440609729,24.013698630136986,1956.2058484679362,3397.6778246330846,1956.0683438230444,-7.029644200629015e-05,full_horizon,9.0
United_States,higher_child_coverage,infant_0_2m,302014.0865104857,524564.2558846673,641549.4440854792,24.013698630136986,1960.369833010174,3404.9403277619244,1956.0683438230444,-0.002199048515208135,full_horizon,10.0
United_States,combined_strategy,infant_3_11m,218603.7391287522,486214.99075700826,3022297.2780734673,24.013698630136986,301.20442660649604,669.9341378245681,1265.0278052011035,0.7618989674629222,full_horizon,1.0
United_States,next_generation_vaccine,infant_3_11m,371889.4907290182,717460.6748869026,3022297.2779548196,24.013698630136986,512.4100862448616,988.5573415248119,1265.0278052011035,0.59494164148953,full_horizon,2.0
United_States,resistance_guided_treatment,infant_3_11m,696864.7041245117,1616289.691084771,3022297.2779399054,24.013698630136986,960.1790640633998,2227.0141013825946,1265.0278052011035,0.24098185026790098,full_horizon,3.0
United_States,maternal_immunization,infant_3_11m,835014.7476948528,1992535.2755836095,3022297.2776914006,24.013698630136986,1150.5299009138068,2745.4262568572435,1265.0278052011035,0.09051018785242815,full_horizon,4.0
United_States,cocooning_adjunct,infant_3_11m,848838.8615400547,1999574.5703473866,3022297.2772011873,24.013698630136986,1169.5775363416299,2755.1253903187535,1265.0278052011035,0.07545309950266255,full_horizon,5.0
United_States,targeted_pep_high_risk,infant_3_11m,893314.2411063324,2109799.2188393394,3022297.278001472,24.013698630136986,1230.8581950640098,2906.9990591798246,1265.0278052011035,0.02701095580398072,full_horizon,6.0
United_States,pregnancy_tdap_scaleup,infant_3_11m,903170.9721074749,2163672.361867282,3022297.2783580218,24.013698630136986,1244.4393487497775,2981.22848061331,1265.0278052011035,0.016275101912129886,full_horizon,7.0
United_States,current,infant_3_11m,918113.3605971838,2170478.031985209,3022297.278288089,24.013698630136986,1265.0278052011035,2990.6057126252012,1265.0278052011035,0.0,full_horizon,8.0
United_States,adolescent_booster,infant_3_11m,918160.1840494234,2170593.8016181174,3022297.278289065,24.013698630136986,1265.0923211652378,2990.765226482668,1265.0278052011035,-5.099964116905831e-05,full_horizon,9.0
United_States,higher_child_coverage,infant_3_11m,919798.1852126232,2174673.848178725,3022297.2784050475,24.013698630136986,1267.3492504951828,2996.386942124354,1265.0278052011035,-0.0018350942837261908,full_horizon,10.0
