country,scenario,intervention,utility_scenario,total_qaly_like_loss,total_qaly_like_loss_per_100k_year,qaly_like_loss_averted_vs_current,qaly_like_loss_averted_vs_current_per_100k_year,relative_qaly_like_loss_reduction_vs_current,infant_life_years_lost,acute_illness_qaly_loss,hospitalization_qaly_loss,infant_life_years_lost_share,acute_illness_qaly_loss_share,hospitalization_qaly_loss_share,estimated_total_hospitalizations,estimated_infant_hospitalizations,estimated_noninfant_hospitalizations,total_symptomatic_cases,total_infant_cases,total_deaths,total_infant_deaths,infant_life_years_lost_per_death,acute_illness_disutility,acute_illness_duration_days,infant_hospitalization_probability_per_case,noninfant_hospitalization_probability_per_case,hospitalization_excess_disutility,hospitalization_duration_days,method_note
Australia,adolescent_booster,adolescent_booster,central_exploratory,38360.34274660143,4.98298114265932,-2.5925575046494487,-0.0003367700590626299,-6.758888339031266e-05,25134.79682582507,12741.1879202201,484.35800055626504,0.6552286821799033,0.332144788287871,0.012626529532225756,126365.54264512556,84148.11321003949,42217.429435086065,4432113.226533705,210370.2830250987,369.66003823954543,359.06852608321526,70.0,0.05,21.0,0.4,0.01,0.2,7.0,"Exploratory health-utility burden only: infant mortality is counted as undiscounted life-years lost, acute illness uses symptomatic cases, and hospitalizations are imputed from cases because the model summary has no hospitalization/admission columns. No costs, discounting, age weighting, or formal cost-effectiveness decision rule is applied."
Australia,cocooning_adjunct,cocooning_adjunct,central_exploratory,37217.44690122836,4.834519788454016,1140.3032878684244,0.14812458414624086,0.02972810663417258,24094.22256766611,12651.939201102505,471.28513245974204,0.6473905271258916,0.3399464566895084,0.012663016184599899,122954.92473637199,80968.46206707077,41986.46266930123,4401067.422097799,202421.1551676769,354.8361559128335,344.2031795380873,70.0,0.05,21.0,0.4,0.01,0.2,7.0,"Exploratory health-utility burden only: infant mortality is counted as undiscounted life-years lost, acute illness uses symptomatic cases, and hospitalizations are imputed from cases because the model summary has no hospitalization/admission columns. No costs, discounting, age weighting, or formal cost-effectiveness decision rule is applied."
Australia,combined_strategy,combined_strategy,central_exploratory,14430.375735357378,1.8744955078942205,23927.374453739405,3.1081488647060365,0.6237950436556308,6025.5944048509355,8189.055248900469,215.72608160597252,0.41756323711564863,0.5674873197400956,0.014949443144255725,56281.39379041533,28507.877102151047,27773.516688264284,2848621.361581806,71269.69275537762,92.19211133950458,86.07992006929908,70.0,0.05,21.0,0.4,0.01,0.2,7.0,"Exploratory health-utility burden only: infant mortality is counted as undiscounted life-years lost, acute illness uses symptomatic cases, and hospitalizations are imputed from cases because the model summary has no hospitalization/admission columns. No costs, discounting, age weighting, or formal cost-effectiveness decision rule is applied."
Australia,current,current,central_exploratory,38357.75018909678,4.982644372600257,0.0,0.0,0.0,25133.656959994485,12739.767714732254,484.325514370048,0.6552432516529278,0.3321302123280823,0.012626536018989921,126357.06723118573,84144.4874380322,42212.579793153534,4431619.197910434,210361.21859508049,369.6428620719051,359.0522422856355,70.0,0.05,21.0,0.4,0.01,0.2,7.0,"Exploratory health-utility burden only: infant mortality is counted as undiscounted life-years lost, acute illness uses symptomatic cases, and hospitalizations are imputed from cases because the model summary has no hospitalization/admission columns. No costs, discounting, age weighting, or formal cost-effectiveness decision rule is applied."
Australia,higher_child_coverage,higher_child_coverage,central_exploratory,38422.68923650635,4.991079898098271,-64.9390474095635,-0.008435525498014407,-0.0016929837409500603,25177.36374538128,12760.237943155504,485.0875479695623,0.6552733357731672,0.33210163569268564,0.01262502853414718,126555.87635420187,84275.36125473649,42280.515099465374,4438739.913083378,210688.4031368412,370.28178847047633,359.6766249340183,70.0,0.05,21.0,0.4,0.01,0.2,7.0,"Exploratory health-utility burden only: infant mortality is counted as undiscounted life-years lost, acute illness uses symptomatic cases, and hospitalizations are imputed from cases because the model summary has no hospitalization/admission columns. No costs, discounting, age weighting, or formal cost-effectiveness decision rule is applied."
Australia,maternal_adult_boosting_only,maternal_adult_boosting_only,central_exploratory,38341.91822966207,4.9805878095208325,15.83195943471219,0.0020565630794244782,0.00041274473494046227,25181.30273184607,12676.16328202287,484.452215793133,0.6567564664087493,0.33060847936961946,0.012635054221631277,126390.12272745842,84405.31621611018,41984.80651134824,4409493.941675099,211013.29054027543,370.3731085453288,359.73289616922955,70.0,0.05,21.0,0.4,0.01,0.2,7.0,"Exploratory health-utility burden only: infant mortality is counted as undiscounted life-years lost, acute illness uses symptomatic cases, and hospitalizations are imputed from cases because the model summary has no hospitalization/admission columns. No costs, discounting, age weighting, or formal cost-effectiveness decision rule is applied."
Australia,maternal_cocooning_only,maternal_cocooning_only,central_exploratory,37213.56814518817,4.834015940579282,1144.182043908615,0.14862843202097498,0.02982922716447145,24028.571642588915,12714.03354852629,470.96295407296685,0.6456938380335314,0.34165048347212185,0.012655678494346794,122870.87069653653,80660.7147207532,42210.15597578333,4422667.384380216,201651.786801883,353.8465499213109,343.26530917984167,70.0,0.05,21.0,0.4,0.01,0.2,7.0,"Exploratory health-utility burden only: infant mortality is counted as undiscounted life-years lost, acute illness uses symptomatic cases, and hospitalizations are imputed from cases because the model summary has no hospitalization/admission columns. No costs, discounting, age weighting, or formal cost-effectiveness decision rule is applied."
Australia,maternal_direct_antibody_only,maternal_direct_antibody_only,central_exploratory,29429.502563770628,3.822871377603156,8928.247625326156,1.159772994997101,0.23276254684676523,16297.591359512811,12678.554648052172,453.3565562056462,0.5537841261230172,0.4308110414227723,0.015404832454210544,118277.48725293732,76076.13261399134,42201.35463894598,4410325.795429576,190190.33153497835,243.3963674202521,232.82273370732588,70.0,0.05,21.0,0.4,0.01,0.2,7.0,"Exploratory health-utility burden only: infant mortality is counted as undiscounted life-years lost, acute illness uses symptomatic cases, and hospitalizations are imputed from cases because the model summary has no hospitalization/admission columns. No costs, discounting, age weighting, or formal cost-effectiveness decision rule is applied."
Australia,maternal_immunization,maternal_immunization,central_exploratory,28646.126020066327,3.7211113236279876,9711.624169030456,1.2615330489722694,0.2531854480816498,15622.191891476528,12582.716609442856,441.2175191469442,0.5453509448549286,0.4392467100308358,0.01540234511423554,115110.49919172953,73169.8673849338,41940.631806795725,4376987.849141907,182924.6684623345,233.78152318521077,223.1741698782361,70.0,0.05,21.0,0.4,0.01,0.2,7.0,"Exploratory health-utility burden only: infant mortality is counted as undiscounted life-years lost, acute illness uses symptomatic cases, and hospitalizations are imputed from cases because the model summary has no hospitalization/admission columns. No costs, discounting, age weighting, or formal cost-effectiveness decision rule is applied."
Australia,next_generation_vaccine,next_generation_vaccine,central_exploratory,23641.048398652565,3.0709553136341095,14716.701790444218,1.9116890589661475,0.3836695770188172,13654.777626988993,9702.879024048887,283.3917476146852,0.5775876516443854,0.41042507339065,0.011987274964964635,73934.88272590269,41213.05125944739,32721.831466455304,3375215.7747941487,103032.62814861847,202.9753159518409,195.06825181412847,70.0,0.05,21.0,0.4,0.01,0.2,7.0,"Exploratory health-utility burden only: infant mortality is counted as undiscounted life-years lost, acute illness uses symptomatic cases, and hospitalizations are imputed from cases because the model summary has no hospitalization/admission columns. No costs, discounting, age weighting, or formal cost-effectiveness decision rule is applied."
Australia,pregnancy_tdap_scaleup,pregnancy_tdap_scaleup,central_exploratory,29429.502563770628,3.822871377603156,8928.247625326156,1.159772994997101,0.23276254684676523,16297.591359512811,12678.554648052172,453.3565562056462,0.5537841261230172,0.4308110414227723,0.015404832454210544,118277.48725293732,76076.13261399134,42201.35463894598,4410325.795429576,190190.33153497835,243.3963674202521,232.82273370732588,70.0,0.05,21.0,0.4,0.01,0.2,7.0,"Exploratory health-utility burden only: infant mortality is counted as undiscounted life-years lost, acute illness uses symptomatic cases, and hospitalizations are imputed from cases because the model summary has no hospitalization/admission columns. No costs, discounting, age weighting, or formal cost-effectiveness decision rule is applied."
Australia,resistance_guided_treatment,resistance_guided_treatment,central_exploratory,29565.56688200396,3.8405460351154628,8792.183307092822,1.1420983374847942,0.2292153023508664,18132.27946461606,11052.828520944084,380.4588964438188,0.6132904380620166,0.37384125138056273,0.01286831055742068,99259.00851864628,62370.21027773415,36888.79824091213,3844805.3497855486,155925.52569433537,267.6886862573596,259.0325637802294,70.0,0.05,21.0,0.4,0.01,0.2,7.0,"Exploratory health-utility burden only: infant mortality is counted as undiscounted life-years lost, acute illness uses symptomatic cases, and hospitalizations are imputed from cases because the model summary has no hospitalization/admission columns. No costs, discounting, age weighting, or formal cost-effectiveness decision rule is applied."
Australia,targeted_pep_high_risk,targeted_pep_high_risk,central_exploratory,37834.19360907574,4.914634745385298,523.5565800210461,0.06800962721495907,0.013649303659365009,24636.453149975838,12719.735970378215,478.00448872168687,0.6511689770511192,0.3361968303541953,0.012634192594685624,124707.95678971152,82524.5606812119,42183.39610849963,4424651.012552993,206311.40170302973,362.4614597491695,351.9493307139405,70.0,0.05,21.0,0.4,0.01,0.2,7.0,"Exploratory health-utility burden only: infant mortality is counted as undiscounted life-years lost, acute illness uses symptomatic cases, and hospitalizations are imputed from cases because the model summary has no hospitalization/admission columns. No costs, discounting, age weighting, or formal cost-effectiveness decision rule is applied."
Australia,transmission_blocking_vaccine,transmission_blocking_vaccine,central_exploratory,25912.11336340286,3.36596503160898,12445.636825693924,1.616679340991277,0.3244621168952606,15382.617780845936,10203.785672818249,325.70990973867407,0.5936458198184512,0.3937843868508862,0.012569793330662583,84975.38895146479,50749.52989408486,34225.85905737992,3549459.7304732045,126873.82473521214,227.78440263521708,219.75168258351337,70.0,0.05,21.0,0.4,0.01,0.2,7.0,"Exploratory health-utility burden only: infant mortality is counted as undiscounted life-years lost, acute illness uses symptomatic cases, and hospitalizations are imputed from cases because the model summary has no hospitalization/admission columns. No costs, discounting, age weighting, or formal cost-effectiveness decision rule is applied."
Brazil,adolescent_booster,adolescent_booster,central_exploratory,81272.01121509532,1.4379001716294408,364.2132105905039,0.006443819909553783,0.004461416646259209,39664.99616388365,40541.6371664662,1065.3778847454878,0.48805235124434004,0.49883885682573176,0.01310879192992835,277949.4802880639,140433.33289567693,137516.14739238692,14102698.071477884,351083.3322391923,598.0743743324274,566.642802341195,70.0,0.05,21.0,0.4,0.01,0.2,7.0,"Exploratory health-utility burden only: infant mortality is counted as undiscounted life-years lost, acute illness uses symptomatic cases, and hospitalizations are imputed from cases because the model summary has no hospitalization/admission columns. No costs, discounting, age weighting, or formal cost-effectiveness decision rule is applied."
Brazil,cocooning_adjunct,cocooning_adjunct,central_exploratory,64181.86921854423,1.1355338617125164,17454.355207141598,0.30881012982647826,0.213806497421135,30487.580027959244,32851.39256039138,842.8966301936049,0.47501857454706836,0.5118484855673158,0.013132939885615931,219905.7101272958,108338.25084916345,111567.45927813236,11427591.554936145,270845.6271229086,462.1465909290749,435.5368575422749,70.0,0.05,21.0,0.4,0.01,0.2,7.0,"Exploratory health-utility burden only: infant mortality is counted as undiscounted life-years lost, acute illness uses symptomatic cases, and hospitalizations are imputed from cases because the model summary has no hospitalization/admission columns. No costs, discounting, age weighting, or formal cost-effectiveness decision rule is applied."
Brazil,combined_strategy,combined_strategy,central_exploratory,409.85667348559844,0.0072513645494787695,81226.36775220023,1.437092626989516,0.99497947539381,139.52068300336944,264.29028807805986,6.045702404169108,0.34041334941999407,0.6448358784314061,0.014750772148599753,1577.2805736591188,674.797875591659,902.4826980674598,91935.26449572512,1686.9946889791474,2.212213971327357,1.9931526143338492,70.0,0.05,21.0,0.4,0.01,0.2,7.0,"Exploratory health-utility burden only: infant mortality is counted as undiscounted life-years lost, acute illness uses symptomatic cases, and hospitalizations are imputed from cases because the model summary has no hospitalization/admission columns. No costs, discounting, age weighting, or formal cost-effectiveness decision rule is applied."
Brazil,current,current,central_exploratory,81636.22442568582,1.4443439915389946,0.0,0.0,0.0,39864.798040870955,40701.765573567944,1069.660811246919,0.4883224122786354,0.4985748160195615,0.013102771701803047,279066.8652199551,141008.06810597898,138058.79711397615,14158399.881662562,352520.17026494746,600.462897945604,569.4971148695851,70.0,0.05,21.0,0.4,0.01,0.2,7.0,"Exploratory health-utility burden only: infant mortality is counted as undiscounted life-years lost, acute illness uses symptomatic cases, and hospitalizations are imputed from cases because the model summary has no hospitalization/admission columns. No costs, discounting, age weighting, or formal cost-effectiveness decision rule is applied."
Brazil,higher_child_coverage,higher_child_coverage,central_exploratory,82220.51051950813,1.4546814385139692,-584.2860938223021,-0.010337446974974629,-0.007157191527814799,40170.43951370327,40972.87878969783,1077.192216107027,0.48856957053522787,0.4983291703105682,0.013101259154203937,281031.75495220826,142056.07122876422,138975.68372344406,14252708.550416317,355140.1780719105,604.9715809020311,573.8634216243324,70.0,0.05,21.0,0.4,0.01,0.2,7.0,"Exploratory health-utility burden only: infant mortality is counted as undiscounted life-years lost, acute illness uses symptomatic cases, and hospitalizations are imputed from cases because the model summary has no hospitalization/admission columns. No costs, discounting, age weighting, or formal cost-effectiveness decision rule is applied."
Brazil,maternal_adult_boosting_only,maternal_adult_boosting_only,central_exploratory,66181.58793762037,1.1709137650034924,15454.636488065458,0.2734302265355022,0.18931101477058077,32318.118626355317,32994.7041590166,868.7651522484462,0.4883249198676956,0.49854808848219,0.013126991650114274,226654.62275624642,114748.91033284552,111905.71242340088,11477443.5181722,286872.2758321138,488.3791660283624,461.6874089479331,70.0,0.05,21.0,0.4,0.01,0.2,7.0,"Exploratory health-utility burden only: infant mortality is counted as undiscounted life-years lost, acute illness uses symptomatic cases, and hospitalizations are imputed from cases because the model summary has no hospitalization/admission columns. No costs, discounting, age weighting, or formal cost-effectiveness decision rule is applied."
Brazil,maternal_cocooning_only,maternal_cocooning_only,central_exploratory,79088.90810800866,1.399275751007886,2547.316317677163,0.045068240531108694,0.031203259773435632,37505.37657930294,40546.59573916938,1036.9357895363507,0.47421790838335126,0.51267107751439,0.013111014102258785,270529.1408058229,132805.03727355108,137724.10353227187,14104422.946411064,332012.59318387765,566.6819384481275,535.791093990042,70.0,0.05,21.0,0.4,0.01,0.2,7.0,"Exploratory health-utility burden only: infant mortality is counted as undiscounted life-years lost, acute illness uses symptomatic cases, and hospitalizations are imputed from cases because the model summary has no hospitalization/admission columns. No costs, discounting, age weighting, or formal cost-effectiveness decision rule is applied."
Brazil,maternal_direct_antibody_only,maternal_direct_antibody_only,central_exploratory,67811.95480310073,1.1997589323914504,13824.269622585096,0.24458505914754425,0.16933989438927877,26321.03865483202,40471.92967590965,1018.9864723590589,0.3881474694433743,0.5968258811211714,0.015026649435454195,265846.2921636759,128268.5065988764,137577.7855647995,14078449.82297714,320671.266497191,406.8732486915835,376.0148379261717,70.0,0.05,21.0,0.4,0.01,0.2,7.0,"Exploratory health-utility burden only: infant mortality is counted as undiscounted life-years lost, acute illness uses symptomatic cases, and hospitalizations are imputed from cases because the model summary has no hospitalization/admission columns. No costs, discounting, age weighting, or formal cost-effectiveness decision rule is applied."
Brazil,maternal_immunization,maternal_immunization,central_exploratory,53560.16889569457,0.9476100677109321,28076.055529991252,0.4967339238280625,0.34391663415974283,20122.713012799904,32634.416897553325,803.0389853413471,0.3757029417137903,0.6093038459439332,0.0149932123422766,209507.13528280501,98447.16417937168,111059.97110343333,11352115.020791763,246117.9104484292,313.95552279103424,287.4673287542843,70.0,0.05,21.0,0.4,0.01,0.2,7.0,"Exploratory health-utility burden only: infant mortality is counted as undiscounted life-years lost, acute illness uses symptomatic cases, and hospitalizations are imputed from cases because the model summary has no hospitalization/admission columns. No costs, discounting, age weighting, or formal cost-effectiveness decision rule is applied."
Brazil,next_generation_vaccine,next_generation_vaccine,central_exploratory,2774.3573984171007,0.04908515144413529,78861.86702726873,1.3952588400948593,0.9660156086598221,1203.0364109442678,1536.4399472526682,34.881040220164664,0.433627048782776,0.5538002955672828,0.012572655649941105,9100.214243153674,3851.895529153589,5248.3187140000855,534461.6102228925,9629.738822883972,18.555136049070185,17.186234442060968,70.0,0.05,21.0,0.4,0.01,0.2,7.0,"Exploratory health-utility burden only: infant mortality is counted as undiscounted life-years lost, acute illness uses symptomatic cases, and hospitalizations are imputed from cases because the model summary has no hospitalization/admission columns. No costs, discounting, age weighting, or formal cost-effectiveness decision rule is applied."
Brazil,pregnancy_tdap_scaleup,pregnancy_tdap_scaleup,central_exploratory,67811.95480310073,1.1997589323914504,13824.269622585096,0.24458505914754425,0.16933989438927877,26321.03865483202,40471.92967590965,1018.9864723590589,0.3881474694433743,0.5968258811211714,0.015026649435454195,265846.2921636759,128268.5065988764,137577.7855647995,14078449.82297714,320671.266497191,406.8732486915835,376.0148379261717,70.0,0.05,21.0,0.4,0.01,0.2,7.0,"Exploratory health-utility burden only: infant mortality is counted as undiscounted life-years lost, acute illness uses symptomatic cases, and hospitalizations are imputed from cases because the model summary has no hospitalization/admission columns. No costs, discounting, age weighting, or formal cost-effectiveness decision rule is applied."
Brazil,resistance_guided_treatment,resistance_guided_treatment,central_exploratory,34371.378765079855,0.608113551954608,47264.84566060597,0.8362304395843866,0.5789690299020575,15484.474514125108,18433.390061383365,453.5141895713833,0.45050489885662676,0.5363005711051387,0.01319453003823455,118318.61267210553,55586.408895245986,62732.20377685955,6412186.39992407,138966.02223811497,235.1648172827968,221.20677877321583,70.0,0.05,21.0,0.4,0.01,0.2,7.0,"Exploratory health-utility burden only: infant mortality is counted as undiscounted life-years lost, acute illness uses symptomatic cases, and hospitalizations are imputed from cases because the model summary has no hospitalization/admission columns. No costs, discounting, age weighting, or formal cost-effectiveness decision rule is applied."
Brazil,targeted_pep_high_risk,targeted_pep_high_risk,central_exploratory,75515.35904436866,1.3360509490980328,6120.8653813171695,0.10829304244096183,0.07497732072223706,36615.11330071493,37909.61526262969,990.6304810240321,0.48486975052587533,0.5020119846130386,0.013118264861085973,258448.41656716267,129822.67902199352,128625.73754516916,13187130.4520719,324556.6975549838,551.8807566521666,523.0730471530704,70.0,0.05,21.0,0.4,0.01,0.2,7.0,"Exploratory health-utility burden only: infant mortality is counted as undiscounted life-years lost, acute illness uses symptomatic cases, and hospitalizations are imputed from cases because the model summary has no hospitalization/admission columns. No costs, discounting, age weighting, or formal cost-effectiveness decision rule is applied."
Brazil,transmission_blocking_vaccine,transmission_blocking_vaccine,central_exploratory,24731.688588362227,0.43756391322847243,56904.535837323594,1.006780078310522,0.6970500686141395,11036.598926473298,13372.528895501084,322.56076638784344,0.4462533517289512,0.5407042405423816,0.013042407728667101,84153.79994511415,38601.5415399777,45552.25840513646,4651729.69436359,96503.85384994424,168.50415649753884,157.66569894961853,70.0,0.05,21.0,0.4,0.01,0.2,7.0,"Exploratory health-utility burden only: infant mortality is counted as undiscounted life-years lost, acute illness uses symptomatic cases, and hospitalizations are imputed from cases because the model summary has no hospitalization/admission columns. No costs, discounting, age weighting, or formal cost-effectiveness decision rule is applied."
China,adolescent_booster,adolescent_booster,central_exploratory,137499.31084066335,0.3936859426544026,46736.23064907448,0.1338144672051388,0.25367651795719204,62616.288962401115,73209.6890906851,1673.332787577146,0.4553934749168451,0.5324367710869605,0.012169753996194452,436560.5719018233,186559.42475524993,250001.14714657332,25466513.276545458,466398.5618881248,971.7528020334234,894.5184137485874,70.0,0.05,21.0,0.4,0.01,0.2,7.0,"Exploratory health-utility burden only: infant mortality is counted as undiscounted life-years lost, acute illness uses symptomatic cases, and hospitalizations are imputed from cases because the model summary has no hospitalization/admission columns. No costs, discounting, age weighting, or formal cost-effectiveness decision rule is applied."
China,cocooning_adjunct,cocooning_adjunct,central_exploratory,100738.50538531707,0.28843296157238396,83497.03610442077,0.23906744828715742,0.45320808042389404,44418.70843578031,55090.29086208463,1229.5060874521344,0.4409307867521178,0.5468642864152936,0.012204926832588668,320769.3560299229,132444.96845680583,188324.38757311707,19163551.17845372,331112.42114201456,691.942913970653,634.5529776540044,70.0,0.05,21.0,0.4,0.01,0.2,7.0,"Exploratory health-utility burden only: infant mortality is counted as undiscounted life-years lost, acute illness uses symptomatic cases, and hospitalizations are imputed from cases because the model summary has no hospitalization/admission columns. No costs, discounting, age weighting, or formal cost-effectiveness decision rule is applied."
China,combined_strategy,combined_strategy,central_exploratory,514.8753457541117,0.0014741832853139166,183720.66614398372,0.5260262265742275,0.9972053419139933,152.35836228810552,355.03235232816377,7.484631137842411,0.2959131050739165,0.6895501119949062,0.014536782931177357,1952.6868022121005,736.0834924972771,1216.6033097148234,123500.53970272554,1840.2087312431927,2.5658477577901357,2.1765480326872217,70.0,0.05,21.0,0.4,0.01,0.2,7.0,"Exploratory health-utility burden only: infant mortality is counted as undiscounted life-years lost, acute illness uses symptomatic cases, and hospitalizations are imputed from cases because the model summary has no hospitalization/admission columns. No costs, discounting, age weighting, or formal cost-effectiveness decision rule is applied."
China,current,current,central_exploratory,184235.54148973784,0.5275004098595414,0.0,0.0,0.0,82594.87226765175,99396.6760786193,2243.9931434667915,0.4483112845642348,0.5395086923776639,0.012180023058101333,585441.7826080326,245829.0719035675,339612.71070446505,34575843.75020543,614572.6797589187,1277.7475071000156,1179.9267466807394,70.0,0.05,21.0,0.4,0.01,0.2,7.0,"Exploratory health-utility burden only: infant mortality is counted as undiscounted life-years lost, acute illness uses symptomatic cases, and hospitalizations are imputed from cases because the model summary has no hospitalization/admission columns. No costs, discounting, age weighting, or formal cost-effectiveness decision rule is applied."
China,higher_child_coverage,higher_child_coverage,central_exploratory,186002.07827296786,0.532558330832807,-1766.5367832300253,-0.005057920973265628,-0.009588469026908353,83464.76773605726,100271.98839759573,2265.322139314881,0.44873029651619434,0.5390906882795218,0.012179015204283907,591006.3652748287,248413.42702451945,342592.9382503093,34880327.39259223,621033.5675612986,1291.071501942576,1192.3538248008178,70.0,0.05,21.0,0.4,0.01,0.2,7.0,"Exploratory health-utility burden only: infant mortality is counted as undiscounted life-years lost, acute illness uses symptomatic cases, and hospitalizations are imputed from cases because the model summary has no hospitalization/admission columns. No costs, discounting, age weighting, or formal cost-effectiveness decision rule is applied."
China,maternal_adult_boosting_only,maternal_adult_boosting_only,central_exploratory,104032.56663414574,0.29786446785314635,80202.9748555921,0.22963594200639503,0.4353284616370262,47207.81197122181,55557.999830538254,1266.7548323856686,0.4537791722205495,0.5340443058174335,0.012176521962016962,330487.2875206182,140743.40172464776,189743.88579597042,19326247.083908662,351858.5043116194,732.2193494989747,674.3973138745973,70.0,0.05,21.0,0.4,0.01,0.2,7.0,"Exploratory health-utility burden only: infant mortality is counted as undiscounted life-years lost, acute illness uses symptomatic cases, and hospitalizations are imputed from cases because the model summary has no hospitalization/admission columns. No costs, discounting, age weighting, or formal cost-effectiveness decision rule is applied."
China,maternal_cocooning_only,maternal_cocooning_only,central_exploratory,178447.3307057611,0.5109276922814047,5788.210783976741,0.01657271757813672,0.031417449299809275,77552.79588952045,98715.498263141,2179.0365530996332,0.4345976797904363,0.5531912294385136,0.012211090771050037,568495.0721568865,230878.1131708018,337616.9589860846,34338891.18153547,577195.2829270045,1205.137279024705,1107.8970841360065,70.0,0.05,21.0,0.4,0.01,0.2,7.0,"Exploratory health-utility burden only: infant mortality is counted as undiscounted life-years lost, acute illness uses symptomatic cases, and hospitalizations are imputed from cases because the model summary has no hospitalization/admission columns. No costs, discounting, age weighting, or formal cost-effectiveness decision rule is applied."
China,maternal_direct_antibody_only,maternal_direct_antibody_only,central_exploratory,142977.39241529442,0.40937070260069736,41258.14907444341,0.11812970725884403,0.2239423986318163,42927.775988174726,97953.25365610675,2096.3627710129454,0.3002417043911811,0.6850960980711563,0.014662197537662573,546926.0729374844,211475.5727525555,335450.5001849289,34073738.950374275,528688.9318813888,709.8768524269326,613.2539426882104,70.0,0.05,21.0,0.4,0.01,0.2,7.0,"Exploratory health-utility burden only: infant mortality is counted as undiscounted life-years lost, acute illness uses symptomatic cases, and hospitalizations are imputed from cases because the model summary has no hospitalization/admission columns. No costs, discounting, age weighting, or formal cost-effectiveness decision rule is applied."
China,maternal_immunization,maternal_immunization,central_exploratory,78379.51655702484,0.22441504376090243,105856.024932713,0.30308536609863895,0.5745689679459016,23051.749924783944,54180.36521310883,1147.4014191320557,0.2941042626616955,0.6912566904350581,0.01463904690324629,299348.834527131,113721.6042125593,185627.2303145717,18847027.04198857,284304.01053139823,385.8918409101167,329.3107132111992,70.0,0.05,21.0,0.4,0.01,0.2,7.0,"Exploratory health-utility burden only: infant mortality is counted as undiscounted life-years lost, acute illness uses symptomatic cases, and hospitalizations are imputed from cases because the model summary has no hospitalization/admission columns. No costs, discounting, age weighting, or formal cost-effectiveness decision rule is applied."
China,next_generation_vaccine,next_generation_vaccine,central_exploratory,1346.206876612071,0.0038544391244360317,182889.33461312577,0.5236459707351053,0.9926930120772215,588.0568811592033,742.3161910129961,15.833804439871527,0.4368250462656494,0.5514131623522417,0.011761791382108849,4130.926479759339,1588.4375248569836,2542.4889549023546,258219.98930237792,3971.093812142459,9.189434009050258,8.400812587988618,70.0,0.05,21.0,0.4,0.01,0.2,7.0,"Exploratory health-utility burden only: infant mortality is counted as undiscounted life-years lost, acute illness uses symptomatic cases, and hospitalizations are imputed from cases because the model summary has no hospitalization/admission columns. No costs, discounting, age weighting, or formal cost-effectiveness decision rule is applied."
China,pregnancy_tdap_scaleup,pregnancy_tdap_scaleup,central_exploratory,142977.39241529442,0.40937070260069736,41258.14907444341,0.11812970725884403,0.2239423986318163,42927.775988174726,97953.25365610675,2096.3627710129454,0.3002417043911811,0.6850960980711563,0.014662197537662573,546926.0729374844,211475.5727525555,335450.5001849289,34073738.950374275,528688.9318813888,709.8768524269326,613.2539426882104,70.0,0.05,21.0,0.4,0.01,0.2,7.0,"Exploratory health-utility burden only: infant mortality is counted as undiscounted life-years lost, acute illness uses symptomatic cases, and hospitalizations are imputed from cases because the model summary has no hospitalization/admission columns. No costs, discounting, age weighting, or formal cost-effectiveness decision rule is applied."
China,resistance_guided_treatment,resistance_guided_treatment,central_exploratory,45911.96639018442,0.13145444621136482,138323.57509955342,0.39604596364817657,0.7507974518980542,19453.717496992205,25895.886873832234,562.3620193599795,0.4237178022754269,0.5640334951841346,0.012248702540438514,146716.2339794518,58087.73516166268,88628.49881778912,9008069.21968307,145219.33790415668,303.2309514245563,277.9102499570315,70.0,0.05,21.0,0.4,0.01,0.2,7.0,"Exploratory health-utility burden only: infant mortality is counted as undiscounted life-years lost, acute illness uses symptomatic cases, and hospitalizations are imputed from cases because the model summary has no hospitalization/admission columns. No costs, discounting, age weighting, or formal cost-effectiveness decision rule is applied."
China,targeted_pep_high_risk,targeted_pep_high_risk,central_exploratory,159450.90079193827,0.45653740234506374,24784.640697799565,0.07096300751447765,0.13452692405270839,71164.03718823686,86343.41540193623,1943.448201765166,0.44630689970887183,0.5415047200931317,0.012188380197996507,507031.75406766206,211979.5038002179,295052.2502674441,30035173.78624496,529948.7595005448,1101.8802203768464,1016.629102689098,70.0,0.05,21.0,0.4,0.01,0.2,7.0,"Exploratory health-utility burden only: infant mortality is counted as undiscounted life-years lost, acute illness uses symptomatic cases, and hospitalizations are imputed from cases because the model summary has no hospitalization/admission columns. No costs, discounting, age weighting, or formal cost-effectiveness decision rule is applied."
China,transmission_blocking_vaccine,transmission_blocking_vaccine,central_exploratory,11163.12066120866,0.03196207785908257,173072.42082852917,0.4955383320004588,0.9394084302575763,4727.878249344954,6299.529932804276,135.7124790594311,0.42352657404968463,0.5643162090592514,0.012157216891063968,35406.41641175514,13839.027255458146,21567.38915629699,2191336.4837683444,34597.568138645365,73.84976444397755,67.54111784778506,70.0,0.05,21.0,0.4,0.01,0.2,7.0,"Exploratory health-utility burden only: infant mortality is counted as undiscounted life-years lost, acute illness uses symptomatic cases, and hospitalizations are imputed from cases because the model summary has no hospitalization/admission columns. No costs, discounting, age weighting, or formal cost-effectiveness decision rule is applied."
Japan,adolescent_booster,adolescent_booster,central_exploratory,36440.36969789557,1.2430347191576265,1005.8232202828804,0.034310112507479396,0.026860493468071622,15847.602361627616,20148.68217177993,444.08516448802135,0.4348913716575937,0.5529220021317048,0.01218662621070135,115858.64737803556,46943.60743786194,68915.03994017362,7008863.012612018,117359.01859465484,250.5275083481181,226.3943194518231,70.0,0.05,21.0,0.4,0.01,0.2,7.0,"Exploratory health-utility burden only: infant mortality is counted as undiscounted life-years lost, acute illness uses symptomatic cases, and hospitalizations are imputed from cases because the model summary has no hospitalization/admission columns. No costs, discounting, age weighting, or formal cost-effectiveness decision rule is applied."
Japan,cocooning_adjunct,cocooning_adjunct,central_exploratory,28644.352414352186,0.9771010796925049,8801.840503826264,0.300243751972601,0.23505301388204314,12084.445790169537,16209.618223133171,350.2884010494771,0.42187882677056626,0.5658922913897463,0.01222888183968739,91387.74177380107,35898.89944077873,55488.842333022345,5638631.481904182,89747.24860194682,192.895869691044,172.6349398595648,70.0,0.05,21.0,0.4,0.01,0.2,7.0,"Exploratory health-utility burden only: infant mortality is counted as undiscounted life-years lost, acute illness uses symptomatic cases, and hospitalizations are imputed from cases because the model summary has no hospitalization/admission columns. No costs, discounting, age weighting, or formal cost-effectiveness decision rule is applied."
Japan,combined_strategy,combined_strategy,central_exploratory,1619.2638039322212,0.05523547497339278,35826.92911424623,1.2221093566917132,0.9567575852778843,379.7663799072391,1216.4058109340517,23.09161309093052,0.23453027171052315,0.7512091655356781,0.014260562753798875,6024.436915330264,1839.0588880685261,4185.378027261738,423135.44994634506,4597.647220171315,6.959668067558436,5.425233998674845,70.0,0.05,21.0,0.4,0.01,0.2,7.0,"Exploratory health-utility burden only: infant mortality is counted as undiscounted life-years lost, acute illness uses symptomatic cases, and hospitalizations are imputed from cases because the model summary has no hospitalization/admission columns. No costs, discounting, age weighting, or formal cost-effectiveness decision rule is applied."
Japan,current,current,central_exploratory,37446.19291817845,1.277344831665106,0.0,0.0,0.0,16204.57719704739,20785.232605038946,456.38311609210785,0.4327429822426833,0.5550693137338575,0.012187704023459065,119067.09510903028,47963.26034146721,71103.83476756306,7230291.627609975,119908.15085366802,256.1780613606184,231.49395995781987,70.0,0.05,21.0,0.4,0.01,0.2,7.0,"Exploratory health-utility burden only: infant mortality is counted as undiscounted life-years lost, acute illness uses symptomatic cases, and hospitalizations are imputed from cases because the model summary has no hospitalization/admission columns. No costs, discounting, age weighting, or formal cost-effectiveness decision rule is applied."
Japan,higher_child_coverage,higher_child_coverage,central_exploratory,37525.87157148261,1.2800627882831515,-79.67865330415952,-0.002717956618045525,-0.002127817198353421,16246.86132502571,20821.678158271636,457.33208818526487,0.43295093876972973,0.5548619468733366,0.012187114356933672,119314.67514976284,48087.15939845063,71227.51575131221,7242969.4736273475,120217.89849612657,256.8114148987452,232.0980189289387,70.0,0.05,21.0,0.4,0.01,0.2,7.0,"Exploratory health-utility burden only: infant mortality is counted as undiscounted life-years lost, acute illness uses symptomatic cases, and hospitalizations are imputed from cases because the model summary has no hospitalization/admission columns. No costs, discounting, age weighting, or formal cost-effectiveness decision rule is applied."
Japan,maternal_adult_boosting_only,maternal_adult_boosting_only,central_exploratory,29376.063670827938,1.0020608285055164,8070.129247350513,0.27528400315958956,0.21551267614798908,12780.835227924978,16236.92235569868,358.3060872042815,0.4350765089271323,0.5527262787023043,0.01219721237056343,93479.4988224027,37946.87654147341,55532.62228092929,5648129.419446612,94867.19135368352,202.864689593402,182.58336039892825,70.0,0.05,21.0,0.4,0.01,0.2,7.0,"Exploratory health-utility burden only: infant mortality is counted as undiscounted life-years lost, acute illness uses symptomatic cases, and hospitalizations are imputed from cases because the model summary has no hospitalization/admission columns. No costs, discounting, age weighting, or formal cost-effectiveness decision rule is applied."
Japan,maternal_cocooning_only,maternal_cocooning_only,central_exploratory,36452.13732738153,1.2434361306839925,994.0555907969174,0.03390870098111343,0.02654623910550724,15260.758266198625,20745.833155152042,445.54590603086604,0.4186519470488029,0.5691252880134554,0.012222764937741744,116239.74441269557,45203.981474126995,71035.76293856857,7216586.247542174,113009.95368531748,242.66526932307755,218.01083237426607,70.0,0.05,21.0,0.4,0.01,0.2,7.0,"Exploratory health-utility burden only: infant mortality is counted as undiscounted life-years lost, acute illness uses symptomatic cases, and hospitalizations are imputed from cases because the model summary has no hospitalization/admission columns. No costs, discounting, age weighting, or formal cost-effectiveness decision rule is applied."
Japan,maternal_direct_antibody_only,maternal_direct_antibody_only,central_exploratory,29582.943971387187,1.0091178209849596,7863.248946791264,0.2682270106801463,0.20998794093628692,8472.4058004535,20679.59218152215,430.945989411536,0.2863949513830694,0.6990376685134375,0.014567380103493071,112430.73045183107,41533.63275351695,70897.09769831412,7193543.851715204,103834.08188379236,145.63750111479885,121.03436857790714,70.0,0.05,21.0,0.4,0.01,0.2,7.0,"Exploratory health-utility burden only: infant mortality is counted as undiscounted life-years lost, acute illness uses symptomatic cases, and hospitalizations are imputed from cases because the model summary has no hospitalization/admission columns. No costs, discounting, age weighting, or formal cost-effectiveness decision rule is applied."
Japan,maternal_immunization,maternal_immunization,central_exploratory,22799.28247521647,0.7777171286560985,14646.91044296198,0.4996277030090074,0.39114551577956436,6327.894048365204,16139.926834343089,331.4615925081766,0.27754794718841796,0.7079138061422631,0.014538246669318898,86475.96190257963,31109.819033231237,55366.14286934839,5614388.834517917,77774.54758307809,110.60673044172552,90.3984864052172,70.0,0.05,21.0,0.4,0.01,0.2,7.0,"Exploratory health-utility burden only: infant mortality is counted as undiscounted life-years lost, acute illness uses symptomatic cases, and hospitalizations are imputed from cases because the model summary has no hospitalization/admission columns. No costs, discounting, age weighting, or formal cost-effectiveness decision rule is applied."
Japan,next_generation_vaccine,next_generation_vaccine,central_exploratory,15933.399505944677,0.543511741001068,21512.793412233776,0.7338330906640379,0.5744988137843587,6281.420961589577,9462.275928059767,189.702616295332,0.3942298038310034,0.5938642236723831,0.011905972496613472,49492.05757276429,17001.902441186045,32490.15513157825,3291520.26926079,42504.75610296511,101.16698602338757,89.73458516556539,70.0,0.05,21.0,0.4,0.01,0.2,7.0,"Exploratory health-utility burden only: infant mortality is counted as undiscounted life-years lost, acute illness uses symptomatic cases, and hospitalizations are imputed from cases because the model summary has no hospitalization/admission columns. No costs, discounting, age weighting, or formal cost-effectiveness decision rule is applied."
Japan,pregnancy_tdap_scaleup,pregnancy_tdap_scaleup,central_exploratory,29582.943971387187,1.0091178209849596,7863.248946791264,0.2682270106801463,0.20998794093628692,8472.4058004535,20679.59218152215,430.945989411536,0.2863949513830694,0.6990376685134375,0.014567380103493071,112430.73045183107,41533.63275351695,70897.09769831412,7193543.851715204,103834.08188379236,145.63750111479885,121.03436857790714,70.0,0.05,21.0,0.4,0.01,0.2,7.0,"Exploratory health-utility burden only: infant mortality is counted as undiscounted life-years lost, acute illness uses symptomatic cases, and hospitalizations are imputed from cases because the model summary has no hospitalization/admission columns. No costs, discounting, age weighting, or formal cost-effectiveness decision rule is applied."
Japan,resistance_guided_treatment,resistance_guided_treatment,central_exploratory,20856.34626720587,0.7114407109526074,16589.84665097258,0.5659041207124985,0.44303159702301675,8310.525774588798,12289.20696643464,256.6135261824337,0.39846508434970285,0.5892310574915013,0.012303858158795917,66948.6360272385,24820.258250254352,42128.37777698415,4274888.42332405,62050.64562563588,133.0278679937953,118.72179677983996,70.0,0.05,21.0,0.4,0.01,0.2,7.0,"Exploratory health-utility burden only: infant mortality is counted as undiscounted life-years lost, acute illness uses symptomatic cases, and hospitalizations are imputed from cases because the model summary has no hospitalization/admission columns. No costs, discounting, age weighting, or formal cost-effectiveness decision rule is applied."
Japan,targeted_pep_high_risk,targeted_pep_high_risk,central_exploratory,35732.48184153109,1.2188876213386577,1713.7110766473634,0.05845721032644824,0.045764627672348346,15355.917180499455,19940.483625790388,436.08103524124186,0.4297467287215299,0.5580492201527966,0.012204051125673403,113770.42722990256,45544.64678700688,68225.78044289567,6936439.661257084,113861.6169675172,242.9920331527998,219.3702454357065,70.0,0.05,21.0,0.4,0.01,0.2,7.0,"Exploratory health-utility burden only: infant mortality is counted as undiscounted life-years lost, acute illness uses symptomatic cases, and hospitalizations are imputed from cases because the model summary has no hospitalization/admission columns. No costs, discounting, age weighting, or formal cost-effectiveness decision rule is applied."
Japan,transmission_blocking_vaccine,transmission_blocking_vaccine,central_exploratory,24696.283473492338,0.8424266290812374,12749.909444686113,0.4349182025838685,0.3404861335982864,9969.46262813489,14425.735786680769,301.0850586766789,0.4036827095394971,0.5841257775553386,0.01219151290516435,78550.94120118354,29097.424469246595,49453.516731936936,5018095.23436681,72743.56117311648,159.45326193137404,142.4208946876413,70.0,0.05,21.0,0.4,0.01,0.2,7.0,"Exploratory health-utility burden only: infant mortality is counted as undiscounted life-years lost, acute illness uses symptomatic cases, and hospitalizations are imputed from cases because the model summary has no hospitalization/admission columns. No costs, discounting, age weighting, or formal cost-effectiveness decision rule is applied."
New_Zealand,adolescent_booster,adolescent_booster,central_exploratory,6355.191272263178,4.426599166702092,-404.7084375970426,-0.28189270074039197,-0.06801270566470752,4028.9829075271537,2246.7235569609306,79.48480777509333,0.6339672143482745,0.35352571790665227,0.012507067745073173,20737.01859989488,13252.954078720222,7484.06452117466,781538.8373142665,33132.385196800555,59.81255173154309,57.556898678959335,70.0,0.05,21.0,0.4,0.01,0.2,7.0,"Exploratory health-utility burden only: infant mortality is counted as undiscounted life-years lost, acute illness uses symptomatic cases, and hospitalizations are imputed from cases because the model summary has no hospitalization/admission columns. No costs, discounting, age weighting, or formal cost-effectiveness decision rule is applied."
New_Zealand,cocooning_adjunct,cocooning_adjunct,central_exploratory,5655.249580665729,3.939066818362594,295.2332540004063,0.20563964759910558,0.04961500809319974,3549.7290710303932,2034.789277524197,70.73123211113877,0.6276874292456114,0.3598053893997485,0.01250718135464012,18453.273234709595,11666.782964872229,6786.490269837364,707815.984395917,29166.95741218057,52.804527207643005,50.71041530043419,70.0,0.05,21.0,0.4,0.01,0.2,7.0,"Exploratory health-utility burden only: infant mortality is counted as undiscounted life-years lost, acute illness uses symptomatic cases, and hospitalizations are imputed from cases because the model summary has no hospitalization/admission columns. No costs, discounting, age weighting, or formal cost-effectiveness decision rule is applied."
New_Zealand,combined_strategy,combined_strategy,central_exploratory,1813.9018316743975,1.2634421195849428,4136.5810029917375,2.881264346376757,0.6951672860718083,718.0193539687821,1068.7806317054171,27.101846000198393,0.3958424548841127,0.589216358373063,0.014941186742824393,7070.678036837473,3438.8187363861407,3631.8593004513327,371782.9768860986,8597.046840965351,11.309345795377268,10.257419342411172,70.0,0.05,21.0,0.4,0.01,0.2,7.0,"Exploratory health-utility burden only: infant mortality is counted as undiscounted life-years lost, acute illness uses symptomatic cases, and hospitalizations are imputed from cases because the model summary has no hospitalization/admission columns. No costs, discounting, age weighting, or formal cost-effectiveness decision rule is applied."
New_Zealand,current,current,central_exploratory,5950.482834666135,4.1447064659617,0.0,0.0,0.0,3767.778121528479,2108.7016156248387,74.00309751281715,0.633188638000647,0.35437487582352667,0.01243648617582631,19306.87954754033,12278.574724149083,7028.304823391248,733526.9191494975,30696.436810372703,55.94166800865349,53.82540173612113,70.0,0.05,21.0,0.4,0.01,0.2,7.0,"Exploratory health-utility burden only: infant mortality is counted as undiscounted life-years lost, acute illness uses symptomatic cases, and hospitalizations are imputed from cases because the model summary has no hospitalization/admission columns. No costs, discounting, age weighting, or formal cost-effectiveness decision rule is applied."
New_Zealand,higher_child_coverage,higher_child_coverage,central_exploratory,6477.474836585892,4.511773677237996,-526.9920019197571,-0.3670672112762965,-0.08856289759372538,4106.87474012372,2289.574736354222,81.02536010795077,0.6340240361764719,0.3534671757306273,0.012508788092900893,21138.937699592156,13512.295833980921,7626.641865611235,796444.9261460757,33780.7395849523,60.96858324608627,58.66963914462456,70.0,0.05,21.0,0.4,0.01,0.2,7.0,"Exploratory health-utility burden only: infant mortality is counted as undiscounted life-years lost, acute illness uses symptomatic cases, and hospitalizations are imputed from cases because the model summary has no hospitalization/admission columns. No costs, discounting, age weighting, or formal cost-effectiveness decision rule is applied."
New_Zealand,maternal_adult_boosting_only,maternal_adult_boosting_only,central_exploratory,5803.871863764905,4.042587111002588,146.61097090122985,0.10211935495911195,0.024638499929301227,3693.430333104229,2038.0062316273375,72.43529903333905,0.6363735140610672,0.35114597280328413,0.012480513135648571,18897.852122805063,12111.283973554548,6786.568149250516,708935.0248589381,30278.209933886366,54.85863129315802,52.763290472917554,70.0,0.05,21.0,0.4,0.01,0.2,7.0,"Exploratory health-utility burden only: infant mortality is counted as undiscounted life-years lost, acute illness uses symptomatic cases, and hospitalizations are imputed from cases because the model summary has no hospitalization/admission columns. No costs, discounting, age weighting, or formal cost-effectiveness decision rule is applied."
New_Zealand,maternal_cocooning_only,maternal_cocooning_only,central_exploratory,5791.576067922849,4.034022689042422,158.90676674328643,0.11068377691927811,0.026704852557095426,3614.077794933623,2105.2953842562956,72.2028887329299,0.6240231937814836,0.36350992537534965,0.01246688084316667,18837.21793550189,11809.023141666288,7028.194793835601,732342.0372377257,29522.55785416572,53.7446809820261,51.62968278476604,70.0,0.05,21.0,0.4,0.01,0.2,7.0,"Exploratory health-utility burden only: infant mortality is counted as undiscounted life-years lost, acute illness uses symptomatic cases, and hospitalizations are imputed from cases because the model summary has no hospitalization/admission columns. No costs, discounting, age weighting, or formal cost-effectiveness decision rule is applied."
New_Zealand,maternal_direct_antibody_only,maternal_direct_antibody_only,central_exploratory,4516.684195031356,3.1460186851810454,1433.7986396347796,0.9986877807806542,0.24095500810149406,2350.118302070802,2097.399067927551,69.1668250330024,0.5203193760272379,0.4643669952029911,0.015313628769771057,18045.130602360085,11024.798082415344,7020.332519944741,729595.2472005124,27561.99520603836,35.685138375294294,33.57311860101146,70.0,0.05,21.0,0.4,0.01,0.2,7.0,"Exploratory health-utility burden only: infant mortality is counted as undiscounted life-years lost, acute illness uses symptomatic cases, and hospitalizations are imputed from cases because the model summary has no hospitalization/admission columns. No costs, discounting, age weighting, or formal cost-effectiveness decision rule is applied."
New_Zealand,maternal_immunization,maternal_immunization,central_exploratory,4313.234078297395,3.004309004701564,1637.24875636874,1.1403974612601355,0.27514553051569324,2221.2426020197986,2025.744813711886,66.24666256571113,0.5149830873302873,0.46965798214028953,0.01535893052942337,17283.28107294714,10499.059530658687,6784.22154228845,704669.8030554918,26247.648826646717,33.823323015758206,31.73203717171141,70.0,0.05,21.0,0.4,0.01,0.2,7.0,"Exploratory health-utility burden only: infant mortality is counted as undiscounted life-years lost, acute illness uses symptomatic cases, and hospitalizations are imputed from cases because the model summary has no hospitalization/admission columns. No costs, discounting, age weighting, or formal cost-effectiveness decision rule is applied."
New_Zealand,next_generation_vaccine,next_generation_vaccine,central_exploratory,4146.620317267666,2.8882570555472444,1803.8625173984692,1.2564494104144552,0.3031455711273686,2348.605878930131,1748.2194864553135,49.79495188222193,0.5663903852373199,0.4216010516263684,0.012008563136311774,12991.147267843971,7087.016319373028,5904.130948470944,608130.6356455269,17717.54079843257,35.33374335932345,33.55151255614473,70.0,0.05,21.0,0.4,0.01,0.2,7.0,"Exploratory health-utility burden only: infant mortality is counted as undiscounted life-years lost, acute illness uses symptomatic cases, and hospitalizations are imputed from cases because the model summary has no hospitalization/admission columns. No costs, discounting, age weighting, or formal cost-effectiveness decision rule is applied."
New_Zealand,pregnancy_tdap_scaleup,pregnancy_tdap_scaleup,central_exploratory,4516.684195031356,3.1460186851810454,1433.7986396347796,0.9986877807806542,0.24095500810149406,2350.118302070802,2097.399067927551,69.1668250330024,0.5203193760272379,0.4643669952029911,0.015313628769771057,18045.130602360085,11024.798082415344,7020.332519944741,729595.2472005124,27561.99520603836,35.685138375294294,33.57311860101146,70.0,0.05,21.0,0.4,0.01,0.2,7.0,"Exploratory health-utility burden only: infant mortality is counted as undiscounted life-years lost, acute illness uses symptomatic cases, and hospitalizations are imputed from cases because the model summary has no hospitalization/admission columns. No costs, discounting, age weighting, or formal cost-effectiveness decision rule is applied."
New_Zealand,resistance_guided_treatment,resistance_guided_treatment,central_exploratory,4952.2208388925055,3.4493842422393524,998.2619957736297,0.6953222237223473,0.16776151171430764,2947.549852711669,1941.4746208325835,63.196365348253295,0.5951975787434485,0.39204120413716587,0.012761217119385628,16487.480316749654,9983.509919410135,6503.970397339518,675355.8145324772,24958.774798525337,43.97118788579319,42.10785503873812,70.0,0.05,21.0,0.4,0.01,0.2,7.0,"Exploratory health-utility burden only: infant mortality is counted as undiscounted life-years lost, acute illness uses symptomatic cases, and hospitalizations are imputed from cases because the model summary has no hospitalization/admission columns. No costs, discounting, age weighting, or formal cost-effectiveness decision rule is applied."
New_Zealand,targeted_pep_high_risk,targeted_pep_high_risk,central_exploratory,5748.531219750079,4.004040541854257,201.95161491605631,0.14066592410744239,0.033938693804733466,3615.0464309028557,2061.760958348237,71.72383049898576,0.6288643642540784,0.35865873899487555,0.012476896751045914,18712.23506411039,11836.156207031963,6876.078857078428,717198.2762254226,29590.390517579905,53.70461675752905,51.64352044146937,70.0,0.05,21.0,0.4,0.01,0.2,7.0,"Exploratory health-utility burden only: infant mortality is counted as undiscounted life-years lost, acute illness uses symptomatic cases, and hospitalizations are imputed from cases because the model summary has no hospitalization/admission columns. No costs, discounting, age weighting, or formal cost-effectiveness decision rule is applied."
New_Zealand,transmission_blocking_vaccine,transmission_blocking_vaccine,central_exploratory,4446.93718285532,3.0974376018696246,1503.545651810815,1.047268864092075,0.2526762438589867,2568.4266968348934,1823.0223652107945,55.48812080963178,0.5775720661711125,0.4099501050384201,0.012477828790467327,14476.454375512862,8343.529089480906,6132.925286031955,634151.3513268977,20858.822723702266,38.530729063809126,36.69180995478419,70.0,0.05,21.0,0.4,0.01,0.2,7.0,"Exploratory health-utility burden only: infant mortality is counted as undiscounted life-years lost, acute illness uses symptomatic cases, and hospitalizations are imputed from cases because the model summary has no hospitalization/admission columns. No costs, discounting, age weighting, or formal cost-effectiveness decision rule is applied."
South_Africa,adolescent_booster,adolescent_booster,central_exploratory,35229.319267364684,1.8599735315943544,594.1020168705218,0.031366318052841846,0.016584178606412703,21514.687209691874,13288.267210057458,426.3648476153574,0.6107040288349367,0.37719341407675977,0.012102557088303666,111235.54327964947,66678.31448976515,44557.22878988432,4622418.6652128445,166695.78622441288,314.0081537807386,307.3526744241696,70.0,0.05,21.0,0.4,0.01,0.2,7.0,"Exploratory health-utility burden only: infant mortality is counted as undiscounted life-years lost, acute illness uses symptomatic cases, and hospitalizations are imputed from cases because the model summary has no hospitalization/admission columns. No costs, discounting, age weighting, or formal cost-effectiveness decision rule is applied."
South_Africa,cocooning_adjunct,cocooning_adjunct,central_exploratory,30735.256495605194,1.622704177012389,5088.1647886300125,0.26863567263480737,0.14203458536968827,18432.5327181769,11930.03280066342,372.69097676487763,0.5997195019606408,0.3881546523735465,0.012125845665812757,97232.4137595511,57161.992325377796,40070.4214341733,4149947.124230775,142904.98081344448,269.3009074143808,263.3218959739557,70.0,0.05,21.0,0.4,0.01,0.2,7.0,"Exploratory health-utility burden only: infant mortality is counted as undiscounted life-years lost, acute illness uses symptomatic cases, and hospitalizations are imputed from cases because the model summary has no hospitalization/admission columns. No costs, discounting, age weighting, or formal cost-effectiveness decision rule is applied."
South_Africa,combined_strategy,combined_strategy,central_exploratory,99.80707083392201,0.005269432217103837,35723.614213401284,1.8860704174300924,0.997213915721728,41.417151777621676,56.84964254147198,1.5402765148283526,0.4149721200268407,0.5695953409560454,0.015432539017113904,401.84714074361125,209.32471638394665,192.5224243596646,19775.554226926324,523.3117909598666,0.6221966004377322,0.5916735968231668,70.0,0.05,21.0,0.4,0.01,0.2,7.0,"Exploratory health-utility burden only: infant mortality is counted as undiscounted life-years lost, acute illness uses symptomatic cases, and hospitalizations are imputed from cases because the model summary has no hospitalization/admission columns. No costs, discounting, age weighting, or formal cost-effectiveness decision rule is applied."
South_Africa,current,current,central_exploratory,35823.421284235206,1.8913398496471963,0.0,0.0,0.0,21877.29032294556,13513.133195963583,432.9977653260659,0.6106979606823061,0.3772150373004797,0.012087002017214224,112966.02413238969,67650.89752454427,45315.12660784543,4700639.904595903,169127.24381136068,319.1094292943248,312.5327188992223,70.0,0.05,21.0,0.4,0.01,0.2,7.0,"Exploratory health-utility burden only: infant mortality is counted as undiscounted life-years lost, acute illness uses symptomatic cases, and hospitalizations are imputed from cases because the model summary has no hospitalization/admission columns. No costs, discounting, age weighting, or formal cost-effectiveness decision rule is applied."
South_Africa,higher_child_coverage,higher_child_coverage,central_exploratory,34293.491824936835,1.8105654164949294,1529.9294592983715,0.08077443315226684,0.042707519395185356,20720.65575443997,13167.882978837119,404.95309165974237,0.6042153963269715,0.38397615052025613,0.01180845315277218,105649.36909194349,61378.407781526825,44270.961310416664,4580542.150495484,153446.01945381705,302.3205462108881,296.009367920571,70.0,0.05,21.0,0.4,0.01,0.2,7.0,"Exploratory health-utility burden only: infant mortality is counted as undiscounted life-years lost, acute illness uses symptomatic cases, and hospitalizations are imputed from cases because the model summary has no hospitalization/admission columns. No costs, discounting, age weighting, or formal cost-effectiveness decision rule is applied."
South_Africa,maternal_adult_boosting_only,maternal_adult_boosting_only,central_exploratory,31866.539130709607,1.6824315813272648,3956.8821535255993,0.20890826831993148,0.1104551718310306,19498.774962382166,11982.174947719064,385.5892206083758,0.6118886924746498,0.37601117895391123,0.012100128571438924,100597.47344800661,60427.30463869408,40170.168809312534,4168085.142527988,151068.2615967352,284.5493900188694,278.55392803403095,70.0,0.05,21.0,0.4,0.01,0.2,7.0,"Exploratory health-utility burden only: infant mortality is counted as undiscounted life-years lost, acute illness uses symptomatic cases, and hospitalizations are imputed from cases because the model summary has no hospitalization/admission columns. No costs, discounting, age weighting, or formal cost-effectiveness decision rule is applied."
South_Africa,maternal_cocooning_only,maternal_cocooning_only,central_exploratory,34504.21037371985,1.8216905512846702,1319.2109105153577,0.06964929836252609,0.03682537466336033,20630.594470176526,13455.592827622217,418.0230759211062,0.5979152760409155,0.3899695915913693,0.01211513236771515,109059.23462870289,63849.22447594421,45210.010152758674,4680624.076465728,159623.0611898605,301.28291753971416,294.7227781453789,70.0,0.05,21.0,0.4,0.01,0.2,7.0,"Exploratory health-utility burden only: infant mortality is counted as undiscounted life-years lost, acute illness uses symptomatic cases, and hospitalizations are imputed from cases because the model summary has no hospitalization/admission columns. No costs, discounting, age weighting, or formal cost-effectiveness decision rule is applied."
South_Africa,maternal_direct_antibody_only,maternal_direct_antibody_only,central_exploratory,25445.90493646111,1.3434466138905234,10377.516347774097,0.5478932357566728,0.28968523875582275,11659.047613752185,13387.1370278468,399.72029486212455,0.45818954534590306,0.5261018250785235,0.015708629575573493,104284.16978456499,59195.9563170528,45088.2134675122,4656811.237543851,147989.89079263198,173.09904995289608,166.55782305360265,70.0,0.05,21.0,0.4,0.01,0.2,7.0,"Exploratory health-utility burden only: infant mortality is counted as undiscounted life-years lost, acute illness uses symptomatic cases, and hospitalizations are imputed from cases because the model summary has no hospitalization/admission columns. No costs, discounting, age weighting, or formal cost-effectiveness decision rule is applied."
South_Africa,maternal_immunization,maternal_immunization,central_exploratory,21984.884210763354,1.1607179342191816,13838.537073471853,0.7306219154280147,0.38629858839199627,9825.622799713441,11814.87876245347,344.38264859644255,0.4469262928800423,0.5374091875666621,0.015664519553295612,89846.97314275044,49998.02404886611,39848.949093884345,4109889.9695106,124995.06012216526,146.30941788288203,140.3660399959063,70.0,0.05,21.0,0.4,0.01,0.2,7.0,"Exploratory health-utility burden only: infant mortality is counted as undiscounted life-years lost, acute illness uses symptomatic cases, and hospitalizations are imputed from cases because the model summary has no hospitalization/admission columns. No costs, discounting, age weighting, or formal cost-effectiveness decision rule is applied."
South_Africa,next_generation_vaccine,next_generation_vaccine,central_exploratory,173.73659880899646,0.009172628992452608,35649.68468542621,1.8821672206547437,0.9951501952471119,100.8669301518698,70.82086256302598,2.0488060941006765,0.5805738735726113,0.4076335271239276,0.011792599303461125,534.5188756216229,295.55225288522746,238.9666227363954,24635.54290585261,738.8806322130687,1.479235746873466,1.4409561450267114,70.0,0.05,21.0,0.4,0.01,0.2,7.0,"Exploratory health-utility burden only: infant mortality is counted as undiscounted life-years lost, acute illness uses symptomatic cases, and hospitalizations are imputed from cases because the model summary has no hospitalization/admission columns. No costs, discounting, age weighting, or formal cost-effectiveness decision rule is applied."
South_Africa,pregnancy_tdap_scaleup,pregnancy_tdap_scaleup,central_exploratory,25445.90493646111,1.3434466138905234,10377.516347774097,0.5478932357566728,0.28968523875582275,11659.047613752185,13387.1370278468,399.72029486212455,0.45818954534590306,0.5261018250785235,0.015708629575573493,104284.16978456499,59195.9563170528,45088.2134675122,4656811.237543851,147989.89079263198,173.09904995289608,166.55782305360265,70.0,0.05,21.0,0.4,0.01,0.2,7.0,"Exploratory health-utility burden only: infant mortality is counted as undiscounted life-years lost, acute illness uses symptomatic cases, and hospitalizations are imputed from cases because the model summary has no hospitalization/admission columns. No costs, discounting, age weighting, or formal cost-effectiveness decision rule is applied."
South_Africa,resistance_guided_treatment,resistance_guided_treatment,central_exploratory,14039.73078885615,0.7412441740640656,21783.690495379058,1.1500956755831306,0.6080851497276,8051.059161118228,5816.9793766494595,171.69225108846356,0.5734482578190637,0.41432271488187006,0.012229027299066305,44793.28193575809,25188.208898006196,19605.073037751892,2023477.8260202047,62970.52224501549,117.91384177887689,115.01513087311754,70.0,0.05,21.0,0.4,0.01,0.2,7.0,"Exploratory health-utility burden only: infant mortality is counted as undiscounted life-years lost, acute illness uses symptomatic cases, and hospitalizations are imputed from cases because the model summary has no hospitalization/admission columns. No costs, discounting, age weighting, or formal cost-effectiveness decision rule is applied."
South_Africa,targeted_pep_high_risk,targeted_pep_high_risk,central_exploratory,33703.40960860133,1.779411328738712,2120.0116756338757,0.11192852090848415,0.05917948648212523,20461.65287126,12833.685791798624,408.07094554270793,0.6071092838642074,0.3807830110020496,0.012107705133743072,106462.79489962434,63405.02787795954,43057.76702166479,4464289.271861378,158512.56969489885,298.56482860161526,292.30932673228574,70.0,0.05,21.0,0.4,0.01,0.2,7.0,"Exploratory health-utility burden only: infant mortality is counted as undiscounted life-years lost, acute illness uses symptomatic cases, and hospitalizations are imputed from cases because the model summary has no hospitalization/admission columns. No costs, discounting, age weighting, or formal cost-effectiveness decision rule is applied."
South_Africa,transmission_blocking_vaccine,transmission_blocking_vaccine,central_exploratory,8784.806980276053,0.4638042625058389,27038.614303959155,1.4275355871413573,0.7547747628409245,4989.720351382633,3688.4128880674252,106.67374082599507,0.5679943068283371,0.4198627125614456,0.012142980610217456,27830.417026210496,15384.624961030284,12445.792065180214,1283040.7689205972,38461.562402575706,73.19207083373045,71.2817193054662,70.0,0.05,21.0,0.4,0.01,0.2,7.0,"Exploratory health-utility burden only: infant mortality is counted as undiscounted life-years lost, acute illness uses symptomatic cases, and hospitalizations are imputed from cases because the model summary has no hospitalization/admission columns. No costs, discounting, age weighting, or formal cost-effectiveness decision rule is applied."
Sweden,adolescent_booster,adolescent_booster,central_exploratory,4880.765832559467,1.716079465534185,1.6563999610471,0.000582390875313088,0.0003392578278081926,2444.9184757247117,2373.780218653435,62.067138181319855,0.5009292720856883,0.48635404772300417,0.012716680191307587,16192.873014805053,8138.983557424795,8053.889457380257,825736.4046315877,20347.458893561987,37.00989859496709,34.92740679606731,70.0,0.05,21.0,0.4,0.01,0.2,7.0,"Exploratory health-utility burden only: infant mortality is counted as undiscounted life-years lost, acute illness uses symptomatic cases, and hospitalizations are imputed from cases because the model summary has no hospitalization/admission columns. No costs, discounting, age weighting, or formal cost-effectiveness decision rule is applied."
Sweden,cocooning_adjunct,cocooning_adjunct,central_exploratory,4310.135279565162,1.515445505953194,572.2869529553518,0.20121635045630404,0.11721373648176125,2116.17567488307,2139.030621930314,54.928982751779046,0.49097662547068943,0.49627923097256355,0.012744143556747176,14330.579250062354,7066.4701987448125,7264.109051317542,744077.0806286163,17666.17549686203,32.15709534527431,30.23108106975814,70.0,0.05,21.0,0.4,0.01,0.2,7.0,"Exploratory health-utility burden only: infant mortality is counted as undiscounted life-years lost, acute illness uses symptomatic cases, and hospitalizations are imputed from cases because the model summary has no hospitalization/admission columns. No costs, discounting, age weighting, or formal cost-effectiveness decision rule is applied."
Sweden,combined_strategy,combined_strategy,central_exploratory,129.11256198986624,0.04539603496009228,4753.309670530647,1.6712658214494056,0.9735556336914325,40.14953190860005,87.08637912989673,1.8766509513694494,0.31096534132558923,0.6744996597366874,0.014534998937723377,489.6048285626367,191.45501364475777,298.1498149178789,30293.619025899785,478.6375341118944,0.6567412263405401,0.5735647415514293,70.0,0.05,21.0,0.4,0.01,0.2,7.0,"Exploratory health-utility burden only: infant mortality is counted as undiscounted life-years lost, acute illness uses symptomatic cases, and hospitalizations are imputed from cases because the model summary has no hospitalization/admission columns. No costs, discounting, age weighting, or formal cost-effectiveness decision rule is applied."
Sweden,current,current,central_exploratory,4882.422232520514,1.716661856409498,0.0,0.0,0.0,2445.748806795294,2374.5854230785794,62.0880026466398,0.5009293933049896,0.48635396735294595,0.012716639342064306,16198.316404775134,8141.693740873631,8056.622663901503,826016.5007423344,20354.234352184078,37.02255004080596,34.9392686685042,70.0,0.05,21.0,0.4,0.01,0.2,7.0,"Exploratory health-utility burden only: infant mortality is counted as undiscounted life-years lost, acute illness uses symptomatic cases, and hospitalizations are imputed from cases because the model summary has no hospitalization/admission columns. No costs, discounting, age weighting, or formal cost-effectiveness decision rule is applied."
Sweden,higher_child_coverage,higher_child_coverage,central_exploratory,4891.291711326188,1.7197803692576714,-8.86947880567459,-0.003118512848173438,-0.0018166144555458175,2450.963089894742,2378.131576551806,62.19704487964046,0.501087081806905,0.4861970450556132,0.01271587313748188,16226.764744491913,8158.219680938741,8068.545063553172,827250.055557664,20395.54920234685,37.09832424288677,35.01375842706774,70.0,0.05,21.0,0.4,0.01,0.2,7.0,"Exploratory health-utility burden only: infant mortality is counted as undiscounted life-years lost, acute illness uses symptomatic cases, and hospitalizations are imputed from cases because the model summary has no hospitalization/admission columns. No costs, discounting, age weighting, or formal cost-effectiveness decision rule is applied."
Sweden,maternal_adult_boosting_only,maternal_adult_boosting_only,central_exploratory,4427.137912679259,1.5565836845091034,455.2843198412547,0.16007817190039453,0.09324968185027649,2226.677229916447,2144.115625012936,56.34505774987643,0.5029608911751485,0.48431191151109615,0.012727197313755463,14700.023102244548,7427.244871303565,7272.778230940982,745845.9352723572,18568.11217825891,33.73849125676349,31.809674713092097,70.0,0.05,21.0,0.4,0.01,0.2,7.0,"Exploratory health-utility burden only: infant mortality is counted as undiscounted life-years lost, acute illness uses symptomatic cases, and hospitalizations are imputed from cases because the model summary has no hospitalization/admission columns. No costs, discounting, age weighting, or formal cost-effectiveness decision rule is applied."
Sweden,maternal_cocooning_only,maternal_cocooning_only,central_exploratory,4746.817813846566,1.6689832817821133,135.6044186739473,0.04767857462738467,0.027774004831192634,2318.717032541611,2367.6492422692068,60.451539035748056,0.48847820233965267,0.49878662613987934,0.012735171520467808,15771.374737719269,7728.551518649041,8042.823219070227,823603.7007036454,19321.3787966226,35.203687228539266,33.12452903630873,70.0,0.05,21.0,0.4,0.01,0.2,7.0,"Exploratory health-utility burden only: infant mortality is counted as undiscounted life-years lost, acute illness uses symptomatic cases, and hospitalizations are imputed from cases because the model summary has no hospitalization/admission columns. No costs, discounting, age weighting, or formal cost-effectiveness decision rule is applied."
Sweden,maternal_direct_antibody_only,maternal_direct_antibody_only,central_exploratory,3944.4113701610345,1.3868568147272555,938.0108623594792,0.32980504168224245,0.19211998014256915,1524.2852776356085,2361.3332660192004,58.79282650622559,0.3864417614163246,0.5986528899805896,0.014905348603085816,15338.628486713496,7307.24313251677,8031.385354196726,821406.6432509646,18268.107831291924,23.85150549297741,21.775503966222978,70.0,0.05,21.0,0.4,0.01,0.2,7.0,"Exploratory health-utility burden only: infant mortality is counted as undiscounted life-years lost, acute illness uses symptomatic cases, and hospitalizations are imputed from cases because the model summary has no hospitalization/admission columns. No costs, discounting, age weighting, or formal cost-effectiveness decision rule is applied."
Sweden,maternal_immunization,maternal_immunization,central_exploratory,3500.921456823716,1.230925561409247,1381.5007756967975,0.48573629500025106,0.2829539744627142,1320.3012445220227,2128.524371541627,52.095840760067006,0.37712963881226097,0.6079897529242986,0.01488060826344046,13591.432741153192,6345.855053631316,7245.577687521875,740422.4063862658,15864.63763407829,20.78191695111702,18.86144635031461,70.0,0.05,21.0,0.4,0.01,0.2,7.0,"Exploratory health-utility burden only: infant mortality is counted as undiscounted life-years lost, acute illness uses symptomatic cases, and hospitalizations are imputed from cases because the model summary has no hospitalization/admission columns. No costs, discounting, age weighting, or formal cost-effectiveness decision rule is applied."
Sweden,next_generation_vaccine,next_generation_vaccine,central_exploratory,70.40871598847997,0.024755736259988947,4812.0135165320335,1.691906120149509,0.9855791423528456,31.208094394370704,38.33812078075417,0.8625008133550984,0.44324191907542904,0.5445081655377285,0.012249915386842416,225.02030148424979,94.00862554994647,131.01167593430333,13336.1891573052,235.02156387486616,0.4841881299177255,0.4458299199195815,70.0,0.05,21.0,0.4,0.01,0.2,7.0,"Exploratory health-utility burden only: infant mortality is counted as undiscounted life-years lost, acute illness uses symptomatic cases, and hospitalizations are imputed from cases because the model summary has no hospitalization/admission columns. No costs, discounting, age weighting, or formal cost-effectiveness decision rule is applied."
Sweden,pregnancy_tdap_scaleup,pregnancy_tdap_scaleup,central_exploratory,3944.4113701610345,1.3868568147272555,938.0108623594792,0.32980504168224245,0.19211998014256915,1524.2852776356085,2361.3332660192004,58.79282650622559,0.3864417614163246,0.5986528899805896,0.014905348603085816,15338.628486713496,7307.24313251677,8031.385354196726,821406.6432509646,18268.107831291924,23.85150549297741,21.775503966222978,70.0,0.05,21.0,0.4,0.01,0.2,7.0,"Exploratory health-utility burden only: infant mortality is counted as undiscounted life-years lost, acute illness uses symptomatic cases, and hospitalizations are imputed from cases because the model summary has no hospitalization/admission columns. No costs, discounting, age weighting, or formal cost-effectiveness decision rule is applied."
Sweden,resistance_guided_treatment,resistance_guided_treatment,central_exploratory,2499.6276376154046,0.8788702034805849,2382.794594905109,0.8377916529289131,0.48803534012973093,1154.298265197018,1313.1934510666938,32.13592135169253,0.46178808708412095,0.5253556294966615,0.012856283419217417,8384.032338361212,3913.841147993333,4470.191190367879,456803.7219067713,9784.602869983331,17.64444053868319,16.48997521710026,70.0,0.05,21.0,0.4,0.01,0.2,7.0,"Exploratory health-utility burden only: infant mortality is counted as undiscounted life-years lost, acute illness uses symptomatic cases, and hospitalizations are imputed from cases because the model summary has no hospitalization/admission columns. No costs, discounting, age weighting, or formal cost-effectiveness decision rule is applied."
Sweden,targeted_pep_high_risk,targeted_pep_high_risk,central_exploratory,4639.298744339996,1.6311795285485027,243.1234881805176,0.0854823278609953,0.049795670386951985,2309.385443026724,2270.8363983236914,59.076902989581335,0.4977876119411805,0.48947837237128583,0.012734015687533792,15412.742012103274,7706.128613266084,7706.61339883719,789926.6614168842,19265.32153316521,34.98012138182142,32.99122061466748,70.0,0.05,21.0,0.4,0.01,0.2,7.0,"Exploratory health-utility burden only: infant mortality is counted as undiscounted life-years lost, acute illness uses symptomatic cases, and hospitalizations are imputed from cases because the model summary has no hospitalization/admission columns. No costs, discounting, age weighting, or formal cost-effectiveness decision rule is applied."
Sweden,transmission_blocking_vaccine,transmission_blocking_vaccine,central_exploratory,1511.1045706061288,0.5313050477808122,3371.317661914385,1.1853568086286859,0.6905010466851753,693.5191622679815,798.3910369152497,19.19437142289764,0.4589484908974894,0.5283492965645666,0.01270221253794399,5007.674401580974,2287.6042581949428,2720.070143386031,277726.0249840904,5719.010645487357,10.648815921959525,9.907416603828308,70.0,0.05,21.0,0.4,0.01,0.2,7.0,"Exploratory health-utility burden only: infant mortality is counted as undiscounted life-years lost, acute illness uses symptomatic cases, and hospitalizations are imputed from cases because the model summary has no hospitalization/admission columns. No costs, discounting, age weighting, or formal cost-effectiveness decision rule is applied."
Thailand,adolescent_booster,adolescent_booster,central_exploratory,19694.12822825399,1.093181089161863,1568.6769749612904,0.08707407547841228,0.07377563590358627,9289.785005724312,10164.424222003841,239.9190005258343,0.4717032862818884,0.5161144532115693,0.012182260506542088,62593.15353004355,27933.823429232423,34659.33010081112,3535767.568654193,69834.55857308106,143.3267563975395,132.7112143674902,70.0,0.05,21.0,0.4,0.01,0.2,7.0,"Exploratory health-utility burden only: infant mortality is counted as undiscounted life-years lost, acute illness uses symptomatic cases, and hospitalizations are imputed from cases because the model summary has no hospitalization/admission columns. No costs, discounting, age weighting, or formal cost-effectiveness decision rule is applied."
Thailand,cocooning_adjunct,cocooning_adjunct,central_exploratory,13847.383741498083,0.768640168603002,7415.421461717198,0.41161499603727325,0.3487508534666849,6373.356788948402,7304.753675795552,169.2732767541295,0.4602571076187204,0.5275186859958635,0.012224206385416212,44162.18881031843,19232.903980455285,24929.284829863143,2541010.7429374526,48082.25995113821,98.90139585190144,91.04795412783432,70.0,0.05,21.0,0.4,0.01,0.2,7.0,"Exploratory health-utility burden only: infant mortality is counted as undiscounted life-years lost, acute illness uses symptomatic cases, and hospitalizations are imputed from cases because the model summary has no hospitalization/admission columns. No costs, discounting, age weighting, or formal cost-effectiveness decision rule is applied."
Thailand,combined_strategy,combined_strategy,central_exploratory,122.63308928194854,0.0068071139037365535,21140.17211393333,1.1734480507365388,0.9942325065714563,35.18832974642077,85.65693733339451,1.7878222021332713,0.2869399274898676,0.6984814444041174,0.014578628106015077,466.43004237798374,172.78591539600438,293.64412698197935,29796.377486687947,431.96478849001096,0.5954251449099799,0.5026904249488682,70.0,0.05,21.0,0.4,0.01,0.2,7.0,"Exploratory health-utility burden only: infant mortality is counted as undiscounted life-years lost, acute illness uses symptomatic cases, and hospitalizations are imputed from cases because the model summary has no hospitalization/admission columns. No costs, discounting, age weighting, or formal cost-effectiveness decision rule is applied."
Thailand,current,current,central_exploratory,21262.80520321528,1.1802551646402752,0.0,0.0,0.0,10024.302980572053,10979.586463153595,258.9157594896345,0.47144781155480914,0.5163752552035469,0.012176933241644063,67549.27225256356,30108.714342879837,37440.557909683725,3819327.576825572,75271.78585719959,154.53337259882704,143.20432829388648,70.0,0.05,21.0,0.4,0.01,0.2,7.0,"Exploratory health-utility burden only: infant mortality is counted as undiscounted life-years lost, acute illness uses symptomatic cases, and hospitalizations are imputed from cases because the model summary has no hospitalization/admission columns. No costs, discounting, age weighting, or formal cost-effectiveness decision rule is applied."
Thailand,higher_child_coverage,higher_child_coverage,central_exploratory,21392.80936226094,1.1874714315291006,-130.00415904566034,-0.007216266888825373,-0.006114158400228442,10071.507472454552,11061.516006664013,259.7858831423751,0.4707893807636925,0.5170670115995908,0.012143607636716635,67776.28129839465,30049.23872915661,37727.042569238045,3847827.353746696,75123.09682289152,155.27270213121,143.87867817792218,70.0,0.05,21.0,0.4,0.01,0.2,7.0,"Exploratory health-utility burden only: infant mortality is counted as undiscounted life-years lost, acute illness uses symptomatic cases, and hospitalizations are imputed from cases because the model summary has no hospitalization/admission columns. No costs, discounting, age weighting, or formal cost-effectiveness decision rule is applied."
Thailand,maternal_adult_boosting_only,maternal_adult_boosting_only,central_exploratory,14278.811690686765,0.7925878586691278,6983.993512528516,0.3876673059711474,0.3284605886090901,6758.082679787536,7346.604075786311,174.1249351129186,0.4732944747913048,0.5145108875256106,0.012194637683084658,45427.951821423936,20381.810037299765,25046.141784124175,2555568.703505667,50954.52509324941,104.43709212003893,96.54403828267908,70.0,0.05,21.0,0.4,0.01,0.2,7.0,"Exploratory health-utility burden only: infant mortality is counted as undiscounted life-years lost, acute illness uses symptomatic cases, and hospitalizations are imputed from cases because the model summary has no hospitalization/admission columns. No costs, discounting, age weighting, or formal cost-effectiveness decision rule is applied."
Thailand,maternal_cocooning_only,maternal_cocooning_only,central_exploratory,20622.872494843035,1.1447337986657493,639.9327083722455,0.03552136597452593,0.03009634440311182,9434.71237887113,10936.345990901918,251.81412506998726,0.4574877908608696,0.5303017799114389,0.012210429227691536,65696.50655843774,28362.71370411759,37333.79285432016,3804286.0696923104,70906.78426029396,146.07575047763268,134.78160541244472,70.0,0.05,21.0,0.4,0.01,0.2,7.0,"Exploratory health-utility burden only: infant mortality is counted as undiscounted life-years lost, acute illness uses symptomatic cases, and hospitalizations are imputed from cases because the model summary has no hospitalization/admission columns. No costs, discounting, age weighting, or formal cost-effectiveness decision rule is applied."
Thailand,maternal_direct_antibody_only,maternal_direct_antibody_only,central_exploratory,16420.693441828815,0.9114793676254777,4842.111761386466,0.2687757970147976,0.22772685518721025,5285.136997368877,10892.504179252544,243.05226520739186,0.32185833175022466,0.6633400847436696,0.014801583506105727,63410.59990499991,26174.611365597055,37235.98853940285,3789035.382354278,65436.52841399264,86.76765070529109,75.50195710526967,70.0,0.05,21.0,0.4,0.01,0.2,7.0,"Exploratory health-utility burden only: infant mortality is counted as undiscounted life-years lost, acute illness uses symptomatic cases, and hospitalizations are imputed from cases because the model summary has no hospitalization/admission columns. No costs, discounting, age weighting, or formal cost-effectiveness decision rule is applied."
Thailand,maternal_immunization,maternal_immunization,central_exploratory,10723.705164688185,0.5952511100993455,10539.100038527096,0.5850040545409297,0.49565896587028946,3350.4064908763694,7214.859359957097,158.43931385471768,0.3124299334439777,0.6727953864038265,0.01477468015219576,41335.68527531117,16654.647840618738,24681.03743469243,2509740.3630707897,41636.619601546845,55.634612002029314,47.86294986966242,70.0,0.05,21.0,0.4,0.01,0.2,7.0,"Exploratory health-utility burden only: infant mortality is counted as undiscounted life-years lost, acute illness uses symptomatic cases, and hospitalizations are imputed from cases because the model summary has no hospitalization/admission columns. No costs, discounting, age weighting, or formal cost-effectiveness decision rule is applied."
Thailand,next_generation_vaccine,next_generation_vaccine,central_exploratory,1983.7519489865558,0.11011404471510969,19279.053254228726,1.0701411199251656,0.9067031875602858,854.0113695638358,1106.1045688260663,23.63601059665366,0.4305031029711788,0.5575820955796135,0.011914801449207722,6166.466336019821,2378.259062450408,3788.2072735694132,384766.3750130673,5945.647656126019,13.49538455336059,12.200162422340512,70.0,0.05,21.0,0.4,0.01,0.2,7.0,"Exploratory health-utility burden only: infant mortality is counted as undiscounted life-years lost, acute illness uses symptomatic cases, and hospitalizations are imputed from cases because the model summary has no hospitalization/admission columns. No costs, discounting, age weighting, or formal cost-effectiveness decision rule is applied."
Thailand,pregnancy_tdap_scaleup,pregnancy_tdap_scaleup,central_exploratory,16420.693441828815,0.9114793676254777,4842.111761386466,0.2687757970147976,0.22772685518721025,5285.136997368877,10892.504179252544,243.05226520739186,0.32185833175022466,0.6633400847436696,0.014801583506105727,63410.59990499991,26174.611365597055,37235.98853940285,3789035.382354278,65436.52841399264,86.76765070529109,75.50195710526967,70.0,0.05,21.0,0.4,0.01,0.2,7.0,"Exploratory health-utility burden only: infant mortality is counted as undiscounted life-years lost, acute illness uses symptomatic cases, and hospitalizations are imputed from cases because the model summary has no hospitalization/admission columns. No costs, discounting, age weighting, or formal cost-effectiveness decision rule is applied."
Thailand,resistance_guided_treatment,resistance_guided_treatment,central_exploratory,8644.870218600427,0.4798592013229405,12617.934984614854,0.7003959633173347,0.593427577594833,3797.2615530362477,4741.24304449714,106.36562106704005,0.43925026715450344,0.5484458325696797,0.012303900275817011,27750.030781954556,11545.926350209018,16204.104431745538,1649275.2590500764,28864.815875522545,59.01596751436815,54.24659361480354,70.0,0.05,21.0,0.4,0.01,0.2,7.0,"Exploratory health-utility burden only: infant mortality is counted as undiscounted life-years lost, acute illness uses symptomatic cases, and hospitalizations are imputed from cases because the model summary has no hospitalization/admission columns. No costs, discounting, age weighting, or formal cost-effectiveness decision rule is applied."
Thailand,targeted_pep_high_risk,targeted_pep_high_risk,central_exploratory,19303.17414336102,1.0714800217723757,1959.6310598542623,0.10877514286789958,0.09216239537189264,9043.453815594066,10024.322354370543,235.39797339641308,0.46849568617213144,0.5193095332364408,0.012194780591427964,61413.649845028485,27223.92667930794,34189.72316572054,3487032.133270324,68059.81669826985,139.47189293052708,129.1921973656295,70.0,0.05,21.0,0.4,0.01,0.2,7.0,"Exploratory health-utility burden only: infant mortality is counted as undiscounted life-years lost, acute illness uses symptomatic cases, and hospitalizations are imputed from cases because the model summary has no hospitalization/admission columns. No costs, discounting, age weighting, or formal cost-effectiveness decision rule is applied."
Thailand,transmission_blocking_vaccine,transmission_blocking_vaccine,central_exploratory,7189.943686453263,0.399099182237465,14072.86151676202,0.7811559824028103,0.6618534752241427,3174.9719883666735,3927.269279160565,87.70241892602402,0.44158509813487284,0.5462169733763037,0.012197928488823376,22880.934651950196,9456.049174518917,13424.885477431279,1366128.6706794251,23640.12293629729,49.67685510034879,45.35674269095248,70.0,0.05,21.0,0.4,0.01,0.2,7.0,"Exploratory health-utility burden only: infant mortality is counted as undiscounted life-years lost, acute illness uses symptomatic cases, and hospitalizations are imputed from cases because the model summary has no hospitalization/admission columns. No costs, discounting, age weighting, or formal cost-effectiveness decision rule is applied."
United_Kingdom,adolescent_booster,adolescent_booster,central_exploratory,86201.80162039408,4.569519729710587,-1397.3634578658966,-0.07407362371367565,-0.01647748028455598,55267.46915084215,29865.542696267414,1068.789773284518,0.6411405343269146,0.34646077152523996,0.012398694147845491,278839.6176372644,179436.09652846004,99403.52110880442,10388942.352201592,448590.2413211501,818.3152174596203,789.5352735834593,70.0,0.05,21.0,0.4,0.01,0.2,7.0,"Exploratory health-utility burden only: infant mortality is counted as undiscounted life-years lost, acute illness uses symptomatic cases, and hospitalizations are imputed from cases because the model summary has no hospitalization/admission columns. No costs, discounting, age weighting, or formal cost-effectiveness decision rule is applied."
United_Kingdom,cocooning_adjunct,cocooning_adjunct,central_exploratory,72680.05810621074,3.8527380321345412,12124.380056317445,0.6427080738623698,0.14296869738209927,46179.191763781964,25598.460410409247,902.4059320195234,0.6353763737543822,0.35220748410796576,0.012416142137652061,235431.2619072364,150138.6552904307,85292.60661680569,8904607.299906645,375346.6382260767,685.8151718724066,659.7027394825994,70.0,0.05,21.0,0.4,0.01,0.2,7.0,"Exploratory health-utility burden only: infant mortality is counted as undiscounted life-years lost, acute illness uses symptomatic cases, and hospitalizations are imputed from cases because the model summary has no hospitalization/admission columns. No costs, discounting, age weighting, or formal cost-effectiveness decision rule is applied."
United_Kingdom,combined_strategy,combined_strategy,central_exploratory,20429.36463842653,1.0829516674297508,64375.07352410165,3.41249443856716,0.7591002890759851,8079.294271511668,12044.874676471756,305.19569044310634,0.3954745737082274,0.5895863571702077,0.014939069121564836,79623.37566738899,38691.711545734164,40931.66412165482,4189895.691029818,96729.2788643354,127.4477890659966,115.41848959302382,70.0,0.05,21.0,0.4,0.01,0.2,7.0,"Exploratory health-utility burden only: infant mortality is counted as undiscounted life-years lost, acute illness uses symptomatic cases, and hospitalizations are imputed from cases because the model summary has no hospitalization/admission columns. No costs, discounting, age weighting, or formal cost-effectiveness decision rule is applied."
United_Kingdom,current,current,central_exploratory,84804.43816252818,4.495446105996911,0.0,0.0,0.0,54292.33749839879,29463.080321759637,1049.0203423697487,0.6402063226260307,0.3474238018686413,0.012369875505327862,273681.91432182194,175582.0358121475,98099.87850967447,10248942.940497816,438955.0895303687,803.9711378521316,775.604821405697,70.0,0.05,21.0,0.4,0.01,0.2,7.0,"Exploratory health-utility burden only: infant mortality is counted as undiscounted life-years lost, acute illness uses symptomatic cases, and hospitalizations are imputed from cases because the model summary has no hospitalization/admission columns. No costs, discounting, age weighting, or formal cost-effectiveness decision rule is applied."
United_Kingdom,higher_child_coverage,higher_child_coverage,central_exploratory,85110.75635662326,4.511683899409376,-306.31819409507443,-0.016237793412464896,-0.0036120538114763345,54528.76395181186,29529.444462511477,1052.547942299919,0.6406800536859343,0.3469531434872922,0.012366802826773498,274602.239946461,176289.1878334172,98313.05211304378,10272028.18088792,440722.969583543,807.3984703403484,778.9823421687408,70.0,0.05,21.0,0.4,0.01,0.2,7.0,"Exploratory health-utility burden only: infant mortality is counted as undiscounted life-years lost, acute illness uses symptomatic cases, and hospitalizations are imputed from cases because the model summary has no hospitalization/admission columns. No costs, discounting, age weighting, or formal cost-effectiveness decision rule is applied."
United_Kingdom,maternal_adult_boosting_only,maternal_adult_boosting_only,central_exploratory,74906.36794841017,3.9707537413535747,9898.070214118008,0.5246923646433364,0.11671641754348161,48323.46827528416,25655.1442091466,927.7554639794139,0.6451182936618379,0.3424961710440415,0.012385535294120542,242044.77372748635,156719.50983145562,85325.26389603072,8924325.164181711,391798.774578639,716.468909499023,690.335261075488,70.0,0.05,21.0,0.4,0.01,0.2,7.0,"Exploratory health-utility burden only: infant mortality is counted as undiscounted life-years lost, acute illness uses symptomatic cases, and hospitalizations are imputed from cases because the model summary has no hospitalization/admission columns. No costs, discounting, age weighting, or formal cost-effectiveness decision rule is applied."
United_Kingdom,maternal_cocooning_only,maternal_cocooning_only,central_exploratory,82092.76123945451,4.351701300677324,2711.676923073668,0.1437448053195869,0.031975648702214476,51686.02038700299,29388.37804908577,1018.3628033657652,0.6296050907124588,0.35798988370440454,0.012405025583136688,265683.5813781041,167645.13760461393,98038.44377349016,10222957.22136055,419112.8440115348,766.7050125795253,738.3717198143283,70.0,0.05,21.0,0.4,0.01,0.2,7.0,"Exploratory health-utility burden only: infant mortality is counted as undiscounted life-years lost, acute illness uses symptomatic cases, and hospitalizations are imputed from cases because the model summary has no hospitalization/admission columns. No costs, discounting, age weighting, or formal cost-effectiveness decision rule is applied."
United_Kingdom,maternal_direct_antibody_only,maternal_direct_antibody_only,central_exploratory,63746.152494262606,3.3791556106135947,21058.285668265577,1.1162904953833164,0.24831584436544762,33490.879793772656,29277.73737611751,977.5353243724365,0.5253788422256067,0.45928634483081343,0.015334812943579903,255031.9837335946,157115.16205519423,97916.82167840035,10184470.07297802,392787.9051379856,506.7330225368752,478.4411399110379,70.0,0.05,21.0,0.4,0.01,0.2,7.0,"Exploratory health-utility burden only: infant mortality is counted as undiscounted life-years lost, acute illness uses symptomatic cases, and hospitalizations are imputed from cases because the model summary has no hospitalization/admission columns. No costs, discounting, age weighting, or formal cost-effectiveness decision rule is applied."
United_Kingdom,maternal_immunization,maternal_immunization,central_exploratory,54733.726089423915,2.901410835971244,30070.712073104267,1.594035270025667,0.3545888956362587,28469.951726495507,25423.38211974655,840.3922431818546,0.5201537289820416,0.46449207711913953,0.015354193898818846,219252.3334444088,134169.52080513307,85082.81263927574,8843705.065940406,335423.80201283266,432.741302782767,406.71359609279295,70.0,0.05,21.0,0.4,0.01,0.2,7.0,"Exploratory health-utility burden only: infant mortality is counted as undiscounted life-years lost, acute illness uses symptomatic cases, and hospitalizations are imputed from cases because the model summary has no hospitalization/admission columns. No costs, discounting, age weighting, or formal cost-effectiveness decision rule is applied."
United_Kingdom,next_generation_vaccine,next_generation_vaccine,central_exploratory,45276.75489737,2.400100937059574,39527.68326515818,2.095345168937337,0.4661039459916373,25886.685919699383,18852.55353812449,537.5154395461312,0.5717434029531799,0.416384822208616,0.011871774838204095,140233.93878158886,76568.1894238521,63665.74935773674,6557995.4093333045,191420.47355963025,388.89852899505206,369.8097988528483,70.0,0.05,21.0,0.4,0.01,0.2,7.0,"Exploratory health-utility burden only: infant mortality is counted as undiscounted life-years lost, acute illness uses symptomatic cases, and hospitalizations are imputed from cases because the model summary has no hospitalization/admission columns. No costs, discounting, age weighting, or formal cost-effectiveness decision rule is applied."
United_Kingdom,pregnancy_tdap_scaleup,pregnancy_tdap_scaleup,central_exploratory,63746.152494262606,3.3791556106135947,21058.285668265577,1.1162904953833164,0.24831584436544762,33490.879793772656,29277.73737611751,977.5353243724365,0.5253788422256067,0.45928634483081343,0.015334812943579903,255031.9837335946,157115.16205519423,97916.82167840035,10184470.07297802,392787.9051379856,506.7330225368752,478.4411399110379,70.0,0.05,21.0,0.4,0.01,0.2,7.0,"Exploratory health-utility burden only: infant mortality is counted as undiscounted life-years lost, acute illness uses symptomatic cases, and hospitalizations are imputed from cases because the model summary has no hospitalization/admission columns. No costs, discounting, age weighting, or formal cost-effectiveness decision rule is applied."
United_Kingdom,resistance_guided_treatment,resistance_guided_treatment,central_exploratory,66454.1373933557,3.522704703549216,18350.300769172478,0.9727414024476952,0.21638373140334966,40002.16046246143,25608.785088194934,843.1918426993482,0.6019513913133867,0.38536028143155737,0.012688327255055953,219982.72896138352,134257.17008529496,85725.55887608856,8908198.812822094,335642.9252132374,595.2536952713922,571.4594351780204,70.0,0.05,21.0,0.4,0.01,0.2,7.0,"Exploratory health-utility burden only: infant mortality is counted as undiscounted life-years lost, acute illness uses symptomatic cases, and hospitalizations are imputed from cases because the model summary has no hospitalization/admission columns. No costs, discounting, age weighting, or formal cost-effectiveness decision rule is applied."
United_Kingdom,targeted_pep_high_risk,targeted_pep_high_risk,central_exploratory,76170.03325476573,4.037740085261923,8634.404907762451,0.4577060207349879,0.10181548389265394,48637.49714393027,26588.29370156141,944.2424092740503,0.6385384785280656,0.34906501369943754,0.012396507772496894,246346.09999096201,157801.86788332803,88544.23210763399,9248927.88047172,394504.66970832006,720.5847110449041,694.8213877704324,70.0,0.05,21.0,0.4,0.01,0.2,7.0,"Exploratory health-utility burden only: infant mortality is counted as undiscounted life-years lost, acute illness uses symptomatic cases, and hospitalizations are imputed from cases because the model summary has no hospitalization/admission columns. No costs, discounting, age weighting, or formal cost-effectiveness decision rule is applied."
United_Kingdom,transmission_blocking_vaccine,transmission_blocking_vaccine,central_exploratory,56157.420824482004,2.976880269764972,28647.01733804618,1.518565836231939,0.33780092125772954,33194.15239319535,22267.540003232447,695.7284280542116,0.5910911132643089,0.39651999105921976,0.012388895676471426,181510.577390572,106719.3322571859,74791.24513338608,7745922.843981572,266798.33064296475,495.9839933171393,474.20217704564783,70.0,0.05,21.0,0.4,0.01,0.2,7.0,"Exploratory health-utility burden only: infant mortality is counted as undiscounted life-years lost, acute illness uses symptomatic cases, and hospitalizations are imputed from cases because the model summary has no hospitalization/admission columns. No costs, discounting, age weighting, or formal cost-effectiveness decision rule is applied."
United_States,adolescent_booster,adolescent_booster,central_exploratory,145770.0586234599,1.5398591113990108,4.662302326381905,4.925038085001887e-05,3.198292747030873e-05,74585.81375470165,69335.38953996284,1848.855328795382,0.511667584269586,0.4756490475116278,0.012683368218786129,482353.14917322376,247348.7632109115,235004.38596231223,24118810.504258502,618371.9080272787,1125.6947979746217,1065.5116250671665,70.0,0.05,21.0,0.4,0.01,0.2,7.0,"Exploratory health-utility burden only: infant mortality is counted as undiscounted life-years lost, acute illness uses symptomatic cases, and hospitalizations are imputed from cases because the model summary has no hospitalization/admission columns. No costs, discounting, age weighting, or formal cost-effectiveness decision rule is applied."
United_States,cocooning_adjunct,cocooning_adjunct,central_exploratory,128422.4674896447,1.35660579770537,17352.253436141575,0.18330256407449075,0.11903472238492974,64231.302607872145,62558.50056436843,1632.6643174041196,0.5001562722118807,0.48713049816935505,0.012713229618764092,425950.45852275327,213678.2008669453,212272.25765580797,21761421.26774816,534195.5021673632,973.4660002992212,917.5900372553164,70.0,0.05,21.0,0.4,0.01,0.2,7.0,"Exploratory health-utility burden only: infant mortality is counted as undiscounted life-years lost, acute illness uses symptomatic cases, and hospitalizations are imputed from cases because the model summary has no hospitalization/admission columns. No costs, discounting, age weighting, or formal cost-effectiveness decision rule is applied."
United_States,combined_strategy,combined_strategy,central_exploratory,1752.3316039058068,0.018510960419465056,144022.38932188047,1.5213974013603957,0.9879791805274803,592.7717685940079,1133.8815374291885,25.678297882610362,0.3382760245108672,0.6470701863173941,0.014653789171738667,6699.284501159596,2825.6375196654117,3873.6469814941847,394428.791948582,7064.093799163529,9.516008253187406,8.46816812277154,70.0,0.05,21.0,0.4,0.01,0.2,7.0,"Exploratory health-utility burden only: infant mortality is counted as undiscounted life-years lost, acute illness uses symptomatic cases, and hospitalizations are imputed from cases because the model summary has no hospitalization/admission columns. No costs, discounting, age weighting, or formal cost-effectiveness decision rule is applied."
United_States,current,current,central_exploratory,145774.72092578627,1.5399083617798608,0.0,0.0,0.0,74590.48526085638,69335.3270898135,1848.9085751164007,0.5116832657071613,0.47563340646086383,0.012683327831974912,482367.04075804667,247363.23379770957,235003.80696033707,24118788.78052798,618408.0844942739,1125.7696284490016,1065.5783608693769,70.0,0.05,21.0,0.4,0.01,0.2,7.0,"Exploratory health-utility burden only: infant mortality is counted as undiscounted life-years lost, acute illness uses symptomatic cases, and hospitalizations are imputed from cases because the model summary has no hospitalization/admission columns. No costs, discounting, age weighting, or formal cost-effectiveness decision rule is applied."
United_States,higher_child_coverage,higher_child_coverage,central_exploratory,146176.10745253015,1.5441484558903154,-401.3865267438814,-0.004240094110454562,-0.0027534714125656556,74805.76962601108,69516.4355345602,1853.902291958886,0.5117510031542181,0.47556633396559184,0.012682662880190116,483669.86581284506,248053.31214994506,235616.55366290003,24181788.646664865,620133.2803748626,1128.939495428359,1068.6538518001582,70.0,0.05,21.0,0.4,0.01,0.2,7.0,"Exploratory health-utility burden only: infant mortality is counted as undiscounted life-years lost, acute illness uses symptomatic cases, and hospitalizations are imputed from cases because the model summary has no hospitalization/admission columns. No costs, discounting, age weighting, or formal cost-effectiveness decision rule is applied."
United_States,maternal_adult_boosting_only,maternal_adult_boosting_only,central_exploratory,132321.4379418163,1.3977930295103695,13453.282983969984,0.14211533226949125,0.09228817519615784,67868.25808217778,62773.20538773755,1679.974471900948,0.5129044781996737,0.4743993593490109,0.012696162451315393,438293.3399013009,225571.54990735487,212721.78999394603,21836107.87416299,563928.8747683872,1025.5537822265278,969.5465440311112,70.0,0.05,21.0,0.4,0.01,0.2,7.0,"Exploratory health-utility burden only: infant mortality is counted as undiscounted life-years lost, acute illness uses symptomatic cases, and hospitalizations are imputed from cases because the model summary has no hospitalization/admission columns. No costs, discounting, age weighting, or formal cost-effectiveness decision rule is applied."
United_States,maternal_cocooning_only,maternal_cocooning_only,central_exploratory,141410.40232517282,1.4938053696669653,4364.318600613449,0.04610299211289548,0.02993878892647872,70486.07220432321,69128.11875943824,1796.2113614113864,0.49845040425131304,0.48884747955442714,0.012702116194259906,468618.7141110778,234001.65670113164,234617.05740994614,24046709.88274744,585004.1417528291,1067.0226444666976,1006.9438886331887,70.0,0.05,21.0,0.4,0.01,0.2,7.0,"Exploratory health-utility burden only: infant mortality is counted as undiscounted life-years lost, acute illness uses symptomatic cases, and hospitalizations are imputed from cases because the model summary has no hospitalization/admission columns. No costs, discounting, age weighting, or formal cost-effectiveness decision rule is applied."
United_States,maternal_direct_antibody_only,maternal_direct_antibody_only,central_exploratory,116801.14975633228,1.2338426442078858,28973.571169453993,0.306065717571975,0.19875579925962883,46117.05743503658,68935.64917794873,1748.443143346978,0.39483393383750814,0.5901966660581732,0.014969400104318645,456156.3272196312,221906.40777353352,234249.91944609763,23979757.964043595,554766.0194338338,718.7960150614781,658.8151062148082,70.0,0.05,21.0,0.4,0.01,0.2,7.0,"Exploratory health-utility burden only: infant mortality is counted as undiscounted life-years lost, acute illness uses symptomatic cases, and hospitalizations are imputed from cases because the model summary has no hospitalization/admission columns. No costs, discounting, age weighting, or formal cost-effectiveness decision rule is applied."
United_States,maternal_immunization,maternal_immunization,central_exploratory,103491.41197836283,1.0932436687358598,42283.308947423444,0.446664693044001,0.2900592687050989,39738.56146712659,62206.96333959246,1545.887171643791,0.38397931487720754,0.6010833377420554,0.014937347380737185,403310.921030639,191712.36481983832,211598.55621080069,21639136.533129662,479280.9120495958,623.3791557965142,567.6937352446655,70.0,0.05,21.0,0.4,0.01,0.2,7.0,"Exploratory health-utility burden only: infant mortality is counted as undiscounted life-years lost, acute illness uses symptomatic cases, and hospitalizations are imputed from cases because the model summary has no hospitalization/admission columns. No costs, discounting, age weighting, or formal cost-effectiveness decision rule is applied."
United_States,next_generation_vaccine,next_generation_vaccine,central_exploratory,456.9797583548988,0.004827359276095418,145317.74116743138,1.5350810025037653,0.996865164580987,219.34931486977874,232.08767630645093,5.542767178669208,0.4799978792483584,0.5078729901340782,0.012129130617563577,1446.068365720663,655.1126215359063,790.9557441847567,80733.35597231543,1637.7815538397658,3.3583393735330613,3.133561640996839,70.0,0.05,21.0,0.4,0.01,0.2,7.0,"Exploratory health-utility burden only: infant mortality is counted as undiscounted life-years lost, acute illness uses symptomatic cases, and hospitalizations are imputed from cases because the model summary has no hospitalization/admission columns. No costs, discounting, age weighting, or formal cost-effectiveness decision rule is applied."
United_States,pregnancy_tdap_scaleup,pregnancy_tdap_scaleup,central_exploratory,116801.14975633228,1.2338426442078858,28973.571169453993,0.306065717571975,0.19875579925962883,46117.05743503658,68935.64917794873,1748.443143346978,0.39483393383750814,0.5901966660581732,0.014969400104318645,456156.3272196312,221906.40777353352,234249.91944609763,23979757.964043595,554766.0194338338,718.7960150614781,658.8151062148082,70.0,0.05,21.0,0.4,0.01,0.2,7.0,"Exploratory health-utility burden only: infant mortality is counted as undiscounted life-years lost, acute illness uses symptomatic cases, and hospitalizations are imputed from cases because the model summary has no hospitalization/admission columns. No costs, discounting, age weighting, or formal cost-effectiveness decision rule is applied."
United_States,resistance_guided_treatment,resistance_guided_treatment,central_exploratory,64025.16981217991,0.6763373905919503,81749.55111360636,0.8635709711879105,0.5607937411536871,30454.638816823386,32750.74163095512,819.7893644014121,0.4756666621293335,0.5115291646555655,0.012804173215101076,213877.18953401124,102514.25172517529,111362.93780883594,11392579.410196532,256285.6293129382,463.40489556194655,435.06626881176265,70.0,0.05,21.0,0.4,0.01,0.2,7.0,"Exploratory health-utility burden only: infant mortality is counted as undiscounted life-years lost, acute illness uses symptomatic cases, and hospitalizations are imputed from cases because the model summary has no hospitalization/admission columns. No costs, discounting, age weighting, or formal cost-effectiveness decision rule is applied."
United_States,targeted_pep_high_risk,targeted_pep_high_risk,central_exploratory,136959.93247111884,1.446792309701147,8814.788454667432,0.09311605207871376,0.060468566831659576,69615.28109757615,65605.07481713618,1739.5765564065111,0.5082893941427442,0.479009252074292,0.012701353782963795,453843.09801962716,231416.57352968855,222426.52448993857,22821193.88281808,578541.4338242214,1051.3407557834355,994.5040156796592,70.0,0.05,21.0,0.4,0.01,0.2,7.0,"Exploratory health-utility burden only: infant mortality is counted as undiscounted life-years lost, acute illness uses symptomatic cases, and hospitalizations are imputed from cases because the model summary has no hospitalization/admission columns. No costs, discounting, age weighting, or formal cost-effectiveness decision rule is applied."
United_States,transmission_blocking_vaccine,transmission_blocking_vaccine,central_exploratory,36419.44192904398,0.3847210463446707,109355.2789967423,1.1551873154351902,0.7501662723293082,17295.681179378196,18662.664973410294,461.0957762554858,0.47490242198316446,0.5124368739578925,0.012660704058942996,120296.59448379726,56797.109052606625,63499.48543119064,6491941.31575058,141992.77263151656,264.10474046462843,247.0811597054028,70.0,0.05,21.0,0.4,0.01,0.2,7.0,"Exploratory health-utility burden only: infant mortality is counted as undiscounted life-years lost, acute illness uses symptomatic cases, and hospitalizations are imputed from cases because the model summary has no hospitalization/admission columns. No costs, discounting, age weighting, or formal cost-effectiveness decision rule is applied."
Australia,adolescent_booster,adolescent_booster,higher_burden,64778.980809875095,8.414743370479806,-5.254087506829819,-0.0006825000042631757,-8.111448534298127e-05,28725.48208665722,33976.50112058693,2076.9976026309437,0.4434383148287851,0.5244988528039245,0.03206283236729035,252874.4581203174,126222.16981505921,126652.28830525819,4432113.226533705,210370.2830250987,369.66003823954543,359.06852608321526,80.0,0.1,28.0,0.6,0.03,0.3,10.0,"Exploratory health-utility burden only: infant mortality is counted as undiscounted life-years lost, acute illness uses symptomatic cases, and hospitalizations are imputed from cases because the model summary has no hospitalization/admission columns. No costs, discounting, age weighting, or formal cost-effectiveness decision rule is applied."
Australia,cocooning_adjunct,cocooning_adjunct,higher_burden,63306.8909823471,8.223519953206589,1466.835740021168,0.1905409172689545,0.02264553568622485,27536.25436304698,33738.50453627334,2032.1320830267746,0.4349645660331885,0.5329357359482588,0.032099698018552635,247412.0811085098,121452.69310060612,125959.38800790368,4401067.422097799,202421.1551676769,354.8361559128335,344.2031795380873,80.0,0.1,28.0,0.6,0.03,0.3,10.0,"Exploratory health-utility burden only: infant mortality is counted as undiscounted life-years lost, acute illness uses symptomatic cases, and hospitalizations are imputed from cases because the model summary has no hospitalization/admission columns. No costs, discounting, age weighting, or formal cost-effectiveness decision rule is applied."
Australia,combined_strategy,combined_strategy,higher_burden,29759.45838195218,3.865732402078222,35014.268340416085,4.548328468397321,0.5405628194050572,6886.393605543926,21837.480663734583,1035.5841126736707,0.23140184600000063,0.733799667435415,0.03479848656458437,126082.36571801941,42761.81565322657,83320.55006479284,2848621.361581806,71269.69275537762,92.19211133950458,86.07992006929908,80.0,0.1,28.0,0.6,0.03,0.3,10.0,"Exploratory health-utility burden only: infant mortality is counted as undiscounted life-years lost, acute illness uses symptomatic cases, and hospitalizations are imputed from cases because the model summary has no hospitalization/admission columns. No costs, discounting, age weighting, or formal cost-effectiveness decision rule is applied."
Australia,current,current,higher_burden,64773.726722368265,8.414060870475543,0.0,0.0,0.0,28724.179382850838,33972.713905952674,2076.833433564755,0.4434541724913836,0.5244829288820416,0.03206289862657483,252854.4705365089,126216.73115704829,126637.7393794606,4431619.197910434,210361.21859508049,369.6428620719051,359.0522422856355,80.0,0.1,28.0,0.6,0.03,0.3,10.0,"Exploratory health-utility burden only: infant mortality is counted as undiscounted life-years lost, acute illness uses symptomatic cases, and hospitalizations are imputed from cases because the model summary has no hospitalization/admission columns. No costs, discounting, age weighting, or formal cost-effectiveness decision rule is applied."
Australia,higher_child_coverage,higher_child_coverage,higher_burden,64881.55098904032,8.428067148177623,-107.82426667205436,-0.014006277702080183,-0.0016646296597107035,28774.129994721465,34027.30118174801,2080.1198125708484,0.44348708617619115,0.5244526473711432,0.0320602664526657,253254.58718050082,126413.0418821047,126841.54529839611,4438739.913083378,210688.4031368412,370.28178847047633,359.6766249340183,80.0,0.1,28.0,0.6,0.03,0.3,10.0,"Exploratory health-utility burden only: infant mortality is counted as undiscounted life-years lost, acute illness uses symptomatic cases, and hospitalizations are imputed from cases because the model summary has no hospitalization/admission columns. No costs, discounting, age weighting, or formal cost-effectiveness decision rule is applied."
Australia,maternal_adult_boosting_only,maternal_adult_boosting_only,higher_burden,64656.16822540669,8.398790100821383,117.55849696157384,0.015270769654160077,0.0018149101944596735,28778.631693538366,33803.10208539432,2074.434446474004,0.44510264810635314,0.5228132599437182,0.03208409194992866,252562.39385820995,126607.97432416525,125954.4195340447,4409493.941675099,211013.29054027543,370.3731085453288,359.73289616922955,80.0,0.1,28.0,0.6,0.03,0.3,10.0,"Exploratory health-utility burden only: infant mortality is counted as undiscounted life-years lost, acute illness uses symptomatic cases, and hospitalizations are imputed from cases because the model summary has no hospitalization/admission columns. No costs, discounting, age weighting, or formal cost-effectiveness decision rule is applied."
Australia,maternal_cocooning_only,maternal_cocooning_only,higher_burden,63399.166681793344,8.235506500304776,1374.560040574921,0.17855437017076703,0.02122095037802174,27461.22473438733,33904.089462736774,2033.8524846692387,0.43314803918824235,0.5347718469692944,0.03208011384246333,247621.5400084798,120991.0720811298,126630.46792734998,4422667.384380216,201651.786801883,353.8465499213109,343.26530917984167,80.0,0.1,28.0,0.6,0.03,0.3,10.0,"Exploratory health-utility burden only: infant mortality is counted as undiscounted life-years lost, acute illness uses symptomatic cases, and hospitalizations are imputed from cases because the model summary has no hospitalization/admission columns. No costs, discounting, age weighting, or formal cost-effectiveness decision rule is applied."
Australia,maternal_direct_antibody_only,maternal_direct_antibody_only,higher_burden,54412.44981422136,7.068138393753527,10361.276908146901,1.3459224767220164,0.15996110510295602,18625.81869658607,33809.479061472455,1977.1520561628329,0.3423080335507699,0.6213555753675316,0.036336391081698366,240718.26283782494,114114.19892098701,126604.06391683794,4410325.795429576,190190.33153497835,243.3963674202521,232.82273370732588,80.0,0.1,28.0,0.6,0.03,0.3,10.0,"Exploratory health-utility burden only: infant mortality is counted as undiscounted life-years lost, acute illness uses symptomatic cases, and hospitalizations are imputed from cases because the model summary has no hospitalization/admission columns. No costs, discounting, age weighting, or formal cost-effectiveness decision rule is applied."
Australia,maternal_immunization,maternal_immunization,higher_burden,53342.766080582514,6.929187240084442,11430.96064178575,1.4848736303911014,0.17647526582468975,17853.93359025889,33553.91095851427,1934.921531809346,0.33470205806890024,0.6290245786621917,0.036273363268907864,235576.69649778787,109754.8010774007,125821.89542038717,4376987.849141907,182924.6684623345,233.78152318521077,223.1741698782361,80.0,0.1,28.0,0.6,0.03,0.3,10.0,"Exploratory health-utility burden only: infant mortality is counted as undiscounted life-years lost, acute illness uses symptomatic cases, and hospitalizations are imputed from cases because the model summary has no hospitalization/admission columns. No costs, discounting, age weighting, or formal cost-effectiveness decision rule is applied."
Australia,next_generation_vaccine,next_generation_vaccine,higher_burden,42793.84996933077,5.5588905677155775,21979.876753037497,2.8551703027599658,0.3393332121717678,15605.460145130277,25874.344064130368,1314.045760070119,0.36466595448444816,0.6046276294998892,0.030706416015662562,159985.07128853697,61819.57688917108,98165.4943993659,3375215.7747941487,103032.62814861847,202.9753159518409,195.06825181412847,80.0,0.1,28.0,0.6,0.03,0.3,10.0,"Exploratory health-utility burden only: infant mortality is counted as undiscounted life-years lost, acute illness uses symptomatic cases, and hospitalizations are imputed from cases because the model summary has no hospitalization/admission columns. No costs, discounting, age weighting, or formal cost-effectiveness decision rule is applied."
Australia,pregnancy_tdap_scaleup,pregnancy_tdap_scaleup,higher_burden,54412.44981422136,7.068138393753527,10361.276908146901,1.3459224767220164,0.15996110510295602,18625.81869658607,33809.479061472455,1977.1520561628329,0.3423080335507699,0.6213555753675316,0.036336391081698366,240718.26283782494,114114.19892098701,126604.06391683794,4410325.795429576,190190.33153497835,243.3963674202521,232.82273370732588,80.0,0.1,28.0,0.6,0.03,0.3,10.0,"Exploratory health-utility burden only: infant mortality is counted as undiscounted life-years lost, acute illness uses symptomatic cases, and hospitalizations are imputed from cases because the model summary has no hospitalization/admission columns. No costs, discounting, age weighting, or formal cost-effectiveness decision rule is applied."
Australia,resistance_guided_treatment,resistance_guided_treatment,higher_burden,51874.20020116592,6.73842158016048,12899.526521202344,1.675639290315063,0.19914751202276837,20722.60510241835,29474.20938918422,1677.385709563348,0.39947806466522817,0.5681862905815319,0.03233564475323992,204221.71013933764,93555.31541660122,110666.3947227364,3844805.3497855486,155925.52569433537,267.6886862573596,259.0325637802294,80.0,0.1,28.0,0.6,0.03,0.3,10.0,"Exploratory health-utility burden only: infant mortality is counted as undiscounted life-years lost, acute illness uses symptomatic cases, and hospitalizations are imputed from cases because the model summary has no hospitalization/admission columns. No costs, discounting, age weighting, or formal cost-effectiveness decision rule is applied."
Australia,targeted_pep_high_risk,targeted_pep_high_risk,higher_burden,64131.39867666441,8.330622913841756,642.3280457038563,0.08343795663378728,0.009916490500183617,28155.946457115242,33919.295921008576,2056.156298540589,0.4390352781649278,0.528903105513444,0.032061616321628204,250337.0293473167,123786.84102181783,126550.1883254989,4424651.012552993,206311.40170302973,362.4614597491695,351.9493307139405,80.0,0.1,28.0,0.6,0.03,0.3,10.0,"Exploratory health-utility burden only: infant mortality is counted as undiscounted life-years lost, acute illness uses symptomatic cases, and hospitalizations are imputed from cases because the model summary has no hospitalization/admission columns. No costs, discounting, age weighting, or formal cost-effectiveness decision rule is applied."
Australia,transmission_blocking_vaccine,transmission_blocking_vaccine,higher_burden,46258.82827229305,6.0089887761781355,18514.898450075212,2.4050720942974078,0.2858396357126921,17580.13460668107,27210.095127515327,1468.5985380966492,0.38003847618446435,0.588214101908261,0.03174742190727458,178801.87201326704,76124.29484112728,102677.57717213976,3549459.7304732045,126873.82473521214,227.78440263521708,219.75168258351337,80.0,0.1,28.0,0.6,0.03,0.3,10.0,"Exploratory health-utility burden only: infant mortality is counted as undiscounted life-years lost, acute illness uses symptomatic cases, and hospitalizations are imputed from cases because the model summary has no hospitalization/admission columns. No costs, discounting, age weighting, or formal cost-effectiveness decision rule is applied."
Brazil,adolescent_booster,adolescent_booster,higher_burden,158561.12966217613,2.805333252447599,675.8062601979764,0.011956660805622299,0.004244029541785599,45331.4241872956,108111.03244390988,5118.673030970646,0.28589241438855084,0.681825568941435,0.03228201667001416,623198.4415206761,210649.9993435154,412548.44217716076,14102698.071477884,351083.3322391923,598.0743743324274,566.642802341195,80.0,0.1,28.0,0.6,0.03,0.3,10.0,"Exploratory health-utility burden only: infant mortality is counted as undiscounted life-years lost, acute illness uses symptomatic cases, and hospitalizations are imputed from cases because the model summary has no hospitalization/admission columns. No costs, discounting, age weighting, or formal cost-effectiveness decision rule is applied."
Brazil,cocooning_adjunct,cocooning_adjunct,higher_burden,126530.52044772323,2.23863362438475,32706.415474650872,0.578656288868471,0.20539465473384155,34842.94860338199,87603.71349437702,4083.8583499642077,0.27537189035571497,0.6923524315271505,0.0322756781171344,497209.7541081422,162507.37627374515,334702.3778343971,11427591.554936145,270845.6271229086,462.1465909290749,435.5368575422749,80.0,0.1,28.0,0.6,0.03,0.3,10.0,"Exploratory health-utility burden only: infant mortality is counted as undiscounted life-years lost, acute illness uses symptomatic cases, and hospitalizations are imputed from cases because the model summary has no hospitalization/admission columns. No costs, discounting, age weighting, or formal cost-effectiveness decision rule is applied."
Brazil,combined_strategy,combined_strategy,higher_burden,894.7778089024914,0.01583080257777919,158342.1581134716,2.801459110675442,0.9943808400750773,159.45220914670793,704.774101541493,30.55149821429049,0.17820313329214926,0.7876526379280109,0.03414422877983985,3719.6449075898677,1012.1968133874884,2707.4480942023793,91935.26449572512,1686.9946889791474,2.212213971327357,1.9931526143338492,80.0,0.1,28.0,0.6,0.03,0.3,10.0,"Exploratory health-utility burden only: infant mortality is counted as undiscounted life-years lost, acute illness uses symptomatic cases, and hospitalizations are imputed from cases because the model summary has no hospitalization/admission columns. No costs, discounting, age weighting, or formal cost-effectiveness decision rule is applied."
Brazil,current,current,higher_burden,159236.9359223741,2.817289913253221,0.0,0.0,0.0,45559.7691895668,108538.04152951452,5139.125203292787,0.2861130737392271,0.6816134768030538,0.032273449457719046,625688.4935008968,211512.10215896848,414176.3913419284,14158399.881662562,352520.17026494746,600.462897945604,569.4971148695851,80.0,0.1,28.0,0.6,0.03,0.3,10.0,"Exploratory health-utility burden only: infant mortality is counted as undiscounted life-years lost, acute illness uses symptomatic cases, and hospitalizations are imputed from cases because the model summary has no hospitalization/admission columns. No costs, discounting, age weighting, or formal cost-effectiveness decision rule is applied."
Brazil,higher_child_coverage,higher_child_coverage,higher_burden,160344.71347041507,2.836889201678104,-1107.7775480409618,-0.01959928842488301,-0.006956787642415918,45909.0737299466,109261.01010586087,5174.629634607626,0.28631485713694704,0.6814132361527493,0.032271906710303784,630011.1580134785,213084.1068431463,416927.0511703322,14252708.550416317,355140.1780719105,604.9715809020311,573.8634216243324,80.0,0.1,28.0,0.6,0.03,0.3,10.0,"Exploratory health-utility burden only: infant mortality is counted as undiscounted life-years lost, acute illness uses symptomatic cases, and hospitalizations are imputed from cases because the model summary has no hospitalization/admission columns. No costs, discounting, age weighting, or formal cost-effectiveness decision rule is applied."
Brazil,maternal_adult_boosting_only,maternal_adult_boosting_only,higher_burden,129092.04503394711,2.2839532442946457,30144.89088842699,0.5333366689585755,0.18930840834014928,36934.99271583465,87985.87775737759,4171.174560734874,0.28611362308283145,0.6815747456339397,0.03231163128322886,507840.5027694709,172123.3654992683,335717.1372702026,11477443.5181722,286872.2758321138,488.3791660283624,461.6874089479331,80.0,0.1,28.0,0.6,0.03,0.3,10.0,"Exploratory health-utility burden only: infant mortality is counted as undiscounted life-years lost, acute illness uses symptomatic cases, and hospitalizations are imputed from cases because the model summary has no hospitalization/admission columns. No costs, discounting, age weighting, or formal cost-effectiveness decision rule is applied."
Brazil,maternal_cocooning_only,maternal_cocooning_only,higher_burden,156017.35692227632,2.7603277058717803,3219.579000097787,0.056962207381440866,0.020218795227680664,42863.28751920336,108124.25530445168,5029.814098621291,0.2747340960311019,0.693027092865804,0.03223881110309419,612379.8665071422,199207.55591032657,413172.3105968156,14104422.946411064,332012.59318387765,566.6819384481275,535.791093990042,80.0,0.1,28.0,0.6,0.03,0.3,10.0,"Exploratory health-utility burden only: infant mortality is counted as undiscounted life-years lost, acute illness uses symptomatic cases, and hospitalizations are imputed from cases because the model summary has no hospitalization/admission columns. No costs, discounting, age weighting, or formal cost-effectiveness decision rule is applied."
Brazil,maternal_direct_antibody_only,maternal_direct_antibody_only,higher_burden,142976.65001592573,2.529605782315089,16260.285906448378,0.2876841309381324,0.10211378291262185,30081.18703409374,107925.14580242572,4970.317179406267,0.21039230553200883,0.7548445553200769,0.03476313914791428,605136.116592713,192402.75989831457,412733.35669439845,14078449.82297714,320671.266497191,406.8732486915835,376.0148379261717,80.0,0.1,28.0,0.6,0.03,0.3,10.0,"Exploratory health-utility burden only: infant mortality is counted as undiscounted life-years lost, acute illness uses symptomatic cases, and hospitalizations are imputed from cases because the model summary has no hospitalization/admission columns. No costs, discounting, age weighting, or formal cost-effectiveness decision rule is applied."
Brazil,maternal_immunization,maternal_immunization,higher_burden,113971.99009761863,2.0164425818723606,45264.94582475547,0.8008473313808606,0.2842615977415035,22997.386300342747,87025.11172680887,3949.492070467002,0.20178103655683435,0.7635657818405261,0.03465318160263944,480850.6595793575,147670.7462690575,333179.9133103,11352115.020791763,246117.9104484292,313.95552279103424,287.4673287542843,80.0,0.1,28.0,0.6,0.03,0.3,10.0,"Exploratory health-utility burden only: infant mortality is counted as undiscounted life-years lost, acute illness uses symptomatic cases, and hospitalizations are imputed from cases because the model summary has no hospitalization/admission columns. No costs, discounting, age weighting, or formal cost-effectiveness decision rule is applied."
Brazil,next_generation_vaccine,next_generation_vaccine,higher_burden,5648.850588167864,0.09994194935508682,153588.08533420623,2.7173479638981344,0.9645255005979165,1374.8987553648774,4097.173192673782,176.7786401292044,0.2433944275751873,0.7253109510907865,0.03129462133402618,21522.799435730638,5777.843293730383,15744.956142000256,534461.6102228925,9629.738822883972,18.555136049070185,17.186234442060968,80.0,0.1,28.0,0.6,0.03,0.3,10.0,"Exploratory health-utility burden only: infant mortality is counted as undiscounted life-years lost, acute illness uses symptomatic cases, and hospitalizations are imputed from cases because the model summary has no hospitalization/admission columns. No costs, discounting, age weighting, or formal cost-effectiveness decision rule is applied."
Brazil,pregnancy_tdap_scaleup,pregnancy_tdap_scaleup,higher_burden,142976.65001592573,2.529605782315089,16260.285906448378,0.2876841309381324,0.10211378291262185,30081.18703409374,107925.14580242572,4970.317179406267,0.21039230553200883,0.7548445553200769,0.03476313914791428,605136.116592713,192402.75989831457,412733.35669439845,14078449.82297714,320671.266497191,406.8732486915835,376.0148379261717,80.0,0.1,28.0,0.6,0.03,0.3,10.0,"Exploratory health-utility burden only: infant mortality is counted as undiscounted life-years lost, acute illness uses symptomatic cases, and hospitalizations are imputed from cases because the model summary has no hospitalization/admission columns. No costs, discounting, age weighting, or formal cost-effectiveness decision rule is applied."
Brazil,resistance_guided_treatment,resistance_guided_treatment,higher_burden,69082.8546736786,1.222244252169937,90154.08124869551,1.5950456610832842,0.5661631249463657,17696.542301857266,49155.706830355644,2230.6055414656885,0.25616402775260333,0.7115471279024108,0.03228884434498588,271576.2246734476,83379.61334286898,188196.61133057863,6412186.39992407,138966.02223811497,235.1648172827968,221.20677877321583,80.0,0.1,28.0,0.6,0.03,0.3,10.0,"Exploratory health-utility burden only: infant mortality is counted as undiscounted life-years lost, acute illness uses symptomatic cases, and hospitalizations are imputed from cases because the model summary has no hospitalization/admission columns. No costs, discounting, age weighting, or formal cost-effectiveness decision rule is applied."
Brazil,targeted_pep_high_risk,targeted_pep_high_risk,higher_burden,147707.0318880754,2.6132977799465675,11529.9040342987,0.20399213330665367,0.07240722114823517,41845.84377224564,101092.30736701253,4768.88074881723,0.28330298996160325,0.6844109320645949,0.032286077973801786,580611.2311684977,194734.01853299027,385877.21263550746,13187130.4520719,324556.6975549838,551.8807566521666,523.0730471530704,80.0,0.1,28.0,0.6,0.03,0.3,10.0,"Exploratory health-utility burden only: infant mortality is counted as undiscounted life-years lost, acute illness uses symptomatic cases, and hospitalizations are imputed from cases because the model summary has no hospitalization/admission columns. No costs, discounting, age weighting, or formal cost-effectiveness decision rule is applied."
Brazil,transmission_blocking_vaccine,transmission_blocking_vaccine,higher_burden,49871.3542234142,0.882345935823766,109365.5816989599,1.9349439774294552,0.6868103877122715,12613.255915969483,35660.07705466955,1598.0212527751617,0.25291584943662226,0.7150412819134442,0.03204286864993338,194559.08752537591,57902.31230996654,136656.77521540938,4651729.69436359,96503.85384994424,168.50415649753884,157.66569894961853,80.0,0.1,28.0,0.6,0.03,0.3,10.0,"Exploratory health-utility burden only: infant mortality is counted as undiscounted life-years lost, acute illness uses symptomatic cases, and hospitalizations are imputed from cases because the model summary has no hospitalization/admission columns. No costs, discounting, age weighting, or formal cost-effectiveness decision rule is applied."
China,adolescent_booster,adolescent_booster,higher_burden,275245.9766181486,0.7880801082146333,95602.9412695794,0.273728892371936,0.2577948502967522,71561.47309988699,195225.83757516026,8458.665943101396,0.25999098689520506,0.709277715786556,0.03073129731823904,1029842.5785725948,279839.13713287486,750003.44143972,25466513.276545458,466398.5618881248,971.7528020334234,894.5184137485874,80.0,0.1,28.0,0.6,0.03,0.3,10.0,"Exploratory health-utility burden only: infant mortality is counted as undiscounted life-years lost, acute illness uses symptomatic cases, and hospitalizations are imputed from cases because the model summary has no hospitalization/admission columns. No costs, discounting, age weighting, or formal cost-effectiveness decision rule is applied."
China,cocooning_adjunct,cocooning_adjunct,higher_burden,203943.88269112693,0.5839290334333904,166905.0351966011,0.4778799671531788,0.4500620795855482,50764.23821232035,146907.44229889233,6272.202179914249,0.24891277709566217,0.7203326736766295,0.030754549227708396,763640.6154045599,198667.45268520873,564973.1627193511,19163551.17845372,331112.42114201456,691.942913970653,634.5529776540044,80.0,0.1,28.0,0.6,0.03,0.3,10.0,"Exploratory health-utility burden only: infant mortality is counted as undiscounted life-years lost, acute illness uses symptomatic cases, and hospitalizations are imputed from cases because the model summary has no hospitalization/admission columns. No costs, discounting, age weighting, or formal cost-effectiveness decision rule is applied."
China,combined_strategy,combined_strategy,higher_burden,1159.9234775808989,0.003321075318509359,369688.99441014713,1.05848792526806,0.9968722479111236,174.12384261497775,946.7529395417702,39.04669542415101,0.1501166637114072,0.8162201712791342,0.033663165009458734,4753.935167890386,1104.1252387459156,3649.80992914447,123500.53970272554,1840.2087312431927,2.5658477577901357,2.1765480326872217,80.0,0.1,28.0,0.6,0.03,0.3,10.0,"Exploratory health-utility burden only: infant mortality is counted as undiscounted life-years lost, acute illness uses symptomatic cases, and hospitalizations are imputed from cases because the model summary has no hospitalization/admission columns. No costs, discounting, age weighting, or formal cost-effectiveness decision rule is applied."
China,current,current,higher_burden,370848.917887728,1.0618090005865692,0.0,0.0,0.0,94394.13973445915,265057.80287631816,11396.975276950689,0.25453529774903194,0.7147325773148476,0.030732124936120334,1387581.7399687464,368743.60785535123,1018838.1321133951,34575843.75020543,614572.6797589187,1277.7475071000156,1179.9267466807394,80.0,0.1,28.0,0.6,0.03,0.3,10.0,"Exploratory health-utility burden only: infant mortality is counted as undiscounted life-years lost, acute illness uses symptomatic cases, and hospitalizations are imputed from cases because the model summary has no hospitalization/admission columns. No costs, discounting, age weighting, or formal cost-effectiveness decision rule is applied."
China,higher_child_coverage,higher_child_coverage,higher_burden,374282.525190421,1.0716400522298215,-3433.6073026929516,-0.009831051643252264,-0.0092587766529022,95388.30598406543,267391.9690602553,11502.250146100263,0.25485642412916665,0.714412111343473,0.030731464527360308,1400398.955287707,372620.14053677913,1027778.8147509278,34880327.39259223,621033.5675612986,1291.071501942576,1192.3538248008178,80.0,0.1,28.0,0.6,0.03,0.3,10.0,"Exploratory health-utility burden only: infant mortality is counted as undiscounted life-years lost, acute illness uses symptomatic cases, and hospitalizations are imputed from cases because the model summary has no hospitalization/admission columns. No costs, discounting, age weighting, or formal cost-effectiveness decision rule is applied."
China,maternal_adult_boosting_only,maternal_adult_boosting_only,higher_burden,208515.8702978361,0.597019479136978,162333.0475898919,0.4647895214495913,0.4377336423536151,53951.78510996779,148154.6662147687,6409.418973099653,0.258741864745859,0.7105198563694467,0.030738278884694405,780346.7599748828,211115.10258697162,569231.6573879112,19326247.083908662,351858.5043116194,732.2193494989747,674.3973138745973,80.0,0.1,28.0,0.6,0.03,0.3,10.0,"Exploratory health-utility burden only: infant mortality is counted as undiscounted life-years lost, acute illness uses symptomatic cases, and hospitalizations are imputed from cases because the model summary has no hospitalization/admission columns. No costs, discounting, age weighting, or formal cost-effectiveness decision rule is applied."
China,maternal_cocooning_only,maternal_cocooning_only,higher_burden,363036.6933522157,1.039441157311361,7812.2245355123305,0.022367843275208132,0.021065787598920305,88631.76673088051,263241.3287017093,11163.597919625925,0.2441399680910232,0.7251094270140742,0.030750604894902674,1359168.0467144565,346317.16975620267,1012850.8769582538,34338891.18153547,577195.2829270045,1205.137279024705,1107.8970841360065,80.0,0.1,28.0,0.6,0.03,0.3,10.0,"Exploratory health-utility burden only: infant mortality is counted as undiscounted life-years lost, acute illness uses symptomatic cases, and hospitalizations are imputed from cases because the model summary has no hospitalization/admission columns. No costs, discounting, age weighting, or formal cost-effectiveness decision rule is applied."
China,maternal_direct_antibody_only,maternal_direct_antibody_only,higher_burden,321140.1611100571,0.9194836411974057,49708.75677767093,0.14232535938916357,0.13404045254008246,49060.31541505683,261208.67641628467,10871.169278715563,0.15276916859440542,0.813379041454633,0.03385178995096142,1323564.8596836198,317213.3591288332,1006351.5005547865,34073738.950374275,528688.9318813888,709.8768524269326,613.2539426882104,80.0,0.1,28.0,0.6,0.03,0.3,10.0,"Exploratory health-utility burden only: infant mortality is counted as undiscounted life-years lost, acute illness uses symptomatic cases, and hospitalizations are imputed from cases because the model summary has no hospitalization/admission columns. No costs, discounting, age weighting, or formal cost-effectiveness decision rule is applied."
China,maternal_immunization,maternal_immunization,higher_burden,176800.89541242135,0.506213643868019,194048.02247530667,0.5555953567185502,0.5232535760938997,26344.857056895933,144480.97390162354,5975.064453901881,0.14900861783217556,0.8171959398994812,0.033795442268343266,727464.0972625541,170582.40631883894,556881.6909437152,18847027.04198857,284304.01053139823,385.8918409101167,329.3107132111992,80.0,0.1,28.0,0.6,0.03,0.3,10.0,"Exploratory health-utility burden only: infant mortality is counted as undiscounted life-years lost, acute illness uses symptomatic cases, and hospitalizations are imputed from cases because the model summary has no hospitalization/admission columns. No costs, discounting, age weighting, or formal cost-effectiveness decision rule is applied."
China,next_generation_vaccine,next_generation_vaccine,higher_burden,2733.7935203933284,0.007827356171030923,368115.1243673347,1.0539816444155383,0.9926282823313483,672.0650070390894,1979.5098427013231,82.21867065291613,0.24583605236667438,0.724089009625174,0.030074938008151694,10010.123151992539,2382.656287285475,7627.466864707063,258219.98930237792,3971.093812142459,9.189434009050258,8.400812587988618,80.0,0.1,28.0,0.6,0.03,0.3,10.0,"Exploratory health-utility burden only: infant mortality is counted as undiscounted life-years lost, acute illness uses symptomatic cases, and hospitalizations are imputed from cases because the model summary has no hospitalization/admission columns. No costs, discounting, age weighting, or formal cost-effectiveness decision rule is applied."
China,pregnancy_tdap_scaleup,pregnancy_tdap_scaleup,higher_burden,321140.1611100571,0.9194836411974057,49708.75677767093,0.14232535938916357,0.13404045254008246,49060.31541505683,261208.67641628467,10871.169278715563,0.15276916859440542,0.813379041454633,0.03385178995096142,1323564.8596836198,317213.3591288332,1006351.5005547865,34073738.950374275,528688.9318813888,709.8768524269326,613.2539426882104,80.0,0.1,28.0,0.6,0.03,0.3,10.0,"Exploratory health-utility burden only: infant mortality is counted as undiscounted life-years lost, acute illness uses symptomatic cases, and hospitalizations are imputed from cases because the model summary has no hospitalization/admission columns. No costs, discounting, age weighting, or formal cost-effectiveness decision rule is applied."
China,resistance_guided_treatment,resistance_guided_treatment,higher_burden,94188.04275549525,0.26967777626712636,276660.8751322328,0.7921312243194429,0.7460204460296955,22232.81999656252,69055.69833021928,2899.5244287134406,0.23604715998056328,0.7331684183042474,0.03078442171518924,353017.0991958614,87131.60274249401,265885.49645336735,9008069.21968307,145219.33790415668,303.2309514245563,277.9102499570315,80.0,0.1,28.0,0.6,0.03,0.3,10.0,"Exploratory health-utility burden only: infant mortality is counted as undiscounted life-years lost, acute illness uses symptomatic cases, and hospitalizations are imputed from cases because the model summary has no hospitalization/admission columns. No costs, discounting, age weighting, or formal cost-effectiveness decision rule is applied."
China,targeted_pep_high_risk,targeted_pep_high_risk,higher_burden,321461.37440539163,0.9204033347971622,49387.54348233639,0.14140566578940705,0.13317429578502404,81330.32821512784,230249.10773849662,9881.938451767222,0.25300186800222846,0.716257460680585,0.030740671317186653,1203126.0065026593,317969.2557003268,885156.7508023324,30035173.78624496,529948.7595005448,1101.8802203768464,1016.629102689098,80.0,0.1,28.0,0.6,0.03,0.3,10.0,"Exploratory health-utility burden only: infant mortality is counted as undiscounted life-years lost, acute illness uses symptomatic cases, and hospitalizations are imputed from cases because the model summary has no hospitalization/admission columns. No costs, discounting, age weighting, or formal cost-effectiveness decision rule is applied."
China,transmission_blocking_vaccine,transmission_blocking_vaccine,higher_burden,22903.971918192685,0.06557830520236027,347944.9459695353,0.9962306953842089,0.9382390757706708,5403.289427822805,16798.746487478067,701.9360028918126,0.23591058560157235,0.7334425027885569,0.03064691160987073,85460.70835207819,20758.54088318722,64702.16746889096,2191336.4837683444,34597.568138645365,73.84976444397755,67.54111784778506,80.0,0.1,28.0,0.6,0.03,0.3,10.0,"Exploratory health-utility burden only: infant mortality is counted as undiscounted life-years lost, acute illness uses symptomatic cases, and hospitalizations are imputed from cases because the model summary has no hospitalization/admission columns. No costs, discounting, age weighting, or formal cost-effectiveness decision rule is applied."
Japan,adolescent_booster,adolescent_booster,higher_burden,74117.8372145869,2.528268668249139,2171.9348640444223,0.07408789938585336,0.028469541917176322,18111.545556145848,53729.819124746486,2276.472533694569,0.24436149565062282,0.7249242711870724,0.030714233162304733,277160.53097731376,70415.4111567929,206745.11982052086,7008863.012612018,117359.01859465484,250.5275083481181,226.3943194518231,80.0,0.1,28.0,0.6,0.03,0.3,10.0,"Exploratory health-utility burden only: infant mortality is counted as undiscounted life-years lost, acute illness uses symptomatic cases, and hospitalizations are imputed from cases because the model summary has no hospitalization/admission columns. No costs, discounting, age weighting, or formal cost-effectiveness decision rule is applied."
Japan,cocooning_adjunct,cocooning_adjunct,higher_burden,58846.0115551236,2.007324187133636,17443.760523507728,0.5950323805013564,0.22865136502870353,13810.795188765185,43225.64859502178,1809.5677713366333,0.23469381906755085,0.7345552817038492,0.030750899228599936,220314.87616023512,53848.34916116809,166466.52699906702,5638631.481904182,89747.24860194682,192.895869691044,172.6349398595648,80.0,0.1,28.0,0.6,0.03,0.3,10.0,"Exploratory health-utility burden only: infant mortality is counted as undiscounted life-years lost, acute illness uses symptomatic cases, and hospitalizations are imputed from cases because the model summary has no hospitalization/admission columns. No costs, discounting, age weighting, or formal cost-effectiveness decision rule is applied."
Japan,combined_strategy,combined_strategy,higher_burden,3803.5558234981772,0.12974489517307208,72486.21625513316,2.47261167246192,0.9501433059784491,434.01871989398757,3243.748829157471,125.78827444671869,0.11410867620573403,0.8528200924823433,0.03307123131192266,15314.722413888001,2758.588332102789,12556.134081785212,423135.44994634506,4597.647220171315,6.959668067558436,5.425233998674845,80.0,0.1,28.0,0.6,0.03,0.3,10.0,"Exploratory health-utility burden only: infant mortality is counted as undiscounted life-years lost, acute illness uses symptomatic cases, and hospitalizations are imputed from cases because the model summary has no hospitalization/admission columns. No costs, discounting, age weighting, or formal cost-effectiveness decision rule is applied."
Japan,current,current,higher_burden,76289.77207863133,2.6023565676349922,0.0,0.0,0.0,18519.51679662559,55427.28694677052,2342.9683352352363,0.2427522889639473,0.7265362765750828,0.030711434460970147,285256.39481489,71944.89051220081,213311.5043026892,7230291.627609975,119908.15085366802,256.1780613606184,231.49395995781987,80.0,0.1,28.0,0.6,0.03,0.3,10.0,"Exploratory health-utility burden only: infant mortality is counted as undiscounted life-years lost, acute illness uses symptomatic cases, and hospitalizations are imputed from cases because the model summary has no hospitalization/admission columns. No costs, discounting, age weighting, or formal cost-effectiveness decision rule is applied."
Japan,higher_child_coverage,higher_child_coverage,higher_burden,76439.85899607118,2.607476254244824,-150.086917439854,-0.005119686609831753,-0.001967326855887741,18567.841514315096,55524.475088724364,2347.542393031725,0.24290784622286438,0.7263811814668337,0.03071097231030192,285813.28635161254,72130.73909767593,213682.54725393662,7242969.4736273475,120217.89849612657,256.8114148987452,232.0980189289387,80.0,0.1,28.0,0.6,0.03,0.3,10.0,"Exploratory health-utility burden only: infant mortality is counted as undiscounted life-years lost, acute illness uses symptomatic cases, and hospitalizations are imputed from cases because the model summary has no hospitalization/admission columns. No costs, discounting, age weighting, or formal cost-effectiveness decision rule is applied."
Japan,maternal_adult_boosting_only,maternal_adult_boosting_only,higher_burden,59741.00673585815,2.037853790633496,16548.76534277318,0.5645027770014961,0.216919842488407,14606.66883191426,43298.45961519648,1835.8782887474167,0.24449987755474073,0.724769500564971,0.03073062188028836,223518.18165499798,56920.31481221011,166597.86684278786,5648129.419446612,94867.19135368352,202.864689593402,182.58336039892825,80.0,0.1,28.0,0.6,0.03,0.3,10.0,"Exploratory health-utility burden only: infant mortality is counted as undiscounted life-years lost, acute illness uses symptomatic cases, and hospitalizations are imputed from cases because the model summary has no hospitalization/admission columns. No costs, discounting, age weighting, or formal cost-effectiveness decision rule is applied."
Japan,maternal_cocooning_only,maternal_cocooning_only,higher_burden,75070.38411546839,2.5607614476800924,1219.3879631629388,0.04159511995489984,0.01598363620625476,17440.866589941284,55322.22174707211,2307.295778454999,0.232326859592391,0.7369380401994355,0.030735100208173525,280913.2610268962,67805.97221119048,213107.2888157057,7216586.247542174,113009.95368531748,242.66526932307755,218.01083237426607,80.0,0.1,28.0,0.6,0.03,0.3,10.0,"Exploratory health-utility burden only: infant mortality is counted as undiscounted life-years lost, acute illness uses symptomatic cases, and hospitalizations are imputed from cases because the model summary has no hospitalization/admission columns. No costs, discounting, age weighting, or formal cost-effectiveness decision rule is applied."
Japan,maternal_direct_antibody_only,maternal_direct_antibody_only,higher_burden,67086.98771067672,2.2884360299137723,9202.784367954606,0.31392053772121997,0.12062933362114858,9682.749486232571,55145.57915072574,2258.659073718421,0.14433126030327914,0.8220011217160292,0.03366761798069168,274991.74222521775,62300.44913027541,212691.29309494235,7193543.851715204,103834.08188379236,145.63750111479885,121.03436857790714,80.0,0.1,28.0,0.6,0.03,0.3,10.0,"Exploratory health-utility burden only: infant mortality is counted as undiscounted life-years lost, acute illness uses symptomatic cases, and hospitalizations are imputed from cases because the model summary has no hospitalization/admission columns. No costs, discounting, age weighting, or formal cost-effectiveness decision rule is applied."
Japan,maternal_immunization,maternal_immunization,higher_burden,52019.22513589129,1.7744524395264507,24270.54694274004,0.8279041281085415,0.3181363147569055,7231.878912417376,43039.804891581574,1747.5413318923368,0.13902319562671944,0.8273826605288233,0.03359414384445722,212763.157157892,46664.728549846855,166098.42860804516,5614388.834517917,77774.54758307809,110.60673044172552,90.3984864052172,80.0,0.1,28.0,0.6,0.03,0.3,10.0,"Exploratory health-utility burden only: infant mortality is counted as undiscounted life-years lost, acute illness uses symptomatic cases, and hospitalizations are imputed from cases because the model summary has no hospitalization/admission columns. No costs, discounting, age weighting, or formal cost-effectiveness decision rule is applied."
Japan,next_generation_vaccine,next_generation_vaccine,higher_burden,33421.550416529986,1.1400583439250302,42868.22166210134,1.462298223709962,0.5619130912846007,7178.766813245231,25232.735808159385,1010.04779512537,0.21479454794217684,0.754983999655489,0.03022145240233409,122973.3190565138,25502.853661779067,97470.46539473474,3291520.26926079,42504.75610296511,101.16698602338757,89.73458516556539,80.0,0.1,28.0,0.6,0.03,0.3,10.0,"Exploratory health-utility burden only: infant mortality is counted as undiscounted life-years lost, acute illness uses symptomatic cases, and hospitalizations are imputed from cases because the model summary has no hospitalization/admission columns. No costs, discounting, age weighting, or formal cost-effectiveness decision rule is applied."
Japan,pregnancy_tdap_scaleup,pregnancy_tdap_scaleup,higher_burden,67086.98771067672,2.2884360299137723,9202.784367954606,0.31392053772121997,0.12062933362114858,9682.749486232571,55145.57915072574,2258.659073718421,0.14433126030327914,0.8220011217160292,0.03366761798069168,274991.74222521775,62300.44913027541,212691.29309494235,7193543.851715204,103834.08188379236,145.63750111479885,121.03436857790714,80.0,0.1,28.0,0.6,0.03,0.3,10.0,"Exploratory health-utility burden only: infant mortality is counted as undiscounted life-years lost, acute illness uses symptomatic cases, and hospitalizations are imputed from cases because the model summary has no hospitalization/admission columns. No costs, discounting, age weighting, or formal cost-effectiveness decision rule is applied."
Japan,resistance_guided_treatment,resistance_guided_treatment,higher_burden,43612.82696600484,1.487697807939413,32676.94511262649,1.1146587596955793,0.4283266841975435,9497.743742387196,32771.218577159045,1343.8646464585952,0.2177740908607108,0.7514123907331994,0.030813518406089698,163615.52070633398,37230.38737538153,126385.13333095243,4274888.42332405,62050.64562563588,133.0278679937953,118.72179677983996,80.0,0.1,28.0,0.6,0.03,0.3,10.0,"Exploratory health-utility burden only: infant mortality is counted as undiscounted life-years lost, acute illness uses symptomatic cases, and hospitalizations are imputed from cases because the model summary has no hospitalization/admission columns. No costs, discounting, age weighting, or formal cost-effectiveness decision rule is applied."
Japan,targeted_pep_high_risk,targeted_pep_high_risk,higher_burden,72966.49570890835,2.4889947131709733,3323.276369722982,0.11336185446401892,0.043561230806899,17549.61963485652,53174.623002107706,2242.253071944126,0.24051613640414857,0.7287539642062831,0.030729899389568376,272994.31150919735,68316.97018051031,204677.341328687,6936439.661257084,113861.6169675172,242.9920331527998,219.3702454357065,80.0,0.1,28.0,0.6,0.03,0.3,10.0,"Exploratory health-utility burden only: infant mortality is counted as undiscounted life-years lost, acute illness uses symptomatic cases, and hospitalizations are imputed from cases because the model summary has no hospitalization/admission columns. No costs, discounting, age weighting, or formal cost-effectiveness decision rule is applied."
Japan,transmission_blocking_vaccine,transmission_blocking_vaccine,higher_burden,51439.3573160821,1.75467229441242,24850.414762549226,0.8476842732225722,0.32573717400723234,11393.671575011304,38468.62876448205,1577.056976588753,0.22149716033581088,0.7478442727832282,0.030658566880960986,192006.68689968067,43646.13670386989,148360.5501958108,5018095.23436681,72743.56117311648,159.45326193137404,142.4208946876413,80.0,0.1,28.0,0.6,0.03,0.3,10.0,"Exploratory health-utility burden only: infant mortality is counted as undiscounted life-years lost, acute illness uses symptomatic cases, and hospitalizations are imputed from cases because the model summary has no hospitalization/admission columns. No costs, discounting, age weighting, or formal cost-effectiveness decision rule is applied."
New_Zealand,adolescent_booster,adolescent_booster,higher_burden,10943.507728744564,7.622512072025724,-689.8131578554603,-0.4804774894917294,-0.0672745958138723,4604.551894316747,5991.262818562482,347.6930158653331,0.4207564894592513,0.5474718862605307,0.03177162428021791,42331.624681604306,19879.43111808033,22452.193563523975,781538.8373142665,33132.385196800555,59.81255173154309,57.556898678959335,80.0,0.1,28.0,0.6,0.03,0.3,10.0,"Exploratory health-utility burden only: infant mortality is counted as undiscounted life-years lost, acute illness uses symptomatic cases, and hospitalizations are imputed from cases because the model summary has no hospitalization/admission columns. No costs, discounting, age weighting, or formal cost-effectiveness decision rule is applied."
New_Zealand,cocooning_adjunct,cocooning_adjunct,higher_burden,9793.900142800043,6.821772677682401,459.7944280890606,0.3202619048515931,0.04484182992874064,4056.8332240347354,5426.104740064525,310.96217870078385,0.4142203989099383,0.5540290038645646,0.03175059722549722,37859.64525682043,17500.17444730834,20359.47080951209,707815.984395917,29166.95741218057,52.804527207643005,50.71041530043419,80.0,0.1,28.0,0.6,0.03,0.3,10.0,"Exploratory health-utility burden only: infant mortality is counted as undiscounted life-years lost, acute illness uses symptomatic cases, and hospitalizations are imputed from cases because the model summary has no hospitalization/admission columns. No costs, discounting, age weighting, or formal cost-effectiveness decision rule is applied."
New_Zealand,combined_strategy,combined_strategy,higher_burden,3802.5340081701033,2.6485896552855186,6451.160562719,4.4934449272484756,0.6291547420413963,820.5935473928937,2850.0816845477784,131.85877622943087,0.2158017641998128,0.7495216817059647,0.03467655409422239,16053.80600593321,5158.228104579211,10895.577901353998,371782.9768860986,8597.046840965351,11.309345795377268,10.257419342411172,80.0,0.1,28.0,0.6,0.03,0.3,10.0,"Exploratory health-utility burden only: infant mortality is counted as undiscounted life-years lost, acute illness uses symptomatic cases, and hospitalizations are imputed from cases because the model summary has no hospitalization/admission columns. No costs, discounting, age weighting, or formal cost-effectiveness decision rule is applied."
New_Zealand,current,current,higher_burden,10253.694570889103,7.142034582533994,0.0,0.0,0.0,4306.03213888969,5623.2043083329045,324.45812366650813,0.41994932744679087,0.5484076270710796,0.03164304548212949,39502.776556397366,18417.86208622362,21084.914470173742,733526.9191494975,30696.436810372703,55.94166800865349,53.82540173612113,80.0,0.1,28.0,0.6,0.03,0.3,10.0,"Exploratory health-utility burden only: infant mortality is counted as undiscounted life-years lost, acute illness uses symptomatic cases, and hospitalizations are imputed from cases because the model summary has no hospitalization/admission columns. No costs, discounting, age weighting, or formal cost-effectiveness decision rule is applied."
New_Zealand,higher_child_coverage,higher_child_coverage,higher_burden,11153.505152794954,7.768782160772096,-899.810581905851,-0.6267475782381018,-0.0877547673850625,4693.571131569965,6105.532630277925,354.40139094706433,0.4208157944315652,0.5474093163213307,0.03177488924710408,43148.369347805085,20268.44375097138,22879.925596833702,796444.9261460757,33780.7395849523,60.96858324608627,58.66963914462456,80.0,0.1,28.0,0.6,0.03,0.3,10.0,"Exploratory health-utility burden only: infant mortality is counted as undiscounted life-years lost, acute illness uses symptomatic cases, and hospitalizations are imputed from cases because the model summary has no hospitalization/admission columns. No costs, discounting, age weighting, or formal cost-effectiveness decision rule is applied."
New_Zealand,maternal_adult_boosting_only,maternal_adult_boosting_only,higher_burden,9972.187018337927,6.945955330359303,281.50755255117656,0.19607925217469102,0.0274542556933961,4221.063237833404,5434.683284339567,316.4404961649558,0.42328360168850226,0.5449840916887828,0.03173230662271486,38526.630408083365,18166.92596033182,20359.70444775155,708935.0248589381,30278.209933886366,54.85863129315802,52.763290472917554,80.0,0.1,28.0,0.6,0.03,0.3,10.0,"Exploratory health-utility burden only: infant mortality is counted as undiscounted life-years lost, acute illness uses symptomatic cases, and hospitalizations are imputed from cases because the model summary has no hospitalization/admission columns. No costs, discounting, age weighting, or formal cost-effectiveness decision rule is applied."
New_Zealand,maternal_cocooning_only,maternal_cocooning_only,higher_burden,10063.166030167049,7.0093252014998155,190.52854072205446,0.13270938103417862,0.018581452705152435,4130.3746227812835,5614.121024683455,318.6703827023099,0.41044484513118173,0.5578881445316133,0.031667010337204975,38798.11909400623,17713.53471249943,21084.5843815068,732342.0372377257,29522.55785416572,53.7446809820261,51.62968278476604,80.0,0.1,28.0,0.6,0.03,0.3,10.0,"Exploratory health-utility burden only: infant mortality is counted as undiscounted life-years lost, acute illness uses symptomatic cases, and hospitalizations are imputed from cases because the model summary has no hospitalization/admission columns. No costs, discounting, age weighting, or formal cost-effectiveness decision rule is applied."
New_Zealand,maternal_direct_antibody_only,maternal_direct_antibody_only,higher_burden,8587.728409947602,5.981634507605352,1665.9661609415016,1.160400074928642,0.16247472064082014,2685.8494880809167,5593.064181140137,308.8147407265481,0.3127543582968647,0.6512856385469069,0.0359600031562284,37598.19468345723,16537.197123623013,21060.99755983422,729595.2472005124,27561.99520603836,35.685138375294294,33.57311860101146,80.0,0.1,28.0,0.6,0.03,0.3,10.0,"Exploratory health-utility burden only: infant mortality is counted as undiscounted life-years lost, acute illness uses symptomatic cases, and hospitalizations are imputed from cases because the model summary has no hospitalization/admission columns. No costs, discounting, age weighting, or formal cost-effectiveness decision rule is applied."
New_Zealand,maternal_immunization,maternal_immunization,higher_burden,8237.068683042697,5.737388504214668,2016.6258878464068,1.4046460783193258,0.19667309903805186,2538.5629737369127,5401.986169898363,296.5195394074199,0.30818766619767834,0.6558141467266386,0.0359981870756829,36101.25392285338,15748.58929598803,20352.66462686535,704669.8030554918,26247.648826646717,33.823323015758206,31.73203717171141,80.0,0.1,28.0,0.6,0.03,0.3,10.0,"Exploratory health-utility burden only: infant mortality is counted as undiscounted life-years lost, acute illness uses symptomatic cases, and hospitalizations are imputed from cases because the model summary has no hospitalization/admission columns. No costs, discounting, age weighting, or formal cost-effectiveness decision rule is applied."
New_Zealand,next_generation_vaccine,next_generation_vaccine,higher_burden,7578.835670558362,5.278907621990108,2674.8589003307416,1.8631269605438865,0.2608678151897402,2684.1210044915783,4661.918630547503,232.79603551928025,0.3541600743394703,0.6151233293865629,0.03071659627396688,28342.91732447237,10630.52447905954,17712.39284541283,608130.6356455269,17717.54079843257,35.33374335932345,33.55151255614473,80.0,0.1,28.0,0.6,0.03,0.3,10.0,"Exploratory health-utility burden only: infant mortality is counted as undiscounted life-years lost, acute illness uses symptomatic cases, and hospitalizations are imputed from cases because the model summary has no hospitalization/admission columns. No costs, discounting, age weighting, or formal cost-effectiveness decision rule is applied."
New_Zealand,pregnancy_tdap_scaleup,pregnancy_tdap_scaleup,higher_burden,8587.728409947602,5.981634507605352,1665.9661609415016,1.160400074928642,0.16247472064082014,2685.8494880809167,5593.064181140137,308.8147407265481,0.3127543582968647,0.6512856385469069,0.0359600031562284,37598.19468345723,16537.197123623013,21060.99755983422,729595.2472005124,27561.99520603836,35.685138375294294,33.57311860101146,80.0,0.1,28.0,0.6,0.03,0.3,10.0,"Exploratory health-utility burden only: infant mortality is counted as undiscounted life-years lost, acute illness uses symptomatic cases, and hospitalizations are imputed from cases because the model summary has no hospitalization/admission columns. No costs, discounting, age weighting, or formal cost-effectiveness decision rule is applied."
New_Zealand,resistance_guided_treatment,resistance_guided_treatment,higher_burden,8829.156285109557,6.149796940181752,1424.5382857795466,0.9922376423522419,0.13892926846328169,3368.62840309905,5177.265655553556,283.26222645695077,0.38153457638758403,0.5863828307451139,0.03208259286730203,34487.176071133756,14975.264879115202,19511.911192018553,675355.8145324772,24958.774798525337,43.97118788579319,42.10785503873812,80.0,0.1,28.0,0.6,0.03,0.3,10.0,"Exploratory health-utility burden only: infant mortality is counted as undiscounted life-years lost, acute illness uses symptomatic cases, and hospitalizations are imputed from cases because the model summary has no hospitalization/admission columns. No costs, discounting, age weighting, or formal cost-effectiveness decision rule is applied."
New_Zealand,targeted_pep_high_risk,targeted_pep_high_risk,higher_burden,9944.767291926812,6.926856599364924,308.9272789622919,0.21517798316907033,0.030128387073217078,4131.481635317549,5498.029222261966,315.2564343472955,0.41544276643572114,0.5528564983843595,0.031700735179919344,38382.47088178323,17754.23431054794,20628.236571235284,717198.2762254226,29590.390517579905,53.70461675752905,51.64352044146937,80.0,0.1,28.0,0.6,0.03,0.3,10.0,"Exploratory health-utility burden only: infant mortality is counted as undiscounted life-years lost, acute illness uses symptomatic cases, and hospitalizations are imputed from cases because the model summary has no hospitalization/admission columns. No costs, discounting, age weighting, or formal cost-effectiveness decision rule is applied."
New_Zealand,transmission_blocking_vaccine,transmission_blocking_vaccine,higher_burden,8050.6520987571785,5.607543238164152,2203.042472131925,1.534491344369842,0.2148535298083194,2935.3447963827352,4861.392973895452,253.9143284789915,0.36460956955721385,0.6038508327351434,0.03153959770764279,30914.06949231722,12515.29363422136,18398.77585809586,634151.3513268977,20858.822723702266,38.530729063809126,36.69180995478419,80.0,0.1,28.0,0.6,0.03,0.3,10.0,"Exploratory health-utility burden only: infant mortality is counted as undiscounted life-years lost, acute illness uses symptomatic cases, and hospitalizations are imputed from cases because the model summary has no hospitalization/admission columns. No costs, discounting, age weighting, or formal cost-effectiveness decision rule is applied."
South_Africa,adolescent_booster,adolescent_booster,higher_burden,61943.01131713375,3.2703544636426556,1044.7038298474,0.05515637326162803,0.016585834672834143,24588.21395393357,35435.37922681989,1919.4181363802932,0.3969489605219168,0.572064200195225,0.03098683928285825,233689.15810430067,100017.47173464773,133671.68636965295,4622418.6652128445,166695.78622441288,314.0081537807386,307.3526744241696,80.0,0.1,28.0,0.6,0.03,0.3,10.0,"Exploratory health-utility burden only: infant mortality is counted as undiscounted life-years lost, acute illness uses symptomatic cases, and hospitalizations are imputed from cases because the model summary has no hospitalization/admission columns. No costs, discounting, age weighting, or formal cost-effectiveness decision rule is applied."
South_Africa,cocooning_adjunct,cocooning_adjunct,higher_burden,54570.7885190333,2.881129249250191,8416.926627947847,0.4443815876540924,0.1336280671287574,21065.751677916454,31813.42080176912,1691.6160393477335,0.38602615519416766,0.5829752815587991,0.030998563247033317,205954.2527905866,85742.98848806668,120211.2643025199,4149947.124230775,142904.98081344448,269.3009074143808,263.3218959739557,80.0,0.1,28.0,0.6,0.03,0.3,10.0,"Exploratory health-utility burden only: infant mortality is counted as undiscounted life-years lost, acute illness uses symptomatic cases, and hospitalizations are imputed from cases because the model summary has no hospitalization/admission columns. No costs, discounting, age weighting, or formal cost-effectiveness decision rule is applied."
South_Africa,combined_strategy,combined_strategy,higher_burden,206.2557628406061,0.01088951667045842,62781.459384140544,3.314621320233825,0.9967254604749622,47.333887745853346,151.59904677725862,7.3228283174941575,0.2294912253309152,0.7350051445321989,0.03550363013688601,891.5543476549137,313.98707457591996,577.5672730789937,19775.554226926324,523.3117909598666,0.6221966004377322,0.5916735968231668,80.0,0.1,28.0,0.6,0.03,0.3,10.0,"Exploratory health-utility burden only: infant mortality is counted as undiscounted life-years lost, acute illness uses symptomatic cases, and hospitalizations are imputed from cases because the model summary has no hospitalization/admission columns. No costs, discounting, age weighting, or formal cost-effectiveness decision rule is applied."
South_Africa,current,current,higher_burden,62987.71514698115,3.3255108369042836,0.0,0.0,0.0,25002.617511937784,36035.02185590289,1950.0757791404737,0.3969443478556802,0.5720960312946033,0.030959620849716377,237421.72611035267,101476.3462868164,135945.37982353626,4700639.904595903,169127.24381136068,319.1094292943248,312.5327188992223,80.0,0.1,28.0,0.6,0.03,0.3,10.0,"Exploratory health-utility burden only: infant mortality is counted as undiscounted life-years lost, acute illness uses symptomatic cases, and hospitalizations are imputed from cases because the model summary has no hospitalization/admission columns. No costs, discounting, age weighting, or formal cost-effectiveness decision rule is applied."
South_Africa,higher_child_coverage,higher_child_coverage,higher_burden,60642.17176957442,3.2016751034753748,2345.543377406728,0.12383573342890886,0.03723810860472443,23680.74943364568,35114.354610232316,1847.0677256964286,0.3904996925840123,0.5790418381396096,0.030458469276378144,224880.4956035402,92067.61167229022,132812.88393125,4580542.150495484,153446.01945381705,302.3205462108881,296.009367920571,80.0,0.1,28.0,0.6,0.03,0.3,10.0,"Exploratory health-utility burden only: infant mortality is counted as undiscounted life-years lost, acute illness uses symptomatic cases, and hospitalizations are imputed from cases because the model summary has no hospitalization/admission columns. No costs, discounting, age weighting, or formal cost-effectiveness decision rule is applied."
South_Africa,maternal_adult_boosting_only,maternal_adult_boosting_only,higher_burden,55971.0843706795,2.9550595249804004,7016.630776301652,0.37045131192388325,0.11139681380612743,22284.314242722474,31952.46652725084,1734.3036007061908,0.3981397625806251,0.5708745307780595,0.030985706641315443,211151.4633859787,90640.9569580411,120510.5064279376,4168085.142527988,151068.2615967352,284.5493900188694,278.55392803403095,80.0,0.1,28.0,0.6,0.03,0.3,10.0,"Exploratory health-utility burden only: infant mortality is counted as undiscounted life-years lost, acute illness uses symptomatic cases, and hospitalizations are imputed from cases because the model summary has no hospitalization/admission columns. No costs, discounting, age weighting, or formal cost-effectiveness decision rule is applied."
South_Africa,maternal_cocooning_only,maternal_cocooning_only,higher_burden,61360.050904937954,3.239576380655516,1627.6642420431963,0.08593445624876761,0.025840979280563836,23577.822251630314,35881.580873659244,1900.6477796483969,0.3842536292572223,0.5847710414916176,0.030975329251160092,231403.86717219232,95773.8367139163,135630.030458276,4680624.076465728,159623.0611898605,301.28291753971416,294.7227781453789,80.0,0.1,28.0,0.6,0.03,0.3,10.0,"Exploratory health-utility burden only: infant mortality is counted as undiscounted life-years lost, acute illness uses symptomatic cases, and hospitalizations are imputed from cases because the model summary has no hospitalization/admission columns. No costs, discounting, age weighting, or formal cost-effectiveness decision rule is applied."
South_Africa,maternal_direct_antibody_only,maternal_direct_antibody_only,higher_burden,50863.97475532759,2.6854236398621607,12123.740391653562,0.6400871970421229,0.19247785640998316,13324.625844288212,35699.03207425814,1840.3168367812382,0.26196587876555133,0.7018529764137034,0.036181144820745255,224058.57487811576,88793.93447557918,135264.64040253658,4656811.237543851,147989.89079263198,173.09904995289608,166.55782305360265,80.0,0.1,28.0,0.6,0.03,0.3,10.0,"Exploratory health-utility burden only: infant mortality is counted as undiscounted life-years lost, acute illness uses symptomatic cases, and hospitalizations are imputed from cases because the model summary has no hospitalization/admission columns. No costs, discounting, age weighting, or formal cost-effectiveness decision rule is applied."
South_Africa,maternal_immunization,maternal_immunization,higher_burden,44333.522938740374,2.340640717903817,18654.192208240776,0.9848701190004667,0.29615603875631025,11229.283199672504,31506.34336654259,1597.8963725252745,0.2532910189697538,0.7106663598577029,0.03604262117254323,194543.88335495218,74997.03607329915,119546.84728165303,4109889.9695106,124995.06012216526,146.30941788288203,140.3660399959063,80.0,0.1,28.0,0.6,0.03,0.3,10.0,"Exploratory health-utility burden only: infant mortality is counted as undiscounted life-years lost, acute illness uses symptomatic cases, and hospitalizations are imputed from cases because the model summary has no hospitalization/admission columns. No costs, discounting, age weighting, or formal cost-effectiveness decision rule is applied."
South_Africa,next_generation_vaccine,next_generation_vaccine,higher_burden,313.661720565856,0.016560141107907753,62674.053426415296,3.308950695796376,0.9950202714952602,115.27649160213691,188.85563350140265,9.529595462316445,0.36751852088987574,0.6020997180041636,0.030381761105960726,1160.2282475370273,443.3283793278412,716.8998682091861,24635.54290585261,738.8806322130687,1.479235746873466,1.4409561450267114,80.0,0.1,28.0,0.6,0.03,0.3,10.0,"Exploratory health-utility burden only: infant mortality is counted as undiscounted life-years lost, acute illness uses symptomatic cases, and hospitalizations are imputed from cases because the model summary has no hospitalization/admission columns. No costs, discounting, age weighting, or formal cost-effectiveness decision rule is applied."
South_Africa,pregnancy_tdap_scaleup,pregnancy_tdap_scaleup,higher_burden,50863.97475532759,2.6854236398621607,12123.740391653562,0.6400871970421229,0.19247785640998316,13324.625844288212,35699.03207425814,1840.3168367812382,0.26196587876555133,0.7018529764137034,0.036181144820745255,224058.57487811576,88793.93447557918,135264.64040253658,4656811.237543851,147989.89079263198,173.09904995289608,166.55782305360265,80.0,0.1,28.0,0.6,0.03,0.3,10.0,"Exploratory health-utility burden only: infant mortality is counted as undiscounted life-years lost, acute illness uses symptomatic cases, and hospitalizations are imputed from cases because the model summary has no hospitalization/admission columns. No costs, discounting, age weighting, or formal cost-effectiveness decision rule is applied."
South_Africa,resistance_guided_treatment,resistance_guided_treatment,higher_burden,25506.56436509203,1.346649200070234,37481.150781889126,1.9788616368340497,0.5950549356239905,9201.210469849404,15511.945004398558,793.4088908440656,0.3607389195246565,0.6081550138374581,0.031106066637885392,96597.53246026498,37782.313347009294,58815.219113255676,2023477.8260202047,62970.52224501549,117.91384177887689,115.01513087311754,80.0,0.1,28.0,0.6,0.03,0.3,10.0,"Exploratory health-utility burden only: infant mortality is counted as undiscounted life-years lost, acute illness uses symptomatic cases, and hospitalizations are imputed from cases because the model summary has no hospitalization/admission columns. No costs, discounting, age weighting, or formal cost-effectiveness decision rule is applied."
South_Africa,targeted_pep_high_risk,targeted_pep_high_risk,higher_burden,59450.050696714716,3.1387356630181307,3537.664450266435,0.18677517388615295,0.05616435589084845,23384.746138582857,34223.162111462996,1842.1424466688593,0.39335115554199396,0.5756624546218294,0.030986389836176513,224280.84288193367,95107.54181693931,129173.30106499436,4464289.271861378,158512.56969489885,298.56482860161526,292.30932673228574,80.0,0.1,28.0,0.6,0.03,0.3,10.0,"Exploratory health-utility burden only: infant mortality is counted as undiscounted life-years lost, acute illness uses symptomatic cases, and hospitalizations are imputed from cases because the model summary has no hospitalization/admission columns. No costs, discounting, age weighting, or formal cost-effectiveness decision rule is applied."
South_Africa,transmission_blocking_vaccine,transmission_blocking_vaccine,higher_burden,16034.521374386453,0.8465614984346216,46953.1937725947,2.478949338469662,0.7454341479609148,5702.537544437296,9835.767701513134,496.21612843602514,0.3556412699381554,0.6134119922796567,0.030946737782187927,60414.31363708607,23076.937441545422,37337.376195540644,1283040.7689205972,38461.562402575706,73.19207083373045,71.2817193054662,80.0,0.1,28.0,0.6,0.03,0.3,10.0,"Exploratory health-utility burden only: infant mortality is counted as undiscounted life-years lost, acute illness uses symptomatic cases, and hospitalizations are imputed from cases because the model summary has no hospitalization/admission columns. No costs, discounting, age weighting, or formal cost-effectiveness decision rule is applied."
Sweden,adolescent_booster,adolescent_booster,higher_burden,9423.001206500661,3.3131314693087384,3.196899950466104,0.0011240312751308323,0.0003391505158668595,2794.192543685385,6330.080583075827,298.7280797394493,0.2965289383341849,0.6717690515319985,0.03170201013381652,36370.14370827796,12208.475336137191,24161.66837214077,825736.4046315877,20347.458893561987,37.00989859496709,34.92740679606731,80.0,0.1,28.0,0.6,0.03,0.3,10.0,"Exploratory health-utility burden only: infant mortality is counted as undiscounted life-years lost, acute illness uses symptomatic cases, and hospitalizations are imputed from cases because the model summary has no hospitalization/admission columns. No costs, discounting, age weighting, or formal cost-effectiveness decision rule is applied."
Sweden,cocooning_adjunct,cocooning_adjunct,higher_burden,8388.621798698612,2.9494432033839413,1037.5763077525153,0.3648122971999279,0.11007367933869494,2418.4864855806513,5704.081658480836,266.05365463712394,0.28830558149085334,0.6799784035281876,0.03171601498095895,32392.03245206984,10599.705298117218,21792.327153952625,744077.0806286163,17666.17549686203,32.15709534527431,30.23108106975814,80.0,0.1,28.0,0.6,0.03,0.3,10.0,"Exploratory health-utility burden only: infant mortality is counted as undiscounted life-years lost, acute illness uses symptomatic cases, and hospitalizations are imputed from cases because the model summary has no hospitalization/admission columns. No costs, discounting, age weighting, or formal cost-effectiveness decision rule is applied."
Sweden,combined_strategy,combined_strategy,higher_burden,287.820919688746,0.10119796502420687,9138.377186762382,3.2130575355596624,0.9694658528880519,45.88517932411435,232.23034434639126,9.705396018240439,0.15942266939364688,0.8068570713953966,0.0337202592109566,1181.6319652207733,287.1825204671366,894.4494447536367,30293.619025899785,478.6375341118944,0.6567412263405401,0.5735647415514293,80.0,0.1,28.0,0.6,0.03,0.3,10.0,"Exploratory health-utility burden only: infant mortality is counted as undiscounted life-years lost, acute illness uses symptomatic cases, and hospitalizations are imputed from cases because the model summary has no hospitalization/admission columns. No costs, discounting, age weighting, or formal cost-effectiveness decision rule is applied."
Sweden,current,current,higher_burden,9426.198106451127,3.314255500583869,0.0,0.0,0.0,2795.141493480336,6332.227794876212,298.8288180945787,0.2965290419227864,0.6717690126353852,0.031701945441828284,36382.408603014956,12212.540611310445,24169.86799170451,826016.5007423344,20354.234352184078,37.02255004080596,34.9392686685042,80.0,0.1,28.0,0.6,0.03,0.3,10.0,"Exploratory health-utility burden only: infant mortality is counted as undiscounted life-years lost, acute illness uses symptomatic cases, and hospitalizations are imputed from cases because the model summary has no hospitalization/admission columns. No costs, discounting, age weighting, or formal cost-effectiveness decision rule is applied."
Sweden,higher_child_coverage,higher_child_coverage,higher_burden,9442.111077170655,3.3198505084591967,-15.912970719527948,-0.005595007875327518,-0.0016881642566621835,2801.100674165419,6341.68420413815,299.3261988670852,0.29666042384716085,0.6716383817461344,0.031701194406704526,36442.96471206762,12237.32952140811,24205.635190659516,827250.055557664,20395.54920234685,37.09832424288677,35.01375842706774,80.0,0.1,28.0,0.6,0.03,0.3,10.0,"Exploratory health-utility burden only: infant mortality is counted as undiscounted life-years lost, acute illness uses symptomatic cases, and hospitalizations are imputed from cases because the model summary has no hospitalization/admission columns. No costs, discounting, age weighting, or formal cost-effectiveness decision rule is applied."
Sweden,maternal_adult_boosting_only,maternal_adult_boosting_only,higher_burden,8533.127775163548,3.0002515698935146,893.0703312875794,0.3140039306903546,0.09474342902642552,2544.7739770473677,5717.641666701164,270.71213141501676,0.29822288428097443,0.670052273603928,0.0317248421150975,32959.20199977829,11140.867306955346,21818.334692822948,745845.9352723572,18568.11217825891,33.73849125676349,31.809674713092097,80.0,0.1,28.0,0.6,0.03,0.3,10.0,"Exploratory health-utility burden only: infant mortality is counted as undiscounted life-years lost, acute illness uses symptomatic cases, and hospitalizations are imputed from cases because the model summary has no hospitalization/admission columns. No costs, discounting, age weighting, or formal cost-effectiveness decision rule is applied."
Sweden,maternal_cocooning_only,maternal_cocooning_only,higher_burden,9257.092378416703,3.254797850556287,169.10572803442483,0.059457650027582076,0.017939971781273267,2649.9623229046983,6313.731312717884,293.39874279412106,0.2862629230192405,0.6820425955172071,0.03169448146355247,35721.29693518424,11592.82727797356,24128.46965721068,823603.7007036454,19321.3787966226,35.203687228539266,33.12452903630873,80.0,0.1,28.0,0.6,0.03,0.3,10.0,"Exploratory health-utility burden only: infant mortality is counted as undiscounted life-years lost, acute illness uses symptomatic cases, and hospitalizations are imputed from cases because the model summary has no hospitalization/admission columns. No costs, discounting, age weighting, or formal cost-effectiveness decision rule is applied."
Sweden,maternal_direct_antibody_only,maternal_direct_antibody_only,higher_burden,8326.855275235683,2.9277260660661617,1099.3428312154447,0.3865294345177075,0.11662632365673209,1742.040317297838,6296.888709384535,287.9262485533087,0.20920746905241866,0.7562145013029914,0.034578029644589836,35055.02076136533,10960.864698775154,24094.156062590177,821406.6432509646,18268.107831291924,23.85150549297741,21.775503966222978,80.0,0.1,28.0,0.6,0.03,0.3,10.0,"Exploratory health-utility burden only: infant mortality is counted as undiscounted life-years lost, acute illness uses symptomatic cases, and hospitalizations are imputed from cases because the model summary has no hospitalization/admission columns. No costs, discounting, age weighting, or formal cost-effectiveness decision rule is applied."
Sweden,maternal_immunization,maternal_immunization,higher_burden,7441.699513119164,2.616504901351283,1984.498593331963,0.6977505992325863,0.21053011733052873,1508.9157080251687,5676.064990777671,256.7188143163252,0.20276493365058104,0.7627377295698635,0.034497336779555396,31255.5156430126,9518.782580446974,21736.733062565625,740422.4063862658,15864.63763407829,20.78191695111702,18.86144635031461,80.0,0.1,28.0,0.6,0.03,0.3,10.0,"Exploratory health-utility burden only: infant mortality is counted as undiscounted life-years lost, acute illness uses symptomatic cases, and hospitalizations are imputed from cases because the model summary has no hospitalization/admission columns. No costs, discounting, age weighting, or formal cost-effectiveness decision rule is applied."
Sweden,next_generation_vaccine,next_generation_vaccine,higher_burden,142.28781327553244,0.05002845924694841,9283.910293175595,3.264227041336921,0.9849050686534847,35.66639359356652,102.2349887486778,4.386430933288128,0.2506637270790052,0.718508397839423,0.030827875081571806,534.0479661278297,141.0129383249197,393.03502780290995,13336.1891573052,235.02156387486616,0.4841881299177255,0.4458299199195815,80.0,0.1,28.0,0.6,0.03,0.3,10.0,"Exploratory health-utility burden only: infant mortality is counted as undiscounted life-years lost, acute illness uses symptomatic cases, and hospitalizations are imputed from cases because the model summary has no hospitalization/admission columns. No costs, discounting, age weighting, or formal cost-effectiveness decision rule is applied."
Sweden,pregnancy_tdap_scaleup,pregnancy_tdap_scaleup,higher_burden,8326.855275235683,2.9277260660661617,1099.3428312154447,0.3865294345177075,0.11662632365673209,1742.040317297838,6296.888709384535,287.9262485533087,0.20920746905241866,0.7562145013029914,0.034578029644589836,35055.02076136533,10960.864698775154,24094.156062590177,821406.6432509646,18268.107831291924,23.85150549297741,21.775503966222978,80.0,0.1,28.0,0.6,0.03,0.3,10.0,"Exploratory health-utility burden only: infant mortality is counted as undiscounted life-years lost, acute illness uses symptomatic cases, and hospitalizations are imputed from cases because the model summary has no hospitalization/admission columns. No costs, discounting, age weighting, or formal cost-effectiveness decision rule is applied."
Sweden,resistance_guided_treatment,resistance_guided_treatment,higher_burden,4979.41547724,1.750764725049671,4446.782629211128,1.5634907755341982,0.4717472069855848,1319.1980173680208,3501.849202844516,158.36825702746316,0.2649302962160588,0.7032651159259216,0.031804587858019796,19281.335293093638,5870.7617219899985,13410.573571103638,456803.7219067713,9784.602869983331,17.64444053868319,16.48997521710026,80.0,0.1,28.0,0.6,0.03,0.3,10.0,"Exploratory health-utility burden only: infant mortality is counted as undiscounted life-years lost, acute illness uses symptomatic cases, and hospitalizations are imputed from cases because the model summary has no hospitalization/admission columns. No costs, discounting, age weighting, or formal cost-effectiveness decision rule is applied."
Sweden,targeted_pep_high_risk,targeted_pep_high_risk,higher_burden,8979.699432380814,3.1572663658464184,446.4986740703134,0.1569891347374508,0.04736784322034748,2639.297649173399,6055.563728863179,284.8380543442357,0.29391826185808473,0.6743615167147804,0.03172022142713475,34679.0331164107,11559.192919899126,23119.84019651157,789926.6614168842,19265.32153316521,34.98012138182142,32.99122061466748,80.0,0.1,28.0,0.6,0.03,0.3,10.0,"Exploratory health-utility burden only: infant mortality is counted as undiscounted life-years lost, acute illness uses symptomatic cases, and hospitalizations are imputed from cases because the model summary has no hospitalization/admission columns. No costs, discounting, age weighting, or formal cost-effectiveness decision rule is applied."
Sweden,transmission_blocking_vaccine,transmission_blocking_vaccine,higher_burden,3016.8444450969687,1.0607238659906824,6409.353661354158,2.2535316345931866,0.6799510883362092,792.5933283062647,2129.0427651073323,95.2083516833717,0.26272263709002364,0.7057184431790946,0.03155891973088174,11591.616817450506,3431.406387292414,8160.210430158092,277726.0249840904,5719.010645487357,10.648815921959525,9.907416603828308,80.0,0.1,28.0,0.6,0.03,0.3,10.0,"Exploratory health-utility burden only: infant mortality is counted as undiscounted life-years lost, acute illness uses symptomatic cases, and hospitalizations are imputed from cases because the model summary has no hospitalization/admission columns. No costs, discounting, age weighting, or formal cost-effectiveness decision rule is applied."
Thailand,adolescent_booster,adolescent_booster,higher_burden,38920.21095794291,2.160381922586149,3108.5417418218494,0.17254884375437296,0.07396226492915281,10616.897149399214,27105.13125867691,1198.1825498667924,0.2727862179593993,0.6964281691064483,0.030785612934152533,145878.72544628198,41900.73514384863,103977.99030243335,3535767.568654193,69834.55857308106,143.3267563975395,132.7112143674902,80.0,0.1,28.0,0.6,0.03,0.3,10.0,"Exploratory health-utility burden only: infant mortality is counted as undiscounted life-years lost, acute illness uses symptomatic cases, and hospitalizations are imputed from cases because the model summary has no hospitalization/admission columns. No costs, discounting, age weighting, or formal cost-effectiveness decision rule is applied."
Thailand,cocooning_adjunct,cocooning_adjunct,higher_burden,27614.409120386048,1.5328198075826212,14414.34357937871,0.8001109587579007,0.34296386767288933,7283.836330226745,19479.343135454805,851.2296547044956,0.26376940743046823,0.7054050315012673,0.03082556106826433,103637.21046027236,28849.355970682922,74787.85448958943,2541010.7429374526,48082.25995113821,98.90139585190144,91.04795412783432,80.0,0.1,28.0,0.6,0.03,0.3,10.0,"Exploratory health-utility burden only: infant mortality is counted as undiscounted life-years lost, acute illness uses symptomatic cases, and hospitalizations are imputed from cases because the model summary has no hospitalization/admission columns. No costs, discounting, age weighting, or formal cost-effectiveness decision rule is applied."
Thailand,combined_strategy,combined_strategy,higher_burden,277.99809703450245,0.01543111017276166,41750.75460273025,2.3174996561677603,0.9933855258798565,40.21523399590946,228.41849955571868,9.364363482874287,0.1446601053204991,0.8216549033692471,0.03368499131025372,1140.1112540399445,259.1788730940066,880.932380945938,29796.377486687947,431.96478849001096,0.5954251449099799,0.5026904249488682,80.0,0.1,28.0,0.6,0.03,0.3,10.0,"Exploratory health-utility burden only: infant mortality is counted as undiscounted life-years lost, acute illness uses symptomatic cases, and hospitalizations are imputed from cases because the model summary has no hospitalization/admission columns. No costs, discounting, age weighting, or formal cost-effectiveness decision rule is applied."
Thailand,current,current,higher_burden,42028.75269976476,2.332930766340522,0.0,0.0,0.0,11456.346263510917,29278.897235076256,1293.5092011775844,0.2725835416851436,0.6966396896008797,0.030776768713976714,157484.7452433709,45163.07151431975,112321.67372905117,3819327.576825572,75271.78585719959,154.53337259882704,143.20432829388648,80.0,0.1,28.0,0.6,0.03,0.3,10.0,"Exploratory health-utility burden only: infant mortality is counted as undiscounted life-years lost, acute illness uses symptomatic cases, and hospitalizations are imputed from cases because the model summary has no hospitalization/admission columns. No costs, discounting, age weighting, or formal cost-effectiveness decision rule is applied."
Thailand,higher_child_coverage,higher_child_coverage,higher_burden,42307.50588433671,2.3484037896175387,-278.75318457194953,-0.015473023277016829,-0.00663244009555175,11510.294254233775,29497.3760177707,1299.8356123322303,0.27206269936359384,0.6972137780566111,0.030723522579795038,158254.98580144905,45073.85809373491,113181.12770771413,3847827.353746696,75123.09682289152,155.27270213121,143.87867817792218,80.0,0.1,28.0,0.6,0.03,0.3,10.0,"Exploratory health-utility burden only: infant mortality is counted as undiscounted life-years lost, acute illness uses symptomatic cases, and hospitalizations are imputed from cases because the model summary has no hospitalization/admission columns. No costs, discounting, age weighting, or formal cost-effectiveness decision rule is applied."
Thailand,maternal_adult_boosting_only,maternal_adult_boosting_only,higher_burden,28182.73125163783,1.5643662160453065,13846.021448126929,0.7685645502952154,0.3294416455096091,7723.523062614327,19590.94420209683,868.2639869266706,0.274051616702887,0.695140014187174,0.03080836910993897,105711.14040832216,30572.715055949644,75138.42535237252,2555568.703505667,50954.52509324941,104.43709212003893,96.54403828267908,80.0,0.1,28.0,0.6,0.03,0.3,10.0,"Exploratory health-utility burden only: infant mortality is counted as undiscounted life-years lost, acute illness uses symptomatic cases, and hospitalizations are imputed from cases because the model summary has no hospitalization/admission columns. No costs, discounting, age weighting, or formal cost-effectiveness decision rule is applied."
Thailand,maternal_cocooning_only,maternal_cocooning_only,higher_burden,41215.4848806229,2.287787920089418,813.26781914186,0.045142846251104096,0.0193502725372674,10782.528432995578,29163.589309071787,1269.367138555539,0.2616135286100902,0.7075881648254682,0.030798306564441776,154545.44911913687,42544.070556176375,112001.3785629605,3804286.0696923104,70906.78426029396,146.07575047763268,134.78160541244472,80.0,0.1,28.0,0.6,0.03,0.3,10.0,"Exploratory health-utility burden only: infant mortality is counted as undiscounted life-years lost, acute illness uses symptomatic cases, and hospitalizations are imputed from cases because the model summary has no hospitalization/admission columns. No costs, discounting, age weighting, or formal cost-effectiveness decision rule is applied."
Thailand,maternal_direct_antibody_only,maternal_direct_antibody_only,higher_burden,36326.8334160377,2.0164287986487395,5701.91928372706,0.3165019676917824,0.1356671068603702,6040.156568421573,29046.67781134012,1239.9990362760093,0.16627258696748787,0.7995928926333692,0.034134520399143026,150969.88266660413,39261.91704839558,111707.96561820856,3789035.382354278,65436.52841399264,86.76765070529109,75.50195710526967,80.0,0.1,28.0,0.6,0.03,0.3,10.0,"Exploratory health-utility burden only: infant mortality is counted as undiscounted life-years lost, acute illness uses symptomatic cases, and hospitalizations are imputed from cases because the model summary has no hospitalization/admission columns. No costs, discounting, age weighting, or formal cost-effectiveness decision rule is applied."
Thailand,maternal_immunization,maternal_immunization,higher_burden,23882.008662518176,1.3256418326920205,18146.744037246583,1.0072889336485014,0.43176974979198357,3829.035989572994,19239.62495988559,813.3477130595924,0.1603314044342722,0.8056116732794502,0.0340569222862777,99025.08406500539,24981.971760928107,74043.11230407728,2509740.3630707897,41636.619601546845,55.634612002029314,47.86294986966242,80.0,0.1,28.0,0.6,0.03,0.3,10.0,"Exploratory health-utility burden only: infant mortality is counted as undiscounted life-years lost, acute illness uses symptomatic cases, and hospitalizations are imputed from cases because the model summary has no hospitalization/admission columns. No costs, discounting, age weighting, or formal cost-effectiveness decision rule is applied."
Thailand,next_generation_vaccine,next_generation_vaccine,higher_burden,4048.2700267228747,0.22471125332435501,37980.482673041886,2.108219513016167,0.9036785589226983,976.0129937872409,2949.6121835361773,122.64484939945667,0.24109384683939566,0.728610533404543,0.030295619756061386,14932.010414383849,3567.388593675611,11364.621820708238,384766.3750130673,5945.647656126019,13.49538455336059,12.200162422340512,80.0,0.1,28.0,0.6,0.03,0.3,10.0,"Exploratory health-utility burden only: infant mortality is counted as undiscounted life-years lost, acute illness uses symptomatic cases, and hospitalizations are imputed from cases because the model summary has no hospitalization/admission columns. No costs, discounting, age weighting, or formal cost-effectiveness decision rule is applied."
Thailand,pregnancy_tdap_scaleup,pregnancy_tdap_scaleup,higher_burden,36326.8334160377,2.0164287986487395,5701.91928372706,0.3165019676917824,0.1356671068603702,6040.156568421573,29046.67781134012,1239.9990362760093,0.16627258696748787,0.7995928926333692,0.034134520399143026,150969.88266660413,39261.91704839558,111707.96561820856,3789035.382354278,65436.52841399264,86.76765070529109,75.50195710526967,80.0,0.1,28.0,0.6,0.03,0.3,10.0,"Exploratory health-utility burden only: infant mortality is counted as undiscounted life-years lost, acute illness uses symptomatic cases, and hospitalizations are imputed from cases because the model summary has no hospitalization/admission columns. No costs, discounting, age weighting, or formal cost-effectiveness decision rule is applied."
Thailand,resistance_guided_treatment,resistance_guided_treatment,higher_burden,17524.571661126414,0.97275340730288,24504.181038638344,1.360177359037642,0.5830337439154005,4339.727489184283,12643.314785325705,541.5293866164283,0.2476367224889616,0.7214621292782594,0.03090114823277916,65931.20282055014,17318.889525313527,48612.313295236614,1649275.2590500764,28864.815875522545,59.01596751436815,54.24659361480354,80.0,0.1,28.0,0.6,0.03,0.3,10.0,"Exploratory health-utility burden only: infant mortality is counted as undiscounted life-years lost, acute illness uses symptomatic cases, and hospitalizations are imputed from cases because the model summary has no hospitalization/admission columns. No costs, discounting, age weighting, or formal cost-effectiveness decision rule is applied."
Thailand,targeted_pep_high_risk,targeted_pep_high_risk,higher_burden,38244.76703279664,2.1228894019522797,3783.9856669681176,0.21004136438824217,0.09003326113433052,10335.37578925036,26731.526278321446,1177.864965224834,0.2702428748065664,0.6989590564219659,0.03079806877146776,143405.05951612353,40835.89001896191,102569.16949716162,3487032.133270324,68059.81669826985,139.47189293052708,129.1921973656295,80.0,0.1,28.0,0.6,0.03,0.3,10.0,"Exploratory health-utility burden only: infant mortality is counted as undiscounted life-years lost, acute illness uses symptomatic cases, and hospitalizations are imputed from cases because the model summary has no hospitalization/admission columns. No costs, discounting, age weighting, or formal cost-effectiveness decision rule is applied."
Thailand,transmission_blocking_vaccine,transmission_blocking_vaccine,higher_burden,14548.55712502187,0.8075608801041223,27480.195574742887,1.5253698862363996,0.6538427578626833,3628.5394152761983,10472.718077761507,447.299631984166,0.24940888530007704,0.7198458230438273,0.03074529165609566,54458.73019407221,14184.073761778374,40274.656432293836,1366128.6706794251,23640.12293629729,49.67685510034879,45.35674269095248,80.0,0.1,28.0,0.6,0.03,0.3,10.0,"Exploratory health-utility burden only: infant mortality is counted as undiscounted life-years lost, acute illness uses symptomatic cases, and hospitalizations are imputed from cases because the model summary has no hospitalization/admission columns. No costs, discounting, age weighting, or formal cost-effectiveness decision rule is applied."
United_Kingdom,adolescent_booster,adolescent_booster,higher_burden,147464.34881486776,7.8170205108455795,-2267.2750774000306,-0.1201872568560507,-0.015615156828157062,63162.82188667675,79641.44719004643,4660.079738144585,0.4283260489352156,0.5400725519768257,0.03160139908795869,567364.7081191032,269154.14479269006,298210.5633264132,10388942.352201592,448590.2413211501,818.3152174596203,789.5352735834593,80.0,0.1,28.0,0.6,0.03,0.3,10.0,"Exploratory health-utility burden only: infant mortality is counted as undiscounted life-years lost, acute illness uses symptomatic cases, and hospitalizations are imputed from cases because the model summary has no hospitalization/admission columns. No costs, discounting, age weighting, or formal cost-effectiveness decision rule is applied."
United_Kingdom,cocooning_adjunct,cocooning_adjunct,higher_burden,124990.20368454032,6.625675927170469,20206.870052927407,1.0711573268190602,0.13916857642367952,52776.21915860796,68262.56109442466,3951.423431507704,0.42224284466171885,0.5461432902910603,0.03161386504722085,481085.80278606305,225207.98293564602,255877.81985041703,8904607.299906645,375346.6382260767,685.8151718724066,659.7027394825994,80.0,0.1,28.0,0.6,0.03,0.3,10.0,"Exploratory health-utility burden only: infant mortality is counted as undiscounted life-years lost, acute illness uses symptomatic cases, and hospitalizations are imputed from cases because the model summary has no hospitalization/admission columns. No costs, discounting, age weighting, or formal cost-effectiveness decision rule is applied."
United_Kingdom,combined_strategy,combined_strategy,higher_burden,42838.42266897288,2.270846014083271,102358.65106849484,5.425987239906258,0.7049635948832587,9233.479167441907,32119.665803924683,1485.2776976062892,0.21554199693093634,0.7497863787405131,0.0346716243285505,180832.55968356572,58037.567318601235,122794.99236496448,4189895.691029818,96729.2788643354,127.4477890659966,115.41848959302382,80.0,0.1,28.0,0.6,0.03,0.3,10.0,"Exploratory health-utility burden only: infant mortality is counted as undiscounted life-years lost, acute illness uses symptomatic cases, and hospitalizations are imputed from cases because the model summary has no hospitalization/admission columns. No costs, discounting, age weighting, or formal cost-effectiveness decision rule is applied."
United_Kingdom,current,current,higher_burden,145197.07373746773,7.696833253989529,0.0,0.0,0.0,62048.385712455754,78568.21419135903,4580.473833652933,0.4273390924161878,0.5411143087733228,0.031546598810489344,557672.6892472445,263373.0537182212,294299.63552902336,10248942.940497816,438955.0895303687,803.9711378521316,775.604821405697,80.0,0.1,28.0,0.6,0.03,0.3,10.0,"Exploratory health-utility burden only: infant mortality is counted as undiscounted life-years lost, acute illness uses symptomatic cases, and hospitalizations are imputed from cases because the model summary has no hospitalization/admission columns. No costs, discounting, age weighting, or formal cost-effectiveness decision rule is applied."
United_Kingdom,higher_child_coverage,higher_child_coverage,higher_burden,145658.2115234074,7.721277966245948,-461.13778593967436,-0.024444712256419088,-0.003175944074282455,62318.587373499264,78745.18523336394,4594.438916544206,0.42784122310525974,0.5406161754272915,0.031542601467448854,559372.9380892571,264433.7817501258,294939.1563391313,10272028.18088792,440722.969583543,807.3984703403484,778.9823421687408,80.0,0.1,28.0,0.6,0.03,0.3,10.0,"Exploratory health-utility burden only: infant mortality is counted as undiscounted life-years lost, acute illness uses symptomatic cases, and hospitalizations are imputed from cases because the model summary has no hospitalization/admission columns. No costs, discounting, age weighting, or formal cost-effectiveness decision rule is applied."
United_Kingdom,maternal_adult_boosting_only,maternal_adult_boosting_only,higher_burden,127673.8451954562,6.76793458777779,17523.228542011522,0.9288986662117384,0.12068582438304121,55226.820886039044,68413.7178910576,4033.306418359553,0.43256174200355735,0.5358475558272947,0.03159070216914791,491055.0564352756,235079.2647471834,255975.79168809217,8924325.164181711,391798.774578639,716.468909499023,690.335261075488,80.0,0.1,28.0,0.6,0.03,0.3,10.0,"Exploratory health-utility burden only: infant mortality is counted as undiscounted life-years lost, acute illness uses symptomatic cases, and hospitalizations are imputed from cases because the model summary has no hospitalization/admission columns. No costs, discounting, age weighting, or formal cost-effectiveness decision rule is applied."
United_Kingdom,maternal_cocooning_only,maternal_cocooning_only,higher_burden,141919.92056390524,7.52311280051265,3277.1531735624885,0.1737204534768786,0.02257038030592784,59069.73758514627,78369.00813089538,4481.174847863584,0.41621878979665655,0.552205834244436,0.031575375958907415,545583.0377273913,251467.7064069209,294115.33132047043,10222957.22136055,419112.8440115348,766.7050125795253,738.3717198143283,80.0,0.1,28.0,0.6,0.03,0.3,10.0,"Exploratory health-utility burden only: infant mortality is counted as undiscounted life-years lost, acute illness uses symptomatic cases, and hospitalizations are imputed from cases because the model summary has no hospitalization/admission columns. No costs, discounting, age weighting, or formal cost-effectiveness decision rule is applied."
United_Kingdom,maternal_direct_antibody_only,maternal_direct_antibody_only,higher_burden,120697.70277041194,6.398132334991011,24499.370967055787,1.2987009189985175,0.16873185069385999,38275.29119288303,78073.96633631337,4348.445241215542,0.3171169816354277,0.6468554458308429,0.03602757253372952,529423.2081179924,235672.74308279136,293750.465035201,10184470.07297802,392787.9051379856,506.7330225368752,478.4411399110379,80.0,0.1,28.0,0.6,0.03,0.3,10.0,"Exploratory health-utility burden only: infant mortality is counted as undiscounted life-years lost, acute illness uses symptomatic cases, and hospitalizations are imputed from cases because the model summary has no hospitalization/admission columns. No costs, discounting, age weighting, or formal cost-effectiveness decision rule is applied."
United_Kingdom,maternal_immunization,maternal_immunization,higher_burden,104082.28232673822,5.5173561778350875,41114.79141072951,2.1794770761544413,0.28316542718394977,32537.08768742344,67795.68565265747,3749.5089866573044,0.31260928334836124,0.6513662473295044,0.03602446932213432,456502.7191255268,201254.2812076996,255248.4379178272,8843705.065940406,335423.80201283266,432.741302782767,406.71359609279295,80.0,0.1,28.0,0.6,0.03,0.3,10.0,"Exploratory health-utility burden only: infant mortality is counted as undiscounted life-years lost, acute illness uses symptomatic cases, and hospitalizations are imputed from cases because the model summary has no hospitalization/admission columns. No costs, discounting, age weighting, or formal cost-effectiveness decision rule is applied."
United_Kingdom,next_generation_vaccine,next_generation_vaccine,higher_burden,82370.37115740028,4.366417280764638,62826.702580067446,3.3304159732248904,0.4326995094519951,29584.783908227866,50273.476101665314,2512.111147507091,0.3591677868210009,0.6103344612299791,0.030497751949019828,305849.5322089883,114852.28413577814,190997.2480732102,6557995.4093333045,191420.47355963025,388.89852899505206,369.8097988528483,80.0,0.1,28.0,0.6,0.03,0.3,10.0,"Exploratory health-utility burden only: infant mortality is counted as undiscounted life-years lost, acute illness uses symptomatic cases, and hospitalizations are imputed from cases because the model summary has no hospitalization/admission columns. No costs, discounting, age weighting, or formal cost-effectiveness decision rule is applied."
United_Kingdom,pregnancy_tdap_scaleup,pregnancy_tdap_scaleup,higher_burden,120697.70277041194,6.398132334991011,24499.370967055787,1.2987009189985175,0.16873185069385999,38275.29119288303,78073.96633631337,4348.445241215542,0.3171169816354277,0.6468554458308429,0.03602757253372952,529423.2081179924,235672.74308279136,293750.465035201,10184470.07297802,392787.9051379856,506.7330225368752,478.4411399110379,80.0,0.1,28.0,0.6,0.03,0.3,10.0,"Exploratory health-utility burden only: infant mortality is counted as undiscounted life-years lost, acute illness uses symptomatic cases, and hospitalizations are imputed from cases because the model summary has no hospitalization/admission columns. No costs, discounting, age weighting, or formal cost-effectiveness decision rule is applied."
United_Kingdom,resistance_guided_treatment,resistance_guided_treatment,higher_burden,117773.2749269603,6.243109696569157,27423.798810507433,1.4537235574203722,0.18887294423090562,45716.754814241634,68290.09356851982,3766.426544198835,0.3881759664286647,0.5798437176080179,0.03198031596331738,458562.4317562081,201385.75512794245,257176.67662826568,8908198.812822094,335642.9252132374,595.2536952713922,571.4594351780204,80.0,0.1,28.0,0.6,0.03,0.3,10.0,"Exploratory health-utility burden only: infant mortality is counted as undiscounted life-years lost, acute illness uses symptomatic cases, and hospitalizations are imputed from cases because the model summary has no hospitalization/admission columns. No costs, discounting, age weighting, or formal cost-effectiveness decision rule is applied."
United_Kingdom,targeted_pep_high_risk,targeted_pep_high_risk,higher_burden,130613.78647615752,6.923779586371994,14583.287261310208,0.7730536676175346,0.10043788683839727,55585.71102163459,70902.1165374971,4125.958917025823,0.42557307709459374,0.5428379227826743,0.03158900012273194,502335.49814789393,236702.80182499203,265632.69632290193,9248927.88047172,394504.66970832006,720.5847110449041,694.8213877704324,80.0,0.1,28.0,0.6,0.03,0.3,10.0,"Exploratory health-utility burden only: infant mortality is counted as undiscounted life-years lost, acute illness uses symptomatic cases, and hospitalizations are imputed from cases because the model summary has no hospitalization/admission columns. No costs, discounting, age weighting, or formal cost-effectiveness decision rule is applied."
United_Kingdom,transmission_blocking_vaccine,transmission_blocking_vaccine,higher_burden,100474.00349837111,5.32608289781365,44723.07023909662,2.370750356175879,0.3080163331663339,37936.17416365183,59380.10667528653,3157.722659432748,0.37757203697239805,0.5909997074641223,0.03142825556347958,384452.7337859371,160078.99838577883,224373.7354001582,7745922.843981572,266798.33064296475,495.9839933171393,474.20217704564783,80.0,0.1,28.0,0.6,0.03,0.3,10.0,"Exploratory health-utility burden only: infant mortality is counted as undiscounted life-years lost, acute illness uses symptomatic cases, and hospitalizations are imputed from cases because the model summary has no hospitalization/admission columns. No costs, discounting, age weighting, or formal cost-effectiveness decision rule is applied."
United_States,adolescent_booster,adolescent_booster,higher_burden,278973.3826269578,2.946968047708447,5.336345839721616,5.637035615313479e-05,1.912814661764184e-05,85240.93000537332,184894.37210656758,8838.080515016869,0.3055521971404605,0.662767072490954,0.031680730368585444,1076036.302703304,371023.14481636725,705013.1578869367,24118810.504258502,618371.9080272787,1125.6947979746217,1065.5116250671665,80.0,0.1,28.0,0.6,0.03,0.3,10.0,"Exploratory health-utility burden only: infant mortality is counted as undiscounted life-years lost, acute illness uses symptomatic cases, and hospitalizations are imputed from cases because the model summary has no hospitalization/admission columns. No costs, discounting, age weighting, or formal cost-effectiveness decision rule is applied."
United_States,cocooning_adjunct,cocooning_adjunct,higher_burden,248092.9846984222,2.6207593421224984,30885.73427437531,0.32626507594210175,0.11071000106422779,73407.20298042531,166822.66817164913,7863.113546347778,0.2958858472747946,0.6724199330925703,0.03169421963263512,957334.0742678419,320517.3013004179,636816.7729674239,21761421.26774816,534195.5021673632,973.4660002992212,917.5900372553164,80.0,0.1,28.0,0.6,0.03,0.3,10.0,"Exploratory health-utility burden only: infant mortality is counted as undiscounted life-years lost, acute illness uses symptomatic cases, and hospitalizations are imputed from cases because the model summary has no hospitalization/admission columns. No costs, discounting, age weighting, or formal cost-effectiveness decision rule is applied."
United_States,combined_strategy,combined_strategy,higher_burden,3831.3995391522412,0.040473438396204445,275147.3194336453,2.9065509796683955,0.9862663376143547,677.4534498217233,3023.6840998111693,130.26198951934842,0.17681618502559532,0.7891852752271845,0.03399853974722015,15859.397223980672,4238.4562794981175,11620.940944482554,394428.791948582,7064.093799163529,9.516008253187406,8.46816812277154,80.0,0.1,28.0,0.6,0.03,0.3,10.0,"Exploratory health-utility burden only: infant mortality is counted as undiscounted life-years lost, acute illness uses symptomatic cases, and hospitalizations are imputed from cases because the model summary has no hospitalization/admission columns. No costs, discounting, age weighting, or formal cost-effectiveness decision rule is applied."
United_States,current,current,higher_burden,278978.7189727975,2.9470244180646,0.0,0.0,0.0,85246.26886955014,184894.205572836,8838.244530411297,0.3055654896668383,0.6627537980445906,0.031680712288570986,1076056.2715775755,371044.8506965643,705011.4208810112,24118788.78052798,618408.0844942739,1125.7696284490016,1065.5783608693769,80.0,0.1,28.0,0.6,0.03,0.3,10.0,"Exploratory health-utility burden only: infant mortality is counted as undiscounted life-years lost, acute illness uses symptomatic cases, and hospitalizations are imputed from cases because the model summary has no hospitalization/admission columns. No costs, discounting, age weighting, or formal cost-effectiveness decision rule is applied."
United_States,higher_child_coverage,higher_child_coverage,higher_burden,279731.31457331445,2.9549745508363863,-752.5956005169428,-0.007950132771786134,-0.0026976810392134176,85492.30814401266,185377.16142549383,8861.845003807948,0.3056229449120402,0.6626972089565917,0.03167984613136817,1078929.6292136176,372079.96822491754,706849.6609887001,24181788.646664865,620133.2803748626,1128.939495428359,1068.6538518001582,80.0,0.1,28.0,0.6,0.03,0.3,10.0,"Exploratory health-utility burden only: infant mortality is counted as undiscounted life-years lost, acute illness uses symptomatic cases, and hospitalizations are imputed from cases because the model summary has no hospitalization/admission columns. No costs, discounting, age weighting, or formal cost-effectiveness decision rule is applied."
United_States,maternal_adult_boosting_only,maternal_adult_boosting_only,higher_burden,252979.65817597279,2.672380290802007,25999.06079682472,0.27464412726259324,0.09319370628897261,77563.7235224889,167395.21436730016,8020.72028618374,0.3066006337495149,0.6616943653661669,0.03170500088431823,976522.6948428703,338357.3248610323,638165.369981838,21836107.87416299,563928.8747683872,1025.5537822265278,969.5465440311112,80.0,0.1,28.0,0.6,0.03,0.3,10.0,"Exploratory health-utility burden only: infant mortality is counted as undiscounted life-years lost, acute illness uses symptomatic cases, and hospitalizations are imputed from cases because the model summary has no hospitalization/admission columns. No costs, discounting, age weighting, or formal cost-effectiveness decision rule is applied."
United_States,maternal_cocooning_only,maternal_cocooning_only,higher_burden,273561.256863516,2.8897964203219004,5417.462109281507,0.05722799774269971,0.019418908113237654,80555.5110906551,184341.6500251686,8664.095747692283,0.2944697360081421,0.6738587625262284,0.031671501465629456,1054853.6572815357,351002.4850516974,703851.1722298383,24046709.88274744,585004.1417528291,1067.0226444666976,1006.9438886331887,80.0,0.1,28.0,0.6,0.03,0.3,10.0,"Exploratory health-utility burden only: infant mortality is counted as undiscounted life-years lost, acute illness uses symptomatic cases, and hospitalizations are imputed from cases because the model summary has no hospitalization/admission columns. No costs, discounting, age weighting, or formal cost-effectiveness decision rule is applied."
United_States,maternal_direct_antibody_only,maternal_direct_antibody_only,higher_burden,245039.63809148403,2.5885049558953415,33939.08088131348,0.3585194621692587,0.1216547305338469,52705.208497184656,183828.3978078633,8506.031786436082,0.2150885012224328,0.7501986178221179,0.034712880955449374,1035609.3699985931,332859.61166030023,702749.7583382928,23979757.964043595,554766.0194338338,718.7960150614781,658.8151062148082,80.0,0.1,28.0,0.6,0.03,0.3,10.0,"Exploratory health-utility burden only: infant mortality is counted as undiscounted life-years lost, acute illness uses symptomatic cases, and hospitalizations are imputed from cases because the model summary has no hospitalization/admission columns. No costs, discounting, age weighting, or formal cost-effectiveness decision rule is applied."
United_States,maternal_immunization,maternal_immunization,higher_burden,218876.6211750819,2.312128859387709,60102.0977977156,0.6348955586768912,0.21543613799293415,45415.498819573244,165885.23557224654,7575.88678326209,0.2074936033631699,0.7578938064817486,0.03461259015508126,922364.2158621594,287568.5472297575,634795.668632402,21639136.533129662,479280.9120495958,623.3791557965142,567.6937352446655,80.0,0.1,28.0,0.6,0.03,0.3,10.0,"Exploratory health-utility burden only: infant mortality is counted as undiscounted life-years lost, acute illness uses symptomatic cases, and hospitalizations are imputed from cases because the model summary has no hospitalization/admission columns. No costs, discounting, age weighting, or formal cost-effectiveness decision rule is applied."
United_States,next_generation_vaccine,next_generation_vaccine,higher_burden,897.1462734209041,0.00947710988469958,278081.5726993766,2.9375473081799006,0.996784176668657,250.6849312797471,618.9004701505359,27.560871990621184,0.2794248147783768,0.6898545850172341,0.03072060020438914,3355.5361648581293,982.6689323038595,2372.86723255427,80733.35597231543,1637.7815538397658,3.3583393735330613,3.133561640996839,80.0,0.1,28.0,0.6,0.03,0.3,10.0,"Exploratory health-utility burden only: infant mortality is counted as undiscounted life-years lost, acute illness uses symptomatic cases, and hospitalizations are imputed from cases because the model summary has no hospitalization/admission columns. No costs, discounting, age weighting, or formal cost-effectiveness decision rule is applied."
United_States,pregnancy_tdap_scaleup,pregnancy_tdap_scaleup,higher_burden,245039.63809148403,2.5885049558953415,33939.08088131348,0.3585194621692587,0.1216547305338469,52705.208497184656,183828.3978078633,8506.031786436082,0.2150885012224328,0.7501986178221179,0.034712880955449374,1035609.3699985931,332859.61166030023,702749.7583382928,23979757.964043595,554766.0194338338,718.7960150614781,658.8151062148082,80.0,0.1,28.0,0.6,0.03,0.3,10.0,"Exploratory health-utility burden only: infant mortality is counted as undiscounted life-years lost, acute illness uses symptomatic cases, and hospitalizations are imputed from cases because the model summary has no hospitalization/admission columns. No costs, discounting, age weighting, or formal cost-effectiveness decision rule is applied."
United_States,resistance_guided_treatment,resistance_guided_treatment,higher_burden,126147.67774475785,1.3325757892623833,152831.04122803966,1.6144486288022168,0.5478232955931732,34805.30150494101,87335.31101588032,4007.0652239365154,0.27590917349556493,0.692325951434406,0.031764875070029036,487860.19101427076,153771.37758776292,334088.8134265078,11392579.410196532,256285.6293129382,463.40489556194655,435.06626881176265,80.0,0.1,28.0,0.6,0.03,0.3,10.0,"Exploratory health-utility burden only: infant mortality is counted as undiscounted life-years lost, acute illness uses symptomatic cases, and hospitalizations are imputed from cases because the model summary has no hospitalization/admission columns. No costs, discounting, age weighting, or formal cost-effectiveness decision rule is applied."
United_States,targeted_pep_high_risk,targeted_pep_high_risk,higher_burden,262839.0513657586,2.776531145598467,16139.667607038922,0.17049327246613322,0.057852683769089475,79560.32125437274,174946.8661790298,8331.863932356044,0.3026959686582459,0.6656045411439994,0.03169949019775484,1014404.4337643485,347124.8602945328,667279.5734698157,22821193.88281808,578541.4338242214,1051.3407557834355,994.5040156796592,80.0,0.1,28.0,0.6,0.03,0.3,10.0,"Exploratory health-utility burden only: infant mortality is counted as undiscounted life-years lost, acute illness uses symptomatic cases, and hospitalizations are imputed from cases because the model summary has no hospitalization/admission columns. No costs, discounting, age weighting, or formal cost-effectiveness decision rule is applied."
United_States,transmission_blocking_vaccine,transmission_blocking_vaccine,higher_burden,71798.02746149471,0.7584468840650009,207180.69151130278,2.188577533999599,0.7426397693492328,19766.492776432224,49767.106595760786,2264.428089301699,0.2753069057089764,0.6931542321611953,0.03153886212982818,275694.11987248185,85195.66357890994,190498.45629357192,6491941.31575058,141992.77263151656,264.10474046462843,247.0811597054028,80.0,0.1,28.0,0.6,0.03,0.3,10.0,"Exploratory health-utility burden only: infant mortality is counted as undiscounted life-years lost, acute illness uses symptomatic cases, and hospitalizations are imputed from cases because the model summary has no hospitalization/admission columns. No costs, discounting, age weighting, or formal cost-effectiveness decision rule is applied."
Australia,adolescent_booster,adolescent_booster,lower_burden,26727.079233180288,3.471828515638018,-1.5509111546052736,-0.00020146133904264119,-5.803107560375942e-05,21544.111564992916,5096.475168088039,86.49250009933303,0.8060780370736139,0.19068582554883245,0.0032361373775536633,63182.77132256278,42074.056605019745,21108.714717543033,4432113.226533705,210370.2830250987,369.66003823954543,359.06852608321526,60.0,0.03,14.0,0.2,0.005,0.1,5.0,"Exploratory health-utility burden only: infant mortality is counted as undiscounted life-years lost, acute illness uses symptomatic cases, and hospitalizations are imputed from cases because the model summary has no hospitalization/admission columns. No costs, discounting, age weighting, or formal cost-effectiveness decision rule is applied."
Australia,cocooning_adjunct,cocooning_adjunct,lower_burden,25797.12451209405,3.3510280613798518,928.4038099316313,0.12059899291912357,0.03473846424081706,20652.190772285237,5060.775680441001,84.15805936781108,0.8005617355765059,0.1961759605443017,0.0032623038791922956,61477.462368185996,40484.23103353538,20993.231334650616,4401067.422097799,202421.1551676769,354.8361559128335,344.2031795380873,60.0,0.03,14.0,0.2,0.005,0.1,5.0,"Exploratory health-utility burden only: infant mortality is counted as undiscounted life-years lost, acute illness uses symptomatic cases, and hospitalizations are imputed from cases because the model summary has no hospitalization/admission columns. No costs, discounting, age weighting, or formal cost-effectiveness decision rule is applied."
Australia,combined_strategy,combined_strategy,lower_burden,8478.939818290626,1.1014082302894104,18246.588503735056,2.370218824009565,0.6827400485361871,5164.795204157945,3275.6220995601875,38.52251457249509,0.609132192802753,0.38632448982525747,0.0045433173719897114,28140.696895207664,14253.938551075524,13886.758344132142,2848621.361581806,71269.69275537762,92.19211133950458,86.07992006929908,60.0,0.03,14.0,0.2,0.005,0.1,5.0,"Exploratory health-utility burden only: infant mortality is counted as undiscounted life-years lost, acute illness uses symptomatic cases, and hospitalizations are imputed from cases because the model summary has no hospitalization/admission columns. No costs, discounting, age weighting, or formal cost-effectiveness decision rule is applied."
Australia,current,current,lower_burden,26725.528322025682,3.4716270542989753,0.0,0.0,0.0,21543.13453713813,5095.907085892901,86.48669899465142,0.806088256799155,0.19067563508905977,0.003236108111785163,63178.53361559287,42072.2437190161,21106.289896576767,4431619.197910434,210361.21859508049,369.6428620719051,359.0522422856355,60.0,0.03,14.0,0.2,0.005,0.1,5.0,"Exploratory health-utility burden only: infant mortality is counted as undiscounted life-years lost, acute illness uses symptomatic cases, and hospitalizations are imputed from cases because the model summary has no hospitalization/admission columns. No costs, discounting, age weighting, or formal cost-effectiveness decision rule is applied."
Australia,higher_child_coverage,higher_child_coverage,lower_burden,26771.315449726437,3.4775747622533344,-45.787127700754354,-0.0059477079543590605,-0.0017132356430544782,21580.5974960411,5104.0951772622,86.62277642313613,0.8061089690033002,0.19065537466200064,0.003235656334699134,63277.938177100936,42137.680627368245,21140.257549732687,4438739.913083378,210688.4031368412,370.28178847047633,359.6766249340183,60.0,0.03,14.0,0.2,0.005,0.1,5.0,"Exploratory health-utility burden only: infant mortality is counted as undiscounted life-years lost, acute illness uses symptomatic cases, and hospitalizations are imputed from cases because the model summary has no hospitalization/admission columns. No costs, discounting, age weighting, or formal cost-effectiveness decision rule is applied."
Australia,maternal_adult_boosting_only,maternal_adult_boosting_only,lower_burden,26740.948407211697,3.4736301103722305,-15.420085186015058,-0.0020030560732551272,-0.0005769796203918265,21583.973770153774,5070.465312809148,86.50932424877374,0.8071506455744423,0.1896142663153154,0.003235088110242315,63195.06136372921,42202.65810805509,20992.40325567412,4409493.941675099,211013.29054027543,370.3731085453288,359.73289616922955,60.0,0.03,14.0,0.2,0.005,0.1,5.0,"Exploratory health-utility burden only: infant mortality is counted as undiscounted life-years lost, acute illness uses symptomatic cases, and hospitalizations are imputed from cases because the model summary has no hospitalization/admission columns. No costs, discounting, age weighting, or formal cost-effectiveness decision rule is applied."
Australia,maternal_cocooning_only,maternal_cocooning_only,lower_burden,25765.632497714043,3.3469372710276413,959.8958243116394,0.12468978327133406,0.035916813794867,20595.9185507905,5085.613419410515,84.10052751302979,0.7993562181179831,0.19737972354692698,0.003264058335090019,61435.43534826826,40330.3573603766,21105.077987891666,4422667.384380216,201651.786801883,353.8465499213109,343.26530917984167,60.0,0.03,14.0,0.2,0.005,0.1,5.0,"Exploratory health-utility burden only: infant mortality is counted as undiscounted life-years lost, acute illness uses symptomatic cases, and hospitalizations are imputed from cases because the model summary has no hospitalization/admission columns. No costs, discounting, age weighting, or formal cost-effectiveness decision rule is applied."
Australia,maternal_direct_antibody_only,maternal_direct_antibody_only,lower_burden,19121.742409554285,2.483900690777412,7603.785912471398,0.9877263635215634,0.28451396061662826,13969.364022439553,5071.421859220868,80.9565278938654,0.7305486980861997,0.26521755970768146,0.0042337422061189895,59138.74362646866,38038.06630699567,21100.67731947299,4410325.795429576,190190.33153497835,243.3963674202521,232.82273370732588,60.0,0.03,14.0,0.2,0.005,0.1,5.0,"Exploratory health-utility burden only: infant mortality is counted as undiscounted life-years lost, acute illness uses symptomatic cases, and hospitalizations are imputed from cases because the model summary has no hospitalization/admission columns. No costs, discounting, age weighting, or formal cost-effectiveness decision rule is applied."
Australia,maternal_immunization,maternal_immunization,lower_burden,18502.32567917612,2.403438899556853,8223.202642849563,1.0681881547421224,0.3076909292031642,13390.450192694167,5033.086643777141,78.78884270481146,0.7237171383143886,0.2720245406468954,0.004258321038716026,57555.24959586476,36584.9336924669,20970.315903397863,4376987.849141907,182924.6684623345,233.78152318521077,223.1741698782361,60.0,0.03,14.0,0.2,0.005,0.1,5.0,"Exploratory health-utility burden only: infant mortality is counted as undiscounted life-years lost, acute illness uses symptomatic cases, and hospitalizations are imputed from cases because the model summary has no hospitalization/admission columns. No costs, discounting, age weighting, or formal cost-effectiveness decision rule is applied."
Australia,next_generation_vaccine,next_generation_vaccine,lower_burden,15635.852387684172,2.03108606536646,11089.67593434151,1.4405409889325154,0.41494693016796314,11704.095108847709,3881.1516096195546,50.60566921690807,0.7485421848869989,0.2482213002136427,0.0032365148993583766,36967.441362951344,20606.525629723696,16360.915733227652,3375215.7747941487,103032.62814861847,202.9753159518409,195.06825181412847,60.0,0.03,14.0,0.2,0.005,0.1,5.0,"Exploratory health-utility burden only: infant mortality is counted as undiscounted life-years lost, acute illness uses symptomatic cases, and hospitalizations are imputed from cases because the model summary has no hospitalization/admission columns. No costs, discounting, age weighting, or formal cost-effectiveness decision rule is applied."
Australia,pregnancy_tdap_scaleup,pregnancy_tdap_scaleup,lower_burden,19121.742409554285,2.483900690777412,7603.785912471398,0.9877263635215634,0.28451396061662826,13969.364022439553,5071.421859220868,80.9565278938654,0.7305486980861997,0.26521755970768146,0.0042337422061189895,59138.74362646866,38038.06630699567,21100.67731947299,4410325.795429576,190190.33153497835,243.3963674202521,232.82273370732588,60.0,0.03,14.0,0.2,0.005,0.1,5.0,"Exploratory health-utility burden only: infant mortality is counted as undiscounted life-years lost, acute illness uses symptomatic cases, and hospitalizations are imputed from cases because the model summary has no hospitalization/admission columns. No costs, discounting, age weighting, or formal cost-effectiveness decision rule is applied."
Australia,resistance_guided_treatment,resistance_guided_treatment,lower_burden,20031.024323842077,2.60201576222978,6694.503998183605,0.8696112920691954,0.2504909881488244,15541.953826813764,4421.131408377632,67.93908865068192,0.7758941118310578,0.22071419498579248,0.003391693183149746,49629.50425932314,31185.105138867075,18444.399120456066,3844805.3497855486,155925.52569433537,267.6886862573596,259.0325637802294,60.0,0.03,14.0,0.2,0.005,0.1,5.0,"Exploratory health-utility burden only: infant mortality is counted as undiscounted life-years lost, acute illness uses symptomatic cases, and hospitalizations are imputed from cases because the model summary has no hospitalization/admission columns. No costs, discounting, age weighting, or formal cost-effectiveness decision rule is applied."
Australia,targeted_pep_high_risk,targeted_pep_high_risk,lower_burden,26290.212175402306,3.4150797967526763,435.31614662337597,0.05654725754629908,0.016288401912137762,21116.959842836433,5087.894388151286,85.35794441458695,0.803225158547557,0.1935280839198259,0.0032467575326170133,62353.97839485576,41262.28034060595,21091.698054249817,4424651.012552993,206311.40170302973,362.4614597491695,351.9493307139405,60.0,0.03,14.0,0.2,0.005,0.1,5.0,"Exploratory health-utility burden only: infant mortality is counted as undiscounted life-years lost, acute illness uses symptomatic cases, and hospitalizations are imputed from cases because the model summary has no hospitalization/admission columns. No costs, discounting, age weighting, or formal cost-effectiveness decision rule is applied."
Australia,transmission_blocking_vaccine,transmission_blocking_vaccine,lower_burden,17324.777708020007,2.2504762590285328,9400.750614005676,1.2211507952704426,0.35175172220105766,13185.100955010803,4081.514269127299,58.162483881906084,0.7610545530351677,0.2355882619629734,0.0033571850018590103,42487.694475732394,25374.76494704243,17112.92952868996,3549459.7304732045,126873.82473521214,227.78440263521708,219.75168258351337,60.0,0.03,14.0,0.2,0.005,0.1,5.0,"Exploratory health-utility burden only: infant mortality is counted as undiscounted life-years lost, acute illness uses symptomatic cases, and hospitalizations are imputed from cases because the model summary has no hospitalization/admission columns. No costs, discounting, age weighting, or formal cost-effectiveness decision rule is applied."
Brazil,adolescent_booster,adolescent_booster,lower_burden,50405.46905790558,0.891795730483448,236.07492284792534,0.004176741117593918,0.004661684938706556,33998.568140471696,16216.654866586478,190.24605084740853,0.674501572466557,0.32172411386464544,0.0037743136687976198,138974.74014403194,70216.66644783846,68758.07369619346,14102698.071477884,351083.3322391923,598.0743743324274,566.642802341195,60.0,0.03,14.0,0.2,0.005,0.1,5.0,"Exploratory health-utility burden only: infant mortality is counted as undiscounted life-years lost, acute illness uses symptomatic cases, and hospitalizations are imputed from cases because the model summary has no hospitalization/admission columns. No costs, discounting, age weighting, or formal cost-effectiveness decision rule is applied."
Brazil,cocooning_adjunct,cocooning_adjunct,lower_burden,39423.28573208476,0.697494112181695,11218.258248668746,0.19847835941934688,0.22152283218166258,26132.211452536496,13140.557024156551,150.51725539171514,0.6628623405498826,0.33331968099914283,0.0038179784509746284,109952.8550636479,54169.125424581725,55783.72963906618,11427591.554936145,270845.6271229086,462.1465909290749,435.5368575422749,60.0,0.03,14.0,0.2,0.005,0.1,5.0,"Exploratory health-utility burden only: infant mortality is counted as undiscounted life-years lost, acute illness uses symptomatic cases, and hospitalizations are imputed from cases because the model summary has no hospitalization/admission columns. No costs, discounting, age weighting, or formal cost-effectiveness decision rule is applied."
Brazil,combined_strategy,combined_strategy,lower_burden,226.3848618062851,0.004005300554166599,50415.159118947224,0.8919671710468753,0.9955296611435795,119.58915686003095,105.71611523122394,1.0795897150301978,0.5282559792463597,0.46697519607863175,0.004768824675008483,788.6402868295594,337.3989377958295,451.2413490337299,91935.26449572512,1686.9946889791474,2.212213971327357,1.9931526143338492,60.0,0.03,14.0,0.2,0.005,0.1,5.0,"Exploratory health-utility burden only: infant mortality is counted as undiscounted life-years lost, acute illness uses symptomatic cases, and hospitalizations are imputed from cases because the model summary has no hospitalization/admission columns. No costs, discounting, age weighting, or formal cost-effectiveness decision rule is applied."
Brazil,current,current,lower_burden,50641.54398075351,0.8959724716010419,0.0,0.0,0.0,34169.8268921751,16280.706229427175,191.01085915123554,0.6747390424186407,0.3214891361846059,0.0037718213967534216,139533.43260997755,70504.03405298949,69029.39855698808,14158399.881662562,352520.17026494746,600.462897945604,569.4971148695851,60.0,0.03,14.0,0.2,0.005,0.1,5.0,"Exploratory health-utility burden only: infant mortality is counted as undiscounted life-years lost, acute illness uses symptomatic cases, and hospitalizations are imputed from cases because the model summary has no hospitalization/admission columns. No costs, discounting, age weighting, or formal cost-effectiveness decision rule is applied."
Brazil,higher_child_coverage,higher_child_coverage,lower_burden,51013.31256621533,0.9025499651887688,-371.76858546182484,-0.006577493587726968,-0.007341177938870125,34431.80529745995,16389.15151587913,192.3557528762548,0.6749572526341517,0.3212720502046597,0.003770697161188598,140515.87747610413,71028.03561438211,69487.84186172203,14252708.550416317,355140.1780719105,604.9715809020311,573.8634216243324,60.0,0.03,14.0,0.2,0.005,0.1,5.0,"Exploratory health-utility burden only: infant mortality is counted as undiscounted life-years lost, acute illness uses symptomatic cases, and hospitalizations are imputed from cases because the model summary has no hospitalization/admission columns. No costs, discounting, age weighting, or formal cost-effectiveness decision rule is applied."
Brazil,maternal_adult_boosting_only,maternal_adult_boosting_only,lower_burden,41054.262834812704,0.7263500765600086,9587.281145940804,0.16962239504103327,0.18931652537261667,27701.244536875984,13197.881663606637,155.1366343300797,0.6747470938239869,0.3214740870323277,0.0037788191436853367,113327.31137812321,57374.45516642276,55952.85621170044,11477443.5181722,286872.2758321138,488.3791660283624,461.6874089479331,60.0,0.03,14.0,0.2,0.005,0.1,5.0,"Exploratory health-utility burden only: infant mortality is counted as undiscounted life-years lost, acute illness uses symptomatic cases, and hospitalizations are imputed from cases because the model summary has no hospitalization/admission columns. No costs, discounting, age weighting, or formal cost-effectiveness decision rule is applied."
Brazil,maternal_cocooning_only,maternal_cocooning_only,lower_burden,48551.27104034462,0.8589904434460929,2090.2729404088896,0.036982028154949,0.0412758533034322,32147.46563940252,16218.638295667752,185.16710527434833,0.6621343777527258,0.33405177553828735,0.0038138467089868797,135264.57040291146,66402.51863677554,68862.05176613593,14104422.946411064,332012.59318387765,566.6819384481275,535.791093990042,60.0,0.03,14.0,0.2,0.005,0.1,5.0,"Exploratory health-utility burden only: infant mortality is counted as undiscounted life-years lost, acute illness uses symptomatic cases, and hospitalizations are imputed from cases because the model summary has no hospitalization/admission columns. No costs, discounting, age weighting, or formal cost-effectiveness decision rule is applied."
Brazil,maternal_direct_antibody_only,maternal_direct_antibody_only,lower_burden,38931.62401599828,0.688795416697878,11709.91996475523,0.20717705490316385,0.23123149580916458,22560.890275570302,16188.771870363858,181.96187006411765,0.5795003636709143,0.41582575295886354,0.004673883370222202,132923.14608183794,64134.2532994382,68788.89278239975,14078449.82297714,320671.266497191,406.8732486915835,376.0148379261717,60.0,0.03,14.0,0.2,0.005,0.1,5.0,"Exploratory health-utility burden only: infant mortality is counted as undiscounted life-years lost, acute illness uses symptomatic cases, and hospitalizations are imputed from cases because the model summary has no hospitalization/admission columns. No costs, discounting, age weighting, or formal cost-effectiveness decision rule is applied."
Brazil,maternal_immunization,maternal_immunization,lower_burden,30445.20630308934,0.5386499819021837,20196.337677664167,0.35732248969885816,0.398809674628796,17248.03972525706,13053.76675902133,143.39981881095483,0.5665272737372407,0.428762631104153,0.004710095158606422,104753.56764140251,49223.58208968584,55529.985551716665,11352115.020791763,246117.9104484292,313.95552279103424,287.4673287542843,60.0,0.03,14.0,0.2,0.005,0.1,5.0,"Exploratory health-utility burden only: infant mortality is counted as undiscounted life-years lost, acute illness uses symptomatic cases, and hospitalizations are imputed from cases because the model summary has no hospitalization/admission columns. No costs, discounting, age weighting, or formal cost-effectiveness decision rule is applied."
Brazil,next_generation_vaccine,next_generation_vaccine,lower_burden,1651.9788026068975,0.0292275356285117,48989.56517814661,0.8667449359725302,0.9673789803242425,1031.174066523658,614.5759789010673,6.228757182172261,0.6242053862291808,0.3720241312607877,0.0037704825100316054,4550.107121576837,1925.9477645767945,2624.1593570000427,534461.6102228925,9629.738822883972,18.555136049070185,17.186234442060968,60.0,0.03,14.0,0.2,0.005,0.1,5.0,"Exploratory health-utility burden only: infant mortality is counted as undiscounted life-years lost, acute illness uses symptomatic cases, and hospitalizations are imputed from cases because the model summary has no hospitalization/admission columns. No costs, discounting, age weighting, or formal cost-effectiveness decision rule is applied."
Brazil,pregnancy_tdap_scaleup,pregnancy_tdap_scaleup,lower_burden,38931.62401599828,0.688795416697878,11709.91996475523,0.20717705490316385,0.23123149580916458,22560.890275570302,16188.771870363858,181.96187006411765,0.5795003636709143,0.41582575295886354,0.004673883370222202,132923.14608183794,64134.2532994382,68788.89278239975,14078449.82297714,320671.266497191,406.8732486915835,376.0148379261717,60.0,0.03,14.0,0.2,0.005,0.1,5.0,"Exploratory health-utility burden only: infant mortality is counted as undiscounted life-years lost, acute illness uses symptomatic cases, and hospitalizations are imputed from cases because the model summary has no hospitalization/admission columns. No costs, discounting, age weighting, or formal cost-effectiveness decision rule is applied."
Brazil,resistance_guided_treatment,resistance_guided_treatment,lower_burden,20726.74742765547,0.3667067325068454,29914.796553098036,0.5292657390941965,0.5907165185261187,13272.40672639295,7373.356024553344,80.98467670917559,0.6403516409276896,0.35574110459391983,0.003907254478390499,59159.30633605277,27793.204447622993,31366.101888429774,6412186.39992407,138966.02223811497,235.1648172827968,221.20677877321583,60.0,0.03,14.0,0.2,0.005,0.1,5.0,"Exploratory health-utility burden only: infant mortality is counted as undiscounted life-years lost, acute illness uses symptomatic cases, and hospitalizations are imputed from cases because the model summary has no hospitalization/admission columns. No costs, discounting, age weighting, or formal cost-effectiveness decision rule is applied."
Brazil,targeted_pep_high_risk,targeted_pep_high_risk,lower_burden,46725.127234418964,0.8266815039784561,3916.416746334544,0.0692909676225858,0.07733604543777317,31384.382829184226,15163.846105051874,176.89830018286287,0.6716810565700431,0.3245330083099653,0.003785935119991603,129224.20828358133,64911.33951099676,64312.86877258458,13187130.4520719,324556.6975549838,551.8807566521666,523.0730471530704,60.0,0.03,14.0,0.2,0.005,0.1,5.0,"Exploratory health-utility burden only: infant mortality is counted as undiscounted life-years lost, acute illness uses symptomatic cases, and hospitalizations are imputed from cases because the model summary has no hospitalization/admission columns. No costs, discounting, age weighting, or formal cost-effectiveness decision rule is applied."
Brazil,transmission_blocking_vaccine,transmission_blocking_vaccine,lower_burden,14866.553632032514,0.26302560620604526,35774.990348720996,0.6329468653949966,0.7064356166217484,9459.941936977111,5349.011558200432,57.60013685497204,0.6363238024846634,0.3598017193894272,0.00387447812590961,42076.899972557076,19300.77076998885,22776.12920256823,4651729.69436359,96503.85384994424,168.50415649753884,157.66569894961853,60.0,0.03,14.0,0.2,0.005,0.1,5.0,"Exploratory health-utility burden only: infant mortality is counted as undiscounted life-years lost, acute illness uses symptomatic cases, and hospitalizations are imputed from cases because the model summary has no hospitalization/admission columns. No costs, discounting, age weighting, or formal cost-effectiveness decision rule is applied."
China,adolescent_booster,adolescent_booster,lower_burden,83253.78988754234,0.2383709892874293,27701.198406083087,0.07931365140448712,0.24966158648745107,53671.104824915245,29283.875636274035,298.8094263530618,0.6446686078485215,0.351742253125415,0.0035891390260634135,218280.28595091164,93279.71237762496,125000.57357328666,25466513.276545458,466398.5618881248,971.7528020334234,894.5184137485874,60.0,0.03,14.0,0.2,0.005,0.1,5.0,"Exploratory health-utility burden only: infant mortality is counted as undiscounted life-years lost, acute illness uses symptomatic cases, and hospitalizations are imputed from cases because the model summary has no hospitalization/admission columns. No costs, discounting, age weighting, or formal cost-effectiveness decision rule is applied."
China,cocooning_adjunct,cocooning_adjunct,lower_burden,60328.849662547706,0.1727326478576083,50626.13863107772,0.14495199283430812,0.45627636404325855,38073.178659240264,22036.116344833845,219.55465847359545,0.6310940598437464,0.3652666422133674,0.003639297942886113,160384.67801496145,66222.48422840291,94162.19378655854,19163551.17845372,331112.42114201456,691.942913970653,634.5529776540044,60.0,0.03,14.0,0.2,0.005,0.1,5.0,"Exploratory health-utility burden only: infant mortality is counted as undiscounted life-years lost, acute illness uses symptomatic cases, and hospitalizations are imputed from cases because the model summary has no hospitalization/admission columns. No costs, discounting, age weighting, or formal cost-effectiveness decision rule is applied."
China,combined_strategy,combined_strategy,lower_burden,273.9423641671135,0.0007843476245751311,110681.04592945831,0.3169002930673413,0.9975310495870436,130.5928819612333,142.0129409312655,1.3365412746147163,0.47671663475010206,0.5184044511079459,0.004878914141952078,976.3434011060502,368.04174624863856,608.3016548574117,123500.53970272554,1840.2087312431927,2.5658477577901357,2.1765480326872217,60.0,0.03,14.0,0.2,0.005,0.1,5.0,"Exploratory health-utility burden only: infant mortality is counted as undiscounted life-years lost, acute illness uses symptomatic cases, and hospitalizations are imputed from cases because the model summary has no hospitalization/admission columns. No costs, discounting, age weighting, or formal cost-effectiveness decision rule is applied."
China,current,current,lower_burden,110954.98829362543,0.31768464069191643,0.0,0.0,0.0,70795.60480084436,39758.67043144772,400.71306133335565,0.6380569804891927,0.3583315274319391,0.003611492078868322,292720.8913040163,122914.53595178375,169806.35535223252,34575843.75020543,614572.6797589187,1277.7475071000156,1179.9267466807394,60.0,0.03,14.0,0.2,0.005,0.1,5.0,"Exploratory health-utility burden only: infant mortality is counted as undiscounted life-years lost, acute illness uses symptomatic cases, and hospitalizations are imputed from cases because the model summary has no hospitalization/admission columns. No costs, discounting, age weighting, or formal cost-effectiveness decision rule is applied."
China,higher_child_coverage,higher_child_coverage,lower_burden,112054.54665767931,0.32083287931150706,-1099.5583640538825,-0.0031482386195906265,-0.00990994980004034,71541.22948804907,40108.79535903829,404.521810591943,0.6384500372537647,0.3579399190428973,0.0036100437033379433,295503.1826374144,124206.71351225972,171296.46912515466,34880327.39259223,621033.5675612986,1291.071501942576,1192.3538248008178,60.0,0.03,14.0,0.2,0.005,0.1,5.0,"Exploratory health-utility burden only: infant mortality is counted as undiscounted life-years lost, acute illness uses symptomatic cases, and hospitalizations are imputed from cases because the model summary has no hospitalization/admission columns. No costs, discounting, age weighting, or formal cost-effectiveness decision rule is applied."
China,maternal_adult_boosting_only,maternal_adult_boosting_only,lower_burden,62913.24498476001,0.18013224939650213,48041.74330886542,0.1375523912954143,0.4329840780274816,40463.83883247584,22223.1999322153,226.20622006886938,0.6431688405561934,0.35323563325335716,0.003595526190449486,165243.6437603091,70371.70086232388,94871.94289798521,19326247.083908662,351858.5043116194,732.2193494989747,674.3973138745973,60.0,0.03,14.0,0.2,0.005,0.1,5.0,"Exploratory health-utility burden only: infant mortality is counted as undiscounted life-years lost, acute illness uses symptomatic cases, and hospitalizations are imputed from cases because the model summary has no hospitalization/admission columns. No costs, discounting, age weighting, or formal cost-effectiveness decision rule is applied."
China,maternal_cocooning_only,maternal_cocooning_only,lower_burden,106349.13802361315,0.30449723989492555,4605.850270012277,0.013187400796990878,0.04151097973011897,66473.82504816039,39486.19930525639,389.1136701963631,0.6250527863554561,0.3712883812606841,0.003658832383859722,284247.5360784432,115439.0565854009,168808.4794930423,34338891.18153547,577195.2829270045,1205.137279024705,1107.8970841360065,60.0,0.03,14.0,0.2,0.005,0.1,5.0,"Exploratory health-utility burden only: infant mortality is counted as undiscounted life-years lost, acute illness uses symptomatic cases, and hospitalizations are imputed from cases because the model summary has no hospitalization/admission columns. No costs, discounting, age weighting, or formal cost-effectiveness decision rule is applied."
China,maternal_direct_antibody_only,maternal_direct_antibody_only,lower_burden,76350.88851855905,0.21860670662005005,34604.09977506638,0.09907793407186638,0.31187511537103596,36795.23656129262,39181.301462442694,374.3504948237402,0.4819228338429695,0.5131741388041433,0.0049030273528872514,273463.0364687422,105737.78637627776,167725.25009246444,34073738.950374275,528688.9318813888,709.8768524269326,613.2539426882104,60.0,0.03,14.0,0.2,0.005,0.1,5.0,"Exploratory health-utility burden only: infant mortality is counted as undiscounted life-years lost, acute illness uses symptomatic cases, and hospitalizations are imputed from cases because the model summary has no hospitalization/admission columns. No costs, discounting, age weighting, or formal cost-effectiveness decision rule is applied."
China,maternal_immunization,maternal_immunization,lower_burden,41635.681988474775,0.11921065357248811,69319.30630515065,0.19847398711942832,0.6247515985645251,19758.64279267195,21672.14608524353,204.89311055929568,0.4745603253992901,0.5205185804628497,0.004921094137860223,149674.4172635655,56860.80210627965,92813.61515728585,18847027.04198857,284304.01053139823,385.8918409101167,329.3107132111992,60.0,0.03,14.0,0.2,0.005,0.1,5.0,"Exploratory health-utility burden only: infant mortality is counted as undiscounted life-years lost, acute illness uses symptomatic cases, and hospitalizations are imputed from cases because the model summary has no hospitalization/admission columns. No costs, discounting, age weighting, or formal cost-effectiveness decision rule is applied."
China,next_generation_vaccine,next_generation_vaccine,lower_burden,803.802696763064,0.002301435698001964,110151.18559686237,0.3153832049939145,0.9927555965790748,504.0487552793171,296.9264764051984,2.8274650785484865,0.6270801992940999,0.3694021898669035,0.003517610838996644,2065.4632398796693,794.2187624284918,1271.2444774511773,258219.98930237792,3971.093812142459,9.189434009050258,8.400812587988618,60.0,0.03,14.0,0.2,0.005,0.1,5.0,"Exploratory health-utility burden only: infant mortality is counted as undiscounted life-years lost, acute illness uses symptomatic cases, and hospitalizations are imputed from cases because the model summary has no hospitalization/admission columns. No costs, discounting, age weighting, or formal cost-effectiveness decision rule is applied."
China,pregnancy_tdap_scaleup,pregnancy_tdap_scaleup,lower_burden,76350.88851855905,0.21860670662005005,34604.09977506638,0.09907793407186638,0.31187511537103596,36795.23656129262,39181.301462442694,374.3504948237402,0.4819228338429695,0.5131741388041433,0.0049030273528872514,273463.0364687422,105737.78637627776,167725.25009246444,34073738.950374275,528688.9318813888,709.8768524269326,613.2539426882104,60.0,0.03,14.0,0.2,0.005,0.1,5.0,"Exploratory health-utility burden only: infant mortality is counted as undiscounted life-years lost, acute illness uses symptomatic cases, and hospitalizations are imputed from cases because the model summary has no hospitalization/admission columns. No costs, discounting, age weighting, or formal cost-effectiveness decision rule is applied."
China,resistance_guided_treatment,resistance_guided_treatment,lower_burden,27133.391536126208,0.07768791534444397,83821.59675749922,0.23999672534747246,0.7554558659019293,16674.61499742189,10358.354749532893,100.4217891714249,0.6145422320398395,0.38175672715817593,0.003701040801984534,73358.1169897259,29043.86758083134,44314.24940889456,9008069.21968307,145219.33790415668,303.2309514245563,277.9102499570315,60.0,0.03,14.0,0.2,0.005,0.1,5.0,"Exploratory health-utility burden only: infant mortality is counted as undiscounted life-years lost, acute illness uses symptomatic cases, and hospitalizations are imputed from cases because the model summary has no hospitalization/admission columns. No costs, discounting, age weighting, or formal cost-effectiveness decision rule is applied."
China,targeted_pep_high_risk,targeted_pep_high_risk,lower_burden,95882.15664386416,0.2745283376137905,15072.831649761269,0.04315630307812596,0.13584636330070465,60997.74616134588,34537.36616077449,347.0443217437797,0.6361741151475168,0.36020639678618094,0.0036194880663021492,253515.87703383103,105989.75190010895,147526.12513372206,30035173.78624496,529948.7595005448,1101.8802203768464,1016.629102689098,60.0,0.03,14.0,0.2,0.005,0.1,5.0,"Exploratory health-utility burden only: infant mortality is counted as undiscounted life-years lost, acute illness uses symptomatic cases, and hospitalizations are imputed from cases because the model summary has no hospitalization/admission columns. No costs, discounting, age weighting, or formal cost-effectiveness decision rule is applied."
China,transmission_blocking_vaccine,transmission_blocking_vaccine,lower_burden,6596.5134152494265,0.01888703721615572,104358.474878376,0.29879760347576073,0.940547842718051,4052.4670708671038,2519.81197312171,24.23437126061269,0.6143346970990542,0.38199148769963215,0.0036738152013136385,17703.20820587757,6919.513627729073,10783.694578148496,2191336.4837683444,34597.568138645365,73.84976444397755,67.54111784778506,60.0,0.03,14.0,0.2,0.005,0.1,5.0,"Exploratory health-utility burden only: infant mortality is counted as undiscounted life-years lost, acute illness uses symptomatic cases, and hospitalizations are imputed from cases because the model summary has no hospitalization/admission columns. No costs, discounting, age weighting, or formal cost-effectiveness decision rule is applied."
Japan,adolescent_booster,adolescent_booster,lower_burden,21722.43295805136,0.740984204476693,562.7946664498595,0.019197755564915098,0.025254158312078556,13583.659167109385,8059.47286871197,79.3009222300038,0.6253286265558315,0.3710207270187361,0.0036506464254323382,57929.32368901778,23471.80371893097,34457.51997008681,7008863.012612018,117359.01859465484,250.5275083481181,226.3943194518231,60.0,0.03,14.0,0.2,0.005,0.1,5.0,"Exploratory health-utility burden only: infant mortality is counted as undiscounted life-years lost, acute illness uses symptomatic cases, and hospitalizations are imputed from cases because the model summary has no hospitalization/admission columns. No costs, discounting, age weighting, or formal cost-effectiveness decision rule is applied."
Japan,cocooning_adjunct,cocooning_adjunct,lower_burden,16904.495181014565,0.5766372461173209,5380.732443486653,0.18354471392428717,0.24144839506018212,10358.096391573888,6483.847289253268,62.55150018740663,0.6127421304604863,0.38355758156772857,0.0037002879717850557,45693.870886900535,17949.449720389366,27744.421166511172,5638631.481904182,89747.24860194682,192.895869691044,172.6349398595648,60.0,0.03,14.0,0.2,0.005,0.1,5.0,"Exploratory health-utility burden only: infant mortality is counted as undiscounted life-years lost, acute illness uses symptomatic cases, and hospitalizations are imputed from cases because the model summary has no hospitalization/admission columns. No costs, discounting, age weighting, or formal cost-effectiveness decision rule is applied."
Japan,combined_strategy,combined_strategy,lower_burden,816.1998666317775,0.027841780441918138,21469.02775786944,0.73234017959969,0.9633748472133883,325.5140399204907,486.56232437362064,4.123502337666164,0.39881658062968534,0.5961313451097752,0.005052074260539485,3012.218457665132,919.5294440342631,2092.689013630869,423135.44994634506,4597.647220171315,6.959668067558436,5.425233998674845,60.0,0.03,14.0,0.2,0.005,0.1,5.0,"Exploratory health-utility burden only: infant mortality is counted as undiscounted life-years lost, acute illness uses symptomatic cases, and hospitalizations are imputed from cases because the model summary has no hospitalization/admission columns. No costs, discounting, age weighting, or formal cost-effectiveness decision rule is applied."
Japan,current,current,lower_burden,22285.227624501218,0.7601819600416081,0.0,0.0,0.0,13889.637597469193,8314.093042015575,81.49698501644784,0.6232665796152067,0.3730764245313226,0.0036569958534705287,59533.54755451514,23981.630170733606,35551.91738378153,7230291.627609975,119908.15085366802,256.1780613606184,231.49395995781987,60.0,0.03,14.0,0.2,0.005,0.1,5.0,"Exploratory health-utility burden only: infant mortality is counted as undiscounted life-years lost, acute illness uses symptomatic cases, and hospitalizations are imputed from cases because the model summary has no hospitalization/admission columns. No costs, discounting, age weighting, or formal cost-effectiveness decision rule is applied."
Japan,higher_child_coverage,higher_child_coverage,lower_burden,22336.218843363775,0.7619213458606757,-50.99121886255671,-0.0017393858190676292,-0.0022881174795135184,13925.881135736323,8328.671263308654,81.66644431879729,0.6234663634607872,0.372877402469718,0.0036562340694947515,59657.33757488142,24043.579699225316,35613.757875656105,7242969.4736273475,120217.89849612657,256.8114148987452,232.0980189289387,60.0,0.03,14.0,0.2,0.005,0.1,5.0,"Exploratory health-utility burden only: infant mortality is counted as undiscounted life-years lost, acute illness uses symptomatic cases, and hospitalizations are imputed from cases because the model summary has no hospitalization/admission columns. No costs, discounting, age weighting, or formal cost-effectiveness decision rule is applied."
Japan,maternal_adult_boosting_only,maternal_adult_boosting_only,lower_burden,17513.753796073073,0.5974199550963865,4771.473828428145,0.16276200494522164,0.21410927044703854,10955.001623935696,6494.768942279471,63.983229857907396,0.6255084861585768,0.3708382005310435,0.0036533133103797367,46739.74941120135,18973.438270736704,27766.311140464644,5648129.419446612,94867.19135368352,202.864689593402,182.58336039892825,60.0,0.03,14.0,0.2,0.005,0.1,5.0,"Exploratory health-utility burden only: infant mortality is counted as undiscounted life-years lost, acute illness uses symptomatic cases, and hospitalizations are imputed from cases because the model summary has no hospitalization/admission columns. No costs, discounting, age weighting, or formal cost-effectiveness decision rule is applied."
Japan,maternal_cocooning_only,maternal_cocooning_only,lower_burden,21458.544973450862,0.731982596582982,826.6826510503561,0.02819936345862606,0.03709554441083962,13080.649942455964,8298.333262060816,79.56176893408322,0.6095776744713924,0.3867146291758251,0.0037076963527825097,58119.87220634778,22601.990737063497,35517.881469284286,7216586.247542174,113009.95368531748,242.66526932307755,218.01083237426607,60.0,0.03,14.0,0.2,0.005,0.1,5.0,"Exploratory health-utility burden only: infant mortality is counted as undiscounted life-years lost, acute illness uses symptomatic cases, and hospitalizations are imputed from cases because the model summary has no hospitalization/admission columns. No costs, discounting, age weighting, or formal cost-effectiveness decision rule is applied."
Japan,maternal_direct_antibody_only,maternal_direct_antibody_only,lower_burden,15610.853628249633,0.5325092260016787,6674.373996251585,0.22767273403992938,0.29949768109676056,7262.062114674429,8271.83687260886,76.9546409663457,0.4651931462308309,0.5298772936823916,0.004929560086777538,56215.365225915535,20766.816376758474,35448.54884915706,7193543.851715204,103834.08188379236,145.63750111479885,121.03436857790714,60.0,0.03,14.0,0.2,0.005,0.1,5.0,"Exploratory health-utility burden only: infant mortality is counted as undiscounted life-years lost, acute illness uses symptomatic cases, and hospitalizations are imputed from cases because the model summary has no hospitalization/admission columns. No costs, discounting, age weighting, or formal cost-effectiveness decision rule is applied."
Japan,maternal_immunization,maternal_immunization,lower_burden,11939.069488141015,0.4072592570067057,10346.158136360204,0.3529227030349024,0.4642608238376371,5423.909184313032,6455.970733737236,59.18957009074582,0.4542991553655466,0.5407432078479736,0.004957636786479747,43237.980951289814,15554.909516615618,27683.071434674195,5614388.834517917,77774.54758307809,110.60673044172552,90.3984864052172,60.0,0.03,14.0,0.2,0.005,0.1,5.0,"Exploratory health-utility burden only: infant mortality is counted as undiscounted life-years lost, acute illness uses symptomatic cases, and hospitalizations are imputed from cases because the model summary has no hospitalization/admission columns. No costs, discounting, age weighting, or formal cost-effectiveness decision rule is applied."
Japan,next_generation_vaccine,next_generation_vaccine,lower_burden,9202.860948353426,0.3139231508231585,13082.366676147793,0.44625880921844957,0.5870420933804843,5384.075109933923,3784.910371223907,33.87546719559501,0.5850436228635227,0.4112754058183507,0.0036809713181264574,24746.028786382147,8500.951220593022,16245.077565789124,3291520.26926079,42504.75610296511,101.16698602338757,89.73458516556539,60.0,0.03,14.0,0.2,0.005,0.1,5.0,"Exploratory health-utility burden only: infant mortality is counted as undiscounted life-years lost, acute illness uses symptomatic cases, and hospitalizations are imputed from cases because the model summary has no hospitalization/admission columns. No costs, discounting, age weighting, or formal cost-effectiveness decision rule is applied."
Japan,pregnancy_tdap_scaleup,pregnancy_tdap_scaleup,lower_burden,15610.853628249633,0.5325092260016787,6674.373996251585,0.22767273403992938,0.29949768109676056,7262.062114674429,8271.83687260886,76.9546409663457,0.4651931462308309,0.5298772936823916,0.004929560086777538,56215.365225915535,20766.816376758474,35448.54884915706,7193543.851715204,103834.08188379236,145.63750111479885,121.03436857790714,60.0,0.03,14.0,0.2,0.005,0.1,5.0,"Exploratory health-utility burden only: infant mortality is counted as undiscounted life-years lost, acute illness uses symptomatic cases, and hospitalizations are imputed from cases because the model summary has no hospitalization/admission columns. No costs, discounting, age weighting, or formal cost-effectiveness decision rule is applied."
Japan,resistance_guided_treatment,resistance_guided_treatment,lower_burden,12084.814437325404,0.41223083203887306,10200.413187175815,0.34795112800273503,0.4577208435583173,7123.307806790398,4915.682786573857,45.823843961148874,0.5894428783936644,0.40676526826851217,0.0037918533378234107,33474.31801361925,12410.129125127176,21064.188888492074,4274888.42332405,62050.64562563588,133.0278679937953,118.72179677983996,60.0,0.03,14.0,0.2,0.005,0.1,5.0,"Exploratory health-utility burden only: infant mortality is counted as undiscounted life-years lost, acute illness uses symptomatic cases, and hospitalizations are imputed from cases because the model summary has no hospitalization/admission columns. No costs, discounting, age weighting, or formal cost-effectiveness decision rule is applied."
Japan,targeted_pep_high_risk,targeted_pep_high_risk,lower_burden,21216.279789894477,0.7237185740818903,1068.9478346067408,0.036463385959717765,0.04796665542834744,13162.214726142389,7976.193450316155,77.87161343593604,0.6203827841868715,0.37594684503148823,0.0036703707816403822,56885.21361495128,22772.32339350344,34112.89022144784,6936439.661257084,113861.6169675172,242.9920331527998,219.3702454357065,60.0,0.03,14.0,0.2,0.005,0.1,5.0,"Exploratory health-utility burden only: infant mortality is counted as undiscounted life-years lost, acute illness uses symptomatic cases, and hospitalizations are imputed from cases because the model summary has no hospitalization/admission columns. No costs, discounting, age weighting, or formal cost-effectiveness decision rule is applied."
Japan,transmission_blocking_vaccine,transmission_blocking_vaccine,lower_burden,14369.313184980192,0.4901584516402396,7915.914439521026,0.2700235084013685,0.3552090457814293,8545.253681258477,5770.294314672307,53.76518904940694,0.5946876911410471,0.40157064157414435,0.003741667284808439,39275.47060059177,14548.712234623297,24726.758365968468,5018095.23436681,72743.56117311648,159.45326193137404,142.4208946876413,60.0,0.03,14.0,0.2,0.005,0.1,5.0,"Exploratory health-utility burden only: infant mortality is counted as undiscounted life-years lost, acute illness uses symptomatic cases, and hospitalizations are imputed from cases because the model summary has no hospitalization/admission columns. No costs, discounting, age weighting, or formal cost-effectiveness decision rule is applied."
New_Zealand,adolescent_booster,adolescent_booster,lower_burden,4366.297059196057,3.0412691130424663,-280.0774699372787,-0.19508314401925464,-0.06854195273144481,3453.41392073756,898.6894227843723,14.193715674123805,0.7909250960065047,0.2058241596026092,0.0032507443908860426,10368.50929994744,6626.477039360111,3742.03226058733,781538.8373142665,33132.385196800555,59.81255173154309,57.556898678959335,60.0,0.03,14.0,0.2,0.005,0.1,5.0,"Exploratory health-utility burden only: infant mortality is counted as undiscounted life-years lost, acute illness uses symptomatic cases, and hospitalizations are imputed from cases because the model summary has no hospitalization/admission columns. No costs, discounting, age weighting, or formal cost-effectiveness decision rule is applied."
New_Zealand,cocooning_adjunct,cocooning_adjunct,lower_burden,3869.171206198434,2.6950046493095865,217.0483830603439,0.15118131971362514,0.05311716081800577,3042.6249180260515,813.9157110096787,12.63057716270335,0.7863763984265544,0.21035918744194654,0.003264414131499039,9226.636617354798,5833.3914824361145,3393.245134918682,707815.984395917,29166.95741218057,52.804527207643005,50.71041530043419,60.0,0.03,14.0,0.2,0.005,0.1,5.0,"Exploratory health-utility burden only: infant mortality is counted as undiscounted life-years lost, acute illness uses symptomatic cases, and hospitalizations are imputed from cases because the model summary has no hospitalization/admission columns. No costs, discounting, age weighting, or formal cost-effectiveness decision rule is applied."
New_Zealand,combined_strategy,combined_strategy,lower_burden,1047.7970285840154,0.7298249969056904,3038.4225606747623,2.1163609721175214,0.743577894996563,615.4451605446703,427.51225268216683,4.839615357178284,0.5873705915890772,0.40801056027034505,0.0046188481405778576,3535.3390184187365,1719.4093681930703,1815.9296502256664,371782.9768860986,8597.046840965351,11.309345795377268,10.257419342411172,60.0,0.03,14.0,0.2,0.005,0.1,5.0,"Exploratory health-utility burden only: infant mortality is counted as undiscounted life-years lost, acute illness uses symptomatic cases, and hospitalizations are imputed from cases because the model summary has no hospitalization/admission columns. No costs, discounting, age weighting, or formal cost-effectiveness decision rule is applied."
New_Zealand,current,current,lower_burden,4086.219589258778,2.8461859690232116,0.0,0.0,0.0,3229.524104167268,843.4806462499355,13.21483884157449,0.7903452160663469,0.20642078278591464,0.003234001147738515,9653.439773770166,6139.287362074541,3514.152411695624,733526.9191494975,30696.436810372703,55.94166800865349,53.82540173612113,60.0,0.03,14.0,0.2,0.005,0.1,5.0,"Exploratory health-utility burden only: infant mortality is counted as undiscounted life-years lost, acute illness uses symptomatic cases, and hospitalizations are imputed from cases because the model summary has no hospitalization/admission columns. No costs, discounting, age weighting, or formal cost-effectiveness decision rule is applied."
New_Zealand,higher_child_coverage,higher_child_coverage,lower_burden,4450.477057524155,3.0999032409784695,-364.2574682653767,-0.25371727195525784,-0.0891429009891882,3520.178348677474,915.8298945416886,14.46881430499121,0.7909665195838095,0.20578240999880001,0.0032510704173903454,10569.468849796078,6756.1479169904605,3813.3209328056173,796444.9261460757,33780.7395849523,60.96858324608627,58.66963914462456,60.0,0.03,14.0,0.2,0.005,0.1,5.0,"Exploratory health-utility burden only: infant mortality is counted as undiscounted life-years lost, acute illness uses symptomatic cases, and hospitalizations are imputed from cases because the model summary has no hospitalization/admission columns. No costs, discounting, age weighting, or formal cost-effectiveness decision rule is applied."
New_Zealand,maternal_adult_boosting_only,maternal_adult_boosting_only,lower_burden,3993.93479585337,2.7819065801063307,92.28479340540798,0.0642793889168809,0.02258439405654855,3165.797428375053,815.2024926509349,12.934874827381973,0.7926512550134481,0.20411011554252315,0.003238629444028824,9448.926061402532,6055.641986777274,3393.284074625258,708935.0248589381,30278.209933886366,54.85863129315802,52.763290472917554,60.0,0.03,14.0,0.2,0.005,0.1,5.0,"Exploratory health-utility burden only: infant mortality is counted as undiscounted life-years lost, acute illness uses symptomatic cases, and hospitalizations are imputed from cases because the model summary has no hospitalization/admission columns. No costs, discounting, age weighting, or formal cost-effectiveness decision rule is applied."
New_Zealand,maternal_cocooning_only,maternal_cocooning_only,lower_burden,3952.7924937765038,2.753249619440794,133.42709548227413,0.09293634958241759,0.03265294303639643,3097.7809670859624,842.1181537025182,12.893372988023195,0.7836943052192294,0.2130438557117268,0.0032618390690437806,9418.608967750944,5904.511570833144,3514.0973969178003,732342.0372377257,29522.55785416572,53.7446809820261,51.62968278476604,60.0,0.03,14.0,0.2,0.005,0.1,5.0,"Exploratory health-utility burden only: infant mortality is counted as undiscounted life-years lost, acute illness uses symptomatic cases, and hospitalizations are imputed from cases because the model summary has no hospitalization/admission columns. No costs, discounting, age weighting, or formal cost-effectiveness decision rule is applied."
New_Zealand,maternal_direct_antibody_only,maternal_direct_antibody_only,lower_burden,2865.697961987601,1.9960526229431557,1220.5216272711768,0.850133346080056,0.29869212865590855,2014.3871160606875,838.9596271710204,12.351218755893282,0.7029307145347382,0.29275926433961375,0.0043100211256481055,9022.565301180042,5512.399041207672,3510.1662599723704,729595.2472005124,27561.99520603836,35.685138375294294,33.57311860101146,60.0,0.03,14.0,0.2,0.005,0.1,5.0,"Exploratory health-utility burden only: infant mortality is counted as undiscounted life-years lost, acute illness uses symptomatic cases, and hospitalizations are imputed from cases because the model summary has no hospitalization/admission columns. No costs, discounting, age weighting, or formal cost-effectiveness decision rule is applied."
New_Zealand,maternal_immunization,maternal_immunization,lower_burden,2726.0499169598875,1.8987831784964053,1360.1696722988904,0.9474027905268063,0.3328674934343455,1903.9222303026847,810.2979254847543,11.829761172448418,0.698417963096565,0.2972425121211298,0.004339524782305183,8641.64053647357,5249.529765329344,3392.110771144225,704669.8030554918,26247.648826646717,33.823323015758206,31.73203717171141,60.0,0.03,14.0,0.2,0.005,0.1,5.0,"Exploratory health-utility burden only: infant mortality is counted as undiscounted life-years lost, acute illness uses symptomatic cases, and hospitalizations are imputed from cases because the model summary has no hospitalization/admission columns. No costs, discounting, age weighting, or formal cost-effectiveness decision rule is applied."
New_Zealand,next_generation_vaccine,next_generation_vaccine,lower_burden,2721.2705036440625,1.8954541604574928,1364.9490856147154,0.9507318085657188,0.3340371352539845,2013.0907533686836,699.2877945821253,8.891955693253916,0.7397613543647892,0.25697107055168045,0.00326757508353053,6495.573633921986,3543.508159686514,2952.065474235472,608130.6356455269,17717.54079843257,35.33374335932345,33.55151255614473,60.0,0.03,14.0,0.2,0.005,0.1,5.0,"Exploratory health-utility burden only: infant mortality is counted as undiscounted life-years lost, acute illness uses symptomatic cases, and hospitalizations are imputed from cases because the model summary has no hospitalization/admission columns. No costs, discounting, age weighting, or formal cost-effectiveness decision rule is applied."
New_Zealand,pregnancy_tdap_scaleup,pregnancy_tdap_scaleup,lower_burden,2865.697961987601,1.9960526229431557,1220.5216272711768,0.850133346080056,0.29869212865590855,2014.3871160606875,838.9596271710204,12.351218755893282,0.7029307145347382,0.29275926433961375,0.0043100211256481055,9022.565301180042,5512.399041207672,3510.1662599723704,729595.2472005124,27561.99520603836,35.685138375294294,33.57311860101146,60.0,0.03,14.0,0.2,0.005,0.1,5.0,"Exploratory health-utility burden only: infant mortality is counted as undiscounted life-years lost, acute illness uses symptomatic cases, and hospitalizations are imputed from cases because the model summary has no hospitalization/admission columns. No costs, discounting, age weighting, or formal cost-effectiveness decision rule is applied."
New_Zealand,resistance_guided_treatment,resistance_guided_treatment,lower_burden,3314.3462158980806,2.3085508466543208,771.8733733606973,0.5376351223688909,0.18889669448741297,2526.4713023242875,776.5898483330333,11.285065240759517,0.7622834603715941,0.2343116252031632,0.003404914425242575,8243.740158374827,4991.754959705067,3251.985198669759,675355.8145324772,24958.774798525337,43.97118788579319,42.10785503873812,60.0,0.03,14.0,0.2,0.005,0.1,5.0,"Exploratory health-utility burden only: infant mortality is counted as undiscounted life-years lost, acute illness uses symptomatic cases, and hospitalizations are imputed from cases because the model summary has no hospitalization/admission columns. No costs, discounting, age weighting, or formal cost-effectiveness decision rule is applied."
New_Zealand,targeted_pep_high_risk,targeted_pep_high_risk,lower_burden,3936.123436702276,2.741639075413044,150.0961525565017,0.10454689361016767,0.036732277665902036,3098.611226488162,824.704383339295,12.807826874818884,0.7872240991212943,0.20952198186910534,0.0032539190096003215,9356.117532055196,5918.078103515982,3438.039428539214,717198.2762254226,29590.390517579905,53.70461675752905,51.64352044146937,60.0,0.03,14.0,0.2,0.005,0.1,5.0,"Exploratory health-utility burden only: infant mortality is counted as undiscounted life-years lost, acute illness uses symptomatic cases, and hospitalizations are imputed from cases because the model summary has no hospitalization/admission columns. No costs, discounting, age weighting, or formal cost-effectiveness decision rule is applied."
New_Zealand,transmission_blocking_vaccine,transmission_blocking_vaccine,lower_burden,2940.626136373089,2.0482425528651635,1145.5934528856887,0.7979434161580481,0.28035533281105296,2201.5085972870515,729.2089460843176,9.90859300171996,0.7486530062615676,0.2479774416287103,0.003369552109722124,7238.227187756431,4171.764544740453,3066.4626430159774,634151.3513268977,20858.822723702266,38.530729063809126,36.69180995478419,60.0,0.03,14.0,0.2,0.005,0.1,5.0,"Exploratory health-utility burden only: infant mortality is counted as undiscounted life-years lost, acute illness uses symptomatic cases, and hospitalizations are imputed from cases because the model summary has no hospitalization/admission columns. No costs, discounting, age weighting, or formal cost-effectiveness decision rule is applied."
South_Africa,adolescent_booster,adolescent_booster,lower_burden,23832.60392940447,1.2582704809379603,401.9335124568097,0.02122055476973661,0.016585153045361345,18441.160465450175,5315.306884022983,76.13657993131382,0.7737786655656884,0.22302669484910964,0.0031946395852018978,55617.771639824736,33339.157244882575,22278.61439494216,4622418.6652128445,166695.78622441288,314.0081537807386,307.3526744241696,60.0,0.03,14.0,0.2,0.005,0.1,5.0,"Exploratory health-utility burden only: infant mortality is counted as undiscounted life-years lost, acute illness uses symptomatic cases, and hospitalizations are imputed from cases because the model summary has no hospitalization/admission columns. No costs, discounting, age weighting, or formal cost-effectiveness decision rule is applied."
South_Africa,cocooning_adjunct,cocooning_adjunct,lower_burden,20637.878838839293,1.0896011946817068,3596.658603021988,0.18988984102599016,0.1484104498239499,15799.313758437342,4772.013120265367,66.5519601365853,0.7655493029014178,0.23122594901975657,0.0032247480788257345,48616.20687977555,28580.996162688898,20035.21071708665,4149947.124230775,142904.98081344448,269.3009074143808,263.3218959739557,60.0,0.03,14.0,0.2,0.005,0.1,5.0,"Exploratory health-utility burden only: infant mortality is counted as undiscounted life-years lost, acute illness uses symptomatic cases, and hospitalizations are imputed from cases because the model summary has no hospitalization/admission columns. No costs, discounting, age weighting, or formal cost-effectiveness decision rule is applied."
South_Africa,combined_strategy,combined_strategy,lower_burden,58.51532220362671,0.0030893855659493404,24176.022119657653,1.2764016501417477,0.9975854574347043,35.500415809390006,22.73985701658879,0.2750493776479201,0.6066858127492244,0.38861371962469343,0.004700467626082265,200.92357037180562,104.66235819197333,96.2612121798323,19775.554226926324,523.3117909598666,0.6221966004377322,0.5916735968231668,60.0,0.03,14.0,0.2,0.005,0.1,5.0,"Exploratory health-utility burden only: infant mortality is counted as undiscounted life-years lost, acute illness uses symptomatic cases, and hospitalizations are imputed from cases because the model summary has no hospitalization/admission columns. No costs, discounting, age weighting, or formal cost-effectiveness decision rule is applied."
South_Africa,current,current,lower_burden,24234.53744186128,1.279491035707697,0.0,0.0,0.0,18751.963133953337,5405.253278385432,77.32102952251178,0.7737702103429598,0.2230392592122977,0.0031905304447425553,56483.012066194846,33825.448762272135,22657.563303922714,4700639.904595903,169127.24381136068,319.1094292943248,312.5327188992223,60.0,0.03,14.0,0.2,0.005,0.1,5.0,"Exploratory health-utility burden only: infant mortality is counted as undiscounted life-years lost, acute illness uses symptomatic cases, and hospitalizations are imputed from cases because the model summary has no hospitalization/admission columns. No costs, discounting, age weighting, or formal cost-effectiveness decision rule is applied."
South_Africa,higher_child_coverage,higher_child_coverage,lower_burden,23100.0283188512,1.2195932863200794,1134.5091230100807,0.059897749387617605,0.046813731259850555,17760.56207523426,5267.153191534848,72.31305208209686,0.76885455853491,0.22801501014769282,0.003130431317397324,52824.684545971744,30689.203890763412,22135.480655208332,4580542.150495484,153446.01945381705,302.3205462108881,296.009367920571,60.0,0.03,14.0,0.2,0.005,0.1,5.0,"Exploratory health-utility burden only: infant mortality is counted as undiscounted life-years lost, acute illness uses symptomatic cases, and hospitalizations are imputed from cases because the model summary has no hospitalization/admission columns. No costs, discounting, age weighting, or formal cost-effectiveness decision rule is applied."
South_Africa,maternal_adult_boosting_only,maternal_adult_boosting_only,lower_burden,21574.960879095266,1.1390755488069164,2659.576562766015,0.14041548690078054,0.10974323603849856,16713.235682041857,4792.869979087625,68.8552179657814,0.774658910192319,0.22214964865737508,0.0031914411503057524,50298.736724003305,30213.65231934704,20085.084404656267,4168085.142527988,151068.2615967352,284.5493900188694,278.55392803403095,60.0,0.03,14.0,0.2,0.005,0.1,5.0,"Exploratory health-utility burden only: infant mortality is counted as undiscounted life-years lost, acute illness uses symptomatic cases, and hospitalizations are imputed from cases because the model summary has no hospitalization/admission columns. No costs, discounting, age weighting, or formal cost-effectiveness decision rule is applied."
South_Africa,maternal_cocooning_only,maternal_cocooning_only,lower_burden,23140.250797614677,1.2217168796443205,1094.2866442466038,0.057774156063376436,0.04515401405419028,17683.366688722737,5382.237131048886,74.6469778430547,0.7641821535722317,0.23259199643608414,0.003225849991684161,54529.617314351446,31924.612237972106,22605.005076379337,4680624.076465728,159623.0611898605,301.28291753971416,294.7227781453789,60.0,0.03,14.0,0.2,0.005,0.1,5.0,"Exploratory health-utility burden only: infant mortality is counted as undiscounted life-years lost, acute illness uses symptomatic cases, and hospitalizations are imputed from cases because the model summary has no hospitalization/admission columns. No costs, discounting, age weighting, or formal cost-effectiveness decision rule is applied."
South_Africa,maternal_direct_antibody_only,maternal_direct_antibody_only,lower_burden,15419.702818437401,0.8141014277289407,8814.83462342388,0.4653896079787563,0.36373026077228376,9993.46938321616,5354.85481113872,71.37862408252225,0.6480974050464142,0.34727354179199216,0.004629053161593655,52142.084892282495,29597.9781585264,22544.1067337561,4656811.237543851,147989.89079263198,173.09904995289608,166.55782305360265,60.0,0.03,14.0,0.2,0.005,0.1,5.0,"Exploratory health-utility burden only: infant mortality is counted as undiscounted life-years lost, acute illness uses symptomatic cases, and hospitalizations are imputed from cases because the model summary has no hospitalization/admission columns. No costs, discounting, age weighting, or formal cost-effectiveness decision rule is applied."
South_Africa,maternal_immunization,maternal_immunization,lower_burden,13209.410806270846,0.6974064487363002,11025.126635590435,0.5820845869713968,0.45493447778979657,8421.962399754379,4725.951504981387,61.49690153507902,0.6375729033846277,0.3577715595564533,0.004655537058918999,44923.48657137522,24999.012024433054,19924.474546942172,4109889.9695106,124995.06012216526,146.30941788288203,140.3660399959063,60.0,0.03,14.0,0.2,0.005,0.1,5.0,"Exploratory health-utility burden only: infant mortality is counted as undiscounted life-years lost, acute illness uses symptomatic cases, and hospitalizations are imputed from cases because the model summary has no hospitalization/admission columns. No costs, discounting, age weighting, or formal cost-effectiveness decision rule is applied."
South_Africa,next_generation_vaccine,next_generation_vaccine,lower_burden,115.15157195790249,0.006079563285504209,24119.385869903377,1.2734114724221928,0.9952484518330853,86.45736870160269,28.328345025210393,0.3658582310894065,0.7508136209656788,0.24600919070012145,0.0031771883341997122,267.25943781081145,147.77612644261373,119.4833113681977,24635.54290585261,738.8806322130687,1.479235746873466,1.4409561450267114,60.0,0.03,14.0,0.2,0.005,0.1,5.0,"Exploratory health-utility burden only: infant mortality is counted as undiscounted life-years lost, acute illness uses symptomatic cases, and hospitalizations are imputed from cases because the model summary has no hospitalization/admission columns. No costs, discounting, age weighting, or formal cost-effectiveness decision rule is applied."
South_Africa,pregnancy_tdap_scaleup,pregnancy_tdap_scaleup,lower_burden,15419.702818437401,0.8141014277289407,8814.83462342388,0.4653896079787563,0.36373026077228376,9993.46938321616,5354.85481113872,71.37862408252225,0.6480974050464142,0.34727354179199216,0.004629053161593655,52142.084892282495,29597.9781585264,22544.1067337561,4656811.237543851,147989.89079263198,173.09904995289608,166.55782305360265,60.0,0.03,14.0,0.2,0.005,0.1,5.0,"Exploratory health-utility burden only: infant mortality is counted as undiscounted life-years lost, acute illness uses symptomatic cases, and hospitalizations are imputed from cases because the model summary has no hospitalization/admission columns. No costs, discounting, age weighting, or formal cost-effectiveness decision rule is applied."
South_Africa,resistance_guided_treatment,resistance_guided_treatment,lower_burden,9258.358933598347,0.48880599807305075,14976.178508262934,0.7906850376346461,0.6179684074511769,6900.907852387052,2326.7917506597832,30.659330551511353,0.7453705242884713,0.25131794601480784,0.003311529696720812,22396.640967879044,12594.104449003098,9802.536518875946,2023477.8260202047,62970.52224501549,117.91384177887689,115.01513087311754,60.0,0.03,14.0,0.2,0.005,0.1,5.0,"Exploratory health-utility burden only: infant mortality is counted as undiscounted life-years lost, acute illness uses symptomatic cases, and hospitalizations are imputed from cases because the model summary has no hospitalization/admission columns. No costs, discounting, age weighting, or formal cost-effectiveness decision rule is applied."
South_Africa,targeted_pep_high_risk,targeted_pep_high_risk,lower_burden,22744.90373236065,1.200844064219102,1489.633709500631,0.0786469714885949,0.061467387734313705,17538.559603937145,5133.474316719449,72.869811704055,0.7710984319966102,0.22569778167122873,0.00320378633216101,53231.39744981217,31702.51393897977,21528.883510832395,4464289.271861378,158512.56969489885,298.56482860161526,292.30932673228574,60.0,0.03,14.0,0.2,0.005,0.1,5.0,"Exploratory health-utility burden only: infant mortality is counted as undiscounted life-years lost, acute illness uses symptomatic cases, and hospitalizations are imputed from cases because the model summary has no hospitalization/admission columns. No costs, discounting, age weighting, or formal cost-effectiveness decision rule is applied."
South_Africa,transmission_blocking_vaccine,transmission_blocking_vaccine,lower_burden,5771.317195845298,0.30470350933335816,18463.220246015982,0.9747875263743389,0.7618556900584258,4276.903158327972,1475.3651552269698,19.04888229035626,0.7410618777645532,0.25563750962935594,0.0033006126060909154,13915.208513105248,7692.312480515142,6222.896032590107,1283040.7689205972,38461.562402575706,73.19207083373045,71.2817193054662,60.0,0.03,14.0,0.2,0.005,0.1,5.0,"Exploratory health-utility burden only: infant mortality is counted as undiscounted life-years lost, acute illness uses symptomatic cases, and hospitalizations are imputed from cases because the model summary has no hospitalization/admission columns. No costs, discounting, age weighting, or formal cost-effectiveness decision rule is applied."
Sweden,adolescent_booster,adolescent_booster,lower_burden,3056.239912757791,1.074575330175038,1.037519913649703,0.00036479240817777203,0.0003393607340185234,2095.6444077640385,949.5120874613739,11.083417532378546,0.6856936849152784,0.31067982703117825,0.0036264880535433652,8096.436507402526,4069.4917787123977,4026.9447286901286,825736.4046315877,20347.458893561987,37.00989859496709,34.92740679606731,60.0,0.03,14.0,0.2,0.005,0.1,5.0,"Exploratory health-utility burden only: infant mortality is counted as undiscounted life-years lost, acute illness uses symptomatic cases, and hospitalizations are imputed from cases because the model summary has no hospitalization/admission columns. No costs, discounting, age weighting, or formal cost-effectiveness decision rule is applied."
Sweden,cocooning_adjunct,cocooning_adjunct,lower_burden,2679.2858598775742,0.9420381153152675,377.99157279386645,0.13290200726794832,0.12363666076047874,1813.8648641854884,855.6122487721254,9.808746919960544,0.6769956469924303,0.3193433972779677,0.0036609557296020437,7165.289625031177,3533.2350993724062,3632.054525658771,744077.0806286163,17666.17549686203,32.15709534527431,30.23108106975814,60.0,0.03,14.0,0.2,0.005,0.1,5.0,"Exploratory health-utility burden only: infant mortality is counted as undiscounted life-years lost, acute illness uses symptomatic cases, and hospitalizations are imputed from cases because the model summary has no hospitalization/admission columns. No costs, discounting, age weighting, or formal cost-effectiveness decision rule is applied."
Sweden,combined_strategy,combined_strategy,lower_burden,69.58355238636042,0.024465608366028388,2987.6938802850805,1.0504745142171874,0.9772400268151136,34.41388449308576,34.834551651958684,0.3351162413159731,0.4945692381728915,0.5006147351969178,0.0048160266301905804,244.80241428131836,95.72750682237888,149.07490745893946,30293.619025899785,478.6375341118944,0.6567412263405401,0.5735647415514293,60.0,0.03,14.0,0.2,0.005,0.1,5.0,"Exploratory health-utility burden only: infant mortality is counted as undiscounted life-years lost, acute illness uses symptomatic cases, and hospitalizations are imputed from cases because the model summary has no hospitalization/admission columns. No costs, discounting, age weighting, or formal cost-effectiveness decision rule is applied."
Sweden,current,current,lower_burden,3057.2774326714407,1.0749401225832158,0.0,0.0,0.0,2096.356120110252,949.8341692314317,11.087143329757108,0.6856937802594061,0.31067974370957535,0.003626476031018615,8099.158202387567,4070.8468704368156,4028.3113319507515,826016.5007423344,20354.234352184078,37.02255004080596,34.9392686685042,60.0,0.03,14.0,0.2,0.005,0.1,5.0,"Exploratory health-utility burden only: infant mortality is counted as undiscounted life-years lost, acute illness uses symptomatic cases, and hospitalizations are imputed from cases because the model summary has no hospitalization/admission columns. No costs, discounting, age weighting, or formal cost-effectiveness decision rule is applied."
Sweden,higher_child_coverage,higher_child_coverage,lower_burden,3063.1847514018655,1.0770171385754546,-5.907318730424777,-0.002077015992238751,-0.0019322154631098432,2100.8255056240646,951.2526306207225,11.106615157078654,0.6858304921577526,0.31054366870473027,0.003625839137517159,8113.3823722459565,4079.1098404693703,4034.272531776586,827250.055557664,20395.54920234685,37.09832424288677,35.01375842706774,60.0,0.03,14.0,0.2,0.005,0.1,5.0,"Exploratory health-utility burden only: infant mortality is counted as undiscounted life-years lost, acute illness uses symptomatic cases, and hospitalizations are imputed from cases because the model summary has no hospitalization/admission columns. No costs, discounting, age weighting, or formal cost-effectiveness decision rule is applied."
Sweden,maternal_adult_boosting_only,maternal_adult_boosting_only,lower_burden,2776.2883502460354,0.9761442346552811,280.9890824254053,0.0987958879279347,0.09190827087611664,1908.5804827855259,857.6462500051745,10.061617455335078,0.687457584373895,0.3089182901081473,0.003624125517957605,7350.011551122274,3713.6224356517823,3636.389115470491,745845.9352723572,18568.11217825891,33.73849125676349,31.809674713092097,60.0,0.03,14.0,0.2,0.005,0.1,5.0,"Exploratory health-utility burden only: infant mortality is counted as undiscounted life-years lost, acute illness uses symptomatic cases, and hospitalizations are imputed from cases because the model summary has no hospitalization/admission columns. No costs, discounting, age weighting, or formal cost-effectiveness decision rule is applied."
Sweden,maternal_cocooning_only,maternal_cocooning_only,lower_burden,2945.3263567711615,1.0355780739054465,111.95107590027919,0.03936204867776927,0.03661789888739564,1987.4717421785238,947.0596969076825,10.79491768495501,0.6747882921732674,0.3215466071291008,0.0036651006976316973,7885.687368859634,3864.2757593245205,4021.4116095351137,823603.7007036454,19321.3787966226,35.203687228539266,33.12452903630873,60.0,0.03,14.0,0.2,0.005,0.1,5.0,"Exploratory health-utility burden only: infant mortality is counted as undiscounted life-years lost, acute illness uses symptomatic cases, and hospitalizations are imputed from cases because the model summary has no hospitalization/admission columns. No costs, discounting, age weighting, or formal cost-effectiveness decision rule is applied."
Sweden,maternal_direct_antibody_only,maternal_direct_antibody_only,lower_burden,2261.562263400028,0.7951663106574698,795.7151692714128,0.279773811925746,0.260269205786836,1306.5302379733787,944.5333064076799,10.498719018968854,0.5777113719651229,0.41764638617009403,0.004642241864782932,7669.314243356748,3653.621566258385,4015.692677098363,821406.6432509646,18268.107831291924,23.85150549297741,21.775503966222978,60.0,0.03,14.0,0.2,0.005,0.1,5.0,"Exploratory health-utility burden only: infant mortality is counted as undiscounted life-years lost, acute illness uses symptomatic cases, and hospitalizations are imputed from cases because the model summary has no hospitalization/admission columns. No costs, discounting, age weighting, or formal cost-effectiveness decision rule is applied."
Sweden,maternal_immunization,maternal_immunization,lower_burden,1992.3993583426818,0.7005285119833754,1064.8780743287589,0.3744116105998404,0.34830927116688637,1131.6867810188764,851.4097486166505,9.302828707154822,0.5680019802657618,0.4273288610797739,0.004669158654464285,6795.716370576596,3172.927526815658,3622.7888437609377,740422.4063862658,15864.63763407829,20.78191695111702,18.86144635031461,60.0,0.03,14.0,0.2,0.005,0.1,5.0,"Exploratory health-utility burden only: infant mortality is counted as undiscounted life-years lost, acute illness uses symptomatic cases, and hospitalizations are imputed from cases because the model summary has no hospitalization/admission columns. No costs, discounting, age weighting, or formal cost-effectiveness decision rule is applied."
Sweden,next_generation_vaccine,next_generation_vaccine,lower_burden,42.23906150986139,0.01485127305515224,3015.038371161579,1.0600888495280636,0.9861840927295391,26.74979519517489,15.335248312301665,0.154018002384839,0.6332952068295769,0.3630584526297158,0.00364634054070735,112.51015074212489,47.004312774973236,65.50583796715166,13336.1891573052,235.02156387486616,0.4841881299177255,0.4458299199195815,60.0,0.03,14.0,0.2,0.005,0.1,5.0,"Exploratory health-utility burden only: infant mortality is counted as undiscounted life-years lost, acute illness uses symptomatic cases, and hospitalizations are imputed from cases because the model summary has no hospitalization/admission columns. No costs, discounting, age weighting, or formal cost-effectiveness decision rule is applied."
Sweden,pregnancy_tdap_scaleup,pregnancy_tdap_scaleup,lower_burden,2261.562263400028,0.7951663106574698,795.7151692714128,0.279773811925746,0.260269205786836,1306.5302379733787,944.5333064076799,10.498719018968854,0.5777113719651229,0.41764638617009403,0.004642241864782932,7669.314243356748,3653.621566258385,4015.692677098363,821406.6432509646,18268.107831291924,23.85150549297741,21.775503966222978,60.0,0.03,14.0,0.2,0.005,0.1,5.0,"Exploratory health-utility burden only: infant mortality is counted as undiscounted life-years lost, acute illness uses symptomatic cases, and hospitalizations are imputed from cases because the model summary has no hospitalization/admission columns. No costs, discounting, age weighting, or formal cost-effectiveness decision rule is applied."
Sweden,resistance_guided_treatment,resistance_guided_treatment,lower_burden,1520.4144508369236,0.5345784058687325,1536.862981834517,0.5403617167144833,0.5026900618867325,989.3985130260155,525.2773804266774,5.738557384230809,0.6507426396015861,0.3454830228281075,0.003774337570306555,4192.016169180606,1956.9205739966665,2235.0955951839396,456803.7219067713,9784.602869983331,17.64444053868319,16.48997521710026,60.0,0.03,14.0,0.2,0.005,0.1,5.0,"Exploratory health-utility burden only: infant mortality is counted as undiscounted life-years lost, acute illness uses symptomatic cases, and hospitalizations are imputed from cases because the model summary has no hospitalization/admission columns. No costs, discounting, age weighting, or formal cost-effectiveness decision rule is applied."
Sweden,targeted_pep_high_risk,targeted_pep_high_risk,lower_burden,2898.357243171951,1.0190637124307342,158.92018949948988,0.05587641015248157,0.051980951352728844,1979.473236880049,908.3345593294765,10.549446962425238,0.6829638553160966,0.3133963425210478,0.003639802162855523,7706.371006051637,3853.064306633042,3853.306699418595,789926.6614168842,19265.32153316521,34.98012138182142,32.99122061466748,60.0,0.03,14.0,0.2,0.005,0.1,5.0,"Exploratory health-utility burden only: infant mortality is counted as undiscounted life-years lost, acute illness uses symptomatic cases, and hospitalizations are imputed from cases because the model summary has no hospitalization/admission columns. No costs, discounting, age weighting, or formal cost-effectiveness decision rule is applied."
Sweden,transmission_blocking_vaccine,transmission_blocking_vaccine,lower_burden,917.2289773213157,0.3224981216397035,2140.048455350125,0.7524420009435123,0.6999850365166751,594.4449962296985,319.3564147660998,3.427566325517436,0.6480878940019115,0.34817523504191,0.003736870956178612,2503.837200790487,1143.8021290974714,1360.0350716930154,277726.0249840904,5719.010645487357,10.648815921959525,9.907416603828308,60.0,0.03,14.0,0.2,0.005,0.1,5.0,"Exploratory health-utility burden only: infant mortality is counted as undiscounted life-years lost, acute illness uses symptomatic cases, and hospitalizations are imputed from cases because the model summary has no hospitalization/admission columns. No costs, discounting, age weighting, or formal cost-effectiveness decision rule is applied."
Thailand,adolescent_booster,adolescent_booster,lower_burden,12071.285229516274,0.6700525446896629,959.0440104300724,0.053234586778968196,0.07360090391960206,7962.672862049411,4065.7696888015357,42.842678665327554,0.6596375373998594,0.3368133228150439,0.003549139785096799,31296.576765021775,13966.911714616212,17329.66505040556,3535767.568654193,69834.55857308106,143.3267563975395,132.7112143674902,60.0,0.03,14.0,0.2,0.005,0.1,5.0,"Exploratory health-utility burden only: infant mortality is counted as undiscounted life-years lost, acute illness uses symptomatic cases, and hospitalizations are imputed from cases because the model summary has no hospitalization/admission columns. No costs, discounting, age weighting, or formal cost-effectiveness decision rule is applied."
Thailand,cocooning_adjunct,cocooning_adjunct,lower_burden,8415.006088837232,0.46709990996605283,4615.323151109114,0.2561872215025783,0.3541985061252465,5462.877247670059,2921.9014703182206,30.2273708489517,0.649182803909879,0.3472251165919195,0.0035920794982013445,22081.094405159216,9616.451990227642,12464.642414931572,2541010.7429374526,48082.25995113821,98.90139585190144,91.04795412783432,60.0,0.03,14.0,0.2,0.005,0.1,5.0,"Exploratory health-utility burden only: infant mortality is counted as undiscounted life-years lost, acute illness uses symptomatic cases, and hospitalizations are imputed from cases because the model summary has no hospitalization/admission columns. No costs, discounting, age weighting, or formal cost-effectiveness decision rule is applied."
Thailand,combined_strategy,combined_strategy,lower_burden,64.74345439495654,0.0035937777574418087,12965.58578555139,0.7196933537111893,0.9950313262847974,30.16142549693209,34.2627749333578,0.31925396466665557,0.4658606152359031,0.5292083231201027,0.004931061643994163,233.21502118899187,86.39295769800219,146.82206349098968,29796.377486687947,431.96478849001096,0.5954251449099799,0.5026904249488682,60.0,0.03,14.0,0.2,0.005,0.1,5.0,"Exploratory health-utility burden only: infant mortality is counted as undiscounted life-years lost, acute illness uses symptomatic cases, and hospitalizations are imputed from cases because the model summary has no hospitalization/admission columns. No costs, discounting, age weighting, or formal cost-effectiveness decision rule is applied."
Thailand,current,current,lower_burden,13030.329239946346,0.7232871314686311,0.0,0.0,0.0,8592.259697633188,4391.834585261438,46.23495705172044,0.6594046504437034,0.337047092547565,0.0035482570087316395,33774.63612628178,15054.357171439919,18720.278954841862,3819327.576825572,75271.78585719959,154.53337259882704,143.20432829388648,60.0,0.03,14.0,0.2,0.005,0.1,5.0,"Exploratory health-utility burden only: infant mortality is counted as undiscounted life-years lost, acute illness uses symptomatic cases, and hospitalizations are imputed from cases because the model summary has no hospitalization/admission columns. No costs, discounting, age weighting, or formal cost-effectiveness decision rule is applied."
Thailand,higher_child_coverage,higher_child_coverage,lower_burden,13103.717429616361,0.7273607608521618,-73.38818967001498,-0.00407362938353073,-0.005632105553022626,8632.72069067533,4424.606402665605,46.390336275424126,0.6587993626269818,0.3376603949552005,0.0035402424178176363,33888.140649197325,15024.619364578304,18863.521284619022,3847827.353746696,75123.09682289152,155.27270213121,143.87867817792218,60.0,0.03,14.0,0.2,0.005,0.1,5.0,"Exploratory health-utility burden only: infant mortality is counted as undiscounted life-years lost, acute illness uses symptomatic cases, and hospitalizations are imputed from cases because the model summary has no hospitalization/admission columns. No costs, discounting, age weighting, or formal cost-effectiveness decision rule is applied."
Thailand,maternal_adult_boosting_only,maternal_adult_boosting_only,lower_burden,8762.37766568829,0.4863818013250963,4267.951574258057,0.23690533014353482,0.3275398108264247,5792.642296960745,2938.6416303145243,31.093738413021175,0.6610811035506456,0.3353703460901548,0.0035485503591996506,22713.975910711968,10190.905018649883,12523.070892062087,2555568.703505667,50954.52509324941,104.43709212003893,96.54403828267908,60.0,0.03,14.0,0.2,0.005,0.1,5.0,"Exploratory health-utility burden only: infant mortality is counted as undiscounted life-years lost, acute illness uses symptomatic cases, and hospitalizations are imputed from cases because the model summary has no hospitalization/admission columns. No costs, discounting, age weighting, or formal cost-effectiveness decision rule is applied."
Thailand,maternal_cocooning_only,maternal_cocooning_only,lower_burden,12506.401529155663,0.694204967503411,523.9277107906837,0.02908216396522012,0.04020832483530101,8086.896324746684,4374.538396360767,44.96680804821201,0.646620557151794,0.3497839395418886,0.003595503306317387,32848.25327921887,14181.356852058794,18666.89642716008,3804286.0696923104,70906.78426029396,146.07575047763268,134.78160541244472,60.0,0.03,14.0,0.2,0.005,0.1,5.0,"Exploratory health-utility burden only: infant mortality is counted as undiscounted life-years lost, acute illness uses symptomatic cases, and hospitalizations are imputed from cases because the model summary has no hospitalization/admission columns. No costs, discounting, age weighting, or formal cost-effectiveness decision rule is applied."
Thailand,maternal_direct_antibody_only,maternal_direct_antibody_only,lower_burden,8930.521288232803,0.4957151124707759,4099.807951713543,0.22757201899785523,0.314635791330966,4530.11742631618,4357.001671701018,43.402190215605685,0.5072623736181264,0.48787764242183373,0.004859983960039832,31705.299952499954,13087.305682798527,18617.994269701427,3789035.382354278,65436.52841399264,86.76765070529109,75.50195710526967,60.0,0.03,14.0,0.2,0.005,0.1,5.0,"Exploratory health-utility burden only: infant mortality is counted as undiscounted life-years lost, acute illness uses symptomatic cases, and hospitalizations are imputed from cases because the model summary has no hospitalization/admission columns. No costs, discounting, age weighting, or formal cost-effectiveness decision rule is applied."
Thailand,maternal_immunization,maternal_immunization,lower_burden,5786.013470779498,0.32116986513880985,7244.315769166848,0.40211726632982125,0.5559579988937162,2871.7769921797453,2885.943743982839,28.292734616913876,0.49633085140274597,0.49877929917678565,0.004889849420468468,20667.842637655584,8327.323920309369,12340.518717346215,2509740.3630707897,41636.619601546845,55.634612002029314,47.86294986966242,60.0,0.03,14.0,0.2,0.005,0.1,5.0,"Exploratory health-utility burden only: infant mortality is counted as undiscounted life-years lost, acute illness uses symptomatic cases, and hospitalizations are imputed from cases because the model summary has no hospitalization/admission columns. No costs, discounting, age weighting, or formal cost-effectiveness decision rule is applied."
Thailand,next_generation_vaccine,next_generation_vaccine,lower_burden,1178.672289048831,0.06542570668025757,11851.656950897515,0.6578614247883735,0.9095439365081089,732.0097453404308,442.44182753042645,4.220716177973868,0.621046029623001,0.37537306309921786,0.0035809072777811006,3083.2331680099105,1189.129531225204,1894.1036367847066,384766.3750130673,5945.647656126019,13.49538455336059,12.200162422340512,60.0,0.03,14.0,0.2,0.005,0.1,5.0,"Exploratory health-utility burden only: infant mortality is counted as undiscounted life-years lost, acute illness uses symptomatic cases, and hospitalizations are imputed from cases because the model summary has no hospitalization/admission columns. No costs, discounting, age weighting, or formal cost-effectiveness decision rule is applied."
Thailand,pregnancy_tdap_scaleup,pregnancy_tdap_scaleup,lower_burden,8930.521288232803,0.4957151124707759,4099.807951713543,0.22757201899785523,0.314635791330966,4530.11742631618,4357.001671701018,43.402190215605685,0.5072623736181264,0.48787764242183373,0.004859983960039832,31705.299952499954,13087.305682798527,18617.994269701427,3789035.382354278,65436.52841399264,86.76765070529109,75.50195710526967,60.0,0.03,14.0,0.2,0.005,0.1,5.0,"Exploratory health-utility burden only: infant mortality is counted as undiscounted life-years lost, acute illness uses symptomatic cases, and hospitalizations are imputed from cases because the model summary has no hospitalization/admission columns. No costs, discounting, age weighting, or formal cost-effectiveness decision rule is applied."
Thailand,resistance_guided_treatment,resistance_guided_treatment,lower_burden,5170.286695591897,0.2869921215264952,7860.042544354449,0.4362950099421359,0.6032113540353501,3254.7956168882124,1896.4972177988557,18.99386090482858,0.6295193687543862,0.3668069740534463,0.0036736571921673973,13875.015390977278,5772.963175104509,8102.052215872769,1649275.2590500764,28864.815875522545,59.01596751436815,54.24659361480354,60.0,0.03,14.0,0.2,0.005,0.1,5.0,"Exploratory health-utility burden only: infant mortality is counted as undiscounted life-years lost, acute illness uses symptomatic cases, and hospitalizations are imputed from cases because the model summary has no hospitalization/admission columns. No costs, discounting, age weighting, or formal cost-effectiveness decision rule is applied."
Thailand,targeted_pep_high_risk,targeted_pep_high_risk,lower_burden,11803.296136078205,0.6551770142539268,1227.0331038681416,0.06811011721470428,0.09416746739648718,7751.531841937771,4009.728941748217,42.03535239221662,0.6567260325058079,0.33971264429196135,0.0035613232022308136,30706.824922514243,13611.96333965397,17094.86158286027,3487032.133270324,68059.81669826985,139.47189293052708,129.1921973656295,60.0,0.03,14.0,0.2,0.005,0.1,5.0,"Exploratory health-utility burden only: infant mortality is counted as undiscounted life-years lost, acute illness uses symptomatic cases, and hospitalizations are imputed from cases because the model summary has no hospitalization/admission columns. No costs, discounting, age weighting, or formal cost-effectiveness decision rule is applied."
Thailand,transmission_blocking_vaccine,transmission_blocking_vaccine,lower_burden,4307.973419358164,0.23912686159224977,8722.355820588182,0.48416026987638133,0.6693887514252937,2721.4045614571487,1570.9077116642259,15.661146236790005,0.6317134059435782,0.36465120806113793,0.0036353859952839088,11440.467325975098,4728.024587259459,6712.442738715639,1366128.6706794251,23640.12293629729,49.67685510034879,45.35674269095248,60.0,0.03,14.0,0.2,0.005,0.1,5.0,"Exploratory health-utility burden only: infant mortality is counted as undiscounted life-years lost, acute illness uses symptomatic cases, and hospitalizations are imputed from cases because the model summary has no hospitalization/admission columns. No costs, discounting, age weighting, or formal cost-effectiveness decision rule is applied."
United_Kingdom,adolescent_booster,adolescent_booster,lower_burden,59509.188810172476,3.15455602151616,-1000.3423359893495,-0.05302770828505432,-0.01709728350960993,47372.116415007564,11946.217078506965,190.85531665794963,0.7960470872173911,0.20074575569520928,0.0032071570873996673,139419.8088186322,89718.04826423002,49701.76055440221,10388942.352201592,448590.2413211501,818.3152174596203,789.5352735834593,60.0,0.03,14.0,0.2,0.005,0.1,5.0,"Exploratory health-utility burden only: infant mortality is counted as undiscounted life-years lost, acute illness uses symptomatic cases, and hospitalizations are imputed from cases because the model summary has no hospitalization/admission columns. No costs, discounting, age weighting, or formal cost-effectiveness decision rule is applied."
United_Kingdom,cocooning_adjunct,cocooning_adjunct,lower_burden,49982.692449551716,2.649560624558941,8526.15402463141,0.4519676886721644,0.14572418597234782,39582.164368955964,10239.384164163697,161.14391643205778,0.7919174103897432,0.20485859529272982,0.003223994317527067,117715.6309536182,75069.32764521535,42646.30330840284,8904607.299906645,375346.6382260767,685.8151718724066,659.7027394825994,60.0,0.03,14.0,0.2,0.005,0.1,5.0,"Exploratory health-utility burden only: infant mortality is counted as undiscounted life-years lost, acute illness uses symptomatic cases, and hospitalizations are imputed from cases because the model summary has no hospitalization/admission columns. No costs, discounting, age weighting, or formal cost-effectiveness decision rule is applied."
United_Kingdom,combined_strategy,combined_strategy,lower_burden,11797.5584766064,0.6253834052092632,46711.28799757673,2.4761449080218423,0.7983628256658241,6925.109375581429,4817.949870588703,54.49923043626899,0.5869951303325479,0.40838533499471996,0.004619534672732204,39811.687833694494,19345.855772867082,20465.83206082741,4189895.691029818,96729.2788643354,127.4477890659966,115.41848959302382,60.0,0.03,14.0,0.2,0.005,0.1,5.0,"Exploratory health-utility burden only: infant mortality is counted as undiscounted life-years lost, acute illness uses symptomatic cases, and hospitalizations are imputed from cases because the model summary has no hospitalization/admission columns. No costs, discounting, age weighting, or formal cost-effectiveness decision rule is applied."
United_Kingdom,current,current,lower_burden,58508.84647418313,3.1015283132311056,0.0,0.0,0.0,46536.289284341816,11785.232128703854,187.32506113745518,0.7953718469714803,0.20142649939106314,0.003201653637456549,136840.95716091097,87791.01790607374,49049.939254837234,10248942.940497816,438955.0895303687,803.9711378521316,775.604821405697,60.0,0.03,14.0,0.2,0.005,0.1,5.0,"Exploratory health-utility burden only: infant mortality is counted as undiscounted life-years lost, acute illness uses symptomatic cases, and hospitalizations are imputed from cases because the model summary has no hospitalization/admission columns. No costs, discounting, age weighting, or formal cost-effectiveness decision rule is applied."
United_Kingdom,higher_child_coverage,higher_child_coverage,lower_burden,58738.673304825454,3.11371133293219,-229.82683064232697,-0.012183019701084596,-0.003928069761958808,46738.94053012445,11811.77778500459,187.9549896964141,0.7957098432845399,0.20109030593365884,0.0031998507818012524,137301.1199732305,88144.5939167086,49156.52605652189,10272028.18088792,440722.969583543,807.3984703403484,778.9823421687408,60.0,0.03,14.0,0.2,0.005,0.1,5.0,"Exploratory health-utility burden only: infant mortality is counted as undiscounted life-years lost, acute illness uses symptomatic cases, and hospitalizations are imputed from cases because the model summary has no hospitalization/admission columns. No costs, discounting, age weighting, or formal cost-effectiveness decision rule is applied."
United_Kingdom,maternal_adult_boosting_only,maternal_adult_boosting_only,lower_burden,51847.843966755674,2.748431489214676,6661.002507427453,0.3530968240164296,0.11384607471908714,41420.11566452928,10262.05768365864,165.67061856775246,0.7988782656244577,0.19792641117803414,0.003195323197508055,121022.38686374317,78359.75491572781,42662.63194801536,8924325.164181711,391798.774578639,716.468909499023,690.335261075488,60.0,0.03,14.0,0.2,0.005,0.1,5.0,"Exploratory health-utility burden only: infant mortality is counted as undiscounted life-years lost, acute illness uses symptomatic cases, and hospitalizations are imputed from cases because the model summary has no hospitalization/admission columns. No costs, discounting, age weighting, or formal cost-effectiveness decision rule is applied."
United_Kingdom,maternal_cocooning_only,maternal_cocooning_only,lower_burden,56239.50490909504,2.9812315113690513,2269.341565088085,0.12029680186205427,0.038786298172694744,44302.3031888597,11755.351219634307,181.85050060102955,0.7877434778359,0.20902302107096313,0.0032335010931367697,132841.79068905205,83822.56880230697,49019.22188674508,10222957.22136055,419112.8440115348,766.7050125795253,738.3717198143283,60.0,0.03,14.0,0.2,0.005,0.1,5.0,"Exploratory health-utility burden only: infant mortality is counted as undiscounted life-years lost, acute illness uses symptomatic cases, and hospitalizations are imputed from cases because the model summary has no hospitalization/admission columns. No costs, discounting, age weighting, or formal cost-effectiveness decision rule is applied."
United_Kingdom,maternal_direct_antibody_only,maternal_direct_antibody_only,lower_burden,40592.1232244615,2.15177066495116,17916.723249721625,0.9497576482799457,0.3062224659928534,28706.468394662275,11711.094950447003,174.5598793522208,0.7071930737873615,0.2885065874896068,0.004300338723031568,127515.9918667973,78557.58102759712,48958.41083920017,10184470.07297802,392787.9051379856,506.7330225368752,478.4411399110379,60.0,0.03,14.0,0.2,0.005,0.1,5.0,"Exploratory health-utility burden only: infant mortality is counted as undiscounted life-years lost, acute illness uses symptomatic cases, and hospitalizations are imputed from cases because the model summary has no hospitalization/admission columns. No costs, discounting, age weighting, or formal cost-effectiveness decision rule is applied."
United_Kingdom,maternal_immunization,maternal_immunization,lower_burden,34722.23865689153,1.840610656100593,23786.607817291595,1.2609176571305125,0.4065472018455768,24402.81576556758,10169.352847898619,150.07004342533116,0.7028007613997609,0.29287722339527916,0.004322015204959887,109626.1667222044,67084.76040256654,42541.40631963787,8843705.065940406,335423.80201283266,432.741302782767,406.71359609279295,60.0,0.03,14.0,0.2,0.005,0.1,5.0,"Exploratory health-utility burden only: infant mortality is counted as undiscounted life-years lost, acute illness uses symptomatic cases, and hospitalizations are imputed from cases because the model summary has no hospitalization/admission columns. No costs, discounting, age weighting, or formal cost-effectiveness decision rule is applied."
United_Kingdom,next_generation_vaccine,next_generation_vaccine,lower_burden,29825.594246339646,1.5810416815706145,28683.25222784348,1.520486631660491,0.4902378692511036,22188.5879311709,7541.021415249796,95.984899918952,0.7439445379665487,0.2528372562493124,0.003218205784138962,70116.96939079443,38284.09471192605,31832.87467886837,6557995.4093333045,191420.47355963025,388.89852899505206,369.8097988528483,60.0,0.03,14.0,0.2,0.005,0.1,5.0,"Exploratory health-utility burden only: infant mortality is counted as undiscounted life-years lost, acute illness uses symptomatic cases, and hospitalizations are imputed from cases because the model summary has no hospitalization/admission columns. No costs, discounting, age weighting, or formal cost-effectiveness decision rule is applied."
United_Kingdom,pregnancy_tdap_scaleup,pregnancy_tdap_scaleup,lower_burden,40592.1232244615,2.15177066495116,17916.723249721625,0.9497576482799457,0.3062224659928534,28706.468394662275,11711.094950447003,174.5598793522208,0.7071930737873615,0.2885065874896068,0.004300338723031568,127515.9918667973,78557.58102759712,48958.41083920017,10184470.07297802,392787.9051379856,506.7330225368752,478.4411399110379,60.0,0.03,14.0,0.2,0.005,0.1,5.0,"Exploratory health-utility burden only: infant mortality is counted as undiscounted life-years lost, acute illness uses symptomatic cases, and hospitalizations are imputed from cases because the model summary has no hospitalization/admission columns. No costs, discounting, age weighting, or formal cost-effectiveness decision rule is applied."
United_Kingdom,resistance_guided_treatment,resistance_guided_treatment,lower_burden,44681.650117869794,2.3685546936058444,13827.196356313332,0.7329736196252612,0.23632659314885907,34287.566110681226,10243.51403527797,150.5699719105979,0.7673746609677783,0.22925549992571162,0.0033698391065100698,109991.36448069176,67128.58504264748,42862.77943804428,8908198.812822094,335642.9252132374,595.2536952713922,571.4594351780204,60.0,0.03,14.0,0.2,0.005,0.1,5.0,"Exploratory health-utility burden only: infant mortality is counted as undiscounted life-years lost, acute illness uses symptomatic cases, and hospitalizations are imputed from cases because the model summary has no hospitalization/admission columns. No costs, discounting, age weighting, or formal cost-effectiveness decision rule is applied."
United_Kingdom,targeted_pep_high_risk,targeted_pep_high_risk,lower_burden,52493.2154627923,2.7826423492488916,6015.631011390826,0.3188859639822139,0.10281575135898824,41689.28326622594,10635.317480624564,168.61471594179469,0.7941842178781314,0.2026036581463176,0.0032121239755509056,123173.04999548101,78900.93394166401,44272.11605381699,9248927.88047172,394504.66970832006,720.5847110449041,694.8213877704324,60.0,0.03,14.0,0.2,0.005,0.1,5.0,"Exploratory health-utility burden only: infant mortality is counted as undiscounted life-years lost, acute illness uses symptomatic cases, and hospitalizations are imputed from cases because the model summary has no hospitalization/admission columns. No costs, discounting, age weighting, or formal cost-effectiveness decision rule is applied."
United_Kingdom,transmission_blocking_vaccine,transmission_blocking_vaccine,lower_burden,37483.38384332724,1.9869777523433338,21025.462630855887,1.1145505608877717,0.35935527527676203,28452.13062273887,8907.016001292977,124.23721929539494,0.7590598207905366,0.23762571806543545,0.003314461144027997,90755.288695286,53359.66612859295,37395.62256669304,7745922.843981572,266798.33064296475,495.9839933171393,474.20217704564783,60.0,0.03,14.0,0.2,0.005,0.1,5.0,"Exploratory health-utility burden only: infant mortality is counted as undiscounted life-years lost, acute illness uses symptomatic cases, and hospitalizations are imputed from cases because the model summary has no hospitalization/admission columns. No costs, discounting, age weighting, or formal cost-effectiveness decision rule is applied."
United_States,adolescent_booster,adolescent_booster,lower_burden,91995.00605730002,0.9718000364290331,3.988676344481064,4.213460008928305e-05,4.335565139623743e-05,63930.69750402999,27734.155815985137,330.15273728488967,0.6949366084525295,0.30147458003003597,0.003588811517434443,241176.57458661188,123674.38160545575,117502.19298115611,24118810.504258502,618371.9080272787,1125.6947979746217,1065.5116250671665,60.0,0.03,14.0,0.2,0.005,0.1,5.0,"Exploratory health-utility burden only: infant mortality is counted as undiscounted life-years lost, acute illness uses symptomatic cases, and hospitalizations are imputed from cases because the model summary has no hospitalization/admission columns. No costs, discounting, age weighting, or formal cost-effectiveness decision rule is applied."
United_States,cocooning_adjunct,cocooning_adjunct,lower_burden,80370.34966060279,0.8490016150949072,11628.645073041713,0.12284055593421517,0.12639969715657184,55055.40223531898,25023.40022574737,291.5471995364499,0.6850213103192073,0.31135114294536576,0.0036275467354270467,212975.22926137663,106839.10043347265,106136.12882790399,21761421.26774816,534195.5021673632,973.4660002992212,917.5900372553164,60.0,0.03,14.0,0.2,0.005,0.1,5.0,"Exploratory health-utility burden only: infant mortality is counted as undiscounted life-years lost, acute illness uses symptomatic cases, and hospitalizations are imputed from cases because the model summary has no hospitalization/admission columns. No costs, discounting, age weighting, or formal cost-effectiveness decision rule is applied."
United_States,combined_strategy,combined_strategy,lower_burden,966.2281126741482,0.01020686399196336,91032.76662097036,0.961635307037159,0.9894974057545783,508.09008736629244,453.5526149716753,4.585410336180422,0.525849000563743,0.4694053184981504,0.004745680938106601,3349.642250579798,1412.8187598327058,1936.8234907470924,394428.791948582,7064.093799163529,9.516008253187406,8.46816812277154,60.0,0.03,14.0,0.2,0.005,0.1,5.0,"Exploratory health-utility burden only: infant mortality is counted as undiscounted life-years lost, acute illness uses symptomatic cases, and hospitalizations are imputed from cases because the model summary has no hospitalization/admission columns. No costs, discounting, age weighting, or formal cost-effectiveness decision rule is applied."
United_States,current,current,lower_burden,91998.9947336445,0.9718421710291224,0.0,0.0,0.0,63934.701652162614,27734.130835925396,330.1622455565002,0.6949500028480351,0.3014612378778839,0.0035887592740810477,241183.52037902334,123681.61689885479,117501.90348016853,24118788.78052798,618408.0844942739,1125.7696284490016,1065.5783608693769,60.0,0.03,14.0,0.2,0.005,0.1,5.0,"Exploratory health-utility burden only: infant mortality is counted as undiscounted life-years lost, acute illness uses symptomatic cases, and hospitalizations are imputed from cases because the model summary has no hospitalization/admission columns. No costs, discounting, age weighting, or formal cost-effectiveness decision rule is applied."
United_States,higher_child_coverage,higher_child_coverage,lower_burden,92256.85930254051,0.9745661539357281,-257.8645688960096,-0.002723982906605693,-0.0028029063756900285,64119.231108009495,27806.574213824075,331.0539807069439,0.6950077380993591,0.3014038676803119,0.0035883942203290193,241834.93290642253,124026.65607497253,117808.27683145001,24181788.646664865,620133.2803748626,1128.939495428359,1068.6538518001582,60.0,0.03,14.0,0.2,0.005,0.1,5.0,"Exploratory health-utility burden only: infant mortality is counted as undiscounted life-years lost, acute illness uses symptomatic cases, and hospitalizations are imputed from cases because the model summary has no hospitalization/admission columns. No costs, discounting, age weighting, or formal cost-effectiveness decision rule is applied."
United_States,maternal_adult_boosting_only,maternal_adult_boosting_only,lower_burden,83582.07023837257,0.882929002197024,8416.924495271931,0.08891316883209843,0.09148930941735411,58172.792641866676,25109.282155095018,299.99544141088364,0.6959960727936063,0.30041469520298303,0.0035892320034106497,219146.66995065045,112785.77495367744,106360.89499697302,21836107.87416299,563928.8747683872,1025.5537822265278,969.5465440311112,60.0,0.03,14.0,0.2,0.005,0.1,5.0,"Exploratory health-utility burden only: infant mortality is counted as undiscounted life-years lost, acute illness uses symptomatic cases, and hospitalizations are imputed from cases because the model summary has no hospitalization/admission columns. No costs, discounting, age weighting, or formal cost-effectiveness decision rule is applied."
United_States,maternal_cocooning_only,maternal_cocooning_only,lower_burden,88388.63285059009,0.9337036893942099,3610.3618830544146,0.03813848163491251,0.0392434927523625,60416.63331799133,27651.24750377529,320.75202882346184,0.6835339722939043,0.31283714446082966,0.0036288832452658587,234309.3570555389,117000.82835056582,117308.52870497307,24046709.88274744,585004.1417528291,1067.0226444666976,1006.9438886331887,60.0,0.03,14.0,0.2,0.005,0.1,5.0,"Exploratory health-utility burden only: infant mortality is counted as undiscounted life-years lost, acute illness uses symptomatic cases, and hospitalizations are imputed from cases because the model summary has no hospitalization/admission columns. No costs, discounting, age weighting, or formal cost-effectiveness decision rule is applied."
United_States,maternal_direct_antibody_only,maternal_direct_antibody_only,lower_burden,67415.38803395137,0.7121503581569127,24583.606699693133,0.25969181287220966,0.26721603611939015,39528.906372888494,27574.259671179494,312.2219898833889,0.5863484217131727,0.40902026192139834,0.004631316365429052,228078.1636098156,110953.20388676676,117124.95972304881,23979757.964043595,554766.0194338338,718.7960150614781,658.8151062148082,60.0,0.03,14.0,0.2,0.005,0.1,5.0,"Exploratory health-utility burden only: infant mortality is counted as undiscounted life-years lost, acute illness uses symptomatic cases, and hospitalizations are imputed from cases because the model summary has no hospitalization/admission columns. No costs, discounting, age weighting, or formal cost-effectiveness decision rule is applied."
United_States,maternal_immunization,maternal_immunization,lower_burden,59220.460731167586,0.6255822827840575,32778.53400247692,0.34625988824506493,0.3562923062080986,34061.62411467993,24882.785335836983,276.0512806506769,0.5751664829036593,0.42017209978816045,0.0046614173081803096,201655.4605153195,95856.18240991916,105799.27810540034,21639136.533129662,479280.9120495958,623.3791557965142,567.6937352446655,60.0,0.03,14.0,0.2,0.005,0.1,5.0,"Exploratory health-utility burden only: infant mortality is counted as undiscounted life-years lost, acute illness uses symptomatic cases, and hospitalizations are imputed from cases because the model summary has no hospitalization/admission columns. No costs, discounting, age weighting, or formal cost-effectiveness decision rule is applied."
United_States,next_generation_vaccine,next_generation_vaccine,lower_burden,281.8385488357245,0.002977234567196714,91717.15618480877,0.9688649364619257,0.9969365040384224,188.01369845981034,92.83507052258037,0.9897798533337872,0.667097170477549,0.3293909612651718,0.003511868257279103,723.0341828603315,327.55631076795316,395.47787209237833,80733.35597231543,1637.7815538397658,3.3583393735330613,3.133561640996839,60.0,0.03,14.0,0.2,0.005,0.1,5.0,"Exploratory health-utility burden only: infant mortality is counted as undiscounted life-years lost, acute illness uses symptomatic cases, and hospitalizations are imputed from cases because the model summary has no hospitalization/admission columns. No costs, discounting, age weighting, or formal cost-effectiveness decision rule is applied."
United_States,pregnancy_tdap_scaleup,pregnancy_tdap_scaleup,lower_burden,67415.38803395137,0.7121503581569127,24583.606699693133,0.25969181287220966,0.26721603611939015,39528.906372888494,27574.259671179494,312.2219898833889,0.5863484217131727,0.40902026192139834,0.004631316365429052,228078.1636098156,110953.20388676676,117124.95972304881,23979757.964043595,554766.0194338338,718.7960150614781,658.8151062148082,60.0,0.03,14.0,0.2,0.005,0.1,5.0,"Exploratory health-utility burden only: infant mortality is counted as undiscounted life-years lost, acute illness uses symptomatic cases, and hospitalizations are imputed from cases because the model summary has no hospitalization/admission columns. No costs, discounting, age weighting, or formal cost-effectiveness decision rule is applied."
United_States,resistance_guided_treatment,resistance_guided_treatment,lower_burden,39350.66373901663,0.4156853517043663,52648.330994627875,0.5561568193247561,0.572270720425319,26103.97612870576,13100.296652382047,146.39095792882358,0.6633681277102162,0.3329117073924462,0.0037201648973375586,106938.59476700562,51257.12586258764,55681.46890441797,11392579.410196532,256285.6293129382,463.40489556194655,435.06626881176265,60.0,0.03,14.0,0.2,0.005,0.1,5.0,"Exploratory health-utility burden only: infant mortality is counted as undiscounted life-years lost, acute illness uses symptomatic cases, and hospitalizations are imputed from cases because the model summary has no hospitalization/admission columns. No costs, discounting, age weighting, or formal cost-effectiveness decision rule is applied."
United_States,targeted_pep_high_risk,targeted_pep_high_risk,lower_burden,86222.9095384209,0.9108258173721774,5776.085195223597,0.06101635365694502,0.06278422076183032,59670.24094077956,26242.029926854466,310.63867078687696,0.6920462468758435,0.3043510137541928,0.003602739369963576,226921.54900981358,115708.28676484428,111213.26224496929,22821193.88281808,578541.4338242214,1051.3407557834355,994.5040156796592,60.0,0.03,14.0,0.2,0.005,0.1,5.0,"Exploratory health-utility burden only: infant mortality is counted as undiscounted life-years lost, acute illness uses symptomatic cases, and hospitalizations are imputed from cases because the model summary has no hospitalization/admission columns. No costs, discounting, age weighting, or formal cost-effectiveness decision rule is applied."
United_States,transmission_blocking_vaccine,transmission_blocking_vaccine,lower_burden,22372.27410316248,0.23633214146574893,69626.72063048203,0.7355100295633734,0.7568204503980214,14824.869582324169,7465.065989364117,82.33853147419389,0.6626447322236486,0.3336748850358881,0.003680382740463329,60148.29724189863,28398.554526303313,31749.74271559532,6491941.31575058,141992.77263151656,264.10474046462843,247.0811597054028,60.0,0.03,14.0,0.2,0.005,0.1,5.0,"Exploratory health-utility burden only: infant mortality is counted as undiscounted life-years lost, acute illness uses symptomatic cases, and hospitalizations are imputed from cases because the model summary has no hospitalization/admission columns. No costs, discounting, age weighting, or formal cost-effectiveness decision rule is applied."
