country,test_year,interval_id,observed_cases,exposure_days,model_expected_cases,model_point_cases,model_observation_q025,model_observation_median,model_observation_q975,model_log_score,model_95_covered,pomp_expected_cases,pomp_observation_q025,pomp_observation_median,pomp_observation_q975,pomp_log_score,selected_candidate,static_log_source_scale,scale_at_search_boundary,mc_log_likelihood_sd_per_training_interval,future_evidence_used,claim_scope,forecast_mode,stacking_weight_pomp,stacking_weight_seasonal_naive,stacking_weight_ew_recent_rate,stacking_weight_damped_log_trend,point_weight_pomp,point_weight_seasonal_naive,point_weight_ew_recent_rate,point_weight_damped_log_trend,seasonal_naive_expected_cases,seasonal_naive_q025,seasonal_naive_q975,seasonal_naive_log_score,ew_recent_rate_expected_cases,ew_recent_rate_q025,ew_recent_rate_q975,ew_recent_rate_log_score,damped_log_trend_expected_cases,damped_log_trend_q025,damped_log_trend_q975,damped_log_trend_log_score
Australia,2023,2023-01-01_2023-02-01,46.0,31.0,50.73418055780908,46.21873217614226,9.0,49.0,101.0,-4.00341604347906,1.0,58.221532269333366,28.0,56.0,104.0,-3.8400156707212236,robust_ar1__k300,6.66521031346414,False,0.011418876120874631,False,notification_index_forecast,prequential,0.6537657192798862,0.019999999999999997,0.020000000000000184,0.3062342807201136,0.4904281802103079,3.867249992665885e-18,0.08916922112341488,0.4204025986662774,41.5,6.0,108.0,-4.353053455968409,42.50352897564536,6.0,110.0,-4.347587275245707,35.89039094778407,5.0,93.0,-4.419941514767464
Australia,2023,2023-02-01_2023-03-01,34.0,28.0,49.7244919734479,44.53907103219497,8.0,48.0,102.0,-4.294456315022079,1.0,57.677754732454105,27.0,55.0,103.0,-4.413507454158622,robust_ar1__k300,6.66521031346414,False,0.011418876120874631,False,notification_index_forecast,prequential,0.6537657192798862,0.019999999999999997,0.020000000000000184,0.3062342807201136,0.4904281802103079,3.867249992665885e-18,0.08916922112341488,0.4204025986662774,43.5,6.0,117.0,-4.15868800384756,38.78062563534385,5.0,104.0,-4.115722691127599,33.866687384708946,4.0,91.0,-4.097794165123357
Australia,2023,2023-03-01_2023-04-01,44.0,31.0,54.023077103358915,48.69046000945255,9.375,53.0,109.625,-4.13866596145824,1.0,62.26707382484666,28.0,60.0,114.0,-4.052680862094151,robust_ar1__k300,6.66521031346414,False,0.011418876120874631,False,notification_index_forecast,prequential,0.6537657192798862,0.019999999999999997,0.020000000000000184,0.3062342807201136,0.4904281802103079,3.867249992665885e-18,0.08916922112341488,0.4204025986662774,47.5,7.0,123.0,-4.303507546538107,42.17057402216429,6.0,109.0,-4.2988129304096265,37.623440750225,5.0,98.0,-4.3275276620134635
Australia,2023,2023-04-01_2023-05-01,43.0,30.0,53.658412245371466,48.75243232854463,9.0,52.0,106.625,-4.191962267550318,1.0,62.37982921715288,29.0,60.0,108.625,-4.1238868831990585,robust_ar1__k300,6.66521031346414,False,0.011418876120874631,False,notification_index_forecast,prequential,0.6537657192798862,0.019999999999999997,0.020000000000000184,0.3062342807201136,0.4904281802103079,3.867249992665885e-18,0.08916922112341488,0.4204025986662774,22.5,3.0,60.0,-4.88626980754578,40.868265992359994,6.0,107.0,-4.293888245176616,37.909710766268695,5.0,100.0,-4.310037328105231
Australia,2023,2023-05-01_2023-06-01,77.0,31.0,57.899408687714846,52.13851264139767,10.0,57.0,119.0,-4.565791040880815,1.0,67.0552640695137,29.0,65.0,124.0,-4.292652205787114,robust_ar1__k300,6.66521031346414,False,0.011418876120874631,False,notification_index_forecast,prequential,0.6537657192798862,0.019999999999999997,0.020000000000000184,0.3062342807201136,0.4904281802103079,3.867249992665885e-18,0.08916922112341488,0.4204025986662774,39.5,6.0,103.0,-5.525990394985509,42.37185783912529,6.0,110.0,-5.377526868636776,40.56873892697412,6.0,105.0,-5.4669630261445405
Australia,2023,2023-06-01_2023-07-01,92.0,30.0,69.88107244983011,61.16662044242616,11.0,69.0,140.0,-4.6546819975522515,1.0,82.93844441561058,41.0,79.0,145.625,-4.346163283294733,robust_ar1__k300,6.66521031346414,False,0.011418876120874631,False,notification_index_forecast,prequential,0.6537657192798862,0.019999999999999997,0.020000000000000184,0.3062342807201136,0.4904281802103079,3.867249992665885e-18,0.08916922112341488,0.4204025986662774,35.5,5.0,94.0,-6.532761605858791,43.755858290087744,6.0,115.0,-5.883988488987016,45.95711323241635,6.0,120.0,-5.76340504758686
Australia,2023,2023-07-01_2023-08-01,96.0,31.0,89.46895639921172,76.73572402659661,14.0,90.0,178.0,-4.61280089362463,1.0,107.39486337949766,53.0,103.0,187.0,-4.340278784595383,robust_ar1__k300,6.66521031346414,False,0.011418876120874631,False,notification_index_forecast,prequential,0.6537657192798862,0.019999999999999997,0.020000000000000184,0.3062342807201136,0.4904281802103079,3.867249992665885e-18,0.08916922112341488,0.4204025986662774,42.5,6.0,110.0,-6.141113352073224,49.05660948457854,7.0,127.0,-5.759099687730566,56.906575136782656,9.0,147.0,-5.463992581871317
Australia,2023,2023-08-01_2023-09-01,158.0,31.0,100.73432759808635,86.71764887257929,16.0,100.0,197.0,-5.652656152882979,1.0,119.49692194378788,60.0,115.0,209.0,-5.335294561148801,robust_ar1__k300,6.66521031346414,False,0.011418876120874631,False,notification_index_forecast,prequential,0.6537657192798862,0.019999999999999997,0.020000000000000184,0.3062342807201136,0.4904281802103079,3.867249992665885e-18,0.08916922112341488,0.4204025986662774,64.5,10.0,166.0,-6.92281537949337,52.83663697411729,8.0,137.0,-7.7552381136821875,66.17353120832401,10.0,171.0,-6.83376708904146
Australia,2023,2023-09-01_2023-10-01,273.0,30.0,130.35364802820402,109.49821606534684,18.0,131.0,254.0,-7.741105171525188,0.0,158.295072786152,83.0,152.0,269.625,-7.420910992140259,robust_ar1__k300,6.66521031346414,False,0.011418876120874631,False,notification_index_forecast,prequential,0.6537657192798862,0.019999999999999997,0.020000000000000184,0.3062342807201136,0.4904281802103079,3.867249992665885e-18,0.08916922112341488,0.4204025986662774,38.5,5.0,101.0,-15.902988348560093,57.81855134867529,8.0,151.0,-11.31219840375687,81.43890626511387,12.0,212.0,-8.870961929724315
Australia,2023,2023-10-01_2023-11-01,367.0,31.0,201.53158348458265,162.77384659796505,26.0,201.0,405.0,-7.062235633857235,1.0,249.7901555910879,129.0,238.0,429.625,-6.689434945316832,robust_ar1__k300,6.66521031346414,False,0.011418876120874631,False,notification_index_forecast,prequential,0.6537657192798862,0.019999999999999997,0.020000000000000184,0.3062342807201136,0.4904281802103079,3.867249992665885e-18,0.08916922112341488,0.4204025986662774,40.5,6.0,105.0,-20.75827982796382,71.15360216303046,11.0,183.0,-12.65397107928779,117.53834553609998,19.0,302.0,-8.858854377946123
Australia,2023,2023-11-01_2023-12-01,635.0,30.0,278.373234829812,220.1502886893177,30.0,277.0,537.0,-9.097495444345475,0.0,347.86678670002016,185.375,336.0,592.0,-8.724351099389711,robust_ar1__k300,6.66521031346414,False,0.011418876120874631,False,notification_index_forecast,prequential,0.6537657192798862,0.019999999999999997,0.020000000000000184,0.3062342807201136,0.4904281802103079,3.867249992665885e-18,0.08916922112341488,0.4204025986662774,36.5,5.0,96.0,-39.09485557186736,82.95238398216188,13.0,216.0,-18.13316667296354,158.57404016119938,25.0,411.0,-10.899127955468275
Australia,2023,2023-12-01_2024-01-01,589.0,31.0,450.3355479601362,345.78245070880047,43.0,453.5,908.625,-6.461132880688963,1.0,568.4322496340875,301.0,545.0,973.625,-6.093865747258923,robust_ar1__k300,6.66521031346414,False,0.011418876120874631,False,notification_index_forecast,prequential,0.6537657192798862,0.019999999999999997,0.020000000000000184,0.3062342807201136,0.4904281802103079,3.867249992665885e-18,0.08916922112341488,0.4204025986662774,36.5,5.0,95.0,-37.12233308702524,107.8667919820424,17.0,277.0,-13.792192306014316,247.6100761752566,41.0,633.0,-8.158513092363677
China,2023,2023-01-01_2023-02-01,883.0,31.0,2119.7254911527775,2136.3152086633067,905.625,1846.0,5370.25,-9.093696737844224,0.0,1911.759912304565,961.375,1821.0,3323.5,-9.179405853828266,robust_ar1__k300,3.4141569463974726,False,0.005478888582893392,False,notification_index_forecast,prequential,0.8634783663505454,0.019999999999999997,0.02000000000000001,0.09652163364945456,0.8466318499584802,1.6203326530995228e-18,1.1188966907746996e-16,0.1533681500415197,2354.5,400.0,6005.0,-8.173445767892453,2062.0482192762383,350.0,5260.0,-7.97140441183575,3943.480714576528,670.0,10057.0,-9.101090973995305
China,2023,2023-02-01_2023-03-01,538.0,28.0,1389.9499775378408,1368.4804997071856,596.75,1195.0,3828.5,-8.947442038569562,0.0,1212.475225964994,625.375,1165.0,2119.25,-9.039548302656996,robust_ar1__k300,3.4141569463974726,False,0.005478888582893392,False,notification_index_forecast,prequential,0.8634783663505454,0.019999999999999997,0.02000000000000001,0.09652163364945456,0.8466318499584802,1.6203326530995228e-18,1.1188966907746996e-16,0.1533681500415197,2576.5,382.0,6817.0,-8.608153596557498,1693.0041026589302,251.0,4480.0,-7.893784395253515,2668.974388306537,396.0,7061.0,-8.672556026188866
China,2023,2023-03-01_2023-04-01,821.0,31.0,1164.3418302578607,1109.1224140337945,413.375,1003.5,3583.625,-6.837754675890679,1.0,985.8228527074955,425.375,958.0,1730.25,-6.7310006703971474,robust_ar1__k300,3.4141569463974726,False,0.005478888582893392,False,notification_index_forecast,prequential,0.8634783663505454,0.019999999999999997,0.02000000000000001,0.09652163364945456,0.8466318499584802,1.6203326530995228e-18,1.1188966907746996e-16,0.1533681500415197,3747.5,637.0,9557.0,-9.071469259163404,1650.7337879394363,280.0,4211.0,-7.693842819119056,2125.3312897416813,361.0,5421.0,-8.054020373857604
China,2023,2023-04-01_2023-05-01,1074.0,30.0,1146.5359837712735,1107.1990349993202,495.75,1014.5,2854.25,-6.823529566280432,1.0,1025.6206640619407,528.0,988.0,1751.625,-6.730842116218173,robust_ar1__k300,3.4141569463974726,False,0.005478888582893392,False,notification_index_forecast,prequential,0.8634783663505454,0.019999999999999997,0.02000000000000001,0.09652163364945456,0.8466318499584802,1.6203326530995228e-18,1.1188966907746996e-16,0.1533681500415197,3415.5,556.0,8813.0,-8.642169171297368,1479.1107689937828,240.0,3818.0,-7.595493567678101,1689.1810335905272,275.0,4360.0,-7.70006048132819
China,2023,2023-05-01_2023-06-01,1334.0,31.0,1404.3652609273904,1359.7823112409305,598.375,1290.0,3162.5,-6.9400106333069695,1.0,1322.5833391901815,722.375,1273.0,2257.25,-6.851906434319424,robust_ar1__k300,3.4141569463974726,False,0.005478888582893392,False,notification_index_forecast,prequential,0.8634783663505454,0.019999999999999997,0.02000000000000001,0.09652163364945456,0.8466318499584802,1.6203326530995228e-18,1.1188966907746996e-16,0.1533681500415197,3991.5,678.0,10179.0,-8.775394434122425,1477.4669898420625,250.0,3769.0,-7.693904066385258,1584.762029616003,269.0,4043.0,-7.716719426652604
China,2023,2023-06-01_2023-07-01,1512.0,30.0,1653.1576321390498,1596.007500178902,631.375,1548.0,3221.625,-7.050979992258899,1.0,1619.5616771886034,886.5,1568.0,2678.875,-6.963210496100251,robust_ar1__k300,3.4141569463974726,False,0.005478888582893392,False,notification_index_forecast,prequential,0.8634783663505454,0.019999999999999997,0.02000000000000001,0.09652163364945456,0.8466318499584802,1.6203326530995228e-18,1.1188966907746996e-16,0.1533681500415197,4213.5,687.0,10872.0,-8.768339587839758,1417.5159829130089,230.0,3659.0,-7.828898923734327,1472.0103243800381,239.0,3799.0,-7.824557359860407
China,2023,2023-07-01_2023-08-01,2767.0,31.0,1946.662974890993,1878.68585318738,728.375,1836.0,3734.0,-8.605518104095497,1.0,1952.1298889613756,1052.75,1860.0,3267.625,-8.56392098604516,robust_ar1__k300,3.4141569463974726,False,0.005478888582893392,False,notification_index_forecast,prequential,0.8634783663505454,0.019999999999999997,0.02000000000000001,0.09652163364945456,0.8466318499584802,1.6203326530995228e-18,1.1188966907746996e-16,0.1533681500415197,4234.5,719.0,10799.0,-8.611041774029909,1480.7817067855303,251.0,3778.0,-9.029083436468376,1520.233421076906,258.0,3878.0,-8.972655838184073
China,2023,2023-08-01_2023-09-01,4793.0,31.0,2690.1207810311566,2571.072617145778,816.0,2598.0,5098.375,-10.298178167958017,1.0,2760.2699581357133,1492.375,2635.0,4779.625,-10.300193465820282,robust_ar1__k300,3.4141569463974726,False,0.005478888582893392,False,notification_index_forecast,prequential,0.8634783663505454,0.019999999999999997,0.02000000000000001,0.09652163364945456,0.8466318499584802,1.6203326530995228e-18,1.1188966907746996e-16,0.1533681500415197,5355.5,910.0,13657.0,-8.97447603913353,1594.6532468842306,270.0,4068.0,-11.261442758051977,1737.2719007735725,295.0,4432.0,-10.851904084627618
China,2023,2023-09-01_2023-10-01,4517.0,30.0,4049.6135202491805,3879.5715213395133,895.375,3967.5,7138.25,-8.282395968016464,1.0,4320.860584834246,2219.0,4109.5,7463.875,-8.169576849960725,robust_ar1__k300,3.4141569463974726,False,0.005478888582893392,False,notification_index_forecast,prequential,0.8634783663505454,0.019999999999999997,0.02000000000000001,0.09652163364945456,0.8466318499584802,1.6203326530995228e-18,1.1188966907746996e-16,0.1533681500415197,3849.5,627.0,9933.0,-8.950770344395837,1753.247218931369,285.0,4525.0,-10.4682240622529,2140.33817123011,348.0,5524.0,-9.812491017029998
China,2023,2023-10-01_2023-11-01,4430.0,31.0,4887.327633526009,4738.806349923773,1172.75,4845.0,8895.0,-8.265307096089687,1.0,5253.236326044734,2751.0,5047.0,9212.25,-8.166087770301766,robust_ar1__k300,3.4141569463974726,False,0.005478888582893392,False,notification_index_forecast,prequential,0.8634783663505454,0.019999999999999997,0.02000000000000001,0.09652163364945456,0.8466318499584802,1.6203326530995228e-18,1.1188966907746996e-16,0.1533681500415197,2594.5,440.0,6617.0,-9.319376826569183,2022.139701828479,343.0,5158.0,-9.914664661908285,2682.7034399707777,455.0,6842.0,-9.261613388471302
China,2023,2023-11-01_2023-12-01,6410.0,30.0,4955.5467708085625,4860.681703903645,1251.375,4879.0,8705.25,-8.86799804858779,1.0,5303.625535652807,2851.375,5079.0,9023.125,-8.750288762102812,robust_ar1__k300,3.4141569463974726,False,0.005478888582893392,False,notification_index_forecast,prequential,0.8634783663505454,0.019999999999999997,0.02000000000000001,0.09652163364945456,0.8466318499584802,1.6203326530995228e-18,1.1188966907746996e-16,0.1533681500415197,2160.5,352.0,5576.0,-11.43254878952309,2144.341228903957,349.0,5534.0,-11.469098948698335,3003.306326359497,489.0,7750.0,-10.193784604461317
China,2023,2023-12-01_2024-01-01,9126.0,31.0,6223.367431933215,6144.7369948915975,1168.625,6162.0,11200.25,-9.694687766420945,1.0,6689.301496285643,3483.75,6416.5,11304.375,-9.578030013973121,robust_ar1__k300,3.4141569463974726,False,0.005478888582893392,False,notification_index_forecast,prequential,0.8634783663505454,0.019999999999999997,0.02000000000000001,0.09652163364945456,0.8466318499584802,1.6203326530995228e-18,1.1188966907746996e-16,0.1533681500415197,1293.5,219.0,3300.0,-20.03366967270702,2514.236648574096,427.0,6413.0,-13.014196254518739,3845.20606303315,653.0,9806.0,-10.898702399160435
United_Kingdom,2023,2023-01-02_2023-01-09,9.0,7.0,19.54918909906322,13.032002664651227,0.0,19.0,39.0,-4.258817335468402,1.0,22.05606715935765,9.0,21.0,39.0,-4.469165948053808,jump_ar1__k1000,0.3963709510755092,False,0.024760258094882862,False,notification_index_forecast,prequential,0.8340259088683268,0.02000000000000001,0.049452457482218604,0.09652163364945456,0.541152794324208,0.0542927715139878,0.2511862841202868,0.15336815004151735,10.5,0.0,51.0,-3.5660340177003538,6.352512389441684,0.0,31.0,-3.596266192135437,6.524032672943984,0.0,32.0,-3.590668699920327
United_Kingdom,2023,2023-01-09_2023-01-16,12.0,7.0,17.398116077777086,12.109126279706016,0.0,17.0,35.0,-3.3327763069408785,1.0,19.499572429901455,7.0,19.0,36.0,-3.245350748282016,jump_ar1__k1000,0.3963709510755092,False,0.024760258094882862,False,notification_index_forecast,prequential,0.8340259088683268,0.02000000000000001,0.049452457482218604,0.09652163364945456,0.541152794324208,0.0542927715139878,0.2511862841202868,0.15336815004151735,8.5,0.0,41.0,-3.876053811258152,6.4173275008744355,0.0,31.0,-3.970393680488043,6.7095304908564595,0.0,33.0,-3.9508826027970043
United_Kingdom,2023,2023-01-16_2023-01-23,6.0,7.0,16.55291819502372,11.794138809427974,0.0,16.0,34.0,-4.137954772358367,1.0,18.46878953947475,6.0,18.0,34.0,-4.526629046819585,jump_ar1__k1000,0.3963709510755092,False,0.024760258094882862,False,notification_index_forecast,prequential,0.8340259088683268,0.02000000000000001,0.049452457482218604,0.09652163364945456,0.541152794324208,0.0542927715139878,0.2511862841202868,0.15336815004151735,7.5,0.0,36.0,-3.182166339488193,6.529983934289281,0.0,32.0,-3.171713604802922,7.009262433875706,0.0,34.0,-3.1759539131869006
United_Kingdom,2023,2023-01-23_2023-01-30,13.0,7.0,12.890939408894072,10.24934458618883,0.0,12.0,29.0,-2.906723175107392,1.0,14.029566397478357,3.375,13.0,29.0,-2.779972736799384,jump_ar1__k1000,0.3963709510755092,False,0.024760258094882862,False,notification_index_forecast,prequential,0.8340259088683268,0.02000000000000001,0.049452457482218604,0.09652163364945456,0.541152794324208,0.0542927715139878,0.2511862841202868,0.15336815004151735,9.5,0.0,46.0,-3.9478622907640064,6.5218369680306285,0.0,32.0,-4.0808306145559206,7.018081358851718,0.0,34.0,-4.045004755469343
United_Kingdom,2023,2023-01-30_2023-02-06,15.0,7.0,13.362489688409383,10.883326330441967,0.0,13.0,30.0,-2.96429875870542,1.0,14.333179101806014,4.0,13.0,29.0,-2.8306899525748097,jump_ar1__k1000,0.3963709510755092,False,0.024760258094882862,False,notification_index_forecast,prequential,0.8340259088683268,0.02000000000000001,0.049452457482218604,0.09652163364945456,0.541152794324208,0.0542927715139878,0.2511862841202868,0.15336815004151735,18.5,0.0,88.0,-4.069637101619599,6.6473561263934515,0.0,32.0,-4.296496859663567,7.350879155447105,0.0,36.0,-4.235217610494602
United_Kingdom,2023,2023-02-06_2023-02-13,21.0,7.0,13.73294350161319,10.608160306940498,0.0,14.0,30.0,-3.5516387078882183,1.0,15.034091135682907,5.0,14.0,29.0,-3.416155347911049,jump_ar1__k1000,0.3963709510755092,False,0.024760258094882862,False,notification_index_forecast,prequential,0.8340259088683268,0.02000000000000001,0.049452457482218604,0.09652163364945456,0.541152794324208,0.0542927715139878,0.2511862841202868,0.15336815004151735,5.5,0.0,27.0,-5.181349482195596,6.797479047057447,0.0,33.0,-4.909804913825141,7.749246529763284,0.0,38.0,-4.777497755996674
United_Kingdom,2023,2023-02-13_2023-02-20,14.0,7.0,15.84873740903809,12.313829021641467,0.0,16.0,33.0,-2.896505484040943,1.0,17.252731348764392,6.0,17.0,32.0,-2.7666401238570835,jump_ar1__k1000,0.3963709510755092,False,0.024760258094882862,False,notification_index_forecast,prequential,0.8340259088683268,0.02000000000000001,0.049452457482218604,0.09652163364945456,0.541152794324208,0.0542927715139878,0.2511862841202868,0.15336815004151735,15.5,0.0,74.0,-3.9933407390366407,7.008913120857067,0.0,34.0,-4.155269524101316,8.318388914075147,0.0,40.0,-4.078760629873329
United_Kingdom,2023,2023-02-20_2023-02-27,13.0,7.0,15.51330033186053,12.002385351739527,0.0,16.0,32.0,-2.893512658431043,1.0,16.943970296424997,7.0,16.0,31.0,-2.7692915202140442,jump_ar1__k1000,0.3963709510755092,False,0.024760258094882862,False,notification_index_forecast,prequential,0.8340259088683268,0.02000000000000001,0.049452457482218604,0.09652163364945456,0.541152794324208,0.0542927715139878,0.2511862841202868,0.15336815004151735,9.5,0.0,46.0,-3.9478622907640064,7.143116186484846,0.0,35.0,-4.037153172536556,8.685570522860571,0.0,42.0,-3.968777747347783
United_Kingdom,2023,2023-02-27_2023-03-06,10.0,7.0,15.130120195838296,11.786895223933268,0.0,15.0,32.0,-3.1522106854258696,1.0,16.487969337554638,6.0,16.0,30.0,-3.0742043354222526,jump_ar1__k1000,0.3963709510755092,False,0.024760258094882862,False,notification_index_forecast,prequential,0.8340259088683268,0.02000000000000001,0.049452457482218604,0.09652163364945456,0.541152794324208,0.0542927715139878,0.2511862841202868,0.15336815004151735,7.5,0.0,36.0,-3.686673024827044,7.262252976357409,0.0,35.0,-3.6927733658161865,9.009279000715182,0.0,44.0,-3.665193962908999
United_Kingdom,2023,2023-03-06_2023-03-13,12.0,7.0,15.458472275677748,12.391469569875774,0.0,14.0,32.0,-2.8487085948018933,1.0,16.66521201669866,6.0,15.0,30.0,-2.7284110805719752,jump_ar1__k1000,0.3963709510755092,False,0.024760258094882862,False,notification_index_forecast,prequential,0.8340259088683268,0.02000000000000001,0.049452457482218604,0.09652163364945456,0.541152794324208,0.0542927715139878,0.2511862841202868,0.15336815004151735,15.5,0.0,74.0,-3.856423004094424,7.328836784537489,0.0,36.0,-3.9174918874685973,9.187833379474059,0.0,44.0,-3.861007432326759
United_Kingdom,2023,2023-03-13_2023-03-20,12.0,7.0,14.737873543532876,11.851243572503657,0.0,14.0,31.0,-2.8236983253556396,1.0,15.90752569467422,6.0,15.0,29.0,-2.7020939115439297,jump_ar1__k1000,0.3963709510755092,False,0.024760258094882862,False,notification_index_forecast,prequential,0.8340259088683268,0.02000000000000001,0.049452457482218604,0.09652163364945456,0.541152794324208,0.0542927715139878,0.2511862841202868,0.15336815004151735,9.5,0.0,46.0,-3.8558591200702512,7.430027296417297,0.0,36.0,-3.9129117014735413,9.460592663967084,0.0,46.0,-3.8564580221152425
United_Kingdom,2023,2023-03-20_2023-03-27,12.0,7.0,14.51576540062755,11.686613873958688,0.0,14.0,31.0,-2.810190327485375,1.0,15.652775681599373,6.0,15.0,29.0,-2.6875766485122696,jump_ar1__k1000,0.3963709510755092,False,0.024760258094882862,False,notification_index_forecast,prequential,0.8340259088683268,0.02000000000000001,0.049452457482218604,0.09652163364945456,0.541152794324208,0.0542927715139878,0.2511862841202868,0.15336815004151735,7.5,0.0,36.0,-3.9098716821966373,7.530945908929485,0.0,37.0,-3.908559381164113,9.72342798833958,0.0,47.0,-3.8527241240577563
United_Kingdom,2023,2023-03-27_2023-04-03,22.0,7.0,14.224152246520719,11.7339751368529,0.0,14.0,30.0,-3.672996241068423,1.0,15.220285368438892,5.0,14.0,28.0,-3.551020623190386,jump_ar1__k1000,0.3963709510755092,False,0.024760258094882862,False,notification_index_forecast,prequential,0.8340259088683268,0.02000000000000001,0.049452457482218604,0.09652163364945456,0.541152794324208,0.0542927715139878,0.2511862841202868,0.15336815004151735,9.5,0.0,46.0,-4.69649350568282,7.63227302742997,0.0,37.0,-4.883718905830081,9.97294818887424,0.0,48.0,-4.663248979760722
United_Kingdom,2023,2023-04-03_2023-04-10,10.0,7.0,16.01894159830037,12.726458058645806,0.0,15.0,33.0,-3.22262347681435,1.0,17.311444999714496,7.0,16.0,31.0,-3.153469365518852,jump_ar1__k1000,0.3963709510755092,False,0.024760258094882862,False,notification_index_forecast,prequential,0.8340259088683268,0.02000000000000001,0.049452457482218604,0.09652163364945456,0.541152794324208,0.0542927715139878,0.2511862841202868,0.15336815004151735,8.5,0.0,41.0,-3.6696793388809015,7.857558406099629,0.0,38.0,-3.679131159065247,10.590085734665987,0.0,51.0,-3.663019895345141
United_Kingdom,2023,2023-04-10_2023-04-17,8.0,7.0,15.64009654739155,12.084723743144014,0.0,15.0,32.0,-3.481368369955368,1.0,16.960475047374977,6.0,16.0,30.0,-3.4808710766131608,jump_ar1__k1000,0.3963709510755092,False,0.024760258094882862,False,notification_index_forecast,prequential,0.8340259088683268,0.02000000000000001,0.049452457482218604,0.09652163364945456,0.541152794324208,0.0542927715139878,0.2511862841202868,0.15336815004151735,3.5,0.0,18.0,-3.679776784430733,7.916518066473059,0.0,38.0,-3.446022657451828,10.703607253775692,0.0,52.0,-3.466914386186345
United_Kingdom,2023,2023-04-17_2023-04-24,10.0,7.0,14.191473777749717,11.510033694247713,0.0,14.0,29.625,-2.9276165164023578,1.0,15.202485965313619,6.0,14.0,29.0,-2.826573674482386,jump_ar1__k1000,0.3963709510755092,False,0.024760258094882862,False,notification_index_forecast,prequential,0.8340259088683268,0.02000000000000001,0.049452457482218604,0.09652163364945456,0.541152794324208,0.0542927715139878,0.2511862841202868,0.15336815004151735,4.5,0.0,22.0,-3.8833969307090723,7.928761674684024,0.0,38.0,-3.677840649899205,10.672320959757267,0.0,51.0,-3.663270368313986
United_Kingdom,2023,2023-04-24_2023-05-01,12.0,7.0,13.530658477834974,11.305989257286726,0.0,13.0,29.0,-2.730993151427253,1.0,14.370617984330572,5.0,14.0,28.0,-2.6035085211968587,jump_ar1__k1000,0.3963709510755092,False,0.024760258094882862,False,notification_index_forecast,prequential,0.8340259088683268,0.02000000000000001,0.049452457482218604,0.09652163364945456,0.541152794324208,0.0542927715139878,0.2511862841202868,0.15336815004151735,5.5,0.0,27.0,-4.052991491114515,7.987250458882849,0.0,39.0,-3.8913218289710794,10.77687508392362,0.0,52.0,-3.8430521134962756
United_Kingdom,2023,2023-05-01_2023-05-08,22.0,7.0,13.699279939266356,11.91507567835239,0.0,13.0,32.0,-3.872157567932058,1.0,14.349655175018519,5.0,14.0,27.0,-3.76964782182812,jump_ar1__k1000,0.3963709510755092,False,0.024760258094882862,False,notification_index_forecast,prequential,0.8340259088683268,0.02000000000000001,0.049452457482218604,0.09652163364945456,0.541152794324208,0.0542927715139878,0.2511862841202868,0.15336815004151735,13.5,0.0,65.0,-4.513546669767884,8.081468809760104,0.0,39.0,-4.8285231156925335,10.999060077262865,0.0,53.0,-4.60446511974311
United_Kingdom,2023,2023-05-08_2023-05-15,20.0,7.0,15.584801492522814,12.436018342682623,0.0,15.0,31.0,-3.235911222405818,1.0,16.74342712261538,6.0,16.0,30.0,-3.0989750833989254,jump_ar1__k1000,0.3963709510755092,False,0.024760258094882862,False,notification_index_forecast,prequential,0.8340259088683268,0.02000000000000001,0.049452457482218604,0.09652163364945456,0.541152794324208,0.0542927715139878,0.2511862841202868,0.15336815004151735,4.5,0.0,22.0,-5.374342940609111,8.312133238336829,0.0,40.0,-4.629331700727599,11.596302415710978,0.0,56.0,-4.440295607965185
United_Kingdom,2023,2023-05-15_2023-05-22,21.0,7.0,16.269315299373993,13.516461363329512,0.0,16.0,35.0,-3.2420146776437777,1.0,17.29787693821334,7.0,17.0,32.0,-3.10663300002623,jump_ar1__k1000,0.3963709510755092,False,0.024760258094882862,False,notification_index_forecast,prequential,0.8340259088683268,0.02000000000000001,0.049452457482218604,0.09652163364945456,0.541152794324208,0.0542927715139878,0.2511862841202868,0.15336815004151735,12.5,0.0,60.0,-4.478472194033143,8.519802144947564,0.0,41.0,-4.696801647254606,12.133161933535357,0.0,58.0,-4.490011754296621
United_Kingdom,2023,2023-05-22_2023-05-29,15.0,7.0,17.15222120044386,13.790656309771045,0.0,17.0,36.0,-2.923341734677095,1.0,18.396290972198972,7.0,18.0,34.0,-2.793847876976809,jump_ar1__k1000,0.3963709510755092,False,0.024760258094882862,False,notification_index_forecast,prequential,0.8340259088683268,0.02000000000000001,0.049452457482218604,0.09652163364945456,0.541152794324208,0.0542927715139878,0.2511862841202868,0.15336815004151735,7.5,0.0,36.0,-4.224283883848864,8.735939443855052,0.0,42.0,-4.1542980823016915,12.714499146294473,0.0,61.0,-4.066179807668378
United_Kingdom,2023,2023-05-29_2023-06-05,24.0,7.0,16.926336095522647,13.569018690356115,0.0,17.0,36.0,-3.524260236578624,1.0,18.129361273511808,7.0,18.0,32.625,-3.3902528924695163,jump_ar1__k1000,0.3963709510755092,False,0.024760258094882862,False,notification_index_forecast,prequential,0.8340259088683268,0.02000000000000001,0.049452457482218604,0.09652163364945456,0.541152794324208,0.0542927715139878,0.2511862841202868,0.15336815004151735,5.5,0.0,27.0,-5.535662247527908,8.874064740078785,0.0,43.0,-4.910072933028328,13.024383502377844,0.0,62.0,-4.64949371297654
United_Kingdom,2023,2023-06-05_2023-06-12,33.0,7.0,18.137756418836148,13.197734407469987,0.0,18.0,36.0,-4.773960550745361,1.0,19.608670829402406,8.0,19.0,35.0,-4.686622076385462,jump_ar1__k1000,0.3963709510755092,False,0.024760258094882862,False,notification_index_forecast,prequential,0.8340259088683268,0.02000000000000001,0.049452457482218604,0.09652163364945456,0.541152794324208,0.0542927715139878,0.2511862841202868,0.15336815004151735,0.5,0.0,3.0,-27.546830623223343,9.123250699711415,0.0,44.0,-5.569125553376848,13.701070851325479,0.0,66.0,-5.13118865426882
United_Kingdom,2023,2023-06-12_2023-06-19,27.0,7.0,20.794694446550622,14.572626803401889,0.0,20.0,41.0,-3.434988282167618,1.0,22.666926566942102,10.0,22.0,39.0,-3.2891342998436492,jump_ar1__k1000,0.3963709510755092,False,0.024760258094882862,False,notification_index_forecast,prequential,0.8340259088683268,0.02000000000000001,0.049452457482218604,0.09652163364945456,0.541152794324208,0.0542927715139878,0.2511862841202868,0.15336815004151735,0.5,0.0,3.0,-22.869772554170837,9.456951038632475,0.0,46.0,-5.0808711126738775,14.631133899832166,0.0,70.0,-4.767144595988137
United_Kingdom,2023,2023-06-19_2023-06-26,26.0,7.0,21.560419995832344,15.084408186523872,0.0,22.0,43.0,-3.281291636815812,1.0,23.47860879879697,10.0,23.0,41.0,-3.1329539499144126,jump_ar1__k1000,0.3963709510755092,False,0.024760258094882862,False,notification_index_forecast,prequential,0.8340259088683268,0.02000000000000001,0.049452457482218604,0.09652163364945456,0.541152794324208,0.0542927715139878,0.2511862841202868,0.15336815004151735,0.5,0.0,3.0,-22.088474054224704,9.737905236490619,0.0,47.0,-4.978834990505762,15.406790711594883,0.0,74.0,-4.691796579451747
United_Kingdom,2023,2023-06-26_2023-07-03,22.0,7.0,22.404429111882074,15.619729028683453,0.0,22.0,43.0,-3.1346753117148016,1.0,24.39133501220787,10.0,24.0,42.0,-2.990127630681757,jump_ar1__k1000,0.3963709510755092,False,0.024760258094882862,False,notification_index_forecast,prequential,0.8340259088683268,0.02000000000000001,0.049452457482218604,0.09652163364945456,0.541152794324208,0.0542927715139878,0.2511862841202868,0.15336815004151735,0.5,0.0,3.0,-18.95659768602401,10.014030763074816,0.0,48.0,-4.660563717457347,16.12286562542835,0.0,77.0,-4.465108670370737
United_Kingdom,2023,2023-07-03_2023-07-10,19.0,7.0,22.975328433607036,16.473351361844834,0.0,23.0,46.0,-3.2237840302922502,1.0,24.973388315826366,11.0,24.0,44.0,-3.0915672714981906,jump_ar1__k1000,0.3963709510755092,False,0.024760258094882862,False,notification_index_forecast,prequential,0.8340259088683268,0.02000000000000001,0.049452457482218604,0.09652163364945456,0.541152794324208,0.0542927715139878,0.2511862841202868,0.15336815004151735,1.5,0.0,8.0,-8.598866808850723,10.241688820386688,0.0,49.0,-4.420927030438911,16.68433079873706,0.0,80.0,-4.295536823757107
United_Kingdom,2023,2023-07-10_2023-07-17,32.0,7.0,22.540097576337327,15.925707187305393,0.0,23.0,44.0,-3.7850960694838474,1.0,24.417150553176434,11.0,24.0,43.0,-3.64534437938247,jump_ar1__k1000,0.3963709510755092,False,0.024760258094882862,False,notification_index_forecast,prequential,0.8340259088683268,0.02000000000000001,0.049452457482218604,0.09652163364945456,0.541152794324208,0.0542927715139878,0.2511862841202868,0.15336815004151735,0.5,0.0,3.0,-26.76843590056909,10.42634278378562,0.0,50.0,-5.329546128109643,17.094127592490366,0.0,82.0,-4.942876305915494
United_Kingdom,2023,2023-07-17_2023-07-24,28.0,7.0,24.89172448753828,17.14231794162606,0.0,24.0,50.0,-3.311317689056275,1.0,27.108502921277257,12.0,25.0,47.0,-3.1624214860198245,jump_ar1__k1000,0.3963709510755092,False,0.024760258094882862,False,notification_index_forecast,prequential,0.8340259088683268,0.02000000000000001,0.049452457482218604,0.09652163364945456,0.541152794324208,0.0542927715139878,0.2511862841202868,0.15336815004151735,0.5,0.0,3.0,-23.650500003434853,10.758388533729907,0.0,52.0,-5.030517222061389,18.032247105762615,0.0,86.0,-4.7366405287084365
United_Kingdom,2023,2023-07-24_2023-07-31,33.0,7.0,24.89353961044617,17.331840733191754,0.0,24.0,47.0,-3.652597752784149,1.0,27.001406804974742,12.0,26.0,46.0,-3.507540189223988,jump_ar1__k1000,0.3963709510755092,False,0.024760258094882862,False,notification_index_forecast,prequential,0.8340259088683268,0.02000000000000001,0.049452457482218604,0.09652163364945456,0.541152794324208,0.0542927715139878,0.2511862841202868,0.15336815004151735,0.5,0.0,3.0,-27.546830623223343,11.051772715562267,0.0,53.0,-5.330233742801932,18.82613638185623,0.0,90.0,-4.9437465897883435
United_Kingdom,2023,2023-07-31_2023-08-07,30.0,7.0,26.974095140398248,18.966930825231163,0.0,26.0,53.0,-3.367928578554279,1.0,29.34499649843957,13.0,27.0,51.0,-3.218708333917024,jump_ar1__k1000,0.3963709510755092,False,0.024760258094882862,False,notification_index_forecast,prequential,0.8340259088683268,0.02000000000000001,0.049452457482218604,0.09652163364945456,0.541152794324208,0.0542927715139878,0.2511862841202868,0.15336815004151735,1.5,0.0,8.0,-12.359901676214397,11.406205057917605,0.0,55.0,-5.109074929389375,19.74213264261245,0.0,94.0,-4.79860065559601
United_Kingdom,2023,2023-08-07_2023-08-14,25.0,7.0,27.30225890796777,18.769670370397876,0.0,27.0,56.0,-3.3126648693966563,1.0,29.645476280102123,13.0,29.0,52.0,-3.1708535730461396,jump_ar1__k1000,0.3963709510755092,False,0.024760258094882862,False,notification_index_forecast,prequential,0.8340259088683268,0.02000000000000001,0.049452457482218604,0.09652163364945456,0.541152794324208,0.0542927715139878,0.2511862841202868,0.15336815004151735,0.5,0.0,3.0,-21.306560211711368,11.722480609659625,0.0,56.0,-4.769093327425125,20.590804988898743,0.0,98.0,-4.572734386824981
United_Kingdom,2023,2023-08-14_2023-08-21,33.0,7.0,27.236693179435054,18.897043239655623,0.0,27.0,54.0,-3.504408229672446,1.0,29.479809990984165,13.0,29.0,52.0,-3.3560104093146705,jump_ar1__k1000,0.3963709510755092,False,0.024760258094882862,False,notification_index_forecast,prequential,0.8340259088683268,0.02000000000000001,0.049452457482218604,0.09652163364945456,0.541152794324208,0.0542927715139878,0.2511862841202868,0.15336815004151735,0.5,0.0,3.0,-27.546830623223343,11.978612502027028,0.0,58.0,-5.247822312110213,21.211783882793913,0.0,101.0,-4.9002518820649765
United_Kingdom,2023,2023-08-21_2023-08-28,29.0,7.0,28.67546708430051,19.721278485625554,0.0,29.0,55.0,-3.3328498906763344,1.0,31.079609678069634,15.0,30.0,53.0,-3.1852649585581627,jump_ar1__k1000,0.3963709510755092,False,0.024760258094882862,False,notification_index_forecast,prequential,0.8340259088683268,0.02000000000000001,0.049452457482218604,0.09652163364945456,0.541152794324208,0.0542927715139878,0.2511862841202868,0.15336815004151735,0.5,0.0,3.0,-24.43069607780279,12.335654280049118,0.0,59.0,-4.983537072563598,22.111508848132942,0.0,105.0,-4.7309711802616565
United_Kingdom,2023,2023-08-28_2023-09-04,18.0,7.0,29.231376169277905,21.65051061599351,0.0,28.0,55.625,-3.999025595249761,1.0,31.54126521147772,15.0,30.0,53.0,-3.9443595720381692,jump_ar1__k1000,0.3963709510755092,False,0.024760258094882862,False,notification_index_forecast,prequential,0.8340259088683268,0.02000000000000001,0.049452457482218604,0.09652163364945456,0.541152794324208,0.0542927715139878,0.2511862841202868,0.15336815004151735,4.5,0.0,22.0,-5.089754694481599,12.636879773726687,0.0,61.0,-4.2764201045888335,22.898690595386793,0.0,109.0,-4.252375908933891
United_Kingdom,2023,2023-09-04_2023-09-11,31.0,7.0,28.93407002894143,21.580762238894994,0.0,27.0,56.0,-3.3941354892662763,1.0,31.166033973897342,13.0,28.5,53.0,-3.2466553918660255,jump_ar1__k1000,0.3963709510755092,False,0.024760258094882862,False,notification_index_forecast,prequential,0.8340259088683268,0.02000000000000001,0.049452457482218604,0.09652163364945456,0.541152794324208,0.0542927715139878,0.2511862841202868,0.15336815004151735,4.5,0.0,22.0,-6.88111035395669,12.780069058162354,0.0,61.0,-5.074138184832107,22.987431028986688,0.0,109.0,-4.802217091838415
United_Kingdom,2023,2023-09-11_2023-09-18,30.0,7.0,28.597133305112017,21.828443755565374,0.0,28.0,55.0,-3.3443988113952754,1.0,30.627447127996746,14.0,29.0,53.0,-3.1975617039148485,jump_ar1__k1000,0.3963709510755092,False,0.024760258094882862,False,notification_index_forecast,prequential,0.8340259088683268,0.02000000000000001,0.049452457482218604,0.09652163364945456,0.541152794324208,0.0542927715139878,0.2511862841202868,0.15336815004151735,5.5,0.0,27.0,-6.226055247625512,13.115738368916482,0.0,63.0,-4.997525840352258,23.77128626069546,0.0,113.0,-4.758374141980083
United_Kingdom,2023,2023-09-18_2023-09-25,38.0,7.0,28.985416115396973,22.77849849360454,1.0,29.0,57.0,-3.8018546521274996,1.0,30.885516465012152,15.0,30.0,53.0,-3.661605169631428,jump_ar1__k1000,0.3963709510755092,False,0.024760258094882862,False,notification_index_forecast,prequential,0.8340259088683268,0.02000000000000001,0.049452457482218604,0.09652163364945456,0.541152794324208,0.0542927715139878,0.2511862841202868,0.15336815004151735,9.5,0.0,46.0,-5.866644352364961,13.424130314119804,0.0,64.0,-5.4165027323587305,24.577277150304145,0.0,117.0,-5.038471937734264
United_Kingdom,2023,2023-09-25_2023-10-02,43.0,7.0,30.714769106065496,23.874478658276654,1.0,30.0,60.625,-4.093031982261064,1.0,32.80599895666612,15.0,32.0,56.0,-3.9577614588019125,jump_ar1__k1000,0.3963709510755092,False,0.024760258094882862,False,notification_index_forecast,prequential,0.8340259088683268,0.02000000000000001,0.049452457482218604,0.09652163364945456,0.541152794324208,0.0542927715139878,0.2511862841202868,0.15336815004151735,9.5,0.0,46.0,-6.2126186901775755,13.822874270220833,0.0,66.0,-5.6435354976441925,25.69518162918615,0.0,122.0,-5.188479144412822
United_Kingdom,2023,2023-10-02_2023-10-09,43.0,7.0,33.06294232747183,24.84366341776743,0.375,32.0,66.0,-3.893290434966476,1.0,35.51716585706184,17.0,34.0,60.0,-3.7490821210653467,jump_ar1__k1000,0.3963709510755092,False,0.024760258094882862,False,notification_index_forecast,prequential,0.8340259088683268,0.02000000000000001,0.049452457482218604,0.09652163364945456,0.541152794324208,0.0542927715139878,0.2511862841202868,0.15336815004151735,6.5,0.0,32.0,-7.127301780819154,14.271534950822907,0.0,68.0,-5.607161879400069,26.988180983423256,0.0,128.0,-5.170991472461736
United_Kingdom,2023,2023-10-09_2023-10-16,31.0,7.0,35.11735457354986,27.418607212920588,1.0,35.0,68.0,-3.5111927073381546,1.0,37.51291814354654,18.0,36.0,64.0,-3.374520791053877,jump_ar1__k1000,0.3963709510755092,False,0.024760258094882862,False,notification_index_forecast,prequential,0.8340259088683268,0.02000000000000001,0.049452457482218604,0.09652163364945456,0.541152794324208,0.0542927715139878,0.2511862841202868,0.15336815004151735,18.5,0.0,88.0,-4.863688673581678,14.71629329219609,0.0,70.0,-4.975886747092091,28.31336305570879,0.0,135.0,-4.776764888188223
United_Kingdom,2023,2023-10-16_2023-10-23,38.0,7.0,34.6564574013466,26.410813295811153,1.0,34.0,69.0,-3.562948521180414,1.0,37.095962844643154,17.375,36.0,64.625,-3.415240526356424,jump_ar1__k1000,0.3963709510755092,False,0.024760258094882862,False,notification_index_forecast,prequential,0.8340259088683268,0.02000000000000001,0.049452457482218604,0.09652163364945456,0.541152794324208,0.0542927715139878,0.2511862841202868,0.15336815004151735,8.5,0.0,41.0,-6.060817395970598,15.033349628238739,0.0,72.0,-5.3116331193312805,29.050763908278032,0.0,138.0,-4.998592547975424
United_Kingdom,2023,2023-10-23_2023-10-30,35.0,7.0,35.430997651207306,28.18892979025931,1.0,35.0,69.0,-3.4899507708550757,1.0,37.58933896725582,18.0,37.0,64.0,-3.3466103587542797,jump_ar1__k1000,0.3963709510755092,False,0.024760258094882862,False,notification_index_forecast,prequential,0.8340259088683268,0.02000000000000001,0.049452457482218604,0.09652163364945456,0.541152794324208,0.0542927715139878,0.2511862841202868,0.15336815004151735,20.5,0.0,98.0,-4.991497920540101,15.432492403701273,0.0,74.0,-5.145513111876751,30.12112695276462,0.0,143.0,-4.901379002699009
United_Kingdom,2023,2023-10-30_2023-11-06,43.0,7.0,36.29544824221447,28.640055356111652,1.0,35.0,73.0,-3.764268164923391,1.0,38.57064298281847,17.0,37.0,65.0,-3.6205958480901286,jump_ar1__k1000,0.3963709510755092,False,0.024760258094882862,False,notification_index_forecast,prequential,0.8340259088683268,0.02000000000000001,0.049452457482218604,0.09652163364945456,0.541152794324208,0.0542927715139878,0.2511862841202868,0.15336815004151735,17.5,0.0,84.0,-5.411976884275378,15.794460296733426,0.0,76.0,-5.502439895154817,31.03405613122535,0.0,147.0,-5.132643562086992
United_Kingdom,2023,2023-11-06_2023-11-13,35.0,7.0,37.072676511078974,29.404196116461907,1.0,37.0,72.0,-3.523686393607602,1.0,39.30135542057409,18.0,38.0,66.0,-3.381944934716083,jump_ar1__k1000,0.3963709510755092,False,0.024760258094882862,False,notification_index_forecast,prequential,0.8340259088683268,0.02000000000000001,0.049452457482218604,0.09652163364945456,0.541152794324208,0.0542927715139878,0.2511862841202868,0.15336815004151735,18.5,0.0,88.0,-5.037245189954036,16.24021413170616,0.0,78.0,-5.111235938160486,32.33688883844164,0.0,154.0,-4.896502649827796
United_Kingdom,2023,2023-11-13_2023-11-20,54.0,7.0,37.53426161545118,30.00261634812607,1.0,37.0,75.0,-4.474242505234025,1.0,39.68875881879964,19.0,38.0,68.0,-4.3498348821184925,jump_ar1__k1000,0.3963709510755092,False,0.024760258094882862,False,notification_index_forecast,prequential,0.8340259088683268,0.02000000000000001,0.049452457482218604,0.09652163364945456,0.541152794324208,0.0542927715139878,0.2511862841202868,0.15336815004151735,20.5,0.0,98.0,-5.700137615397027,16.602198423865655,0.0,79.0,-5.927327241820392,33.171723654270146,0.0,157.0,-5.405101757972936
United_Kingdom,2023,2023-11-20_2023-11-27,54.0,7.0,40.13864610477804,31.251943832470864,1.0,40.0,79.0,-4.191958576131877,1.0,42.70618171132449,21.0,41.0,72.0,-4.052818875555167,jump_ar1__k1000,0.3963709510755092,False,0.024760258094882862,False,notification_index_forecast,prequential,0.8340259088683268,0.02000000000000001,0.049452457482218604,0.09652163364945456,0.541152794324208,0.0542927715139878,0.2511862841202868,0.15336815004151735,15.5,0.0,74.0,-6.017575633967927,17.16471748659972,0.0,82.0,-5.8865864932212535,34.82894455768822,0.0,165.0,-5.38887111769833
United_Kingdom,2023,2023-11-27_2023-12-04,59.0,7.0,42.81683755477209,33.57893215146403,1.0,42.0,85.0,-4.355108391540322,1.0,45.49429514616864,22.0,44.0,77.0,-4.2197676005667395,jump_ar1__k1000,0.3963709510755092,False,0.024760258094882862,False,notification_index_forecast,prequential,0.8340259088683268,0.02000000000000001,0.049452457482218604,0.09652163364945456,0.541152794324208,0.0542927715139878,0.2511862841202868,0.15336815004151735,23.5,0.0,112.0,-5.746566018856591,17.720984331629456,0.0,85.0,-6.04646855517393,36.54176104987474,0.0,173.0,-5.4904203450367
United_Kingdom,2023,2023-12-04_2023-12-11,88.0,7.0,45.82565373988778,35.603576402698856,1.0,45.0,88.0,-6.533839716527647,1.0,48.804544985676166,24.0,47.0,83.0,-6.578574299230811,jump_ar1__k1000,0.3963709510755092,False,0.024760258094882862,False,notification_index_forecast,prequential,0.8340259088683268,0.02000000000000001,0.049452457482218604,0.09652163364945456,0.541152794324208,0.0542927715139878,0.2511862841202868,0.15336815004151735,25.5,0.0,121.0,-6.4976953250646785,18.332889726062838,0.0,87.0,-7.068248306871827,38.383025250636976,0.0,182.0,-6.074832772561308
United_Kingdom,2023,2023-12-11_2023-12-18,169.0,7.0,53.56904004332968,40.07531698991621,1.0,53.0,105.0,-9.251542227216179,0.0,57.63700348019022,28.0,55.0,101.0,-10.235558337721637,jump_ar1__k1000,0.3963709510755092,False,0.024760258094882862,False,notification_index_forecast,prequential,0.8340259088683268,0.02000000000000001,0.049452457482218604,0.09652163364945456,0.541152794324208,0.0542927715139878,0.2511862841202868,0.15336815004151735,28.5,0.0,135.0,-8.25034961067353,19.142858960659773,0.0,91.0,-9.652802068800435,41.25110881294624,0.0,196.0,-7.423217633156003
United_Kingdom,2023,2023-12-18_2023-12-25,160.0,7.0,101.8401828520861,59.085893607074,1.0,104.0,187.0,-5.810735754687355,1.0,115.11647531044397,61.0,110.0,187.0,-5.658362658262267,jump_ar1__k1000,0.3963709510755092,False,0.024760258094882862,False,notification_index_forecast,prequential,0.8340259088683268,0.02000000000000001,0.049452457482218604,0.09652163364945456,0.541152794324208,0.0542927715139878,0.2511862841202868,0.15336815004151735,19.5,0.0,93.0,-9.288094852188763,20.31582525843351,0.0,97.0,-9.12687204706925,45.952314036397944,0.0,218.0,-7.111491780669461
United_Kingdom,2023,2023-12-25_2024-01-01,127.0,7.0,109.40618120514756,63.20841656339606,2.0,110.0,190.625,-4.6421431256048304,1.0,123.57501246896031,64.0,117.0,194.0,-4.4780358603214045,jump_ar1__k1000,0.3963709510755092,False,0.024760258094882862,False,notification_index_forecast,prequential,0.8340259088683268,0.02000000000000001,0.049452457482218604,0.09652163364945456,0.541152794324208,0.0542927715139878,0.2511862841202868,0.15336815004151735,19.5,0.0,93.0,-8.231173497675394,21.51270386320399,0.0,102.0,-7.945344114206934,50.63696975888357,0.0,240.0,-6.513056398409474
Japan,2023,2023-01-02_2023-01-09,3.0,7.0,10.202578291450902,9.783412353077077,0.0,10.0,22.0,-3.615285866695585,1.0,10.61800575685514,3.0,10.0,21.0,-3.8979727628197254,jump_ar1__k1000,4.529883598970592,False,0.0470874602770874,False,notification_index_forecast,prequential,0.8634783663505454,0.019999999999999997,0.020000000000000035,0.09652163364945461,0.8466318499584846,1.6203326530995228e-18,4.876966855664262e-24,0.1533681500415155,14.500000000000002,0.0,69.0,-2.9399106272374085,7.5490662975505645,0.0,37.0,-2.688011528531753,6.145551813018647,0.0,30.0,-2.62706501503818
Japan,2023,2023-01-09_2023-01-16,8.0,7.0,8.397072592635352,8.260135239403217,0.0,8.0,20.0,-2.4924471759180467,1.0,8.766688470459705,1.0,8.0,19.0,-2.3983078115225656,jump_ar1__k1000,4.529883598970592,False,0.0470874602770874,False,notification_index_forecast,prequential,0.8634783663505454,0.019999999999999997,0.020000000000000035,0.09652163364945461,0.8466318499584846,1.6203326530995228e-18,4.876966855664262e-24,0.1533681500415155,5.5,0.0,27.0,-3.488001299376094,7.380966426025289,0.0,36.0,-3.447773711219712,5.901344639553307,0.0,29.0,-3.4731244329582074
Japan,2023,2023-01-16_2023-01-23,6.0,7.0,9.107233316727584,8.838762793214402,0.0,8.0,21.0,-2.515066044342199,1.0,9.459871368112982,2.0,9.0,19.0,-2.4409655970873034,jump_ar1__k1000,4.529883598970592,False,0.0470874602770874,False,notification_index_forecast,prequential,0.8634783663505454,0.019999999999999997,0.020000000000000035,0.09652163364945461,0.8466318499584846,1.6203326530995228e-18,4.876966855664262e-24,0.1533681500415155,10.5,0.0,51.0,-3.240486363343427,7.40121756827238,0.0,36.0,-3.1807886379819457,6.017456072563276,0.0,29.0,-3.169879376360574
Japan,2023,2023-01-23_2023-01-30,9.0,7.0,8.509366179871572,8.342598029424648,0.0,8.0,19.0,-2.462399362203668,1.0,8.836271912069664,2.0,8.0,18.0,-2.360490216108354,jump_ar1__k1000,4.529883598970592,False,0.0470874602770874,False,notification_index_forecast,prequential,0.8634783663505454,0.019999999999999997,0.020000000000000035,0.09652163364945461,0.8466318499584846,1.6203326530995228e-18,4.876966855664262e-24,0.1533681500415155,7.5,0.0,36.0,-3.569374385204745,7.3655893347217924,0.0,36.0,-3.5714099078313697,6.031028857511481,0.0,29.0,-3.6086745965822216
Japan,2023,2023-01-30_2023-02-06,9.0,7.0,8.816259589802454,8.701077362311741,0.0,8.0,19.0,-2.436479577325062,1.0,9.242681012744226,2.0,9.0,18.0,-2.3326617020103173,jump_ar1__k1000,4.529883598970592,False,0.0470874602770874,False,notification_index_forecast,prequential,0.8634783663505454,0.019999999999999997,0.020000000000000035,0.09652163364945461,0.8466318499584846,1.6203326530995228e-18,4.876966855664262e-24,0.1533681500415155,4.5,0.0,22.0,-3.7197219052190933,7.408932149612404,0.0,36.0,-3.570726600521457,6.187481734878315,0.0,30.0,-3.6023043857087647
Japan,2023,2023-02-06_2023-02-13,12.0,7.0,9.0599996075288,8.944825649884201,0.0,9.0,19.0,-2.7989791122885923,1.0,9.506661788135279,3.0,9.0,18.0,-2.6943213303431905,jump_ar1__k1000,4.529883598970592,False,0.0470874602770874,False,notification_index_forecast,prequential,0.8634783663505454,0.019999999999999997,0.020000000000000035,0.09652163364945461,0.8466318499584846,1.6203326530995228e-18,4.876966855664262e-24,0.1533681500415155,4.5,0.0,22.0,-4.199348359814026,7.450880093126565,0.0,36.0,-3.911995058466638,6.342466370009696,0.0,31.0,-3.97584574958272
Japan,2023,2023-02-13_2023-02-20,11.0,7.0,10.108766009497629,9.869849491656275,0.0,10.0,22.0,-2.5798614173734946,1.0,10.597301418823953,3.0,10.0,21.0,-2.473266338664014,jump_ar1__k1000,4.529883598970592,False,0.0470874602770874,False,notification_index_forecast,prequential,0.8634783663505454,0.019999999999999997,0.020000000000000035,0.09652163364945461,0.8466318499584846,1.6203326530995228e-18,4.876966855664262e-24,0.1533681500415155,8.5,0.0,41.0,-3.7745384855606092,7.550163888642747,0.0,37.0,-3.7982999436477303,6.601858990375146,0.0,32.0,-3.8381906556372254
Japan,2023,2023-02-20_2023-02-27,11.0,7.0,10.37964074818486,10.109750611439818,0.0,10.0,23.0,-2.564296666202382,1.0,10.8377930752141,3.0,10.0,21.0,-2.457521894380249,jump_ar1__k1000,4.529883598970592,False,0.0470874602770874,False,notification_index_forecast,prequential,0.8634783663505454,0.019999999999999997,0.020000000000000035,0.09652163364945461,0.8466318499584846,1.6203326530995228e-18,4.876966855664262e-24,0.1533681500415155,10.5,0.0,51.0,-3.7554969689254487,7.630026473754698,0.0,37.0,-3.7957732904239436,6.825831001487248,0.0,33.0,-3.8269055743174016
Japan,2023,2023-02-27_2023-03-06,9.0,7.0,10.72539929504151,10.39974990332299,0.0,10.0,22.0,-2.5086065569623206,1.0,11.14219859439107,4.0,11.0,22.0,-2.4097642510567985,jump_ar1__k1000,4.529883598970592,False,0.0470874602770874,False,notification_index_forecast,prequential,0.8634783663505454,0.019999999999999997,0.020000000000000035,0.09652163364945461,0.8466318499584846,1.6203326530995228e-18,4.876966855664262e-24,0.1533681500415155,13.5,0.0,65.0,-3.599423863186939,7.708628801317838,0.0,37.0,-3.5666804482264474,7.046910142935101,0.0,34.0,-3.577281307779176
Japan,2023,2023-03-06_2023-03-13,4.0,7.0,10.520813575692014,10.393688827282723,0.0,10.0,22.0,-3.479222342390156,1.0,11.097640740431018,3.0,11.0,21.0,-3.627094757595313,jump_ar1__k1000,4.529883598970592,False,0.0470874602770874,False,notification_index_forecast,prequential,0.8634783663505454,0.019999999999999997,0.020000000000000035,0.09652163364945461,0.8466318499584846,1.6203326530995228e-18,4.876966855664262e-24,0.1533681500415155,4.5,0.0,22.0,-2.7905879273167367,7.744068196821657,0.0,38.0,-2.8802568046663493,7.183462283502947,0.0,35.0,-2.861660803659342
Japan,2023,2023-03-13_2023-03-20,8.0,7.0,9.846082746482146,9.710417361372441,0.0,9.0,21.0,-2.4712225067625067,1.0,10.294453952509272,3.0,10.0,20.0,-2.377019695236185,jump_ar1__k1000,4.529883598970592,False,0.0470874602770874,False,notification_index_forecast,prequential,0.8634783663505454,0.019999999999999997,0.020000000000000035,0.09652163364945461,0.8466318499584846,1.6203326530995228e-18,4.876966855664262e-24,0.1533681500415155,6.5,0.0,32.0,-3.4582757554324752,7.620679673090132,0.0,37.0,-3.4466348673577816,6.989426578572356,0.0,34.0,-3.4510795256623394
Japan,2023,2023-03-20_2023-03-27,4.0,7.0,9.887826410259656,9.72157595722438,0.0,9.0,21.0,-3.2536273277589856,1.0,10.286536596161216,3.0,10.0,20.0,-3.331024680814841,jump_ar1__k1000,4.529883598970592,False,0.0470874602770874,False,notification_index_forecast,prequential,0.8634783663505454,0.019999999999999997,0.020000000000000035,0.09652163364945461,0.8466318499584846,1.6203326530995228e-18,4.876966855664262e-24,0.1533681500415155,8.5,0.0,41.0,-2.905601205671677,7.636440152577282,0.0,37.0,-2.8766641440839353,7.07505422286832,0.0,34.0,-2.858109771646346
Japan,2023,2023-03-27_2023-04-03,18.0,7.0,9.223495775546965,9.101274250473903,0.0,9.0,21.0,-4.35553000229607,1.0,9.563854193655764,3.0,9.0,19.0,-4.325544259329019,jump_ar1__k1000,4.529883598970592,False,0.0470874602770874,False,notification_index_forecast,prequential,0.8634783663505454,0.019999999999999997,0.020000000000000035,0.09652163364945461,0.8466318499584846,1.6203326530995228e-18,4.876966855664262e-24,0.1533681500415155,7.5,0.0,36.0,-4.522019701658129,7.518330217406139,0.0,36.0,-4.520198358197182,6.889108181292228,0.0,34.0,-4.5900823305904765
Japan,2023,2023-04-03_2023-04-10,15.0,7.0,10.649576475004578,10.511641483359018,0.0,10.0,22.0,-3.1097557564918428,1.0,11.209614791482682,4.0,10.0,21.0,-3.0070897596769512,jump_ar1__k1000,4.529883598970592,False,0.0470874602770874,False,notification_index_forecast,prequential,0.8634783663505454,0.019999999999999997,0.020000000000000035,0.09652163364945461,0.8466318499584846,1.6203326530995228e-18,4.876966855664262e-24,0.1533681500415155,5.5,0.0,27.0,-4.444091003264332,7.699068670964408,0.0,37.0,-4.210645257061563,7.31789555678438,0.0,36.0,-4.237723614537186
Japan,2023,2023-04-10_2023-04-17,8.0,7.0,11.40635038534609,11.268566149448732,0.0,11.0,25.0,-2.6923949228190445,1.0,12.067571177679017,4.0,12.0,23.0,-2.6109934604569975,jump_ar1__k1000,4.529883598970592,False,0.0470874602770874,False,notification_index_forecast,prequential,0.8634783663505454,0.019999999999999997,0.020000000000000035,0.09652163364945461,0.8466318499584846,1.6203326530995228e-18,4.876966855664262e-24,0.1533681500415155,4.5,0.0,22.0,-3.551102371935003,7.843962590979488,0.0,38.0,-3.4460977079947597,7.660298103641486,0.0,37.0,-3.446504389224799
Japan,2023,2023-04-17_2023-04-24,7.0,7.0,11.013776318301918,10.968628685428492,0.0,11.0,23.0,-2.7996464711574776,1.0,11.675587045700295,4.0,11.0,22.0,-2.729464347234532,jump_ar1__k1000,4.529883598970592,False,0.0470874602770874,False,notification_index_forecast,prequential,0.8634783663505454,0.019999999999999997,0.020000000000000035,0.09652163364945461,0.8466318499584846,1.6203326530995228e-18,4.876966855664262e-24,0.1533681500415155,1.5,0.0,8.0,-4.2916860076066445,7.856175597921564,0.0,38.0,-3.32085677529665,7.718849648198173,0.0,37.0,-3.3199023737407294
Japan,2023,2023-04-24_2023-05-01,16.0,7.0,10.847762787302315,10.721644603630578,0.0,10.5,23.0,-3.253672559714072,1.0,11.368333854378616,4.0,11.0,21.0,-3.1548748278908567,jump_ar1__k1000,4.529883598970592,False,0.0470874602770874,False,notification_index_forecast,prequential,0.8634783663505454,0.019999999999999997,0.020000000000000035,0.09652163364945461,0.8466318499584846,1.6203326530995228e-18,4.876966855664262e-24,0.1533681500415155,6.5,0.0,32.0,-4.423375359671792,7.8419102381199295,0.0,38.0,-4.299167898996199,7.7144802639556085,0.0,37.0,-4.308440301008377
Japan,2023,2023-05-01_2023-05-08,6.0,7.0,11.730320661103407,11.618160979515924,0.0,11.0,25.0,-3.193699340855821,1.0,12.391564434548627,4.0,12.0,23.0,-3.1940504310794884,jump_ar1__k1000,4.529883598970592,False,0.0470874602770874,False,notification_index_forecast,prequential,0.8634783663505454,0.019999999999999997,0.020000000000000035,0.09652163364945461,0.8466318499584846,1.6203326530995228e-18,4.876966855664262e-24,0.1533681500415155,4.5,0.0,22.0,-3.1933847018995007,7.9993338255115845,0.0,39.0,-3.1899372135380712,8.086126815426272,0.0,39.0,-3.191407896277708
Japan,2023,2023-05-08_2023-05-15,14.0,7.0,11.297364237995216,11.131979220876419,0.0,11.0,25.0,-2.8276282322001762,1.0,11.809647949331229,4.0,11.0,23.0,-2.720192159011071,jump_ar1__k1000,4.529883598970592,False,0.0470874602770874,False,notification_index_forecast,prequential,0.8634783663505454,0.019999999999999997,0.020000000000000035,0.09652163364945461,0.8466318499584846,1.6203326530995228e-18,4.876966855664262e-24,0.1533681500415155,8.5,0.0,41.0,-4.071031693590835,7.952697533572739,0.0,39.0,-4.09617677747722,7.987170748270062,0.0,39.0,-4.094421749631461
Japan,2023,2023-05-15_2023-05-22,22.0,7.0,12.037159473371117,11.870098565991972,0.0,12.0,25.0,-4.412121029233491,1.0,12.652587535126493,4.0,12.0,24.0,-4.360296704119121,jump_ar1__k1000,4.529883598970592,False,0.0470874602770874,False,notification_index_forecast,prequential,0.8634783663505454,0.019999999999999997,0.020000000000000035,0.09652163364945461,0.8466318499584846,1.6203326530995228e-18,4.876966855664262e-24,0.1533681500415155,7.5,0.0,36.0,-4.90154174370082,8.081281948097285,0.0,39.0,-4.828544492120789,8.291387010474573,0.0,40.0,-4.805273231189519
Japan,2023,2023-05-22_2023-05-29,23.0,7.0,13.732956153457309,13.49379261472869,0.0,13.0,29.0,-4.105871164917996,1.0,14.551750351945058,5.0,14.0,27.0,-4.025173912473183,jump_ar1__k1000,4.529883598970592,False,0.0470874602770874,False,notification_index_forecast,prequential,0.8634783663505454,0.019999999999999997,0.020000000000000035,0.09652163364945461,0.8466318499584846,1.6203326530995228e-18,4.876966855664262e-24,0.1533681500415155,7.5,0.0,36.0,-4.99405956469567,8.307577256597273,0.0,40.0,-4.889113816949834,8.823752299717558,0.0,43.0,-4.8343345742838
Japan,2023,2023-05-29_2023-06-05,20.0,7.0,15.096969264030118,14.846400993166863,0.0,14.0,31.0,-3.217141635638142,1.0,16.110819846219915,6.0,15.0,30.0,-3.104597723558368,jump_ar1__k1000,4.529883598970592,False,0.0470874602770874,False,notification_index_forecast,prequential,0.8634783663505454,0.019999999999999997,0.020000000000000035,0.09652163364945461,0.8466318499584846,1.6203326530995228e-18,4.876966855664262e-24,0.1533681500415155,5.5,0.0,27.0,-5.061474479628396,8.548700606479093,0.0,41.0,-4.608597851850476,9.372519054164712,0.0,45.0,-4.54721087187597
Japan,2023,2023-06-05_2023-06-12,17.0,7.0,15.961278465868235,15.717151737623494,0.0,15.0,33.0,-2.8729113909524546,1.0,17.075648580264364,7.0,16.0,32.0,-2.757417929972801,jump_ar1__k1000,4.529883598970592,False,0.0470874602770874,False,notification_index_forecast,prequential,0.8634783663505454,0.019999999999999997,0.020000000000000035,0.09652163364945461,0.8466318499584846,1.6203326530995228e-18,4.876966855664262e-24,0.1533681500415155,4.5,0.0,22.0,-4.9456167858976565,8.753539315088547,0.0,42.0,-4.332997976887491,9.860530775518619,0.0,48.0,-4.279434008631024
Japan,2023,2023-06-12_2023-06-19,24.0,7.0,16.431832538483313,16.071669352327742,0.0,16.0,34.0,-3.604579315831392,1.0,17.410911054638596,6.0,17.0,32.0,-3.50017207408922,jump_ar1__k1000,4.529883598970592,False,0.0470874602770874,False,notification_index_forecast,prequential,0.8634783663505454,0.019999999999999997,0.020000000000000035,0.09652163364945461,0.8466318499584846,1.6203326530995228e-18,4.876966855664262e-24,0.1533681500415155,11.5,0.0,55.0,-4.715264206885517,8.919172739967673,0.0,43.0,-4.905424334321687,10.251629734569486,0.0,49.0,-4.791277458597369
Japan,2023,2023-06-19_2023-06-26,30.0,7.0,17.936540326186144,17.57560394043428,1.0,18.0,36.0,-4.314267766252924,1.0,19.149713817408937,8.0,18.0,35.0,-4.224389024186356,jump_ar1__k1000,4.529883598970592,False,0.0470874602770874,False,notification_index_forecast,prequential,0.8634783663505454,0.019999999999999997,0.020000000000000035,0.09652163364945461,0.8466318499584846,1.6203326530995228e-18,4.876966855664262e-24,0.1533681500415155,8.5,0.0,41.0,-5.437576039852526,9.16736377252581,0.0,44.0,-5.339688514425331,10.855902536879722,0.0,52.0,-5.154930936028954
Japan,2023,2023-06-26_2023-07-03,13.0,7.0,20.03259503492181,19.614204635512273,1.0,20.0,39.0,-3.4251724189032697,1.0,21.531291420211147,9.0,21.0,39.0,-3.3628194581668804,jump_ar1__k1000,4.529883598970592,False,0.0470874602770874,False,notification_index_forecast,prequential,0.8634783663505454,0.019999999999999997,0.020000000000000035,0.09652163364945461,0.8466318499584846,1.6203326530995228e-18,4.876966855664262e-24,0.1533681500415155,6.5,0.0,32.0,-4.082596568924702,9.47202147994239,0.0,46.0,-3.9484545913750955,11.617605525140846,0.0,56.0,-3.92161317700696
Japan,2023,2023-07-03_2023-07-10,21.0,7.0,19.085759932997924,18.78749215729415,1.0,19.0,38.0,-3.0434179418026623,1.0,20.41225419572386,8.0,20.0,37.0,-2.9266333729467426,jump_ar1__k1000,4.529883598970592,False,0.0470874602770874,False,notification_index_forecast,prequential,0.8634783663505454,0.019999999999999997,0.020000000000000035,0.09652163364945461,0.8466318499584846,1.6203326530995228e-18,4.876966855664262e-24,0.1533681500415155,6.5,0.0,32.0,-4.960943699511709,9.56430432378669,0.0,46.0,-4.613822091922029,11.799778940779662,0.0,57.0,-4.501553697237286
Japan,2023,2023-07-10_2023-07-17,26.0,7.0,19.953272412567124,19.699330816201915,1.0,20.0,39.0,-3.4384831758086465,1.0,21.425051014190537,9.0,21.0,38.0,-3.3217431080768343,jump_ar1__k1000,4.529883598970592,False,0.0470874602770874,False,notification_index_forecast,prequential,0.8634783663505454,0.019999999999999997,0.020000000000000035,0.09652163364945461,0.8466318499584846,1.6203326530995228e-18,4.876966855664262e-24,0.1533681500415155,3.5,0.0,18.0,-6.907995430425662,9.780804765804172,0.0,47.0,-4.9748631320983225,12.303855867729736,0.0,59.0,-4.8025146031223676
Japan,2023,2023-07-17_2023-07-24,27.0,7.0,21.196641579112768,20.958323347597904,0.0,20.0,42.625,-3.4304462062799534,1.0,22.82933872182966,9.0,21.0,40.0,-3.3119331683503788,jump_ar1__k1000,4.529883598970592,False,0.0470874602770874,False,notification_index_forecast,prequential,0.8634783663505454,0.019999999999999997,0.020000000000000035,0.09652163364945461,0.8466318499584846,1.6203326530995228e-18,4.876966855664262e-24,0.1533681500415155,1.5,0.0,8.0,-11.342139999209248,10.04944159898762,0.0,48.0,-5.02247498381303,12.981676701566789,0.0,62.0,-4.830533243619611
Japan,2023,2023-07-24_2023-07-31,24.0,7.0,22.074095526916754,21.799574229092528,1.0,22.0,43.0,-3.1295102565505086,1.0,23.69093837152361,10.375,23.0,42.0,-3.0096898176217772,jump_ar1__k1000,4.529883598970592,False,0.0470874602770874,False,notification_index_forecast,prequential,0.8634783663505454,0.019999999999999997,0.020000000000000035,0.09652163364945461,0.8466318499584846,1.6203326530995228e-18,4.876966855664262e-24,0.1533681500415155,4.5,0.0,22.0,-5.9317865046492235,10.330532890087275,0.0,50.0,-4.7857156973661,13.684725970941058,0.0,66.0,-4.627742786165049
Japan,2023,2023-07-31_2023-08-07,18.0,7.0,22.494512306751446,22.26737449764946,1.0,22.0,43.0,-3.1996688373955755,1.0,24.103507104804052,11.0,23.0,42.0,-3.0969692131230806,jump_ar1__k1000,4.529883598970592,False,0.0470874602770874,False,notification_index_forecast,prequential,0.8634783663505454,0.019999999999999997,0.020000000000000035,0.09652163364945461,0.8466318499584846,1.6203326530995228e-18,4.876966855664262e-24,0.1533681500415155,4.5,0.0,22.0,-5.089754694481599,10.57675846764416,0.0,51.0,-4.3308863253225685,14.298558230332986,0.0,68.0,-4.2532704470555105
Japan,2023,2023-08-07_2023-08-14,12.0,7.0,22.14117628293287,21.97495410833146,1.0,22.0,42.0,-3.9562423094025854,1.0,23.627005464617227,10.0,23.0,40.0,-3.9694775068697545,jump_ar1__k1000,4.529883598970592,False,0.0470874602770874,False,notification_index_forecast,prequential,0.8634783663505454,0.019999999999999997,0.020000000000000035,0.09652163364945461,0.8466318499584846,1.6203326530995228e-18,4.876966855664262e-24,0.1533681500415155,5.5,0.0,27.0,-4.052991491114515,10.740017506822078,0.0,52.0,-3.843267902164051,14.659592870052206,0.0,70.0,-3.850130102099122
Japan,2023,2023-08-14_2023-08-21,14.0,7.0,21.071232219746197,21.064292888353762,0.0,20.0,42.0,-3.410346523922823,1.0,22.480266063763263,9.0,21.0,41.0,-3.3314237920186516,jump_ar1__k1000,4.529883598970592,False,0.0470874602770874,False,notification_index_forecast,prequential,0.8634783663505454,0.019999999999999997,0.020000000000000035,0.09652163364945461,0.8466318499584846,1.6203326530995228e-18,4.876966855664262e-24,0.1533681500415155,1.5,0.0,8.0,-6.848971176130361,10.788442777779357,0.0,52.0,-4.010903165880514,14.652051512751136,0.0,70.0,-3.9911318625042544
Japan,2023,2023-08-21_2023-08-28,18.0,7.0,20.091827794539572,20.15420957569854,0.0,19.5,41.0,-3.0186377175162615,1.0,21.305576376710356,8.0,21.0,39.0,-2.9068076775278007,jump_ar1__k1000,4.529883598970592,False,0.0470874602770874,False,notification_index_forecast,prequential,0.8634783663505454,0.019999999999999997,0.020000000000000035,0.09652163364945461,0.8466318499584846,1.6203326530995228e-18,4.876966855664262e-24,0.1533681500415155,2.5,0.0,13.0,-6.363363707217321,10.87600239500219,0.0,52.0,-4.320558901804353,14.788430414521514,0.0,71.0,-4.248838043475721
Japan,2023,2023-08-28_2023-09-04,11.0,7.0,20.23259463756842,20.211195165010476,1.0,20.0,39.0,-3.7554264418053966,1.0,21.286072663600837,9.0,20.0,37.0,-3.7522566289392065,jump_ar1__k1000,4.529883598970592,False,0.0470874602770874,False,notification_index_forecast,prequential,0.8634783663505454,0.019999999999999997,0.020000000000000035,0.09652163364945461,0.8466318499584846,1.6203326530995228e-18,4.876966855664262e-24,0.1533681500415155,8.5,0.0,41.0,-3.7745384855606092,11.032699174934706,0.0,53.0,-3.754899803706526,15.145593264551323,0.0,72.0,-3.780322387694052
Japan,2023,2023-09-04_2023-09-11,10.0,7.0,19.08221864244827,19.029260484761714,1.0,19.0,39.0,-3.6951367400535595,1.0,19.847683309226056,8.0,19.0,36.0,-3.695271623354034,jump_ar1__k1000,4.529883598970592,False,0.0470874602770874,False,notification_index_forecast,prequential,0.8634783663505454,0.019999999999999997,0.020000000000000035,0.09652163364945461,0.8466318499584846,1.6203326530995228e-18,4.876966855664262e-24,0.1533681500415155,13.5,0.0,65.0,-3.6845652295849973,11.044632604953724,0.0,53.0,-3.664747428487929,15.056529564488038,0.0,72.0,-3.7025532576060454
Japan,2023,2023-09-11_2023-09-18,18.0,7.0,17.37065037071753,17.52454842063179,1.0,17.0,35.0,-2.956473368529713,1.0,18.04668274053976,7.0,17.0,33.0,-2.8456997492341953,jump_ar1__k1000,4.529883598970592,False,0.0470874602770874,False,notification_index_forecast,prequential,0.8634783663505454,0.019999999999999997,0.020000000000000035,0.09652163364945461,0.8466318499584846,1.6203326530995228e-18,4.876966855664262e-24,0.1533681500415155,6.5,0.0,32.0,-4.642111480904283,11.028852478027666,0.0,53.0,-4.315652722657426,14.889441216137559,0.0,71.0,-4.248035360175798
Japan,2023,2023-09-18_2023-09-25,8.0,7.0,17.910375655030585,18.084956968191076,1.0,17.0,37.0,-3.928083932294965,1.0,18.652959707418667,7.0,18.0,34.0,-4.01074372447869,jump_ar1__k1000,4.529883598970592,False,0.0470874602770874,False,notification_index_forecast,prequential,0.8634783663505454,0.019999999999999997,0.020000000000000035,0.09652163364945461,0.8466318499584846,1.6203326530995228e-18,4.876966855664262e-24,0.1533681500415155,5.5,0.0,27.0,-3.488001299376094,11.18495343471646,0.0,54.0,-3.473373241602537,15.232330359341628,0.0,73.0,-3.5388233576183112
Japan,2023,2023-09-25_2023-10-02,14.0,7.0,16.04620965262231,16.249343215511747,0.0,15.0,33.0,-2.8366340416134834,1.0,16.51520474914876,6.0,16.0,31.0,-2.732490897705657,jump_ar1__k1000,4.529883598970592,False,0.0470874602770874,False,notification_index_forecast,prequential,0.8634783663505454,0.019999999999999997,0.020000000000000035,0.09652163364945461,0.8466318499584846,1.6203326530995228e-18,4.876966855664262e-24,0.1533681500415155,6.5,0.0,32.0,-4.198186624127013,11.104012051715305,0.0,53.0,-4.006506700123969,14.852705457253338,0.0,71.0,-3.991515529885021
Japan,2023,2023-10-02_2023-10-09,26.0,7.0,16.208319303666677,16.491091956513458,1.0,15.0,34.0,-4.117850163959092,1.0,16.779297146111467,6.0,16.0,31.0,-4.036758909127761,jump_ar1__k1000,4.529883598970592,False,0.0470874602770874,False,notification_index_forecast,prequential,0.8634783663505454,0.019999999999999997,0.020000000000000035,0.09652163364945461,0.8466318499584846,1.6203326530995228e-18,4.876966855664262e-24,0.1533681500415155,2.5,0.0,13.0,-8.173588536952547,11.182743919574936,0.0,54.0,-4.866259026896493,14.982178423258055,0.0,72.0,-4.702810284124093
Japan,2023,2023-10-09_2023-10-16,20.0,7.0,18.21942736553261,18.41057929687601,0.0,18.0,35.0,-3.012820580231228,1.0,18.958624927990247,7.0,18.0,33.0,-2.899032408840128,jump_ar1__k1000,4.529883598970592,False,0.0470874602770874,False,notification_index_forecast,prequential,0.8634783663505454,0.019999999999999997,0.020000000000000035,0.09652163364945461,0.8466318499584846,1.6203326530995228e-18,4.876966855664262e-24,0.1533681500415155,5.5,0.0,27.0,-5.061474479628396,11.44862878200993,0.0,55.0,-4.4454598297835295,15.64511759408249,0.0,75.0,-4.359399985463733
Japan,2023,2023-10-16_2023-10-23,30.0,7.0,19.01733078142075,19.031609070928575,1.0,18.0,39.0,-4.192171749299502,1.0,19.624322322016692,8.0,19.0,35.0,-4.113982527346359,jump_ar1__k1000,4.529883598970592,False,0.0470874602770874,False,notification_index_forecast,prequential,0.8634783663505454,0.019999999999999997,0.020000000000000035,0.09652163364945461,0.8466318499584846,1.6203326530995228e-18,4.876966855664262e-24,0.1533681500415155,14.500000000000002,0.0,69.0,-4.932386038978341,11.633175535714344,0.0,56.0,-5.091763228235928,16.053287048397394,0.0,77.0,-4.877855344277757
Japan,2023,2023-10-23_2023-10-30,15.0,7.0,21.098334271224378,21.164748877130087,1.0,20.0,43.0,-3.22522017113896,1.0,22.05613009006246,9.0,21.0,40.0,-3.1387249885676383,jump_ar1__k1000,4.529883598970592,False,0.0470874602770874,False,notification_index_forecast,prequential,0.8634783663505454,0.019999999999999997,0.020000000000000035,0.09652163364945461,0.8466318499584846,1.6203326530995228e-18,4.876966855664262e-24,0.1533681500415155,9.5,0.0,46.0,-4.1249606189549946,11.947215739737716,0.0,57.0,-4.0736074872436925,16.82937510306593,0.0,80.0,-4.061753294606147
Japan,2023,2023-10-30_2023-11-06,19.0,7.0,20.168511612411102,20.350386673711903,1.0,20.0,40.0,-2.9744591983859663,1.0,21.03470378858212,9.0,20.0,37.0,-2.8624582272781938,jump_ar1__k1000,4.529883598970592,False,0.0470874602770874,False,notification_index_forecast,prequential,0.8634783663505454,0.019999999999999997,0.020000000000000035,0.09652163364945461,0.8466318499584846,1.6203326530995228e-18,4.876966855664262e-24,0.1533681500415155,6.5,0.0,32.0,-4.749495677059755,12.031611749893909,0.0,58.0,-4.358126278364143,16.937837162166037,0.0,81.0,-4.294444861476708
Japan,2023,2023-11-06_2023-11-13,22.0,7.0,20.34246528341204,20.50387591375079,1.0,20.0,43.0,-3.075665437298099,1.0,21.14979466841908,8.0,21.0,39.0,-2.961954319328126,jump_ar1__k1000,4.529883598970592,False,0.0470874602770874,False,notification_index_forecast,prequential,0.8634783663505454,0.019999999999999997,0.020000000000000035,0.09652163364945461,0.8466318499584846,1.6203326530995228e-18,4.876966855664262e-24,0.1533681500415155,8.5,0.0,41.0,-4.7836029478006195,12.192535931654762,0.0,59.0,-4.5536521968943715,17.262704254409165,0.0,82.0,-4.452999447425764
Japan,2023,2023-11-13_2023-11-20,27.0,7.0,20.912711127905737,21.00885867721561,1.0,20.0,42.0,-3.475495934424346,1.0,21.659623561290214,9.0,21.0,39.0,-3.368047513033453,jump_ar1__k1000,4.529883598970592,False,0.0470874602770874,False,notification_index_forecast,prequential,0.8634783663505454,0.019999999999999997,0.020000000000000035,0.09652163364945461,0.8466318499584846,1.6203326530995228e-18,4.876966855664262e-24,0.1533681500415155,12.5,0.0,60.0,-4.853822811577897,12.396685629992453,0.0,60.0,-4.8591548074508895,17.738624825325928,0.0,85.0,-4.6946179009355795
Japan,2023,2023-11-20_2023-11-27,9.0,7.0,22.37959940741856,22.343640703720197,1.0,22.0,43.0,-4.552431116058643,1.0,23.138895384584124,10.0,22.0,40.0,-4.81089551295527,jump_ar1__k1000,4.529883598970592,False,0.0470874602770874,False,notification_index_forecast,prequential,0.8634783663505454,0.019999999999999997,0.020000000000000035,0.09652163364945461,0.8466318499584846,1.6203326530995228e-18,4.876966855664262e-24,0.1533681500415155,18.5,0.0,88.0,-3.674282686366392,12.671708869797005,0.0,61.0,-3.5885512990771242,18.40239930704676,0.0,88.0,-3.6727719067248303
Japan,2023,2023-11-27_2023-12-04,22.0,7.0,20.289441572554395,20.36687511334902,1.0,20.0,41.0,-3.1024514991026875,1.0,20.845205347094005,7.0,20.0,38.0,-2.991252010443171,jump_ar1__k1000,4.529883598970592,False,0.0470874602770874,False,notification_index_forecast,prequential,0.8634783663505454,0.019999999999999997,0.020000000000000035,0.09652163364945461,0.8466318499584846,1.6203326530995228e-18,4.876966855664262e-24,0.1533681500415155,15.5,0.0,74.0,-4.47367140368456,12.573744140413847,0.0,60.0,-4.540510659808181,17.908760606700522,0.0,85.0,-4.447859022558676
Japan,2023,2023-12-04_2023-12-11,29.0,7.0,21.519518686331832,21.73036403494453,1.0,21.0,44.0,-3.6871911045537527,1.0,22.399065049281532,9.0,21.0,40.0,-3.5825097171245357,jump_ar1__k1000,4.529883598970592,False,0.0470874602770874,False,notification_index_forecast,prequential,0.8634783663505454,0.019999999999999997,0.020000000000000035,0.09652163364945461,0.8466318499584846,1.6203326530995228e-18,4.876966855664262e-24,0.1533681500415155,7.5,0.0,36.0,-5.534677313991068,12.772932254930694,0.0,61.0,-4.9584409028434635,18.368441122111278,0.0,88.0,-4.776682782830923
Japan,2023,2023-12-11_2023-12-18,19.0,7.0,22.7454156357225,22.938565009450112,1.0,23.0,45.0,-3.1126208795434933,1.0,23.705468333438755,10.375,23.0,41.0,-3.0071540099324263,jump_ar1__k1000,4.529883598970592,False,0.0470874602770874,False,notification_index_forecast,prequential,0.8634783663505454,0.019999999999999997,0.020000000000000035,0.09652163364945461,0.8466318499584846,1.6203326530995228e-18,4.876966855664262e-24,0.1533681500415155,8.5,0.0,41.0,-4.525806653241713,13.067137008108382,0.0,63.0,-4.334719255823942,19.11399295341781,0.0,91.0,-4.290635512996783
Japan,2023,2023-12-18_2023-12-25,20.0,7.0,22.858420553791806,23.142762068967972,1.0,22.0,46.0,-3.0720322294109854,1.0,23.89663298436853,10.0,23.0,42.0,-2.960296304188132,jump_ar1__k1000,4.529883598970592,False,0.0470874602770874,False,notification_index_forecast,prequential,0.8634783663505454,0.019999999999999997,0.020000000000000035,0.09652163364945461,0.8466318499584846,1.6203326530995228e-18,4.876966855664262e-24,0.1533681500415155,4.5,0.0,22.0,-5.374342940609111,13.210377079240219,0.0,63.0,-4.396123919962353,19.37376452181991,0.0,92.0,-4.34145727371786
Japan,2023,2023-12-25_2024-01-01,9.0,7.0,22.201577937661586,22.539671674223218,1.0,22.0,43.0,-4.557965026779119,1.0,23.097520257674354,10.0,23.0,41.0,-4.808412588911231,jump_ar1__k1000,4.529883598970592,False,0.0470874602770874,False,notification_index_forecast,prequential,0.8634783663505454,0.019999999999999997,0.020000000000000035,0.09652163364945461,0.8466318499584846,1.6203326530995228e-18,4.876966855664262e-24,0.1533681500415155,4.5,0.0,22.0,-3.7197219052190933,13.368620042202942,0.0,64.0,-3.597644143137692,19.684669707027723,0.0,94.0,-3.692585145631503
New_Zealand,2023,2023-01-01_2023-02-01,1.0,31.0,1.9417788137854555,1.8679492133326812,0.0,2.0,6.0,-1.3471850548102604,1.0,2.3398649653935566,0.0,2.0,6.0,-1.4428857483997888,jump_ar1__k300,1.7994791247741089,False,0.023680170796184664,False,notification_index_forecast,prequential,0.5382293057748863,0.019999999999999997,0.02000000000000008,0.4217706942251137,0.3681080460298742,1.726171490397533e-17,0.14204161773236648,0.48985033623775937,0.5,0.0,2.0,-1.3289528837907874,2.1326641727702014,0.0,7.0,-1.4003238066757733,1.4930900677114949,0.0,5.0,-1.2356032191084287
New_Zealand,2023,2023-02-01_2023-03-01,5.0,28.0,1.9183510034595006,1.743908679531083,0.0,1.0,6.0,-3.2204054548199483,1.0,2.4221223719965344,0.0,2.0,7.0,-2.8805564612870596,jump_ar1__k300,1.7994791247741089,False,0.023680170796184664,False,notification_index_forecast,prequential,0.5382293057748863,0.019999999999999997,0.02000000000000008,0.4217706942251137,0.3681080460298742,1.726171490397533e-17,0.14204161773236648,0.48985033623775937,1.5,0.0,5.0,-3.596263278789497,1.851459373128884,0.0,6.0,-3.1894793474590926,1.2984889199606164,0.0,5.0,-3.919818836044836
New_Zealand,2023,2023-03-01_2023-04-01,9.0,31.0,3.126082156381569,2.677970096542343,0.0,3.0,9.0,-4.227249255926486,1.0,4.080860741887523,0.0,4.0,10.0,-3.7401428251740976,jump_ar1__k300,1.7994791247741089,False,0.023680170796184664,False,notification_index_forecast,prequential,0.5382293057748863,0.019999999999999997,0.02000000000000008,0.4217706942251137,0.3681080460298742,1.726171490397533e-17,0.14204161773236648,0.48985033623775937,2.5,0.0,8.0,-4.779424229643492,2.3032138918188245,0.0,8.0,-5.0580137103855805,1.9763796913546887,0.0,7.0,-5.6297285503025565
New_Zealand,2023,2023-04-01_2023-05-01,11.0,30.0,4.91420879155432,3.901722736624444,0.0,4.0,14.0,-3.726830581414476,1.0,6.850066726564026,1.0,6.0,16.0,-3.1878048982244005,jump_ar1__k300,1.7994791247741089,False,0.023680170796184664,False,notification_index_forecast,prequential,0.5382293057748863,0.019999999999999997,0.02000000000000008,0.4217706942251137,0.3681080460298742,1.726171490397533e-17,0.14204161773236648,0.48985033623775937,0.5,0.0,3.0,-16.626221674643034,2.6001152937018666,0.0,8.0,-5.702185747531004,2.7628752848061047,0.0,9.0,-5.460225186714878
New_Zealand,2023,2023-05-01_2023-06-01,5.0,31.0,7.795054155845457,5.785020759802647,0.0,7.0,21.0,-2.6126557714240053,1.0,11.087801242991173,3.0,10.0,26.0,-2.892570349493398,jump_ar1__k300,1.7994791247741089,False,0.023680170796184664,False,notification_index_forecast,prequential,0.5382293057748863,0.019999999999999997,0.02000000000000008,0.4217706942251137,0.3681080460298742,1.726171490397533e-17,0.14204161773236648,0.48985033623775937,2.5,0.0,8.0,-2.7341307340383088,3.167571065134442,0.0,10.0,-2.4883245547871295,4.063637403984564,0.0,12.0,-2.342084728698849
New_Zealand,2023,2023-06-01_2023-07-01,2.0,30.0,7.484818779549063,5.8488288515345195,0.0,7.0,19.0,-2.6309022393998216,1.0,10.330052891824858,3.0,10.0,21.0,-4.262221344764084,jump_ar1__k300,1.7994791247741089,False,0.023680170796184664,False,notification_index_forecast,prequential,0.5382293057748863,0.019999999999999997,0.02000000000000008,0.4217706942251137,0.3681080460298742,1.726171490397533e-17,0.14204161773236648,0.48985033623775937,0.5,0.0,3.0,-2.5635435123434043,3.2560996146915517,0.0,10.0,-1.7510223672128267,4.385699660970759,0.0,13.0,-1.959885868157682
New_Zealand,2023,2023-07-01_2023-08-01,5.0,31.0,6.68929811896587,5.368581716179153,0.0,5.0,19.0,-2.4516720932213625,1.0,8.898048625611711,1.0,8.0,22.0,-2.5582930949646308,jump_ar1__k300,1.7994791247741089,False,0.023680170796184664,False,notification_index_forecast,prequential,0.5382293057748863,0.019999999999999997,0.02000000000000008,0.4217706942251137,0.3681080460298742,1.726171490397533e-17,0.14204161773236648,0.48985033623775937,4.5,0.0,13.0,-2.31451391535581,3.2620050888905747,0.0,10.0,-2.4651392637457614,4.137005028003652,0.0,12.0,-2.335916132686514
New_Zealand,2023,2023-08-01_2023-09-01,34.0,31.0,6.869869169528686,5.684331942501554,0.0,6.0,19.0,-8.290957854455579,0.0,8.903254299270275,1.0,8.0,22.0,-7.6783174513594785,jump_ar1__k300,1.7994791247741089,False,0.023680170796184664,False,notification_index_forecast,prequential,0.5382293057748863,0.019999999999999997,0.02000000000000008,0.4217706942251137,0.3681080460298742,1.726171490397533e-17,0.14204161773236648,0.48985033623775937,3.5,0.0,11.0,-15.597329402224002,3.452003452241859,0.0,11.0,-15.775537872686705,4.596897665951898,0.0,14.0,-12.421109799625302
New_Zealand,2023,2023-09-01_2023-10-01,21.0,30.0,24.73636309455087,13.176796038298743,1.0,19.0,65.0,-4.361358689908431,1.0,39.86550631314284,13.0,36.0,72.0,-3.9609437230970173,jump_ar1__k300,1.7994791247741089,False,0.023680170796184664,False,notification_index_forecast,prequential,0.5382293057748863,0.019999999999999997,0.02000000000000008,0.4217706942251137,0.3681080460298742,1.726171490397533e-17,0.14204161773236648,0.48985033623775937,1.5,0.0,5.0,-17.298639483088646,4.324306918874129,0.0,13.0,-7.686304040834269,7.499556541493425,0.0,21.0,-5.127688335579739
New_Zealand,2023,2023-10-01_2023-11-01,9.0,31.0,22.747342611674778,14.983399538077688,1.0,20.0,58.0,-3.6041141263596903,1.0,33.64079752219657,13.0,32.0,65.0,-5.849160828532117,jump_ar1__k300,1.7994791247741089,False,0.023680170796184664,False,notification_index_forecast,prequential,0.5382293057748863,0.019999999999999997,0.02000000000000008,0.4217706942251137,0.3681080460298742,1.726171490397533e-17,0.14204161773236648,0.48985033623775937,1.5,0.0,5.0,-6.826810548168356,5.355338398523492,0.0,15.0,-3.1007454887054027,10.678249601702092,1.0,29.0,-2.8361134284575096
New_Zealand,2023,2023-11-01_2023-12-01,18.0,30.0,15.654158728462916,12.538741456974755,1.0,14.0,40.0,-3.420739714600042,1.0,20.163561095548964,5.0,18.0,43.0,-3.1629719471068123,jump_ar1__k300,1.7994791247741089,False,0.023680170796184664,False,notification_index_forecast,prequential,0.5382293057748863,0.019999999999999997,0.02000000000000008,0.4217706942251137,0.3681080460298742,1.726171490397533e-17,0.14204161773236648,0.48985033623775937,3.5,0.0,11.0,-7.703245527223012,5.531183793193877,0.0,16.0,-5.463634378486624,10.955990127957708,1.0,30.0,-3.7592830944941262
New_Zealand,2023,2023-12-01_2024-01-01,21.0,31.0,18.90688754216371,15.40167302585674,1.0,18.0,44.625,-3.390561539539096,1.0,23.81873363688246,8.0,22.0,47.0,-3.106487160730011,jump_ar1__k300,1.7994791247741089,False,0.023680170796184664,False,notification_index_forecast,prequential,0.5382293057748863,0.019999999999999997,0.02000000000000008,0.4217706942251137,0.3681080460298742,1.726171490397533e-17,0.14204161773236648,0.48985033623775937,1.5,0.0,5.0,-17.53749007497269,6.541284215457282,0.0,19.0,-5.663024040910171,14.050576460571747,1.0,38.0,-3.7899860298333796
Sweden,2023,2023-01-01_2023-02-01,0.0,31.0,2.2405092707537526,2.1425223344707534,0.0,2.0,9.0,-1.3698595358828773,1.0,3.3001807602257855,0.0,3.0,11.0,-2.192285676094155,jump_ar1__k100,4.2655653132993026,False,0.006135732729832095,False,notification_index_forecast,prequential,0.5242273032724954,0.02000000000000001,0.02000000000000001,0.4357726967275045,0.5640097261504525,1.7742134171941404e-16,1.474362944261448e-15,0.4359902738495459,0.5,0.0,2.0,-0.4565162925125474,1.1760923353518213,0.0,4.0,-0.9668914074802502,1.0944755543049054,0.0,4.0,-0.910440663750597
Sweden,2023,2023-02-01_2023-03-01,2.0,28.0,1.5431565036482002,1.5030151357707051,0.0,1.0,7.0,-1.8458383840679242,1.0,2.2123792040565924,0.0,2.0,8.0,-1.6852219745070158,jump_ar1__k100,4.2655653132993026,False,0.006135732729832095,False,notification_index_forecast,prequential,0.5242273032724954,0.02000000000000001,0.02000000000000001,0.4357726967275045,0.5640097261504525,1.7742134171941404e-16,1.474362944261448e-15,0.4359902738495459,0.5,0.0,3.0,-2.5642833135206526,0.9647620533248303,0.0,4.0,-1.9100869074948825,0.8125146005748332,0.0,3.0,-2.0482289957202693
Sweden,2023,2023-03-01_2023-04-01,1.0,31.0,2.1032623848090113,2.0551019495399,0.0,1.0,8.0,-1.4024279185153394,1.0,2.969075177896531,0.0,2.0,10.0,-1.6438692195753868,jump_ar1__k100,4.2655653132993026,False,0.006135732729832095,False,notification_index_forecast,prequential,0.5242273032724954,0.02000000000000001,0.02000000000000001,0.4357726967275045,0.5640097261504525,1.7742134171941404e-16,1.474362944261448e-15,0.4359902738495459,0.5,0.0,2.0,-1.3289528837907874,1.180322540125797,0.0,4.0,-1.1848624715448532,1.177645281905753,0.0,4.0,-1.1845846648510312
Sweden,2023,2023-04-01_2023-05-01,0.0,30.0,1.986405663595256,1.9694051776715558,0.0,1.0,7.0,-1.3449872507099443,1.0,2.699657975724678,0.0,2.0,8.0,-1.8806747907958519,jump_ar1__k100,4.2655653132993026,False,0.006135732729832095,False,notification_index_forecast,prequential,0.5242273032724954,0.02000000000000001,0.02000000000000001,0.4357726967275045,0.5640097261504525,1.7742134171941404e-16,1.474362944261448e-15,0.4359902738495459,0.5,0.0,3.0,-0.4552348906983138,1.165232129272289,0.0,4.0,-0.9541548476435479,1.2342824703721964,0.0,5.0,-1.0005956166614334
Sweden,2023,2023-05-01_2023-06-01,3.0,31.0,1.753067795969611,1.698311893067794,0.0,1.0,7.0,-2.2678669536075162,1.0,2.3293257052357257,0.0,2.0,8.0,-2.0412302662802224,jump_ar1__k100,4.2655653132993026,False,0.006135732729832095,False,notification_index_forecast,prequential,0.5242273032724954,0.02000000000000001,0.02000000000000001,0.4357726967275045,0.5640097261504525,1.7742134171941404e-16,1.474362944261448e-15,0.4359902738495459,2.5,0.0,8.0,-1.9257033056869066,1.0890533899517987,0.0,4.0,-2.599740900295701,1.0560335668742256,0.0,4.0,-2.641500283762421
Sweden,2023,2023-06-01_2023-07-01,8.0,30.0,2.219258928569299,2.19792621485143,0.0,2.0,7.0,-4.532122174855103,0.0,3.027201732708975,0.0,2.0,9.0,-3.9640691279657023,jump_ar1__k100,4.2655653132993026,False,0.006135732729832095,False,notification_index_forecast,prequential,0.5242273032724954,0.02000000000000001,0.02000000000000001,0.4357726967275045,0.5640097261504525,1.7742134171941404e-16,1.474362944261448e-15,0.4359902738495459,0.5,0.0,3.0,-11.699365916763298,1.196106089656983,0.0,5.0,-6.928970258700601,1.3731815014342068,0.0,5.0,-6.318870694350755
Sweden,2023,2023-07-01_2023-08-01,6.0,31.0,4.019570665856275,3.8940832671361076,0.0,3.0,12.0,-2.69283959935655,1.0,5.723490023050319,0.0,5.0,15.0,-2.2914570593081756,jump_ar1__k100,4.2655653132993026,False,0.006135732729832095,False,notification_index_forecast,prequential,0.5242273032724954,0.02000000000000001,0.02000000000000001,0.4357726967275045,0.5640097261504525,1.7742134171941404e-16,1.474362944261448e-15,0.4359902738495459,0.5,0.0,2.0,-8.550240432015748,1.5368776157595114,0.0,5.0,-4.3164793858183845,2.2452608453856544,0.0,7.0,-3.409316187436149
Sweden,2023,2023-08-01_2023-09-01,10.0,31.0,4.902059489948815,4.83412224247275,0.0,4.0,14.0,-3.4881162650353277,1.0,6.717220566926738,1.0,6.0,17.0,-2.9922786940599293,jump_ar1__k100,4.2655653132993026,False,0.006135732729832095,False,notification_index_forecast,prequential,0.5242273032724954,0.02000000000000001,0.02000000000000001,0.4357726967275045,0.5640097261504525,1.7742134171941404e-16,1.474362944261448e-15,0.4359902738495459,0.5,0.0,2.0,-15.099866965913456,1.8026409072132383,0.0,6.0,-6.742448945862178,3.0627349040928666,0.0,10.0,-4.634272044114827
Sweden,2023,2023-09-01_2023-10-01,18.0,30.0,6.367013795428585,6.214580512932645,0.0,5.0,18.0,-5.041128751863162,1.0,8.180345611364075,1.0,7.0,20.0,-4.544973538976264,jump_ar1__k100,4.2655653132993026,False,0.006135732729832095,False,notification_index_forecast,prequential,0.5242273032724954,0.02000000000000001,0.02000000000000001,0.4357726967275045,0.5640097261504525,1.7742134171941404e-16,1.474362944261448e-15,0.4359902738495459,8.5,0.0,24.0,-4.191710834389528,2.123909951870235,0.0,7.0,-11.326359921603935,4.282450669174774,0.0,13.0,-6.59419176220951
Sweden,2023,2023-10-01_2023-11-01,43.0,31.0,10.01808432170528,9.997858821379582,0.0,9.0,25.0,-8.707316614041774,0.0,13.221746116474765,3.0,12.0,28.625,-8.09395610673531,jump_ar1__k100,4.2655653132993026,False,0.006135732729832095,False,notification_index_forecast,prequential,0.5242273032724954,0.02000000000000001,0.02000000000000001,0.4357726967275045,0.5640097261504525,1.7742134171941404e-16,1.474362944261448e-15,0.4359902738495459,1.5,0.0,5.0,-38.306261947920206,2.797997322017784,0.0,9.0,-24.17072619411692,6.886443521146741,0.0,19.0,-11.320330274416234
Sweden,2023,2023-11-01_2023-12-01,25.0,30.0,21.21111059111268,20.18812483162288,1.0,16.0,72.625,-4.003966285288516,1.0,30.654752143253013,7.0,24.0,89.0,-3.638161373339039,jump_ar1__k100,4.2655653132993026,False,0.006135732729832095,False,notification_index_forecast,prequential,0.5242273032724954,0.02000000000000001,0.02000000000000001,0.4357726967275045,0.5640097261504525,1.7742134171941404e-16,1.474362944261448e-15,0.4359902738495459,0.5,0.0,3.0,-40.42501600400245,3.6891354661038203,0.0,11.0,-10.521371317987242,11.605293014510996,1.0,32.0,-4.583076574520462
Sweden,2023,2023-12-01_2024-01-01,21.0,31.0,23.318245218219232,23.399244475481318,2.0,20.0,63.0,-3.575404247479709,1.0,30.40163135734421,8.0,27.0,71.0,-3.446736036116069,jump_ar1__k100,4.2655653132993026,False,0.006135732729832095,False,notification_index_forecast,prequential,0.5242273032724954,0.02000000000000001,0.02000000000000001,0.4357726967275045,0.5640097261504525,1.7742134171941404e-16,1.474362944261448e-15,0.4359902738495459,2.5,0.0,8.0,-12.010452607711848,4.752675505122181,0.0,14.0,-7.210183240852841,16.604588908185708,2.0,44.0,-3.65294973827774
United_States,2023,2023-01-07_2023-01-14,18.0,7.0,36.25647178465463,32.66004012107395,1.0,35.0,69.625,-4.796139686745113,1.0,38.93726813707201,17.0,37.0,68.0,-4.898371308176868,jump_ar1__k1000,-1.1546747889027118,False,0.004621814674565985,False,notification_index_forecast,prequential,0.8634783663505454,0.019999999999999997,0.02000000000000001,0.09652163364945456,0.795501071210124,0.0511307787483605,3.824753990945375e-18,0.15336815004151552,5.5,0.0,27.0,-4.8185141315711855,15.299529181577661,0.0,73.0,-4.245136576601684,22.989587266310487,0.0,109.0,-4.252854738143401
United_States,2023,2023-01-14_2023-01-21,15.0,7.0,32.723815186447936,28.99074157768044,1.0,32.0,63.0,-4.886082839734919,1.0,34.893931615644036,15.0,34.0,60.0,-5.048404021399605,jump_ar1__k1000,-1.1546747889027118,False,0.004621814674565985,False,notification_index_forecast,prequential,0.8634783663505454,0.019999999999999997,0.02000000000000001,0.09652163364945456,0.795501071210124,0.0511307787483605,3.824753990945375e-18,0.15336815004151552,2.5,0.0,13.0,-5.666218806065361,15.367763180348808,0.0,74.0,-4.058375247961918,23.16894950140161,0.0,110.0,-4.104134008585652
United_States,2023,2023-01-21_2023-01-28,36.0,7.0,28.550470959060327,26.868401395141802,1.0,28.0,55.0,-3.6726309752953,1.0,29.969074635270715,9.375,29.0,53.0,-3.5582822940794356,jump_ar1__k1000,-1.1546747889027118,False,0.004621814674565985,False,notification_index_forecast,prequential,0.8634783663505454,0.019999999999999997,0.02000000000000001,0.09652163364945456,0.795501071210124,0.0511307787483605,3.824753990945375e-18,0.15336815004151552,7.5,0.0,36.0,-6.142817442479689,15.358981373961992,0.0,73.0,-5.197511075632339,22.954892501371194,0.0,109.0,-4.989199427322067
United_States,2023,2023-01-28_2023-02-04,29.0,7.0,31.797292987520166,29.0136778226873,0.375,31.0,61.0,-3.363447072353205,1.0,33.673979987346826,16.0,33.0,59.0,-3.2473627669818086,jump_ar1__k1000,-1.1546747889027118,False,0.004621814674565985,False,notification_index_forecast,prequential,0.8634783663505454,0.019999999999999997,0.02000000000000001,0.09652163364945456,0.795501071210124,0.0511307787483605,3.824753990945375e-18,0.15336815004151552,4.5,0.0,22.0,-6.6125525513590215,15.7194407484476,0.0,75.0,-4.838024019048206,23.996184658123052,0.0,114.0,-4.719072915908731
United_States,2023,2023-02-04_2023-02-11,35.0,7.0,33.897527716454675,31.589689018453416,1.0,32.0,68.0,-3.4607971758129765,1.0,35.92825360121432,16.0,33.0,62.0,-3.342215580566127,jump_ar1__k1000,-1.1546747889027118,False,0.004621814674565985,False,notification_index_forecast,prequential,0.8634783663505454,0.019999999999999997,0.02000000000000001,0.09652163364945456,0.795501071210124,0.0511307787483605,3.824753990945375e-18,0.15336815004151552,8.5,0.0,41.0,-5.829779585135914,15.982550030280786,0.0,76.0,-5.1216456923968305,24.70541473743378,0.0,118.0,-4.933190858394452
United_States,2023,2023-02-11_2023-02-18,28.0,7.0,33.594601866124535,32.16816625822891,1.0,32.0,67.0,-3.4472729344004804,1.0,35.32040148258536,16.0,34.0,61.625,-3.339867766804118,jump_ar1__k1000,-1.1546747889027118,False,0.004621814674565985,False,notification_index_forecast,prequential,0.8634783663505454,0.019999999999999997,0.02000000000000001,0.09652163364945456,0.795501071210124,0.0511307787483605,3.824753990945375e-18,0.15336815004151552,14.500000000000002,0.0,69.0,-4.825578784878418,16.32613338479542,0.0,78.0,-4.771615316909883,25.69037151200819,0.0,122.0,-4.675725551640217
United_States,2023,2023-02-18_2023-02-25,33.0,7.0,32.87186970408601,30.09506088950621,1.0,32.0,64.0,-3.3992579747090073,1.0,34.64176955213085,17.0,33.0,60.0,-3.2799060072705934,jump_ar1__k1000,-1.1546747889027118,False,0.004621814674565985,False,notification_index_forecast,prequential,0.8634783663505454,0.019999999999999997,0.02000000000000001,0.09652163364945456,0.795501071210124,0.0511307787483605,3.824753990945375e-18,0.15336815004151552,4.5,0.0,22.0,-7.147928170828284,16.567909327682884,0.0,79.0,-5.005626888792962,26.295586193496597,0.0,125.0,-4.8520365374306
United_States,2023,2023-02-25_2023-03-04,41.0,7.0,33.62361479226821,30.777305230031036,1.0,33.0,68.0,-3.7267613472853283,1.0,35.40886039882301,17.0,34.0,63.0,-3.608819239312729,jump_ar1__k1000,-1.1546747889027118,False,0.004621814674565985,False,notification_index_forecast,prequential,0.8634783663505454,0.019999999999999997,0.02000000000000001,0.09652163364945456,0.795501071210124,0.0511307787483605,3.824753990945375e-18,0.15336815004151552,4.5,0.0,22.0,-8.201398447016462,16.88070660181002,0.0,81.0,-5.354991765568218,27.156769209289127,0.0,129.0,-5.106921610634879
United_States,2023,2023-03-04_2023-03-11,58.0,7.0,42.16812483395766,37.24994847469876,1.0,34.0,69.0,-5.112674174781883,1.0,45.18160170638238,18.0,36.0,65.0,-5.03659446448606,jump_ar1__k1000,-1.1546747889027118,False,0.004621814674565985,False,notification_index_forecast,prequential,0.8634783663505454,0.019999999999999997,0.02000000000000001,0.09652163364945456,0.795501071210124,0.0511307787483605,3.824753990945375e-18,0.15336815004151552,3.5,0.0,18.0,-12.113573853764922,17.29157402395962,0.0,83.0,-6.038899074812681,28.376620032123483,0.0,135.0,-5.582682266108151
United_States,2023,2023-03-11_2023-03-18,52.0,7.0,39.722006659462814,34.51106270828309,0.0,39.0,74.0,-4.097943103229114,1.0,42.176982050623074,21.0,40.0,72.0,-3.9819666440391357,jump_ar1__k1000,-1.1546747889027118,False,0.004621814674565985,False,notification_index_forecast,prequential,0.8634783663505454,0.019999999999999997,0.02000000000000001,0.09652163364945456,0.795501071210124,0.0511307787483605,3.824753990945375e-18,0.15336815004151552,1.5,0.0,8.0,-19.730466225595357,17.870873437932083,0.0,85.0,-5.760540981405279,30.207503973927608,0.0,143.0,-5.388783380328826
United_States,2023,2023-03-18_2023-03-25,44.0,7.0,42.063316646543456,37.551825279358496,1.0,42.0,83.0,-3.63848750454394,1.0,44.64650698751424,22.0,43.0,77.0,-3.516625136697625,jump_ar1__k1000,-1.1546747889027118,False,0.004621814674565985,False,notification_index_forecast,prequential,0.8634783663505454,0.019999999999999997,0.02000000000000001,0.09652163364945456,0.795501071210124,0.0511307787483605,3.824753990945375e-18,0.15336815004151552,3.5,0.0,18.0,-9.867451779848484,18.3976907809854,0.0,88.0,-5.413533272814933,31.84850688759672,0.0,151.0,-5.154862941508755
United_States,2023,2023-03-25_2023-04-01,53.0,7.0,43.26938558593431,41.25097397058731,2.0,43.0,83.0,-3.952405728197241,1.0,45.586078255740205,23.0,44.0,78.0,-3.8354122851384034,jump_ar1__k1000,-1.1546747889027118,False,0.004621814674565985,False,notification_index_forecast,prequential,0.8634783663505454,0.019999999999999997,0.02000000000000001,0.09652163364945456,0.795501071210124,0.0511307787483605,3.824753990945375e-18,0.15336815004151552,16.5,0.0,79.0,-5.892935514130356,18.839291760914083,0.0,90.0,-5.7446904702452795,33.1532657408502,0.0,157.0,-5.380203335502801
United_States,2023,2023-04-01_2023-04-08,43.0,7.0,45.35946342643623,42.14284289351795,1.0,45.0,87.0,-3.66138056240503,1.0,47.969892209184074,23.375,46.0,82.0,-3.542913048160929,jump_ar1__k1000,-1.1546747889027118,False,0.004621814674565985,False,notification_index_forecast,prequential,0.8634783663505454,0.019999999999999997,0.02000000000000001,0.09652163364945456,0.795501071210124,0.0511307787483605,3.824753990945375e-18,0.15336815004151552,9.5,0.0,46.0,-6.2126186901775755,19.378872202064784,0.0,92.0,-5.336015323268201,34.820399287925895,0.0,165.0,-5.11255795463199
United_States,2023,2023-04-08_2023-04-15,53.0,7.0,48.0724300524969,44.99801250845564,2.0,45.0,86.625,-3.860244160345697,1.0,50.89932899155661,23.375,47.0,80.0,-3.7403832179329966,jump_ar1__k1000,-1.1546747889027118,False,0.004621814674565985,False,notification_index_forecast,prequential,0.8634783663505454,0.019999999999999997,0.02000000000000001,0.09652163364945456,0.795501071210124,0.0511307787483605,3.824753990945375e-18,0.15336815004151552,12.5,0.0,60.0,-6.307504997339931,19.808091910182853,0.0,94.0,-5.695864491304734,36.01056713304638,0.0,171.0,-5.355221264450257
United_States,2023,2023-04-15_2023-04-22,26.0,7.0,47.32606645548417,43.297867432744866,1.0,47.0,89.0,-4.91943111671248,1.0,49.978522201552806,26.0,49.0,83.0,-4.955164982924797,jump_ar1__k1000,-1.1546747889027118,False,0.004621814674565985,False,notification_index_forecast,prequential,0.8634783663505454,0.019999999999999997,0.02000000000000001,0.09652163364945456,0.795501071210124,0.0511307787483605,3.824753990945375e-18,0.15336815004151552,6.5,0.0,32.0,-5.474403231007264,20.350373349540025,0.0,97.0,-4.61853205276832,37.646340492731795,0.0,179.0,-4.634600645275222
United_States,2023,2023-04-22_2023-04-29,33.0,7.0,44.65282883062639,41.14139440368837,1.0,44.0,83.625,-3.9355476990449816,1.0,46.880037083987226,23.0,46.0,79.0,-3.8386974315423625,jump_ar1__k1000,-1.1546747889027118,False,0.004621814674565985,False,notification_index_forecast,prequential,0.8634783663505454,0.019999999999999997,0.02000000000000001,0.09652163364945456,0.795501071210124,0.0511307787483605,3.824753990945375e-18,0.15336815004151552,6.5,0.0,32.0,-6.168060061638788,20.490864292978245,0.0,98.0,-4.911530246029221,37.64040838997006,0.0,179.0,-4.841029290115143
United_States,2023,2023-04-29_2023-05-06,23.0,7.0,44.17959823468685,41.651462370625545,1.0,42.0,85.0,-4.77560423238832,1.0,46.1786351406295,22.0,44.0,78.0,-4.815676969501171,jump_ar1__k1000,-1.1546747889027118,False,0.004621814674565985,False,notification_index_forecast,prequential,0.8634783663505454,0.019999999999999997,0.02000000000000001,0.09652163364945456,0.795501071210124,0.0511307787483605,3.824753990945375e-18,0.15336815004151552,10.5,0.0,51.0,-4.702970704179696,20.768376371592694,0.0,99.0,-4.482098035313037,38.12594271965205,0.0,181.0,-4.540446752184243
United_States,2023,2023-05-06_2023-05-13,36.0,7.0,39.78132766418771,38.333915741990126,1.0,39.0,80.0,-3.5565732066658295,1.0,41.0506601913434,20.0,40.0,71.0,-3.4430317920935227,jump_ar1__k1000,-1.1546747889027118,False,0.004621814674565985,False,notification_index_forecast,prequential,0.8634783663505454,0.019999999999999997,0.02000000000000001,0.09652163364945456,0.795501071210124,0.0511307787483605,3.824753990945375e-18,0.15336815004151552,13.5,0.0,65.0,-5.304620543407382,20.832952369496027,0.0,99.0,-5.024348062730688,37.797864367019415,0.0,179.0,-4.923291014369936
United_States,2023,2023-05-13_2023-05-20,59.0,7.0,39.615117293091025,37.96884543606821,2.0,39.0,75.0,-4.714987593730809,1.0,40.82378301688141,19.0,40.0,69.0,-4.623864189295467,jump_ar1__k1000,-1.1546747889027118,False,0.004621814674565985,False,notification_index_forecast,prequential,0.8634783663505454,0.019999999999999997,0.02000000000000001,0.09652163364945456,0.795501071210124,0.0511307787483605,3.824753990945375e-18,0.15336815004151552,11.5,0.0,55.0,-6.802105981252996,21.15629688418046,0.0,101.0,-5.843566477995158,38.452912030281276,0.0,182.0,-5.473846664202222
United_States,2023,2023-05-20_2023-05-27,31.0,7.0,44.52242090810868,43.32533017908138,2.0,43.5,83.625,-3.983740083122672,1.0,46.0835405144167,22.0,44.0,77.0,-3.8991589089214944,jump_ar1__k1000,-1.1546747889027118,False,0.004621814674565985,False,notification_index_forecast,prequential,0.8634783663505454,0.019999999999999997,0.02000000000000001,0.09652163364945456,0.795501071210124,0.0511307787483605,3.824753990945375e-18,0.15336815004151552,20.5,0.0,98.0,-4.829721526910475,21.765412832088437,0.0,104.0,-4.814038587449741,40.249757754189844,0.0,191.0,-4.792099893810743
United_States,2023,2023-05-27_2023-06-03,41.0,7.0,43.12708701469803,41.24766869222862,1.0,41.0,84.0,-3.5966598219476826,1.0,44.62110616824408,22.0,43.0,75.0,-3.4794483307252566,jump_ar1__k1000,-1.1546747889027118,False,0.004621814674565985,False,notification_index_forecast,prequential,0.8634783663505454,0.019999999999999997,0.02000000000000001,0.09652163364945456,0.795501071210124,0.0511307787483605,3.824753990945375e-18,0.15336815004151552,12.5,0.0,60.0,-5.659418812349809,21.98212469699412,0.0,105.0,-5.187793420233818,40.4892096630048,0.0,192.0,-5.051759571920944
United_States,2023,2023-06-03_2023-06-10,38.0,7.0,42.85999251273187,41.21182083870973,3.0,42.0,81.0,-3.6056418359807636,1.0,44.18233928739192,20.0,43.0,74.0,-3.4917610164564987,jump_ar1__k1000,-1.1546747889027118,False,0.004621814674565985,False,notification_index_forecast,prequential,0.8634783663505454,0.019999999999999997,0.02000000000000001,0.09652163364945456,0.795501071210124,0.0511307787483605,3.824753990945375e-18,0.15336815004151552,13.5,0.0,65.0,-5.410838226288753,22.368708505823502,0.0,107.0,-5.071299613003462,41.35989044374467,0.0,196.0,-4.978257386790278
United_States,2023,2023-06-10_2023-06-17,49.0,7.0,43.15712200234199,41.967832970031594,2.375,41.0,91.625,-3.8300171085819184,1.0,44.356327985288814,22.0,43.0,75.0,-3.7145479810601243,jump_ar1__k1000,-1.1546747889027118,False,0.004621814674565985,False,notification_index_forecast,prequential,0.8634783663505454,0.019999999999999997,0.02000000000000001,0.09652163364945456,0.795501071210124,0.0511307787483605,3.824753990945375e-18,0.15336815004151552,17.5,0.0,84.0,-5.661108270295597,22.709149659099012,0.0,108.0,-5.447864126499583,41.98239534393491,0.0,199.0,-5.235967859059546
United_States,2023,2023-06-17_2023-06-24,72.0,7.0,44.249123821316545,42.651753288551525,1.375,43.0,91.625,-5.4134386198168905,1.0,45.541997815619176,21.0,44.0,78.0,-5.356901457593452,jump_ar1__k1000,-1.1546747889027118,False,0.004621814674565985,False,notification_index_forecast,prequential,0.8634783663505454,0.019999999999999997,0.02000000000000001,0.09652163364945456,0.795501071210124,0.0511307787483605,3.824753990945375e-18,0.15336815004151552,14.500000000000002,0.0,69.0,-6.9353536908493005,23.206986041217988,0.0,110.0,-6.159731310583725,43.20745586908946,0.0,205.0,-5.700332366204124
United_States,2023,2023-06-24_2023-07-01,51.0,7.0,53.54351559405647,51.871593321204685,2.0,48.0,104.0,-3.7877591141310956,1.0,55.80407111865942,25.0,51.0,91.0,-3.670699296624684,jump_ar1__k1000,-1.1546747889027118,False,0.004621814674565985,False,notification_index_forecast,prequential,0.8634783663505454,0.019999999999999997,0.02000000000000001,0.09652163364945456,0.795501071210124,0.0511307787483605,3.824753990945375e-18,0.15336815004151552,24.5,0.0,117.0,-5.465243566444869,23.94342591647402,0.0,114.0,-5.479513950610609,45.472074441024574,0.0,215.0,-5.272486379079364
United_States,2023,2023-07-01_2023-07-08,34.0,7.0,50.87588836461493,48.69839384861848,2.0,49.0,95.0,-4.26440171401711,1.0,52.77549797037885,27.0,51.0,91.0,-4.1911173992380695,jump_ar1__k1000,-1.1546747889027118,False,0.004621814674565985,False,notification_index_forecast,prequential,0.8634783663505454,0.019999999999999997,0.02000000000000001,0.09652163364945456,0.795501071210124,0.0511307787483605,3.824753990945375e-18,0.15336815004151552,15.5,0.0,74.0,-5.093815968584631,24.465949896513,0.0,116.0,-4.9000620824468255,46.684545479725976,0.0,221.0,-4.891655161206566
United_States,2023,2023-07-08_2023-07-15,31.0,7.0,48.628993988814464,45.03783624030517,2.0,47.0,94.0,-4.362257602044604,1.0,50.36764774322948,25.0,49.0,84.0,-4.297041227783212,jump_ar1__k1000,-1.1546747889027118,False,0.004621814674565985,False,notification_index_forecast,prequential,0.8634783663505454,0.019999999999999997,0.02000000000000001,0.09652163364945456,0.795501071210124,0.0511307787483605,3.824753990945375e-18,0.15336815004151552,6.5,0.0,32.0,-5.972205564182151,24.706905571700062,0.0,118.0,-4.790024909733093,46.76134786040721,0.0,222.0,-4.816332320556205
United_States,2023,2023-07-15_2023-07-22,40.0,7.0,46.49907044477242,44.503761407949824,2.0,45.0,88.0,-3.6815809813347524,1.0,47.77774982636136,24.0,47.0,79.0,-3.5680740065663255,jump_ar1__k1000,-1.1546747889027118,False,0.004621814674565985,False,notification_index_forecast,prequential,0.8634783663505454,0.019999999999999997,0.02000000000000001,0.09652163364945456,0.795501071210124,0.0511307787483605,3.824753990945375e-18,0.15336815004151552,12.5,0.0,60.0,-5.604027542413169,24.87870155495289,0.0,118.0,-5.102131697772084,46.58482120217624,0.0,221.0,-5.033464885990886
United_States,2023,2023-07-22_2023-07-29,56.0,7.0,45.991184273989,43.12141156790789,2.0,45.0,87.0,-4.030977793898806,1.0,47.2418625223026,24.0,46.0,78.0,-3.914550766748077,jump_ar1__k1000,-1.1546747889027118,False,0.004621814674565985,False,notification_index_forecast,prequential,0.8634783663505454,0.019999999999999997,0.02000000000000001,0.09652163364945456,0.795501071210124,0.0511307787483605,3.824753990945375e-18,0.15336815004151552,7.5,0.0,36.0,-7.806702148113441,25.223801483523108,0.0,120.0,-5.600268337336386,47.08148627806932,0.0,223.0,-5.370694866258634
United_States,2023,2023-07-29_2023-08-05,38.0,7.0,48.546665572739556,47.05161091086603,2.0,47.0,94.625,-3.8355688114788853,1.0,49.79507336454958,25.0,49.0,84.0,-3.7312494481149114,jump_ar1__k1000,-1.1546747889027118,False,0.004621814674565985,False,notification_index_forecast,prequential,0.8634783663505454,0.019999999999999997,0.02000000000000001,0.09652163364945456,0.795501071210124,0.0511307787483605,3.824753990945375e-18,0.15336815004151552,17.5,0.0,84.0,-5.198175974440133,25.79394179497233,0.0,123.0,-5.02463707265621,48.5260967787168,0.0,230.0,-4.991945599624377
United_States,2023,2023-08-05_2023-08-12,58.0,7.0,47.75106951766912,47.378887765320705,1.0,46.0,87.0,-4.0918957504011155,1.0,48.5593696690708,25.0,47.0,81.0,-3.980551365630487,jump_ar1__k1000,-1.1546747889027118,False,0.004621814674565985,False,notification_index_forecast,prequential,0.8634783663505454,0.019999999999999997,0.02000000000000001,0.09652163364945456,0.795501071210124,0.0511307787483605,3.824753990945375e-18,0.15336815004151552,29.5,0.0,140.0,-5.5606903505638146,26.08868651529501,0.0,124.0,-5.636276304700238,48.79041533429697,0.0,231.0,-5.4055530189199565
United_States,2023,2023-08-12_2023-08-19,40.0,7.0,50.165387475336004,49.25543659024847,2.0,49.0,99.625,-3.8168168206448385,1.0,51.290376009366966,26.0,50.0,88.0,-3.7103648055297977,jump_ar1__k1000,-1.1546747889027118,False,0.004621814674565985,False,notification_index_forecast,prequential,0.8634783663505454,0.019999999999999997,0.02000000000000001,0.09652163364945456,0.795501071210124,0.0511307787483605,3.824753990945375e-18,0.15336815004151552,24.5,0.0,117.0,-5.107476894165284,26.679105721572853,0.0,127.0,-5.08040551355371,50.285879872885666,0.0,238.0,-5.040995393844002
United_States,2023,2023-08-19_2023-08-26,34.0,7.0,48.847460199236764,48.17441515229325,2.0,47.0,92.625,-4.051369944834826,1.0,49.702932641587644,25.0,48.0,83.0,-3.96480238651891,jump_ar1__k1000,-1.1546747889027118,False,0.004621814674565985,False,notification_index_forecast,prequential,0.8634783663505454,0.019999999999999997,0.02000000000000001,0.09652163364945456,0.795501071210124,0.0511307787483605,3.824753990945375e-18,0.15336815004151552,25.5,0.0,121.0,-4.891655985205469,27.004822748115615,0.0,128.0,-4.882112906862899,50.5581648338867,0.0,239.0,-4.9052427564673975
United_States,2023,2023-08-26_2023-09-02,27.0,7.0,46.95547510829694,46.0477777161417,3.0,45.0,94.0,-4.517701198252121,1.0,47.64271225787664,24.0,46.0,81.0,-4.491137596483192,jump_ar1__k1000,-1.1546747889027118,False,0.004621814674565985,False,notification_index_forecast,prequential,0.8634783663505454,0.019999999999999997,0.02000000000000001,0.09652163364945456,0.795501071210124,0.0511307787483605,3.824753990945375e-18,0.15336815004151552,20.5,0.0,98.0,-4.660942052130562,27.195624479655642,0.0,129.0,-4.637603136778678,50.383640287576895,0.0,239.0,-4.728120435807993
United_States,2023,2023-09-02_2023-09-09,48.0,7.0,43.968713570153504,43.95703475329205,3.0,41.0,93.0,-3.7774328002883677,1.0,44.07843850813052,21.0,42.0,75.0,-3.662931968981055,jump_ar1__k1000,-1.1546747889027118,False,0.004621814674565985,False,notification_index_forecast,prequential,0.8634783663505454,0.019999999999999997,0.02000000000000001,0.09652163364945456,0.795501071210124,0.0511307787483605,3.824753990945375e-18,0.15336815004151552,29.5,0.0,140.0,-5.287666643970509,27.22663238718473,0.0,129.0,-5.319035241245294,49.454227696375874,0.0,234.0,-5.208577420621473
United_States,2023,2023-09-09_2023-09-16,38.0,7.0,45.4644063181046,44.50758497663956,2.0,44.0,91.625,-3.668896080566021,1.0,45.96480915021699,24.0,45.0,78.0,-3.5580640565680355,jump_ar1__k1000,-1.1546747889027118,False,0.004621814674565985,False,notification_index_forecast,prequential,0.8634783663505454,0.019999999999999997,0.02000000000000001,0.09652163364945456,0.795501071210124,0.0511307787483605,3.824753990945375e-18,0.15336815004151552,18.5,0.0,88.0,-5.163741736581778,27.677305311613836,0.0,132.0,-5.007878818926404,50.260669176477045,0.0,238.0,-4.996546754150868
United_States,2023,2023-09-16_2023-09-23,28.0,7.0,44.93663320307107,43.140353162910856,2.0,43.0,87.0,-4.2155856788700605,1.0,45.510381654654154,22.0,44.0,77.0,-4.150377864925719,jump_ar1__k1000,-1.1546747889027118,False,0.004621814674565985,False,notification_index_forecast,prequential,0.8634783663505454,0.019999999999999997,0.02000000000000001,0.09652163364945456,0.795501071210124,0.0511307787483605,3.824753990945375e-18,0.15336815004151552,11.5,0.0,55.0,-4.975206116042194,27.960966038676272,0.0,133.0,-4.673579749268167,50.249707715906965,0.0,238.0,-4.754092730757895
United_States,2023,2023-09-23_2023-09-30,42.0,7.0,44.59801461218743,43.58610870085285,2.0,41.0,83.625,-3.603811013617377,1.0,45.066472122310444,20.0,42.0,72.0,-3.4872411314956784,jump_ar1__k1000,-1.1546747889027118,False,0.004621814674565985,False,notification_index_forecast,prequential,0.8634783663505454,0.019999999999999997,0.02000000000000001,0.09652163364945456,0.795501071210124,0.0511307787483605,3.824753990945375e-18,0.15336815004151552,17.5,0.0,84.0,-5.369716366489865,27.985661341698183,0.0,133.0,-5.129178401691841,49.4643271096917,0.0,234.0,-5.082847739839153
United_States,2023,2023-09-30_2023-10-07,40.0,7.0,43.04936438640718,41.74724004634715,2.0,41.0,81.625,-3.5864149792105677,1.0,43.31354932963103,21.0,42.0,73.0,-3.4701112255844944,jump_ar1__k1000,-1.1546747889027118,False,0.004621814674565985,False,notification_index_forecast,prequential,0.8634783663505454,0.019999999999999997,0.02000000000000001,0.09652163364945456,0.795501071210124,0.0511307787483605,3.824753990945375e-18,0.15336815004151552,13.5,0.0,65.0,-5.515894706373699,28.32021752020532,0.0,135.0,-5.065094756661068,49.8608139755279,0.0,236.0,-5.040024708573817
United_States,2023,2023-10-07_2023-10-14,46.0,7.0,43.35342864532615,42.68312840609034,2.0,41.0,90.0,-3.6974777668105454,1.0,43.49203239102776,21.0,42.0,73.625,-3.5810756652148754,jump_ar1__k1000,-1.1546747889027118,False,0.004621814674565985,False,notification_index_forecast,prequential,0.8634783663505454,0.019999999999999997,0.02000000000000001,0.09652163364945456,0.795501071210124,0.0511307787483605,3.824753990945375e-18,0.15336815004151552,19.5,0.0,93.0,-5.447454476336188,28.60739971663513,0.0,136.0,-5.241190492470068,50.111580065979574,0.0,237.0,-5.168050480401342
United_States,2023,2023-10-14_2023-10-21,37.0,7.0,45.34881441329829,45.19199056169781,2.0,42.0,99.0,-3.6454637574876676,1.0,45.5162795502296,21.0,44.0,78.0,-3.5355222499476557,jump_ar1__k1000,-1.1546747889027118,False,0.004621814674565985,False,notification_index_forecast,prequential,0.8634783663505454,0.019999999999999997,0.02000000000000001,0.09652163364945456,0.795501071210124,0.0511307787483605,3.824753990945375e-18,0.15336815004151552,28.5,0.0,135.0,-4.970830720673382,29.003164326597084,0.0,138.0,-4.9679999480723875,50.72881833063577,0.0,240.0,-4.975332365989047
United_States,2023,2023-10-21_2023-10-28,40.0,7.0,43.93705935406733,43.55442605949704,3.0,41.0,85.0,-3.583273214175721,1.0,44.002537083939785,21.0,42.0,74.0,-3.4683007046032674,jump_ar1__k1000,-1.1546747889027118,False,0.004621814674565985,False,notification_index_forecast,prequential,0.8634783663505454,0.019999999999999997,0.02000000000000001,0.09652163364945456,0.795501071210124,0.0511307787483605,3.824753990945375e-18,0.15336815004151552,23.5,0.0,112.0,-5.12308766422819,29.226770622593552,0.0,139.0,-5.058160721811601,50.63409020660997,0.0,240.0,-5.041808569767465
United_States,2023,2023-10-28_2023-11-04,65.0,7.0,43.545025917177554,43.52705071414414,2.0,41.0,86.0,-5.000259520463646,1.0,43.40987370373184,21.0,42.0,73.0,-4.9321728568730725,jump_ar1__k1000,-1.1546747889027118,False,0.004621814674565985,False,notification_index_forecast,prequential,0.8634783663505454,0.019999999999999997,0.02000000000000001,0.09652163364945456,0.795501071210124,0.0511307787483605,3.824753990945375e-18,0.15336815004151552,28.5,0.0,135.0,-5.768157510954969,29.504074287796602,0.0,140.0,-5.743919553123086,50.78092254468848,0.0,240.0,-5.5288113705820585
United_States,2023,2023-11-04_2023-11-11,62.0,7.0,48.2159743221072,48.3214843696486,3.0,46.0,95.625,-4.337201080882863,1.0,48.442180969944744,24.0,47.0,80.0,-4.233645373501301,jump_ar1__k1000,-1.1546747889027118,False,0.004621814674565985,False,notification_index_forecast,prequential,0.8634783663505454,0.019999999999999997,0.02000000000000001,0.09652163364945456,0.795501071210124,0.0511307787483605,3.824753990945375e-18,0.15336815004151552,36.5,0.0,173.0,-5.558687967506879,30.172781005188632,0.0,143.0,-5.652397178342213,52.358660173243166,0.0,248.0,-5.4715196210142585
United_States,2023,2023-11-11_2023-11-18,100.0,7.0,51.11333808739116,51.23333203752271,4.0,49.0,103.0,-7.100297443122709,1.0,51.53827348050842,25.0,50.0,88.0,-7.384227402931081,jump_ar1__k1000,-1.1546747889027118,False,0.004621814674565985,False,notification_index_forecast,prequential,0.8634783663505454,0.019999999999999997,0.02000000000000001,0.09652163364945456,0.795501071210124,0.0511307787483605,3.824753990945375e-18,0.15336815004151552,40.5,0.0,192.0,-6.260672278423334,30.804225662751886,0.0,146.0,-6.545482563127855,53.7192460240583,0.0,254.0,-6.076043388820429
United_States,2023,2023-11-18_2023-11-25,91.0,7.0,59.57018576239942,59.36024061240446,3.0,58.0,115.0,-5.376143891784661,1.0,60.84120214820146,31.0,59.0,100.0,-5.306825587042307,jump_ar1__k1000,-1.1546747889027118,False,0.004621814674565985,False,notification_index_forecast,prequential,0.8634783663505454,0.019999999999999997,0.02000000000000001,0.09652163364945456,0.795501071210124,0.0511307787483605,3.824753990945375e-18,0.15336815004151552,46.5,0.0,220.0,-6.007718040961738,31.832467052745915,0.0,151.0,-6.303744061876786,56.65542922193496,0.0,268.0,-5.920588540112948
United_States,2023,2023-11-25_2023-12-02,55.0,7.0,64.1640839420135,62.41552744778827,3.0,63.0,124.0,-3.9885556828269637,1.0,66.25858892812563,33.375,64.0,108.625,-3.8763462763481265,jump_ar1__k1000,-1.1546747889027118,False,0.004621814674565985,False,notification_index_forecast,prequential,0.8634783663505454,0.019999999999999997,0.02000000000000001,0.09652163364945456,0.795501071210124,0.0511307787483605,3.824753990945375e-18,0.15336815004151552,28.5,0.0,135.0,-5.497761898725598,32.77327637401666,0.0,156.0,-5.434606518295061,59.321004770574305,0.0,281.0,-5.345288195446467
United_States,2023,2023-12-02_2023-12-09,90.0,7.0,63.773943002792485,61.379674997669085,3.0,61.0,122.625,-4.983750833346532,1.0,65.86864317198882,34.0,63.0,107.0,-4.8861339787638265,jump_ar1__k1000,-1.1546747889027118,False,0.004621814674565985,False,notification_index_forecast,prequential,0.8634783663505454,0.019999999999999997,0.02000000000000001,0.09652163364945456,0.795501071210124,0.0511307787483605,3.824753990945375e-18,0.15336815004151552,21.5,0.0,102.0,-6.824520272554471,33.26844124174864,0.0,158.0,-6.237142510569441,60.11528772041653,0.0,284.0,-5.887504787703833
United_States,2023,2023-12-09_2023-12-16,105.0,7.0,69.26818038355455,68.05406574362016,3.0,67.0,131.0,-5.473808590060558,1.0,71.49111065893221,36.0,69.0,117.0,-5.397429399739262,jump_ar1__k1000,-1.1546747889027118,False,0.004621814674565985,False,notification_index_forecast,prequential,0.8634783663505454,0.019999999999999997,0.02000000000000001,0.09652163364945456,0.795501071210124,0.0511307787483605,3.824753990945375e-18,0.15336815004151552,40.5,0.0,192.0,-6.351835507226875,34.2182105707946,0.0,162.0,-6.525880164560856,62.60553725938674,0.0,296.0,-6.079159535047517
United_States,2023,2023-12-16_2023-12-23,137.0,7.0,77.34936744941966,74.64528530389597,3.0,74.0,149.625,-6.870840039580581,1.0,80.66025780004085,41.0,77.0,136.0,-6.9172815734672675,jump_ar1__k1000,-1.1546747889027118,False,0.004621814674565985,False,notification_index_forecast,prequential,0.8634783663505454,0.019999999999999997,0.02000000000000001,0.09652163364945456,0.795501071210124,0.0511307787483605,3.824753990945375e-18,0.15336815004151552,32.5,0.0,154.0,-7.262417788356883,35.30267747738858,0.0,168.0,-7.1199822536885335,65.73579440565784,0.0,311.0,-6.452921321659796
United_States,2023,2023-12-23_2023-12-30,128.0,7.0,88.14721355189654,84.68386283366117,3.0,85.0,185.625,-5.534704799434419,1.0,92.54729965032163,47.0,87.0,167.0,-5.444204467884034,jump_ar1__k1000,-1.1546747889027118,False,0.004621814674565985,False,notification_index_forecast,prequential,0.8634783663505454,0.019999999999999997,0.02000000000000001,0.09652163364945456,0.795501071210124,0.0511307787483605,3.824753990945375e-18,0.15336815004151552,37.5,0.0,178.0,-6.859690329313078,36.654034177801904,0.0,174.0,-6.891374534588904,69.94848202265715,0.0,331.0,-6.314280549797846
Brazil,2023,2023-01-01_2023-02-01,8.0,31.0,28.49606300371187,24.993928425465192,4.0,26.0,66.0,-4.30117305466551,1.0,32.16558652057371,9.0,30.0,69.0,-5.222819356534865,jump_ar1__k100,2.379799476041318,False,0.006996017481381411,False,notification_index_forecast,prequential,0.7087630820923606,0.019999999999999997,0.02000000000000001,0.25123691790763936,0.5511613195509075,1.4520125157832263e-17,0.29547053040757676,0.1533681500415158,4.5,0.0,13.0,-3.054188068990898,17.005741441437756,2.0,45.0,-3.1817078536956895,20.96892438868998,3.0,55.0,-3.4522924894583396
Brazil,2023,2023-02-01_2023-03-01,6.0,28.0,22.3324313476432,19.874248299774745,3.0,20.0,58.0,-3.7698218541962243,1.0,25.36723961578777,5.0,23.0,62.0,-4.295935216133974,jump_ar1__k100,2.379799476041318,False,0.006996017481381411,False,notification_index_forecast,prequential,0.7087630820923606,0.019999999999999997,0.02000000000000001,0.25123691790763936,0.5511613195509075,1.4520125157832263e-17,0.29547053040757676,0.1533681500415158,7.5,0.0,22.0,-2.5363635302398144,14.206517737290355,1.0,39.0,-3.0309438280076,15.598575604549156,1.0,43.0,-3.1420810057391133
Brazil,2023,2023-03-01_2023-04-01,24.0,31.0,17.095924341507867,16.186053367876255,2.0,14.0,48.0,-3.9587463183033984,1.0,17.84813442374353,2.0,15.0,49.0,-3.9260570696976247,jump_ar1__k100,2.379799476041318,False,0.006996017481381411,False,notification_index_forecast,prequential,0.7087630820923606,0.019999999999999997,0.02000000000000001,0.25123691790763936,0.5511613195509075,1.4520125157832263e-17,0.29547053040757676,0.1533681500415158,28.5,4.0,75.0,-3.7454562544188024,14.376295672754312,1.0,39.0,-4.0601239441922194,14.28253337194934,1.0,38.0,-4.06967170375436
Brazil,2023,2023-04-01_2023-05-01,21.0,30.0,24.311828174207,20.865904867912704,3.0,22.0,56.0,-3.489893405933536,1.0,27.076006144854674,6.0,25.0,59.0,-3.406880190841047,jump_ar1__k100,2.379799476041318,False,0.006996017481381411,False,notification_index_forecast,prequential,0.7087630820923606,0.019999999999999997,0.02000000000000001,0.25123691790763936,0.5511613195509075,1.4520125157832263e-17,0.29547053040757676,0.1533681500415158,43.5,6.0,114.0,-4.0860755557537605,14.753187365555489,1.0,40.0,-3.7529154203408432,15.74725121556945,2.0,43.0,-3.7006415601449993
Brazil,2023,2023-05-01_2023-06-01,24.0,31.0,27.72074854181765,23.658154133779142,4.0,25.0,67.625,-3.5825676257061794,1.0,31.620721377360105,9.0,29.0,73.0,-3.496458509822398,jump_ar1__k100,2.379799476041318,False,0.006996017481381411,False,notification_index_forecast,prequential,0.7087630820923606,0.019999999999999997,0.02000000000000001,0.25123691790763936,0.5511613195509075,1.4520125157832263e-17,0.29547053040757676,0.1533681500415158,27.5,4.0,72.0,-3.7335615646947726,15.89981133379519,2.0,42.0,-3.931082030928464,17.677148767494725,2.0,47.0,-3.829883254920868
Brazil,2023,2023-06-01_2023-07-01,21.0,30.0,29.736515551087383,25.000654730721482,5.0,27.0,71.0,-3.627799566750358,1.0,34.0933737739667,10.0,31.0,76.0,-3.628668291721497,jump_ar1__k100,2.379799476041318,False,0.006996017481381411,False,notification_index_forecast,prequential,0.7087630820923606,0.019999999999999997,0.02000000000000001,0.25123691790763936,0.5511613195509075,1.4520125157832263e-17,0.29547053040757676,0.1533681500415158,27.5,4.0,73.0,-3.676781346435469,16.161155501887087,2.0,44.0,-3.683119983013808,18.70412917505091,2.0,50.0,-3.6173154832066285
Brazil,2023,2023-07-01_2023-08-01,25.0,31.0,32.427650375385745,27.291336482775666,5.0,29.0,77.0,-3.727916830875348,1.0,37.72011817608222,10.0,34.0,82.625,-3.68335252482108,jump_ar1__k100,2.379799476041318,False,0.006996017481381411,False,notification_index_forecast,prequential,0.7087630820923606,0.019999999999999997,0.02000000000000001,0.25123691790763936,0.5511613195509075,1.4520125157832263e-17,0.29547053040757676,0.1533681500415158,12.5,1.0,34.0,-4.422299169524197,17.260771470017648,2.0,46.0,-3.927281491882814,20.290838516381445,2.0,54.0,-3.805146306303299
Brazil,2023,2023-08-01_2023-09-01,12.0,31.0,36.32190569445285,29.900564233832323,5.0,33.0,83.0,-4.2557727359211555,1.0,42.589941863404626,13.0,38.0,90.0,-5.161180781824605,jump_ar1__k100,2.379799476041318,False,0.006996017481381411,False,notification_index_forecast,prequential,0.7087630820923606,0.019999999999999997,0.02000000000000001,0.25123691790763936,0.5511613195509075,1.4520125157832263e-17,0.29547053040757676,0.1533681500415158,15.5,2.0,41.0,-3.1315673467999803,18.06651441264574,2.0,48.0,-3.2271782479867532,21.749976040414804,3.0,57.0,-3.392105351671992
Brazil,2023,2023-09-01_2023-10-01,19.0,30.0,30.212521740113424,25.62762384695131,4.0,27.0,72.0,-3.720238865677862,1.0,34.89799137507896,8.0,32.0,80.625,-3.8213269066603663,jump_ar1__k100,2.379799476041318,False,0.006996017481381411,False,notification_index_forecast,prequential,0.7087630820923606,0.019999999999999997,0.02000000000000001,0.25123691790763936,0.5511613195509075,1.4520125157832263e-17,0.29547053040757676,0.1533681500415158,21.5,3.0,57.0,-3.523721399134893,16.808333664373723,2.0,45.0,-3.524483758469374,18.754995007240908,2.0,50.0,-3.5077613229920317
Brazil,2023,2023-10-01_2023-11-01,29.0,31.0,30.78942541391431,26.427536612284698,5.0,27.0,77.0,-3.8105891051405623,1.0,35.40560641238399,8.0,32.0,79.0,-3.7127773821378875,jump_ar1__k100,2.379799476041318,False,0.006996017481381411,False,notification_index_forecast,prequential,0.7087630820923606,0.019999999999999997,0.02000000000000001,0.25123691790763936,0.5511613195509075,1.4520125157832263e-17,0.29547053040757676,0.1533681500415158,18.5,2.0,49.0,-4.162241534097726,17.674599104714382,2.0,47.0,-4.223757073512797,19.789076975770854,2.0,52.0,-4.0841554078814895
Brazil,2023,2023-11-01_2023-12-01,17.0,30.0,34.198624253001164,28.63951099032052,5.0,31.0,85.625,-3.9170398042840913,1.0,39.565271580457285,11.0,35.0,91.0,-4.195088120774482,jump_ar1__k100,2.379799476041318,False,0.006996017481381411,False,notification_index_forecast,prequential,0.7087630820923606,0.019999999999999997,0.02000000000000001,0.25123691790763936,0.5511613195509075,1.4520125157832263e-17,0.29547053040757676,0.1533681500415158,22.5,3.0,60.0,-3.4820163984029637,18.14769527509619,2.0,49.0,-3.4076948219806242,21.26783978570124,2.0,57.0,-3.4542294337077886
Brazil,2023,2023-12-01_2024-01-01,16.0,31.0,33.06240784238944,28.32808076473841,5.0,30.0,78.0,-3.8978583705389402,1.0,38.19076571296349,10.0,34.0,83.0,-4.202208390172248,jump_ar1__k100,2.379799476041318,False,0.006996017481381411,False,notification_index_forecast,prequential,0.7087630820923606,0.019999999999999997,0.02000000000000001,0.25123691790763936,0.5511613195509075,1.4520125157832263e-17,0.29547053040757676,0.1533681500415158,14.5,1.0,39.0,-3.3422354921444715,18.72720343768587,2.0,50.0,-3.3575247006263043,21.213677527312203,3.0,56.0,-3.412932789071185
Thailand,2023,2023-01-01_2023-02-01,4.0,31.0,1.7824657220183973,1.8124152781155032,0.0,2.0,6.0,-2.6207377365981053,1.0,1.927175094586146,0.0,2.0,6.0,-2.495787917983688,jump_ar1__k300,-4.770846363014895,False,0.02794656162063168,False,notification_index_forecast,prequential,0.5098779143567527,0.020000000000000025,0.02000000000000003,0.4501220856432473,0.5180133434396279,1.6358978750148955e-18,1.220688863360678e-19,0.4819866565603722,0.5,0.0,2.0,-5.434867849491106,1.3647455896387115,0.0,5.0,-3.054187368479157,1.6940888188324357,0.0,6.0,-2.718751431487849
Thailand,2023,2023-02-01_2023-03-01,1.0,28.0,1.9688975916562108,1.99007778468936,0.0,2.0,7.0,-1.3239886686387967,1.0,1.9982837617018288,0.0,2.0,6.0,-1.2941652161709456,jump_ar1__k300,-4.770846363014895,False,0.02794656162063168,False,notification_index_forecast,prequential,0.5098779143567527,0.020000000000000025,0.02000000000000003,0.4501220856432473,0.5180133434396279,1.6358978750148955e-18,1.220688863360678e-19,0.4819866565603722,1.5,0.0,5.0,-1.2514484690070304,1.4098691388856335,0.0,5.0,-1.2342024170750325,1.9812834797798207,0.0,7.0,-1.366696162526004
Thailand,2023,2023-03-01_2023-04-01,4.0,31.0,2.04890947781695,2.0714223581428866,0.0,2.0,7.0,-2.463198176647072,1.0,1.991790119948504,0.0,2.0,6.0,-2.4674402925513688,jump_ar1__k300,-4.770846363014895,False,0.02794656162063168,False,notification_index_forecast,prequential,0.5098779143567527,0.020000000000000025,0.02000000000000003,0.4501220856432473,0.5180133434396279,1.6358978750148955e-18,1.220688863360678e-19,0.4819866565603722,1.5,0.0,5.0,-2.8987620404469205,1.567944254929324,0.0,6.0,-2.830572268595466,2.1593714939217525,0.0,7.0,-2.429623275143343
Thailand,2023,2023-04-01_2023-05-01,0.0,30.0,2.2924622636184533,2.339509637777996,0.0,2.0,7.0,-1.741087647775073,1.0,2.111760465188941,0.0,2.0,6.0,-1.8398380024019056,jump_ar1__k300,-4.770846363014895,False,0.02794656162063168,False,notification_index_forecast,prequential,0.5098779143567527,0.020000000000000025,0.02000000000000003,0.4501220856432473,0.5180133434396279,1.6358978750148955e-18,1.220688863360678e-19,0.4819866565603722,0.5,0.0,3.0,-0.4552348906983138,1.7049748973633214,0.0,6.0,-1.2957920988109308,2.602899927439231,0.0,8.0,-1.776427976389018
Thailand,2023,2023-05-01_2023-06-01,1.0,31.0,1.7873333117777692,1.8202929512977553,0.0,1.0,6.0,-1.2967530005696903,1.0,1.72844539516062,0.0,1.0,5.0,-1.2600191017287585,jump_ar1__k300,-4.770846363014895,False,0.02794656162063168,False,notification_index_forecast,prequential,0.5098779143567527,0.020000000000000025,0.02000000000000003,0.4501220856432473,0.5180133434396279,1.6358978750148955e-18,1.220688863360678e-19,0.4819866565603722,0.5,0.0,2.0,-1.3289528837907874,1.534868428060825,0.0,5.0,-1.2444964172378996,1.922455790668232,0.0,7.0,-1.341081023110961
Thailand,2023,2023-06-01_2023-07-01,2.0,30.0,1.6956396674108385,1.705016024467327,0.0,1.0,6.0,-1.553387001621133,1.0,1.6244342601530688,0.0,1.0,5.0,-1.4859985152771582,jump_ar1__k300,-4.770846363014895,False,0.02794656162063168,False,notification_index_forecast,prequential,0.5098779143567527,0.020000000000000025,0.02000000000000003,0.4501220856432473,0.5180133434396279,1.6358978750148955e-18,1.220688863360678e-19,0.4819866565603722,1.5,0.0,5.0,-1.6640554480153043,1.484286233228334,0.0,5.0,-1.667386718875052,1.794381604305284,0.0,6.0,-1.6254452056511695
Thailand,2023,2023-07-01_2023-08-01,0.0,31.0,1.8969193012155028,1.911359231245995,0.0,1.0,6.0,-1.4949729707302715,1.0,1.7926231998878817,0.0,1.0,6.0,-1.514963797118945,jump_ar1__k300,-4.770846363014895,False,0.02794656162063168,False,notification_index_forecast,prequential,0.5098779143567527,0.020000000000000025,0.02000000000000003,0.4501220856432473,0.5180133434396279,1.6358978750148955e-18,1.220688863360678e-19,0.4819866565603722,1.5,0.0,5.0,-1.1793439781105581,1.628928399013552,0.0,6.0,-1.2592111271296325,2.0446047510281216,0.0,7.0,-1.500873662669887
Thailand,2023,2023-08-01_2023-09-01,7.0,31.0,1.6125062504928394,1.4734609631125724,0.0,1.0,6.0,-5.1919182190311215,0.0,1.4461646992746475,0.0,1.0,5.0,-5.858544747694925,jump_ar1__k300,-4.770846363014895,False,0.02794656162063168,False,notification_index_forecast,prequential,0.5098779143567527,0.020000000000000025,0.02000000000000003,0.4501220856432473,0.5180133434396279,1.6358978750148955e-18,1.220688863360678e-19,0.4819866565603722,8.5,1.0,24.0,-2.6225056309020456,1.4271777077431096,0.0,5.0,-5.35240183289453,1.5031372092941635,0.0,5.0,-5.170184982651829
Thailand,2023,2023-09-01_2023-10-01,18.0,30.0,2.697098359509468,2.6498491098869787,0.0,2.0,9.0,-8.312811522878336,0.0,3.196600928405462,0.0,2.0,10.0,-7.701746086972049,jump_ar1__k300,-4.770846363014895,False,0.02794656162063168,False,notification_index_forecast,prequential,0.5098779143567527,0.020000000000000025,0.02000000000000003,0.4501220856432473,0.5180133434396279,1.6358978750148955e-18,1.220688863360678e-19,0.4819866565603722,3.5,0.0,11.0,-7.703245527223012,1.6669285200844581,0.0,6.0,-13.540241485867899,2.1413825391929033,0.0,7.0,-11.256672147861952
Thailand,2023,2023-10-01_2023-11-01,30.0,31.0,7.270813234315118,6.63869586739493,0.0,6.0,19.0,-8.399905017816597,0.0,10.75013566585805,3.0,10.0,21.0,-7.73255856958477,jump_ar1__k300,-4.770846363014895,False,0.02794656162063168,False,notification_index_forecast,prequential,0.5098779143567527,0.020000000000000025,0.02000000000000003,0.4501220856432473,0.5180133434396279,1.6358978750148955e-18,1.220688863360678e-19,0.4819866565603722,1.5,0.0,5.0,-25.943572783518768,2.261675663825095,0.0,7.0,-19.23776397156056,3.808573325676563,0.0,11.0,-12.682022022612687
Thailand,2023,2023-11-01_2023-12-01,144.0,30.0,12.02219130224066,10.999928408685886,0.0,10.0,33.0,-10.656287435875315,0.0,17.591646127459608,5.0,15.0,40.0,-9.982703470340516,jump_ar1__k300,-4.770846363014895,False,0.02794656162063168,False,notification_index_forecast,prequential,0.5098779143567527,0.020000000000000025,0.02000000000000003,0.4501220856432473,0.5180133434396279,1.6358978750148955e-18,1.220688863360678e-19,0.4819866565603722,3.5,0.0,11.0,-71.9007159352377,2.9312133989621914,0.0,9.0,-82.75892566090188,6.495960295997825,0.0,19.0,-42.462106580443134
Thailand,2023,2023-12-01_2024-01-01,187.0,31.0,70.87955330549856,46.3200715982928,1.0,64.5,187.625,-7.130102792427246,1.0,125.12578722442677,63.0,119.0,209.625,-6.456518830974362,jump_ar1__k300,-4.770846363014895,False,0.02794656162063168,False,notification_index_forecast,prequential,0.5098779143567527,0.020000000000000025,0.02000000000000003,0.4501220856432473,0.5180133434396279,1.6358978750148955e-18,1.220688863360678e-19,0.4819866565603722,0.5,0.0,2.0,-330.59529085457194,4.7071412140365725,0.0,14.0,-75.74086680250613,15.499206285358058,2.0,41.0,-25.648564256480682
Australia,2024,2024-01-01_2024-02-01,838.0,31.0,617.5456920110947,575.1246775066273,61.0,635.5,963.0,-6.998954705905625,1.0,663.9917680935382,415.375,653.0,978.625,-6.895383979139635,jump_ar1__k1000,6.461349690677128,False,0.012254195780832325,False,notification_index_forecast,prequential,0.8902719472396206,0.020000000000000018,0.023421568742036415,0.06630648401834306,0.7869652085514733,9.222407665010699e-15,2.5349183663955025e-15,0.21303479144851492,46.5,7.0,121.0,-42.11472390461687,130.72097496148163,21.0,335.0,-16.150987209607347,338.13823354127777,56.0,864.0,-8.66150587794755
Australia,2024,2024-02-01_2024-03-01,858.0,29.0,765.6393585060081,720.2781836358301,87.375,767.0,1219.625,-6.206111258975355,1.0,822.3592292005003,520.0,788.0,1203.875,-6.101691383699075,jump_ar1__k1000,6.461349690677128,False,0.012254195780832325,False,notification_index_forecast,prequential,0.8902719472396206,0.020000000000000018,0.023421568742036415,0.06630648401834306,0.7869652085514733,9.222407665010699e-15,2.5349183663955025e-15,0.21303479144851492,35.73214285714286,5.0,95.0,-52.8433053277083,151.07954846454487,23.0,396.0,-14.21274614016997,441.32702467060375,68.0,1154.0,-7.938148867835393
Australia,2024,2024-03-01_2024-04-01,1377.0,31.0,951.8483836144187,920.4493141028831,90.0,966.0,1456.0,-8.162447125521295,1.0,1015.2598389333666,573.375,981.0,1484.625,-8.086227940988369,jump_ar1__k1000,6.461349690677128,False,0.012254195780832325,False,notification_index_forecast,prequential,0.8902719472396206,0.020000000000000018,0.023421568742036415,0.06630648401834306,0.7869652085514733,9.222407665010699e-15,2.5349183663955025e-15,0.21303479144851492,44.5,7.0,115.0,-73.1857660498459,197.11149623925394,32.0,505.0,-17.921157059286465,640.7272233324979,108.0,1636.0,-8.68759977108078
Australia,2024,2024-04-01_2024-05-01,2067.0,30.0,1250.3176326475184,1214.7791215847847,125.0,1263.0,1977.0,-9.835121990843486,0.0,1332.986297682405,832.125,1294.0,1922.0,-9.824406491347979,jump_ar1__k1000,6.461349690677128,False,0.012254195780832325,False,notification_index_forecast,prequential,0.8902719472396206,0.020000000000000018,0.023421568742036415,0.06630648401834306,0.7869652085514733,9.222407665010699e-15,2.5349183663955025e-15,0.21303479144851492,43.5,6.0,114.0,-110.18397166212007,237.94708882819435,38.0,616.0,-21.66419843968945,861.9704771603177,140.0,2226.0,-9.422871641322114
Australia,2024,2024-05-01_2024-06-01,3187.0,31.0,1940.397372031489,1872.2039267030493,203.375,1964.0,3035.5,-10.233546243900337,0.0,2074.014664949115,1342.0,2002.5,3047.25,-10.203672868964269,jump_ar1__k1000,6.461349690677128,False,0.012254195780832325,False,notification_index_forecast,prequential,0.8902719472396206,0.020000000000000018,0.023421568742036415,0.06630648401834306,0.7869652085514733,9.222407665010699e-15,2.5349183663955025e-15,0.21303479144851492,77.5,12.0,200.0,-99.6483657005388,314.43512314536196,52.0,804.0,-25.831389452146425,1282.6156456814158,217.0,3272.0,-10.012234862435688
Australia,2024,2024-06-01_2024-07-01,4478.0,30.0,2922.310280705363,2792.733107126881,233.5,2882.0,4501.125,-10.194665865858184,1.0,3134.1631912120793,1900.0,2953.0,4410.875,-10.141240431397435,jump_ar1__k1000,6.461349690677128,False,0.012254195780832325,False,notification_index_forecast,prequential,0.8902719472396206,0.020000000000000018,0.023421568742036415,0.06630648401834306,0.7869652085514733,9.222407665010699e-15,2.5349183663955025e-15,0.21303479144851492,92.5,14.0,241.0,-114.67741611469545,396.054503862691,64.0,1024.0,-28.257220605789836,1823.750685935562,297.0,4707.0,-10.280189891094725
Australia,2024,2024-07-01_2024-08-01,5252.0,31.0,4167.756063841459,4034.4300732720226,343.0,4145.5,6308.0,-8.513930680970619,1.0,4457.119101810289,2916.75,4267.0,6303.5,-8.418475859196004,jump_ar1__k1000,6.461349690677128,False,0.012254195780832325,False,notification_index_forecast,prequential,0.8902719472396206,0.020000000000000018,0.023421568742036415,0.06630648401834306,0.7869652085514733,9.222407665010699e-15,2.5349183663955025e-15,0.21303479144851492,96.5,15.0,248.0,-133.17609602692178,539.9900922011024,91.0,1379.0,-25.430577776645027,2792.0428849489763,474.0,7121.0,-9.684909891810175
Australia,2024,2024-08-01_2024-09-01,6703.0,31.0,5346.20957162556,5263.012559730041,440.0,5057.5,7834.0,-9.259146334881123,1.0,5689.142124798471,3467.25,5155.5,7750.625,-9.185481011974316,jump_ar1__k1000,6.461349690677128,False,0.012254195780832325,False,notification_index_forecast,prequential,0.8902719472396206,0.020000000000000018,0.023421568742036415,0.06630648401834306,0.7869652085514733,9.222407665010699e-15,2.5349183663955025e-15,0.21303479144851492,158.5,26.0,406.0,-104.07978825028445,700.622207340515,118.0,1788.0,-25.323266553105384,3947.5213735422894,671.0,10067.0,-9.723655200398055
Australia,2024,2024-09-01_2024-10-01,8381.0,30.0,6171.676241003212,6233.3697842749225,664.0,5984.0,9530.0,-9.761168053104296,1.0,6506.934582274198,4167.375,6079.5,9239.125,-9.708597307479296,jump_ar1__k1000,6.461349690677128,False,0.012254195780832325,False,notification_index_forecast,prequential,0.8902719472396206,0.020000000000000018,0.023421568742036415,0.06630648401834306,0.7869652085514733,9.222407665010699e-15,2.5349183663955025e-15,0.21303479144851492,273.5,44.0,708.0,-73.83096165685876,879.2547355327117,142.0,2270.0,-24.977183643118522,5318.807049903773,867.0,13724.0,-9.833597706451595
Australia,2024,2024-10-01_2024-11-01,7940.0,31.0,8870.014373449354,8944.581749426257,947.875,8054.0,13795.375,-8.326519990981486,1.0,9360.879878129601,5514.75,8163.0,12460.25,-8.231713347221252,jump_ar1__k1000,6.461349690677128,False,0.012254195780832325,False,notification_index_forecast,prequential,0.8902719472396206,0.020000000000000018,0.023421568742036415,0.06630648401834306,0.7869652085514733,9.222407665010699e-15,2.5349183663955025e-15,0.21303479144851492,367.5,61.0,939.0,-53.93367194966821,1178.1940420590386,199.0,3006.0,-19.205794478419914,7560.956837712854,1285.0,19281.0,-9.467117635593251
Australia,2024,2024-11-01_2024-12-01,9317.0,30.0,8155.374664829107,8585.695123446725,972.875,8019.0,13810.5,-8.744141558889819,1.0,8422.388913315848,5571.375,8127.5,12273.625,-8.655314967014661,jump_ar1__k1000,6.461349690677128,False,0.012254195780832325,False,notification_index_forecast,prequential,0.8902719472396206,0.020000000000000018,0.023421568742036415,0.06630648401834306,0.7869652085514733,9.222407665010699e-15,2.5349183663955025e-15,0.21303479144851492,635.5,103.0,1641.0,-36.626176659867085,1422.1260715386397,231.0,3671.0,-18.679031665919986,9216.891410628336,1503.0,23780.0,-9.641535301117122
Australia,2024,2024-12-01_2025-01-01,6857.0,31.0,9479.143234206522,10126.754528687276,1439.0,9395.0,16443.0,-9.798204760681985,1.0,9702.778404485907,6442.25,9510.5,13858.0,-9.76406352187541,jump_ar1__k1000,6.461349690677128,False,0.012254195780832325,False,notification_index_forecast,prequential,0.8902719472396206,0.020000000000000018,0.023421568742036415,0.06630648401834306,0.7869652085514733,9.222407665010699e-15,2.5349183663955025e-15,0.21303479144851492,589.5,99.0,1505.0,-30.08774482750117,1829.439911345215,310.0,4667.0,-12.947039640393777,11859.97824209423,2017.0,30242.0,-9.638307131430135
China,2024,2024-01-01_2024-02-01,15275.0,31.0,8199.105549417645,8291.166743849619,1365.0,8158.0,14130.375,-11.831997337703601,0.0,8618.438093482055,4399.75,8319.0,14160.375,-11.767025084064771,jump_ar1__k300,3.5780760230904063,False,0.01338117649690061,False,notification_index_forecast,prequential,0.9209293034346836,0.019999999999999178,0.023421568742035586,0.035649127823281626,0.9304032083118717,2.1727173796940026e-18,5.2225078422931986e-18,0.06959679168812827,883.5,149.0,2255.0,-44.281428865147575,2916.514888713437,495.0,7438.0,-16.687816865789543,4941.3272103689305,840.0,12601.0,-12.568577459593094
China,2024,2024-02-01_2024-03-01,17105.0,29.0,11293.212573334062,11413.712835712233,1850.0,10904.0,19372.0,-10.837866966367136,1.0,11919.222261069866,6412.75,11133.5,19961.5,-10.767841935875694,jump_ar1__k300,3.5780760230904063,False,0.01338117649690061,False,notification_index_forecast,prequential,0.9209293034346836,0.019999999999999178,0.023421568742035586,0.035649127823281626,0.9304032083118717,2.1727173796940026e-18,5.2225078422931986e-18,0.06959679168812827,557.7321428571429,86.0,1458.0,-72.63785017986186,3301.926680723369,514.0,8625.0,-16.303435285762887,6394.562428090388,997.0,16702.0,-11.912453996590974
China,2024,2024-03-01_2024-04-01,27078.0,31.0,15220.55371317944,15436.953208267794,2399.375,14823.0,26891.0,-12.235178909690061,0.0,16043.351156323675,8587.375,15103.5,26483.0,-12.171756654627618,jump_ar1__k300,3.5780760230904063,False,0.01338117649690061,False,notification_index_forecast,prequential,0.9209293034346836,0.019999999999999178,0.023421568742035586,0.035649127823281626,0.9304032083118717,2.1727173796940026e-18,5.2225078422931986e-18,0.06959679168812827,821.5,139.0,2097.0,-83.05111965010387,4293.1511064417555,729.0,10949.0,-19.511527299947645,9222.64286236093,1568.0,23518.0,-12.877436135448924
China,2024,2024-04-01_2024-05-01,91272.0,30.0,20889.86226567235,21198.677081558875,2937.125,20512.5,36226.0,-16.94731653237727,0.0,22042.58267949112,11810.5,20956.5,36700.25,-16.86508935178367,jump_ar1__k300,3.5780760230904063,False,0.01338117649690061,False,notification_index_forecast,prequential,0.9209293034346836,0.019999999999999178,0.023421568742035586,0.035649127823281626,0.9304032083118717,2.1727173796940026e-18,5.2225078422931986e-18,0.06959679168812827,1074.5,174.0,2774.0,-207.5907002976671,5134.902285940224,837.0,13249.0,-46.157851091234065,12579.395717516509,2052.0,32455.0,-22.453337701029053
China,2024,2024-05-01_2024-06-01,97669.0,31.0,87300.71426046721,85011.96465472192,4814.0,88800.0,148321.0,-11.167084728372163,1.0,93681.51977283822,49562.875,90284.5,149325.125,-11.084887905928245,jump_ar1__k300,3.5780760230904063,False,0.01338117649690061,False,notification_index_forecast,prequential,0.9209293034346836,0.019999999999999178,0.023421568742035586,0.035649127823281626,0.9304032083118717,2.1727173796940026e-18,5.2225078422931986e-18,0.06959679168812827,1334.5,226.0,3405.0,-184.67788393581338,7367.430710490016,1253.0,18787.0,-36.59680359005813,23209.844869934845,3948.0,59182.0,-16.482816079130217
China,2024,2024-06-01_2024-07-01,85817.0,30.0,94373.93699790527,93882.02774764143,5937.0,94036.5,161065.0,-11.12359007445721,1.0,100794.53440171963,52430.25,95737.5,164306.125,-11.046163787470714,jump_ar1__k300,3.5780760230904063,False,0.01338117649690061,False,notification_index_forecast,prequential,0.9209293034346836,0.019999999999999178,0.023421568742035586,0.035649127823281626,0.9304032083118717,2.1727173796940026e-18,5.2225078422931986e-18,0.06959679168812827,1512.5,246.0,3904.0,-139.14682062428622,9581.037027214088,1562.0,24719.0,-26.063888282326445,36316.28045351433,5925.0,93692.0,-13.101265714713506
China,2024,2024-07-01_2024-08-01,74964.0,31.0,96359.96218110435,97703.71666086328,7808.875,93771.0,162955.0,-11.368950182844094,1.0,102168.40692537735,53541.75,95906.5,167052.0,-11.308495321164163,jump_ar1__k300,3.5780760230904063,False,0.01338117649690061,False,notification_index_forecast,prequential,0.9209293034346836,0.019999999999999178,0.023421568742035586,0.035649127823281626,0.9304032083118717,2.1727173796940026e-18,5.2225078422931986e-18,0.06959679168812827,2767.5,470.0,7058.0,-69.70409524808116,12728.029583017857,2165.0,32456.0,-19.64328014099011,53763.50153521194,9147.0,137087.0,-11.86661974630169
China,2024,2024-08-01_2024-09-01,43216.0,31.0,89293.93238198254,91816.45296267395,10070.75,89128.0,157434.0,-13.460610486799705,1.0,93781.92387760193,48256.25,90564.5,153115.5,-13.755664046327471,jump_ar1__k300,3.5780760230904063,False,0.01338117649690061,False,notification_index_forecast,prequential,0.9209293034346836,0.019999999999999178,0.023421568742035586,0.035649127823281626,0.9304032083118717,2.1727173796940026e-18,5.2225078422931986e-18,0.06959679168812827,4793.5,815.0,12224.0,-25.963888795044564,15605.918446583426,2654.0,39794.0,-13.069287111831017,69174.91701797863,11770.0,176382.0,-11.400486454525339
China,2024,2024-09-01_2024-10-01,17316.0,30.0,64675.583434855085,67243.64263454895,10975.125,63705.5,122657.0,-13.386007102164463,1.0,66922.58098534466,28016.625,64240.5,119443.25,-14.518042224820052,jump_ar1__k300,3.5780760230904063,False,0.01338117649690061,False,notification_index_forecast,prequential,0.9209293034346836,0.019999999999999178,0.023421568742035586,0.035649127823281626,0.9304032083118717,2.1727173796940026e-18,5.2225078422931986e-18,0.06959679168812827,4517.5,736.0,11656.0,-13.929820954194842,17022.81947623505,2777.0,43918.0,-10.26148146664184,71686.6460265979,11696.0,184941.0,-11.89281832549344
China,2024,2024-10-01_2024-11-01,10118.0,31.0,23968.735673914416,24716.031449893766,7688.875,19827.0,60106.75,-11.192144102625388,1.0,23055.704518729588,10405.5,19595.5,47211.0,-11.23131381803636,jump_ar1__k300,3.5780760230904063,False,0.01338117649690061,False,notification_index_forecast,prequential,0.9209293034346836,0.019999999999999178,0.023421568742035586,0.035649127823281626,0.9304032083118717,2.1727173796940026e-18,5.2225078422931986e-18,0.06959679168812827,4430.5,753.0,11299.0,-10.871821616667773,17724.878212963606,3015.0,45196.0,-10.04113637091843,62618.84803582456,10654.0,159666.0,-12.212521562527275
China,2024,2024-11-01_2024-12-01,7829.0,30.0,16478.562201100707,16791.293151839916,6204.625,14987.5,39150.125,-11.152684560940644,1.0,15591.53244486158,8224.75,15035.5,25554.875,-11.290020258469164,jump_ar1__k300,3.5780760230904063,False,0.01338117649690061,False,notification_index_forecast,prequential,0.9209293034346836,0.019999999999999178,0.023421568742035586,0.035649127823281626,0.9304032083118717,2.1727173796940026e-18,5.2225078422931986e-18,0.06959679168812827,6410.5,1045.0,16540.0,-9.520074273405562,16184.126238114844,2640.0,41754.0,-9.984627751856852,45235.2009831256,7380.0,116701.0,-11.751661752186356
China,2024,2024-12-01_2025-01-01,6662.0,31.0,14224.288295387829,14428.827694677613,5962.875,12575.0,39824.625,-10.337310079873186,1.0,13516.189345469229,6538.0,12366.0,24705.125,-10.356216166624197,jump_ar1__k300,3.5780760230904063,False,0.01338117649690061,False,notification_index_forecast,prequential,0.9209293034346836,0.019999999999999178,0.023421568742035586,0.035649127823281626,0.9304032083118717,2.1727173796940026e-18,5.2225078422931986e-18,0.06959679168812827,9126.5,1552.0,23273.0,-9.402404369368643,15467.101494744194,2631.0,39440.0,-9.983570130755304,34560.16319899298,5880.0,88123.0,-11.424669255957753
United_Kingdom,2024,2024-01-01_2024-01-08,167.0,7.0,118.13669502286459,92.06866974284492,4.0,116.0,208.0,-5.5587628484249105,1.0,125.38087605379751,65.0,120.0,214.625,-5.485800809600601,jump_ar1__k1000,0.41929064776295843,False,0.00957120351294527,False,notification_index_forecast,prequential,0.9209293034346846,0.019999999999999896,0.023421568742036304,0.035649127823279184,0.8302932472604123,0.10010996105145939,4.656153365144714e-17,0.06959679168812827,9.5,0.0,46.0,-14.073613125298033,22.46560824706395,0.0,107.0,-8.956311553658997,54.800566128979256,0.0,259.0,-6.983257579898932
United_Kingdom,2024,2024-01-08_2024-01-15,227.0,7.0,129.14051868950156,102.33849364821462,4.0,129.0,233.0,-7.020442553227373,1.0,137.02647132557752,70.0,132.0,239.0,-6.959450253470564,jump_ar1__k1000,0.41929064776295843,False,0.00957120351294527,False,notification_index_forecast,prequential,0.9209293034346846,0.019999999999999896,0.023421568742036304,0.035649127823279184,0.8302932472604123,0.10010996105145939,4.656153365144714e-17,0.06959679168812827,12.5,0.0,60.0,-14.748865637820765,23.73556038881243,0.0,113.0,-10.330405654967894,60.11091914703216,0.0,284.0,-7.584104122904355
United_Kingdom,2024,2024-01-15_2024-01-22,267.0,7.0,171.56017151352512,123.55633184730529,4.0,163.0,320.0,-6.383493350238542,1.0,182.92027847685483,88.0,169.0,326.0,-6.30969514767289,jump_ar1__k1000,0.41929064776295843,False,0.00957120351294527,False,notification_index_forecast,prequential,0.9209293034346846,0.019999999999999896,0.023421568742036304,0.035649127823279184,0.8302932472604123,0.10010996105145939,4.656153365144714e-17,0.06959679168812827,6.5,0.0,32.0,-26.88723048361353,25.25192046046222,0.0,120.0,-11.012026571134456,66.820352313584,0.0,316.0,-7.839957434486373
United_Kingdom,2024,2024-01-22_2024-01-29,345.0,7.0,207.4786233320574,155.98155432961272,4.0,209.5,366.625,-7.062423352637257,1.0,221.42739674300972,118.0,215.0,369.0,-6.989816920630255,jump_ar1__k1000,0.41929064776295843,False,0.00957120351294527,False,notification_index_forecast,prequential,0.9209293034346846,0.019999999999999896,0.023421568742036304,0.035649127823279184,0.8302932472604123,0.10010996105145939,4.656153365144714e-17,0.06959679168812827,13.5,0.0,65.0,-19.149856307569447,26.94402944809324,0.0,128.0,-12.430734915489486,74.5761204435381,0.0,353.0,-8.373474716539274
United_Kingdom,2024,2024-01-29_2024-02-05,457.0,7.0,237.76841715141694,178.54084504272362,7.0,238.5,420.0,-8.45495316104817,0.0,253.8521559161908,139.0,245.0,416.25,-8.393072147701481,jump_ar1__k1000,0.41929064776295843,False,0.00957120351294527,False,notification_index_forecast,prequential,0.9209293034346846,0.019999999999999896,0.023421568742036304,0.035649127823279184,0.8302932472604123,0.10010996105145939,4.656153365144714e-17,0.06959679168812827,15.5,0.0,74.0,-21.601721166176326,28.883806133344695,0.0,137.0,-14.312451650100808,84.21030640985973,0.0,398.0,-9.022228584823646
United_Kingdom,2024,2024-02-05_2024-02-12,442.0,7.0,307.99913678235254,230.87330716368842,7.0,307.0,563.125,-6.553933413073747,1.0,329.46916643879445,178.0,316.0,577.625,-6.4761448449619445,jump_ar1__k1000,0.41929064776295843,False,0.00957120351294527,False,notification_index_forecast,prequential,0.9209293034346846,0.019999999999999896,0.023421568742036304,0.035649127823279184,0.8302932472604123,0.10010996105145939,4.656153365144714e-17,0.06959679168812827,21.5,0.0,102.0,-16.789529206621587,31.157520469818014,0.0,148.0,-13.415384795645593,95.97903320703028,0.0,454.0,-8.61303619673642
United_Kingdom,2024,2024-02-12_2024-02-19,426.0,7.0,358.8748324855644,254.92555219749497,9.0,351.0,648.0,-5.9687070214830795,1.0,384.3170795637188,200.375,367.0,638.625,-5.8899143862834356,jump_ar1__k1000,0.41929064776295843,False,0.00957120351294527,False,notification_index_forecast,prequential,0.9209293034346846,0.019999999999999896,0.023421568742036304,0.035649127823279184,0.8302932472604123,0.10010996105145939,4.656153365144714e-17,0.06959679168812827,14.500000000000002,0.0,69.0,-21.45537866755749,33.50548388644655,0.0,159.0,-12.606957556696134,108.59230918651207,0.0,513.0,-8.277654671451982
United_Kingdom,2024,2024-02-19_2024-02-26,388.0,7.0,375.60310436438687,264.9643387096073,7.0,379.0,646.875,-5.7291019217391685,1.0,401.9213608236122,211.375,391.0,667.25,-5.650964210387937,jump_ar1__k1000,0.41929064776295843,False,0.00957120351294527,False,notification_index_forecast,prequential,0.9209293034346846,0.019999999999999896,0.023421568742036304,0.035649127823279184,0.8302932472604123,0.10010996105145939,4.656153365144714e-17,0.06959679168812827,13.5,0.0,65.0,-20.99317284345921,35.911269263078374,0.0,170.0,-11.521166591790475,122.04638681446362,0.0,576.0,-7.878787791612552
United_Kingdom,2024,2024-02-26_2024-03-04,487.0,7.0,374.34972949384616,259.733935870935,7.0,378.0,654.0,-6.2274244238896745,1.0,400.0428644835181,216.0,386.0,655.625,-6.149704640659904,jump_ar1__k1000,0.41929064776295843,False,0.00957120351294527,False,notification_index_forecast,prequential,0.9209293034346846,0.019999999999999896,0.023421568742036304,0.035649127823279184,0.8302932472604123,0.10010996105145939,4.656153365144714e-17,0.06959679168812827,10.5,0.0,51.0,-30.73199419882448,38.33695801000596,0.0,182.0,-12.741381157307277,135.5046128359285,0.0,640.0,-8.273638770189603
United_Kingdom,2024,2024-03-04_2024-03-11,477.0,7.0,396.05008200928074,278.59521610024944,8.0,399.0,687.0,-5.976765153803974,1.0,422.8624776569204,229.375,412.0,679.0,-5.89884154653862,jump_ar1__k1000,0.41929064776295843,False,0.00957120351294527,False,notification_index_forecast,prequential,0.9209293034346846,0.019999999999999896,0.023421568742036304,0.035649127823279184,0.8302932472604123,0.10010996105145939,4.656153365144714e-17,0.06959679168812827,12.5,0.0,60.0,-26.30678927416711,41.10099349909781,0.0,195.0,-12.148940679709986,151.78450632078727,0.0,717.0,-8.071241254673087
United_Kingdom,2024,2024-03-11_2024-03-18,635.0,7.0,412.5431878960765,290.1150227041374,9.0,413.0,704.25,-7.237090297698672,1.0,440.03572923552167,244.0,426.0,698.0,-7.163836485757136,jump_ar1__k1000,0.41929064776295843,False,0.00957120351294527,False,notification_index_forecast,prequential,0.9209293034346846,0.019999999999999896,0.023421568742036304,0.035649127823279184,0.8302932472604123,0.10010996105145939,4.656153365144714e-17,0.06959679168812827,12.5,0.0,60.0,-33.53364706972958,43.953746208765914,0.0,208.0,-13.934653944906065,168.9220736728111,0.0,797.0,-8.608287873710342
United_Kingdom,2024,2024-03-18_2024-03-25,826.0,7.0,451.1515927627894,315.0118130110883,7.0,453.0,770.625,-8.845754793064327,0.0,481.0486739756034,259.0,468.0,783.0,-8.7907966756663,jump_ar1__k1000,0.41929064776295843,False,0.00957120351294527,False,notification_index_forecast,prequential,0.9209293034346846,0.019999999999999896,0.023421568742036304,0.035649127823279184,0.8302932472604123,0.10010996105145939,4.656153365144714e-17,0.06959679168812827,12.5,0.0,60.0,-42.23471052915752,47.274469813622794,0.0,224.0,-15.820497262957117,190.25795832643522,0.0,898.0,-9.122915667642754
United_Kingdom,2024,2024-03-25_2024-04-01,628.0,7.0,531.4575640447487,385.1881327843253,10.0,525.0,963.0,-6.28926617867931,1.0,566.9206030132825,308.375,543.0,961.625,-6.211940425367691,jump_ar1__k1000,0.41929064776295843,False,0.00957120351294527,False,notification_index_forecast,prequential,0.9209293034346846,0.019999999999999896,0.023421568742036304,0.035649127823279184,0.8302932472604123,0.10010996105145939,4.656153365144714e-17,0.06959679168812827,22.5,0.0,107.0,-21.1455481572282,51.104142501462164,0.0,242.0,-12.78899706565262,216.4661323723915,0.0,1022.0,-8.253890479133165
United_Kingdom,2024,2024-04-01_2024-04-08,599.0,7.0,545.5020410889688,368.83188654961344,6.0,543.0,938.625,-6.121830772254593,1.0,581.3994733718255,325.0,555.0,959.0,-6.044678863174752,jump_ar1__k1000,0.41929064776295843,False,0.00957120351294527,False,notification_index_forecast,prequential,0.9209293034346846,0.019999999999999896,0.023421568742036304,0.035649127823279184,0.8302932472604123,0.10010996105145939,4.656153365144714e-17,0.06959679168812827,10.5,0.0,51.0,-36.79081623320635,54.735653222590614,0.0,259.0,-12.041196790331723,240.74177178504755,0.0,1136.0,-8.057809086719557
United_Kingdom,2024,2024-04-08_2024-04-15,878.0,7.0,540.8137541556008,361.1475751677865,6.375,536.0,927.0,-7.871673385434535,1.0,575.2837515697202,316.0,549.0,938.25,-7.804331046059383,jump_ar1__k1000,0.41929064776295843,False,0.00957120351294527,False,notification_index_forecast,prequential,0.9209293034346846,0.019999999999999896,0.023421568742036304,0.035649127823279184,0.8302932472604123,0.10010996105145939,4.656153365144714e-17,0.06959679168812827,8.5,0.0,41.0,-62.3727961763302,58.42437247167275,0.0,277.0,-14.579766811429497,265.9167185279727,0.0,1255.0,-8.744796354600817
United_Kingdom,2024,2024-04-15_2024-04-22,819.0,7.0,611.8459089404636,411.2937962404307,9.0,613.0,1042.625,-6.827377128295386,1.0,650.9849146857139,374.375,631.5,1043.0,-6.752025502337778,jump_ar1__k1000,0.41929064776295843,False,0.00957120351294527,False,notification_index_forecast,prequential,0.9209293034346846,0.019999999999999896,0.023421568742036304,0.035649127823279184,0.8302932472604123,0.10010996105145939,4.656153365144714e-17,0.06959679168812827,10.5,0.0,51.0,-48.65225107357759,62.90895171761973,0.0,298.0,-13.44538420758059,298.784268387132,0.0,1410.0,-8.460275745589353
United_Kingdom,2024,2024-04-22_2024-04-29,981.0,7.0,644.2422248151936,439.1277586661561,10.0,642.0,1080.0,-7.636021200428539,1.0,684.6981458668805,372.0,661.0,1086.625,-7.565822901379881,jump_ar1__k1000,0.41929064776295843,False,0.00957120351294527,False,notification_index_forecast,prequential,0.9209293034346846,0.019999999999999896,0.023421568742036304,0.035649127823279184,0.8302932472604123,0.10010996105145939,4.656153365144714e-17,0.06959679168812827,12.5,0.0,60.0,-49.278187547394985,67.4778864583015,0.0,319.0,-14.434148098116776,332.4962221094404,0.0,1569.0,-8.718710367659671
United_Kingdom,2024,2024-04-29_2024-05-06,1121.0,7.0,700.8541294109423,501.48646315145703,12.0,705.0,1204.0,-8.068630123483915,1.0,744.2883855497369,420.0,723.0,1204.0,-8.00231295392609,jump_ar1__k1000,0.41929064776295843,False,0.00957120351294527,False,notification_index_forecast,prequential,0.9209293034346846,0.019999999999999896,0.023421568742036304,0.035649127823279184,0.8302932472604123,0.10010996105145939,4.656153365144714e-17,0.06959679168812827,22.5,0.0,107.0,-33.831495665086166,72.58767709705137,0.0,343.0,-15.053400552356951,372.15574386311744,1.0,1756.0,-8.87572383461982
United_Kingdom,2024,2024-05-06_2024-05-13,1165.0,7.0,773.6364091884341,543.8208870665735,11.375,777.5,1324.0,-7.71207694290115,1.0,821.4650031737483,444.375,798.5,1318.875,-7.64143906601216,jump_ar1__k1000,0.41929064776295843,False,0.00957120351294527,False,notification_index_forecast,prequential,0.9209293034346846,0.019999999999999896,0.023421568742036304,0.035649127823279184,0.8302932472604123,0.10010996105145939,4.656153365144714e-17,0.06959679168812827,20.5,0.0,98.0,-37.734570942916605,78.2168952364216,0.0,370.0,-14.800435955243412,417.4927842519522,1.0,1969.0,-8.8308387219639
United_Kingdom,2024,2024-05-13_2024-05-20,1880.0,7.0,844.465561428444,591.9208093086331,22.375,845.0,1419.0,-11.783786359706244,0.0,896.2922722775911,490.0,872.0,1411.625,-11.998253079098378,jump_ar1__k1000,0.41929064776295843,False,0.00957120351294527,False,notification_index_forecast,prequential,0.9209293034346846,0.019999999999999896,0.023421568742036304,0.035649127823279184,0.8302932472604123,0.10010996105145939,4.656153365144714e-17,0.06959679168812827,21.5,0.0,102.0,-55.354942570162514,84.20284611146567,0.0,398.0,-19.30701854722563,466.81592828785745,1.0,2202.0,-9.809122011546716
United_Kingdom,2024,2024-05-20_2024-05-27,1578.0,7.0,1164.8154122127858,759.2320408916444,14.0,1105.0,2385.0,-7.828284917674923,1.0,1241.4800531848562,594.375,1142.0,2365.75,-7.75504290340564,jump_ar1__k1000,0.41929064776295843,False,0.00957120351294527,False,notification_index_forecast,prequential,0.9209293034346846,0.019999999999999896,0.023421568742036304,0.035649127823279184,0.8302932472604123,0.10010996105145939,4.656153365144714e-17,0.06959679168812827,15.5,0.0,74.0,-62.95819745871238,91.62866790581703,0.0,433.0,-16.358194593223068,534.2056208361955,1.0,2520.0,-9.195515328283637
United_Kingdom,2024,2024-05-27_2024-06-03,1089.0,7.0,1416.9986122158464,942.0752091848184,22.375,1417.0,2577.625,-7.303422169910521,1.0,1512.341555566311,718.375,1473.0,2583.625,-7.2325587712539186,jump_ar1__k1000,0.41929064776295843,False,0.00957120351294527,False,notification_index_forecast,prequential,0.9209293034346846,0.019999999999999896,0.023421568742036304,0.035649127823279184,0.8302932472604123,0.10010996105145939,4.656153365144714e-17,0.06959679168812827,24.5,0.0,117.0,-30.84219982524866,99.02155353118316,0.0,468.0,-12.67897924664614,601.128781497667,1.0,2835.0,-8.449319148911991
United_Kingdom,2024,2024-06-03_2024-06-10,1230.0,7.0,1190.851901407225,842.0309491212239,26.0,1169.0,2225.625,-6.967698996932529,1.0,1264.2078198988092,649.0,1205.0,2231.0,-6.89246750287962,jump_ar1__k1000,0.41929064776295843,False,0.00957120351294527,False,notification_index_forecast,prequential,0.9209293034346846,0.019999999999999896,0.023421568742036304,0.035649127823279184,0.8302932472604123,0.10010996105145939,4.656153365144714e-17,0.06959679168812827,33.5,0.0,159.0,-26.740508725476516,105.72973604759608,0.0,500.0,-13.133936319108356,658.0670996079159,1.0,3104.0,-8.586141206133055
United_Kingdom,2024,2024-06-10_2024-06-17,1259.0,7.0,1155.5357038247225,809.0457270971847,20.0,1137.0,2075.25,-6.937120921577193,1.0,1223.3065845595893,665.0,1170.0,2075.625,-6.861749946564569,jump_ar1__k1000,0.41929064776295843,False,0.00957120351294527,False,notification_index_forecast,prequential,0.9209293034346846,0.019999999999999896,0.023421568742036304,0.035649127823279184,0.8302932472604123,0.10010996105145939,4.656153365144714e-17,0.06959679168812827,27.5,0.0,131.0,-31.759013291530316,113.04988116069808,0.0,534.0,-12.898404199149482,722.570762011509,1.0,3408.0,-8.576974331873675
United_Kingdom,2024,2024-06-17_2024-06-24,974.0,7.0,1193.3122938004765,832.2242438121046,25.0,1129.0,2018.25,-6.80554303062367,1.0,1261.510167178173,671.375,1163.0,2020.25,-6.732152283097503,jump_ar1__k1000,0.41929064776295843,False,0.00957120351294527,False,notification_index_forecast,prequential,0.9209293034346846,0.019999999999999896,0.023421568742036304,0.035649127823279184,0.8302932472604123,0.10010996105145939,4.656153365144714e-17,0.06959679168812827,26.5,0.0,126.0,-26.484278758000013,120.73297679508315,0.0,570.0,-11.067460393984568,790.8428696946155,2.0,3730.0,-8.22623714741606
United_Kingdom,2024,2024-06-24_2024-07-01,1018.0,7.0,1065.7677842487035,746.1652851320603,26.0,1055.0,1844.625,-6.639747149465595,1.0,1120.672698681578,614.375,1080.0,1820.0,-6.564686648786571,jump_ar1__k1000,0.41929064776295843,False,0.00957120351294527,False,notification_index_forecast,prequential,0.9209293034346846,0.019999999999999896,0.023421568742036304,0.035649127823279184,0.8302932472604123,0.10010996105145939,4.656153365144714e-17,0.06959679168812827,22.5,0.0,107.0,-31.191566774828317,127.81573722102485,0.0,604.0,-11.060496582032982,848.9355349168113,2.0,4004.0,-8.26710576087735
United_Kingdom,2024,2024-07-01_2024-07-08,927.0,7.0,1047.3460208673573,727.2197495746831,14.375,1019.0,1740.625,-6.623884129404976,1.0,1098.1974954903185,598.0,1037.5,1723.25,-6.5497195443611895,jump_ar1__k1000,0.41929064776295843,False,0.00957120351294527,False,notification_index_forecast,prequential,0.9209293034346846,0.019999999999999896,0.023421568742036304,0.035649127823279184,0.8302932472604123,0.10010996105145939,4.656153365144714e-17,0.06959679168812827,19.5,0.0,93.0,-32.32228287089377,135.30095048465552,0.0,639.0,-10.41516471816151,909.5539716943712,2.0,4289.0,-8.163519666470068
United_Kingdom,2024,2024-07-08_2024-07-15,826.0,7.0,985.8443757703194,726.5989761456815,39.0,981.0,1689.0,-6.663269812581523,1.0,1028.7847792000957,578.0,1000.5,1636.625,-6.590842878584567,jump_ar1__k1000,0.41929064776295843,False,0.00957120351294527,False,notification_index_forecast,prequential,0.9209293034346846,0.019999999999999896,0.023421568742036304,0.035649127823279184,0.8302932472604123,0.10010996105145939,4.656153365144714e-17,0.06959679168812827,32.5,0.0,154.0,-20.10790308192476,142.65551558822077,0.0,674.0,-9.787952049454692,965.3843393642827,2.0,4553.0,-8.054730640692153
United_Kingdom,2024,2024-07-15_2024-07-22,581.0,7.0,950.3156817272697,696.2063499686233,26.375,940.0,1717.875,-7.670571839341293,1.0,988.2256595522413,548.375,956.0,1579.0,-7.630864360735979,jump_ar1__k1000,0.41929064776295843,False,0.00957120351294527,False,notification_index_forecast,prequential,0.9209293034346846,0.019999999999999896,0.023421568742036304,0.035649127823279184,0.8302932472604123,0.10010996105145939,4.656153365144714e-17,0.06959679168812827,28.5,0.0,135.0,-17.00367758542462,149.74198060110155,0.0,707.0,-8.570381925917452,1014.1207809218055,2.0,4782.0,-7.771053662428847
United_Kingdom,2024,2024-07-22_2024-07-29,672.0,7.0,856.0903408476562,646.209273373579,27.375,844.0,1461.0,-6.620403080843965,1.0,884.664133961126,483.375,861.0,1433.625,-6.550510802916902,jump_ar1__k1000,0.41929064776295843,False,0.00957120351294527,False,notification_index_forecast,prequential,0.9209293034346846,0.019999999999999896,0.023421568742036304,0.035649127823279184,0.8302932472604123,0.10010996105145939,4.656153365144714e-17,0.06959679168812827,33.5,0.0,159.0,-16.98795277574852,155.53539773669794,0.0,734.0,-8.906935241351906,1039.698176039933,2.0,4903.0,-7.88939577214999
United_Kingdom,2024,2024-07-29_2024-08-05,497.0,7.0,809.8773154757454,610.5212865978557,26.0,788.0,1439.0,-7.453875332171397,1.0,833.0868445608894,454.0,802.0,1335.0,-7.413470385216711,jump_ar1__k1000,0.41929064776295843,False,0.00957120351294527,False,notification_index_forecast,prequential,0.9209293034346846,0.019999999999999896,0.023421568742036304,0.035649127823279184,0.8302932472604123,0.10010996105145939,4.656153365144714e-17,0.06959679168812827,30.499999999999996,0.0,145.0,-14.652942557425238,162.0137955706969,0.0,765.0,-8.083235239232364,1073.1990682415976,2.0,5061.0,-7.674138582499739
United_Kingdom,2024,2024-08-05_2024-08-12,357.0,7.0,733.5904654769665,550.166857128635,21.375,710.0,1272.75,-8.624629038601864,1.0,749.7499853272344,412.75,723.0,1213.0,-8.755237896063742,jump_ar1__k1000,0.41929064776295843,False,0.00957120351294527,False,notification_index_forecast,prequential,0.9209293034346846,0.019999999999999896,0.023421568742036304,0.035649127823279184,0.8302932472604123,0.10010996105145939,4.656153365144714e-17,0.06959679168812827,25.5,0.0,121.0,-13.08977617565808,167.23749401217913,0.0,790.0,-7.4254946663575065,1085.489930327835,2.0,5119.0,-7.463004097618935
United_Kingdom,2024,2024-08-12_2024-08-19,488.0,7.0,644.4691292784233,503.4040709912003,28.375,628.0,1092.125,-6.382504841369734,1.0,653.0884499402673,354.0,636.0,1033.625,-6.314888866695319,jump_ar1__k1000,0.41929064776295843,False,0.00957120351294527,False,notification_index_forecast,prequential,0.9209293034346846,0.019999999999999896,0.023421568742036304,0.035649127823279184,0.8302932472604123,0.10010996105145939,4.656153365144714e-17,0.06959679168812827,33.5,0.0,159.0,-13.72083525290946,170.93812275175046,0.0,807.0,-7.984208678589233,1075.6840725844995,2.0,5073.0,-7.662280694982016
United_Kingdom,2024,2024-08-19_2024-08-26,248.0,7.0,615.8985734785316,477.54796493199296,29.0,594.0,1077.25,-9.232829243238573,1.0,621.6554560203464,350.375,602.0,996.625,-9.874238811717712,jump_ar1__k1000,0.41929064776295843,False,0.00957120351294527,False,notification_index_forecast,prequential,0.9209293034346846,0.019999999999999896,0.023421568742036304,0.035649127823279184,0.8302932472604123,0.10010996105145939,4.656153365144714e-17,0.06959679168812827,29.5,0.0,140.0,-9.84416357164549,176.09705440916113,0.0,831.0,-6.883530119852402,1085.1142927252206,2.0,5117.0,-7.250436516822404
United_Kingdom,2024,2024-08-26_2024-09-02,239.0,7.0,540.1578120713156,405.8518298276545,18.0,513.5,978.625,-8.490086931795588,1.0,540.938844607929,287.0,517.0,889.25,-8.696032177094008,jump_ar1__k1000,0.41929064776295843,False,0.00957120351294527,False,notification_index_forecast,prequential,0.9209293034346846,0.019999999999999896,0.023421568742036304,0.035649127823279184,0.8302932472604123,0.10010996105145939,4.656153365144714e-17,0.06959679168812827,18.5,0.0,88.0,-12.0943955218453,178.0048534477523,0.0,840.0,-6.83633877247565,1050.5790206141637,2.0,4954.0,-7.215550119729306
United_Kingdom,2024,2024-09-02_2024-09-09,292.0,7.0,470.3404233508785,376.64010829862497,30.0,437.0,941.875,-6.492181071347485,1.0,466.17315297103795,228.0,440.0,749.25,-6.439167050192906,jump_ar1__k1000,0.41929064776295843,False,0.00957120351294527,False,notification_index_forecast,prequential,0.9209293034346846,0.019999999999999896,0.023421568742036304,0.035649127823279184,0.8302932472604123,0.10010996105145939,4.656153365144714e-17,0.06959679168812827,31.5,0.0,150.0,-10.445195424414358,179.72088957389838,0.0,848.0,-7.088814601999144,1015.1317394122456,2.0,4787.0,-7.315440207312051
United_Kingdom,2024,2024-09-09_2024-09-16,224.0,7.0,408.2906443466506,329.8416908285203,28.0,384.0,706.0,-6.632129427058355,1.0,399.56952836421294,201.0,389.0,661.625,-6.594036785316824,jump_ar1__k1000,0.41929064776295843,False,0.00957120351294527,False,notification_index_forecast,prequential,0.9209293034346846,0.019999999999999896,0.023421568742036304,0.035649127823279184,0.8302932472604123,0.10010996105145939,4.656153365144714e-17,0.06959679168812827,30.499999999999996,0.0,145.0,-9.216048337833012,182.33294654507696,0.0,861.0,-6.757099422585602,993.9887856635787,2.0,4687.0,-7.154984735799961
United_Kingdom,2024,2024-09-16_2024-09-23,309.0,7.0,321.99845217547676,270.42439719943474,29.0,286.0,589.0,-5.544916702333962,1.0,307.04686945232504,162.0,291.0,531.625,-5.473534516912531,jump_ar1__k1000,0.41929064776295843,False,0.00957120351294527,False,notification_index_forecast,prequential,0.9209293034346846,0.019999999999999896,0.023421568742036304,0.035649127823279184,0.8302932472604123,0.10010996105145939,4.656153365144714e-17,0.06959679168812827,38.5,0.0,183.0,-9.881490077451447,183.6063638106898,0.0,867.0,-7.158548296591081,958.2182113070535,2.0,4519.0,-7.326329141585825
United_Kingdom,2024,2024-09-23_2024-09-30,361.0,7.0,317.73132105636995,270.25705603019145,37.0,286.0,563.0,-5.907406657265428,1.0,302.8608953840709,163.0,294.0,513.0,-5.838659489402389,jump_ar1__k1000,0.41929064776295843,False,0.00957120351294527,False,notification_index_forecast,prequential,0.9209293034346846,0.019999999999999896,0.023421568742036304,0.035649127823279184,0.8302932472604123,0.10010996105145939,4.656153365144714e-17,0.06959679168812827,43.5,0.0,206.0,-10.176526198183277,186.46387426775178,0.0,880.0,-7.378764740085568,941.974551245982,2.0,4442.0,-7.417482404469874
United_Kingdom,2024,2024-09-30_2024-10-07,264.0,7.0,334.1104931328638,283.3588869138528,27.375,310.0,607.625,-5.47897875875785,1.0,320.8181198870609,173.375,308.0,545.625,-5.409082439845497,jump_ar1__k1000,0.41929064776295843,False,0.00957120351294527,False,notification_index_forecast,prequential,0.9209293034346846,0.019999999999999896,0.023421568742036304,0.035649127823279184,0.8302932472604123,0.10010996105145939,4.656153365144714e-17,0.06959679168812827,43.5,0.0,206.0,-8.769946755332215,190.03337852801073,0.0,897.0,-6.942868365307069,935.1927425220756,2.0,4410.0,-7.222426957159811
United_Kingdom,2024,2024-10-07_2024-10-14,233.0,7.0,316.7643133432888,261.4391526382625,30.0,292.0,557.75,-5.516824308847141,1.0,303.1299322698171,165.0,295.0,508.25,-5.448578241288782,jump_ar1__k1000,0.41929064776295843,False,0.00957120351294527,False,notification_index_forecast,prequential,0.9209293034346846,0.019999999999999896,0.023421568742036304,0.035649127823279184,0.8302932472604123,0.10010996105145939,4.656153365144714e-17,0.06959679168812827,31.5,0.0,150.0,-9.282163615319433,191.96114582521156,0.0,906.0,-6.794914217478767,911.0193370254053,2.0,4296.0,-7.139094170426186
United_Kingdom,2024,2024-10-14_2024-10-21,323.0,7.0,312.2096176967242,263.09191313059637,32.375,271.0,526.875,-5.61400273146643,1.0,299.1363576868571,155.375,274.0,450.0,-5.543171813642405,jump_ar1__k1000,0.41929064776295843,False,0.00957120351294527,False,notification_index_forecast,prequential,0.9209293034346846,0.019999999999999896,0.023421568742036304,0.035649127823279184,0.8302932472604123,0.10010996105145939,4.656153365144714e-17,0.06959679168812827,38.5,0.0,183.0,-10.107837614370284,193.17995868320656,0.0,912.0,-7.200298848966787,881.6934499522505,2.0,4158.0,-7.32253000708307
United_Kingdom,2024,2024-10-21_2024-10-28,288.0,7.0,308.86106713540124,258.4539932614356,36.0,280.5,622.625,-5.33985586074571,1.0,295.9403723048292,163.0,284.0,470.0,-5.26731474935218,jump_ar1__k1000,0.41929064776295843,False,0.00957120351294527,False,notification_index_forecast,prequential,0.9209293034346846,0.019999999999999896,0.023421568742036304,0.035649127823279184,0.8302932472604123,0.10010996105145939,4.656153365144714e-17,0.06959679168812827,35.5,0.0,168.0,-9.852273153339269,196.11052019047557,0.0,926.0,-7.043440506350816,870.0827222084545,2.0,4103.0,-7.245898795255363
United_Kingdom,2024,2024-10-28_2024-11-04,233.0,7.0,300.2235505496122,256.6556870180062,27.375,276.0,502.0,-5.410670768606415,1.0,286.97899848791326,150.375,280.0,464.625,-5.3418883614922406,jump_ar1__k1000,0.41929064776295843,False,0.00957120351294527,False,notification_index_forecast,prequential,0.9209293034346846,0.019999999999999896,0.023421568742036304,0.035649127823279184,0.8302932472604123,0.10010996105145939,4.656153365144714e-17,0.06959679168812827,43.5,0.0,206.0,-8.30985866549842,198.3493771325825,0.0,936.0,-6.791270864972983,853.3316144817169,2.0,4024.0,-7.111441694517225
United_Kingdom,2024,2024-11-04_2024-11-11,262.0,7.0,289.82499678998283,243.6689870258745,29.375,267.0,508.0,-5.258006489709739,1.0,276.879021970625,154.0,269.0,431.625,-5.185709990834169,jump_ar1__k1000,0.41929064776295843,False,0.00957120351294527,False,notification_index_forecast,prequential,0.9209293034346846,0.019999999999999896,0.023421568742036304,0.035649127823279184,0.8302932472604123,0.10010996105145939,4.656153365144714e-17,0.06959679168812827,35.5,0.0,168.0,-9.394375595390269,199.44077489629575,0.0,941.0,-6.924015842855718,826.3252968692165,2.0,3897.0,-7.16806410609758
United_Kingdom,2024,2024-11-11_2024-11-18,142.0,7.0,286.74702203656574,251.41494106263016,27.0,260.0,531.875,-7.009534209454891,1.0,273.85901436046413,150.0,265.0,443.625,-7.053264558460702,jump_ar1__k1000,0.41929064776295843,False,0.00957120351294527,False,notification_index_forecast,prequential,0.9209293034346846,0.019999999999999896,0.023421568742036304,0.035649127823279184,0.8302932472604123,0.10010996105145939,4.656153365144714e-17,0.06959679168812827,54.5,0.0,258.0,-6.658530399314029,201.1436615034624,0.0,949.0,-6.320038412612906,806.2225463080702,2.0,3802.0,-6.8129578792099315
United_Kingdom,2024,2024-11-18_2024-11-25,253.0,7.0,256.95805961582033,226.9866734435258,38.0,233.0,471.625,-5.235545167313178,1.0,243.37050737742965,131.0,236.0,391.0,-5.164369596899234,jump_ar1__k1000,0.41929064776295843,False,0.00957120351294527,False,notification_index_forecast,prequential,0.9209293034346846,0.019999999999999896,0.023421568742036304,0.035649127823279184,0.8302932472604123,0.10010996105145939,4.656153365144714e-17,0.06959679168812827,54.5,0.0,258.0,-8.068526373895924,199.49176187196807,0.0,942.0,-6.883227394351172,759.3065923017625,1.0,3581.0,-7.113893249208532
United_Kingdom,2024,2024-11-25_2024-12-02,235.0,7.0,256.99686098121526,229.04375131053,29.375,235.0,463.125,-5.16839989049832,1.0,243.9652888791131,127.0,235.0,389.0,-5.097663218339514,jump_ar1__k1000,0.41929064776295843,False,0.00957120351294527,False,notification_index_forecast,prequential,0.9209293034346846,0.019999999999999896,0.023421568742036304,0.035649127823279184,0.8302932472604123,0.10010996105145939,4.656153365144714e-17,0.06959679168812827,59.5,0.0,282.0,-7.692005499029942,200.95605260260038,0.0,949.0,-6.799362837223618,741.2627754139878,1.0,3496.0,-7.059446643565395
United_Kingdom,2024,2024-12-02_2024-12-09,210.0,7.0,258.35853638781686,239.08465522729927,49.0,237.0,485.0,-5.172639213216151,1.0,245.5937770307999,134.0,238.5,395.0,-5.1047167580183395,jump_ar1__k1000,0.41929064776295843,False,0.00957120351294527,False,notification_index_forecast,prequential,0.9209293034346846,0.019999999999999896,0.023421568742036304,0.035649127823279184,0.8302932472604123,0.10010996105145939,4.656153365144714e-17,0.06959679168812827,88.5,0.0,418.0,-6.970677878467228,202.01704059241985,0.0,954.0,-6.680063551328766,720.4236384958649,1.0,3398.0,-6.980642649606657
United_Kingdom,2024,2024-12-09_2024-12-16,205.0,7.0,249.92513850346194,245.8588232151539,52.375,229.0,445.0,-5.12471779507909,1.0,235.62484391105448,129.0,229.0,374.0,-5.057540590841534,jump_ar1__k1000,0.41929064776295843,False,0.00957120351294527,False,notification_index_forecast,prequential,0.9209293034346846,0.019999999999999896,0.023421568742036304,0.035649127823279184,0.8302932472604123,0.10010996105145939,4.656153365144714e-17,0.06959679168812827,169.5,0.0,800.0,-6.666614557583305,202.46832209208446,0.0,956.0,-6.655607602604557,695.6464552939126,1.0,3281.0,-6.952142096673144
United_Kingdom,2024,2024-12-16_2024-12-23,171.0,7.0,244.38084020897995,239.7028607552892,44.0,222.0,448.0,-5.330390136282756,1.0,230.72226655235553,122.0,224.0,376.0,-5.269963344918631,jump_ar1__k1000,0.41929064776295843,False,0.00957120351294527,False,notification_index_forecast,prequential,0.9209293034346846,0.019999999999999896,0.023421568742036304,0.035649127823279184,0.8302932472604123,0.10010996105145939,4.656153365144714e-17,0.06959679168812827,160.5,0.0,758.0,-6.475670287114722,202.7494373570471,0.0,957.0,-6.482355944396107,671.6359014524094,1.0,3168.0,-6.831961083773139
United_Kingdom,2024,2024-12-23_2024-12-30,114.0,7.0,228.3996114190119,220.44459136132997,42.0,206.0,401.875,-6.596891844841804,1.0,215.253525948461,117.0,208.0,349.0,-6.626965733438153,jump_ar1__k1000,0.41929064776295843,False,0.00957120351294527,False,notification_index_forecast,prequential,0.9209293034346846,0.019999999999999896,0.023421568742036304,0.035649127823279184,0.8302932472604123,0.10010996105145939,4.656153365144714e-17,0.06959679168812827,127.5,0.0,602.0,-6.073323221939111,202.05562073028167,0.0,954.0,-6.148103152494727,641.9195501283328,1.0,3028.0,-6.589722666993835
Japan,2024,2024-01-01_2024-01-08,3.0,7.0,21.016432896100966,20.275357447420312,2.0,21.0,41.0,-5.34621134563562,1.0,21.675104776792413,9.0,21.0,39.0,-8.385732535256817,jump_ar1__k1000,4.360236511815075,False,0.00509533147493707,False,notification_index_forecast,prequential,0.9209293034346843,0.019999999999999997,0.023421568742036415,0.035649127823279295,0.8544880240158369,0.03049262126887776,6.359485159582131e-18,0.11501935471528542,3.5,0.0,18.0,-2.527397065351435,13.135514583370677,0.0,63.0,-2.8972234854339436,19.005777580815085,0.0,91.0,-3.0630197660373057
Japan,2024,2024-01-08_2024-01-15,5.0,7.0,18.487047099076953,18.27627753040995,3.0,18.0,35.0,-5.045565514896407,1.0,18.89392065522452,7.0,18.0,34.0,-5.666116358804104,jump_ar1__k1000,4.360236511815075,False,0.00509533147493707,False,notification_index_forecast,prequential,0.9209293034346843,0.019999999999999997,0.023421568742036415,0.035649127823279295,0.8544880240158369,0.03049262126887776,6.359485159582131e-18,0.11501935471528542,8.5,0.0,41.0,-3.059893920416002,12.676982215077548,0.0,61.0,-3.1721052747657015,17.396417202494824,0.0,83.0,-3.288058307220262
Japan,2024,2024-01-15_2024-01-22,7.0,7.0,15.808924229104072,15.688305269746998,1.0,16.0,32.0,-3.8818043860936635,1.0,16.07482855310336,3.0,16.0,30.0,-3.9354427967404506,jump_ar1__k1000,4.360236511815075,False,0.00509533147493707,False,notification_index_forecast,prequential,0.9209293034346843,0.019999999999999997,0.023421568742036415,0.035649127823279295,0.8544880240158369,0.03049262126887776,6.359485159582131e-18,0.11501935471528542,6.5,0.0,32.0,-3.318922667305963,12.398549487863827,0.0,60.0,-3.3915415441277657,16.402928302476763,0.0,78.0,-3.4700602904145548
Japan,2024,2024-01-22_2024-01-29,8.0,7.0,13.170783006727861,13.321092402091946,1.0,13.0,29.0,-3.447811852035914,1.0,13.172527125025098,2.0,13.0,28.0,-3.4429627092941395,jump_ar1__k1000,4.360236511815075,False,0.00509533147493707,False,notification_index_forecast,prequential,0.9209293034346843,0.019999999999999997,0.023421568742036415,0.035649127823279295,0.8544880240158369,0.03049262126887776,6.359485159582131e-18,0.11501935471528542,9.5,0.0,46.0,-3.453532946018594,12.232238236052916,0.0,59.0,-3.488865791180346,15.801748953910723,0.0,76.0,-3.548678002450294
Japan,2024,2024-01-29_2024-02-05,14.0,7.0,12.11525663421615,12.302066559968342,1.0,12.0,29.0,-3.0472591418751946,1.0,12.046584176849926,1.0,12.0,27.0,-2.9956986050045176,jump_ar1__k1000,4.360236511815075,False,0.00509533147493707,False,notification_index_forecast,prequential,0.9209293034346843,0.019999999999999997,0.023421568742036415,0.035649127823279295,0.8544880240158369,0.03049262126887776,6.359485159582131e-18,0.11501935471528542,9.5,0.0,46.0,-4.037454052216955,12.113357573122151,0.0,58.0,-3.9966183297983937,15.357750828596501,0.0,73.0,-3.992867514353315
Japan,2024,2024-02-05_2024-02-12,8.0,7.0,15.548173442945671,15.564432301194985,3.0,15.0,30.0,-3.4329213364231728,1.0,15.705066844207806,6.0,15.0,29.0,-3.426309666092023,jump_ar1__k1000,4.360236511815075,False,0.00509533147493707,False,notification_index_forecast,prequential,0.9209293034346843,0.019999999999999997,0.023421568742036415,0.035649127823279295,0.8544880240158369,0.03049262126887776,6.359485159582131e-18,0.11501935471528542,12.5,0.0,60.0,-3.493065632474103,12.172570557606857,0.0,58.0,-3.487941123178623,15.42299936081202,0.0,74.0,-3.5421189390726235
Japan,2024,2024-02-12_2024-02-19,8.0,7.0,15.73508274346877,15.68149182966815,3.0,14.0,31.0,-3.2969775713210066,1.0,15.949078032079193,5.0,15.0,29.0,-3.2809364621266535,jump_ar1__k1000,4.360236511815075,False,0.00509533147493707,False,notification_index_forecast,prequential,0.9209293034346843,0.019999999999999997,0.023421568742036415,0.035649127823279295,0.8544880240158369,0.03049262126887776,6.359485159582131e-18,0.11501935471528542,11.5,0.0,55.0,-3.4778512528633394,12.056323550068157,0.0,58.0,-3.4861522618393876,14.999845516762237,0.0,72.0,-3.5348131060847505
Japan,2024,2024-02-19_2024-02-26,7.0,7.0,14.175599952866884,14.216985962253412,2.0,13.0,30.0,-3.345783592215574,1.0,14.274335467879354,4.0,14.0,27.0,-3.340967245422511,jump_ar1__k1000,4.360236511815075,False,0.00509533147493707,False,notification_index_forecast,prequential,0.9209293034346843,0.019999999999999997,0.023421568742036415,0.035649127823279295,0.8544880240158369,0.03049262126887776,6.359485159582131e-18,0.11501935471528542,11.5,0.0,55.0,-3.3744709536976014,11.94783005286204,0.0,57.0,-3.3829045014682912,14.589675604877753,0.0,70.0,-3.434521343956754
Japan,2024,2024-02-26_2024-03-04,12.0,7.0,12.679900575329645,12.756999952438623,1.0,12.0,26.0,-2.7254095217396563,1.0,12.715947557961155,3.0,12.0,25.0,-2.6691347904204052,jump_ar1__k1000,4.360236511815075,False,0.00509533147493707,False,notification_index_forecast,prequential,0.9209293034346843,0.019999999999999997,0.023421568742036415,0.035649127823279295,0.8544880240158369,0.03049262126887776,6.359485159582131e-18,0.11501935471528542,9.5,0.0,46.0,-3.8558591200702512,11.800778405945069,0.0,57.0,-3.839853353583339,14.110278044211947,0.0,68.0,-3.8466336555036356
Japan,2024,2024-03-04_2024-03-11,10.0,7.0,13.513783319406805,13.334529384905801,1.0,13.0,28.0,-2.730743340128908,1.0,13.730165077507316,4.0,13.0,27.0,-2.677926290410814,jump_ar1__k1000,4.360236511815075,False,0.00509533147493707,False,notification_index_forecast,prequential,0.9209293034346843,0.019999999999999997,0.023421568742036415,0.035649127823279295,0.8544880240158369,0.03049262126887776,6.359485159582131e-18,0.11501935471528542,4.5,0.0,22.0,-3.8833969307090723,11.818151853251607,0.0,57.0,-3.669363152349015,14.094939573020586,0.0,68.0,-3.691111439927921
Japan,2024,2024-03-11_2024-03-18,6.0,7.0,13.495132811753374,13.472789387777077,2.0,13.0,27.0,-3.3356870139543693,1.0,13.630347758474075,4.0,13.0,26.0,-3.3413033454442607,jump_ar1__k1000,4.360236511815075,False,0.00509533147493707,False,notification_index_forecast,prequential,0.9209293034346843,0.019999999999999997,0.023421568742036415,0.035649127823279295,0.8544880240158369,0.03049262126887776,6.359485159582131e-18,0.11501935471528542,8.5,0.0,41.0,-3.1988210235267367,11.780607637030613,0.0,57.0,-3.269442011770962,13.930939231881014,0.0,67.0,-3.318440651266739
Japan,2024,2024-03-18_2024-03-25,4.0,7.0,11.466088421968433,11.423060044262279,1.0,11.0,25.0,-3.3670033714220358,1.0,11.539902632621835,3.0,11.0,24.0,-3.4098251214789306,jump_ar1__k1000,4.360236511815075,False,0.00509533147493707,False,notification_index_forecast,prequential,0.9209293034346843,0.019999999999999997,0.023421568742036415,0.035649127823279295,0.8544880240158369,0.03049262126887776,6.359485159582131e-18,0.11501935471528542,4.5,0.0,22.0,-2.7905879273167367,11.595092399092534,0.0,56.0,-3.0061024647190164,13.382618432442502,0.0,64.0,-3.059576003643868
Japan,2024,2024-03-25_2024-04-01,14.0,7.0,9.095172159011986,9.300960624507733,1.0,8.0,22.0,-3.481184258959945,1.0,8.6988923455441,2.0,8.0,19.0,-3.4469738072539258,jump_ar1__k1000,4.360236511815075,False,0.00509533147493707,False,notification_index_forecast,prequential,0.9209293034346843,0.019999999999999997,0.023421568742036415,0.035649127823279295,0.8544880240158369,0.03049262126887776,6.359485159582131e-18,0.11501935471528542,18.5,0.0,88.0,-4.01028614785755,11.30299498594554,0.0,54.0,-4.004081500895457,12.605453315721437,0.0,60.0,-3.993707912798472
Japan,2024,2024-04-01_2024-04-08,27.0,7.0,11.055944115356402,11.206503111398144,2.0,10.0,24.0,-6.127953675962021,0.0,10.886222180873734,3.0,10.0,22.0,-6.384446415457781,jump_ar1__k1000,4.360236511815075,False,0.00509533147493707,False,notification_index_forecast,prequential,0.9209293034346843,0.019999999999999997,0.023421568742036415,0.035649127823279295,0.8544880240158369,0.03049262126887776,6.359485159582131e-18,0.11501935471528542,15.5,0.0,74.0,-4.741804854096841,11.386179231335172,0.0,55.0,-4.918526071465189,12.730211183930578,0.0,61.0,-4.842378530716662
Japan,2024,2024-04-08_2024-04-15,21.0,7.0,14.915706102231105,14.716782301292803,2.0,14.0,32.0,-3.5143162447409275,1.0,15.198140038239298,5.375,14.0,30.0,-3.4610734607942417,jump_ar1__k1000,4.360236511815075,False,0.00509533147493707,False,notification_index_forecast,prequential,0.9209293034346843,0.019999999999999997,0.023421568742036415,0.035649127823279295,0.8544880240158369,0.03049262126887776,6.359485159582131e-18,0.11501935471528542,8.5,0.0,41.0,-4.698641038380921,11.664861814126427,0.0,56.0,-4.506532851601876,13.354722809117296,0.0,64.0,-4.4556944278694335
Japan,2024,2024-04-15_2024-04-22,14.0,7.0,16.31965506202498,15.972827992748288,2.0,16.0,34.0,-2.7590191691481505,1.0,16.722582623530556,6.0,16.0,32.0,-2.699203403665706,jump_ar1__k1000,4.360236511815075,False,0.00509533147493707,False,notification_index_forecast,prequential,0.9209293034346843,0.019999999999999997,0.023421568742036415,0.035649127823279295,0.8544880240158369,0.03049262126887776,6.359485159582131e-18,0.11501935471528542,7.5,0.0,36.0,-4.121673749521664,11.861143048846822,0.0,57.0,-3.998557627726844,13.788054509130522,0.0,66.0,-3.9906320897494765
Japan,2024,2024-04-22_2024-04-29,24.0,7.0,15.914905290727123,15.826267935989854,3.0,15.0,33.0,-3.8253590592963445,1.0,16.082121912517767,6.375,16.0,29.0,-3.779069081540161,jump_ar1__k1000,4.360236511815075,False,0.00509533147493707,False,notification_index_forecast,prequential,0.9209293034346843,0.019999999999999997,0.023421568742036415,0.035649127823279295,0.8544880240158369,0.03049262126887776,6.359485159582131e-18,0.11501935471528542,16.5,0.0,79.0,-4.565655686029196,11.928536003444993,0.0,57.0,-4.6942256767286565,13.885976019886353,0.0,67.0,-4.62177163080305
Japan,2024,2024-04-29_2024-05-06,14.0,7.0,17.250709436047302,16.804685799262696,2.0,16.0,34.0,-2.829670582583397,1.0,17.723498949335852,7.0,17.0,33.0,-2.771127189243219,jump_ar1__k1000,4.360236511815075,False,0.00509533147493707,False,notification_index_forecast,prequential,0.9209293034346843,0.019999999999999997,0.023421568742036415,0.035649127823279295,0.8544880240158369,0.03049262126887776,6.359485159582131e-18,0.11501935471528542,6.5,0.0,32.0,-4.198186624127013,12.168605039945348,0.0,58.0,-3.9962358191683833,14.407423298499594,0.0,69.0,-3.990792774386035
Japan,2024,2024-05-06_2024-05-13,19.0,7.0,17.125214120812043,16.95111776709848,2.0,16.0,31.625,-2.929133340832815,1.0,17.409224497346763,7.0,17.0,31.0,-2.866540740092071,jump_ar1__k1000,4.360236511815075,False,0.00509533147493707,False,notification_index_forecast,prequential,0.9209293034346843,0.019999999999999997,0.023421568742036415,0.035649127823279295,0.8544880240158369,0.03049262126887776,6.359485159582131e-18,0.11501935471528542,14.500000000000002,0.0,69.0,-4.312846940449095,12.230241421405955,0.0,59.0,-4.353035987341196,14.477147758220005,0.0,69.0,-4.313118539941164
Japan,2024,2024-05-13_2024-05-20,20.0,7.0,17.796843107254798,17.679424310786743,3.0,17.0,33.0,-2.98448536040908,1.0,17.947991574680064,7.0,17.0,32.0,-2.921964578940208,jump_ar1__k1000,4.360236511815075,False,0.00509533147493707,False,notification_index_forecast,prequential,0.9209293034346843,0.019999999999999997,0.023421568742036415,0.035649127823279295,0.8544880240158369,0.03049262126887776,6.359485159582131e-18,0.11501935471528542,22.5,0.0,107.0,-4.344908320615508,12.387068978012252,0.0,59.0,-4.416083129732355,14.807855703205355,0.0,71.0,-4.368972861663896
Japan,2024,2024-05-20_2024-05-27,21.0,7.0,18.473875450987887,18.339407299557628,3.0,18.0,35.0,-3.0337007956409376,1.0,18.642660256967694,7.0,18.0,33.0,-2.971087750614404,jump_ar1__k1000,4.360236511815075,False,0.00509533147493707,False,notification_index_forecast,prequential,0.9209293034346843,0.019999999999999997,0.023421568742036415,0.035649127823279295,0.8544880240158369,0.03049262126887776,6.359485159582131e-18,0.11501935471528542,23.5,0.0,112.0,-4.392702823705987,12.557073066279829,0.0,60.0,-4.476778853098568,15.181212259423116,0.0,73.0,-4.421989415021745
Japan,2024,2024-05-27_2024-06-03,33.0,7.0,19.17017967365966,18.988178052620327,2.0,19.0,36.0,-4.792292010221005,1.0,19.443579665624437,8.0,19.0,35.0,-4.773138331844685,jump_ar1__k1000,4.360236511815075,False,0.00509533147493707,False,notification_index_forecast,prequential,0.9209293034346843,0.019999999999999997,0.023421568742036415,0.035649127823279295,0.8544880240158369,0.03049262126887776,6.359485159582131e-18,0.11501935471528542,20.5,0.0,98.0,-4.911378149545039,12.742721032131916,0.0,61.0,-5.191039329376206,15.584192748241534,0.0,75.0,-5.041439460495962
Japan,2024,2024-06-03_2024-06-10,26.0,7.0,21.893825186377597,21.474597721505646,2.0,20.0,43.0,-3.3030595849387625,1.0,22.4263573587439,9.0,21.0,41.0,-3.2405874962822043,jump_ar1__k1000,4.360236511815075,False,0.00509533147493707,False,notification_index_forecast,prequential,0.9209293034346843,0.019999999999999997,0.023421568742036415,0.035649127823279295,0.8544880240158369,0.03049262126887776,6.359485159582131e-18,0.11501935471528542,17.5,0.0,84.0,-4.65043898332571,13.085121112318502,0.0,63.0,-4.766980144937791,16.38922176942304,0.0,78.0,-4.66996624175961
Japan,2024,2024-06-10_2024-06-17,54.0,7.0,22.757288185880725,22.409963745891947,4.0,22.0,43.0,-7.5040345231214785,0.0,23.182649924076856,10.0,22.0,40.0,-7.931788856877162,jump_ar1__k1000,4.360236511815075,False,0.00509533147493707,False,notification_index_forecast,prequential,0.9209293034346843,0.019999999999999997,0.023421568742036415,0.035649127823279295,0.8544880240158369,0.03049262126887776,6.359485159582131e-18,0.11501935471528542,24.5,0.0,117.0,-5.558995098985121,13.337990929946333,0.0,64.0,-6.246698143811699,16.979654343431623,0.0,81.0,-5.899629091506618
Japan,2024,2024-06-17_2024-06-24,33.0,7.0,32.02765626756057,30.828505429456232,4.0,30.0,71.0,-3.539064982865352,1.0,33.053585085441426,14.0,30.0,68.0,-3.475784868274217,jump_ar1__k1000,4.360236511815075,False,0.00509533147493707,False,notification_index_forecast,prequential,0.9209293034346843,0.019999999999999997,0.023421568742036415,0.035649127823279295,0.8544880240158369,0.03049262126887776,6.359485159582131e-18,0.11501935471528542,30.499999999999996,0.0,145.0,-4.838137931133456,13.857837152745049,0.0,66.0,-5.122429563862425,18.319351220999657,0.0,87.0,-4.9555715481088445
Japan,2024,2024-06-24_2024-07-01,37.0,7.0,31.62989113698148,30.154793892199784,2.0,29.0,60.0,-3.711402427916841,1.0,32.9500306381629,13.0,30.0,59.0,-3.6466300844963175,jump_ar1__k1000,4.360236511815075,False,0.00509533147493707,False,notification_index_forecast,prequential,0.9209293034346843,0.019999999999999997,0.023421568742036415,0.035649127823279295,0.8544880240158369,0.03049262126887776,6.359485159582131e-18,0.11501935471528542,13.5,0.0,65.0,-5.357882270054663,14.19264486872566,0.0,68.0,-5.311665723157381,19.154139455735965,0.0,91.0,-5.10316708581981
Japan,2024,2024-07-01_2024-07-08,62.0,7.0,31.175452577071955,30.17588380673288,3.0,30.0,58.625,-6.362900703494094,0.0,32.23538210741721,14.0,31.0,58.0,-6.389298156849247,jump_ar1__k1000,4.360236511815075,False,0.00509533147493707,False,notification_index_forecast,prequential,0.9209293034346843,0.019999999999999997,0.023421568742036415,0.035649127823279295,0.8544880240158369,0.03049262126887776,6.359485159582131e-18,0.11501935471528542,21.5,0.0,102.0,-5.927782675936971,14.567717045342993,0.0,70.0,-6.474789487586919,20.13361460912391,0.0,96.0,-6.0005407996382845
Japan,2024,2024-07-08_2024-07-15,55.0,7.0,42.49187678559428,40.24840234902631,4.0,41.0,83.0,-4.2467336567507425,1.0,44.33711005103845,20.0,42.0,82.0,-4.182190796167012,jump_ar1__k1000,4.360236511815075,False,0.00509533147493707,False,notification_index_forecast,prequential,0.9209293034346843,0.019999999999999997,0.023421568742036415,0.035649127823279295,0.8544880240158369,0.03049262126887776,6.359485159582131e-18,0.11501935471528542,26.5,0.0,126.0,-5.538809770969918,15.150802350929231,0.0,72.0,-6.09445069501197,21.758662794512357,0.0,104.0,-5.682041651171657
Japan,2024,2024-07-15_2024-07-22,53.0,7.0,49.074120913615765,46.066945236762635,4.0,48.0,88.625,-3.87968267426582,1.0,51.39122769822129,23.0,50.0,89.0,-3.8110743921167787,jump_ar1__k1000,4.360236511815075,False,0.00509533147493707,False,notification_index_forecast,prequential,0.9209293034346843,0.019999999999999997,0.023421568742036415,0.035649127823279295,0.8544880240158369,0.03049262126887776,6.359485159582131e-18,0.11501935471528542,27.5,0.0,131.0,-5.460130291346325,15.694953140407634,0.0,75.0,-5.956629482640439,23.24974027603684,0.0,111.0,-5.563800057220023
Japan,2024,2024-07-22_2024-07-29,58.0,7.0,51.59315239757597,48.31775190295313,5.0,51.0,94.0,-3.9268914109393918,1.0,54.121859476815274,26.0,52.0,92.625,-3.85685349824353,jump_ar1__k1000,4.360236511815075,False,0.00509533147493707,False,notification_index_forecast,prequential,0.9209293034346843,0.019999999999999997,0.023421568742036415,0.035649127823279295,0.8544880240158369,0.03049262126887776,6.359485159582131e-18,0.11501935471528542,24.5,0.0,117.0,-5.681998634170051,16.230155093752522,0.0,78.0,-6.125621378420385,24.702157094719507,0.0,118.0,-5.675730639885404
Japan,2024,2024-07-29_2024-08-05,55.0,7.0,53.652190327261124,50.002780376974115,5.0,54.0,94.0,-3.8042095903846755,1.0,56.41076068039232,27.0,55.0,94.0,-3.7335114416812845,jump_ar1__k1000,4.360236511815075,False,0.00509533147493707,False,notification_index_forecast,prequential,0.9209293034346843,0.019999999999999997,0.023421568742036415,0.035649127823279295,0.8544880240158369,0.03049262126887776,6.359485159582131e-18,0.11501935471528542,18.5,0.0,88.0,-5.840204247748134,16.808013427762447,0.0,80.0,-5.953431298851701,26.317551172140785,0.0,125.0,-5.543018681590519
Japan,2024,2024-08-05_2024-08-12,74.0,7.0,54.64125686412386,50.60846613459754,4.0,54.0,98.0,-4.494886040273033,1.0,57.54071469870016,28.0,56.0,97.0,-4.424109360712485,jump_ar1__k1000,4.360236511815075,False,0.00509533147493707,False,notification_index_forecast,prequential,0.9209293034346843,0.019999999999999997,0.023421568742036415,0.035649127823279295,0.8544880240158369,0.03049262126887776,6.359485159582131e-18,0.11501935471528542,12.5,0.0,60.0,-7.393095275644087,17.36555841270577,0.0,83.0,-6.65758333590697,27.87159176332368,0.0,132.0,-6.023229736139116
Japan,2024,2024-08-12_2024-08-19,60.0,7.0,58.2443654388333,54.10449555687774,4.375,58.0,100.0,-3.855310659892552,1.0,61.31138340497861,31.0,59.0,101.0,-3.783356399016032,jump_ar1__k1000,4.360236511815075,False,0.00509533147493707,False,notification_index_forecast,prequential,0.9209293034346843,0.019999999999999997,0.023421568742036415,0.035649127823279295,0.8544880240158369,0.03049262126887776,6.359485159582131e-18,0.11501935471528542,14.500000000000002,0.0,69.0,-6.391561318736835,18.070307050197098,0.0,86.0,-6.059920965456737,29.949705743049993,0.0,142.0,-5.60494277993637
Japan,2024,2024-08-19_2024-08-26,96.0,7.0,58.7400015900416,55.12549220908593,6.0,59.0,102.0,-5.64669469994181,1.0,61.679578435667736,31.0,60.0,101.0,-5.589226002694891,jump_ar1__k1000,4.360236511815075,False,0.00509533147493707,False,notification_index_forecast,prequential,0.9209293034346843,0.019999999999999997,0.023421568742036415,0.035649127823279295,0.8544880240158369,0.03049262126887776,6.359485159582131e-18,0.11501935471528542,18.5,0.0,88.0,-7.3308462035863835,18.676172727849956,0.0,89.0,-7.308832342136194,31.69909590370753,0.0,151.0,-6.420708125422217
Japan,2024,2024-08-26_2024-09-02,92.0,7.0,66.01769270682121,60.865229810842806,3.375,66.0,114.0,-4.810542052907546,1.0,69.60759329680451,36.0,68.0,114.0,-4.739589644217516,jump_ar1__k1000,4.360236511815075,False,0.00509533147493707,False,notification_index_forecast,prequential,0.9209293034346843,0.019999999999999997,0.023421568742036415,0.035649127823279295,0.8544880240158369,0.03049262126887776,6.359485159582131e-18,0.11501935471528542,11.5,0.0,55.0,-8.600155329137387,19.52821271913364,0.0,93.0,-7.0744489991016,34.40866569585234,0.0,163.0,-6.2479685089010495
Japan,2024,2024-09-02_2024-09-09,89.0,7.0,70.73124271882577,64.98469470065334,5.0,70.0,123.0,-4.437835400173185,1.0,74.6224149638439,40.0,72.0,123.0,-4.364397957089687,jump_ar1__k1000,4.360236511815075,False,0.00509533147493707,False,notification_index_forecast,prequential,0.9209293034346843,0.019999999999999997,0.023421568742036415,0.035649127823279295,0.8544880240158369,0.03049262126887776,6.359485159582131e-18,0.11501935471528542,10.5,0.0,51.0,-8.792734004123181,20.377746847989155,0.0,97.0,-6.890967061137025,37.083523992634305,0.0,176.0,-6.120999226052395
Japan,2024,2024-09-09_2024-09-16,103.0,7.0,74.22874293168313,69.25009103174979,6.0,75.0,130.0,-4.920551588916131,1.0,78.1203887467854,41.0,76.0,128.0,-4.850634220145462,jump_ar1__k1000,4.360236511815075,False,0.00509533147493707,False,notification_index_forecast,prequential,0.9209293034346843,0.019999999999999997,0.023421568742036415,0.035649127823279295,0.8544880240158369,0.03049262126887776,6.359485159582131e-18,0.11501935471528542,18.5,0.0,88.0,-7.574914776384632,21.21488494835107,0.0,101.0,-7.253351688788646,39.79064677034836,0.0,189.0,-6.331173945540752
Japan,2024,2024-09-16_2024-09-23,105.0,7.0,79.97887260145153,73.01991575290361,6.0,81.0,139.0,-4.7435406613923305,1.0,84.4353739688207,45.0,82.0,138.0,-4.670729344820404,jump_ar1__k1000,4.360236511815075,False,0.00509533147493707,False,notification_index_forecast,prequential,0.9209293034346843,0.019999999999999997,0.023421568742036415,0.035649127823279295,0.8544880240158369,0.03049262126887776,6.359485159582131e-18,0.11501935471528542,8.5,0.0,41.0,-10.87610838566637,22.145149594302392,0.0,105.0,-7.222571579337901,42.95163492254885,0.0,204.0,-6.301241312102578
Japan,2024,2024-09-23_2024-09-30,93.0,7.0,84.27915192553738,78.06801343584715,4.0,84.0,146.0,-4.282167773021513,1.0,88.82362708823425,47.0,86.0,145.0,-4.208416201582236,jump_ar1__k1000,4.360236511815075,False,0.00509533147493707,False,notification_index_forecast,prequential,0.9209293034346843,0.019999999999999997,0.023421568742036415,0.035649127823279295,0.8544880240158369,0.03049262126887776,6.359485159582131e-18,0.11501935471528542,14.500000000000002,0.0,69.0,-7.86036841301836,23.107362511500728,0.0,110.0,-6.789350773635318,46.218808810280535,0.0,219.0,-6.044973003857159
Japan,2024,2024-09-30_2024-10-07,133.0,7.0,88.3399219890601,83.11375890990998,8.0,87.0,153.0,-5.647127583074813,1.0,92.83392236670261,47.0,89.0,152.0,-5.583839979549696,jump_ar1__k1000,4.360236511815075,False,0.00509533147493707,False,notification_index_forecast,prequential,0.9209293034346843,0.019999999999999997,0.023421568742036415,0.035649127823279295,0.8544880240158369,0.03049262126887776,6.359485159582131e-18,0.11501935471528542,26.5,0.0,126.0,-7.587063190507772,24.00694742726445,0.0,114.0,-7.82450273050679,49.2063134903259,0.0,233.0,-6.6274936984948045
Japan,2024,2024-10-07_2024-10-14,139.0,7.0,96.28142811036203,89.77950922170734,7.0,96.0,164.0,-5.391692788726993,1.0,101.39766127587842,54.0,98.0,165.0,-5.322586317114009,jump_ar1__k1000,4.360236511815075,False,0.00509533147493707,False,notification_index_forecast,prequential,0.9209293034346843,0.019999999999999997,0.023421568742036415,0.035649127823279295,0.8544880240158369,0.03049262126887776,6.359485159582131e-18,0.11501935471528542,20.5,0.0,98.0,-8.451788472427832,25.154568089171867,0.0,120.0,-7.863051567399642,53.35869941654892,0.0,253.0,-6.636984229472629
Japan,2024,2024-10-14_2024-10-21,122.0,7.0,105.83576389027398,99.3323601807398,8.375,105.0,184.625,-4.602999591980703,1.0,111.35069741955097,59.0,107.0,179.0,-4.53018517313816,jump_ar1__k1000,4.360236511815075,False,0.00509533147493707,False,notification_index_forecast,prequential,0.9209293034346843,0.019999999999999997,0.023421568742036415,0.035649127823279295,0.8544880240158369,0.03049262126887776,6.359485159582131e-18,0.11501935471528542,30.499999999999996,0.0,145.0,-7.053320074633694,26.346930800861568,0.0,125.0,-7.326133612672452,57.857158190548304,0.0,274.0,-6.3443543528107345
Japan,2024,2024-10-21_2024-10-28,147.0,7.0,107.97725201002268,99.99459573411889,8.0,109.0,189.0,-5.220332167631247,1.0,113.81408145996784,63.0,111.0,182.625,-5.148772958837961,jump_ar1__k1000,4.360236511815075,False,0.00509533147493707,False,notification_index_forecast,prequential,0.9209293034346843,0.019999999999999997,0.023421568742036415,0.035649127823279295,0.8544880240158369,0.03049262126887776,6.359485159582131e-18,0.11501935471528542,15.5,0.0,74.0,-9.829119434902491,27.47324144493137,0.0,131.0,-7.83969727447812,61.96681298678282,0.0,293.0,-6.61374885500112
Japan,2024,2024-10-28_2024-11-04,120.0,7.0,114.1168325765483,106.38400429410342,5.0,113.0,196.625,-4.498512474543267,1.0,120.1701332462244,64.0,117.0,195.0,-4.42474179463092,jump_ar1__k1000,4.360236511815075,False,0.00509533147493707,False,notification_index_forecast,prequential,0.9209293034346843,0.019999999999999997,0.023421568742036415,0.035649127823279295,0.8544880240158369,0.03049262126887776,6.359485159582131e-18,0.11501935471528542,19.5,0.0,93.0,-8.003720060050274,28.756755962764384,0.0,137.0,-7.11028457919587,66.90506280247145,0.0,317.0,-6.240554477312125
Japan,2024,2024-11-04_2024-11-11,109.0,7.0,116.14116100533995,109.07168412113235,6.0,116.0,198.0,-4.467576928310232,1.0,122.10950326626931,65.0,118.0,198.0,-4.395792873096778,jump_ar1__k1000,4.360236511815075,False,0.00509533147493707,False,notification_index_forecast,prequential,0.9209293034346843,0.019999999999999997,0.023421568742036415,0.035649127823279295,0.8544880240158369,0.03049262126887776,6.359485159582131e-18,0.11501935471528542,22.5,0.0,107.0,-7.306346933818732,29.895619848415954,0.0,142.0,-6.792236283552013,71.15851239864759,0.0,337.0,-6.085282351985729
Japan,2024,2024-11-11_2024-11-18,144.0,7.0,115.3884049350689,109.53078930654858,8.0,114.0,198.0,-4.914900196864171,1.0,121.00751567615094,64.0,117.0,198.0,-4.84313529489116,jump_ar1__k1000,4.360236511815075,False,0.00509533147493707,False,notification_index_forecast,prequential,0.9209293034346843,0.019999999999999997,0.023421568742036415,0.035649127823279295,0.8544880240158369,0.03049262126887776,6.359485159582131e-18,0.11501935471528542,27.5,0.0,131.0,-7.766490432829606,30.9719499378858,0.0,147.0,-7.5025620186619655,74.9983610196089,0.0,355.0,-6.455908262420784
Japan,2024,2024-11-18_2024-11-25,127.0,7.0,121.7679015637132,112.36961116844262,8.375,122.5,212.0,-4.54974086389853,1.0,128.09164649670504,71.0,125.0,207.0,-4.475835161680485,jump_ar1__k1000,4.360236511815075,False,0.00509533147493707,False,notification_index_forecast,prequential,0.9209293034346843,0.019999999999999997,0.023421568742036415,0.035649127823279295,0.8544880240158369,0.03049262126887776,6.359485159582131e-18,0.11501935471528542,9.5,0.0,46.0,-11.607009380978965,32.29371038482739,0.0,153.0,-7.065412980934586,80.17535340992909,0.0,379.0,-6.248486940449366
Japan,2024,2024-11-25_2024-12-02,139.0,7.0,126.28607187983465,119.34481324590392,6.375,125.0,218.0,-4.696723061126523,1.0,132.50377707540093,66.0,126.0,214.625,-4.623665146011907,jump_ar1__k1000,4.360236511815075,False,0.00509533147493707,False,notification_index_forecast,prequential,0.9209293034346843,0.019999999999999997,0.023421568742036415,0.035649127823279295,0.8544880240158369,0.03049262126887776,6.359485159582131e-18,0.11501935471528542,22.5,0.0,107.0,-8.166426015403212,33.5172158129173,0.0,159.0,-7.2477020638037,84.83896144976883,0.0,401.0,-6.350394985705249
Japan,2024,2024-12-02_2024-12-09,135.0,7.0,127.48346033137649,121.8384854951913,9.0,125.0,212.0,-4.616635496059467,1.0,133.41830587402006,72.0,129.0,214.0,-4.544163224456752,jump_ar1__k1000,4.360236511815075,False,0.00509533147493707,False,notification_index_forecast,prequential,0.9209293034346843,0.019999999999999997,0.023421568742036415,0.035649127823279295,0.8544880240158369,0.03049262126887776,6.359485159582131e-18,0.11501935471528542,29.5,0.0,140.0,-7.4048830748253,34.83662519008643,0.0,165.0,-7.102856377193224,90.00793628544415,0.0,425.0,-6.292578290544859
Japan,2024,2024-12-09_2024-12-16,131.0,7.0,128.8784209558359,122.28157821050128,8.375,128.0,218.0,-4.581477811245698,1.0,134.92149011594225,72.0,131.0,216.0,-4.50853841617334,jump_ar1__k1000,4.360236511815075,False,0.00509533147493707,False,notification_index_forecast,prequential,0.9209293034346843,0.019999999999999997,0.023421568742036415,0.035649127823279295,0.8544880240158369,0.03049262126887776,6.359485159582131e-18,0.11501935471528542,19.5,0.0,93.0,-8.360560008549001,36.14185208042643,0.0,171.0,-6.968595568348974,95.05893633146458,0.0,449.0,-6.2413603119646766
Japan,2024,2024-12-16_2024-12-23,144.0,7.0,133.01996794751338,126.47709385117172,8.0,127.0,225.0,-4.706837127041969,1.0,139.1759527478834,75.0,131.0,219.0,-4.633856570053878,jump_ar1__k1000,4.360236511815075,False,0.00509533147493707,False,notification_index_forecast,prequential,0.9209293034346843,0.019999999999999997,0.023421568742036415,0.035649127823279295,0.8544880240158369,0.03049262126887776,6.359485159582131e-18,0.11501935471528542,20.5,0.0,98.0,-8.605082298499344,37.432179617492245,0.0,178.0,-7.156016301062984,99.91925687857045,0.0,472.0,-6.3462692704167765
Japan,2024,2024-12-23_2024-12-30,158.0,7.0,132.1239927135354,123.72889285296418,6.0,131.0,232.0,-4.910412157064066,1.0,138.1951292695501,72.0,135.0,227.0,-4.837795858886269,jump_ar1__k1000,4.360236511815075,False,0.00509533147493707,False,notification_index_forecast,prequential,0.9209293034346843,0.019999999999999997,0.023421568742036415,0.035649127823279295,0.8544880240158369,0.03049262126887776,6.359485159582131e-18,0.11501935471528542,9.5,0.0,46.0,-13.521255647027598,38.827859298829125,0.0,184.0,-7.343579058638475,105.37815175202365,0.0,498.0,-6.44953679507592
New_Zealand,2024,2024-01-01_2024-02-01,14.0,31.0,28.083637809457677,29.71213079799157,2.0,25.0,65.0,-3.8217093408809104,1.0,32.412857055497305,9.0,29.0,69.0,-3.9733382768773735,jump_ar1__k100,1.8065408914568064,False,0.027571268401532505,False,notification_index_forecast,prequential,0.7693870130763361,0.020000000000000014,0.052695108366340906,0.15791787855732306,0.8608064046500037,4.1564057963159836e-17,5.2225078422931986e-18,0.1391935953499963,1.5,0.0,5.0,-11.174789412828932,7.470092668213114,0.0,21.0,-3.696567895720079,17.236611943290548,2.0,46.0,-3.2521152664271344
New_Zealand,2024,2024-02-01_2024-03-01,19.0,29.0,25.309172409941947,26.74404627095368,3.0,23.0,60.0,-3.509355238326825,1.0,28.699565122139838,8.0,26.0,63.0,-3.437138231448751,jump_ar1__k100,1.8065408914568064,False,0.027571268401532505,False,notification_index_forecast,prequential,0.7693870130763361,0.020000000000000014,0.052695108366340906,0.15791787855732306,0.8608064046500037,4.1564057963159836e-17,5.2225078422931986e-18,0.1391935953499963,5.696428571428571,0.0,17.0,-5.598907096991062,7.531615590685132,0.0,21.0,-4.669926744393257,17.20699313909085,2.0,47.0,-3.5344122821441406
New_Zealand,2024,2024-03-01_2024-04-01,16.0,31.0,30.148088087781254,31.83911622503017,4.0,27.0,76.25,-3.797228917837695,1.0,33.91973630225277,9.0,30.0,81.0,-3.903316735288902,jump_ar1__k100,1.8065408914568064,False,0.027571268401532505,False,notification_index_forecast,prequential,0.7693870130763361,0.020000000000000014,0.052695108366340906,0.15791787855732306,0.8608064046500037,4.1564057963159836e-17,5.2225078422931986e-18,0.1391935953499963,9.5,1.0,26.0,-3.669117188928758,8.9543948808779,1.0,25.0,-3.755850491652564,21.459449127674553,3.0,57.0,-3.419486111879685
New_Zealand,2024,2024-04-01_2024-05-01,22.0,30.0,27.838604250712493,29.336022284643718,4.0,25.0,67.0,-3.5592838416829253,1.0,30.797080301378813,9.0,28.0,69.625,-3.4864964435793766,jump_ar1__k100,1.8065408914568064,False,0.027571268401532505,False,notification_index_forecast,prequential,0.7693870130763361,0.020000000000000014,0.052695108366340906,0.15791787855732306,0.8608064046500037,4.1564057963159836e-17,5.2225078422931986e-18,0.1391935953499963,11.5,1.0,32.0,-4.2000351217857155,9.30322341790266,1.0,26.0,-4.676376506629839,21.67896561982508,3.0,58.0,-3.6464095909843453
New_Zealand,2024,2024-05-01_2024-06-01,72.0,31.0,31.41835678617809,33.27224066101205,4.0,30.0,79.0,-6.234134553468415,1.0,34.78633322778144,11.0,31.0,79.0,-6.078110509836887,jump_ar1__k100,1.8065408914568064,False,0.027571268401532505,False,notification_index_forecast,prequential,0.7693870130763361,0.020000000000000014,0.052695108366340906,0.15791787855732306,0.8608064046500037,4.1564057963159836e-17,5.2225078422931986e-18,0.1391935953499963,5.5,0.0,16.0,-24.000519789882194,10.619260822964822,1.0,29.0,-13.33633362380837,25.23223275757387,3.0,66.0,-6.684507959312676
New_Zealand,2024,2024-06-01_2024-07-01,82.0,30.0,49.211591679296106,52.345157139394374,4.0,45.0,115.0,-5.361008133476444,1.0,55.803013230510665,19.0,50.0,124.0,-5.180996609451205,jump_ar1__k100,1.8065408914568064,False,0.027571268401532505,False,notification_index_forecast,prequential,0.7693870130763361,0.020000000000000014,0.052695108366340906,0.15791787855732306,0.8608064046500037,4.1564057963159836e-17,5.2225078422931986e-18,0.1391935953499963,2.5,0.0,8.0,-51.75932070308219,12.765496397173646,1.0,35.0,-12.746812162622437,35.175236926695995,5.0,93.0,-6.055748751558875
New_Zealand,2024,2024-07-01_2024-08-01,72.0,31.0,65.25353386472722,69.51741364435492,7.0,61.0,148.0,-4.536822171262059,1.0,73.14457670134513,24.375,68.0,154.0,-4.38588013723398,jump_ar1__k100,1.8065408914568064,False,0.027571268401532505,False,notification_index_forecast,prequential,0.7693870130763361,0.020000000000000014,0.052695108366340906,0.15791787855732306,0.8608064046500037,4.1564057963159836e-17,5.2225078422931986e-18,0.1391935953499963,5.5,0.0,16.0,-24.000519789882194,16.298170279591993,2.0,43.0,-9.226219480665844,50.711247503133286,8.0,131.0,-4.947101629844635
New_Zealand,2024,2024-08-01_2024-09-01,75.0,31.0,76.5157399667856,80.96432022456773,11.0,70.0,167.0,-4.543408961767003,1.0,84.08770523790076,29.0,76.0,168.0,-4.412621898622091,jump_ar1__k100,1.8065408914568064,False,0.027571268401532505,False,notification_index_forecast,prequential,0.7693870130763361,0.020000000000000014,0.052695108366340906,0.15791787855732306,0.8608064046500037,4.1564057963159836e-17,5.2225078422931986e-18,0.1391935953499963,34.5,5.0,90.0,-5.774082787045634,19.293792159696824,2.0,51.0,-8.385132320261281,64.04001384194065,10.0,165.0,-4.850706992269841
New_Zealand,2024,2024-09-01_2024-10-01,189.0,30.0,81.36359357886361,86.3239170175909,12.0,76.0,182.0,-7.43868212445014,0.0,88.38324908254631,31.0,81.0,183.625,-7.399999922839856,jump_ar1__k100,1.8065408914568064,False,0.027571268401532505,False,notification_index_forecast,prequential,0.7693870130763361,0.020000000000000014,0.052695108366340906,0.15791787855732306,0.8608064046500037,4.1564057963159836e-17,5.2225078422931986e-18,0.1391935953499963,21.5,3.0,57.0,-18.68828876379424,21.85693915677947,3.0,58.0,-18.407083292844803,74.6015327172856,11.0,194.0,-7.2011051982597465
New_Zealand,2024,2024-10-01_2024-11-01,192.0,31.0,126.5103176069406,135.06630972205045,11.0,118.0,313.625,-6.0295843532277,1.0,139.1974418897193,47.0,125.0,335.0,-5.912713626747897,jump_ar1__k100,1.8065408914568064,False,0.027571268401532505,False,notification_index_forecast,prequential,0.7693870130763361,0.020000000000000014,0.052695108366340906,0.15791787855732306,0.8608064046500037,4.1564057963159836e-17,5.2225078422931986e-18,0.1391935953499963,9.5,1.0,26.0,-41.727985218578205,28.897351124852865,4.0,76.0,-14.791852668932373,112.08904701751675,18.0,288.0,-6.18475152845493
New_Zealand,2024,2024-11-01_2024-12-01,421.0,30.0,161.62652070032,172.53334345041696,16.375,142.0,369.0,-8.94519624317134,0.0,177.583302195452,56.0,150.0,405.625,-8.933422414326763,jump_ar1__k100,1.8065408914568064,False,0.027571268401532505,False,notification_index_forecast,prequential,0.7693870130763361,0.020000000000000014,0.052695108366340906,0.15791787855732306,0.8608064046500037,4.1564057963159836e-17,5.2225078422931986e-18,0.1391935953499963,18.5,2.0,50.0,-49.32646454252403,34.81808052693181,5.0,92.0,-26.890200052603543,144.32496138922625,23.0,374.0,-8.606845103641053
New_Zealand,2024,2024-12-01_2025-01-01,582.0,31.0,282.6803468704598,302.5445327782553,24.0,253.0,731.625,-8.242298527522136,1.0,317.42169673021067,108.0,274.0,804.875,-8.115579859308806,jump_ar1__k100,1.8065408914568064,False,0.027571268401532505,False,notification_index_forecast,prequential,0.7693870130763361,0.020000000000000014,0.052695108366340906,0.15791787855732306,0.8608064046500037,4.1564057963159836e-17,5.2225078422931986e-18,0.1391935953499963,21.5,3.0,57.0,-61.32850651960248,48.035162821599734,7.0,124.0,-28.141671950523396,224.79403821534683,37.0,575.0,-8.462783480755268
Sweden,2024,2024-01-01_2024-02-01,26.0,31.0,27.250576278734957,26.699837040442798,1.0,25.0,64.0,-3.5886729633495644,1.0,30.673586862894144,9.0,28.0,67.0,-3.4667287463805776,jump_ar1__k100,4.007308747113355,False,0.01202421379401489,False,notification_index_forecast,prequential,0.7337809003657332,0.02,0.023421568742036415,0.22279753089223042,0.6476676090286895,5.0306494685908585e-15,2.639846994652453e-16,0.3523323909713054,0.5,0.0,2.0,-42.64615260782858,5.64190091436854,0.0,16.0,-7.864430341220326,20.64987840981845,3.0,55.0,-3.8548608467770196
Sweden,2024,2024-02-01_2024-03-01,28.0,29.0,28.261826559420545,28.28711854338748,3.0,27.0,65.0,-3.644184498821144,1.0,30.984055586311605,9.0,29.0,64.625,-3.520081856633534,jump_ar1__k100,4.007308747113355,False,0.01202421379401489,False,notification_index_forecast,prequential,0.7337809003657332,0.02,0.023421568742036415,0.22279753089223042,0.6476676090286895,5.0306494685908585e-15,2.639846994652453e-16,0.3523323909713054,2.5892857142857144,0.0,8.0,-15.55934108845567,6.3072121843380975,0.0,18.0,-7.596079487281747,23.90873819360112,3.0,64.0,-3.921657187965078
Sweden,2024,2024-03-01_2024-04-01,46.0,31.0,35.832727221797484,36.18195488064149,3.0,32.0,83.625,-4.258794147708154,1.0,38.94146159960815,11.0,34.0,83.0,-4.135361352253204,jump_ar1__k100,4.007308747113355,False,0.01202421379401489,False,notification_index_forecast,prequential,0.7337809003657332,0.02,0.023421568742036415,0.22279753089223042,0.6476676090286895,5.0306494685908585e-15,2.639846994652453e-16,0.3523323909713054,1.5,0.0,5.0,-41.1818564463895,8.04721840473001,0.0,22.0,-10.631407467845825,31.597064655245365,4.0,83.0,-4.530557661907302
Sweden,2024,2024-04-01_2024-05-01,68.0,30.0,41.21937859756301,42.280762848998066,2.0,38.0,97.0,-5.083639088534812,1.0,43.85355724774986,13.0,40.0,94.0,-5.006609036921467,jump_ar1__k100,4.007308747113355,False,0.01202421379401489,False,notification_index_forecast,prequential,0.7337809003657332,0.02,0.023421568742036415,0.22279753089223042,0.6476676090286895,5.0306494685908585e-15,2.639846994652453e-16,0.3523323909713054,0.5,0.0,3.0,-115.53225444868292,9.513873753686847,1.0,26.0,-13.613734120497437,39.53206300209948,5.0,104.0,-5.154976922130984
Sweden,2024,2024-05-01_2024-06-01,100.0,31.0,56.98204557469268,58.527076591379604,5.0,51.0,137.25,-5.798795704611889,1.0,60.39344667660177,19.0,53.0,136.0,-5.794244569258632,jump_ar1__k100,4.007308747113355,False,0.01202421379401489,False,notification_index_forecast,prequential,0.7337809003657332,0.02,0.023421568742036415,0.22279753089223042,0.6476676090286895,5.0306494685908585e-15,2.639846994652453e-16,0.3523323909713054,3.5,0.0,11.0,-50.047039640471155,12.316903570836024,1.0,33.0,-16.460960913258194,55.243012088971845,8.0,143.0,-5.633394175414979
Sweden,2024,2024-06-01_2024-07-01,177.0,30.0,74.49530324649974,76.79628502463174,9.0,68.0,168.0,-7.402140026529355,0.0,78.3152889324616,26.0,70.0,167.0,-7.534757410460005,jump_ar1__k100,4.007308747113355,False,0.01202421379401489,False,notification_index_forecast,prequential,0.7337809003657332,0.02,0.023421568742036415,0.22279753089223042,0.6476676090286895,5.0306494685908585e-15,2.639846994652453e-16,0.3523323909713054,8.5,0.0,24.0,-41.4069560535959,15.127614185784001,2.0,41.0,-24.225143490266824,74.07949046645271,11.0,193.0,-6.929674897727541
Sweden,2024,2024-07-01_2024-08-01,292.0,31.0,124.96400919489238,127.02745363276316,11.0,112.0,302.0,-7.873655240282574,1.0,134.9617065578318,43.0,119.0,303.875,-7.860704018444405,jump_ar1__k100,4.007308747113355,False,0.01202421379401489,False,notification_index_forecast,prequential,0.7337809003657332,0.02,0.023421568742036415,0.22279753089223042,0.6476676090286895,5.0306494685908585e-15,2.639846994652453e-16,0.3523323909713054,6.5,0.0,18.0,-91.28142396377528,20.710499953353875,3.0,55.0,-31.024329018299266,113.63058711766952,18.0,292.0,-7.732190049652061
Sweden,2024,2024-08-01_2024-09-01,495.0,31.0,209.24802889695,209.12561035686352,16.0,186.0,517.625,-8.263678421477039,1.0,231.18142970406893,71.375,203.5,515.25,-8.10843753155617,jump_ar1__k100,4.007308747113355,False,0.01202421379401489,False,notification_index_forecast,prequential,0.7337809003657332,0.02,0.023421568742036415,0.22279753089223042,0.6476676090286895,5.0306494685908585e-15,2.639846994652453e-16,0.3523323909713054,10.5,1.0,29.0,-102.35744926747907,28.033857260565576,4.0,73.0,-40.0829702416448,173.90190183332584,29.0,445.0,-8.707177853822913
Sweden,2024,2024-09-01_2024-10-01,415.0,30.0,329.98388916984607,327.7990643891148,23.0,308.0,797.625,-6.374396758041825,1.0,367.2267719599577,131.0,335.5,809.0,-6.21965897252824,jump_ar1__k100,4.007308747113355,False,0.01202421379401489,False,notification_index_forecast,prequential,0.7337809003657332,0.02,0.023421568742036415,0.22279753089223042,0.6476676090286895,5.0306494685908585e-15,2.639846994652453e-16,0.3523323909713054,18.5,2.0,50.0,-48.59717019178999,37.780414533813854,5.0,99.0,-24.53301321310106,266.0039408391258,42.0,688.0,-6.814886093867437
Sweden,2024,2024-10-01_2024-11-01,344.0,31.0,407.78394143578464,416.6699695376896,37.0,369.0,932.0,-6.076493324466981,1.0,436.9885829974736,154.375,394.0,895.625,-5.9543469255699435,jump_ar1__k100,4.007308747113355,False,0.01202421379401489,False,notification_index_forecast,prequential,0.7337809003657332,0.02,0.023421568742036415,0.22279753089223042,0.6476676090286895,5.0306494685908585e-15,2.639846994652453e-16,0.3523323909713054,43.5,6.0,113.0,-18.220966131534425,51.569881683708836,8.0,133.0,-15.642484531541305,381.74668132484624,64.0,975.0,-6.341766531160033
Sweden,2024,2024-11-01_2024-12-01,324.0,30.0,405.59766617138627,426.76875511872277,37.0,378.0,950.0,-6.071013686823792,1.0,411.54007105648924,146.75,385.0,838.0,-5.933506153167102,jump_ar1__k100,4.007308747113355,False,0.01202421379401489,False,notification_index_forecast,prequential,0.7337809003657332,0.02,0.023421568742036415,0.22279753089223042,0.6476676090286895,5.0306494685908585e-15,2.639846994652453e-16,0.3523323909713054,25.5,3.0,68.0,-27.663039826286,62.2227029721664,9.0,162.0,-12.42594282356737,456.2441449549506,73.0,1179.0,-6.414609362104162
Sweden,2024,2024-12-01_2025-01-01,230.0,31.0,449.34468786726296,477.68917947258285,35.375,405.0,1065.875,-6.5025740692206995,1.0,442.02395497437567,159.0,402.0,896.625,-6.4091840836749565,jump_ar1__k100,4.007308747113355,False,0.01202421379401489,False,notification_index_forecast,prequential,0.7337809003657332,0.02,0.023421568742036415,0.22279753089223042,0.6476676090286895,5.0306494685908585e-15,2.639846994652453e-16,0.3523323909713054,21.5,3.0,57.0,-23.360832146023675,77.9207201413283,12.0,201.0,-8.08896193374074,550.9079306587796,93.0,1407.0,-6.6639426239264985
United_States,2024,2024-01-06_2024-01-13,39.0,7.0,96.92974961949469,88.47098347290299,9.0,94.0,174.625,-6.870083410108405,1.0,101.03069932981354,52.0,96.0,170.625,-7.417015527021909,jump_ar1__k1000,-1.1358818507784887,False,0.004727486429993618,False,notification_index_forecast,prequential,0.9209293034346839,0.020000000000000316,0.02342156874203642,0.03564912782327929,0.8427224792161994,0.06168288173277778,2.021308347137983e-09,0.09559463702971467,18.5,0.0,88.0,-5.205305781996686,37.387355164611236,0.0,177.0,-5.002574012236716,74.10973879070363,0.0,350.0,-5.097846799462232
United_States,2024,2024-01-13_2024-01-20,72.0,7.0,81.99395301216155,75.5161928835945,6.0,82.0,144.0,-4.221725962543847,1.0,84.9109513392566,33.0,83.0,141.0,-4.154888216183707,jump_ar1__k1000,-1.1358818507784887,False,0.004727486429993618,False,notification_index_forecast,prequential,0.9209293034346839,0.020000000000000316,0.02342156874203642,0.03564912782327929,0.8427224792161994,0.06168288173277778,2.021308347137983e-09,0.09559463702971467,15.5,0.0,74.0,-6.794896835520843,37.494277681848544,0.0,178.0,-5.763867457472191,73.17976900017294,0.0,346.0,-5.61187880496092
United_States,2024,2024-01-20_2024-01-27,80.0,7.0,81.53191654987955,78.80860221499039,10.375,80.0,146.0,-4.13087926433197,1.0,83.88592837616414,44.0,82.0,139.0,-4.063073363528732,jump_ar1__k1000,-1.1358818507784887,False,0.004727486429993618,False,notification_index_forecast,prequential,0.9209293034346839,0.020000000000000316,0.02342156874203642,0.03564912782327929,0.8427224792161994,0.06168288173277778,2.021308347137983e-09,0.09559463702971467,36.5,0.0,173.0,-5.947916246961757,38.228707978808245,0.0,181.0,-5.917997098582842,74.43465836685147,0.0,352.0,-5.718286137533041
United_States,2024,2024-01-27_2024-02-03,97.0,7.0,82.63981272713683,78.96215562307182,10.0,80.5,146.0,-4.444405906897444,1.0,85.15221165177698,44.0,83.0,140.0,-4.37662434716793,jump_ar1__k1000,-1.1358818507784887,False,0.004727486429993618,False,notification_index_forecast,prequential,0.9209293034346839,0.020000000000000316,0.02342156874203642,0.03564912782327929,0.8427224792161994,0.06168288173277778,2.021308347137983e-09,0.09559463702971467,29.5,0.0,140.0,-6.531232814791693,39.05998597623538,0.0,185.0,-6.234998969656811,76.18137620646795,0.0,360.0,-5.926912834083005
United_States,2024,2024-02-03_2024-02-10,84.0,7.0,85.9830743136631,82.77798594791815,10.0,84.0,150.0,-4.175626871364331,1.0,88.52482089133314,46.0,85.0,146.625,-4.107586170877446,jump_ar1__k1000,-1.1358818507784887,False,0.004727486429993618,False,notification_index_forecast,prequential,0.9209293034346839,0.020000000000000316,0.02342156874203642,0.03564912782327929,0.8427224792161994,0.06168288173277778,2.021308347137983e-09,0.09559463702971467,35.5,0.0,168.0,-6.052065616849324,40.09744085241271,0.0,190.0,-5.967391241703126,78.79092358576007,0.0,373.0,-5.766581151624594
United_States,2024,2024-02-10_2024-02-17,86.0,7.0,86.26808733212333,82.14956547195959,8.0,85.0,149.0,-4.187706757139751,1.0,88.89433067919319,47.0,87.0,147.0,-4.118865422409853,jump_ar1__k1000,-1.1358818507784887,False,0.004727486429993618,False,notification_index_forecast,prequential,0.9209293034346839,0.020000000000000316,0.02342156874203642,0.03564912782327929,0.8427224792161994,0.06168288173277778,2.021308347137983e-09,0.09559463702971467,28.5,0.0,135.0,-6.306131158168656,40.974080972535766,0.0,194.0,-5.992079739161956,80.59148208460135,0.0,381.0,-5.7900680506968065
United_States,2024,2024-02-17_2024-02-24,73.0,7.0,86.16473748219424,82.88975134870638,11.375,85.0,154.625,-4.228152045628284,1.0,88.57958086392514,46.0,87.0,146.0,-4.163864355153514,jump_ar1__k1000,-1.1358818507784887,False,0.004727486429993618,False,notification_index_forecast,prequential,0.9209293034346839,0.020000000000000316,0.02342156874203642,0.03564912782327929,0.8427224792161994,0.06168288173277778,2.021308347137983e-09,0.09559463702971467,33.5,0.0,159.0,-5.852532085263997,41.82889130092947,0.0,198.0,-5.732583991789041,82.45664635071293,0.0,390.0,-5.629610812791669
United_States,2024,2024-02-24_2024-03-02,64.0,7.0,84.90230877065662,82.78285348732378,13.0,83.0,147.0,-4.389041772601014,1.0,86.98231346114669,46.0,85.0,143.0,-4.33214492674455,jump_ar1__k1000,-1.1358818507784887,False,0.004727486429993618,False,notification_index_forecast,prequential,0.9209293034346839,0.020000000000000316,0.02342156874203642,0.03564912782327929,0.8427224792161994,0.06168288173277778,2.021308347137983e-09,0.09559463702971467,41.5,0.0,197.0,-5.556426791281793,42.53447976877228,0.0,202.0,-5.549118214094891,83.3547231972938,0.0,394.0,-5.5127931323007004
United_States,2024,2024-03-02_2024-03-09,80.0,7.0,82.04371589437207,81.69383777864446,16.0,79.0,145.625,-4.116921214550396,1.0,83.48366956071968,44.0,81.0,139.0,-4.049905417101103,jump_ar1__k1000,-1.1358818507784887,False,0.004727486429993618,False,notification_index_forecast,prequential,0.9209293034346839,0.020000000000000316,0.02342156874203642,0.03564912782327929,0.8427224792161994,0.06168288173277778,2.021308347137983e-09,0.09559463702971467,58.5,0.0,277.0,-5.7478374741840685,43.05262249908402,0.0,204.0,-5.852440136625229,83.67100297786574,0.0,396.0,-5.717332548339957
United_States,2024,2024-03-09_2024-03-16,89.0,7.0,81.53719000404236,80.87307267863864,15.0,79.5,145.0,-4.259397924979775,1.0,82.9920127027705,43.0,81.0,138.0,-4.192494370281766,jump_ar1__k1000,-1.1358818507784887,False,0.004727486429993618,False,notification_index_forecast,prequential,0.9209293034346839,0.020000000000000316,0.02342156874203642,0.03564912782327929,0.8427224792161994,0.06168288173277778,2.021308347137983e-09,0.09559463702971467,52.5,0.0,249.0,-5.918381432021396,43.84298418634569,0.0,208.0,-6.006173133631657,85.01027296050633,0.0,402.0,-5.823623773387684
United_States,2024,2024-03-16_2024-03-23,97.0,7.0,83.39674498614167,81.93228230884478,13.0,81.0,146.0,-4.4306614404436315,1.0,85.08941394343944,44.0,83.0,141.0,-4.364419543007373,jump_ar1__k1000,-1.1358818507784887,False,0.004727486429993618,False,notification_index_forecast,prequential,0.9209293034346839,0.020000000000000316,0.02342156874203642,0.03564912782327929,0.8427224792161994,0.06168288173277778,2.021308347137983e-09,0.09559463702971467,44.5,0.0,211.0,-6.136778160440455,44.749136360069265,0.0,212.0,-6.133058527899941,86.88334018982034,0.0,411.0,-5.912419025919814
United_States,2024,2024-03-23_2024-03-30,74.0,7.0,86.68316946710954,85.7323308191472,11.0,86.0,150.0,-4.214600799196727,1.0,88.35326905818803,46.0,86.0,145.0,-4.150769057789847,jump_ar1__k1000,-1.1358818507784887,False,0.004727486429993618,False,notification_index_forecast,prequential,0.9209293034346839,0.020000000000000316,0.02342156874203642,0.03564912782327929,0.8427224792161994,0.06168288173277778,2.021308347137983e-09,0.09559463702971467,53.5,0.0,253.0,-5.672574798593758,45.77391812051056,0.0,217.0,-5.716616820882937,89.03325722461847,0.0,421.0,-5.6482860138464694
United_States,2024,2024-03-30_2024-04-06,99.0,7.0,85.09209114640558,83.46125666975719,9.0,85.0,146.0,-4.445889827505498,1.0,86.79809709919292,46.0,86.0,140.0,-4.379508477808664,jump_ar1__k1000,-1.1358818507784887,False,0.004727486429993618,False,notification_index_forecast,prequential,0.9209293034346839,0.020000000000000316,0.02342156874203642,0.03564912782327929,0.8427224792161994,0.06168288173277778,2.021308347137983e-09,0.09559463702971467,43.5,0.0,206.0,-6.187229282535153,46.42648728519009,0.0,220.0,-6.1427509729404335,89.75812529974186,0.0,424.0,-5.932007697816026
United_States,2024,2024-04-06_2024-04-13,91.0,7.0,88.87488207091882,87.82733194939236,14.0,86.0,158.0,-4.243428959635619,1.0,90.57250808856341,47.0,88.0,149.625,-4.176068168745726,jump_ar1__k1000,-1.1358818507784887,False,0.004727486429993618,False,notification_index_forecast,prequential,0.9209293034346839,0.020000000000000316,0.02342156874203642,0.03564912782327929,0.8427224792161994,0.06168288173277778,2.021308347137983e-09,0.09559463702971467,53.5,0.0,253.0,-5.941885300941003,47.4363346068922,0.0,225.0,-5.997100655313881,92.09122677543971,0.0,435.0,-5.845206529974723
United_States,2024,2024-04-13_2024-04-20,122.0,7.0,89.07763282933095,84.8634577446525,12.0,87.0,148.0,-5.1373203958902565,1.0,91.29288644258855,48.0,89.0,147.625,-5.076402668593807,jump_ar1__k1000,-1.1358818507784887,False,0.004727486429993618,False,notification_index_forecast,prequential,0.9209293034346839,0.020000000000000316,0.02342156874203642,0.03564912782327929,0.8427224792161994,0.06168288173277778,2.021308347137983e-09,0.09559463702971467,26.5,0.0,126.0,-7.314342546111943,48.35305579060771,0.0,229.0,-6.478019312533914,93.71432888036391,0.0,443.0,-6.159286295380367
United_States,2024,2024-04-20_2024-04-27,162.0,7.0,95.28957611229669,91.46200697000057,15.0,93.0,167.0,-6.67959688431336,1.0,97.7255592687722,52.0,95.0,159.0,-6.665274393955094,jump_ar1__k1000,-1.1358818507784887,False,0.004727486429993618,False,notification_index_forecast,prequential,0.9209293034346839,0.020000000000000316,0.02342156874203642,0.03564912782327929,0.8427224792161994,0.06168288173277778,2.021308347137983e-09,0.09559463702971467,33.5,0.0,159.0,-7.704974368079504,49.64903215526153,0.0,235.0,-7.0364643808731016,97.01181708246376,0.0,458.0,-6.510412754126364
United_States,2024,2024-04-27_2024-05-04,116.0,7.0,108.05277756668671,100.5878941960004,10.0,106.0,186.0,-4.480731592171417,1.0,111.56927365401265,61.0,108.0,182.625,-4.410260828921945,jump_ar1__k1000,-1.1358818507784887,False,0.004727486429993618,False,notification_index_forecast,prequential,0.9209293034346839,0.020000000000000316,0.02342156874203642,0.03564912782327929,0.8427224792161994,0.06168288173277778,2.021308347137983e-09,0.09559463702971467,23.5,0.0,112.0,-7.410696166801997,51.34922555607011,0.0,243.0,-6.3403194621710615,101.90108149572161,0.0,482.0,-6.092233527752244
United_States,2024,2024-05-04_2024-05-11,159.0,7.0,110.37071123161076,105.20288637550966,13.0,108.0,190.0,-5.673351655510368,1.0,113.66119102170126,60.0,110.0,182.0,-5.617574294964443,jump_ar1__k1000,-1.1358818507784887,False,0.004727486429993618,False,notification_index_forecast,prequential,0.9209293034346839,0.020000000000000316,0.02342156874203642,0.03564912782327929,0.8427224792161994,0.06168288173277778,2.021308347137983e-09,0.09559463702971467,36.5,0.0,173.0,-7.473843181209907,52.551979808385255,0.0,249.0,-6.925719681309758,104.79751334581124,0.0,495.0,-6.45927583962122
United_States,2024,2024-05-11_2024-05-18,137.0,7.0,119.61831016417909,116.32316812272114,16.375,119.0,201.0,-4.718537462269599,1.0,122.9737676161194,66.0,120.0,198.0,-4.6507218568631,jump_ar1__k1000,-1.1358818507784887,False,0.004727486429993618,False,notification_index_forecast,prequential,0.9209293034346839,0.020000000000000316,0.02342156874203642,0.03564912782327929,0.8427224792161994,0.06168288173277778,2.021308347137983e-09,0.09559463702971467,59.5,0.0,282.0,-6.520576565793232,54.21894349592101,0.0,257.0,-6.595325477418127,109.63161062148345,0.0,518.0,-6.268554281167052
United_States,2024,2024-05-18_2024-05-25,149.0,7.0,123.24212461100437,115.6277714175879,13.0,120.0,209.0,-4.898908217555322,1.0,127.3311566790703,71.0,123.0,204.0,-4.830018659199993,jump_ar1__k1000,-1.1358818507784887,False,0.004727486429993618,False,notification_index_forecast,prequential,0.9209293034346839,0.020000000000000316,0.02342156874203642,0.03564912782327929,0.8427224792161994,0.06168288173277778,2.021308347137983e-09,0.09559463702971467,31.5,0.0,150.0,-7.573024232472787,55.651446574513386,0.0,263.0,-6.732113308297662,113.4862828491117,0.0,536.0,-6.3603011214032215
United_States,2024,2024-05-25_2024-06-01,138.0,7.0,128.83159872029094,122.38898070194578,12.0,127.0,223.0,-4.6455285711004155,1.0,132.97697618085726,71.0,129.0,218.0,-4.575811902260934,jump_ar1__k1000,-1.1358818507784887,False,0.004727486429993618,False,notification_index_forecast,prequential,0.9209293034346839,0.020000000000000316,0.02342156874203642,0.03564912782327929,0.8427224792161994,0.06168288173277778,2.021308347137983e-09,0.09559463702971467,41.5,0.0,197.0,-6.900185112670653,57.2219724193258,0.0,271.0,-6.563621524874445,117.7862284161508,0.0,556.0,-6.268059313382539
United_States,2024,2024-06-01_2024-06-08,117.0,7.0,131.7404413028329,124.54691520721143,16.0,130.0,228.0,-4.5737532239873335,1.0,136.0215017251961,72.0,132.0,221.0,-4.5061419996388405,jump_ar1__k1000,-1.1358818507784887,False,0.004727486429993618,False,notification_index_forecast,prequential,0.9209293034346839,0.020000000000000316,0.02342156874203642,0.03564912782327929,0.8427224792161994,0.06168288173277778,2.021308347137983e-09,0.09559463702971467,38.5,0.0,183.0,-6.623218604725141,58.666442345897664,0.0,278.0,-6.269194066952559,121.46704895892458,0.0,574.0,-6.096176859245156
United_States,2024,2024-06-08_2024-06-15,153.0,7.0,128.28839522007243,123.4673146368986,15.0,127.0,222.625,-4.893867692859678,1.0,131.91052595222328,72.0,129.0,214.0,-4.826133559850009,jump_ar1__k1000,-1.1358818507784887,False,0.004727486429993618,False,notification_index_forecast,prequential,0.9209293034346839,0.020000000000000316,0.02342156874203642,0.03564912782327929,0.8427224792161994,0.06168288173277778,2.021308347137983e-09,0.09559463702971467,49.5,0.0,234.0,-6.912153233900769,59.824959018934635,0.0,283.0,-6.716448461016788,123.90014339012313,0.0,585.0,-6.377151239254211
United_States,2024,2024-06-15_2024-06-22,177.0,7.0,135.5167863342862,132.5631784610343,16.0,130.0,232.0,-5.3698551691357626,1.0,139.05043238430693,73.0,133.0,223.625,-5.308098296980786,jump_ar1__k1000,-1.1358818507784887,False,0.004727486429993618,False,notification_index_forecast,prequential,0.9209293034346839,0.020000000000000316,0.02342156874203642,0.03564912782327929,0.8427224792161994,0.06168288173277778,2.021308347137983e-09,0.09559463702971467,72.5,0.0,343.0,-6.8225442034714305,61.42177471000193,0.0,291.0,-6.97902346311552,128.26608831368517,0.0,606.0,-6.542081012022414
United_States,2024,2024-06-22_2024-06-29,93.0,7.0,142.68907250561705,136.6153101364515,15.0,141.0,242.625,-5.416052593914617,1.0,147.03958539084033,79.0,143.0,239.0,-5.382303988664611,jump_ar1__k1000,-1.1358818507784887,False,0.004727486429993618,False,notification_index_forecast,prequential,0.9209293034346839,0.020000000000000316,0.02342156874203642,0.03564912782327929,0.8427224792161994,0.06168288173277778,2.021308347137983e-09,0.09559463702971467,51.5,0.0,244.0,-5.989200937865633,63.27629340979283,0.0,299.0,-5.915123156106447,133.6352328753488,0.0,631.0,-5.900274743171075
United_States,2024,2024-06-29_2024-07-06,184.0,7.0,134.34005021233853,126.64726539583319,13.375,130.0,232.25,-5.601626230124316,1.0,138.31877482847545,73.0,132.0,224.0,-5.540281289099359,jump_ar1__k1000,-1.1358818507784887,False,0.004727486429993618,False,notification_index_forecast,prequential,0.9209293034346839,0.020000000000000316,0.02342156874203642,0.03564912782327929,0.8427224792161994,0.06168288173277778,2.021308347137983e-09,0.09559463702971467,34.5,0.0,164.0,-8.060007893395813,63.98984232254866,0.0,303.0,-7.015544641316646,133.7899426461572,0.0,632.0,-6.580080143290921
United_States,2024,2024-07-06_2024-07-13,215.0,7.0,142.22836964602072,132.863741197104,17.0,142.0,244.0,-6.177790716673977,1.0,146.68617213477313,80.0,143.0,236.0,-6.1243974511398465,jump_ar1__k1000,-1.1358818507784887,False,0.004727486429993618,False,notification_index_forecast,prequential,0.9209293034346839,0.020000000000000316,0.02342156874203642,0.03564912782327929,0.8427224792161994,0.06168288173277778,2.021308347137983e-09,0.09559463702971467,31.5,0.0,150.0,-8.922447770386448,65.9225538318066,0.0,312.0,-7.319744113951925,139.3236243209949,0.0,658.0,-6.76576115209673
United_States,2024,2024-07-13_2024-07-20,157.0,7.0,158.01377438602796,148.35320252404296,14.75,158.0,284.0,-4.76387181014247,1.0,163.312250280974,90.0,160.0,273.0,-4.693763358958415,jump_ar1__k1000,-1.1358818507784887,False,0.004727486429993618,False,notification_index_forecast,prequential,0.9209293034346839,0.020000000000000316,0.02342156874203642,0.03564912782327929,0.8427224792161994,0.06168288173277778,2.021308347137983e-09,0.09559463702971467,40.5,0.0,192.0,-7.2554672759485825,68.15048491762818,0.0,322.0,-6.657220056222598,146.10585288196603,0.0,690.0,-6.390744353531762
United_States,2024,2024-07-20_2024-07-27,145.0,7.0,157.9949686027145,151.33510644312753,18.375,153.0,271.0,-4.737614078324851,1.0,162.74909809186045,89.0,158.0,260.625,-4.66963959248855,jump_ar1__k1000,-1.1358818507784887,False,0.004727486429993618,False,notification_index_forecast,prequential,0.9209293034346839,0.020000000000000316,0.02342156874203642,0.03564912782327929,0.8427224792161994,0.06168288173277778,2.021308347137983e-09,0.09559463702971467,56.5,0.0,267.0,-6.665797533597649,69.78030326823128,0.0,330.0,-6.50781384100691,150.07915254026562,0.0,709.0,-6.310201960272994
United_States,2024,2024-07-27_2024-08-03,215.0,7.0,154.4320939964995,145.34516458474388,18.0,149.0,266.0,-5.758956157107958,1.0,159.11185839241756,87.0,153.0,258.0,-5.697086842526949,jump_ar1__k1000,-1.1358818507784887,False,0.004727486429993618,False,notification_index_forecast,prequential,0.9209293034346839,0.020000000000000316,0.02342156874203642,0.03564912782327929,0.8427224792161994,0.06168288173277778,2.021308347137983e-09,0.09559463702971467,38.5,0.0,183.0,-8.33407911431831,71.2438877711718,0.0,337.0,-7.2251117088973,153.2345332870302,0.0,724.0,-6.740034540256266
United_States,2024,2024-08-03_2024-08-10,259.0,7.0,166.36859569714665,159.31668461634519,18.375,165.0,285.0,-6.586186333830097,1.0,171.32982250778994,94.0,168.0,274.0,-6.542147209361024,jump_ar1__k1000,-1.1358818507784887,False,0.004727486429993618,False,notification_index_forecast,prequential,0.9209293034346839,0.020000000000000316,0.02342156874203642,0.03564912782327929,0.8427224792161994,0.06168288173277778,2.021308347137983e-09,0.09559463702971467,58.5,0.0,277.0,-7.996810905022101,73.51446458729893,0.0,348.0,-7.61166841751917,159.72669906038647,0.0,754.0,-6.968277610231176
United_States,2024,2024-08-10_2024-08-17,183.0,7.0,184.2860455896787,171.4323507943962,18.375,181.0,309.0,-4.893627909430852,1.0,190.7782938118823,103.0,184.0,308.0,-4.8227211365858995,jump_ar1__k1000,-1.1358818507784887,False,0.004727486429993618,False,notification_index_forecast,prequential,0.9209293034346839,0.020000000000000316,0.02342156874203642,0.03564912782327929,0.8427224792161994,0.06168288173277778,2.021308347137983e-09,0.09559463702971467,40.5,0.0,192.0,-7.6870048523784416,76.13277777052147,0.0,360.0,-6.843263586965161,168.29514878207527,0.0,795.0,-6.544275571613261
United_States,2024,2024-08-17_2024-08-24,234.0,7.0,183.566105384853,169.56398685395294,19.0,180.0,329.625,-5.51636164696408,1.0,189.89512608322548,103.0,183.0,306.625,-5.448352429236733,jump_ar1__k1000,-1.1358818507784887,False,0.004727486429993618,False,notification_index_forecast,prequential,0.9209293034346839,0.020000000000000316,0.02342156874203642,0.03564912782327929,0.8427224792161994,0.06168288173277778,2.021308347137983e-09,0.09559463702971467,34.5,0.0,164.0,-8.988448059156088,78.06226409883834,0.0,369.0,-7.302243314779801,173.0134476560488,0.0,817.0,-6.8166741175703915
United_States,2024,2024-08-24_2024-08-31,250.0,7.0,191.36721579895578,174.09188844954588,12.0,190.0,323.0,-5.654959445267432,1.0,198.16918210567616,108.0,194.0,315.625,-5.587348658315174,jump_ar1__k1000,-1.1358818507784887,False,0.004727486429993618,False,notification_index_forecast,prequential,0.9209293034346839,0.020000000000000316,0.02342156874203642,0.03564912782327929,0.8427224792161994,0.06168288173277778,2.021308347137983e-09,0.09559463702971467,27.5,0.0,131.0,-10.193964119961203,80.48921676621913,0.0,381.0,-7.410091542134294,180.4314896161759,0.0,852.0,-6.887849751407236
United_States,2024,2024-08-31_2024-09-07,251.0,7.0,201.88014948061635,189.0202427587383,13.375,200.0,350.0,-5.484534162721895,1.0,208.75226547313991,114.0,203.0,343.0,-5.4157615304776865,jump_ar1__k1000,-1.1358818507784887,False,0.004727486429993618,False,notification_index_forecast,prequential,0.9209293034346839,0.020000000000000316,0.02342156874203642,0.03564912782327929,0.8427224792161994,0.06168288173277778,2.021308347137983e-09,0.09559463702971467,48.5,0.0,230.0,-8.301804924780946,83.07807929528873,0.0,393.0,-7.381496953890643,188.45487991061898,0.0,890.0,-6.883716704492243
United_States,2024,2024-09-07_2024-09-14,234.0,7.0,225.59828700860592,206.3005260248158,18.0,210.0,373.25,-5.203372082046718,1.0,234.35044652790992,117.0,212.0,364.0,-5.1321113785827706,jump_ar1__k1000,-1.1358818507784887,False,0.004727486429993618,False,notification_index_forecast,prequential,0.9209293034346839,0.020000000000000316,0.02342156874203642,0.03564912782327929,0.8427224792161994,0.06168288173277778,2.021308347137983e-09,0.09559463702971467,38.5,0.0,183.0,-8.651675482647477,85.69330702058909,0.0,405.0,-7.203087517847699,196.3869040959761,0.0,927.0,-6.797041571486444
United_States,2024,2024-09-14_2024-09-21,292.0,7.0,213.9557843603911,193.90349327787465,17.0,211.0,367.0,-5.973608455121598,1.0,221.59446621532882,124.0,215.0,353.0,-5.908044044111945,jump_ar1__k1000,-1.1358818507784887,False,0.004727486429993618,False,notification_index_forecast,prequential,0.9209293034346839,0.020000000000000316,0.02342156874203642,0.03564912782327929,0.8427224792161994,0.06168288173277778,2.021308347137983e-09,0.09559463702971467,28.5,0.0,135.0,-10.939190096957683,88.1543157809926,0.0,417.0,-7.6467911083506195,203.32151217519694,0.0,960.0,-7.05143491517523
United_States,2024,2024-09-21_2024-09-28,292.0,7.0,239.45993808800654,219.78256122794036,22.0,231.0,405.625,-5.703398986337119,1.0,248.53148282889597,131.0,233.0,400.0,-5.634552682748236,jump_ar1__k1000,-1.1358818507784887,False,0.004727486429993618,False,notification_index_forecast,prequential,0.9209293034346839,0.020000000000000316,0.02342156874203642,0.03564912782327929,0.8427224792161994,0.06168288173277778,2.021308347137983e-09,0.09559463702971467,42.5,0.0,201.0,-9.256831531245144,91.13932135342804,0.0,431.0,-7.603837270676898,213.05954194089702,0.0,1006.0,-7.040622761908578
United_States,2024,2024-09-28_2024-10-05,289.0,7.0,255.86397452939988,232.98969881437887,19.375,242.0,429.0,-5.514925414618009,1.0,265.94161304062,139.0,247.0,420.625,-5.444042863255607,jump_ar1__k1000,-1.1358818507784887,False,0.004727486429993618,False,notification_index_forecast,prequential,0.9209293034346839,0.020000000000000316,0.02342156874203642,0.03564912782327929,0.8427224792161994,0.06168288173277778,2.021308347137983e-09,0.09559463702971467,40.5,0.0,192.0,-9.375230904980269,94.15927878323336,0.0,445.0,-7.541099148722501,222.59147814835507,0.0,1051.0,-7.019941503154481
United_States,2024,2024-10-05_2024-10-12,302.0,7.0,252.41878826224098,232.64748771781922,22.0,250.0,436.0,-5.5696197381152945,1.0,261.6313170982642,143.0,255.0,426.0,-5.498966615819979,jump_ar1__k1000,-1.1358818507784887,False,0.004727486429993618,False,notification_index_forecast,prequential,0.9209293034346839,0.020000000000000316,0.02342156874203642,0.03564912782327929,0.8427224792161994,0.06168288173277778,2.021308347137983e-09,0.09559463702971467,46.5,0.0,220.0,-9.109606439890033,97.15509925318905,0.0,459.0,-7.600299931957943,231.96407091451204,0.0,1095.0,-7.064375641440005
United_States,2024,2024-10-12_2024-10-19,246.0,7.0,261.93908828183186,238.01320416706247,16.0,258.0,446.0,-5.229819910613365,1.0,271.7049630264594,150.0,263.0,434.0,-5.158556869451279,jump_ar1__k1000,-1.1358818507784887,False,0.004727486429993618,False,notification_index_forecast,prequential,0.9209293034346839,0.020000000000000316,0.02342156874203642,0.03564912782327929,0.8427224792161994,0.06168288173277778,2.021308347137983e-09,0.09559463702971467,37.5,0.0,178.0,-8.932390888297451,100.28933675128042,0.0,474.0,-7.155705063743111,241.77568635175194,0.0,1141.0,-6.837737782874052
United_States,2024,2024-10-19_2024-10-26,348.0,7.0,258.91681040499475,237.01552533313,22.0,252.0,452.25,-6.132504264125841,1.0,268.03226685654755,145.375,257.5,438.0,-6.066791951997879,jump_ar1__k1000,-1.1358818507784887,False,0.004727486429993618,False,notification_index_forecast,prequential,0.9209293034346839,0.020000000000000316,0.02342156874203642,0.03564912782327929,0.8427224792161994,0.06168288173277778,2.021308347137983e-09,0.09559463702971467,40.5,0.0,192.0,-10.285828209116312,102.84960470529089,0.0,486.0,-7.851118665381156,248.50937582528226,0.0,1173.0,-7.220687369959921
United_States,2024,2024-10-26_2024-11-02,462.0,7.0,274.44446570031164,257.2223171305006,31.375,267.0,466.625,-7.788761959372162,1.0,283.80624683553316,155.0,274.0,461.0,-7.765596489677847,jump_ar1__k1000,-1.1358818507784887,False,0.004727486429993618,False,notification_index_forecast,prequential,0.9209293034346839,0.020000000000000316,0.02342156874203642,0.03564912782327929,0.8427224792161994,0.06168288173277778,2.021308347137983e-09,0.09559463702971467,65.5,0.0,310.0,-9.811602235586031,106.41326641438171,0.0,503.0,-8.540450034221665,260.21985455715,0.0,1228.0,-7.5829116271511605
United_States,2024,2024-11-02_2024-11-09,497.0,7.0,320.73597926973383,295.48438836725427,29.375,312.0,562.0,-7.3414402494574675,1.0,333.3983455854727,178.0,316.0,548.0,-7.292679382455247,jump_ar1__k1000,-1.1358818507784887,False,0.004727486429993618,False,notification_index_forecast,prequential,0.9209293034346839,0.020000000000000316,0.02342156874203642,0.03564912782327929,0.8427224792161994,0.06168288173277778,2.021308347137983e-09,0.09559463702971467,62.5,0.0,296.0,-10.329339223933392,110.85338403142117,0.0,524.0,-8.676456824875181,276.39702709962944,0.0,1304.0,-7.66164726636689
United_States,2024,2024-11-09_2024-11-16,389.0,7.0,358.10345127347256,335.85986353510856,27.0,347.0,626.625,-5.695507678218288,1.0,372.34558293917917,200.375,356.0,612.625,-5.624357930705627,jump_ar1__k1000,-1.1358818507784887,False,0.004727486429993618,False,notification_index_forecast,prequential,0.9209293034346839,0.020000000000000316,0.02342156874203642,0.03564912782327929,0.8427224792161994,0.06168288173277778,2.021308347137983e-09,0.09559463702971467,100.5,0.0,475.0,-8.164327778806495,115.57037869898879,0.0,546.0,-7.955578286654622,294.05076676871994,0.0,1387.0,-7.3201913616230465
United_States,2024,2024-11-16_2024-11-23,434.0,7.0,361.39353253811583,337.7363224613276,30.375,359.0,632.25,-5.934920210528631,1.0,375.49992840191,208.0,365.0,611.625,-5.864317955341458,jump_ar1__k1000,-1.1358818507784887,False,0.004727486429993618,False,notification_index_forecast,prequential,0.9209293034346839,0.020000000000000316,0.02342156874203642,0.03564912782327929,0.8427224792161994,0.06168288173277778,2.021308347137983e-09,0.09559463702971467,91.5,0.0,432.0,-8.656677032319696,119.56794799032036,0.0,565.0,-8.173012145917156,307.2775349869421,0.0,1450.0,-7.44337977406415
United_States,2024,2024-11-23_2024-11-30,577.0,7.0,394.3859191464779,355.43887685608286,24.0,368.0,653.0,-7.319145516686873,1.0,411.40986220987156,216.375,375.0,630.0,-7.2640431945577095,jump_ar1__k1000,-1.1358818507784887,False,0.004727486429993618,False,notification_index_forecast,prequential,0.9209293034346839,0.020000000000000316,0.02342156874203642,0.03564912782327929,0.8427224792161994,0.06168288173277778,2.021308347137983e-09,0.09559463702971467,55.5,0.0,263.0,-11.720691124664057,123.96299432415138,0.0,586.0,-8.902729895904454,322.3953634805231,0.0,1521.0,-7.808712446474127
United_States,2024,2024-11-30_2024-12-07,364.0,7.0,414.97933880118194,383.92668571256615,35.0,413.0,726.625,-5.726695253525248,1.0,432.0676121132192,241.0,419.0,712.0,-5.6574231412694385,jump_ar1__k1000,-1.1358818507784887,False,0.004727486429993618,False,notification_index_forecast,prequential,0.9209293034346839,0.020000000000000316,0.02342156874203642,0.03564912782327929,0.8427224792161994,0.06168288173277778,2.021308347137983e-09,0.09559463702971467,90.5,0.0,428.0,-8.162322853907499,129.38285669401773,0.0,611.0,-7.675488468929872,343.21356554978627,0.0,1619.0,-7.2301071299763375
United_States,2024,2024-12-07_2024-12-14,533.0,7.0,406.2850288130659,380.9239970662296,31.375,402.0,688.5,-6.473744754146741,1.0,421.765703768837,233.0,405.0,672.625,-6.4068948031176625,jump_ar1__k1000,-1.1358818507784887,False,0.004727486429993618,False,notification_index_forecast,prequential,0.9209293034346839,0.020000000000000316,0.02342156874203642,0.03564912782327929,0.8427224792161994,0.06168288173277778,2.021308347137983e-09,0.09559463702971467,105.5,0.0,498.0,-9.003629728545722,133.19793885026772,0.0,629.0,-8.535918593355634,354.53681812824084,1.0,1673.0,-7.665134994939874
United_States,2024,2024-12-14_2024-12-21,509.0,7.0,428.97458030316426,406.99295689914527,40.375,425.0,719.625,-6.086055001687958,1.0,444.82612343804755,240.375,432.0,704.0,-6.016129072941576,jump_ar1__k1000,-1.1358818507784887,False,0.004727486429993618,False,notification_index_forecast,prequential,0.9209293034346839,0.020000000000000316,0.02342156874203642,0.03564912782327929,0.8427224792161994,0.06168288173277778,2.021308347137983e-09,0.09559463702971467,137.5,0.0,649.0,-8.36271784006004,138.44479681251119,0.0,654.0,-8.352174007733652,373.88218966712475,1.0,1764.0,-7.594528268424128
United_States,2024,2024-12-21_2024-12-28,424.0,7.0,436.39223418146474,412.87800125935837,34.0,437.0,746.25,-5.73171390860143,1.0,452.2343862298487,255.0,446.0,724.625,-5.661014595600331,jump_ar1__k1000,-1.1358818507784887,False,0.004727486429993618,False,notification_index_forecast,prequential,0.9209293034346839,0.020000000000000316,0.02342156874203642,0.03564912782327929,0.8427224792161994,0.06168288173277778,2.021308347137983e-09,0.09559463702971467,128.5,0.0,607.0,-8.015303403930233,143.55446067823897,0.0,678.0,-7.880619613409271,392.2694906287506,1.0,1851.0,-7.383345752654673
Brazil,2024,2024-01-01_2024-02-01,36.0,31.0,25.44522725687475,23.491810716533493,4.0,24.0,54.0,-3.9561437259099446,1.0,29.379391063641314,11.0,28.0,56.0,-3.693384170703977,jump_ar1__k300,2.2138322196762217,False,0.006795421708641442,False,notification_index_forecast,prequential,0.6513147679477985,0.020000000000000018,0.2930361042289222,0.0356491278232793,0.5255635270682163,0.01499331862936655,0.38984636261428907,0.06959679168812816,8.5,1.0,24.0,-7.892476692163804,18.500170939684185,2.0,49.0,-4.74321193443165,20.162568005605973,2.0,53.0,-4.575882742964792
Brazil,2024,2024-02-01_2024-03-01,21.0,29.0,30.008163358788167,26.442532484859804,4.0,30.0,65.0,-3.8405047420560634,1.0,36.24804688307624,16.0,34.0,67.0,-3.9375875150670954,jump_ar1__k300,2.2138322196762217,False,0.006795421708641442,False,notification_index_forecast,prequential,0.6513147679477985,0.020000000000000018,0.2930361042289222,0.0356491278232793,0.5255635270682163,0.01499331862936655,0.38984636261428907,0.06959679168812816,6.732142857142858,0.0,19.0,-5.479507122314719,18.72012251467723,2.0,51.0,-3.632974824181245,21.85075856290002,2.0,59.0,-3.6200788117868696
Brazil,2024,2024-03-01_2024-04-01,33.0,31.0,31.722003701912072,28.482032675041033,5.0,31.0,65.625,-3.614289071236312,1.0,37.496412809543585,17.0,36.0,67.0,-3.377985651632577,jump_ar1__k300,2.2138322196762217,False,0.006795421708641442,False,notification_index_forecast,prequential,0.6513147679477985,0.020000000000000018,0.2930361042289222,0.0356491278232793,0.5255635270682163,0.01499331862936655,0.38984636261428907,0.06959679168812816,24.5,3.0,64.0,-4.132278875874625,20.360597575651667,2.0,54.0,-4.334965497606415,23.665266225577042,3.0,62.0,-4.161857041864666
Brazil,2024,2024-04-01_2024-05-01,114.0,30.0,33.894679012434764,30.069452536817867,5.0,33.0,70.0,-10.104666917122282,0.0,40.61224598234012,17.0,39.0,73.0,-9.802218091531635,jump_ar1__k300,2.2138322196762217,False,0.006795421708641442,False,notification_index_forecast,prequential,0.6513147679477985,0.020000000000000018,0.2930361042289222,0.0356491278232793,0.5255635270682163,0.01499331862936655,0.38984636261428907,0.06959679168812816,21.5,3.0,57.0,-11.284402069411424,20.84987265639258,2.0,56.0,-11.581554661728159,25.345865183258393,3.0,67.0,-9.858478920928682
Brazil,2024,2024-05-01_2024-06-01,234.0,31.0,94.05986779807616,62.59006915647531,6.0,82.0,241.0,-7.303867869468804,1.0,129.8039462132731,47.0,114.0,269.0,-6.875153812506497,jump_ar1__k300,2.2138322196762217,False,0.006795421708641442,False,notification_index_forecast,prequential,0.6513147679477985,0.020000000000000018,0.2930361042289222,0.0356491278232793,0.5255635270682163,0.01499331862936655,0.38984636261428907,0.06959679168812816,24.5,3.0,64.0,-21.02747441037984,26.118317298690805,3.0,69.0,-19.806461022045873,38.515128562271435,6.0,100.0,-13.933715112560527
Brazil,2024,2024-06-01_2024-07-01,409.0,30.0,150.88691746983542,90.96631482638124,8.0,167.0,344.0,-8.957396137828475,0.0,213.1257761870023,115.0,207.0,369.0,-8.528671895939404,jump_ar1__k300,2.2138322196762217,False,0.006795421708641442,False,notification_index_forecast,prequential,0.6513147679477985,0.020000000000000018,0.2930361042289222,0.0356491278232793,0.5255635270682163,0.01499331862936655,0.38984636261428907,0.06959679168812816,21.5,3.0,57.0,-41.43416256591962,32.398977370093846,4.0,85.0,-27.959984476791558,60.334769199197936,9.0,158.0,-15.801425006642596
Brazil,2024,2024-07-01_2024-08-01,611.0,31.0,259.7131053030295,143.94975175411554,12.0,285.0,621.25,-8.101010551965361,1.0,372.05500875823464,184.0,358.0,652.0,-7.672315109664296,jump_ar1__k300,2.2138322196762217,False,0.006795421708641442,False,notification_index_forecast,prequential,0.6513147679477985,0.020000000000000018,0.2930361042289222,0.0356491278232793,0.5255635270682163,0.01499331862936655,0.38984636261428907,0.06959679168812816,25.5,3.0,67.0,-54.65710188822571,44.62257665037504,7.0,116.0,-31.734381806327825,106.6549960607608,17.0,274.0,-14.38086874649035
Brazil,2024,2024-08-01_2024-09-01,891.0,31.0,397.7572681680653,208.175832646103,14.0,447.0,887.625,-8.39590827785763,0.0,573.3928369366772,294.0,547.0,969.625,-7.967452589117489,jump_ar1__k300,2.2138322196762217,False,0.006795421708641442,False,notification_index_forecast,prequential,0.6513147679477985,0.020000000000000018,0.2930361042289222,0.0356491278232793,0.5255635270682163,0.01499331862936655,0.38984636261428907,0.06959679168812816,12.5,1.0,34.0,-159.52800606689814,60.04541340549163,9.0,155.0,-34.970069124296714,181.00222946687384,30.0,463.0,-13.152159411168224
Brazil,2024,2024-09-01_2024-10-01,1225.0,30.0,559.1184521359756,288.27036069056425,17.0,604.0,1244.0,-8.831979701762645,1.0,806.1435245552609,414.375,750.0,1409.875,-8.405000143166472,jump_ar1__k300,2.2138322196762217,False,0.006795421708641442,False,notification_index_forecast,prequential,0.6513147679477985,0.020000000000000018,0.2930361042289222,0.0356491278232793,0.5255635270682163,0.01499331862936655,0.38984636261428907,0.06959679168812816,19.5,2.0,52.0,-141.00743875578897,78.93501095418051,12.0,206.0,-36.12184694193914,295.7845550285641,47.0,765.0,-11.828477449675237
Brazil,2024,2024-10-01_2024-11-01,1609.0,31.0,805.2225806515783,415.952259846,27.0,855.0,1935.5,-8.776968029730476,1.0,1157.799724462228,571.375,1051.0,2199.625,-8.354544281284543,jump_ar1__k300,2.2138322196762217,False,0.006795421708641442,False,notification_index_forecast,prequential,0.6513147679477985,0.020000000000000018,0.2930361042289222,0.0356491278232793,0.5255635270682163,0.01499331862936655,0.38984636261428907,0.06959679168812816,29.5,4.0,77.0,-128.55761713026877,111.39576239838672,18.0,286.0,-34.94246699299053,502.0471084545285,84.0,1282.0,-10.507219607327665
Brazil,2024,2024-11-01_2024-12-01,1521.0,30.0,966.0694607939183,517.2297413055325,31.0,1081.0,2211.0,-7.5328765218743134,1.0,1375.0651418553707,746.0,1312.0,2350.25,-7.116814907846435,jump_ar1__k300,2.2138322196762217,False,0.006795421708641442,False,notification_index_forecast,prequential,0.6513147679477985,0.020000000000000018,0.2930361042289222,0.0356491278232793,0.5255635270682163,0.01499331862936655,0.38984636261428907,0.06959679168812816,17.5,2.0,47.0,-195.05585029224358,146.29525445584625,23.0,379.0,-25.040443048271207,764.3787448445427,124.0,1974.0,-8.571294161755613
Brazil,2024,2024-12-01_2025-01-01,1045.0,31.0,1170.374556559274,655.9888875787825,35.375,1316.5,2541.875,-8.019565693602878,1.0,1645.447583069399,874.875,1545.0,2694.125,-7.656921307273841,jump_ar1__k300,2.2138322196762217,False,0.006795421708641442,False,notification_index_forecast,prequential,0.6513147679477985,0.020000000000000018,0.2930361042289222,0.0356491278232793,0.5255635270682163,0.01499331862936655,0.38984636261428907,0.06959679168812816,16.5,2.0,44.0,-144.6583212907792,197.49922825407378,33.0,506.0,-14.064819271848348,1135.1144854642275,192.0,2896.0,-7.445638424590277
Thailand,2024,2024-01-01_2024-02-01,332.0,31.0,122.02244078818254,130.63591847034465,2.0,135.0,201.0,-10.368571929492923,0.0,144.85725911251018,93.0,141.0,205.0,-10.181982262220577,jump_ar1__k1000,-4.276967752784598,False,0.04049414402175149,False,notification_index_forecast,prequential,0.8297840684674014,0.11114523496728286,0.023421568742036436,0.03564912782327932,0.9304032083118711,2.1727173796940026e-18,5.2225078422931986e-18,0.069596791688129,4.5,0.0,13.0,-142.80235805150465,7.129005407615948,0.0,20.0,-96.12760742888133,32.40104310331577,4.0,85.0,-23.12075816075879
Thailand,2024,2024-02-01_2024-03-01,232.0,29.0,225.0264304205975,242.23554313555132,0.0,242.0,389.0,-5.0557291882647695,1.0,268.01178232789766,163.0,254.0,408.625,-4.869681279115948,jump_ar1__k1000,-4.276967752784598,False,0.04049414402175149,False,notification_index_forecast,prequential,0.8297840684674014,0.11114523496728286,0.023421568742036436,0.03564912782327932,0.9304032083118711,2.1727173796940026e-18,5.2225078422931986e-18,0.069596791688129,1.5535714285714284,0.0,6.0,-209.50955085696788,10.323755462137216,1.0,29.0,-44.82310179623939,62.27509084263873,9.0,165.0,-9.242469886800246
Thailand,2024,2024-03-01_2024-04-01,205.0,31.0,194.81774503521717,218.08237531237066,2.0,208.0,329.0,-4.870970329653057,1.0,228.80799935661258,144.0,218.0,333.0,-4.692695512396362,jump_ar1__k1000,-4.276967752784598,False,0.04049414402175149,False,notification_index_forecast,prequential,0.8297840684674014,0.11114523496728286,0.023421568742036436,0.03564912782327932,0.9304032083118711,2.1727173796940026e-18,5.2225078422931986e-18,0.069596791688129,4.5,0.0,13.0,-86.59502163955494,15.777692129828814,2.0,42.0,-27.773072353792777,114.64012789591004,18.0,294.0,-6.330794116560885
Thailand,2024,2024-04-01_2024-05-01,125.0,30.0,153.53871365436933,176.2975788238497,0.0,168.0,260.0,-5.584570745393606,1.0,177.44666706242015,115.0,175.0,259.0,-5.441225209234505,jump_ar1__k1000,-4.276967752784598,False,0.04049414402175149,False,notification_index_forecast,prequential,0.8297840684674014,0.11114523496728286,0.023421568742036436,0.03564912782327932,0.9304032083118711,2.1727173796940026e-18,5.2225078422931986e-18,0.069596791688129,0.5,0.0,3.0,-216.09720044583736,20.443597589448817,2.0,55.0,-12.895786610631337,161.62815001078008,25.0,419.0,-5.413345457645273
Thailand,2024,2024-05-01_2024-06-01,130.0,31.0,126.77707171017269,146.64939393795206,0.0,127.0,222.625,-4.428967089711424,1.0,143.14915539352592,83.0,131.0,206.0,-4.253804415847509,jump_ar1__k1000,-4.276967752784598,False,0.04049414402175149,False,notification_index_forecast,prequential,0.8297840684674014,0.11114523496728286,0.023421568742036436,0.03564912782327932,0.9304032083118711,2.1727173796940026e-18,5.2225078422931986e-18,0.069596791688129,1.5,0.0,5.0,-122.95798204480539,26.008858077342232,3.0,68.0,-11.072899581817413,202.48172903505375,33.0,518.0,-5.575099764192508
Thailand,2024,2024-06-01_2024-07-01,47.0,30.0,103.42363028563369,119.3178218780541,1.0,107.0,183.625,-7.607750415361502,1.0,113.73225983091858,64.375,111.0,171.0,-8.327006935147994,jump_ar1__k1000,-4.276967752784598,False,0.04049414402175149,False,notification_index_forecast,prequential,0.8297840684674014,0.11114523496728286,0.023421568742036436,0.03564912782327932,0.9304032083118711,2.1727173796940026e-18,5.2225078422931986e-18,0.069596791688129,2.5,0.0,8.0,-28.55011540890419,30.33398541597379,4.0,80.0,-4.634096386287261,226.15084540215477,36.0,585.0,-6.257140415410354
Thailand,2024,2024-07-01_2024-08-01,31.0,31.0,56.126543799660176,63.18854604151938,0.0,52.0,141.0,-4.453300482500959,1.0,57.825938990354054,25.0,55.0,99.0,-4.310325646547724,jump_ar1__k1000,-4.276967752784598,False,0.04049414402175149,False,notification_index_forecast,prequential,0.8297840684674014,0.11114523496728286,0.023421568742036436,0.03564912782327932,0.9304032083118711,2.1727173796940026e-18,5.2225078422931986e-18,0.069596791688129,0.5,0.0,2.0,-51.42113091041819,33.22130435682847,5.0,87.0,-3.963379004086234,205.04942607167592,34.0,525.0,-6.534328507034703
Thailand,2024,2024-08-01_2024-09-01,32.0,31.0,35.904848954020416,38.291025664007854,3.0,31.0,94.625,-3.2644007085054336,1.0,34.29902060212456,17.375,33.0,57.0,-3.0927539077675377,jump_ar1__k1000,-4.276967752784598,False,0.04049414402175149,False,notification_index_forecast,prequential,0.8297840684674014,0.11114523496728286,0.023421568742036436,0.03564912782327932,0.9304032083118711,2.1727173796940026e-18,5.2225078422931986e-18,0.069596791688129,7.5,0.0,21.0,-7.747000442739848,33.28214125057977,5.0,87.0,-3.990202520113388,163.56526032867913,27.0,419.0,-6.031228221333421
Thailand,2024,2024-09-01_2024-10-01,18.0,30.0,32.09471135439151,32.939442372403164,8.375,28.0,76.0,-3.8162034687241055,1.0,29.660675806195417,14.0,29.0,49.0,-3.836737667675961,jump_ar1__k1000,-4.276967752784598,False,0.04049414402175149,False,notification_index_forecast,prequential,0.8297840684674014,0.11114523496728286,0.023421568742036436,0.03564912782327932,0.9304032083118711,2.1727173796940026e-18,5.2225078422931986e-18,0.069596791688129,18.5,2.0,50.0,-3.4575504176100225,32.306288071329625,4.0,85.0,-3.776618210367076,130.99631328503742,20.0,340.0,-6.103310246655301
Thailand,2024,2024-10-01_2024-11-01,44.0,31.0,27.66761172993116,26.64571609521423,10.0,23.0,75.0,-5.692790169019212,1.0,24.10922601451779,11.0,23.0,41.0,-6.2684161006800245,jump_ar1__k1000,-4.276967752784598,False,0.04049414402175149,False,notification_index_forecast,prequential,0.8297840684674014,0.11114523496728286,0.023421568742036436,0.03564912782327932,0.9304032083118711,2.1727173796940026e-18,5.2225078422931986e-18,0.069596791688129,30.5,4.0,80.0,-4.477109465553986,31.59632468340051,4.0,83.0,-4.4424195910704,99.08222553001185,16.0,255.0,-4.926067930729658
Thailand,2024,2024-11-01_2024-12-01,58.0,30.0,45.38741444907017,32.995023978541155,13.0,30.0,199.0,-5.972426898561597,1.0,30.594669550732096,14.0,29.0,59.0,-6.270247709659392,jump_ar1__k1000,-4.276967752784598,False,0.04049414402175149,False,notification_index_forecast,prequential,0.8297840684674014,0.11114523496728286,0.023421568742036436,0.03564912782327932,0.9304032083118711,2.1727173796940026e-18,5.2225078422931986e-18,0.069596791688129,144.5,23.0,375.0,-5.338953420453931,32.02467299510911,4.0,85.0,-5.085770610210033,89.48018472969136,14.0,233.0,-4.778165301534926
Thailand,2024,2024-12-01_2025-01-01,30.0,31.0,69.99401488647548,56.31673820804432,23.0,51.0,270.625,-4.722693402054394,1.0,54.232721605010184,26.0,50.0,84.0,-4.638654123764342,jump_ar1__k1000,-4.276967752784598,False,0.04049414402175149,False,notification_index_forecast,prequential,0.8297840684674014,0.11114523496728286,0.023421568742036436,0.03564912782327932,0.9304032083118711,2.1727173796940026e-18,5.2225078422931986e-18,0.069596791688129,187.5,31.0,480.0,-6.380185289853221,35.694931586078376,5.0,93.0,-3.9601105784947723,93.04024702094165,15.0,239.0,-5.035632587247136
Australia,2025,2025-01-01_2025-02-01,5015.0,31.0,8411.295606782003,8724.408754252903,1181.875,8096.0,14726.0,-9.804077234333741,1.0,8575.25559855115,4653.75,8139.0,13750.875,-9.773599043748991,jump_ar1__k300,6.736215878316579,False,0.014199625538618048,False,notification_index_forecast,prequential,0.9329076778184731,0.020000000000003196,0.020000000000000143,0.02709232218152359,0.9584534754352476,1.3813052481737861e-13,2.7717920365529547e-16,0.04154652456461391,838.5,142.0,2140.0,-17.11715154618204,2138.2496562666183,363.0,5454.0,-10.258592704127375,12986.6618355957,2209.0,33115.0,-9.864147096503903
Australia,2025,2025-02-01_2025-03-01,2870.0,28.0,6595.519142225958,6824.610239579206,1260.125,6261.5,11239.0,-10.815988510313181,1.0,6670.493169227862,3274.75,6339.0,10765.625,-11.043170574649972,jump_ar1__k300,6.736215878316579,False,0.014199625538618048,False,notification_index_forecast,prequential,0.9329076778184731,0.020000000000003196,0.020000000000000143,0.02709232218152359,0.9584534754352476,1.3813052481737861e-13,2.7717920365529547e-16,0.04154652456461391,828.8965517241379,122.0,2194.0,-11.302298336456346,2141.4782018357755,318.0,5666.0,-8.6098632550468,11558.896747506249,1719.0,30576.0,-9.975686294800745
Australia,2025,2025-03-01_2025-04-01,2353.0,31.0,5351.873162070117,5496.2944361072605,1314.75,4979.5,12751.0,-9.509778959610939,1.0,5329.805948702034,1991.375,5032.0,10667.25,-9.578982878988114,jump_ar1__k300,6.736215878316579,False,0.014199625538618048,False,notification_index_forecast,prequential,0.9329076778184731,0.020000000000003196,0.020000000000000143,0.02709232218152359,0.9584534754352476,1.3813052481737861e-13,2.7717920365529547e-16,0.04154652456461391,1377.5,233.0,3514.0,-8.687346061887656,2468.161174432808,419.0,6295.0,-8.251038447607264,11174.49607037464,1900.0,28494.0,-10.204147973887098
Australia,2025,2025-04-01_2025-05-01,1928.0,30.0,3097.9257739079017,3104.999848265198,1304.5,2767.0,6791.5,-7.993588906659994,1.0,2966.314903213283,1445.125,2764.0,5476.125,-7.96506344802249,jump_ar1__k300,6.736215878316579,False,0.014199625538618048,False,notification_index_forecast,prequential,0.9329076778184731,0.020000000000003196,0.020000000000000143,0.02709232218152359,0.9584534754352476,1.3813052481737861e-13,2.7717920365529547e-16,0.04154652456461391,2067.5,336.0,5336.0,-8.072407687355543,2396.457529984554,390.0,6184.0,-8.120762536388881,8908.379047616905,1453.0,22984.0,-9.90610740129474
Australia,2025,2025-05-01_2025-06-01,2000.0,31.0,2902.5786657754466,2891.4019310466265,1167.75,2523.0,6152.875,-7.643606230203423,1.0,2776.090381306708,1321.125,2500.5,4544.625,-7.600917222890732,jump_ar1__k300,6.736215878316579,False,0.014199625538618048,False,notification_index_forecast,prequential,0.9329076778184731,0.020000000000003196,0.020000000000000143,0.02709232218152359,0.9584534754352476,1.3813052481737861e-13,2.7717920365529547e-16,0.04154652456461391,3187.5,541.0,8129.0,-8.323685542117168,2435.3263463615876,413.0,6212.0,-8.13196792609233,7392.725749650031,1257.0,18852.0,-9.556313091929955
Australia,2025,2025-06-01_2025-07-01,1753.0,30.0,2764.4794927663384,2735.8222358764697,1245.75,2372.5,5435.0,-7.715404075290199,1.0,2646.2551119893087,1298.75,2339.5,4225.25,-7.673339801442203,jump_ar1__k300,6.736215878316579,False,0.014199625538618048,False,notification_index_forecast,prequential,0.9329076778184731,0.020000000000003196,0.020000000000000143,0.02709232218152359,0.9584534754352476,1.3813052481737861e-13,2.7717920365529547e-16,0.04154652456461391,4478.5,730.0,11556.0,-8.782451854816996,2323.3182318554746,378.0,5996.0,-8.060526449394796,5895.818587191403,961.0,15212.0,-9.2278955958033
Australia,2025,2025-07-01_2025-08-01,1573.0,31.0,2521.6709261277842,2469.1990357178647,1299.0,2320.5,4974.0,-8.058498686899835,1.0,2394.428335614974,1353.75,2322.0,3887.625,-8.027374594962845,jump_ar1__k300,6.736215878316579,False,0.014199625538618048,False,notification_index_forecast,prequential,0.9329076778184731,0.020000000000003196,0.020000000000000143,0.02709232218152359,0.9584534754352476,1.3813052481737861e-13,2.7717920365529547e-16,0.04154652456461391,5252.5,893.0,13395.0,-9.131088514508585,2343.570797771621,398.0,5978.0,-8.023474827512684,5018.725636732076,853.0,12799.0,-9.050721835047808
Australia,2025,2025-08-01_2025-09-01,1704.0,31.0,2453.7628222116987,2374.6190541679543,1172.125,2212.5,5892.875,-7.544313757920719,1.0,2318.8942404485047,1173.375,2175.0,3955.0,-7.499161003111133,jump_ar1__k300,6.736215878316579,False,0.014199625538618048,False,notification_index_forecast,prequential,0.9329076778184731,0.020000000000003196,0.020000000000000143,0.02709232218152359,0.9584534754352476,1.3813052481737861e-13,2.7717920365529547e-16,0.04154652456461391,6703.5,1140.0,17094.0,-9.513088659162193,2256.0343827553197,383.0,5754.0,-8.017066562677787,4106.620792698219,698.0,10473.0,-8.675051969629266
Australia,2025,2025-09-01_2025-10-01,1748.0,30.0,2280.195814135208,2162.0963241665513,1047.375,2088.0,5301.125,-7.356148608974814,1.0,2120.2754388864487,1087.5,2051.0,3467.75,-7.308361082124646,jump_ar1__k300,6.736215878316579,False,0.014199625538618048,False,notification_index_forecast,prequential,0.9329076778184731,0.020000000000003196,0.020000000000000143,0.02709232218152359,0.9584534754352476,1.3813052481737861e-13,2.7717920365529547e-16,0.04154652456461391,8381.5,1367.0,21625.0,-9.879930896516523,2131.3893959483316,347.0,5501.0,-8.013937813429518,3392.7246831502257,553.0,8755.0,-8.407739000163737
Australia,2025,2025-10-01_2025-11-01,1587.0,31.0,2419.11863911022,2315.41795768521,920.0,2155.0,5611.375,-7.700195722624893,1.0,2286.372012683143,1052.875,2151.0,3737.125,-7.663415496340234,jump_ar1__k300,6.736215878316579,False,0.014199625538618048,False,notification_index_forecast,prequential,0.9329076778184731,0.020000000000003196,0.020000000000000143,0.02709232218152359,0.9584534754352476,1.3813052481737861e-13,2.7717920365529547e-16,0.04154652456461391,7940.499999999999,1350.0,20248.0,-9.91573453735597,2169.952746947193,368.0,5535.0,-7.967024088662576,3098.131589735531,526.0,7902.0,-8.315486237697394
Australia,2025,2025-11-01_2025-12-01,1496.0,30.0,2356.6464348632167,2222.2133827368552,1031.25,1968.0,5653.0,-7.464830692913368,1.0,2206.8574437582947,1119.0,1959.0,3388.0,-7.423595943423626,jump_ar1__k300,6.736215878316579,False,0.014199625538618048,False,notification_index_forecast,prequential,0.9329076778184731,0.020000000000003196,0.020000000000000143,0.02709232218152359,0.9584534754352476,1.3813052481737861e-13,2.7717920365529547e-16,0.04154652456461391,9317.5,1519.0,24039.0,-10.250238341387675,2042.6875165217891,332.0,5272.0,-7.92091762481601,2607.691984704412,424.0,6729.0,-8.131420856016305
Australia,2025,2025-12-01_2026-01-01,919.0,31.0,2129.6699703168447,2036.345507380773,912.5,1959.0,4599.75,-9.719520503220096,1.0,2022.8560700910061,1052.125,1944.0,3469.875,-9.948661678344598,jump_ar1__k300,6.736215878316579,False,0.014199625538618048,False,notification_index_forecast,prequential,0.9329076778184731,0.020000000000003196,0.020000000000000143,0.02709232218152359,0.9584534754352476,1.3813052481737861e-13,2.7717920365529547e-16,0.04154652456461391,6857.5,1166.0,17487.0,-10.21869167448768,2053.5550205236086,348.0,5238.0,-7.948319240551924,2373.768869491961,403.0,6055.0,-8.163326350539297
China,2025,2025-01-01_2025-02-01,5611.0,31.0,10801.41429043901,13363.178819330304,5089.75,9584.0,23574.0,-10.07319385726977,1.0,10241.6970152215,5319.5,9394.0,16069.625,-10.067135068504053,jump_ar1__k300,4.568270072581353,False,0.021230867289416103,False,notification_index_forecast,prequential,0.9203306090424633,0.020000000000003182,0.03966939095753351,0.019999999999999983,0.7084832003883716,3.915520465650826e-18,2.7719505072558317e-16,0.291516799611628,15275.5,2598.0,38951.0,-10.055837111235478,14116.000010664251,2401.0,35995.0,-9.931679528423588,25509.195780609567,4340.0,65045.0,-10.986190313282924
China,2025,2025-02-01_2025-03-01,4298.0,28.0,8554.069969896134,10038.08677511844,3566.75,7757.0,17378.0,-10.034260935605676,1.0,8068.004830575484,3760.25,7710.0,13756.5,-10.038540578884332,jump_ar1__k300,4.568270072581353,False,0.021230867289416103,False,notification_index_forecast,prequential,0.9203306090424633,0.020000000000003182,0.03966939095753351,0.019999999999999983,0.7084832003883716,3.915520465650826e-18,2.7719505072558317e-16,0.291516799611628,16515.655172413793,2456.0,43687.0,-10.298988129962986,11523.145539050858,1713.0,30481.0,-9.730560727887188,17070.445075878386,2539.0,45154.0,-10.355515424900346
China,2025,2025-03-01_2025-04-01,4186.0,31.0,8730.354418532765,9529.049161555418,3332.0,7720.0,22712.75,-10.019146187358553,1.0,8096.718013378055,3358.375,7603.5,14409.125,-10.012645390947004,jump_ar1__k300,4.568270072581353,False,0.021230867289416103,False,notification_index_forecast,prequential,0.9203306090424633,0.020000000000003182,0.03966939095753351,0.019999999999999983,0.7084832003883716,3.915520465650826e-18,2.7719505072558317e-16,0.291516799611628,27078.5,4607.0,69046.0,-11.424651680989594,11444.31672905427,1946.0,29182.0,-9.76966761600724,14156.896173433808,2408.0,36099.0,-10.132751401221633
China,2025,2025-04-01_2025-05-01,4506.0,30.0,8511.69806907537,7554.244310496886,3084.0,6219.0,24957.125,-8.795921400672158,1.0,6610.59813399741,3252.75,6180.0,11877.25,-8.741849134162859,jump_ar1__k300,4.568270072581353,False,0.021230867289416103,False,notification_index_forecast,prequential,0.9203306090424633,0.020000000000003182,0.03966939095753351,0.019999999999999983,0.7084832003883716,3.915520465650826e-18,2.7719505072558317e-16,0.291516799611628,91272.5,14892.0,235469.0,-13.985171676245646,9915.855325234736,1617.0,25583.0,-9.514048062151819,10447.816035159716,1704.0,26955.0,-9.585787030462463
China,2025,2025-05-01_2025-06-01,4260.0,31.0,8764.50957936205,7342.1581003719575,3515.375,6579.0,18301.625,-9.272631947400946,1.0,6803.767966416624,3740.75,6513.0,11613.0,-9.241807554465662,jump_ar1__k300,4.568270072581353,False,0.021230867289416103,False,notification_index_forecast,prequential,0.9203306090424633,0.020000000000003182,0.03966939095753351,0.019999999999999983,0.7084832003883716,3.915520465650826e-18,2.7719505072558317e-16,0.291516799611628,97669.5,16618.0,249037.0,-14.381306946391454,9395.273676481052,1598.0,23958.0,-9.463484273358297,8834.94392102873,1502.0,22529.0,-9.380155345478645
China,2025,2025-06-01_2025-07-01,3590.0,30.0,8239.307052613387,6719.440767524499,2993.875,6321.0,18149.0,-9.7968431557821,1.0,6574.523704100422,3280.375,6313.0,11163.375,-9.81913401221519,jump_ar1__k300,4.568270072581353,False,0.021230867289416103,False,notification_index_forecast,prequential,0.9203306090424633,0.020000000000003182,0.03966939095753351,0.019999999999999983,0.7084832003883716,3.915520465650826e-18,2.7719505072558317e-16,0.291516799611628,85817.5,14002.0,221396.0,-14.147381673412461,8331.860396985405,1359.0,21497.0,-9.359876976358088,7085.091018132823,1155.0,18280.0,-9.147359821131449
China,2025,2025-07-01_2025-08-01,2974.0,31.0,7935.701581760485,6385.052096633939,2654.0,6025.5,24419.0,-10.28533275001175,1.0,6523.816917598948,3147.25,5995.0,11176.125,-10.390933127826509,jump_ar1__k300,4.568270072581353,False,0.021230867289416103,False,notification_index_forecast,prequential,0.9203306090424633,0.020000000000003182,0.03966939095753351,0.019999999999999983,0.7084832003883716,3.915520465650826e-18,2.7719505072558317e-16,0.291516799611628,74964.5,12755.0,191145.0,-14.253073200802383,7843.41500870991,1334.0,20001.0,-9.370349138735126,6059.984414109093,1030.0,15454.0,-8.99777019594482
China,2025,2025-08-01_2025-09-01,1774.0,31.0,5944.55285925745,5054.323060009181,2106.0,4943.0,12353.375,-11.261702905907047,0.0,5109.620317072406,2332.25,4878.0,8864.0,-11.727040179578221,jump_ar1__k300,4.568270072581353,False,0.021230867289416103,False,notification_index_forecast,prequential,0.9203306090424633,0.020000000000003182,0.03966939095753351,0.019999999999999983,0.7084832003883716,3.915520465650826e-18,2.7719505072558317e-16,0.291516799611628,43216.5,7353.0,110194.0,-13.652641606050192,7039.044587876975,1197.0,17950.0,-9.569678700654741,4922.413457315937,837.0,12553.0,-8.935162126772958
China,2025,2025-09-01_2025-10-01,1028.0,30.0,3618.4275455306088,3314.682367787427,1182.75,3112.0,8838.25,-9.835364760944202,0.0,3226.751551372975,1214.875,3075.5,5532.25,-9.866994245410206,jump_ar1__k300,4.568270072581353,False,0.021230867289416103,False,notification_index_forecast,prequential,0.9203306090424633,0.020000000000003182,0.03966939095753351,0.019999999999999983,0.7084832003883716,3.915520465650826e-18,2.7719505072558317e-16,0.291516799611628,17316.5,2825.0,44675.0,-12.076561123538735,5839.4984796332255,952.0,15067.0,-9.686143997241533,3538.49884211286,576.0,9131.0,-8.734364527204683
China,2025,2025-10-01_2025-11-01,893.0,31.0,2413.603800801203,2241.4583972435175,1015.75,1842.0,9561.5,-9.631638462542481,0.0,2133.4870029297676,1040.0,1807.0,3667.5,-9.681291764135189,jump_ar1__k300,4.568270072581353,False,0.021230867289416103,False,notification_index_forecast,prequential,0.9203306090424633,0.020000000000003182,0.03966939095753351,0.019999999999999983,0.7084832003883716,3.915520465650826e-18,2.7719505072558317e-16,0.291516799611628,10118.5,1721.0,25802.0,-11.136770796938267,4970.500765732323,845.0,12676.0,-9.560096424399147,2527.183494004121,429.0,6446.0,-8.280974986538402
China,2025,2025-11-01_2025-12-01,1246.0,30.0,1918.7993954644605,1713.692503010949,786.625,1649.0,4776.875,-7.375748519489893,1.0,1705.9406124314796,831.0,1620.5,2868.25,-7.317717753664531,jump_ar1__k300,4.568270072581353,False,0.021230867289416103,False,notification_index_forecast,prequential,0.9203306090424633,0.020000000000003182,0.03966939095753351,0.019999999999999983,0.7084832003883716,3.915520465650826e-18,2.7719505072558317e-16,0.291516799611628,7829.5,1277.0,20201.0,-10.085598412185114,3970.982256193541,647.0,10246.0,-8.794359046671111,1732.6792514364488,282.0,4472.0,-7.750519759920941
China,2025,2025-12-01_2026-01-01,1313.0,31.0,2160.7139384653183,1839.4697370428917,918.0,1896.0,5722.375,-7.705034878938493,1.0,2015.3875467810094,988.0,1879.0,3330.25,-7.661748946458856,jump_ar1__k300,4.568270072581353,False,0.021230867289416103,False,notification_index_forecast,prequential,0.9203306090424633,0.020000000000003182,0.03966939095753351,0.019999999999999983,0.7084832003883716,3.915520465650826e-18,2.7719505072558317e-16,0.291516799611628,6662.5,1133.0,16990.0,-9.754760949960676,3609.2228402496903,613.0,9205.0,-8.618997578716248,1473.2709088505105,250.0,3758.0,-7.681459775410715
United_Kingdom,2025,2025-01-06_2025-01-13,122.0,7.0,213.14776587621657,248.91503991761144,29.0,197.0,381.0,-5.8721335605985345,1.0,204.69213461592983,99.0,198.0,344.0,-5.849098375989367,jump_ar1__k1000,4.482020162372812,False,0.016423128231840178,False,notification_index_forecast,prequential,0.9399999999999971,0.02000000000000305,0.02000000000000002,0.019999999999999837,0.8194477234682591,0.0018273377328834127,1.1877173492506028e-15,0.1787249387988563,227.5,0.0,1074.0,-6.228880985298408,199.46894674111365,0.0,942.0,-6.196694426903857,609.8890201210133,1.0,2877.0,-6.601972765719712
United_Kingdom,2025,2025-01-13_2025-01-20,121.0,7.0,188.7962430223322,220.62052724499165,76.375,170.0,337.0,-5.294884022883016,1.0,178.66599872877143,92.0,171.0,294.0,-5.254542992475343,jump_ar1__k1000,4.482020162372812,False,0.016423128231840178,False,notification_index_forecast,prequential,0.9399999999999971,0.02000000000000305,0.02000000000000002,0.019999999999999837,0.8194477234682591,0.0018273377328834127,1.1877173492506028e-15,0.1787249387988563,267.5,0.0,1262.0,-6.2701551463352905,197.04766425025028,0.0,930.0,-6.187597774998051,577.9625466140915,1.0,2726.0,-6.572951049512084
United_Kingdom,2025,2025-01-20_2025-01-27,144.0,7.0,173.90449128602097,201.29242821080345,44.0,156.0,316.0,-4.756963429653348,1.0,162.0159107991006,83.0,156.0,268.0,-4.7059539244618325,jump_ar1__k1000,4.482020162372812,False,0.016423128231840178,False,notification_index_forecast,prequential,0.9399999999999971,0.02000000000000305,0.02000000000000002,0.019999999999999837,0.8194477234682591,0.0018273377328834127,1.1877173492506028e-15,0.1787249387988563,345.5,0.0,1630.0,-6.470439456561699,194.68823005221523,0.0,919.0,-6.326587888445632,540.2885266910803,1.0,2548.0,-6.640888331957576
United_Kingdom,2025,2025-01-27_2025-02-03,74.0,7.0,174.8041019868267,198.6683891552758,57.0,157.0,350.125,-7.001857995719061,1.0,161.21794779955422,85.375,156.0,273.625,-7.103386990547556,jump_ar1__k1000,4.482020162372812,False,0.016423128231840178,False,notification_index_forecast,prequential,0.9399999999999971,0.02000000000000305,0.02000000000000002,0.019999999999999837,0.8194477234682591,0.0018273377328834127,1.1877173492506028e-15,0.1787249387988563,457.5,1.0,2158.0,-6.202982006896066,193.32886542260965,0.0,913.0,-5.835514299298344,512.1326873396347,1.0,2416.0,-6.257855446152087
United_Kingdom,2025,2025-02-03_2025-02-10,105.0,7.0,155.32078063372853,176.0056591448964,54.375,139.0,306.5,-4.864853906905203,1.0,141.8660740770088,75.0,138.0,229.0,-4.817811063720741,jump_ar1__k1000,4.482020162372812,False,0.016423128231840178,False,notification_index_forecast,prequential,0.9399999999999971,0.02000000000000305,0.02000000000000002,0.019999999999999837,0.8194477234682591,0.0018273377328834127,1.1877173492506028e-15,0.1787249387988563,442.5,1.0,2087.0,-6.375473503374974,188.47706001338835,0.0,890.0,-6.069248470902274,467.35649005358204,1.0,2205.0,-6.399609509665848
United_Kingdom,2025,2025-02-10_2025-02-17,104.0,7.0,148.04527280810495,167.13029640242974,56.0,132.0,279.0,-4.737530876596793,1.0,135.17554371166702,73.0,131.0,221.0,-4.68898451448106,jump_ar1__k1000,4.482020162372812,False,0.016423128231840178,False,notification_index_forecast,prequential,0.9399999999999971,0.02000000000000305,0.02000000000000002,0.019999999999999837,0.8194477234682591,0.0018273377328834127,1.1877173492506028e-15,0.1787249387988563,426.5,1.0,2012.0,-6.3540348059240035,185.74772860119066,0.0,877.0,-6.058432609297619,436.7653573556657,1.0,2060.0,-6.364400537184015
United_Kingdom,2025,2025-02-17_2025-02-24,107.0,7.0,141.45674874750546,159.60472069034495,53.0,126.0,257.25,-4.589579852967636,1.0,129.6103661976346,68.375,126.0,216.0,-4.539229564058929,jump_ar1__k1000,4.482020162372812,False,0.016423128231840178,False,notification_index_forecast,prequential,0.9399999999999971,0.02000000000000305,0.02000000000000002,0.019999999999999837,0.8194477234682591,0.0018273377328834127,1.1877173492506028e-15,0.1787249387988563,388.5,1.0,1833.0,-6.330640579203437,183.00595986276943,0.0,864.0,-6.076181888836926,409.6442662236405,1.0,1932.0,-6.352905418537422
United_Kingdom,2025,2025-02-24_2025-03-03,84.0,7.0,144.6653528205611,159.81323339504922,49.0,123.0,271.625,-5.062108563304351,1.0,131.48020147308682,67.0,123.0,209.625,-5.021405226929254,jump_ar1__k1000,4.482020162372812,False,0.016423128231840178,False,notification_index_forecast,prequential,0.9399999999999971,0.02000000000000305,0.02000000000000002,0.019999999999999837,0.8194477234682591,0.0018273377328834127,1.1877173492506028e-15,0.1787249387988563,487.5,1.0,2300.0,-6.299204386431634,180.55675282955784,0.0,852.0,-5.89732876437458,385.64141896336497,1.0,1819.0,-6.1907549572251925
United_Kingdom,2025,2025-03-03_2025-03-10,94.0,7.0,133.00195893349817,146.30339352442914,51.375,117.0,306.5,-4.545537161606064,1.0,119.93741707202938,65.0,116.0,198.0,-4.495573312389529,jump_ar1__k1000,4.482020162372812,False,0.016423128231840178,False,notification_index_forecast,prequential,0.9399999999999971,0.02000000000000305,0.02000000000000002,0.019999999999999837,0.8194477234682591,0.0018273377328834127,1.1877173492506028e-15,0.1787249387988563,477.49999999999994,1.0,2252.0,-6.349060904363061,177.04416739736814,0.0,836.0,-5.971435181870811,358.4951768921071,1.0,1691.0,-6.221998719320402
United_Kingdom,2025,2025-03-10_2025-03-17,68.0,7.0,130.99387748950176,139.82226389185382,46.375,111.0,270.0,-5.3748772655297286,1.0,114.96014227326094,60.0,112.0,193.0,-5.345639198298683,jump_ar1__k1000,4.482020162372812,False,0.016423128231840178,False,notification_index_forecast,prequential,0.9399999999999971,0.02000000000000305,0.02000000000000002,0.019999999999999837,0.8194477234682591,0.0018273377328834127,1.1877173492506028e-15,0.1787249387988563,635.5,1.0,2997.0,-6.324491077644964,174.17927530529505,0.0,822.0,-5.744281008154287,336.8879123264508,0.0,1589.0,-6.014507231569875
United_Kingdom,2025,2025-03-17_2025-03-24,51.0,7.0,126.25069831323674,129.52881554074398,44.0,103.0,282.875,-6.238293698132005,1.0,106.49053045582434,54.0,103.0,176.0,-6.2685978994847,jump_ar1__k1000,4.482020162372812,False,0.016423128231840178,False,notification_index_forecast,prequential,0.9399999999999971,0.02000000000000305,0.02000000000000002,0.019999999999999837,0.8194477234682591,0.0018273377328834127,1.1877173492506028e-15,0.1787249387988563,826.5,2.0,3898.0,-6.327757615057414,169.95855303707057,0.0,802.0,-5.556688881455185,311.0214312009139,0.0,1467.0,-5.825215327415101
United_Kingdom,2025,2025-03-24_2025-03-31,66.0,7.0,108.82389108571722,113.81226328613596,32.0,89.0,239.875,-4.56657538029227,1.0,92.87166404640693,41.0,89.0,156.0,-4.5199044114385245,jump_ar1__k1000,4.482020162372812,False,0.016423128231840178,False,notification_index_forecast,prequential,0.9399999999999971,0.02000000000000305,0.02000000000000002,0.019999999999999837,0.8194477234682591,0.0018273377328834127,1.1877173492506028e-15,0.1787249387988563,628.5,1.0,2964.0,-6.304350085067672,164.66970453866213,0.0,777.0,-5.705423575043701,283.056639565993,0.0,1336.0,-5.9199282071946815
Japan,2025,2025-01-06_2025-01-13,135.0,7.0,146.60251423378566,146.64510003660902,9.0,142.0,262.0,-4.67223365556686,1.0,152.57102543944256,75.0,144.0,251.625,-4.616702340816078,jump_ar1__k1000,4.1366021770242405,False,0.008365845734408284,False,notification_index_forecast,prequential,0.9399999999999966,0.020000000000003182,0.020000000000000177,0.01999999999999997,0.8662475377058161,3.818648193724966e-18,3.166321746617135e-16,0.13375246229418353,5.5,0.0,27.0,-17.302059073104786,40.35904422710549,0.0,191.0,-6.885920663089232,113.4284718084015,0.0,536.0,-6.247752445473444
Japan,2025,2025-01-13_2025-01-20,140.0,7.0,141.09318863028017,142.6270642902925,14.0,141.0,234.25,-4.656513927825239,1.0,146.499908037523,78.0,143.0,233.0,-4.600663003081047,jump_ar1__k1000,4.1366021770242405,False,0.008365845734408284,False,notification_index_forecast,prequential,0.9399999999999966,0.020000000000003182,0.020000000000000177,0.01999999999999997,0.8662475377058161,3.818648193724966e-18,3.166321746617135e-16,0.13375246229418353,7.5,0.0,36.0,-14.399509673460614,41.771817486040064,0.0,198.0,-6.925059869086498,119.89193626441005,0.0,566.0,-6.282095482125557
Japan,2025,2025-01-20_2025-01-27,195.0,7.0,143.8085958193057,145.73138640677945,12.0,142.0,247.0,-5.580134078767998,1.0,149.22836487584135,81.0,144.0,242.0,-5.527301833818242,jump_ar1__k1000,4.1366021770242405,False,0.008365845734408284,False,notification_index_forecast,prequential,0.9399999999999966,0.020000000000003182,0.020000000000000177,0.01999999999999997,0.8662475377058161,3.818648193724966e-18,3.166321746617135e-16,0.13375246229418353,8.5,0.0,41.0,-17.02944509783197,43.22422913588332,0.0,205.0,-7.747933272073906,124.97241266488155,0.0,590.0,-6.671731670029649
Japan,2025,2025-01-27_2025-02-03,246.0,7.0,153.51198447523794,155.3729541540001,15.0,153.0,260.625,-6.64890902900999,1.0,159.22142894160766,87.0,157.0,260.0,-6.605097936480229,jump_ar1__k1000,4.1366021770242405,False,0.008365845734408284,False,notification_index_forecast,prequential,0.9399999999999966,0.020000000000003182,0.020000000000000177,0.01999999999999997,0.8662475377058161,3.818648193724966e-18,3.166321746617135e-16,0.13375246229418353,14.500000000000002,0.0,69.0,-14.22263119545402,45.10126073877279,0.0,214.0,-8.410166616130645,132.5908027675895,0.0,626.0,-6.973581469992137
Japan,2025,2025-02-03_2025-02-10,262.0,7.0,174.1083002318789,175.25547594090006,14.0,174.0,299.625,-6.329280010084716,1.0,181.00959193285195,95.0,176.0,300.0,-6.279624147374993,jump_ar1__k1000,4.1366021770242405,False,0.008365845734408284,False,notification_index_forecast,prequential,0.9399999999999966,0.020000000000003182,0.020000000000000177,0.01999999999999997,0.8662475377058161,3.818648193724966e-18,3.166321746617135e-16,0.13375246229418353,8.5,0.0,41.0,-21.540159847583848,47.31637044684659,0.0,224.0,-8.512389315037264,142.14782030308638,0.0,671.0,-7.03334975372482
Japan,2025,2025-02-10_2025-02-17,280.0,7.0,196.7209596718634,196.86859472850335,12.0,196.0,343.0,-6.0993891557674615,1.0,204.7972771533349,109.375,200.0,336.0,-6.0465181140379745,jump_ar1__k1000,4.1366021770242405,False,0.008365845734408284,False,notification_index_forecast,prequential,0.9399999999999966,0.020000000000003182,0.020000000000000177,0.01999999999999997,0.8662475377058161,3.818648193724966e-18,3.166321746617135e-16,0.13375246229418353,8.5,0.0,41.0,-22.746523161503802,49.66019848930151,0.0,235.0,-8.626779270608331,152.41575889716097,0.0,720.0,-7.098165282557154
Japan,2025,2025-02-17_2025-02-24,358.0,7.0,218.98416461839068,218.28561067988446,10.0,219.0,387.0,-7.090690839352735,1.0,228.2117994018514,122.0,221.0,384.625,-7.044847271097819,jump_ar1__k1000,4.1366021770242405,False,0.008365845734408284,False,notification_index_forecast,prequential,0.9399999999999966,0.020000000000003182,0.020000000000000177,0.01999999999999997,0.8662475377058161,3.818648193724966e-18,3.166321746617135e-16,0.13375246229418353,7.5,0.0,36.0,-30.900603771689187,52.131773187821636,0.0,247.0,-9.462323693434174,163.62188584473367,0.0,773.0,-7.444694683480728
Japan,2025,2025-02-24_2025-03-03,353.0,7.0,260.9232244117586,257.25162796356346,17.0,258.5,438.0,-6.126053030619615,1.0,272.36050030751085,144.375,261.0,439.0,-6.07085907763042,jump_ar1__k1000,4.1366021770242405,False,0.008365845734408284,False,notification_index_forecast,prequential,0.9399999999999966,0.020000000000003182,0.020000000000000177,0.01999999999999997,0.8662475377058161,3.818648193724966e-18,3.166321746617135e-16,0.13375246229418353,12.5,0.0,60.0,-20.602599302204084,55.01921073798111,0.0,260.0,-9.2300250599278,177.69849539698325,0.0,839.0,-7.370542888316537
Japan,2025,2025-03-03_2025-03-10,482.0,7.0,281.77357677335687,277.9135893166517,14.375,279.0,478.0,-7.80850593326145,0.0,294.2163584882031,161.0,285.0,474.0,-7.767456230543738,jump_ar1__k1000,4.1366021770242405,False,0.008365845734408284,False,notification_index_forecast,prequential,0.9399999999999966,0.020000000000003182,0.020000000000000177,0.01999999999999997,0.8662475377058161,3.818648193724966e-18,3.166321746617135e-16,0.13375246229418353,10.5,0.0,51.0,-30.461052941556098,57.951167762065595,0.0,274.0,-10.480680256415194,192.05882196027898,0.0,907.0,-7.847854668616835
Japan,2025,2025-03-10_2025-03-17,561.0,7.0,321.18142940014127,315.4261607558379,15.0,326.0,542.0,-8.265818916607959,0.0,335.7588742100583,188.0,329.0,538.0,-8.23023256452323,jump_ar1__k1000,4.1366021770242405,False,0.008365845734408284,False,notification_index_forecast,prequential,0.9399999999999966,0.020000000000003182,0.020000000000000177,0.01999999999999997,0.8662475377058161,3.818648193724966e-18,3.166321746617135e-16,0.13375246229418353,6.5,0.0,32.0,-52.121916521838,61.50451985715315,0.0,291.0,-11.040481043970054,210.3998622772258,0.0,993.0,-8.054784711884707
Japan,2025,2025-03-17_2025-03-24,458.0,7.0,364.03372477538267,356.367242502265,11.375,359.0,610.25,-6.119110762214932,1.0,380.8532194592261,202.0,366.0,613.625,-6.062185861118656,jump_ar1__k1000,4.1366021770242405,False,0.008365845734408284,False,notification_index_forecast,prequential,0.9399999999999966,0.020000000000003182,0.020000000000000177,0.01999999999999997,0.8662475377058161,3.818648193724966e-18,3.166321746617135e-16,0.13375246229418353,4.5,0.0,22.0,-59.365071992231925,65.4311929423926,0.0,310.0,-9.776541553695772,231.65373124317588,0.0,1093.0,-7.628184270557208
Japan,2025,2025-03-24_2025-03-31,578.0,7.0,371.86654570068123,366.41088742634645,25.75,370.0,610.625,-7.342984194017216,1.0,388.48834428361,214.0,379.0,609.0,-7.292661324103089,jump_ar1__k1000,4.1366021770242405,False,0.008365845734408284,False,notification_index_forecast,prequential,0.9399999999999966,0.020000000000003182,0.020000000000000177,0.01999999999999997,0.8662475377058161,3.818648193724966e-18,3.166321746617135e-16,0.13375246229418353,14.500000000000002,0.0,69.0,-27.495741079813694,69.09480975558483,0.0,327.0,-10.689296241545604,250.78029394886983,0.0,1183.0,-7.960858810892523
Japan,2025,2025-03-31_2025-04-07,722.0,7.0,406.178390727319,400.0961899862273,26.0,405.0,687.0,-8.648156720151198,0.0,424.12617085899655,233.375,411.0,680.625,-8.616159951649095,jump_ar1__k1000,4.1366021770242405,False,0.008365845734408284,False,notification_index_forecast,prequential,0.9399999999999966,0.020000000000003182,0.020000000000000177,0.01999999999999997,0.8662475377058161,3.818648193724966e-18,3.166321746617135e-16,0.13375246229418353,27.5,0.0,131.0,-20.411091887575296,73.32529929083773,0.0,347.0,-11.667159827175276,274.1642067023422,0.0,1294.0,-8.295405993285307
Japan,2025,2025-04-07_2025-04-14,1222.0,7.0,467.32622860442484,458.219271420106,27.125,461.0,792.625,-12.018385292354933,0.0,488.60380223384163,269.0,472.0,801.25,-12.284025992843386,jump_ar1__k1000,4.1366021770242405,False,0.008365845734408284,False,notification_index_forecast,prequential,0.9399999999999966,0.020000000000003182,0.020000000000000177,0.01999999999999997,0.8662475377058161,3.818648193724966e-18,3.166321746617135e-16,0.13375246229418353,21.5,0.0,102.0,-37.806586172953914,78.17376188665774,0.0,370.0,-15.242805393893631,302.2589633441061,0.0,1426.0,-9.384725580647956
Japan,2025,2025-04-14_2025-04-21,1884.0,7.0,757.2965313192788,711.2008062713702,22.75,762.0,1240.375,-13.16954285430543,0.0,796.2534539236725,448.75,777.0,1244.25,-13.455755712311205,jump_ar1__k1000,4.1366021770242405,False,0.008365845734408284,False,notification_index_forecast,prequential,0.9399999999999966,0.020000000000003182,0.020000000000000177,0.01999999999999997,0.8662475377058161,3.818648193724966e-18,3.166321746617135e-16,0.13375246229418353,14.500000000000002,0.0,69.0,-78.7835433504662,84.41491214868904,0.0,399.0,-19.30447943922225,341.99931940277423,0.0,1614.0,-10.481967080126392
Japan,2025,2025-04-21_2025-04-28,2176.0,7.0,1246.3712572516463,1119.4392856609593,28.375,1200.0,2162.0,-9.339718501755415,0.0,1315.0600068296244,615.375,1230.0,2176.25,-9.283352108058994,jump_ar1__k1000,4.1366021770242405,False,0.008365845734408284,False,notification_index_forecast,prequential,0.9399999999999966,0.020000000000003182,0.020000000000000177,0.01999999999999997,0.8662475377058161,3.818648193724966e-18,3.166321746617135e-16,0.13375246229418353,24.5,0.0,117.0,-56.35111579945184,92.09165101238665,0.0,435.0,-20.170077510837906,394.1508905777924,1.0,1859.0,-10.631891122937132
Japan,2025,2025-04-28_2025-05-05,1746.0,7.0,1431.0618483508638,1286.7948253092516,22.0,1444.5,2311.0,-7.26948797575319,1.0,1510.2589859535128,871.75,1467.0,2328.25,-7.209464854920054,jump_ar1__k1000,4.1366021770242405,False,0.008365845734408284,False,notification_index_forecast,prequential,0.9399999999999966,0.020000000000003182,0.020000000000000177,0.01999999999999997,0.8662475377058161,3.818648193724966e-18,3.166321746617135e-16,0.13375246229418353,14.500000000000002,0.0,69.0,-73.38488283302465,100.56289525915457,0.0,475.0,-16.53770155294574,455.8571824691821,1.0,2150.0,-9.650747876155204
Japan,2025,2025-05-05_2025-05-12,1792.0,7.0,1545.2972473612651,1397.9796858451123,29.375,1462.5,2378.0,-7.353998684242354,1.0,1630.2138647700165,874.375,1483.0,2375.25,-7.294406527326675,jump_ar1__k1000,4.1366021770242405,False,0.008365845734408284,False,notification_index_forecast,prequential,0.9399999999999966,0.020000000000003182,0.020000000000000177,0.01999999999999997,0.8662475377058161,3.818648193724966e-18,3.166321746617135e-16,0.13375246229418353,19.5,0.0,93.0,-57.7382610778146,108.90376541269298,0.0,515.0,-16.07615401649863,516.4069584600719,1.0,2436.0,-9.526703777117435
Japan,2025,2025-05-12_2025-05-19,2299.0,7.0,1461.1800442437661,1351.6928026027354,26.0,1478.0,2406.625,-8.806588814010125,1.0,1539.1064946271817,884.0,1507.0,2408.875,-8.750951899232044,jump_ar1__k1000,4.1366021770242405,False,0.008365845734408284,False,notification_index_forecast,prequential,0.9399999999999966,0.020000000000003182,0.020000000000000177,0.01999999999999997,0.8662475377058161,3.818648193724966e-18,3.166321746617135e-16,0.13375246229418353,20.5,0.0,98.0,-69.39072274627368,117.73158404840402,0.0,556.0,-17.990791371009255,582.7653806626139,1.0,2749.0,-9.975030876920208
Japan,2025,2025-05-19_2025-05-26,2660.0,7.0,1584.342904606678,1474.674785071044,31.75,1587.0,2526.0,-9.451416805880008,0.0,1668.1782961091744,937.0,1616.0,2624.625,-9.39955078032936,jump_ar1__k1000,4.1366021770242405,False,0.008365845734408284,False,notification_index_forecast,prequential,0.9399999999999966,0.020000000000003182,0.020000000000000177,0.01999999999999997,0.8662475377058161,3.818648193724966e-18,3.166321746617135e-16,0.13375246229418353,21.5,0.0,102.0,-76.08743147959865,127.88029199797762,0.0,604.0,-18.832677159367414,663.3850212050088,1.0,3129.0,-10.148796402251262
Japan,2025,2025-05-26_2025-06-02,2329.0,7.0,1774.0718911508473,1655.0883536723786,43.375,1794.0,2993.0,-7.852262431303169,1.0,1867.5333272378657,1057.0,1818.0,3014.375,-7.7937693705209306,jump_ar1__k1000,4.1366021770242405,False,0.008365845734408284,False,notification_index_forecast,prequential,0.9399999999999966,0.020000000000003182,0.020000000000000177,0.01999999999999997,0.8662475377058161,3.818648193724966e-18,3.166321746617135e-16,0.13375246229418353,33.5,0.0,159.0,-45.71391683283258,139.1442839195339,0.0,657.0,-16.495624703287586,756.883893443453,1.0,3570.0,-9.632161495677614
Japan,2025,2025-06-02_2025-06-09,3044.0,7.0,1867.132070368054,1756.5039920608924,38.375,1884.0,3146.0,-9.257115495037642,1.0,1964.440678321926,1108.75,1928.5,3133.25,-9.203880603002517,jump_ar1__k1000,4.1366021770242405,False,0.008365845734408284,False,notification_index_forecast,prequential,0.9399999999999966,0.020000000000003182,0.020000000000000177,0.01999999999999997,0.8662475377058161,3.818648193724966e-18,3.166321746617135e-16,0.13375246229418353,26.5,0.0,126.0,-71.40025482418342,150.52004177482013,0.0,711.0,-18.655943054950146,850.8715954976908,2.0,4013.0,-10.10089566216212
Japan,2025,2025-06-09_2025-06-16,2970.0,7.0,2131.050509233798,2003.1553789837092,53.5,2131.0,3708.5,-8.318930922759534,1.0,2241.881146205789,1238.375,2175.0,3716.125,-8.26128822661289,jump_ar1__k1000,4.1366021770242405,False,0.008365845734408284,False,notification_index_forecast,prequential,0.9399999999999966,0.020000000000003182,0.020000000000000177,0.01999999999999997,0.8662475377058161,3.818648193724966e-18,3.166321746617135e-16,0.13375246229418353,54.5,0.0,258.0,-37.628410191738865,163.6852594613037,0.0,773.0,-17.502252032454724,965.9263305569035,2.0,4555.0,-9.87442352571146
Japan,2025,2025-06-16_2025-06-23,3211.0,7.0,2329.19404573119,2198.496210600455,47.0,2321.0,3972.875,-8.343540982618832,1.0,2450.2009232503424,1361.75,2391.0,3886.125,-8.285878666553401,jump_ar1__k1000,4.1366021770242405,False,0.008365845734408284,False,notification_index_forecast,prequential,0.9399999999999966,0.020000000000003182,0.020000000000000177,0.01999999999999997,0.8662475377058161,3.818648193724966e-18,3.166321746617135e-16,0.13375246229418353,33.5,0.0,159.0,-60.85972909028679,177.40590202293302,0.0,837.0,-17.557206342237347,1089.3529917708659,2.0,5137.0,-9.90365751760108
Japan,2025,2025-06-23_2025-06-30,3353.0,7.0,2505.077105264929,2378.0350244994656,46.375,2544.5,4275.0,-8.278203015092334,1.0,2633.993142488387,1481.75,2574.0,4272.375,-8.220420236105397,jump_ar1__k1000,4.1366021770242405,False,0.008365845734408284,False,notification_index_forecast,prequential,0.9399999999999966,0.020000000000003182,0.020000000000000177,0.01999999999999997,0.8662475377058161,3.818648193724966e-18,3.166321746617135e-16,0.13375246229418353,37.5,0.0,178.0,-57.31813973851058,192.28756537749186,0.0,908.0,-17.242832970076016,1226.390000915195,3.0,5783.0,-9.867420667530574
Japan,2025,2025-06-30_2025-07-07,3578.0,7.0,2627.833365132019,2514.99430901897,91.375,2631.0,4439.875,-8.389754249116441,1.0,2760.540433107313,1547.125,2686.0,4434.75,-8.332377508855073,jump_ar1__k1000,4.1366021770242405,False,0.008365845734408284,False,notification_index_forecast,prequential,0.9399999999999966,0.020000000000003182,0.020000000000000177,0.01999999999999997,0.8662475377058161,3.818648193724966e-18,3.166321746617135e-16,0.13375246229418353,62.5,0.0,296.0,-39.38181796417189,208.22822242644952,0.0,983.0,-17.171196761521127,1375.5396781312322,3.0,6486.0,-9.884639114734593
Japan,2025,2025-07-07_2025-07-14,3682.0,7.0,2784.2864174713623,2683.098872316956,80.375,2830.0,4687.375,-8.300194817482298,1.0,2923.2681031858338,1615.25,2860.0,4647.5,-8.242617168133332,jump_ar1__k1000,4.1366021770242405,False,0.008365845734408284,False,notification_index_forecast,prequential,0.9399999999999966,0.020000000000003182,0.020000000000000177,0.01999999999999997,0.8662475377058161,3.818648193724966e-18,3.166321746617135e-16,0.13375246229418353,55.5,0.0,263.0,-44.50949911741656,225.40032011908474,0.0,1064.0,-16.743083660649923,1539.8197037153282,3.0,7261.0,-9.840987722094544
Japan,2025,2025-07-14_2025-07-21,3908.0,7.0,2964.964884234255,2873.2495790047756,82.0,2999.0,4988.5,-8.404169293944449,1.0,3111.395425294393,1740.0,3009.0,4918.5,-8.346958280405675,jump_ar1__k1000,4.1366021770242405,False,0.008365845734408284,False,notification_index_forecast,prequential,0.9399999999999966,0.020000000000003182,0.020000000000000177,0.01999999999999997,0.8662475377058161,3.818648193724966e-18,3.166321746617135e-16,0.13375246229418353,53.5,0.0,253.0,-48.340842813708896,243.71358006542079,0.0,1150.0,-16.64172263104049,1715.4456428113797,4.0,8089.0,-9.863413303194836
Japan,2025,2025-07-21_2025-07-28,3399.0,7.0,3065.5867421984317,2996.8012891219105,97.375,3109.0,5157.0,-7.789484349962317,1.0,3213.8759182499075,1812.125,3164.0,5194.125,-7.7309682539607545,jump_ar1__k1000,4.1366021770242405,False,0.008365845734408284,False,notification_index_forecast,prequential,0.9399999999999966,0.020000000000003182,0.020000000000000177,0.01999999999999997,0.8662475377058161,3.818648193724966e-18,3.166321746617135e-16,0.13375246229418353,58.5,0.0,277.0,-39.8010555822731,263.4733149118608,0.0,1243.0,-14.827711977889582,1905.1956372646123,4.0,8984.0,-9.580408785898038
Japan,2025,2025-07-28_2025-08-04,3599.0,7.0,3112.683977360231,3071.589020851966,89.5,3104.0,5154.0,-7.9241632720460915,1.0,3259.6930599288585,1870.25,3158.0,5143.875,-7.865976274119056,jump_ar1__k1000,4.1366021770242405,False,0.008365845734408284,False,notification_index_forecast,prequential,0.9399999999999966,0.020000000000003182,0.020000000000000177,0.01999999999999997,0.8662475377058161,3.818648193724966e-18,3.166321746617135e-16,0.13375246229418353,55.5,0.0,263.0,-43.64438151596951,283.0213712173229,0.0,1335.0,-14.787727152174806,2090.1036801384175,5.0,9855.0,-9.622238884093964
Japan,2025,2025-08-04_2025-08-11,3211.0,7.0,3158.799170703533,3145.5459812518725,118.75,3185.0,5346.625,-7.713316975643632,1.0,3303.6606599946163,1850.375,3214.0,5230.625,-7.655055301241224,jump_ar1__k1000,4.1366021770242405,False,0.008365845734408284,False,notification_index_forecast,prequential,0.9399999999999966,0.020000000000003182,0.020000000000000177,0.01999999999999997,0.8662475377058161,3.818648193724966e-18,3.166321746617135e-16,0.13375246229418353,74.5,0.0,352.0,-31.3571471598534,303.90176119469584,0.0,1434.0,-13.54535144789864,2289.5057542355216,5.0,10796.0,-9.442505800435551
Japan,2025,2025-08-11_2025-08-18,1506.0,7.0,3129.122474538829,3149.4732337705273,96.75,3104.0,5242.0,-10.425799503388403,1.0,3267.8979674926004,1835.125,3168.0,5110.625,-10.522452203236295,jump_ar1__k1000,4.1366021770242405,False,0.008365845734408284,False,notification_index_forecast,prequential,0.9399999999999966,0.020000000000003182,0.020000000000000177,0.01999999999999997,0.8662475377058161,3.818648193724966e-18,3.166321746617135e-16,0.13375246229418353,60.5,0.0,286.0,-20.47533188833027,324.6508703565328,0.0,1532.0,-9.85703161397512,2479.7683844332496,5.0,11693.0,-8.709496947883656
Japan,2025,2025-08-18_2025-08-25,2762.0,7.0,2671.237781960037,2746.9630248349013,128.0,2662.5,4554.75,-7.635643500915668,1.0,2778.144310898311,1316.125,2721.5,4561.625,-7.577948890232784,jump_ar1__k1000,4.1366021770242405,False,0.008365845734408284,False,notification_index_forecast,prequential,0.9399999999999966,0.020000000000003182,0.020000000000000177,0.01999999999999997,0.8662475377058161,3.818648193724966e-18,3.166321746617135e-16,0.13375246229418353,96.5,0.0,456.0,-23.16239839287902,339.2902740320682,0.0,1601.0,-12.151828086385564,2553.3162117496304,6.0,12039.0,-9.256787389092828
Japan,2025,2025-08-25_2025-09-01,2258.0,7.0,2715.587650983235,2807.6889874810586,136.375,2739.0,4634.25,-7.670467128770458,1.0,2821.4145529966436,1553.375,2767.5,4554.0,-7.614274359626358,jump_ar1__k1000,4.1366021770242405,False,0.008365845734408284,False,notification_index_forecast,prequential,0.9399999999999966,0.020000000000003182,0.020000000000000177,0.01999999999999997,0.8662475377058161,3.818648193724966e-18,3.166321746617135e-16,0.13375246229418353,92.5,0.0,437.0,-20.636840231734627,360.001409954048,1.0,1698.0,-11.027086244405385,2720.397148365925,6.0,12827.0,-9.062897411658701
Japan,2025,2025-09-01_2025-09-08,1921.0,7.0,2566.448529433215,2685.2414604791034,98.125,2539.0,4418.125,-7.85752126070432,1.0,2659.4812866023135,1475.375,2573.0,4336.0,-7.804259662889021,jump_ar1__k1000,4.1366021770242405,False,0.008365845734408284,False,notification_index_forecast,prequential,0.9399999999999966,0.020000000000003182,0.020000000000000177,0.01999999999999997,0.8662475377058161,3.818648193724966e-18,3.166321746617135e-16,0.13375246229418353,89.5,0.0,423.0,-18.858801733785388,379.08219498606115,1.0,1788.0,-10.296060171017846,2858.223806366383,6.0,13477.0,-8.931824345698548
Japan,2025,2025-09-08_2025-09-15,1552.0,7.0,2359.825341964986,2501.7482050810754,86.375,2334.0,3966.0,-8.263367170998892,1.0,2436.672251207482,1318.5,2368.5,3877.75,-8.219059934398857,jump_ar1__k1000,4.1366021770242405,False,0.008365845734408284,False,notification_index_forecast,prequential,0.9399999999999966,0.020000000000003182,0.020000000000000177,0.01999999999999997,0.8662475377058161,3.818648193724966e-18,3.166321746617135e-16,0.13375246229418353,103.5,0.0,489.0,-15.147688643528594,396.7861913399232,1.0,1872.0,-9.567500119307812,2967.385100158116,7.0,13992.0,-8.77702035020693
Japan,2025,2025-09-15_2025-09-22,1168.0,7.0,2215.6868806158373,2370.025968520981,168.375,2116.0,3673.0,-8.99847475454338,1.0,2281.582982373461,1167.375,2138.0,3604.875,-8.991896493001356,jump_ar1__k1000,4.1366021770242405,False,0.008365845734408284,False,notification_index_forecast,prequential,0.9399999999999966,0.020000000000003182,0.020000000000000177,0.01999999999999997,0.8662475377058161,3.818648193724966e-18,3.166321746617135e-16,0.13375246229418353,105.5,0.0,498.0,-12.788226585654584,412.51951229109704,1.0,1946.0,-8.84854507860993,3031.9243469484645,7.0,14296.0,-8.58938369788578
Japan,2025,2025-09-22_2025-09-29,1001.0,7.0,1819.2205669619307,1986.0120846921466,131.125,1795.0,3150.25,-8.582735673430204,1.0,1859.6186413716848,919.75,1824.0,3116.875,-8.565288164798154,jump_ar1__k1000,4.1366021770242405,False,0.008365845734408284,False,notification_index_forecast,prequential,0.9399999999999966,0.020000000000003182,0.020000000000000177,0.01999999999999997,0.8662475377058161,3.818648193724966e-18,3.166321746617135e-16,0.13375246229418353,93.5,0.0,442.0,-12.442090838039388,425.1463486931464,1.0,2006.0,-8.52631445901724,3040.305854934503,7.0,14335.0,-8.493217965647156
Japan,2025,2025-09-29_2025-10-06,1193.0,7.0,1453.3726060700742,1618.3426613114852,197.625,1400.5,2625.875,-7.10622986393673,1.0,1469.7976555630134,709.75,1424.0,2543.75,-7.052622479739483,jump_ar1__k1000,4.1366021770242405,False,0.008365845734408284,False,notification_index_forecast,prequential,0.9399999999999966,0.020000000000003182,0.020000000000000177,0.01999999999999997,0.8662475377058161,3.818648193724966e-18,3.166321746617135e-16,0.13375246229418353,133.5,0.0,630.0,-11.710759330754495,435.9350132172291,1.0,2056.0,-8.834872836124593,3018.705478825077,7.0,14234.0,-8.601602263134302
Japan,2025,2025-10-10_2025-10-17,944.0,7.0,1345.0189808868927,1509.5293070153352,189.5,1277.5,2429.0,-7.199212891112158,1.0,1353.1171391258265,708.125,1300.0,2241.0,-7.150001741603266,jump_ar1__k1000,4.1366021770242405,False,0.008365845734408284,False,notification_index_forecast,prequential,0.9399999999999966,0.020000000000003182,0.020000000000000177,0.01999999999999997,0.8662475377058161,3.818648193724966e-18,3.166321746617135e-16,0.13375246229418353,139.5,0.0,659.0,-10.39222767756132,449.8356605318035,1.0,2122.0,-8.386804792516573,3065.1078448991884,7.0,14452.0,-8.460753635513207
Japan,2025,2025-10-17_2025-10-24,773.0,7.0,1209.070310452042,1369.5089421862908,176.875,1133.0,2122.125,-7.384796999867645,1.0,1208.2953861425624,661.0,1154.0,2010.375,-7.3422975220101705,jump_ar1__k1000,4.1366021770242405,False,0.008365845734408284,False,notification_index_forecast,prequential,0.9399999999999966,0.020000000000003182,0.020000000000000177,0.01999999999999997,0.8662475377058161,3.818648193724966e-18,3.166321746617135e-16,0.13375246229418353,122.5,0.0,579.0,-9.969776880457282,459.823547701382,1.0,2169.0,-8.0746420358618,3081.3088262004594,7.0,14529.0,-8.346033951692542
Japan,2025,2025-10-24_2025-10-31,884.0,7.0,1072.1450031463055,1221.8188471980543,107.75,1017.0,1876.0,-6.664467052475744,1.0,1063.7574308452831,563.375,1028.0,1736.625,-6.610903354924931,jump_ar1__k1000,4.1366021770242405,False,0.008365845734408284,False,notification_index_forecast,prequential,0.9399999999999966,0.020000000000003182,0.020000000000000177,0.01999999999999997,0.8662475377058161,3.818648193724966e-18,3.166321746617135e-16,0.13375246229418353,147.5,0.0,696.0,-9.952648638254907,467.24046953888245,1.0,2204.0,-8.262024392998404,2995.9104380482377,7.0,14126.0,-8.412299403955686
Japan,2025,2025-10-31_2025-11-07,718.0,7.0,1030.023550234715,1175.6061866038528,130.875,973.0,1680.25,-6.976759927339612,1.0,1020.5878809416279,568.0,994.5,1627.0,-6.929132767332505,jump_ar1__k1000,4.1366021770242405,False,0.008365845734408284,False,notification_index_forecast,prequential,0.9399999999999966,0.020000000000003182,0.020000000000000177,0.01999999999999997,0.8662475377058161,3.818648193724966e-18,3.166321746617135e-16,0.13375246229418353,120.5,0.0,569.0,-9.72712513552524,476.40276609188624,1.0,2247.0,-7.963688830698489,2936.6443413875036,7.0,13847.0,-8.283368141789122
Japan,2025,2025-11-07_2025-11-14,598.0,7.0,1018.8978492276635,1160.8699510970323,130.625,907.5,1650.25,-7.297201403372005,1.0,1010.8232919536433,537.0,916.0,1558.625,-7.25952049955858,jump_ar1__k1000,4.1366021770242405,False,0.008365845734408284,False,notification_index_forecast,prequential,0.9399999999999966,0.020000000000003182,0.020000000000000177,0.01999999999999997,0.8662475377058161,3.818648193724966e-18,3.166321746617135e-16,0.13375246229418353,109.5,0.0,517.0,-9.308658274224289,482.64934598043607,1.0,2277.0,-7.739405572234645,2844.0483935816574,6.0,13410.0,-8.167572919921733
Japan,2025,2025-11-14_2025-11-21,613.0,7.0,879.4625081853152,1007.8105044602797,206.875,826.0,1483.0,-6.77602356508685,1.0,864.1462782787626,470.0,838.0,1378.25,-6.72938504879355,jump_ar1__k1000,4.1366021770242405,False,0.008365845734408284,False,notification_index_forecast,prequential,0.9399999999999966,0.020000000000003182,0.020000000000000177,0.01999999999999997,0.8662475377058161,3.818648193724966e-18,3.166321746617135e-16,0.13375246229418353,144.5,0.0,682.0,-8.780437596455894,486.2634477698566,1.0,2294.0,-7.766652028605344,2727.4868823941865,6.0,12861.0,-8.162369119691425
Japan,2025,2025-11-21_2025-11-28,508.0,7.0,824.0994246971609,945.6627682130726,161.5,775.0,1380.0,-7.1439907835278005,1.0,807.732827429571,450.375,780.0,1309.625,-7.10903425986901,jump_ar1__k1000,4.1366021770242405,False,0.008365845734408284,False,notification_index_forecast,prequential,0.9399999999999966,0.020000000000003182,0.020000000000000177,0.01999999999999997,0.8662475377058161,3.818648193724966e-18,3.166321746617135e-16,0.13375246229418353,127.5,0.0,602.0,-8.480367972880293,490.05775061664826,1.0,2312.0,-7.562574644527242,2623.970595051673,6.0,12372.0,-8.042402652829125
Japan,2025,2025-11-28_2025-12-05,380.0,7.0,742.1382853088675,853.4185575217687,140.125,696.0,1274.375,-7.825745234626135,1.0,722.937529546014,368.0,704.0,1179.625,-7.843331631955502,jump_ar1__k1000,4.1366021770242405,False,0.008365845734408284,False,notification_index_forecast,prequential,0.9399999999999966,0.020000000000003182,0.020000000000000177,0.01999999999999997,0.8662475377058161,3.818648193724966e-18,3.166321746617135e-16,0.13375246229418353,139.5,0.0,659.0,-7.685858930327832,491.26259668517173,1.0,2317.0,-7.289492365767906,2498.0877800956423,6.0,11779.0,-7.866980683870016
Japan,2025,2025-12-05_2025-12-12,498.0,7.0,631.0994291694154,728.4764090528531,194.75,580.0,1097.25,-6.135222831797422,1.0,608.3458128099095,325.0,585.0,994.25,-6.083690189250239,jump_ar1__k1000,4.1366021770242405,False,0.008365845734408284,False,notification_index_forecast,prequential,0.9399999999999966,0.020000000000003182,0.020000000000000177,0.01999999999999997,0.8662475377058161,3.818648193724966e-18,3.166321746617135e-16,0.13375246229418353,135.5,0.0,640.0,-8.329754459364366,488.66544233663467,1.0,2305.0,-7.542432323496021,2338.5528140684737,5.0,11027.0,-7.9788861763939005
Japan,2025,2025-12-13_2025-12-20,431.0,7.0,602.4294622366966,694.6166037831126,183.875,556.5,1045.625,-6.246165035415274,1.0,579.8058586850684,313.0,559.5,946.25,-6.1983800788326775,jump_ar1__k1000,4.1366021770242405,False,0.008365845734408284,False,notification_index_forecast,prequential,0.9399999999999966,0.020000000000003182,0.020000000000000177,0.01999999999999997,0.8662475377058161,3.818648193724966e-18,3.166321746617135e-16,0.13375246229418353,144.5,0.0,682.0,-7.908063927149775,489.7577365487501,1.0,2310.0,-7.402422820611467,2236.3400170879395,5.0,10545.0,-7.88019133247056
Japan,2025,2025-12-20_2025-12-27,377.0,7.0,562.4352406044047,647.9104976793348,116.125,525.0,957.25,-6.357554009656566,1.0,539.439926851337,290.375,529.0,878.25,-6.314616839631548,jump_ar1__k1000,4.1366021770242405,False,0.008365845734408284,False,notification_index_forecast,prequential,0.9399999999999966,0.020000000000003182,0.020000000000000177,0.01999999999999997,0.8662475377058161,3.818648193724966e-18,3.166321746617135e-16,0.13375246229418353,158.5,0.0,748.0,-7.5577416602638365,488.99878781870075,1.0,2307.0,-7.28200472845903,2120.5866803887634,5.0,9999.0,-7.784192900557377
New_Zealand,2025,2025-01-01_2025-02-01,455.0,31.0,449.09073504896935,460.41703163660736,31.0,414.0,964.0,-6.22920410088816,1.0,477.80200265091963,175.375,431.5,985.625,-6.151600745055312,jump_ar1__k100,1.9339761281744157,False,0.02523724088330696,False,notification_index_forecast,prequential,0.8821200568800025,0.020000000000003182,0.02000000000000021,0.07787994311999404,0.8961508921757538,1.2350759582888242e-17,3.6106803190273475e-16,0.10384910782424578,14.5,1.0,39.0,-69.30180288014581,64.17933352049533,10.0,166.0,-16.86864660281948,334.3404935803844,56.0,854.0,-6.74067685897045
New_Zealand,2025,2025-02-01_2025-03-01,345.0,28.0,465.0047465765679,479.2094920273939,35.0,386.0,931.5,-6.073688010156333,1.0,490.40421383177005,158.0,403.0,938.25,-6.005991890818116,jump_ar1__k100,1.9339761281744157,False,0.02523724088330696,False,notification_index_forecast,prequential,0.8821200568800025,0.020000000000003182,0.02000000000000021,0.07787994311999404,0.8961508921757538,1.2350759582888242e-17,3.6106803190273475e-16,0.10384910782424578,18.82758620689655,2.0,52.0,-37.41540938805219,72.81486579986176,10.0,194.0,-11.299944284633684,392.61077129766005,57.0,1040.0,-6.40370659692278
New_Zealand,2025,2025-03-01_2025-04-01,212.0,31.0,465.14030096481554,482.7771966963437,50.0,428.0,996.0,-6.919294361123599,1.0,479.6550127763833,185.0,440.0,956.25,-6.932359041034225,jump_ar1__k100,1.9339761281744157,False,0.02523724088330696,False,notification_index_forecast,prequential,0.8821200568800025,0.020000000000003182,0.02000000000000021,0.07787994311999404,0.8961508921757538,1.2350759582888242e-17,3.6106803190273475e-16,0.10384910782424578,16.5,2.0,44.0,-27.573650069087797,96.66696218914677,15.0,248.0,-6.863763214462731,510.5763175338333,86.0,1304.0,-6.590596381976406
New_Zealand,2025,2025-04-01_2025-05-01,159.0,30.0,394.1622225330189,409.14584866897144,52.0,361.0,887.875,-6.780939128897352,1.0,401.2482128336574,134.0,366.0,833.5,-6.805490863016586,jump_ar1__k100,1.9339761281744157,False,0.02523724088330696,False,notification_index_forecast,prequential,0.8821200568800025,0.020000000000003182,0.02000000000000021,0.07787994311999404,0.8961508921757538,1.2350759582888242e-17,3.6106803190273475e-16,0.10384910782424578,22.5,3.0,60.0,-15.056865311905899,103.18091549678243,16.0,268.0,-5.8403019783613415,484.0721036117368,78.0,1251.0,-6.658356473860597
New_Zealand,2025,2025-05-01_2025-06-01,180.0,31.0,330.907017184475,341.8649469744931,73.375,287.0,872.875,-5.948159989666165,1.0,330.08507906382766,103.0,287.0,799.625,-5.894111876881296,jump_ar1__k100,1.9339761281744157,False,0.02523724088330696,False,notification_index_forecast,prequential,0.8821200568800025,0.020000000000003182,0.02000000000000021,0.07787994311999404,0.8961508921757538,1.2350759582888242e-17,3.6106803190273475e-16,0.10384910782424578,72.5,11.0,187.0,-7.105659274353213,112.74065119659133,18.0,289.0,-6.005642830207265,462.60351507973616,78.0,1182.0,-6.525456866283983
New_Zealand,2025,2025-06-01_2025-07-01,189.0,30.0,260.2498823301977,267.13004400348547,62.375,230.0,667.875,-5.567712024291858,1.0,253.58516827332005,81.0,230.0,570.625,-5.496629010071718,jump_ar1__k100,1.9339761281744157,False,0.02523724088330696,False,notification_index_forecast,prequential,0.8821200568800025,0.020000000000003182,0.02000000000000021,0.07787994311999404,0.8961508921757538,1.2350759582888242e-17,3.6106803190273475e-16,0.10384910782424578,82.5,12.0,215.0,-6.862081515871073,116.17623612546117,18.0,302.0,-6.0891643009847805,418.384929946577,67.0,1081.0,-6.35224190074309
New_Zealand,2025,2025-07-01_2025-08-01,149.0,31.0,254.7237245035074,261.2508336965388,58.375,232.0,643.0,-5.653166243808775,1.0,247.63519820763963,84.0,228.0,543.0,-5.59769326492205,jump_ar1__k100,1.9339761281744157,False,0.02523724088330696,False,notification_index_forecast,prequential,0.8821200568800025,0.020000000000003182,0.02000000000000021,0.07787994311999404,0.8961508921757538,1.2350759582888242e-17,3.6106803190273475e-16,0.10384910782424578,72.5,11.0,187.0,-6.325600648785714,127.60348770982418,21.0,327.0,-5.528259258577165,414.4543296746486,69.0,1059.0,-6.461789105323828
New_Zealand,2025,2025-08-01_2025-09-01,205.0,31.0,242.29422644135286,248.53032302264933,65.0,211.0,546.25,-5.48982992589891,1.0,237.27423099855133,80.0,210.0,491.0,-5.4180755726503,jump_ar1__k100,1.9339761281744157,False,0.02523724088330696,False,notification_index_forecast,prequential,0.8821200568800025,0.020000000000003182,0.02000000000000021,0.07787994311999404,0.8961508921757538,1.2350759582888242e-17,3.6106803190273475e-16,0.10384910782424578,75.5,12.0,194.0,-7.592083103995022,130.76523223584854,21.0,335.0,-6.109053420318745,370.628977059747,62.0,947.0,-6.180233803256896
New_Zealand,2025,2025-09-01_2025-10-01,155.0,30.0,237.14976719659236,240.8478681801018,79.0,208.0,539.5,-5.426094374924774,1.0,230.8386609847256,82.0,206.0,466.625,-5.37428878657752,jump_ar1__k100,1.9339761281744157,False,0.02523724088330696,False,notification_index_forecast,prequential,0.8821200568800025,0.020000000000003182,0.02000000000000021,0.07787994311999404,0.8961508921757538,1.2350759582888242e-17,3.6106803190273475e-16,0.10384910782424578,189.5,30.0,491.0,-5.598928596396985,134.25522350443904,21.0,348.0,-5.579221701254565,347.2941669574661,56.0,898.0,-6.170593324500177
New_Zealand,2025,2025-10-01_2025-11-01,205.0,31.0,223.00400129557553,225.85031884977872,71.0,201.5,489.625,-5.442767822371514,1.0,216.47108962223456,78.0,201.0,448.0,-5.3875001752260685,jump_ar1__k100,1.9339761281744157,False,0.02523724088330696,False,notification_index_forecast,prequential,0.8821200568800025,0.020000000000003182,0.02000000000000021,0.07787994311999404,0.8961508921757538,1.2350759582888242e-17,3.6106803190273475e-16,0.10384910782424578,192.5,32.0,493.0,-5.818461108247664,142.23625696205428,23.0,365.0,-6.0032121583196965,325.57530540084053,54.0,832.0,-6.0460940340551685
New_Zealand,2025,2025-11-01_2025-12-01,197.0,30.0,237.30649390423883,236.15765668546138,73.0,205.0,536.0,-5.439754792381226,1.0,229.0604457304294,80.375,203.0,475.625,-5.381419223484466,jump_ar1__k100,1.9339761281744157,False,0.02523724088330696,False,notification_index_forecast,prequential,0.8821200568800025,0.020000000000003182,0.02000000000000021,0.07787994311999404,0.8961508921757538,1.2350759582888242e-17,3.6106803190273475e-16,0.10384910782424578,421.5,68.0,1089.0,-6.348555116880547,144.45316393421498,23.0,375.0,-5.920947338229219,307.25006015990397,49.0,795.0,-6.000123272163058
New_Zealand,2025,2025-12-01_2026-01-01,259.0,31.0,239.86414967107643,235.22484298841087,74.0,213.0,568.25,-5.783526724446797,1.0,228.13314511759754,78.0,209.0,473.625,-5.7376354434175925,jump_ar1__k100,1.9339761281744157,False,0.02523724088330696,False,notification_index_forecast,prequential,0.8821200568800025,0.020000000000003182,0.02000000000000021,0.07787994311999404,0.8961508921757538,1.2350759582888242e-17,3.6106803190273475e-16,0.10384910782424578,582.5,98.0,1487.0,-6.691721101439439,155.94762013186786,25.0,400.0,-6.431392425162915,306.29676095595477,51.0,783.0,-6.079514749772691
Sweden,2025,2025-01-01_2025-02-01,166.0,31.0,407.59338681727667,440.1938584583727,57.0,354.0,1006.625,-6.687677667856052,1.0,392.44857009213865,138.0,353.0,825.0,-6.637834638763028,jump_ar1__k100,4.0222042493858785,False,0.005804562615275031,False,notification_index_forecast,prequential,0.7910829500653813,0.020000000000003227,0.02000000000000017,0.16891704993461523,0.6793775284061808,5.197662565899873e-16,6.437817758742882e-16,0.32062247159381796,26.5,4.0,70.0,-13.829379646562785,88.88479151056187,14.0,229.0,-6.208033263729575,561.3780162887124,94.0,1433.0,-6.903239577572636
Sweden,2025,2025-02-01_2025-03-01,98.0,28.0,319.9428962276634,347.29868962028934,47.375,273.0,870.875,-6.872215183225359,1.0,301.47531504426826,104.375,268.0,660.625,-6.970793617633481,jump_ar1__k100,4.0222042493858785,False,0.005804562615275031,False,notification_index_forecast,prequential,0.7910829500653813,0.020000000000003227,0.02000000000000017,0.16891704993461523,0.6793775284061808,5.197662565899873e-16,6.437817758742882e-16,0.32062247159381796,27.517241379310345,3.0,75.0,-7.938286769707927,86.99497970999968,12.0,232.0,-5.151683143550189,468.6363528099078,69.0,1241.0,-6.898450517273604
Sweden,2025,2025-03-01_2025-04-01,74.0,31.0,297.6968085139795,322.1354660688218,53.0,260.0,810.25,-7.1797451238012595,1.0,280.29713856796366,92.375,254.0,620.0,-7.69185054646159,jump_ar1__k100,4.0222042493858785,False,0.005804562615275031,False,notification_index_forecast,prequential,0.7910829500653813,0.020000000000003227,0.02000000000000017,0.16891704993461523,0.6793775284061808,5.197662565899873e-16,6.437817758742882e-16,0.32062247159381796,46.5,7.0,121.0,-5.1134173793742805,98.62678530246228,16.0,253.0,-4.898246619051836,432.49621967101046,73.0,1105.0,-7.160409358385445
Sweden,2025,2025-04-01_2025-05-01,43.0,30.0,207.46806385951177,224.74374341044037,35.0,172.0,628.25,-5.9253925802331455,1.0,188.66505463543007,38.0,167.0,440.25,-5.906117112082118,jump_ar1__k100,4.0222042493858785,False,0.005804562615275031,False,notification_index_forecast,prequential,0.7910829500653813,0.020000000000003227,0.02000000000000017,0.16891704993461523,0.6793775284061808,5.197662565899873e-16,6.437817758742882e-16,0.32062247159381796,68.5,10.0,179.0,-4.511526020046105,93.39406646925583,14.0,243.0,-4.852635810463369,325.48801057185176,52.0,842.0,-7.087993228849391
Sweden,2025,2025-05-01_2025-06-01,36.0,31.0,112.05533440547273,119.27202657904071,26.0,81.0,375.875,-5.044606309046536,1.0,85.76361509393304,26.0,73.0,199.625,-4.889586624032502,jump_ar1__k100,4.0222042493858785,False,0.005804562615275031,False,notification_index_forecast,prequential,0.7910829500653813,0.020000000000003227,0.02000000000000017,0.16891704993461523,0.6793775284061808,5.197662565899873e-16,6.437817758742882e-16,0.32062247159381796,100.5,16.0,258.0,-5.046303694703617,89.18181158064755,14.0,229.0,-4.86276600226978,239.26278935562257,40.0,612.0,-6.698545126594878
Sweden,2025,2025-06-01_2025-07-01,34.0,30.0,87.56214054677572,91.33133076851398,20.375,67.0,284.0,-4.701460249512468,1.0,69.47457626645475,19.0,61.0,149.0,-4.5450639918668205,jump_ar1__k100,4.0222042493858785,False,0.005804562615275031,False,notification_index_forecast,prequential,0.7910829500653813,0.020000000000003227,0.02000000000000017,0.16891704993461523,0.6793775284061808,5.197662565899873e-16,6.437817758742882e-16,0.32062247159381796,177.5,28.0,460.0,-6.086796175812696,78.82055303237873,12.0,205.0,-4.706206713204137,162.65721399558845,26.0,422.0,-5.917147224879191
Sweden,2025,2025-07-01_2025-08-01,55.0,31.0,80.59419558853914,80.90334519652504,19.0,65.0,248.0,-4.341941031183067,1.0,66.23118288661048,19.0,59.0,146.0,-4.2050869096829295,jump_ar1__k100,4.0222042493858785,False,0.005804562615275031,False,notification_index_forecast,prequential,0.7910829500653813,0.020000000000003227,0.02000000000000017,0.16891704993461523,0.6793775284061808,5.197662565899873e-16,6.437817758742882e-16,0.32062247159381796,292.5,49.0,748.0,-6.663821668335767,74.93663455222759,12.0,193.0,-4.620361496087241,123.43989763795368,20.0,317.0,-5.14331919555437
Sweden,2025,2025-08-01_2025-09-01,79.0,31.0,85.54780799585365,80.8127256791457,23.0,67.0,243.0,-4.637869755157032,1.0,71.23370217014266,23.0,65.0,156.0,-4.553108924523448,jump_ar1__k100,4.0222042493858785,False,0.005804562615275031,False,notification_index_forecast,prequential,0.7910829500653813,0.020000000000003227,0.02000000000000017,0.16891704993461523,0.6793775284061808,5.197662565899873e-16,6.437817758742882e-16,0.32062247159381796,495.5,83.0,1265.0,-7.375880472545568,73.12946239549643,11.0,188.0,-4.8770696543101355,105.51600029722296,17.0,271.0,-4.964065603104854
Sweden,2025,2025-09-01_2025-10-01,45.0,30.0,91.68725302920393,87.40340096938655,26.0,79.0,235.625,-4.719581060918803,1.0,82.48698501248302,29.0,77.0,169.0,-4.664454482578495,jump_ar1__k100,4.0222042493858785,False,0.005804562615275031,False,notification_index_forecast,prequential,0.7910829500653813,0.020000000000003227,0.02000000000000017,0.16891704993461523,0.6793775284061808,5.197662565899873e-16,6.437817758742882e-16,0.32062247159381796,415.5,67.0,1074.0,-7.562635607986797,71.72105575945855,11.0,187.0,-4.556607220978455,98.79869719959814,15.0,257.0,-4.911800136257018
Sweden,2025,2025-10-01_2025-11-01,47.0,31.0,92.20934325151674,87.18489221213147,19.0,77.0,219.625,-4.709626572586304,1.0,87.65126167868297,22.0,78.0,177.0,-4.6863101151983555,jump_ar1__k100,4.0222042493858785,False,0.005804562615275031,False,notification_index_forecast,prequential,0.7910829500653813,0.020000000000003227,0.02000000000000017,0.16891704993461523,0.6793775284061808,5.197662565899873e-16,6.437817758742882e-16,0.32062247159381796,344.5,58.0,880.0,-7.1836566014110375,70.92339129518668,11.0,183.0,-4.5420580686457335,86.20477782155878,14.0,222.0,-4.73356377165308
Sweden,2025,2025-11-01_2025-12-01,26.0,30.0,87.84100037620095,81.0885272297642,19.0,73.0,200.625,-5.5366982023979725,1.0,85.80231070222644,27.0,75.0,176.0,-5.895032564205345,jump_ar1__k100,4.0222042493858785,False,0.005804562615275031,False,notification_index_forecast,prequential,0.7910829500653813,0.020000000000003227,0.02000000000000017,0.16891704993461523,0.6793775284061808,5.197662565899873e-16,6.437817758742882e-16,0.32062247159381796,324.5,52.0,839.0,-7.663174241692278,66.21022417033494,10.0,173.0,-4.5713547076672025,71.92909670606096,11.0,187.0,-4.694178114065403
Sweden,2025,2025-12-01_2026-01-01,80.0,31.0,76.29059405838463,70.0713513301839,15.0,67.0,182.0,-4.6430151752627085,1.0,76.68710260175334,20.0,70.0,170.0,-4.554125829712438,jump_ar1__k100,4.0222042493858785,False,0.005804562615275031,False,notification_index_forecast,prequential,0.7910829500653813,0.020000000000003227,0.02000000000000017,0.16891704993461523,0.6793775284061808,5.197662565899873e-16,6.437817758742882e-16,0.32062247159381796,230.5,38.0,590.0,-5.896933746515172,62.09595353807791,10.0,160.0,-4.96774791105411,57.85570866436268,9.0,149.0,-5.025613328383519
United_States,2025,2025-01-04_2025-01-11,133.0,7.0,457.14902875387094,467.9466052289045,39.375,447.0,771.0,-9.24507481080831,1.0,473.70656515393705,253.0,452.0,751.625,-11.994263633767972,jump_ar1__k1000,2.959982057037948,False,0.008420233732270759,False,notification_index_forecast,prequential,0.9399999999999965,0.02000000000000316,0.02000000000000035,0.01999999999999995,0.9169069662331246,4.4523582450202834e-18,3.0360314423872415e-16,0.08309303376687513,39.5,0.0,187.0,-6.87972611692585,144.898342440188,0.0,684.0,-6.225703543136364,408.84453301839216,1.0,1929.0,-6.48084662236121
United_States,2025,2025-01-11_2025-01-18,233.0,7.0,310.9869098086164,323.74369698167334,55.75,283.0,612.0,-5.5217067802762685,1.0,317.74918653540044,147.375,288.0,584.0,-5.473569528773653,jump_ar1__k1000,2.959982057037948,False,0.008420233732270759,False,notification_index_forecast,prequential,0.9399999999999965,0.02000000000000316,0.02000000000000035,0.01999999999999995,0.9169069662331246,4.4523582450202834e-18,3.0360314423872415e-16,0.08309303376687513,72.5,0.0,343.0,-7.381572558058444,144.76531863979915,0.0,684.0,-6.85996216266594,397.86840462724484,1.0,1877.0,-6.852701508125115
United_States,2025,2025-01-18_2025-01-25,235.0,7.0,254.8335198873489,267.17290130300864,63.375,242.0,475.0,-5.173722926953558,1.0,257.85074163750744,137.0,245.0,467.625,-5.121731247902946,jump_ar1__k1000,2.959982057037948,False,0.008420233732270759,False,notification_index_forecast,prequential,0.9399999999999965,0.02000000000000316,0.02000000000000035,0.01999999999999995,0.9169069662331246,4.4523582450202834e-18,3.0360314423872415e-16,0.08309303376687513,80.5,0.0,381.0,-7.276907493080318,146.9419650000547,0.0,694.0,-6.866293748860373,395.2491724045719,1.0,1865.0,-6.857673120863633
United_States,2025,2025-01-25_2025-02-01,283.0,7.0,246.98964218485412,258.7841318138203,93.75,240.0,436.0,-5.4539557267853915,1.0,249.13907559072524,139.0,240.0,402.625,-5.40283546891532,jump_ar1__k1000,2.959982057037948,False,0.008420233732270759,False,notification_index_forecast,prequential,0.9399999999999965,0.02000000000000316,0.02000000000000035,0.01999999999999995,0.9169069662331246,4.4523582450202834e-18,3.0360314423872415e-16,0.08309303376687513,97.5,0.0,461.0,-7.456733912526035,149.05663785867577,0.0,704.0,-7.12518847710526,393.3889186199703,1.0,1856.0,-7.005592588581963
United_States,2025,2025-02-01_2025-02-08,360.0,7.0,255.58448380059684,267.76630679287734,71.0,246.0,439.0,-6.513794667973251,1.0,258.44814297036226,143.375,248.0,420.625,-6.472907706264187,jump_ar1__k1000,2.959982057037948,False,0.008420233732270759,False,notification_index_forecast,prequential,0.9399999999999965,0.02000000000000316,0.02000000000000035,0.01999999999999995,0.9169069662331246,4.4523582450202834e-18,3.0360314423872415e-16,0.08309303376687513,84.5,0.0,399.0,-8.2544528503519,151.95119288821886,0.0,717.0,-7.508492194528599,395.71027753462624,1.0,1867.0,-7.220542578807928
United_States,2025,2025-02-08_2025-02-15,290.0,7.0,286.2505290803021,298.83213666548784,83.125,275.0,499.0,-5.361280152724836,1.0,290.76945275425567,155.0,277.0,476.25,-5.308609611797723,jump_ar1__k1000,2.959982057037948,False,0.008420233732270759,False,notification_index_forecast,prequential,0.9399999999999965,0.02000000000000316,0.02000000000000035,0.01999999999999995,0.9169069662331246,4.4523582450202834e-18,3.0360314423872415e-16,0.08309303376687513,86.5,0.0,409.0,-7.6559868497892545,155.81001151131866,0.0,736.0,-7.139591153402533,404.05216305380736,1.0,1906.0,-7.030376685033616
United_States,2025,2025-02-15_2025-02-22,207.0,7.0,287.8222129426168,300.7267173887892,72.25,275.0,479.0,-5.643666126755769,1.0,292.5977214371622,152.0,279.5,467.625,-5.600084375497735,jump_ar1__k1000,2.959982057037948,False,0.008420233732270759,False,notification_index_forecast,prequential,0.9399999999999965,0.02000000000000316,0.02000000000000035,0.01999999999999995,0.9169069662331246,4.4523582450202834e-18,3.0360314423872415e-16,0.08309303376687513,73.5,0.0,348.0,-7.111622907431182,158.6706717940898,0.0,749.0,-6.68743610472493,406.847067790164,1.0,1919.0,-6.7711516526071
United_States,2025,2025-02-22_2025-03-01,223.0,7.0,266.8785242383042,279.57405878861005,50.0,261.0,443.0,-5.311725271491156,1.0,270.6164449238422,145.0,265.0,440.625,-5.261359579951773,jump_ar1__k1000,2.959982057037948,False,0.008420233732270759,False,notification_index_forecast,prequential,0.9399999999999965,0.02000000000000316,0.02000000000000035,0.01999999999999995,0.9169069662331246,4.4523582450202834e-18,3.0360314423872415e-16,0.08309303376687513,64.5,0.0,305.0,-7.434811340728716,160.08550006930219,0.0,756.0,-6.7748819203070925,400.3678004253595,1.0,1889.0,-6.821225880770933
United_States,2025,2025-03-01_2025-03-08,228.0,7.0,264.7088995548939,276.8618526966653,54.0,256.0,433.625,-5.228506927485498,1.0,268.02611838565485,143.0,258.0,428.0,-5.177604660999803,jump_ar1__k1000,2.959982057037948,False,0.008420233732270759,False,notification_index_forecast,prequential,0.9399999999999965,0.02000000000000316,0.02000000000000035,0.01999999999999995,0.9169069662331246,4.4523582450202834e-18,3.0360314423872415e-16,0.08309303376687513,80.5,0.0,381.0,-7.214251445224347,161.80446568821208,0.0,764.0,-6.799670860998976,395.91294793073666,1.0,1868.0,-6.835068698866381
United_States,2025,2025-03-08_2025-03-15,186.0,7.0,259.8453532429819,271.59221996943876,69.25,252.0,439.0,-5.577679134850567,1.0,262.7067302258182,140.375,256.0,429.0,-5.536237190429421,jump_ar1__k1000,2.959982057037948,False,0.008420233732270759,False,notification_index_forecast,prequential,0.9399999999999965,0.02000000000000316,0.02000000000000035,0.01999999999999995,0.9169069662331246,4.4523582450202834e-18,3.0360314423872415e-16,0.08309303376687513,89.5,0.0,423.0,-6.756756514491082,163.61012720414516,0.0,772.0,-6.563364433659469,391.94121433152395,1.0,1849.0,-6.68464691049928
United_States,2025,2025-03-15_2025-03-22,158.0,7.0,246.84177589234184,257.949830126399,67.375,242.0,420.0,-5.928071927508427,1.0,248.87777975894846,138.0,243.0,400.0,-5.90148306997165,jump_ar1__k1000,2.959982057037948,False,0.008420233732270759,False,notification_index_forecast,prequential,0.9399999999999965,0.02000000000000316,0.02000000000000035,0.01999999999999995,0.9169069662331246,4.4523582450202834e-18,3.0360314423872415e-16,0.08309303376687513,97.5,0.0,461.0,-6.474376453529753,164.51895729953193,0.0,777.0,-6.396026816058123,382.814188647009,1.0,1806.0,-6.566363378375861
United_States,2025,2025-03-22_2025-03-29,138.0,7.0,229.90027956154356,240.844426600785,75.0,220.0,386.0,-6.109394795390118,1.0,231.59659274753454,125.0,223.0,371.625,-6.094674226465727,jump_ar1__k1000,2.959982057037948,False,0.008420233732270759,False,notification_index_forecast,prequential,0.9399999999999965,0.02000000000000316,0.02000000000000035,0.01999999999999995,0.9169069662331246,4.4523582450202834e-18,3.0360314423872415e-16,0.08309303376687513,74.5,0.0,352.0,-6.39525216615331,164.6104188426651,0.0,777.0,-6.268890737595459,370.86370010041577,1.0,1750.0,-6.467395414230065
United_States,2025,2025-03-29_2025-04-05,195.0,7.0,216.5203896863197,226.320646706034,71.0,201.0,357.25,-5.005444461956701,1.0,217.12940836153393,113.0,205.0,347.625,-4.954758811009311,jump_ar1__k1000,2.959982057037948,False,0.008420233732270759,False,notification_index_forecast,prequential,0.9399999999999965,0.02000000000000316,0.02000000000000035,0.01999999999999995,0.9169069662331246,4.4523582450202834e-18,3.0360314423872415e-16,0.08309303376687513,99.5,0.0,470.0,-6.76983643667071,163.98430534334634,0.0,774.0,-6.614741586983806,357.4529859805643,1.0,1686.0,-6.692573931208887
United_States,2025,2025-04-05_2025-04-12,168.0,7.0,215.03636907619742,224.77770405130943,64.375,205.0,357.625,-5.11177348836156,1.0,215.81568944636228,112.0,206.0,340.0,-5.064385568956439,jump_ar1__k1000,2.959982057037948,False,0.008420233732270759,False,notification_index_forecast,prequential,0.9399999999999965,0.02000000000000316,0.02000000000000035,0.01999999999999995,0.9169069662331246,4.4523582450202834e-18,3.0360314423872415e-16,0.08309303376687513,91.5,0.0,432.0,-6.587485809939446,164.97243420039052,0.0,779.0,-6.456920920199004,352.00861563047414,1.0,1661.0,-6.581296584534893
United_States,2025,2025-04-12_2025-04-19,185.0,7.0,204.7401900354499,213.40614539201215,58.375,199.0,354.0,-4.953786474045743,1.0,204.37207732442462,113.375,199.0,329.0,-4.903515265740194,jump_ar1__k1000,2.959982057037948,False,0.008420233732270759,False,notification_index_forecast,prequential,0.9399999999999965,0.02000000000000316,0.02000000000000035,0.01999999999999995,0.9169069662331246,4.4523582450202834e-18,3.0360314423872415e-16,0.08309303376687513,122.5,0.0,579.0,-6.609151521544678,165.24334925318175,0.0,780.0,-6.55685642402087,343.77851827136936,0.0,1622.0,-6.643586895658109
United_States,2025,2025-04-19_2025-04-26,140.0,7.0,205.58705397213845,213.24383330781,70.375,196.0,358.625,-5.435871143202463,1.0,204.5365299252391,113.0,198.0,333.625,-5.398763940654159,jump_ar1__k1000,2.959982057037948,False,0.008420233732270759,False,notification_index_forecast,prequential,0.9399999999999965,0.02000000000000316,0.02000000000000035,0.01999999999999995,0.9169069662331246,4.4523582450202834e-18,3.0360314423872415e-16,0.08309303376687513,162.5,0.0,767.0,-6.280902842763448,165.98969851552326,0.0,784.0,-6.282699114467911,337.6460936051687,0.0,1593.0,-6.444050476539651
United_States,2025,2025-04-26_2025-05-03,176.0,7.0,195.03575640474813,203.0929783591864,69.375,187.0,338.0,-4.892654319112874,1.0,194.5443415816768,104.0,189.0,320.625,-4.84226440066938,jump_ar1__k1000,2.959982057037948,False,0.008420233732270759,False,notification_index_forecast,prequential,0.9399999999999965,0.02000000000000316,0.02000000000000035,0.01999999999999995,0.9169069662331246,4.4523582450202834e-18,3.0360314423872415e-16,0.08309303376687513,116.5,0.0,550.0,-6.559448870852471,165.45059964771247,0.0,781.0,-6.504385478781435,326.25316625089795,0.0,1539.0,-6.593135626786712
United_States,2025,2025-05-03_2025-05-10,156.0,7.0,194.97728723944175,201.95552813547724,81.0,186.0,327.0,-4.96663080362364,1.0,193.6861751052582,105.0,188.0,311.0,-4.918864942713542,jump_ar1__k1000,2.959982057037948,False,0.008420233732270759,False,notification_index_forecast,prequential,0.9399999999999965,0.02000000000000316,0.02000000000000035,0.01999999999999995,0.9169069662331246,4.4523582450202834e-18,3.0360314423872415e-16,0.08309303376687513,159.5,0.0,753.0,-6.382989037141752,165.9320409706442,0.0,783.0,-6.383918283996524,320.18209105431464,0.0,1511.0,-6.501160534854835
United_States,2025,2025-05-10_2025-05-17,259.0,7.0,190.18015084289138,197.27059584284302,66.375,180.5,326.625,-6.057546608909843,1.0,189.22244261915426,102.0,182.0,312.0,-6.02028878730467,jump_ar1__k1000,2.959982057037948,False,0.008420233732270759,False,notification_index_forecast,prequential,0.9399999999999965,0.02000000000000316,0.02000000000000035,0.01999999999999995,0.9169069662331246,4.4523582450202834e-18,3.0360314423872415e-16,0.08309303376687513,137.5,0.0,649.0,-7.032581237623838,165.83598529644175,0.0,783.0,-6.955558058237742,312.21675374788504,0.0,1473.0,-6.898512373587378
United_States,2025,2025-05-17_2025-05-24,205.0,7.0,207.3700161058251,214.45937709752988,71.375,200.0,363.0,-4.98847125705512,1.0,207.16821084829024,111.0,200.0,333.625,-4.937652958697418,jump_ar1__k1000,2.959982057037948,False,0.008420233732270759,False,notification_index_forecast,prequential,0.9399999999999965,0.02000000000000316,0.02000000000000035,0.01999999999999995,0.9169069662331246,4.4523582450202834e-18,3.0360314423872415e-16,0.08309303376687513,149.5,0.0,706.0,-6.6873764495872186,168.06980758202593,0.0,793.0,-6.667656418997407,314.02508783959814,0.0,1482.0,-6.7010473043340095
United_States,2025,2025-05-24_2025-05-31,152.0,7.0,207.33462489886494,214.53111862440753,66.0,199.0,348.0,-5.277234714131537,1.0,207.3952993248072,113.0,201.0,332.625,-5.235141643831361,jump_ar1__k1000,2.959982057037948,False,0.008420233732270759,False,notification_index_forecast,prequential,0.9399999999999965,0.02000000000000316,0.02000000000000035,0.01999999999999995,0.9169069662331246,4.4523582450202834e-18,3.0360314423872415e-16,0.08309303376687513,138.5,0.0,654.0,-6.359477594334386,169.1449075758698,0.0,799.0,-6.360080628682665,311.5072691014513,0.0,1470.0,-6.474787497647103
United_States,2025,2025-05-31_2025-06-07,194.0,7.0,198.75693935307353,206.00287558699767,66.0,190.0,334.0,-4.937304702928485,1.0,198.8967523701054,107.0,193.0,319.625,-4.8863439053657585,jump_ar1__k1000,2.959982057037948,False,0.008420233732270759,False,notification_index_forecast,prequential,0.9399999999999965,0.02000000000000316,0.02000000000000035,0.01999999999999995,0.9169069662331246,4.4523582450202834e-18,3.0360314423872415e-16,0.08309303376687513,117.5,0.0,555.0,-6.68617051189158,168.84499247746191,0.0,797.0,-6.606282321874278,303.3546137812755,0.0,1431.0,-6.65014878906274
United_States,2025,2025-06-07_2025-06-14,154.0,7.0,205.4773357928351,211.9120170927205,81.375,194.0,364.0,-5.130035295038758,1.0,205.33309717661598,110.0,195.0,334.0,-5.085082983343031,jump_ar1__k1000,2.959982057037948,False,0.008420233732270759,False,notification_index_forecast,prequential,0.9399999999999965,0.02000000000000316,0.02000000000000035,0.01999999999999995,0.9169069662331246,4.4523582450202834e-18,3.0360314423872415e-16,0.08309303376687513,153.5,0.0,725.0,-6.3699725818149755,169.6760280648956,0.0,801.0,-6.372576665176405,300.0351942759181,0.0,1416.0,-6.473335466606493
United_States,2025,2025-06-14_2025-06-21,197.0,7.0,195.942539982524,201.5534304108575,81.0,185.0,341.25,-4.945443790719503,1.0,194.8379602485486,105.0,188.0,313.625,-4.894736909021476,jump_ar1__k1000,2.959982057037948,False,0.008420233732270759,False,notification_index_forecast,prequential,0.9399999999999965,0.02000000000000316,0.02000000000000035,0.01999999999999995,0.9169069662331246,4.4523582450202834e-18,3.0360314423872415e-16,0.08309303376687513,177.5,0.0,838.0,-6.619038433668196,169.3982538397717,0.0,800.0,-6.622684613256649,292.84461360464815,0.0,1382.0,-6.65548269422988
United_States,2025,2025-06-21_2025-06-28,170.0,7.0,215.0813212933723,222.32976439311176,57.375,190.0,338.0,-4.944835316580982,1.0,217.0229698182346,108.0,193.0,328.0,-4.895301396162284,jump_ar1__k1000,2.959982057037948,False,0.008420233732270759,False,notification_index_forecast,prequential,0.9399999999999965,0.02000000000000316,0.02000000000000035,0.01999999999999995,0.9169069662331246,4.4523582450202834e-18,3.0360314423872415e-16,0.08309303376687513,93.5,0.0,442.0,-6.594682022556112,170.28271978381122,0.0,804.0,-6.468640742692305,290.20376342779775,0.0,1369.0,-6.537802378534941
United_States,2025,2025-06-28_2025-07-05,140.0,7.0,199.16209737308614,204.34518331200087,73.125,192.0,329.0,-5.303110195958079,1.0,198.25283188446602,108.0,193.0,316.0,-5.263120214207288,jump_ar1__k1000,2.959982057037948,False,0.008420233732270759,False,notification_index_forecast,prequential,0.9399999999999965,0.02000000000000316,0.02000000000000035,0.01999999999999995,0.9169069662331246,4.4523582450202834e-18,3.0360314423872415e-16,0.08309303376687513,184.5,0.0,871.0,-6.29479432706086,170.4235593194062,0.0,805.0,-6.285230619047518,285.2982107650012,0.0,1346.0,-6.391031457471206
United_States,2025,2025-07-05_2025-07-12,166.0,7.0,191.18090112332385,195.39230774317062,77.75,183.0,321.0,-4.877163629313476,1.0,189.29000257903536,101.0,184.0,306.25,-4.827541039549321,jump_ar1__k1000,2.959982057037948,False,0.008420233732270759,False,notification_index_forecast,prequential,0.9399999999999965,0.02000000000000316,0.02000000000000035,0.01999999999999995,0.9169069662331246,4.4523582450202834e-18,3.0360314423872415e-16,0.08309303376687513,215.5,0.0,1017.0,-6.462799353567235,169.69149368838447,0.0,801.0,-6.445007577415987,277.22344126314294,0.0,1308.0,-6.508893535516174
United_States,2025,2025-07-12_2025-07-19,215.0,7.0,192.54129276387357,197.7202318877294,79.0,184.0,334.0,-5.1776870983763095,1.0,192.07788885516203,103.0,185.0,308.0,-5.128675297155818,jump_ar1__k1000,2.959982057037948,False,0.008420233732270759,False,notification_index_forecast,prequential,0.9399999999999965,0.02000000000000316,0.02000000000000035,0.01999999999999995,0.9169069662331246,4.4523582450202834e-18,3.0360314423872415e-16,0.08309303376687513,157.5,0.0,744.0,-6.733995201273054,169.82933641139638,0.0,802.0,-6.720397004046738,272.0745255896726,0.0,1284.0,-6.717847308253165
United_States,2025,2025-07-19_2025-07-26,170.0,7.0,211.1260076610267,216.48934446478242,74.375,193.0,343.625,-4.94320964326766,1.0,212.08839167917301,107.0,194.0,321.0,-4.89420749081662,jump_ar1__k1000,2.959982057037948,False,0.008420233732270759,False,notification_index_forecast,prequential,0.9399999999999965,0.02000000000000316,0.02000000000000035,0.01999999999999995,0.9169069662331246,4.4523582450202834e-18,3.0360314423872415e-16,0.08309303376687513,145.5,0.0,687.0,-6.4759504373209005,171.12106311930623,0.0,808.0,-6.468652303052783,271.52491101090965,0.0,1281.0,-6.522751319844561
United_States,2025,2025-07-26_2025-08-02,184.0,7.0,229.41656972377083,233.00774716669207,59.375,187.0,340.0,-4.915450402970402,1.0,230.14906963119918,106.0,190.0,327.0,-4.865204585468002,jump_ar1__k1000,2.959982057037948,False,0.008420233732270759,False,notification_index_forecast,prequential,0.9399999999999965,0.02000000000000316,0.02000000000000035,0.01999999999999995,0.9169069662331246,4.4523582450202834e-18,3.0360314423872415e-16,0.08309303376687513,215.5,0.0,1017.0,-6.554444911071114,171.32243903305294,0.0,809.0,-6.549144457664511,266.99977448913125,0.0,1260.0,-6.582894206674911
United_States,2025,2025-08-02_2025-08-09,172.0,7.0,198.97756899138193,201.75319621544475,74.75,193.0,343.625,-4.905871308425873,1.0,196.8799473438038,112.0,192.0,316.625,-4.856138110500459,jump_ar1__k1000,2.959982057037948,False,0.008420233732270759,False,notification_index_forecast,prequential,0.9399999999999965,0.02000000000000316,0.02000000000000035,0.01999999999999995,0.9169069662331246,4.4523582450202834e-18,3.0360314423872415e-16,0.08309303376687513,259.5,0.0,1225.0,-6.52279776447684,171.82946443685452,0.0,811.0,-6.48031663808761,264.1914599734552,0.0,1247.0,-6.526324452178787
United_States,2025,2025-08-09_2025-08-16,176.0,7.0,194.29761228696566,198.4356674828732,66.75,186.0,316.0,-4.884835928413593,1.0,193.59169621769928,106.0,188.0,304.625,-4.834768627154729,jump_ar1__k1000,2.959982057037948,False,0.008420233732270759,False,notification_index_forecast,prequential,0.9399999999999965,0.02000000000000316,0.02000000000000035,0.01999999999999995,0.9169069662331246,4.4523582450202834e-18,3.0360314423872415e-16,0.08309303376687513,183.5,0.0,866.0,-6.503760117121229,171.97121092154575,0.0,812.0,-6.503422782956131,260.59968119487354,0.0,1230.0,-6.542189955413319
United_States,2025,2025-08-16_2025-08-23,164.0,7.0,197.75955913397854,200.7296395775058,80.0,186.0,340.625,-4.942269970066246,1.0,196.25126568550394,104.375,189.0,323.0,-4.893627959816685,jump_ar1__k1000,2.959982057037948,False,0.008420233732270759,False,notification_index_forecast,prequential,0.9399999999999965,0.02000000000000316,0.02000000000000035,0.01999999999999995,0.9169069662331246,4.4523582450202834e-18,3.0360314423872415e-16,0.08309303376687513,234.5,0.0,1107.0,-6.46542259308074,172.23002414473495,0.0,813.0,-6.433445555158313,257.4384453355016,0.0,1215.0,-6.483210654354986
United_States,2025,2025-08-23_2025-08-30,184.0,7.0,193.43160307841723,195.910037234366,56.375,184.0,327.0,-4.894318814166803,1.0,191.3955160789078,100.0,186.0,313.0,-4.8437940586865285,jump_ar1__k1000,2.959982057037948,False,0.008420233732270759,False,notification_index_forecast,prequential,0.9399999999999965,0.02000000000000316,0.02000000000000035,0.01999999999999995,0.9169069662331246,4.4523582450202834e-18,3.0360314423872415e-16,0.08309303376687513,250.5,0.0,1182.0,-6.572340041705894,172.14812343927866,0.0,813.0,-6.548947684922451,253.3427747729073,0.0,1196.0,-6.574085246891189
United_States,2025,2025-08-30_2025-09-06,157.0,7.0,195.0385803138227,197.3812447234428,62.75,185.0,340.625,-4.974634180225669,1.0,193.12220661029653,102.0,188.0,316.0,-4.926911770584642,jump_ar1__k1000,2.959982057037948,False,0.008420233732270759,False,notification_index_forecast,prequential,0.9399999999999965,0.02000000000000316,0.02000000000000035,0.01999999999999995,0.9169069662331246,4.4523582450202834e-18,3.0360314423872415e-16,0.08309303376687513,251.5,0.0,1187.0,-6.443959834738136,172.62351912716343,0.0,815.0,-6.391725893758144,251.06178588002666,0.0,1185.0,-6.443584484867931
United_States,2025,2025-09-06_2025-09-13,110.0,7.0,189.3317915530418,191.8352774167422,75.0,181.0,319.625,-5.954884248398776,1.0,187.51361550214392,100.0,183.0,309.25,-5.944070585794435,jump_ar1__k1000,2.959982057037948,False,0.008420233732270759,False,notification_index_forecast,prequential,0.9399999999999965,0.02000000000000316,0.02000000000000035,0.01999999999999995,0.9169069662331246,4.4523582450202834e-18,3.0360314423872415e-16,0.08309303376687513,234.5,0.0,1107.0,-6.163795116056805,172.31608827109747,0.0,813.0,-6.084190263999367,246.6335607802214,0.0,1164.0,-6.179494676777997
United_States,2025,2025-09-13_2025-09-20,142.0,7.0,177.15168084939023,178.13223000395766,68.375,165.0,312.0,-4.876087636070886,1.0,173.5628791433715,86.0,167.0,282.0,-4.828019694608165,jump_ar1__k1000,2.959982057037948,False,0.008420233732270759,False,notification_index_forecast,prequential,0.9399999999999965,0.02000000000000316,0.02000000000000035,0.01999999999999995,0.9169069662331246,4.4523582450202834e-18,3.0360314423872415e-16,0.08309303376687513,292.5,0.0,1380.0,-6.408347854797768,170.39493076639752,0.0,804.0,-6.297967385281273,237.23379196463472,0.0,1120.0,-6.3530862685003076
United_States,2025,2025-09-20_2025-09-27,105.0,7.0,170.6329096582603,171.38954278315475,53.375,163.0,304.0,-5.51772319206491,1.0,166.75623871609085,82.0,163.0,277.0,-5.489097819111988,jump_ar1__k1000,2.959982057037948,False,0.008420233732270759,False,notification_index_forecast,prequential,0.9399999999999965,0.02000000000000316,0.02000000000000035,0.01999999999999995,0.9169069662331246,4.4523582450202834e-18,3.0360314423872415e-16,0.08309303376687513,292.5,0.0,1380.0,-6.207687011992861,169.75231367215696,0.0,801.0,-6.044498516084387,231.8499495845684,0.0,1094.0,-6.128247761065259
United_States,2025,2025-09-27_2025-10-04,120.0,7.0,156.5669485203309,157.002363200126,62.0,147.0,281.0,-4.809118724780423,1.0,152.09041085785054,80.0,147.0,251.0,-4.7620541673308106,jump_ar1__k1000,2.959982057037948,False,0.008420233732270759,False,notification_index_forecast,prequential,0.9399999999999965,0.02000000000000316,0.02000000000000035,0.01999999999999995,0.9169069662331246,4.4523582450202834e-18,3.0360314423872415e-16,0.08309303376687513,289.5,0.0,1366.0,-6.290277698209248,167.7202839382428,0.0,792.0,-6.149836227359076,222.87783175930525,0.0,1052.0,-6.211325489483459
United_States,2025,2025-10-04_2025-10-11,113.0,7.0,152.0969897480899,152.0100343028607,60.375,139.0,276.0,-4.784012826149974,1.0,147.22913694996458,74.0,139.0,244.0,-4.737217223955603,jump_ar1__k1000,2.959982057037948,False,0.008420233732270759,False,notification_index_forecast,prequential,0.9399999999999965,0.02000000000000316,0.02000000000000035,0.01999999999999995,0.9169069662331246,4.4523582450202834e-18,3.0360314423872415e-16,0.08309303376687513,302.5,0.0,1427.0,-6.266486461185292,166.38596238954983,0.0,786.0,-6.09891628300696,216.19408836658545,0.0,1020.0,-6.159335599193287
United_States,2025,2025-10-11_2025-10-18,110.0,7.0,143.69144660616035,144.43904290499316,64.0,136.0,264.0,-4.711492586788438,1.0,139.6589360079475,75.375,136.0,232.0,-4.664283028863757,jump_ar1__k1000,2.959982057037948,False,0.008420233732270759,False,notification_index_forecast,prequential,0.9399999999999965,0.02000000000000316,0.02000000000000035,0.01999999999999995,0.9169069662331246,4.4523582450202834e-18,3.0360314423872415e-16,0.08309303376687513,246.5,0.0,1163.0,-6.1793225765942505,164.8043299697086,0.0,778.0,-6.075322893202479,209.2980079647599,0.0,988.0,-6.130984874558916
United_States,2025,2025-10-18_2025-10-25,105.0,7.0,143.19872403243428,141.66899409483148,59.0,133.0,265.875,-4.721813387527867,1.0,137.14163819620256,73.0,132.0,227.0,-4.674750632018582,jump_ar1__k1000,2.959982057037948,False,0.008420233732270759,False,notification_index_forecast,prequential,0.9399999999999965,0.02000000000000316,0.02000000000000035,0.01999999999999995,0.9169069662331246,4.4523582450202834e-18,3.0360314423872415e-16,0.08309303376687513,348.5,0.0,1644.0,-6.27511794400427,163.13568994233268,0.0,770.0,-6.03609266765523,202.6435164578279,0.0,956.0,-6.088468282751529
United_States,2025,2025-10-25_2025-11-01,158.0,7.0,140.23434852813924,136.16338054460277,58.0,130.0,242.0,-5.010741737781699,1.0,131.7452455169149,70.0,129.0,216.0,-4.962861264972846,jump_ar1__k1000,2.959982057037948,False,0.008420233732270759,False,notification_index_forecast,prequential,0.9399999999999965,0.02000000000000316,0.02000000000000035,0.01999999999999995,0.9169069662331246,4.4523582450202834e-18,3.0360314423872415e-16,0.08309303376687513,462.5,1.0,2182.0,-6.634107884172689,161.3375012139107,0.0,762.0,-6.395689092220426,195.85338589799895,0.0,924.0,-6.407885890695299
United_States,2025,2025-11-01_2025-11-08,146.0,7.0,148.8806885049653,144.08263953904293,60.0,136.0,253.0,-4.68654804289523,1.0,140.2331408785004,76.0,137.0,230.0,-4.635380249879351,jump_ar1__k1000,2.959982057037948,False,0.008420233732270759,False,notification_index_forecast,prequential,0.9399999999999965,0.02000000000000316,0.02000000000000035,0.01999999999999995,0.9169069662331246,4.4523582450202834e-18,3.0360314423872415e-16,0.08309303376687513,497.5,1.0,2347.0,-6.614828547449433,161.37317841032566,0.0,762.0,-6.319502962329129,194.20362554836507,0.0,917.0,-6.337980784815359
United_States,2025,2025-11-08_2025-11-15,101.0,7.0,151.07786477312592,148.34245950994193,59.375,141.0,248.0,-5.0361967818566935,1.0,144.92702175896503,78.0,141.0,234.0,-4.995095080369598,jump_ar1__k1000,2.959982057037948,False,0.008420233732270759,False,notification_index_forecast,prequential,0.9399999999999965,0.02000000000000316,0.02000000000000035,0.01999999999999995,0.9169069662331246,4.4523582450202834e-18,3.0360314423872415e-16,0.08309303376687513,389.5,1.0,1837.0,-6.298399607435932,161.04614948697355,0.0,760.0,-6.002773796303224,191.77706649792688,0.0,905.0,-6.045266308528734
United_States,2025,2025-11-15_2025-11-22,122.0,7.0,144.28659757176138,140.41762116221315,58.0,133.0,246.625,-4.570182254682002,1.0,136.9210441299947,72.0,133.0,222.0,-4.5194989127161405,jump_ar1__k1000,2.959982057037948,False,0.008420233732270759,False,notification_index_forecast,prequential,0.9399999999999965,0.02000000000000316,0.02000000000000035,0.01999999999999995,0.9169069662331246,4.4523582450202834e-18,3.0360314423872415e-16,0.08309303376687513,434.5,1.0,2050.0,-6.453606390311527,159.12455818334672,0.0,751.0,-6.156059731570778,185.4162462949249,0.0,875.0,-6.181388546795351
United_States,2025,2025-11-22_2025-11-29,127.0,7.0,154.41533978396453,147.5095383524068,62.0,131.0,290.0,-4.565736013706681,1.0,144.7585383062012,72.0,132.0,223.0,-4.514335304042637,jump_ar1__k1000,2.959982057037948,False,0.008420233732270759,False,notification_index_forecast,prequential,0.9399999999999965,0.02000000000000316,0.02000000000000035,0.01999999999999995,0.9169069662331246,4.4523582450202834e-18,3.0360314423872415e-16,0.08309303376687513,577.5,1.0,2724.0,-6.599080891399907,158.07489714589806,0.0,746.0,-6.190370865575369,181.54079166080322,0.0,857.0,-6.210175752531059
United_States,2025,2025-11-29_2025-12-06,97.0,7.0,143.35436249627003,140.6014184937312,58.375,134.0,243.0,-4.957809874747014,1.0,137.6119241264055,75.0,133.0,227.0,-4.916022021489721,jump_ar1__k1000,2.959982057037948,False,0.008420233732270759,False,notification_index_forecast,prequential,0.9399999999999965,0.02000000000000316,0.02000000000000035,0.01999999999999995,0.9169069662331246,4.4523582450202834e-18,3.0360314423872415e-16,0.08309303376687513,364.5,1.0,1720.0,-6.247096143139924,157.26250906791478,0.0,743.0,-5.966074501744943,178.19518180449177,0.0,841.0,-5.996160669166858
United_States,2025,2025-12-06_2025-12-13,175.0,7.0,141.33908545699467,134.9893418318832,59.0,129.0,246.625,-5.444797000915499,1.0,132.04010780282977,69.375,129.0,212.0,-5.402452975885418,jump_ar1__k1000,2.959982057037948,False,0.008420233732270759,False,notification_index_forecast,prequential,0.9399999999999965,0.02000000000000316,0.02000000000000035,0.01999999999999995,0.9169069662331246,4.4523582450202834e-18,3.0360314423872415e-16,0.08309303376687513,533.5,1.0,2516.0,-6.751685979134455,155.35622079962278,0.0,734.0,-6.501806350557229,172.21298531704804,0.0,813.0,-6.497653484371391
United_States,2025,2025-12-13_2025-12-20,218.0,7.0,152.05179042507874,146.12083683283637,62.0,144.0,263.0,-6.354139217127895,1.0,143.9244388588255,78.0,141.0,235.625,-6.3320166724406235,jump_ar1__k1000,2.959982057037948,False,0.008420233732270759,False,notification_index_forecast,prequential,0.9399999999999965,0.02000000000000316,0.02000000000000035,0.01999999999999995,0.9169069662331246,4.4523582450202834e-18,3.0360314423872415e-16,0.08309303376687513,509.50000000000006,1.0,2403.0,-6.875869000107725,155.9572050727826,0.0,736.0,-6.753013536318091,172.68368981629766,0.0,815.0,-6.73381089804681
United_States,2025,2025-12-20_2025-12-27,187.0,7.0,169.96737190617492,165.5609671327777,71.0,158.0,286.0,-5.062685273373495,1.0,164.70314943563685,88.0,158.0,267.0,-5.013600503288185,jump_ar1__k1000,2.959982057037948,False,0.008420233732270759,False,notification_index_forecast,prequential,0.9399999999999965,0.02000000000000316,0.02000000000000035,0.01999999999999995,0.9169069662331246,4.4523582450202834e-18,3.0360314423872415e-16,0.08309303376687513,424.5,1.0,2002.0,-6.713195116886135,157.49380850012454,0.0,744.0,-6.572749903155201,175.32676333364938,0.0,828.0,-6.565013184899287
Brazil,2025,2025-01-01_2025-02-01,851.0,31.0,1286.8608246115025,1435.7663034056948,18.0,1267.5,3158.875,-7.638279019796275,1.0,1481.9357854529467,487.0,1372.5,3089.0,-7.493492041337257,jump_ar1__k100,2.4757593029647014,False,0.010989843368477999,False,notification_index_forecast,prequential,0.8438358120920184,0.11616418790798157,0.02000000000000015,0.01999999999999997,0.6131161095444172,6.840591949841706e-17,4.572313742858284e-16,0.38688389045558225,36.5,5.0,95.0,-54.22224414691789,239.99215944969808,40.0,614.0,-10.467175202858233,1365.525078897848,231.0,3484.0,-7.476218342499825
Brazil,2025,2025-02-01_2025-03-01,556.0,28.0,1166.6263645868594,1345.6637690206326,9.0,1015.0,3143.25,-7.773058759082867,1.0,1341.6606769352534,423.375,1097.0,3153.125,-7.648506549513417,jump_ar1__k100,2.4757593029647014,False,0.010989843368477999,False,notification_index_forecast,prequential,0.8438358120920184,0.11616418790798157,0.02000000000000015,0.01999999999999997,0.6131161095444172,6.840591949841706e-17,4.572313742858284e-16,0.38688389045558225,20.758620689655174,2.0,57.0,-55.65658998895538,251.6493230177863,36.0,668.0,-7.812788105766032,1352.0321469206722,200.0,3578.0,-7.549281727685681
Brazil,2025,2025-03-01_2025-04-01,374.0,31.0,1058.5503018008164,1307.2139891027655,15.0,1005.0,2520.0,-8.66163993105656,1.0,1207.4523527132565,434.375,1083.5,2525.625,-8.737761512509106,jump_ar1__k100,2.4757593029647014,False,0.010989843368477999,False,notification_index_forecast,prequential,0.8438358120920184,0.11616418790798157,0.02000000000000015,0.01999999999999997,0.6131161095444172,6.840591949841706e-17,4.572313742858284e-16,0.38688389045558225,33.5,5.0,87.0,-25.29840453166471,305.9149441931648,51.0,782.0,-6.4664501672645045,1482.4483003913397,251.0,3782.0,-8.009828899586301
Brazil,2025,2025-04-01_2025-05-01,174.0,30.0,809.3389766404894,1030.1364075437787,51.0,757.0,1921.5,-7.677009365709096,1.0,906.2415016147249,278.0,828.0,1915.625,-9.09897779858269,jump_ar1__k100,2.4757593029647014,False,0.010989843368477999,False,notification_index_forecast,prequential,0.8438358120920184,0.11616418790798157,0.02000000000000015,0.01999999999999997,0.6131161095444172,6.840591949841706e-17,4.572313742858284e-16,0.38688389045558225,114.5,18.0,297.0,-5.912427614894453,303.915356546195,49.0,786.0,-5.98548118309991,1262.041826377494,205.0,3258.0,-8.412957113759086
Brazil,2025,2025-05-01_2025-06-01,134.0,31.0,400.90316958293164,574.5990092544305,85.0,300.0,1170.5,-6.343455337399285,1.0,412.79571991225754,105.0,312.0,1187.5,-6.457994513827088,jump_ar1__k100,2.4757593029647014,False,0.010989843368477999,False,notification_index_forecast,prequential,0.8438358120920184,0.11616418790798157,0.02000000000000015,0.01999999999999997,0.6131161095444172,6.840591949841706e-17,4.572313742858284e-16,0.38688389045558225,234.5,39.0,600.0,-5.720744709805064,296.4307249080192,49.0,758.0,-6.010705137579002,970.1120740040194,164.0,2476.0,-8.219578070922271
Brazil,2025,2025-06-01_2025-07-01,96.0,30.0,272.98319793404147,362.21108308344037,77.0,233.0,707.875,-6.214994876050116,1.0,244.93512479949405,77.0,221.0,543.625,-6.14786193093991,jump_ar1__k100,2.4757593029647014,False,0.010989843368477999,False,notification_index_forecast,prequential,0.8438358120920184,0.11616418790798157,0.02000000000000015,0.01999999999999997,0.6131161095444172,6.840591949841706e-17,4.572313742858284e-16,0.38688389045558225,409.5,66.0,1058.0,-6.748370880520701,263.66505110805525,42.0,682.0,-5.988741212565655,672.7816009260484,109.0,1738.0,-7.741018425686107
Brazil,2025,2025-07-01_2025-08-01,92.0,31.0,258.0179224382628,285.2423526644403,71.0,193.0,977.625,-5.968601762219573,1.0,204.32360289840167,69.0,183.0,434.0,-5.8488755034370685,jump_ar1__k100,2.4757593029647014,False,0.010989843368477999,False,notification_index_forecast,prequential,0.8438358120920184,0.11616418790798157,0.02000000000000015,0.01999999999999997,0.6131161095444172,6.840591949841706e-17,4.572313742858284e-16,0.38688389045558225,611.5,103.0,1561.0,-7.654281898701489,244.772071462324,41.0,626.0,-5.9085374971540645,483.62533609728683,81.0,1235.0,-7.160524893852013
Brazil,2025,2025-08-01_2025-09-01,85.0,31.0,276.7829284775267,241.89124811394905,68.0,192.0,1377.75,-6.057139113525626,1.0,191.7730995791946,69.0,176.0,379.625,-5.935523789373402,jump_ar1__k100,2.4757593029647014,False,0.010989843368477999,False,notification_index_forecast,prequential,0.8438358120920184,0.11616418790798157,0.02000000000000015,0.01999999999999997,0.6131161095444172,6.840591949841706e-17,4.572313742858284e-16,0.38688389045558225,891.5,151.0,2275.0,-8.591646427068302,220.5560422933812,36.0,564.0,-5.790374940736449,349.32124454401685,58.0,893.0,-6.592161718675229
Brazil,2025,2025-09-01_2025-10-01,69.0,30.0,308.13649150491943,209.14527218044861,56.0,180.0,1814.375,-6.117156127298286,1.0,185.91738128204153,58.0,164.0,381.0,-6.003451709978905,jump_ar1__k100,2.4757593029647014,False,0.010989843368477999,False,notification_index_forecast,prequential,0.8438358120920184,0.11616418790798157,0.02000000000000015,0.01999999999999997,0.6131161095444172,6.840591949841706e-17,4.572313742858284e-16,0.38688389045558225,1225.5,199.0,3164.0,-9.478560489037477,192.66772315057972,30.0,499.0,-5.68425073914985,252.0090172261719,40.0,652.0,-6.133042480695558
Brazil,2025,2025-10-01_2025-11-01,120.0,31.0,327.9570068338443,171.46692857878574,48.0,150.0,2189.625,-5.227539647345079,1.0,158.24265246258395,47.0,142.0,364.25,-5.0905289772953415,jump_ar1__k100,2.4757593029647014,False,0.010989843368477999,False,notification_index_forecast,prequential,0.8438358120920184,0.11616418790798157,0.02000000000000015,0.01999999999999997,0.6131161095444172,6.840591949841706e-17,4.572313742858284e-16,0.38688389045558225,1609.5,273.0,4106.0,-9.513386582815105,178.28695661549907,29.0,457.0,-5.454985099144388,194.70950576391758,32.0,498.0,-5.533721954279381
Brazil,2025,2025-11-01_2025-12-01,111.0,30.0,317.6691329538337,162.3612441179078,50.0,159.5,2161.0,-5.222541318849681,1.0,159.10413635778735,52.0,145.0,350.0,-5.088798085029073,jump_ar1__k100,2.4757593029647014,False,0.010989843368477999,False,notification_index_forecast,prequential,0.8438358120920184,0.11616418790798157,0.02000000000000015,0.01999999999999997,0.6131161095444172,6.840591949841706e-17,4.572313742858284e-16,0.38688389045558225,1521.5,247.0,3927.0,-9.36539439235247,165.7184383104021,26.0,429.0,-5.393151034198564,167.65920874794844,26.0,434.0,-5.402596050903708
Brazil,2025,2025-12-01_2026-01-01,32.0,31.0,291.172821002552,177.57965408329324,53.0,172.0,1574.0,-7.865655959626174,0.0,193.5622386086884,53.0,161.0,425.625,-8.015445801940848,jump_ar1__k100,2.4757593029647014,False,0.010989843368477999,False,notification_index_forecast,prequential,0.8438358120920184,0.11616418790798157,0.02000000000000015,0.01999999999999997,0.6131161095444172,6.840591949841706e-17,4.572313742858284e-16,0.38688389045558225,1045.5,177.0,2668.0,-10.305013971646607,164.52396621547297,27.0,421.0,-6.043023145879937,154.89672068680852,25.0,397.0,-5.922198265517521
Thailand,2025,2025-01-01_2025-02-01,33.0,31.0,49.17276382611424,38.322538003015154,11.0,34.0,248.625,-3.706939491008479,1.0,37.17142609410631,11.0,33.0,74.0,-3.630507837611292,jump_ar1__k100,-3.464271481298369,False,0.018882265192932332,False,notification_index_forecast,prequential,0.8714779458791485,0.038268925543038984,0.07025312857781257,0.019999999999999997,0.9421973544140729,5.848402467571954e-18,0.016256121021313123,0.04154652456461394,332.5,56.0,850.0,-7.529347039415229,35.34814444968037,5.0,92.0,-4.0235215535131825,78.54751440764743,12.0,202.0,-4.718103516642012
Thailand,2025,2025-02-01_2025-03-01,33.0,28.0,39.70944573160613,32.61849099889619,9.0,30.0,186.625,-3.7820728211394354,1.0,31.693415658105426,9.0,28.0,69.0,-3.7124158086461305,jump_ar1__k100,-3.464271481298369,False,0.018882265192932332,False,notification_index_forecast,prequential,0.8714779458791485,0.038268925543038984,0.07025312857781257,0.019999999999999997,0.9421973544140729,5.848402467571954e-18,0.016256121021313123,0.04154652456461394,224.48275862068965,32.0,596.0,-6.459986220563114,31.915213693020256,4.0,86.0,-4.0701055420674095,62.82376847355468,8.0,168.0,-4.440566958800017
Thailand,2025,2025-03-01_2025-04-01,24.0,31.0,40.69130227537881,34.280500297981035,10.375,31.0,158.625,-3.594327740545743,1.0,33.31968121765408,11.0,31.0,70.0,-3.5207786617444405,jump_ar1__k100,-3.464271481298369,False,0.018882265192932332,False,notification_index_forecast,prequential,0.8714779458791485,0.038268925543038984,0.07025312857781257,0.019999999999999997,0.9421973544140729,5.848402467571954e-18,0.016256121021313123,0.04154652456461394,205.5,34.0,526.0,-6.83091736528208,35.736246029192586,5.0,93.0,-3.8770139587724755,63.95438220989338,10.0,165.0,-4.568240165167557
Thailand,2025,2025-04-01_2025-05-01,23.0,30.0,33.15153234493483,29.440332954832755,8.0,27.0,99.0,-3.471402678547065,1.0,28.649034309279422,8.0,26.0,62.0,-3.397725735521848,jump_ar1__k100,-3.464271481298369,False,0.018882265192932332,False,notification_index_forecast,prequential,0.8714779458791485,0.038268925543038984,0.07025312857781257,0.019999999999999997,0.9421973544140729,5.848402467571954e-18,0.016256121021313123,0.04154652456461394,125.5,19.0,326.0,-5.773027117922531,33.411505852023694,4.0,88.0,-3.828842432889208,51.72589007053995,7.0,135.0,-4.278887743657604
Thailand,2025,2025-05-01_2025-06-01,10.0,31.0,32.421346217304546,28.39920334387009,8.0,26.0,107.0,-4.268092610240622,1.0,27.727269492648837,8.0,25.0,60.625,-4.240912382914917,jump_ar1__k100,-3.464271481298369,False,0.018882265192932332,False,notification_index_forecast,prequential,0.8714779458791485,0.038268925543038984,0.07025312857781257,0.019999999999999997,0.9421973544140729,5.848402467571954e-18,0.016256121021313123,0.04154652456461394,130.5,21.0,335.0,-6.83915692828635,33.45039596323664,5.0,87.0,-4.05089989604226,45.67763015313812,7.0,118.0,-4.604331962796332
Thailand,2025,2025-06-01_2025-07-01,19.0,30.0,22.612027837076585,21.308910432166627,6.0,20.0,55.0,-3.245529228441052,1.0,20.827716989407357,5.0,19.0,46.0,-3.1827867627138238,jump_ar1__k100,-3.464271481298369,False,0.018882265192932332,False,notification_index_forecast,prequential,0.8714779458791485,0.038268925543038984,0.07025312857781257,0.019999999999999997,0.9421973544140729,5.848402467571954e-18,0.016256121021313123,0.04154652456461394,47.5,7.0,124.0,-4.233568802896386,28.586270353019735,4.0,76.0,-3.671481633921951,31.75414639152296,4.0,84.0,-3.7598441315812963
Thailand,2025,2025-07-01_2025-08-01,18.0,31.0,22.65479088204497,22.01777862278802,5.0,20.0,55.0,-3.188260670475041,1.0,21.651853467457958,6.0,19.0,47.0,-3.1325455228488144,jump_ar1__k100,-3.464271481298369,False,0.018882265192932332,False,notification_index_forecast,prequential,0.8714779458791485,0.038268925543038984,0.07025312857781257,0.019999999999999997,0.9421973544140729,5.848402467571954e-18,0.016256121021313123,0.04154652456461394,31.5,4.0,82.0,-3.744916154570541,28.454202713328733,4.0,74.0,-3.6498109229510716,29.060509067201902,4.0,76.0,-3.6682575875540913
Thailand,2025,2025-08-01_2025-09-01,31.0,31.0,21.24872823998894,20.482212227403625,5.0,19.0,55.0,-4.1527891166092274,1.0,20.169352889131265,5.0,18.0,46.0,-4.181677549740646,jump_ar1__k100,-3.464271481298369,False,0.018882265192932332,False,notification_index_forecast,prequential,0.8714779458791485,0.038268925543038984,0.07025312857781257,0.019999999999999997,0.9421973544140729,5.848402467571954e-18,0.016256121021313123,0.04154652456461394,32.5,5.0,85.0,-3.9604455743858185,27.17189728153476,4.0,71.0,-3.9790707093595765,25.946557044280524,3.0,68.0,-3.99703948770446
Thailand,2025,2025-09-01_2025-10-01,28.0,30.0,22.083320514838586,22.00230008865233,5.0,20.0,51.625,-3.751779973668682,1.0,21.771246644601966,6.0,20.0,49.625,-3.7269181599020254,jump_ar1__k100,-3.464271481298369,False,0.018882265192932332,False,notification_index_forecast,prequential,0.8714779458791485,0.038268925543038984,0.07025312857781257,0.019999999999999997,0.9421973544140729,5.848402467571954e-18,0.016256121021313123,0.04154652456461394,18.5,2.0,50.0,-4.094851351346937,26.836965845977943,3.0,71.0,-3.878342989018643,25.84016375052428,3.0,69.0,-3.883743584129973
Thailand,2025,2025-10-01_2025-11-01,15.0,31.0,25.274755335578174,24.332378698950397,6.0,22.0,65.0,-3.3305383773021933,1.0,24.17158554353277,7.0,22.0,54.0,-3.278595782423624,jump_ar1__k100,-3.464271481298369,False,0.018882265192932332,False,notification_index_forecast,prequential,0.8714779458791485,0.038268925543038984,0.07025312857781257,0.019999999999999997,0.9421973544140729,5.848402467571954e-18,0.016256121021313123,0.04154652456461394,44.5,7.0,115.0,-4.26556777427479,28.071753592101455,4.0,74.0,-3.639578528479673,26.732795814115093,4.0,70.0,-3.5880699160933616
Thailand,2025,2025-11-01_2025-12-01,9.0,30.0,22.368126697035386,20.673234913346782,5.0,20.0,61.0,-3.5923608030883267,1.0,20.5311028414079,5.0,19.0,46.0,-3.5550816873074895,jump_ar1__k100,-3.464271481298369,False,0.018882265192932332,False,notification_index_forecast,prequential,0.8714779458791485,0.038268925543038984,0.07025312857781257,0.019999999999999997,0.9421973544140729,5.848402467571954e-18,0.016256121021313123,0.04154652456461394,58.5,9.0,153.0,-5.132922147075128,25.506170345173864,3.0,68.0,-3.6716970791979673,22.255147855840367,3.0,59.0,-3.4823155837582673
Thailand,2025,2025-12-01_2026-01-01,8.0,31.0,19.016565220585527,18.226186979772116,5.0,17.0,45.625,-3.406320783290287,1.0,18.1545049522938,5.0,16.0,41.0,-3.3736356587108904,jump_ar1__k100,-3.464271481298369,False,0.018882265192932332,False,notification_index_forecast,prequential,0.8714779458791485,0.038268925543038984,0.07025312857781257,0.019999999999999997,0.9421973544140729,5.848402467571954e-18,0.016256121021313123,0.04154652456461394,30.5,4.0,80.0,-4.043302014999333,23.757209333440514,3.0,63.0,-3.6352919552302128,17.954701264640264,2.0,48.0,-3.247130647614017
Australia,2026,2026-01-01_2026-02-01,1014.0,31.0,1609.5976999168668,1525.4275004254223,700.0,1409.5,3149.0,-7.350223944407896,1.0,1525.4275004254214,739.375,1417.0,2512.625,-7.316502841140006,jump_ar1__k300,6.439509651386136,False,0.013649990077358632,False,notification_index_forecast,prequential,0.9399999999999857,0.019999999999995806,0.019999999999995806,0.02000000000002261,0.9999999999999987,2.6958618686840217e-16,1.1102230246251546e-15,3.469446951953614e-17,5015.5,852.0,12790.0,-9.444121730224104,1889.2072000851801,320.0,4819.0,-7.811243035383155,1880.0852757637638,319.0,4796.0,-7.8055573520918795
Australia,2026,2026-02-01_2026-03-01,772.0,28.0,1293.3958224659198,1250.4092143273047,633.375,1173.5,2373.5,-7.516478806802642,1.0,1250.409214327305,658.375,1177.0,2101.25,-7.499348990820032,jump_ar1__k300,6.439509651386136,False,0.013649990077358632,False,notification_index_forecast,prequential,0.9399999999999857,0.019999999999995806,0.019999999999995806,0.02000000000002261,0.9999999999999987,2.6958618686840217e-16,1.1102230246251546e-15,3.469446951953614e-17,2870.5,426.0,7594.0,-8.526146577986012,1602.3654952711922,237.0,4240.0,-7.6757464402499025,1427.6925546416626,211.0,3778.0,-7.546056563507992
Australia,2026,2026-03-01_2026-04-01,749.0,31.0,1338.178638997905,1310.5386233443269,636.0,1195.5,2319.5,-7.873940653391556,1.0,1310.5386233443269,677.375,1204.0,2109.125,-7.881917630793922,jump_ar1__k300,6.439509651386136,False,0.013649990077358632,False,notification_index_forecast,prequential,0.9399999999999857,0.019999999999995806,0.019999999999995806,0.02000000000002261,0.9999999999999987,2.6958618686840217e-16,1.1102230246251546e-15,3.469446951953614e-17,2353.5,399.0,6003.0,-8.281968062523692,1645.5465018968055,279.0,4198.0,-7.720194704507778,1314.570150815374,223.0,3354.0,-7.440684439455314
Australia,2026,2026-04-01_2026-05-01,640.0,30.0,1151.6003814463775,1130.3498414708752,526.125,1071.0,2090.0,-7.728444956711381,1.0,1130.3498414708747,551.0,1064.0,1892.625,-7.739140351399824,jump_ar1__k300,6.439509651386136,False,0.013649990077358632,False,notification_index_forecast,prequential,0.9399999999999857,0.019999999999995806,0.019999999999995806,0.02000000000002261,0.9999999999999987,2.6958618686840217e-16,1.1102230246251546e-15,3.469446951953614e-17,1928.5,314.0,4977.0,-8.0345686046633,1467.896850837586,238.0,3789.0,-7.619287630250366,1057.179672350491,171.0,2729.0,-7.228657108881201
Australia,2026,2026-05-01_2026-06-01,110.0,31.0,1022.3530197910907,996.084215481533,484.125,977.0,1917.0,-11.735182862585594,0.0,996.0842154815317,521.0,960.0,1679.625,-14.46495793317714,jump_ar1__k300,6.439509651386136,False,0.013649990077358632,False,notification_index_forecast,prequential,0.9399999999999857,0.019999999999995806,0.019999999999995806,0.02000000000002261,0.9999999999999987,2.6958618686840217e-16,1.1102230246251546e-15,3.469446951953614e-17,2000.5,339.0,5103.0,-10.149639148628836,1389.7814980990995,235.0,3546.0,-9.285016156107412,911.4113638238359,154.0,2326.0,-8.31871007759421
China,2026,2026-01-01_2026-02-01,971.0,31.0,2240.277933282713,2171.3286492689344,612.0,1896.0,5744.125,-9.211145930129605,1.0,2125.1563176631735,1056.375,1895.0,3579.625,-9.609387485195608,jump_ar1__k300,3.8669508070723166,False,0.027370572076771384,False,notification_index_forecast,prequential,0.8548508129878243,0.01999999999999973,0.07796575598495531,0.04718343102722069,0.9486389027187593,4.185974684305161e-19,0.051361097281240616,1.63588573604774e-16,5611.5,954.0,14310.0,-9.722650091057023,3229.4035682551203,548.0,8236.0,-8.641439236310534,1262.592302544694,214.0,3221.0,-7.444236779709854
China,2026,2026-02-01_2026-03-01,666.0,28.0,1801.7062871860353,1757.4743492034581,495.75,1672.5,4018.125,-9.197215882365281,1.0,1722.216021980363,814.75,1677.0,2817.625,-9.828622929036111,jump_ar1__k300,3.8669508070723166,False,0.027370572076771384,False,notification_index_forecast,prequential,0.8548508129878243,0.01999999999999973,0.07796575598495531,0.04718343102722069,0.9486389027187593,4.185974684305161e-19,0.051361097281240616,1.63588573604774e-16,4298.5,639.0,11372.0,-9.383796169083162,2555.253122567763,379.0,6761.0,-8.431376206376628,938.3861719595988,139.0,2484.0,-7.162189406179392
China,2026,2026-03-01_2026-04-01,636.0,31.0,1365.8555992140355,1275.286234649082,507.0,1124.0,3759.0,-7.791305856090319,1.0,1231.3105955233655,577.375,1106.0,2485.5,-7.7896970403966606,jump_ar1__k300,3.8669508070723166,False,0.027370572076771384,False,notification_index_forecast,prequential,0.8548508129878243,0.01999999999999973,0.07796575598495531,0.04718343102722069,0.9486389027187593,4.185974684305161e-19,0.051361097281240616,1.63588573604774e-16,4186.5,711.0,10677.0,-9.576511419645339,2437.974607072734,414.0,6218.0,-8.478067461361967,836.3148126097581,141.0,2134.0,-7.028398829429204
Japan,2026,2026-01-10_2026-01-17,46.0,7.0,575.5425824426096,555.2821730077435,187.75,518.0,1031.625,-8.732523669652341,0.0,555.3643663116032,296.375,519.0,897.0,-26.213807310688882,jump_ar1__k1000,5.009788600391294,False,0.004218399239419397,False,notification_index_forecast,prequential,0.9400000000000008,0.01999999999999973,0.01999999999999974,0.01999999999999973,0.9998920887992078,0.00010791120079223644,1.1241622730362559e-19,4.1753400280366945e-17,140.5,0.0,663.0,-5.419676011005233,478.42387656210275,1.0,2257.0,-5.989901138031175,2056.080028923043,4.0,9695.0,-6.785310771348101
Japan,2026,2026-01-17_2026-01-24,283.0,7.0,374.08146846153886,347.5471636448636,146.375,331.0,726.0,-5.504584794335883,1.0,347.5687225754554,184.0,329.0,593.25,-5.454133813422812,jump_ar1__k1000,5.009788600391294,False,0.004218399239419397,False,notification_index_forecast,prequential,0.9400000000000008,0.01999999999999973,0.01999999999999974,0.01999999999999973,0.9998920887992078,0.00010791120079223644,1.1241622730362559e-19,4.1753400280366945e-17,195.5,0.0,923.0,-7.022162382382231,448.0856567011134,1.0,2114.0,-7.0299212747669175,1724.7578053294408,4.0,8133.0,-7.535766512635089
Japan,2026,2026-01-24_2026-01-31,221.0,7.0,355.9583016689489,330.30104210482847,147.375,322.0,614.625,-5.999587732561301,1.0,330.31146901608963,186.0,320.0,543.625,-5.961289122735998,jump_ar1__k1000,5.009788600391294,False,0.004218399239419397,False,notification_index_forecast,prequential,0.9400000000000008,0.01999999999999973,0.01999999999999974,0.01999999999999973,0.9998920887992078,0.00010791120079223644,1.1241622730362559e-19,4.1753400280366945e-17,246.5,0.0,1163.0,-6.733913084434417,442.9462931752738,1.0,2089.0,-6.8420944771503835,1583.8297465159724,3.0,7468.0,-7.36767729084434
Japan,2026,2026-01-31_2026-02-07,225.0,7.0,336.19234028535936,312.2279498610745,141.375,303.0,556.625,-5.729709109569952,1.0,312.23379395597163,177.375,304.0,496.0,-5.685731675330762,jump_ar1__k1000,5.009788600391294,False,0.004218399239419397,False,notification_index_forecast,prequential,0.9400000000000008,0.01999999999999973,0.01999999999999974,0.01999999999999973,0.9998920887992078,0.00010791120079223644,1.1241622730362559e-19,4.1753400280366945e-17,262.5,0.0,1239.0,-6.755007441807811,434.9162566137778,1.0,2052.0,-6.849777839447771,1437.2124417235386,3.0,6777.0,-7.329242259890369
Japan,2026,2026-02-07_2026-02-14,188.0,7.0,324.9211539655553,302.6607450562496,135.75,290.0,574.0,-6.252016237446752,1.0,302.66322847951903,170.0,293.0,483.0,-6.225072631148565,jump_ar1__k1000,5.009788600391294,False,0.004218399239419397,False,notification_index_forecast,prequential,0.9400000000000008,0.01999999999999973,0.01999999999999974,0.01999999999999973,0.9998920887992078,0.00010791120079223644,1.1241622730362559e-19,4.1753400280366945e-17,280.5,0.0,1324.0,-6.609482629755057,427.43608074220646,1.0,2016.0,-6.719023024957528,1312.9498789981785,3.0,6191.0,-7.193332012472508
Japan,2026,2026-02-14_2026-02-21,162.0,7.0,307.2242264008309,284.97979827119576,127.125,278.0,513.0,-6.627629611507228,1.0,284.9727369473799,159.0,278.0,452.0,-6.621799817736592,jump_ar1__k1000,5.009788600391294,False,0.004218399239419397,False,notification_index_forecast,prequential,0.9400000000000008,0.01999999999999973,0.01999999999999974,0.01999999999999973,0.9998920887992078,0.00010791120079223644,1.1241622730362559e-19,4.1753400280366945e-17,358.5,1.0,1691.0,-6.5617793834834846,418.1619102520745,1.0,1973.0,-6.613143099521771,1190.8307732626295,2.0,5616.0,-7.069954625034673
Japan,2026,2026-02-21_2026-02-28,132.0,7.0,287.1155748950014,266.38299289137507,124.0,261.0,486.625,-7.3397612590164805,1.0,266.3748546577949,147.0,257.5,421.0,-7.414971292159276,jump_ar1__k1000,5.009788600391294,False,0.004218399239419397,False,notification_index_forecast,prequential,0.9400000000000008,0.01999999999999973,0.01999999999999974,0.01999999999999973,0.9998920887992078,0.00010791120079223644,1.1241622730362559e-19,4.1753400280366945e-17,353.5,1.0,1668.0,-6.421756848697703,407.6202195866021,1.0,1923.0,-6.475075258476433,1075.0403562471201,2.0,5070.0,-6.916675554323759
Japan,2026,2026-02-28_2026-03-07,138.0,7.0,272.82107291454406,251.09642544414274,122.0,238.0,598.625,-6.579582591641101,1.0,251.0787078128484,138.0,239.0,420.625,-6.576205833089404,jump_ar1__k1000,5.009788600391294,False,0.004218399239419397,False,notification_index_forecast,prequential,0.9400000000000008,0.01999999999999973,0.01999999999999974,0.01999999999999973,0.9998920887992078,0.00010791120079223644,1.1241622730362559e-19,4.1753400280366945e-17,482.5,1.0,2276.0,-6.5690553102537415,395.36444940847025,1.0,1865.0,-6.490884116605525,962.489929114874,2.0,4539.0,-6.883814074036656
Japan,2026,2026-03-07_2026-03-14,105.0,7.0,252.8653996520049,230.4313344979004,110.0,227.0,452.0,-7.656065702983151,0.0,230.409153530639,127.375,224.0,368.625,-7.8090001720893865,jump_ar1__k1000,5.009788600391294,False,0.004218399239419397,False,notification_index_forecast,prequential,0.9400000000000008,0.01999999999999973,0.01999999999999974,0.01999999999999973,0.9998920887992078,0.00010791120079223644,1.1241622730362559e-19,4.1753400280366945e-17,561.5,1.0,2648.0,-6.483373793976672,384.43420005256587,1.0,1814.0,-6.315285879099946,868.1055666076605,2.0,4094.0,-6.695735307855362
Japan,2026,2026-03-14_2026-03-21,100.0,7.0,231.10731261881392,211.75576553935252,99.0,205.0,433.0,-7.323643547648074,1.0,211.73808627990104,119.0,206.0,346.0,-7.424414131075554,jump_ar1__k1000,5.009788600391294,False,0.004218399239419397,False,notification_index_forecast,prequential,0.9400000000000008,0.01999999999999973,0.01999999999999974,0.01999999999999973,0.9998920887992078,0.00010791120079223644,1.1241622730362559e-19,4.1753400280366945e-17,458.5,1.0,2163.0,-6.364169392685626,371.123233606132,1.0,1751.0,-6.27226000956121,774.0523421792276,2.0,3651.0,-6.613900544398057
Japan,2026,2026-03-21_2026-03-28,88.0,7.0,212.74506752121502,191.70695748822112,66.0,188.0,355.0,-6.706258626334063,1.0,191.68406092361352,83.0,188.0,308.0,-6.733720250459175,jump_ar1__k1000,5.009788600391294,False,0.004218399239419397,False,notification_index_forecast,prequential,0.9400000000000008,0.01999999999999973,0.01999999999999974,0.01999999999999973,0.9998920887992078,0.00010791120079223644,1.1241622730362559e-19,4.1753400280366945e-17,578.5,1.0,2729.0,-6.405614484878626,358.24827054891745,1.0,1690.0,-6.184138986073343,691.3542421020129,1.0,3261.0,-6.493723277115
Japan,2026,2026-03-28_2026-04-04,70.0,7.0,149.0801819404363,122.78297715900882,48.0,105.0,358.375,-4.777811205786634,1.0,122.75939312710679,53.0,104.0,261.625,-4.729883444488833,jump_ar1__k1000,5.009788600391294,False,0.004218399239419397,False,notification_index_forecast,prequential,0.9400000000000008,0.01999999999999973,0.01999999999999974,0.01999999999999973,0.9998920887992078,0.00010791120079223644,1.1241622730362559e-19,4.1753400280366945e-17,722.5,1.0,3407.0,-6.404657577810679,344.72210466146987,0.0,1626.0,-6.040671886348843,617.0955153863426,1.0,2911.0,-6.3235747782166385
Japan,2026,2026-04-04_2026-04-11,77.0,7.0,129.42670902260315,93.06908936014813,46.0,91.0,440.125,-4.235243789151031,1.0,93.04304808130996,50.0,90.0,150.625,-4.180745504755562,jump_ar1__k1000,5.009788600391294,False,0.004218399239419397,False,notification_index_forecast,prequential,0.9400000000000008,0.01999999999999973,0.01999999999999974,0.01999999999999973,0.9998920887992078,0.00010791120079223644,1.1241622730362559e-19,4.1753400280366945e-17,1222.5,3.0,5765.0,-6.727737278662989,329.96971520870113,0.0,1557.0,-6.07331681031546,545.8424760999123,1.0,2575.0,-6.309327625659611
Japan,2026,2026-04-11_2026-04-18,97.0,7.0,142.49591731050512,94.39079059143153,45.375,92.0,443.0,-4.270787006613642,1.0,94.36007606496024,50.0,92.0,156.0,-4.215523698545087,jump_ar1__k1000,5.009788600391294,False,0.004218399239419397,False,notification_index_forecast,prequential,0.9400000000000008,0.01999999999999973,0.01999999999999974,0.01999999999999973,0.9998920887992078,0.00010791120079223644,1.1241622730362559e-19,4.1753400280366945e-17,1884.5,4.0,8886.0,-7.067666243567909,317.1848120743931,0.0,1497.0,-6.190073412688375,488.1874783977637,1.0,2303.0,-6.376141880269695
Japan,2026,2026-04-18_2026-04-25,87.0,7.0,149.1268485093726,96.35959038040978,48.0,94.0,440.25,-4.209792260355013,1.0,96.32694411964043,52.0,93.0,157.0,-4.154570659590558,jump_ar1__k1000,5.009788600391294,False,0.004218399239419397,False,notification_index_forecast,prequential,0.9400000000000008,0.01999999999999973,0.01999999999999974,0.01999999999999973,0.9998920887992078,0.00010791120079223644,1.1241622730362559e-19,4.1753400280366945e-17,2176.5,5.0,10263.0,-7.09775752922486,307.2546219511311,0.0,1450.0,-6.112694920463785,445.2214298944331,1.0,2100.0,-6.275242073157927
Japan,2026,2026-04-25_2026-05-02,90.0,7.0,140.1249110559826,96.99570910947577,44.0,94.0,350.25,-4.225304043289282,1.0,96.96524427125684,49.375,94.0,162.0,-4.170357991499102,jump_ar1__k1000,5.009788600391294,False,0.004218399239419397,False,notification_index_forecast,prequential,0.9400000000000008,0.01999999999999973,0.01999999999999974,0.01999999999999973,0.9998920887992078,0.00010791120079223644,1.1241622730362559e-19,4.1753400280366945e-17,1746.5,4.0,8235.0,-6.992250597007016,296.90156754617516,0.0,1401.0,-6.118857805190036,405.47750450391334,1.0,1913.0,-6.251163524821502
New_Zealand,2026,2026-01-01_2026-02-01,252.0,31.0,281.97734308665395,268.6387251274741,108.375,267.5,517.625,-5.286090143695125,1.0,277.1283179404773,145.0,266.0,460.0,-5.1980955834744735,jump_ar1__k300,5.481868483409961,False,0.013445992883508784,False,notification_index_forecast,prequential,0.861936577615493,0.019999999999999754,0.01999999999999974,0.0980634223845076,0.9388060951873586,1.662750686855408e-17,0.06119390481264141,4.5480714921038994e-17,455.5,76.0,1163.0,-6.385831195347313,166.58708610181938,27.0,427.0,-6.26691484076837,312.7421692301614,52.0,799.0,-6.073490223506749
New_Zealand,2026,2026-02-01_2026-03-01,158.0,28.0,272.7745361200099,263.47299416205414,70.0,255.0,555.0,-6.107638352369526,1.0,272.31759243882425,130.0,257.0,457.25,-6.143293909005415,jump_ar1__k300,5.481868483409961,False,0.013445992883508784,False,notification_index_forecast,prequential,0.861936577615493,0.019999999999999754,0.01999999999999974,0.0980634223845076,0.9388060951873586,1.662750686855408e-17,0.06119390481264141,4.5480714921038994e-17,345.5,50.0,916.0,-6.154764704151564,158.6646612985661,23.0,422.0,-5.608383360041731,285.23121631584775,41.0,756.0,-5.937719645411297
New_Zealand,2026,2026-03-01_2026-04-01,117.0,31.0,272.0341336242987,266.3289311034876,99.0,256.0,463.625,-7.221171638249404,1.0,273.5512885050543,135.375,256.0,448.0,-7.840422581654714,jump_ar1__k300,5.481868483409961,False,0.013445992883508784,False,notification_index_forecast,prequential,0.861936577615493,0.019999999999999754,0.01999999999999974,0.0980634223845076,0.9388060951873586,1.662750686855408e-17,0.06119390481264141,4.5480714921038994e-17,212.5,35.0,544.0,-5.626841546006429,176.59445794701094,29.0,452.0,-5.443019158450732,290.3058281749428,48.0,742.0,-6.041282258388058
New_Zealand,2026,2026-04-01_2026-05-01,110.0,30.0,204.20093426141295,199.80556031087275,71.0,187.0,412.0,-5.8212730550072,1.0,202.3854773454295,83.0,188.0,353.0,-5.852983518993423,jump_ar1__k300,5.481868483409961,False,0.013445992883508784,False,notification_index_forecast,prequential,0.861936577615493,0.019999999999999754,0.01999999999999974,0.0980634223845076,0.9388060951873586,1.662750686855408e-17,0.06119390481264141,4.5480714921038994e-17,159.5,25.0,413.0,-5.361474987406078,164.08945499705612,26.0,425.0,-5.383510349906302,237.4555047443792,38.0,615.0,-5.778907571422593
Sweden,2026,2026-01-01_2026-02-01,28.0,31.0,82.87008078703072,81.97013693249338,25.0,69.0,175.625,-5.381832997928708,1.0,81.97013693249345,27.0,70.0,165.0,-5.436211992307969,jump_ar1__k100,4.015234056335641,False,0.011245790998184532,False,notification_index_forecast,prequential,0.9395258488402738,0.01999999999999973,0.02047415115972687,0.01999999999999973,0.9999999999999989,0.0,1.3010426069826024e-17,1.1310397063368759e-15,166.5,27.0,427.0,-6.204533617060422,64.51500632784867,10.0,166.0,-4.509239879100537,60.306415717464674,9.0,156.0,-4.418303804882573
Sweden,2026,2026-02-01_2026-03-01,16.0,28.0,68.43276225860261,68.63523141011588,19.0,54.0,164.0,-5.731724931663497,0.0,68.63523141011589,20.0,55.0,158.0,-5.881344389539715,jump_ar1__k100,4.015234056335641,False,0.011245790998184532,False,notification_index_forecast,prequential,0.9395258488402738,0.01999999999999973,0.02047415115972687,0.01999999999999973,0.9999999999999989,0.0,1.3010426069826024e-17,1.1310397063368759e-15,98.5,14.0,262.0,-5.52344712598153,53.452957473020994,7.0,143.0,-4.46618632907646,44.189213821390624,6.0,119.0,-4.186049116552759
Sweden,2026,2026-03-01_2026-04-01,13.0,31.0,58.66765572153115,58.93547574839563,14.0,51.0,127.0,-5.5993340367127935,0.0,58.935475748395646,15.0,51.0,125.0,-5.727872573076466,jump_ar1__k100,4.015234056335641,False,0.011245790998184532,False,notification_index_forecast,prequential,0.9395258488402738,0.01999999999999973,0.02047415115972687,0.01999999999999973,0.9999999999999989,0.0,1.3010426069826024e-17,1.1310397063368759e-15,74.5,12.0,192.0,-5.326699922369926,52.209320538871005,8.0,135.0,-4.63923346659419,36.86556607774561,5.0,96.0,-4.051196933866346
Sweden,2026,2026-04-01_2026-05-01,16.0,30.0,32.8640252975458,32.543789124730296,5.0,27.0,83.0,-3.6154589549881266,1.0,32.54378912473031,5.0,27.0,87.625,-3.597749738276936,jump_ar1__k100,4.015234056335641,False,0.011245790998184532,False,notification_index_forecast,prequential,0.9395258488402738,0.01999999999999973,0.02047415115972687,0.01999999999999973,0.9999999999999989,0.0,1.3010426069826024e-17,1.1310397063368759e-15,43.5,6.0,114.0,-4.1836728306279545,43.79250514298574,6.0,115.0,-4.193573967123214,26.083991284704968,3.0,69.0,-3.5727882384007037
United_States,2026,2026-01-03_2026-01-10,8.0,7.0,170.70836080038399,171.63997431394603,52.375,165.0,287.625,-7.3988729052080355,0.0,171.63997431394597,92.0,166.0,272.0,-23.72742371421577,jump_ar1__k1000,2.709458476488958,False,0.009346837188853107,False,notification_index_forecast,prequential,0.9400000000000005,0.01999999999999972,0.020000000000000125,0.01999999999999972,0.9999999999999991,0.0,0.0,8.951173136040309e-16,133.5,0.0,630.0,-4.506018996561091,158.90345081953268,0.0,750.0,-4.6002936923383935,175.9357964442049,0.0,831.0,-4.655844119384005
United_States,2026,2026-01-10_2026-01-17,131.0,7.0,80.72770235251438,74.68964424868074,33.0,72.0,161.875,-7.095168250385685,1.0,74.68964424868065,42.0,72.0,119.0,-7.185947647738462,jump_ar1__k1000,2.709458476488958,False,0.009346837188853107,False,notification_index_forecast,prequential,0.9400000000000005,0.01999999999999972,0.020000000000000125,0.01999999999999972,0.9999999999999991,0.0,0.0,8.951173136040309e-16,233.49999999999997,0.0,1102.0,-6.288225824241385,146.64210167084963,0.0,692.0,-6.212051127764079,145.82973626688167,0.0,689.0,-6.211719670376789
United_States,2026,2026-01-17_2026-01-24,138.0,7.0,95.48685716917377,90.38474346768808,37.375,83.0,215.0,-6.032213002776251,1.0,90.38474346768805,44.0,83.0,187.625,-6.0181293706195005,jump_ar1__k1000,2.709458476488958,False,0.009346837188853107,False,notification_index_forecast,prequential,0.9400000000000005,0.01999999999999972,0.020000000000000125,0.01999999999999972,0.9999999999999991,0.0,0.0,8.951173136040309e-16,235.50000000000003,0.0,1111.0,-6.329532844081134,146.33581658805892,0.0,691.0,-6.2614526797029875,144.42409888929282,0.0,682.0,-6.261070590376182
United_States,2026,2026-01-24_2026-01-31,149.0,7.0,131.39919655771985,127.58607816961094,45.0,120.0,256.0,-5.050258827275138,1.0,127.58607816961096,54.0,120.0,232.625,-5.004571088933809,jump_ar1__k1000,2.709458476488958,False,0.009346837188853107,False,notification_index_forecast,prequential,0.9400000000000005,0.01999999999999972,0.020000000000000125,0.01999999999999972,0.9999999999999991,0.0,0.0,8.951173136040309e-16,283.5,0.0,1338.0,-6.43385252122021,146.19684001020332,0.0,690.0,-6.337129746471558,143.71731390407632,0.0,679.0,-6.337403457910677
United_States,2026,2026-01-31_2026-02-07,100.0,7.0,148.27648328506996,143.8991831664623,60.0,137.0,260.625,-5.0101807696029965,1.0,143.89918316646225,73.0,138.0,237.0,-4.969512008433648,jump_ar1__k1000,2.709458476488958,False,0.009346837188853107,False,notification_index_forecast,prequential,0.9400000000000005,0.01999999999999972,0.020000000000000125,0.01999999999999972,0.9999999999999991,0.0,0.0,8.951173136040309e-16,360.5,1.0,1701.0,-6.260146245628359,146.3839336872695,0.0,691.0,-5.975939133547659,143.67862174250524,0.0,678.0,-5.972622598269687
United_States,2026,2026-02-07_2026-02-14,89.0,7.0,136.4011645601942,132.85983092346078,44.0,129.0,247.0,-5.065207109819575,1.0,132.8598309234608,66.0,130.0,221.0,-5.028477471535521,jump_ar1__k1000,2.709458476488958,False,0.009346837188853107,False,notification_index_forecast,prequential,0.9400000000000005,0.01999999999999972,0.020000000000000125,0.01999999999999972,0.9999999999999991,0.0,0.0,8.951173136040309e-16,290.5,0.0,1371.0,-6.103471904438751,144.9542954596765,0.0,684.0,-5.881251360519934,140.19187914737745,0.0,662.0,-5.874065229271226
United_States,2026,2026-02-14_2026-02-21,96.0,7.0,125.03823248637329,122.667036058524,42.0,118.0,222.0,-4.6195852386524505,1.0,122.66703605852396,61.0,118.0,201.0,-4.573448274800665,jump_ar1__k1000,2.709458476488958,False,0.009346837188853107,False,notification_index_forecast,prequential,0.9400000000000005,0.01999999999999972,0.020000000000000125,0.01999999999999972,0.9999999999999991,0.0,0.0,8.951173136040309e-16,207.5,0.0,979.0,-6.0322106006181375,143.1316627554117,0.0,676.0,-5.93862559678436,135.9292668126276,0.0,642.0,-5.929411451627468
United_States,2026,2026-02-21_2026-02-28,108.0,7.0,120.15228797009625,117.23032906778755,45.0,114.0,217.0,-4.458040688532873,1.0,117.23032906778757,60.375,115.0,197.625,-4.408266586029459,jump_ar1__k1000,2.709458476488958,False,0.009346837188853107,False,notification_index_forecast,prequential,0.9400000000000005,0.01999999999999972,0.020000000000000125,0.01999999999999972,0.9999999999999991,0.0,0.0,8.951173136040309e-16,223.5,0.0,1055.0,-6.136564594325719,141.66661110339652,0.0,669.0,-6.035231019771384,132.62232121540228,0.0,626.0,-6.027225593131159
United_States,2026,2026-02-28_2026-03-07,79.0,7.0,120.0271619385578,117.05633960253043,43.375,113.0,219.0,-4.897191844487899,1.0,117.05633960253041,61.0,112.0,193.0,-4.859301731015112,jump_ar1__k1000,2.709458476488958,False,0.009346837188853107,False,notification_index_forecast,prequential,0.9400000000000005,0.01999999999999972,0.020000000000000125,0.01999999999999972,0.9999999999999991,0.0,0.0,8.951173136040309e-16,228.50000000000003,0.0,1078.0,-5.93782215444457,140.6986892017722,0.0,664.0,-5.783554585199079,130.5114464071893,0.0,616.0,-5.76561578934996
United_States,2026,2026-03-07_2026-03-14,94.0,7.0,111.22726012022648,108.72652797778653,44.0,104.0,200.0,-4.366280710935982,1.0,108.7265279777865,57.0,105.0,179.0,-4.317007021671947,jump_ar1__k1000,2.709458476488958,False,0.009346837188853107,False,notification_index_forecast,prequential,0.9400000000000005,0.01999999999999972,0.020000000000000125,0.01999999999999972,0.9999999999999991,0.0,0.0,8.951173136040309e-16,186.5,0.0,880.0,-5.985828336521715,138.55062932217953,0.0,654.0,-5.915493445337237,126.16556173317946,0.0,596.0,-5.900013519055976
United_States,2026,2026-03-14_2026-03-21,80.0,7.0,109.16212741197616,107.21326129519554,41.375,103.0,192.0,-4.5572251032108095,1.0,107.21326129519557,57.0,104.0,175.625,-4.512969857305797,jump_ar1__k1000,2.709458476488958,False,0.009346837188853107,False,notification_index_forecast,prequential,0.9400000000000005,0.01999999999999972,0.020000000000000125,0.01999999999999972,0.9999999999999991,0.0,0.0,8.951173136040309e-16,158.5,0.0,748.0,-5.824618948905867,137.15159602584544,0.0,648.0,-5.786759545840324,123.43149369877116,0.0,583.0,-5.763539399778201
United_States,2026,2026-03-21_2026-03-28,85.0,7.0,107.00673149628994,105.46686749430523,38.0,99.0,183.625,-4.35713014708829,1.0,105.46686749430523,53.375,100.0,171.0,-4.309186847795999,jump_ar1__k1000,2.709458476488958,False,0.009346837188853107,False,notification_index_forecast,prequential,0.9400000000000005,0.01999999999999972,0.020000000000000125,0.01999999999999972,0.9999999999999991,0.0,0.0,8.951173136040309e-16,138.5,0.0,654.0,-5.835501545644386,135.21543305920568,0.0,639.0,-5.83029532386817,119.67836952294577,0.0,565.0,-5.8071420848874356
United_States,2026,2026-03-28_2026-04-04,71.0,7.0,107.21514105622482,104.57508243528162,38.0,97.0,180.625,-4.642004814261251,1.0,104.57508243528157,53.0,97.0,165.0,-4.600785576883289,jump_ar1__k1000,2.709458476488958,False,0.009346837188853107,False,notification_index_forecast,prequential,0.9400000000000005,0.01999999999999972,0.020000000000000125,0.01999999999999972,0.9999999999999991,0.0,0.0,8.951173136040309e-16,195.5,0.0,923.0,-5.813148870954581,133.57041769320998,0.0,631.0,-5.691373835779815,116.65776065979787,0.0,551.0,-5.657994987752425
United_States,2026,2026-04-04_2026-04-11,83.0,7.0,99.7219449188317,97.31181110338957,31.375,93.0,170.0,-4.250764961306072,1.0,97.3118111033896,51.0,94.0,160.0,-4.201506319352842,jump_ar1__k1000,2.709458476488958,False,0.009346837188853107,False,notification_index_forecast,prequential,0.9400000000000005,0.01999999999999972,0.020000000000000125,0.01999999999999972,0.9999999999999991,0.0,0.0,8.951173136040309e-16,168.5,0.0,796.0,-5.868321637558238,131.35324104485355,0.0,620.0,-5.805465556160553,112.58888303742059,0.0,532.0,-5.777518607732176
United_States,2026,2026-04-11_2026-04-18,68.0,7.0,99.88189119105614,97.21118095896514,41.0,93.0,181.625,-4.585184442856513,1.0,97.21118095896512,50.0,93.0,157.0,-4.543699865930966,jump_ar1__k1000,2.709458476488958,False,0.009346837188853107,False,notification_index_forecast,prequential,0.9400000000000005,0.01999999999999972,0.020000000000000125,0.01999999999999972,0.9999999999999991,0.0,0.0,8.951173136040309e-16,185.5,0.0,876.0,-5.7667156497327685,129.77428073455982,0.0,613.0,-5.652233669117095,109.89477374688775,0.0,519.0,-5.611328425217533
United_States,2026,2026-04-18_2026-04-25,78.0,7.0,94.16488208862773,92.21567054429347,36.0,89.0,164.625,-4.221912235067058,1.0,92.21567054429343,48.0,89.0,150.0,-4.17318565998459,jump_ar1__k1000,2.709458476488958,False,0.009346837188853107,False,notification_index_forecast,prequential,0.9400000000000005,0.01999999999999972,0.020000000000000125,0.01999999999999972,0.9999999999999991,0.0,0.0,8.951173136040309e-16,140.5,0.0,663.0,-5.773721390493957,127.59749273810421,0.0,603.0,-5.750712675258613,106.01009611149223,0.0,501.0,-5.715889274319099
United_States,2026,2026-04-25_2026-05-02,104.0,7.0,100.38180282823683,98.15551856221153,37.0,89.0,170.0,-4.482438154086501,1.0,98.15551856221151,48.0,89.0,157.0,-4.433755377836135,jump_ar1__k1000,2.709458476488958,False,0.009346837188853107,False,notification_index_forecast,prequential,0.9400000000000005,0.01999999999999972,0.020000000000000125,0.01999999999999972,0.9999999999999991,0.0,0.0,8.951173136040309e-16,176.5,0.0,833.0,-6.045976753660426,125.97449898207962,0.0,595.0,-5.988174966208582,103.30627000582089,0.0,488.0,-5.978316415285031
United_States,2026,2026-05-02_2026-05-09,101.0,7.0,98.11022365957851,96.19363322079452,36.0,91.0,165.625,-4.3336050747437955,1.0,96.19363322079451,50.0,92.0,153.0,-4.283491160373878,jump_ar1__k1000,2.709458476488958,False,0.009346837188853107,False,notification_index_forecast,prequential,0.9400000000000005,0.01999999999999972,0.020000000000000125,0.01999999999999972,0.9999999999999991,0.0,0.0,8.951173136040309e-16,156.5,0.0,739.0,-5.996806061900273,125.41573834921302,0.0,592.0,-5.961607760232151,102.49468325237092,0.0,484.0,-5.949176502586355
Brazil,2026,2026-01-01_2026-02-01,91.0,31.0,107.55902568976465,84.61002445915423,13.0,77.0,323.625,-5.3093781467149235,1.0,84.6100244591542,12.0,67.5,234.625,-5.313755556291818,jump_ar1__k100,2.2981477072917897,False,0.021201711925930043,False,notification_index_forecast,prequential,0.8240496754968509,0.019999999999999726,0.13595032450314973,0.019999999999999733,1.0,0.0,0.0,3.469446951953614e-17,851.5,144.0,2173.0,-8.400421694663029,137.82140578369481,22.0,353.0,-5.196772878498822,103.46488253223376,17.0,266.0,-5.028482752929059
Brazil,2026,2026-02-01_2026-03-01,71.0,28.0,117.78074975130785,107.6208946511262,26.0,98.0,309.875,-4.796794905365291,1.0,107.62089465112622,32.0,96.0,251.25,-4.734615058843701,jump_ar1__k100,2.2981477072917897,False,0.021201711925930043,False,notification_index_forecast,prequential,0.8240496754968509,0.019999999999999726,0.13595032450314973,0.019999999999999733,1.0,0.0,0.0,3.469446951953614e-17,556.5,82.0,1474.0,-7.518143294937855,119.51609600784457,17.0,318.0,-5.075293617430249,85.8767200875312,12.0,229.0,-4.8552006642078736
Brazil,2026,2026-03-01_2026-04-01,42.0,31.0,123.0040927032816,117.41282266216776,33.0,105.0,307.0,-5.626917992580636,1.0,117.41282266216777,37.0,104.0,256.0,-5.704656290892596,jump_ar1__k100,2.2981477072917897,False,0.021201711925930043,False,notification_index_forecast,prequential,0.8240496754968509,0.019999999999999726,0.13595032450314973,0.019999999999999733,1.0,0.0,0.0,3.469446951953614e-17,374.5,63.0,957.0,-7.502335570042721,125.28694762330949,20.0,321.0,-5.308630817584685,86.36465519775102,14.0,222.0,-4.759450304293532
Brazil,2026,2026-04-01_2026-05-01,9.0,30.0,95.0985447091596,91.7766504416428,24.0,85.0,220.0,-7.517016724322379,0.0,91.77665044164283,27.0,83.0,192.625,-8.221747812180752,jump_ar1__k100,2.2981477072917897,False,0.021201711925930043,False,notification_index_forecast,prequential,0.8240496754968509,0.019999999999999726,0.13595032450314973,0.019999999999999733,1.0,0.0,0.0,3.469446951953614e-17,174.5,27.0,452.0,-7.513708160953532,107.75750764198534,17.0,280.0,-6.424349893927523,66.51787814787116,10.0,174.0,-5.393433338333463
