analysis,scenario,vaccine_scenario,resistance_scenario,intervention,calendar_start_date,calendar_end_date,calendar_start_year,calendar_end_year,total_symptomatic_cases,total_infections,total_reported_cases,total_infant_cases,total_infant_infections,total_child_1_9_cases,total_adolescent_cases,total_child_adolescent_cases,total_child_adolescent_infections,total_child_adolescent_reported_cases,total_deaths,total_infant_deaths,total_child_adolescent_deaths,total_child_adolescent_hospitalizations,resistant_infections,resistant_fraction,resistant_fraction_start,resistant_fraction_end,total_population,infant_population,child_1_9_population,adolescent_population,child_adolescent_population,analysis_years,annualized_infections_per_100k,annualized_reported_cases_per_100k,annualized_infant_cases_per_100k,annualized_infant_infections_per_100k,annualized_child_1_9_cases_per_100k,annualized_adolescent_cases_per_100k,annualized_child_adolescent_cases_per_100k,annualized_child_adolescent_infections_per_100k,annualized_child_adolescent_reported_cases_per_100k,annualized_deaths_per_million,annualized_infant_deaths_per_100k,annualized_child_adolescent_deaths_per_million,annualized_child_adolescent_hospitalizations_per_100k,peak_incidence_per_100k_year,treated_cases,PEP_FOI_reduction_case_proxy,PEP_averted_cases,peak_incidence,time_to_peak,outbreak_duration,n_epidemic_peaks,mean_peak_interval_years,proportion_asymptomatic,case_to_infection_ratio,mean_infection_to_case_ratio,vaccinated_origin_infection_share,waned_origin_infection_share,maternal_origin_infection_share,dose1_origin_infection_share,dose2_origin_infection_share,dose3plus_origin_infection_share,relative_reduction_vs_baseline,routine_age_pattern,routine_first_shot_months,routine_last_shot_months,routine_dose_count,routine_scheduler_code,calibration_loaded,calibration_country,calibration_artifact_path,calibration_hash_status,calibration_overlay_mode,calibration_config_hash,calibration_calibration_config_hash,calibration_accepted,calibration_calibration_status,calibration_fit_score,calibration_data_fit_score,calibration_optimizer_success,npi_contact_reduction_country,npi_contact_reduction_iso3,npi_contact_reduction_periods_loaded,npi_contact_reduction_reduction_column,resistance_timeline_country,resistance_timeline_iso3,resistance_timeline_anchor_year,resistance_timeline_configured_anchor_year,resistance_timeline_applied,resistance_timeline_allows_future_evidence,resistance_timeline_method,resistance_timeline_evidence_years,resistance_timeline_evidence_type,resistance_timeline_source,resistance_timeline_notes,diagnostic_standard_country,diagnostic_standard_iso3,diagnostic_standard_periods_loaded,diagnostic_standard_multiplier_column,contact_reciprocity_error_before,contact_reciprocity_error_after,country,portfolio,program_layers,timeliness_applied,resistance_guided,implementation_intensity,implementation_note,observed_mean_annual_reported_incidence_per_100k,model_to_observed_reported_incidence_ratio,absolute_fit_relative_error,absolute_fit_relative_tolerance,absolute_fit_status,timeliness_definition,timeliness_grace_months,timeliness_recent_window_months,contact_matrix_directional_intervention,contact_matrix_reciprocity_correction_after_intervention,prospective_policy,policy_start_time,simulation_phase,relative_reduction_infant_cases,relative_reduction_child_1_9_cases,relative_reduction_adolescent_cases,relative_reduction_child_adolescent_cases,relative_reduction_child_adolescent_infections,relative_reduction_child_adolescent_reported_cases,relative_reduction_total_infections,relative_reduction_reported_cases,relative_reduction_resistant_infections,relative_reduction_deaths,relative_reduction_infant_deaths,relative_reduction_child_adolescent_deaths,annualized_resistant_infections_per_100k,current_infant_cases_per_100k,current_resistant_infections_per_100k,infant_case_rank_within_portfolio_set
program_portfolio_factorial,current,symptom_protective,country_timeline,current,2027-01-01,2051-01-01,2027,2051,3024521.07685526,14190896.286717148,356264.0616272877,294241.40428232553,640150.3072046002,918106.5110737528,309399.97510284564,1521747.8904589238,6150323.986384832,306611.2896129943,1032.7407504896646,1024.5566186418698,1025.9030451578226,94803.4322536335,13560258.577541472,0.9555604032025827,0.043,0.9993936267585619,29818277.98631165,299970.548258413,2899967.6132138083,2630115.637080844,5830053.798553065,24.000492823261258,1982.9287396387667,49.781651026681644,4087.0034862958837,8891.666839613901,1319.1061953598748,490.14578414760024,1087.551887490475,4395.469513713984,219.12676129548512,1.4430739774054147,14.231057938668119,7.331850434221007,67.75343822354229,19485.29784945824,274930.35838560836,115362.30257934914,115362.30257934914,15918.302134828118,3240.0,8766.0,5,5.97945205479452,0.8096539292166284,0.21313108176868634,4.691948221260903,0.7645281268911421,0.5717576827973901,0.002253536532725874,0.029813460042470083,0.0409190645038449,0.6915420658121013,0.0,M2;M4;M6;M18;Y4;Y12-Y13,2.0,156.0,6,aP,True,Australia,/home/ctm/pertussis_transmission_analysis/outputs/calibrations/Australia_calibrated_config.yaml,current,fitted_parameters_and_state_only,e07d2d9623bba63452e5939f83db5c87901a902d0a71c99df08b4ecdc3550c54,c36eefa5b9e490f39c68369d7b2ec545f1003c465b2d7a3d65a4f58b53b37bf6,True,state_reconstruction_accepted,45.30917710919712,43.437823518402524,True,Australia,AUS,1,contact_reduction_mean,Australia,AUS,2025,2025,True,False,nearest_past_year,2024,measured_national_genomic_surveillance_fraction,https://doi.org/10.1016/j.lanmic.2025.101286,Nationwide Australian tNGS study of 2024-positive respiratory specimens estimated macrolide resistance at 8/188 (4.3%).,Australia,AUS,3,relative_detection_prior_mean,1.5769242865424038e-05,1.502232944079048e-16,Australia,current,,False,False,0,Current practice.,54.978665659530755,0.9054721577814759,0.09452784221852406,0.25,calibrated_country_scenario_analysis,,,,,,,,,0.0,0.0,0.0,0.0,0.0,0.0,0.0,0.0,0.0,0.0,0.0,0.0,1894.8081859712088,4087.0034862958837,1894.8081859712088,11.0
program_portfolio_factorial,routine_timeliness,symptom_protective,country_timeline,routine_timeliness,2027-01-01,2051-01-01,2027,2051,3433087.0295809796,17596520.754443787,378218.0167331188,282925.59357319796,768134.9556651391,992187.7741874726,367989.9494475594,1643103.31720823,7463011.1073241625,319074.7793070808,1086.8110027754142,1077.8149457137495,1079.0003213593138,89987.1506406478,15722494.855116753,0.8935002023707572,0.043000000000000003,0.9995137689797613,29818277.980827164,299970.54808945325,2899967.612622217,2630115.6367556,5830053.797467271,24.000492823261258,2458.8049988579214,52.84933102281997,3929.827247690141,10669.369428733375,1425.543795160904,582.9629504422528,1174.2813152614726,5333.611348195567,228.03407892091755,1.5186276672126406,14.970814369035615,7.711322247746359,64.31137257423029,19948.003867823303,295686.38783375523,185323.90411104955,185323.90411104955,16296.304780640294,0.0,8766.0,6,4.7835616438356166,0.825344488901035,0.19510033133760238,5.125567922637692,0.8448142541540549,0.6235079733032418,0.0020625432801158585,0.03714373767043643,0.03598929073087015,0.7696186824726325,-0.2399865659587932,M2;M4;M6;M18;Y4;Y12-Y13,2.0,156.0,6,aP,True,Australia,/home/ctm/pertussis_transmission_analysis/outputs/calibrations/Australia_calibrated_config.yaml,current,fitted_parameters_and_state_only,e07d2d9623bba63452e5939f83db5c87901a902d0a71c99df08b4ecdc3550c54,c36eefa5b9e490f39c68369d7b2ec545f1003c465b2d7a3d65a4f58b53b37bf6,True,state_reconstruction_accepted,45.30917710919712,43.437823518402524,True,Australia,AUS,1,contact_reduction_mean,Australia,AUS,2025,2025,True,False,nearest_past_year,2024,measured_national_genomic_surveillance_fraction,https://doi.org/10.1016/j.lanmic.2025.101286,Nationwide Australian tNGS study of 2024-positive respiratory specimens estimated macrolide resistance at 8/188 (4.3%).,Australia,AUS,3,relative_detection_prior_mean,1.5769242865424038e-05,1.502232944079048e-16,Australia,routine_timeliness,,True,False,1,Routine timeliness improvement only.,54.978665659530755,0.9612698014554004,0.03873019854459958,0.25,calibrated_country_scenario_analysis,schedule_relative,1.0,48.0,,,,,,0.03845757444207276,-0.08068918172367567,-0.18936644815578374,-0.07974739279100196,-0.2134338164697125,-0.040649154536409826,-0.2399865659587932,-0.06162270481494314,-0.1594539121877978,-0.052356075094463606,-0.05198182911792393,-0.05175662208247256,2196.9427640697822,4087.0034862958837,1894.8081859712088,10.0
program_portfolio_factorial,timeliness_pregnancy_tdap,symptom_protective,country_timeline,timeliness_pregnancy_tdap,2027-01-01,2051-01-01,2027,2051,2696874.465675921,13795164.489393787,283134.78252514877,189473.34653830185,538187.1909384935,781467.5591355031,301143.9903200848,1272084.8959938898,5901216.694728512,236031.06914821416,551.9749902690942,544.6735178179852,545.5925495823394,54747.81180219455,13139631.263370726,0.9524809416714778,0.043,0.9993162029636439,29818277.98640022,299970.54839097767,2899967.613946487,2630115.6367223053,5830053.79905977,24.000492823261258,1927.6321651075905,39.56311751670914,2631.778588090722,7475.4024846988095,1122.7877005929986,477.06680405463055,909.124525974418,4217.439297615204,168.68499463390845,0.7712881904349165,7.565497352967538,3.899201771644972,39.12677417171837,22874.58964121689,231808.3429356713,104463.59871956854,104463.59871956854,18687.147198537976,3300.0,8766.0,5,5.979452054794521,0.8269519443124558,0.1954941869485771,5.115241612084561,0.8453133230388604,0.6226903553197395,0.002966052407424172,0.035701133863456316,0.03500686886331655,0.7716392679046634,0.027886314530659373,M2;M4;M6;M18;Y4;Y12-Y13,2.0,156.0,6,aP,True,Australia,/home/ctm/pertussis_transmission_analysis/outputs/calibrations/Australia_calibrated_config.yaml,current,fitted_parameters_and_state_only,e07d2d9623bba63452e5939f83db5c87901a902d0a71c99df08b4ecdc3550c54,c36eefa5b9e490f39c68369d7b2ec545f1003c465b2d7a3d65a4f58b53b37bf6,True,state_reconstruction_accepted,45.30917710919712,43.437823518402524,True,Australia,AUS,1,contact_reduction_mean,Australia,AUS,2025,2025,True,False,nearest_past_year,2024,measured_national_genomic_surveillance_fraction,https://doi.org/10.1016/j.lanmic.2025.101286,Nationwide Australian tNGS study of 2024-positive respiratory specimens estimated macrolide resistance at 8/188 (4.3%).,Australia,AUS,3,relative_detection_prior_mean,1.5769242865424038e-05,1.502232944079048e-16,Australia,timeliness_pregnancy_tdap,pregnancy_tdap_scaleup,True,False,2,Routine timeliness plus pregnancy Tdap scale-up.,54.978665659530755,0.7196085434614532,0.2803914565385468,0.25,calibrated_country_scenario_analysis,schedule_relative,1.0,48.0,,,True,0.0,prospective_policy,0.35606157467729593,0.14882690656277597,0.02668385729512912,0.16406330906083366,0.04050311694274589,0.23019446072539174,0.027886314530659373,0.20526706726496735,0.03101912192931311,0.4655241501728481,0.4683812413022205,0.468183126897331,1836.0328998179073,4087.0034862958837,1894.8081859712088,6.0
program_portfolio_factorial,timeliness_targeted_pep,symptom_protective,country_timeline,timeliness_targeted_pep,2027-01-01,2051-01-01,2027,2051,2708989.4972852776,13753016.751009881,292642.2049280582,210797.19692324378,552609.2446019837,777353.0788835305,300590.5073837744,1288740.7831905487,5891313.210517941,245696.26205552855,824.5325956243115,817.286108327754,818.2011663904437,68094.2770838904,13322960.59292064,0.9687300491321177,0.043,0.9995753502172936,29818277.988620393,299970.5484112719,2899967.6134930225,2630115.637140262,5830053.799044557,24.000492823261258,1921.7427581177913,40.891612961848736,2927.966172500455,7675.724337998656,1116.8761465805978,476.1899864298392,921.0280361906698,4210.361546434596,175.59244550339707,1.1521396164639541,11.352077320599044,5.847461516844722,48.66513042532141,25371.169384387696,236256.12503986203,149475.7764396672,149475.7764396672,20726.70086575472,3300.0,8766.0,5,5.979452054794521,0.8255705458500253,0.19697420183003536,5.076806966137005,0.8416387664607905,0.6206496084579181,0.001995061656926079,0.03550967094783015,0.034761329445330225,0.769372704410704,0.030856369242662107,M2;M4;M6;M18;Y4;Y12-Y13,2.0,156.0,6,aP,True,Australia,/home/ctm/pertussis_transmission_analysis/outputs/calibrations/Australia_calibrated_config.yaml,current,fitted_parameters_and_state_only,e07d2d9623bba63452e5939f83db5c87901a902d0a71c99df08b4ecdc3550c54,c36eefa5b9e490f39c68369d7b2ec545f1003c465b2d7a3d65a4f58b53b37bf6,True,state_reconstruction_accepted,45.30917710919712,43.437823518402524,True,Australia,AUS,1,contact_reduction_mean,Australia,AUS,2025,2025,True,False,nearest_past_year,2024,measured_national_genomic_surveillance_fraction,https://doi.org/10.1016/j.lanmic.2025.101286,Nationwide Australian tNGS study of 2024-positive respiratory specimens estimated macrolide resistance at 8/188 (4.3%).,Australia,AUS,3,relative_detection_prior_mean,1.5769242865424038e-05,1.502232944079048e-16,Australia,timeliness_targeted_pep,targeted_pep_high_risk,True,False,2,Routine timeliness plus targeted high-risk PEP.,54.978665659530755,0.7437723791821423,0.25622762081785766,0.25,calibrated_country_scenario_analysis,schedule_relative,1.0,48.0,,,True,0.0,prospective_policy,0.2835909771522731,0.15330839122969186,0.028472748635945955,0.15311807476736872,0.042113354750135334,0.19867183505980124,0.030856369242662107,0.17858061913016843,0.0174995177485332,0.201607378005209,0.2023026414966399,0.20245761014914077,1861.6499564907397,4087.0034862958837,1894.8081859712088,8.0
program_portfolio_factorial,infant_exposure,symptom_protective,country_timeline,infant_exposure,2027-01-01,2051-01-01,2027,2051,2991745.6078521954,14173761.144907761,338946.4207970962,257666.3406534558,591219.3943524992,916744.9019857185,312417.3662168133,1486828.6088559874,6121291.302598199,289234.2118114751,681.8273245913248,673.6541363642904,674.9868002310662,76034.59865165633,13539504.694542013,0.9552513659655102,0.043,0.9992688299723317,29818277.987040214,299970.5483083681,2899967.613511375,2630115.6368774218,5830053.798697165,24.000492823261258,1980.5344042034399,47.36181460285459,3578.9770475876553,8212.018058354375,1317.149878651404,494.925880025073,1062.596025290726,4374.720643014983,206.70783573733206,0.9527340416373954,9.357033929794135,4.823947338497218,54.339862597876085,21755.00843843123,265755.0871434362,114065.58831024393,114065.58831024393,17772.517513083505,3240.0,8766.0,5,5.979452054794521,0.8117694231727863,0.21107633868424872,4.737622446142153,0.7666338801934607,0.5728598001288459,0.0031732437444449207,0.029460412725227602,0.04044014983611191,0.693560073887676,0.001207474247093554,M2;M4;M6;M18;Y4;Y12-Y13,2.0,156.0,6,aP,True,Australia,/home/ctm/pertussis_transmission_analysis/outputs/calibrations/Australia_calibrated_config.yaml,current,fitted_parameters_and_state_only,e07d2d9623bba63452e5939f83db5c87901a902d0a71c99df08b4ecdc3550c54,c36eefa5b9e490f39c68369d7b2ec545f1003c465b2d7a3d65a4f58b53b37bf6,True,state_reconstruction_accepted,45.30917710919712,43.437823518402524,True,Australia,AUS,1,contact_reduction_mean,Australia,AUS,2025,2025,True,False,nearest_past_year,2024,measured_national_genomic_surveillance_fraction,https://doi.org/10.1016/j.lanmic.2025.101286,Nationwide Australian tNGS study of 2024-positive respiratory specimens estimated macrolide resistance at 8/188 (4.3%).,Australia,AUS,3,relative_detection_prior_mean,,,Australia,infant_exposure,maternal_immunization,False,False,3,Infant-exposure reduction composite without routine timeliness changes.,54.978665659530755,0.861458058952441,0.13854194104755901,0.25,calibrated_country_scenario_analysis,,,,True,False,True,0.0,prospective_policy,0.12430291283471395,0.0014830622281959416,-0.00975239611110057,0.02294682438653195,0.004720512911336683,0.05667461828771081,0.001207474247093554,0.048609002971253035,0.0015304931843000968,0.3397884955463968,0.34249203596256905,0.3420559541011716,1891.9081949570239,4087.0034862958837,1894.8081859712088,9.0
program_portfolio_factorial,routine_timeliness_resistance_guided,symptom_protective,country_timeline,routine_timeliness_resistance_guided,2027-01-01,2051-01-01,2027,2051,2517615.372149967,12996689.4346877,256261.93874201208,170079.5403380227,444947.20175785024,686702.4538457667,308210.5929538923,1164992.5871376817,5442992.550992361,211591.91377520625,655.1815730738318,648.6749319571564,649.4382971061486,54740.74801866845,10589016.855691645,0.8147472407419336,0.043,0.9989820551423049,29818277.99080986,299970.5483657445,2899967.6137560084,2630115.6369703934,5830053.799092147,24.000492823261258,1816.0592872795826,35.808109147134154,2362.3992542987503,6180.302084224702,986.6322154801176,488.26158671186334,832.5885614040506,3889.9589472049724,151.21899404327178,0.9155012794716133,9.010073595520483,4.641359125183873,39.12172587726384,16790.5613302644,417225.6529119408,397246.8589603674,397246.8589603674,13716.866448426468,0.0,8766.0,6,4.7835616438356166,0.8272670936316163,0.19371205142676884,5.162301429542401,0.8267011783302685,0.615879678434268,0.0016398962955208568,0.03209986820503169,0.031445565654939105,0.7615158481747768,0.08415302514381984,M2;M4;M6;M18;Y4;Y12-Y13,2.0,156.0,6,aP,True,Australia,/home/ctm/pertussis_transmission_analysis/outputs/calibrations/Australia_calibrated_config.yaml,current,fitted_parameters_and_state_only,e07d2d9623bba63452e5939f83db5c87901a902d0a71c99df08b4ecdc3550c54,c36eefa5b9e490f39c68369d7b2ec545f1003c465b2d7a3d65a4f58b53b37bf6,True,state_reconstruction_accepted,45.30917710919712,43.437823518402524,True,Australia,AUS,1,contact_reduction_mean,Australia,AUS,2025,2025,True,False,nearest_past_year,2024,measured_national_genomic_surveillance_fraction,https://doi.org/10.1016/j.lanmic.2025.101286,Nationwide Australian tNGS study of 2024-positive respiratory specimens estimated macrolide resistance at 8/188 (4.3%).,Australia,AUS,3,relative_detection_prior_mean,1.5769242865424038e-05,1.502232944079048e-16,Australia,routine_timeliness_resistance_guided,resistance_guided_treatment,True,True,3,Routine timeliness plus resistance-guided management.,54.978665659530755,0.6513091708861196,0.3486908291138804,0.25,calibrated_country_scenario_analysis,schedule_relative,1.0,48.0,,,True,0.0,prospective_policy,0.42197278199899135,0.2520448928712554,0.003844157222565925,0.23443784976344073,0.11500718286683975,0.3099017520122034,0.08415302514381984,0.2806966339195187,0.21911394288367014,0.365589502725458,0.36687253768656924,0.36695938259327365,1479.6292933348027,4087.0034862958837,1894.8081859712088,3.0
program_portfolio_factorial,timeliness_infant_exposure,symptom_protective,country_timeline,timeliness_infant_exposure,2027-01-01,2051-01-01,2027,2051,2691977.8291973593,13784534.557224412,281088.868014258,184698.25645439164,524062.41230156505,781662.9603450212,301564.04132294084,1267925.2581223536,5891849.512058139,234012.5928584062,537.7353844252299,530.4384425041158,531.3561298250244,53478.76237383204,13129484.00250591,0.9524793128125466,0.043,0.9993229406771462,29818277.98558989,299970.54840577237,2899967.6127883294,2630115.6373000285,5830053.798494129,24.000492823261258,1926.14681866926,39.27723686580709,2565.4527428327306,7279.209770919415,1123.068447276167,477.7322410691905,906.1517458492407,4210.7448269772385,167.24244446661984,0.7513908400002614,7.367772621947504,3.7974579465486,38.21981901572644,22567.439744743526,230542.26927368436,104208.9312130369,104208.9312130369,18436.224431008555,3300.0,8766.0,5,5.979452054794521,0.8271647608692023,0.1952897152981133,5.120597356975415,0.8454404475040447,0.6229699333104842,0.002879764214460331,0.03557680028324138,0.034885321369344954,0.772098561636998,0.02863538153492784,M2;M4;M6;M18;Y4;Y12-Y13,2.0,156.0,6,aP,True,Australia,/home/ctm/pertussis_transmission_analysis/outputs/calibrations/Australia_calibrated_config.yaml,current,fitted_parameters_and_state_only,e07d2d9623bba63452e5939f83db5c87901a902d0a71c99df08b4ecdc3550c54,c36eefa5b9e490f39c68369d7b2ec545f1003c465b2d7a3d65a4f58b53b37bf6,True,state_reconstruction_accepted,45.30917710919712,43.437823518402524,True,Australia,AUS,1,contact_reduction_mean,Australia,AUS,2025,2025,True,False,nearest_past_year,2024,measured_national_genomic_surveillance_fraction,https://doi.org/10.1016/j.lanmic.2025.101286,Nationwide Australian tNGS study of 2024-positive respiratory specimens estimated macrolide resistance at 8/188 (4.3%).,Australia,AUS,3,relative_detection_prior_mean,,,Australia,timeliness_infant_exposure,maternal_immunization,True,False,4,Routine timeliness plus infant-exposure reduction composite.,54.978665659530755,0.7144086964394749,0.2855913035605251,0.25,calibrated_country_scenario_analysis,schedule_relative,1.0,48.0,True,False,True,0.0,prospective_policy,0.3722900524320055,0.14861407590842246,0.02532622627813752,0.1667967696410101,0.04202615584136493,0.23677763739953084,0.02863538153492784,0.2110097585191617,0.03176743070601973,0.4793123209573481,0.48227512969731867,0.48206009102616343,1834.6149982221696,4087.0034862958837,1894.8081859712088,5.0
program_portfolio_factorial,infant_exposure_resistance_guided,symptom_protective,country_timeline,infant_exposure_resistance_guided,2027-01-01,2051-01-01,2027,2051,2731707.9940837203,13205562.157339398,291851.98733393074,205003.6589443661,460696.061645629,800640.9906097932,319974.5222599358,1325619.1718140952,5585340.073346823,245414.4258618448,531.7926499925677,524.6948279345398,525.7829201816079,60535.61536306858,10723688.502339836,0.8120584625304887,0.043,0.9990451641555598,29818277.990046714,299970.5482616691,2899967.6129035335,2630115.6372730373,5830053.79843824,24.000492823261258,1845.245585094191,40.7811939175639,2847.4941208342707,6399.053235354378,1150.3354767087617,506.89778839431796,947.3840190398404,3991.690855791021,175.39102484854186,0.7430869113276976,7.2879940068836095,3.7576277309152513,43.26316018742421,16746.079628309348,464119.5738130383,437404.13954642677,437404.13954642677,13680.527605490033,0.0,8766.0,5,5.97945205479452,0.8143650104971134,0.20686040938934883,4.834177805951349,0.7553278991091625,0.571018537992462,0.002471784048855077,0.026374217025496645,0.03610722008835761,0.6903746779464532,0.0694342421697518,M2;M4;M6;M18;Y4;Y12-Y13,2.0,156.0,6,aP,True,Australia,/home/ctm/pertussis_transmission_analysis/outputs/calibrations/Australia_calibrated_config.yaml,current,fitted_parameters_and_state_only,e07d2d9623bba63452e5939f83db5c87901a902d0a71c99df08b4ecdc3550c54,c36eefa5b9e490f39c68369d7b2ec545f1003c465b2d7a3d65a4f58b53b37bf6,True,state_reconstruction_accepted,45.30917710919712,43.437823518402524,True,Australia,AUS,1,contact_reduction_mean,Australia,AUS,2025,2025,True,False,nearest_past_year,2024,measured_national_genomic_surveillance_fraction,https://doi.org/10.1016/j.lanmic.2025.101286,Nationwide Australian tNGS study of 2024-positive respiratory specimens estimated macrolide resistance at 8/188 (4.3%).,Australia,AUS,3,relative_detection_prior_mean,,,Australia,infant_exposure_resistance_guided,maternal_immunization;resistance_guided_treatment,False,True,5,Infant-exposure reduction plus resistance-guided management.,54.978665659530755,0.7417639811433715,0.2582360188566285,0.25,calibrated_country_scenario_analysis,,,,True,False,True,0.0,prospective_policy,0.30328072133701334,0.12794323866256008,-0.03417759537173559,0.12888384460692803,0.09186246355293337,0.1995910321123282,0.0694342421697518,0.1807986862305041,0.20918259488376012,0.4850666542010441,0.4878810810572245,0.48749258259514905,1498.447292822761,4087.0034862958837,1894.8081859712088,7.0
program_portfolio_factorial,timeliness_infant_exposure_targeted_pep,symptom_protective,country_timeline,timeliness_infant_exposure_targeted_pep,2027-01-01,2051-01-01,2027,2051,2671712.930166387,13688716.741772778,277385.64296550996,179982.54637035396,509969.1790248045,774234.9107436135,301975.906661596,1256193.3637755634,5846616.041750563,230599.78755623288,522.1180115328139,514.9143503201348,515.8178490898832,52087.72060976116,13259824.991976997,0.9686682281556045,0.043,0.9996114299543982,29818277.988528486,299970.54839332367,2899967.613616585,2630115.6369428914,5830053.798952799,24.000492823261258,1912.75796014551,38.75977614419151,2499.9516840648917,7083.455221823924,1112.3960618572607,478.38471067392345,897.7672795205553,4178.41769393508,164.80340519404712,0.7295683017876508,7.152143489420224,3.6864100739534345,37.22567924392159,24227.811840169947,227753.1592538159,146980.6996715368,146980.6996715368,19792.647356272584,3300.0,8766.0,5,5.979452054794521,0.8273828928651454,0.19517628865920872,5.123573190522487,0.844076294613355,0.6222413565529261,0.002804681999298603,0.03530878073456444,0.03456000880713116,0.7714028230723606,0.035387443808916896,M2;M4;M6;M18;Y4;Y12-Y13,2.0,156.0,6,aP,True,Australia,/home/ctm/pertussis_transmission_analysis/outputs/calibrations/Australia_calibrated_config.yaml,current,fitted_parameters_and_state_only,e07d2d9623bba63452e5939f83db5c87901a902d0a71c99df08b4ecdc3550c54,c36eefa5b9e490f39c68369d7b2ec545f1003c465b2d7a3d65a4f58b53b37bf6,True,state_reconstruction_accepted,45.30917710919712,43.437823518402524,True,Australia,AUS,1,contact_reduction_mean,Australia,AUS,2025,2025,True,False,nearest_past_year,2024,measured_national_genomic_surveillance_fraction,https://doi.org/10.1016/j.lanmic.2025.101286,Nationwide Australian tNGS study of 2024-positive respiratory specimens estimated macrolide resistance at 8/188 (4.3%).,Australia,AUS,3,relative_detection_prior_mean,,,Australia,timeliness_infant_exposure_targeted_pep,maternal_immunization;targeted_pep_high_risk,True,False,5,Routine timeliness plus infant-exposure reduction and targeted high-risk PEP.,54.978665659530755,0.7049966687846009,0.2950033312153991,0.25,calibrated_country_scenario_analysis,schedule_relative,1.0,48.0,True,False,True,0.0,prospective_policy,0.3883167231024355,0.1567046944933188,0.023995051837938486,0.17450625583142765,0.04938080421561486,0.24790836029783303,0.035387443808916896,0.22140436591187207,0.022155446729301254,0.49443457974786376,0.4974271397488075,0.4972060454206655,1852.8278641446798,4087.0034862958837,1894.8081859712088,4.0
program_portfolio_factorial,timeliness_infant_exposure_resistance_guided,symptom_protective,country_timeline,timeliness_infant_exposure_resistance_guided,2027-01-01,2051-01-01,2027,2051,2492927.035619196,12968515.627707738,244629.93874088227,145632.65757212925,409703.64686843334,685938.866244829,309619.31247895956,1141190.8362959176,5416097.069524491,199995.19528738767,421.135205546115,414.6404538016176,415.39772374045936,42277.264617661276,10582257.109090928,0.8159960178080461,0.043,0.9989939940533411,29818277.990600068,299970.5483417704,2899967.6138414703,2630115.636852226,5830053.799035467,24.000492823261258,1812.1224921506846,34.18274126135688,2022.8328521683225,5690.770259604479,985.535117104902,490.4932544515776,815.5780965291673,3870.7374771055092,142.93113430256366,0.588462550468089,5.759342346495852,2.9687347116318996,30.21441279291093,16746.07962799858,405482.315949715,391736.829989109,391736.829989109,13680.527605490033,0.0,8766.0,6,4.7835616438356166,0.8287829727070914,0.192229173113148,5.20212402626,0.8285986273303182,0.6170254250418199,0.0022876809107302333,0.031919695227756596,0.03126987378793919,0.7631213774038922,0.08613836887480975,M2;M4;M6;M18;Y4;Y12-Y13,2.0,156.0,6,aP,True,Australia,/home/ctm/pertussis_transmission_analysis/outputs/calibrations/Australia_calibrated_config.yaml,current,fitted_parameters_and_state_only,e07d2d9623bba63452e5939f83db5c87901a902d0a71c99df08b4ecdc3550c54,c36eefa5b9e490f39c68369d7b2ec545f1003c465b2d7a3d65a4f58b53b37bf6,True,state_reconstruction_accepted,45.30917710919712,43.437823518402524,True,Australia,AUS,1,contact_reduction_mean,Australia,AUS,2025,2025,True,False,nearest_past_year,2024,measured_national_genomic_surveillance_fraction,https://doi.org/10.1016/j.lanmic.2025.101286,Nationwide Australian tNGS study of 2024-positive respiratory specimens estimated macrolide resistance at 8/188 (4.3%).,Australia,AUS,3,relative_detection_prior_mean,,,Australia,timeliness_infant_exposure_resistance_guided,maternal_immunization;resistance_guided_treatment,True,True,6,Routine timeliness plus infant-exposure reduction and resistance-guided management.,54.978665659530755,0.6217455598693886,0.3782544401306114,0.25,calibrated_country_scenario_analysis,schedule_relative,1.0,48.0,True,False,True,0.0,prospective_policy,0.5050572235836862,0.2528765911456142,-0.0007089120677563621,0.25007891027746976,0.11938020151226547,0.34772396822105855,0.08613836887480975,0.3133465732594537,0.21961243975868117,0.5922159502794505,0.59529766705206,0.5950906611486317,1478.6847373753508,4087.0034862958837,1894.8081859712088,2.0
program_portfolio_factorial,timeliness_infant_exposure_targeted_pep_resistance_guided,symptom_protective,country_timeline,timeliness_infant_exposure_targeted_pep_resistance_guided,2027-01-01,2051-01-01,2027,2051,2408676.8804965224,12617616.051134806,229497.92413335544,129452.55603905789,360879.99581028044,645196.552868705,312785.94381404726,1087435.05272181,5223123.855675747,185904.15849735355,374.78709146872933,368.6172177277129,369.31311489969426,37772.804719593725,11925203.792587126,0.9451233691260239,0.043,0.9995865663196503,29818277.990027785,299970.54823591263,2899967.612952886,2630115.6373603125,5830053.79854911,24.000492823261258,1763.0904338173032,32.0683077516895,1798.09177152234,5012.611344481293,926.9978590993247,495.5097738253925,777.1602980537425,3732.824762535046,132.86065302531128,0.5236991940544089,5.120081103981291,2.6393805288160723,26.99519764488874,14789.619852821961,384084.953841539,545786.5268537119,545786.5268537119,12082.219072281618,3990.0,8766.0,4,7.3424657534246585,0.8296008921104184,0.1908979375133142,5.23840127885224,0.8200986524947251,0.6124114510431904,0.0020637443108791702,0.03019906458712514,0.02953324198022011,0.7583026016165008,0.11086545936178471,M2;M4;M6;M18;Y4;Y12-Y13,2.0,156.0,6,aP,True,Australia,/home/ctm/pertussis_transmission_analysis/outputs/calibrations/Australia_calibrated_config.yaml,current,fitted_parameters_and_state_only,e07d2d9623bba63452e5939f83db5c87901a902d0a71c99df08b4ecdc3550c54,c36eefa5b9e490f39c68369d7b2ec545f1003c465b2d7a3d65a4f58b53b37bf6,True,state_reconstruction_accepted,45.30917710919712,43.437823518402524,True,Australia,AUS,1,contact_reduction_mean,Australia,AUS,2025,2025,True,False,nearest_past_year,2024,measured_national_genomic_surveillance_fraction,https://doi.org/10.1016/j.lanmic.2025.101286,Nationwide Australian tNGS study of 2024-positive respiratory specimens estimated macrolide resistance at 8/188 (4.3%).,Australia,AUS,3,relative_detection_prior_mean,,,Australia,timeliness_infant_exposure_targeted_pep_resistance_guided,maternal_immunization;targeted_pep_high_risk;resistance_guided_treatment,True,True,7,"Routine timeliness plus infant-exposure reduction, targeted PEP, and resistance-guided management.",54.978665659530755,0.5832863960409768,0.41671360395902324,0.25,calibrated_country_scenario_analysis,schedule_relative,1.0,48.0,True,False,True,0.0,prospective_policy,0.5600464307366894,0.29725304734618585,-0.010943661873521915,0.285403936131717,0.15075630694605002,0.3936813000851914,0.11086545936178471,0.3558207272294308,0.12057696223791148,0.6370947003969512,0.6402178161551053,0.640011678839612,1666.3379708832729,4087.0034862958837,1894.8081859712088,1.0
program_portfolio_factorial,current,symptom_protective,country_timeline,current,2027-01-01,2051-01-01,2027,2051,14001576.197701992,71866085.52897567,1382490.2362666745,407087.6858538259,875214.694096077,2168751.0427511614,2251958.2645911123,4827796.993196099,23262481.518719845,955891.4039329122,1309.8292813355176,1282.1755899776085,1284.5494494957813,132297.8590028898,48594000.862282634,0.6761743109368331,0.01,0.9578618194146511,217568540.58671862,2110200.3676542034,20900236.33547189,20131710.928603377,43142147.63172946,24.000492823261258,1376.2829567320218,26.475600222515283,803.792799733625,1728.107466232959,432.35286814173696,466.078953567057,466.2588409094618,2246.6432795086516,92.3180528636976,0.25084094992258865,2.531649919738118,1.240591802548609,12.777058869796026,15758.83528305752,803877.9091543364,1682583.6132599397,1682583.6132599397,93934.98065428257,360.0,7800.0,2,17.095890410958905,0.8096832550164214,0.19482870250469814,5.13271395407402,0.4164784362506787,0.3032086382690421,0.0005270404785088884,0.010645497159296871,0.014490211018958149,0.39081568759391483,0.0,M2;M4;M6;M15;Y4,2.0,48.0,5,wP,True,Brazil,/home/ctm/pertussis_transmission_analysis/outputs/calibrations/Brazil_calibrated_config.yaml,current,fitted_parameters_and_state_only,e07d2d9623bba63452e5939f83db5c87901a902d0a71c99df08b4ecdc3550c54,c36eefa5b9e490f39c68369d7b2ec545f1003c465b2d7a3d65a4f58b53b37bf6,True,state_reconstruction_accepted,35.765464842101466,33.059282137577966,True,Brazil,BRA,1,contact_reduction_mean,Brazil,BRA,2025,2025,True,False,exact_year,2025,low_detected_model_anchor,https://www.paho.org/en/news/26-8-2025-paho-calls-strengthened-vaccination-and-surveillance-amid-spread-antibiotic,"PAHO reported antibiotic-resistant pertussis cases detected in Brazil since 2024, but no public national resistant fraction or denominator was located, so keep a conservative low detected anchor pending numeric reporting.",Brazil,BRA,3,relative_detection_prior_mean,2.8141735141323725e-05,1.480345728618647e-16,Brazil,current,,False,False,0,Current practice.,0.8601273820862417,30.781022408911838,29.781022408911838,0.25,calibrated_country_scenario_analysis,,,,,,,,,0.0,0.0,0.0,0.0,0.0,0.0,0.0,0.0,0.0,0.0,0.0,0.0,930.6071799223823,803.792799733625,930.6071799223823,11.0
program_portfolio_factorial,routine_timeliness,symptom_protective,country_timeline,routine_timeliness,2027-01-01,2051-01-01,2027,2051,12903756.592218291,69208273.2162115,1177274.8197870506,288528.3195374981,784917.9107783481,1722344.4063138147,2007088.4124959721,4017961.138347285,21622822.313720223,764321.9114386537,1065.0133418710084,1038.779889100205,1040.4396594487075,93991.11011554908,50275925.662334986,0.7264438675600166,0.009999999999999998,0.9813712067919814,217568540.56226566,2110200.367109259,20900236.335112315,20131710.936050013,43142147.63827159,24.000492823261258,1325.384097407485,22.545589593738367,569.6978657975167,1549.8168752151046,343.3591635607146,415.399202274522,388.04653665868943,2088.288319054451,73.81665984657009,0.20395708218768138,2.051066206611503,1.0048355186866935,9.07747076221021,13139.798036930784,704503.8682238717,1352401.7791313594,1352401.7791313594,78323.47074460148,360.0,8490.0,3,10.027397260273974,0.8174229823738621,0.18644818014612285,5.363420545141721,0.45062545114610236,0.324598909424305,0.0005016429100103252,0.013294176314500928,0.012797682227128815,0.4240319496944623,0.03698284515152239,M2;M4;M6;M15;Y4,2.0,48.0,5,wP,True,Brazil,/home/ctm/pertussis_transmission_analysis/outputs/calibrations/Brazil_calibrated_config.yaml,current,fitted_parameters_and_state_only,e07d2d9623bba63452e5939f83db5c87901a902d0a71c99df08b4ecdc3550c54,c36eefa5b9e490f39c68369d7b2ec545f1003c465b2d7a3d65a4f58b53b37bf6,True,state_reconstruction_accepted,35.765464842101466,33.059282137577966,True,Brazil,BRA,1,contact_reduction_mean,Brazil,BRA,2025,2025,True,False,exact_year,2025,low_detected_model_anchor,https://www.paho.org/en/news/26-8-2025-paho-calls-strengthened-vaccination-and-surveillance-amid-spread-antibiotic,"PAHO reported antibiotic-resistant pertussis cases detected in Brazil since 2024, but no public national resistant fraction or denominator was located, so keep a conservative low detected anchor pending numeric reporting.",Brazil,BRA,3,relative_detection_prior_mean,2.8141735141323725e-05,1.480345728618647e-16,Brazil,routine_timeliness,,True,False,1,Routine timeliness improvement only.,0.8601273820862417,26.211919377632142,25.211919377632142,0.25,calibrated_country_scenario_analysis,schedule_relative,1.0,48.0,,,,,,0.2912379087755045,0.205835814087291,0.10873640775025695,0.16774438858761676,0.07048513735218453,0.20040926375743773,0.03698284515152239,0.14843896260258216,-0.03461177873519006,0.18690675414958813,0.18983024070958487,0.19003533896098213,962.817149723235,803.792799733625,930.6071799223823,9.0
program_portfolio_factorial,timeliness_pregnancy_tdap,symptom_protective,country_timeline,timeliness_pregnancy_tdap,2027-01-01,2051-01-01,2027,2051,11769151.959006753,63030387.9854116,1064474.8019080355,241841.966493303,692832.7713985805,1591057.6341152468,1863986.277334805,3696885.8779433547,19925436.740379274,689245.932177033,659.0395100055863,635.4627989050689,636.9860220614548,71422.8663417301,43886813.44520998,0.6962802363737249,0.009999999999999998,0.9827930402503668,217568540.57143527,2110200.3670215006,20900236.334361,20131710.93729037,43142147.63867287,24.000492823261258,1207.0735188665135,20.385394822276165,477.51587226547144,1367.9951828280332,317.1863980535384,385.7819156281845,357.03773927865194,1924.3582633615215,66.56597405392388,0.12621041466516542,1.2547184308469255,0.6151881793966704,6.897875556180035,11396.460580895518,643020.0068533684,1327433.3237653724,1327433.3237653724,67931.81633603643,360.0,8766.0,4,6.328767123287672,0.8179277809232138,0.18672187075432134,5.355559024554475,0.45365307094531204,0.32543441194609457,0.0007241012314780506,0.012323843400122023,0.013396741571883846,0.4272083847418282,0.12294669284584314,M2;M4;M6;M15;Y4,2.0,48.0,5,wP,True,Brazil,/home/ctm/pertussis_transmission_analysis/outputs/calibrations/Brazil_calibrated_config.yaml,current,fitted_parameters_and_state_only,e07d2d9623bba63452e5939f83db5c87901a902d0a71c99df08b4ecdc3550c54,c36eefa5b9e490f39c68369d7b2ec545f1003c465b2d7a3d65a4f58b53b37bf6,True,state_reconstruction_accepted,35.765464842101466,33.059282137577966,True,Brazil,BRA,1,contact_reduction_mean,Brazil,BRA,2025,2025,True,False,exact_year,2025,low_detected_model_anchor,https://www.paho.org/en/news/26-8-2025-paho-calls-strengthened-vaccination-and-surveillance-amid-spread-antibiotic,"PAHO reported antibiotic-resistant pertussis cases detected in Brazil since 2024, but no public national resistant fraction or denominator was located, so keep a conservative low detected anchor pending numeric reporting.",Brazil,BRA,3,relative_detection_prior_mean,2.8141735141323725e-05,1.480345728618647e-16,Brazil,timeliness_pregnancy_tdap,pregnancy_tdap_scaleup,True,False,2,Routine timeliness plus pregnancy Tdap scale-up.,0.8601273820862417,23.700436989729734,22.700436989729734,0.25,calibrated_country_scenario_analysis,schedule_relative,1.0,48.0,,,True,0.0,prospective_policy,0.4059216849410132,0.26637147245037573,0.17228205040769318,0.23424993156227525,0.1434517970774174,0.2789495445390502,0.12294669284584314,0.23003087183994808,0.09686766535914881,0.49685083438230837,0.504387071574053,0.5041171655077286,840.4614350368398,803.792799733625,930.6071799223823,7.0
program_portfolio_factorial,timeliness_targeted_pep,symptom_protective,country_timeline,timeliness_targeted_pep,2027-01-01,2051-01-01,2027,2051,12388698.655140525,66138495.179289155,1131786.618083296,279761.1672020928,750366.4785713183,1651252.586353508,1949052.2905066053,3880066.044062206,20767318.426018827,736396.0581165882,1025.6144353046157,1000.1782132765593,1001.7645947294958,91049.94318894098,59494602.03229349,0.8995457467094571,0.009999999999999998,0.9940954826318852,217568540.56767514,2110200.367121268,20900236.33638949,20131710.930733558,43142147.63424431,24.000492823261258,1266.5958224540493,21.674460516340805,552.3871630439174,1481.5952281248713,329.18660447047483,403.38769425445525,374.72890819576014,2005.66548908232,71.11963758451596,0.19641193161167972,1.97484737176218,0.9674839257610683,8.79341882715923,10900.30649824104,678763.6181973042,1148433.8480097665,1148433.8480097665,64974.350042812286,750.0,8766.0,3,9.986301369863014,0.8173147853418318,0.18731449243828527,5.338615218624748,0.4503355641905907,0.32378114916069867,0.0005004171100064025,0.012270397889791037,0.013197588135644717,0.42436716105514843,0.07969809831060304,M2;M4;M6;M15;Y4,2.0,48.0,5,wP,True,Brazil,/home/ctm/pertussis_transmission_analysis/outputs/calibrations/Brazil_calibrated_config.yaml,current,fitted_parameters_and_state_only,e07d2d9623bba63452e5939f83db5c87901a902d0a71c99df08b4ecdc3550c54,c36eefa5b9e490f39c68369d7b2ec545f1003c465b2d7a3d65a4f58b53b37bf6,True,state_reconstruction_accepted,35.765464842101466,33.059282137577966,True,Brazil,BRA,1,contact_reduction_mean,Brazil,BRA,2025,2025,True,False,exact_year,2025,low_detected_model_anchor,https://www.paho.org/en/news/26-8-2025-paho-calls-strengthened-vaccination-and-surveillance-amid-spread-antibiotic,"PAHO reported antibiotic-resistant pertussis cases detected in Brazil since 2024, but no public national resistant fraction or denominator was located, so keep a conservative low detected anchor pending numeric reporting.",Brazil,BRA,3,relative_detection_prior_mean,2.8141735141323725e-05,1.480345728618647e-16,Brazil,timeliness_targeted_pep,targeted_pep_high_risk,True,False,2,Routine timeliness plus targeted high-risk PEP.,0.8601273820862417,25.199128603218433,24.199128603218433,0.25,calibrated_country_scenario_analysis,schedule_relative,1.0,48.0,,,True,0.0,prospective_policy,0.3127741837355713,0.23861588822162938,0.13450780986809519,0.196307125272572,0.10726126061370989,0.22962372599359515,0.07969809831060304,0.18134205335177433,-0.22431989508563177,0.21698617528317365,0.2199366287311506,0.22014322210584103,1139.3608848885067,803.792799733625,930.6071799223823,8.0
program_portfolio_factorial,infant_exposure,symptom_protective,country_timeline,infant_exposure,2027-01-01,2051-01-01,2027,2051,11710400.485935526,62431466.614439,1149249.705705435,303667.3083457833,681282.6399762554,1895034.965451778,2042003.3838015257,4240705.657599087,20518154.935779892,807507.4598102672,747.5151458085647,723.4461278623651,725.482960812652,92391.61755564886,42325596.1591881,0.6779529371075056,0.009999999999999998,0.9619879287993421,217568540.58319047,2110200.367235424,20900236.33509823,20131710.931129035,43142147.63346269,24.000492823261258,1195.6037793652554,22.008890165300702,599.5897308937899,1345.189500283085,377.78600973823694,422.6254167974154,409.558750555897,1981.6017846350546,77.9874325188842,0.143154082696944,1.4284411169714017,0.7006567278433659,8.92299501620048,12407.615239385626,677514.6778228679,1398115.3527648617,1398115.3527648617,73959.0887602982,360.0,8100.0,3,9.493150684931507,0.8170032162658996,0.18757208697748537,5.3312836473373135,0.5184548819709256,0.3957843491530157,0.0007000332810407981,0.010533919790478278,0.014333745598463059,0.4928871833009435,0.13128054554651825,M2;M4;M6;M15;Y4,2.0,48.0,5,wP,True,Brazil,/home/ctm/pertussis_transmission_analysis/outputs/calibrations/Brazil_calibrated_config.yaml,current,fitted_parameters_and_state_only,e07d2d9623bba63452e5939f83db5c87901a902d0a71c99df08b4ecdc3550c54,c36eefa5b9e490f39c68369d7b2ec545f1003c465b2d7a3d65a4f58b53b37bf6,True,state_reconstruction_accepted,35.765464842101466,33.059282137577966,True,Brazil,BRA,1,contact_reduction_mean,Brazil,BRA,2025,2025,True,False,exact_year,2025,low_detected_model_anchor,https://www.paho.org/en/news/26-8-2025-paho-calls-strengthened-vaccination-and-surveillance-amid-spread-antibiotic,"PAHO reported antibiotic-resistant pertussis cases detected in Brazil since 2024, but no public national resistant fraction or denominator was located, so keep a conservative low detected anchor pending numeric reporting.",Brazil,BRA,3,relative_detection_prior_mean,,,Brazil,infant_exposure,maternal_immunization,False,False,3,Infant-exposure reduction composite without routine timeliness changes.,0.8601273820862417,25.587942697415432,24.587942697415432,0.25,calibrated_country_scenario_analysis,,,,True,False,True,0.0,prospective_policy,0.2540493881339806,0.1262090815883422,0.09323213671000607,0.12160646697125221,0.1179722198051627,0.1552309640113252,0.13128054554651825,0.16871043602527747,0.12899544370040827,0.4293033783407336,0.43576672842835895,0.43522379687491,810.563093837509,803.792799733625,930.6071799223823,10.0
program_portfolio_factorial,routine_timeliness_resistance_guided,symptom_protective,country_timeline,routine_timeliness_resistance_guided,2027-01-01,2051-01-01,2027,2051,7503234.60992796,39620995.94484843,674024.1525995041,158240.12029020966,414559.1192809709,952805.7907807988,1266764.6934342475,2377810.604505256,12428821.815844174,435197.8702876295,571.2881926007586,556.3804171107322,557.2922400915342,51682.80654366571,19093577.771468803,0.4819055482110205,0.009999999999999998,0.9968541104410372,217568540.59498617,2110200.3688258748,20900236.347153284,20131710.95235682,43142147.66833598,24.000492823261258,758.7682151351562,12.90800725801564,312.44440366909566,818.5451108845136,189.9472590792697,262.1773108846226,229.64412484215921,1200.3503993593038,42.03052752225762,0.10940545836628014,1.0985706236731216,0.5382215409194671,4.991420618454264,8504.699997370131,836145.444017951,1572177.2051135157,1572177.2051135157,50694.66209934253,360.0,8766.0,5,5.7534246575342465,0.8154511081193956,0.18937521460521334,5.2805220687653325,0.4273572185849193,0.30635221040562005,0.0004561129816527974,0.011421220160358285,0.012708675137390272,0.402771210305518,0.44868298233839865,M2;M4;M6;M15;Y4,2.0,48.0,5,wP,True,Brazil,/home/ctm/pertussis_transmission_analysis/outputs/calibrations/Brazil_calibrated_config.yaml,current,fitted_parameters_and_state_only,e07d2d9623bba63452e5939f83db5c87901a902d0a71c99df08b4ecdc3550c54,c36eefa5b9e490f39c68369d7b2ec545f1003c465b2d7a3d65a4f58b53b37bf6,True,state_reconstruction_accepted,35.765464842101466,33.059282137577966,True,Brazil,BRA,1,contact_reduction_mean,Brazil,BRA,2025,2025,True,False,exact_year,2025,low_detected_model_anchor,https://www.paho.org/en/news/26-8-2025-paho-calls-strengthened-vaccination-and-surveillance-amid-spread-antibiotic,"PAHO reported antibiotic-resistant pertussis cases detected in Brazil since 2024, but no public national resistant fraction or denominator was located, so keep a conservative low detected anchor pending numeric reporting.",Brazil,BRA,3,relative_detection_prior_mean,2.8141735141323725e-05,1.480345728618647e-16,Brazil,routine_timeliness_resistance_guided,resistance_guided_treatment,True,True,3,Routine timeliness plus resistance-guided management.,0.8601273820862417,15.007087934704773,14.007087934704773,0.25,calibrated_country_scenario_analysis,schedule_relative,1.0,48.0,,,True,0.0,prospective_policy,0.6112873815912245,0.5606661290305961,0.4374830504843953,0.5074750226953728,0.4657138445938186,0.5447203850802981,0.44868298233839865,0.5124564825718677,0.6070795276796569,0.5638453035511114,0.5660653490365943,0.5661574256169852,365.654612679805,803.792799733625,930.6071799223823,3.0
program_portfolio_factorial,timeliness_infant_exposure,symptom_protective,country_timeline,timeliness_infant_exposure,2027-01-01,2051-01-01,2027,2051,9380584.164619336,52457536.12991312,857513.6001174282,188392.49116530892,533249.1883889947,1327725.9728861696,1639987.5073819815,3156105.97143346,16884255.47902552,573981.3226743954,512.9720515938038,493.19570434211755,494.45048763719547,56279.57070285753,36976748.37208255,0.7048891560691718,0.009999999999999998,0.9877413570968311,217568540.56807485,2110200.367100673,20900236.33703921,20131710.939427566,43142147.64356745,24.000492823261258,1004.5964296306562,16.421951250326966,371.98012424441464,1052.8981177711487,264.6897320737936,339.42177033704985,304.81031279859235,1630.6471457280152,55.43395186615673,0.09823753259306989,0.9738126941429557,0.47753025140552563,5.435366779625944,7924.584550430011,523040.49760280485,1022857.8641733885,1022857.8641733885,47236.7204176814,360.0,8766.0,6,4.405479452054794,0.8259320017344808,0.17882243156422664,5.592139594863051,0.5726772657372975,0.43409831949839334,0.0006625164026529487,0.012204837415646234,0.013201865517321271,0.5466080464016769,0.27006548716553114,M2;M4;M6;M15;Y4,2.0,48.0,5,wP,True,Brazil,/home/ctm/pertussis_transmission_analysis/outputs/calibrations/Brazil_calibrated_config.yaml,current,fitted_parameters_and_state_only,e07d2d9623bba63452e5939f83db5c87901a902d0a71c99df08b4ecdc3550c54,c36eefa5b9e490f39c68369d7b2ec545f1003c465b2d7a3d65a4f58b53b37bf6,True,state_reconstruction_accepted,35.765464842101466,33.059282137577966,True,Brazil,BRA,1,contact_reduction_mean,Brazil,BRA,2025,2025,True,False,exact_year,2025,low_detected_model_anchor,https://www.paho.org/en/news/26-8-2025-paho-calls-strengthened-vaccination-and-surveillance-amid-spread-antibiotic,"PAHO reported antibiotic-resistant pertussis cases detected in Brazil since 2024, but no public national resistant fraction or denominator was located, so keep a conservative low detected anchor pending numeric reporting.",Brazil,BRA,3,relative_detection_prior_mean,,,Brazil,timeliness_infant_exposure,maternal_immunization,True,False,4,Routine timeliness plus infant-exposure reduction composite.,0.8601273820862417,19.092464200471646,18.092464200471646,0.25,calibrated_country_scenario_analysis,schedule_relative,1.0,48.0,True,False,True,0.0,prospective_policy,0.5372188899053175,0.38779235296556325,0.27175048793377454,0.34626373563730695,0.274185109381457,0.39953291732427854,0.27006548716553114,0.3797326175459378,0.2390676272973542,0.6083672438054131,0.615344646866401,0.615078666040237,708.1291294724564,803.792799733625,930.6071799223823,6.0
program_portfolio_factorial,infant_exposure_resistance_guided,symptom_protective,country_timeline,infant_exposure_resistance_guided,2027-01-01,2051-01-01,2027,2051,7314093.776784885,38380887.25304443,703577.7587039637,172926.09955224086,384084.2130600537,1138107.7369774522,1352415.6670647128,2663449.503594406,12600504.413959555,489701.4834189742,428.61624714388984,413.93501638888176,415.134585617907,53117.355855017246,16785169.741742324,0.437331467380575,0.009999999999999998,0.9973267369870682,217568540.5958091,2110200.369379997,20900236.351203628,20131710.95129295,43142147.67187658,24.000492823261258,735.019315433754,13.473978314974513,341.44180338175335,758.3725458288515,226.888257004325,279.9041563486719,257.2305502823205,1216.9311563307208,47.29437591511917,0.08208283943058067,0.8173128223248814,0.40092856183534664,5.12996648056918,9075.16406378465,858562.8463021165,1602217.1461161145,1602217.1461161145,54095.074000689274,360.0,8766.0,5,5.753424657534247,0.8142536978808684,0.19056604211787,5.24752463180966,0.48553052824946835,0.36982385596279804,0.0006302411515796594,0.010017916629582645,0.013619716972809396,0.46126265349549656,0.4659388086809091,M2;M4;M6;M15;Y4,2.0,48.0,5,wP,True,Brazil,/home/ctm/pertussis_transmission_analysis/outputs/calibrations/Brazil_calibrated_config.yaml,current,fitted_parameters_and_state_only,e07d2d9623bba63452e5939f83db5c87901a902d0a71c99df08b4ecdc3550c54,c36eefa5b9e490f39c68369d7b2ec545f1003c465b2d7a3d65a4f58b53b37bf6,True,state_reconstruction_accepted,35.765464842101466,33.059282137577966,True,Brazil,BRA,1,contact_reduction_mean,Brazil,BRA,2025,2025,True,False,exact_year,2025,low_detected_model_anchor,https://www.paho.org/en/news/26-8-2025-paho-calls-strengthened-vaccination-and-surveillance-amid-spread-antibiotic,"PAHO reported antibiotic-resistant pertussis cases detected in Brazil since 2024, but no public national resistant fraction or denominator was located, so keep a conservative low detected anchor pending numeric reporting.",Brazil,BRA,3,relative_detection_prior_mean,,,Brazil,infant_exposure_resistance_guided,maternal_immunization;resistance_guided_treatment,False,True,5,Infant-exposure reduction plus resistance-guided management.,0.8601273820862417,15.665096351534974,14.665096351534974,0.25,calibrated_country_scenario_analysis,,,,True,False,True,0.0,prospective_policy,0.5752116667701564,0.475224350539696,0.39944905359501826,0.4483095483616951,0.4583336088276032,0.4877017604676115,0.4659388086809091,0.49107940132443184,0.6545834991316963,0.6727693805204389,0.677161989649085,0.6768247530051428,321.44707577170925,803.792799733625,930.6071799223823,4.0
program_portfolio_factorial,timeliness_infant_exposure_targeted_pep,symptom_protective,country_timeline,timeliness_infant_exposure_targeted_pep,2027-01-01,2051-01-01,2027,2051,9304487.320631623,51933594.78374233,846507.4245001915,184033.26331930285,521877.545475709,1302417.0194876012,1632280.9007166186,3118731.183523523,16639606.564684043,564823.7663260401,499.2771362040975,479.3727639037279,480.6061124613424,54899.13239816979,46153832.59580538,0.888708605441149,0.009999999999999998,0.9947523084812632,217568540.58132493,2110200.366973729,20900236.335836686,20131710.934331015,43142147.63714143,24.000492823261258,994.5626070818264,16.211175724130474,363.37284854240147,1030.4448601816134,259.6442481327526,337.82676432290907,301.2007316390473,1607.0194500721148,54.54953365756872,0.09561486592777566,0.9465193606392525,0.46415963475251126,5.302046849063722,6043.593774457265,516176.74726885534,901648.5728920533,901648.5728920533,36024.544585617754,750.0,8766.0,6,4.7835616438356166,0.8256984998560475,0.17916124156967403,5.581564356435373,0.5692609961295063,0.43211392154277295,0.0006559449448870208,0.012198545234901126,0.013013256911049507,0.5433932490386687,0.27735601011963784,M2;M4;M6;M15;Y4,2.0,48.0,5,wP,True,Brazil,/home/ctm/pertussis_transmission_analysis/outputs/calibrations/Brazil_calibrated_config.yaml,current,fitted_parameters_and_state_only,e07d2d9623bba63452e5939f83db5c87901a902d0a71c99df08b4ecdc3550c54,c36eefa5b9e490f39c68369d7b2ec545f1003c465b2d7a3d65a4f58b53b37bf6,True,state_reconstruction_accepted,35.765464842101466,33.059282137577966,True,Brazil,BRA,1,contact_reduction_mean,Brazil,BRA,2025,2025,True,False,exact_year,2025,low_detected_model_anchor,https://www.paho.org/en/news/26-8-2025-paho-calls-strengthened-vaccination-and-surveillance-amid-spread-antibiotic,"PAHO reported antibiotic-resistant pertussis cases detected in Brazil since 2024, but no public national resistant fraction or denominator was located, so keep a conservative low detected anchor pending numeric reporting.",Brazil,BRA,3,relative_detection_prior_mean,,,Brazil,timeliness_infant_exposure_targeted_pep,maternal_immunization;targeted_pep_high_risk,True,False,5,Routine timeliness plus infant-exposure reduction and targeted high-risk PEP.,0.8601273820862417,18.847412676027375,17.847412676027375,0.25,calibrated_country_scenario_analysis,schedule_relative,1.0,48.0,True,False,True,0.0,prospective_policy,0.547927216385061,0.3994621817747118,0.27517266799214346,0.3540053179703274,0.2847019974505396,0.40911303940789334,0.27735601011963784,0.3876937411246172,0.0502154221104083,0.6188227402467072,0.6261254950953328,0.6258562777400336,883.8763475636032,803.792799733625,930.6071799223823,5.0
program_portfolio_factorial,timeliness_infant_exposure_resistance_guided,symptom_protective,country_timeline,timeliness_infant_exposure_resistance_guided,2027-01-01,2051-01-01,2027,2051,5594025.872701295,30724769.729550026,502595.3236795718,105058.24206549476,289354.39781663584,749634.2447878958,1038225.2525010415,1892917.739354432,9860721.431627396,333136.0264172768,288.4223894830481,276.80948625988356,277.51782095079045,31755.15916210229,13747745.5781274,0.44744828681027643,0.009999999999999998,0.9972182704389363,217568540.59214061,2110200.3690805472,20900236.349264473,20131710.951955106,43142147.670300126,24.000492823261258,588.3996131971397,9.62503207187038,207.4370250004567,571.3289531007241,149.4438546373131,214.87740083813097,182.81415551298826,952.3284735482376,32.173601670190514,0.05523479066012375,0.546559081826805,0.26802108206892294,3.066848857034918,7673.579099877914,631551.4540972351,1158884.8962322483,1158884.8962322483,45740.53166791205,30.0,8766.0,4,7.36986301369863,0.823222348057277,0.18206892751164067,5.492425388928951,0.5415835891007935,0.40968834587619324,0.0006031724473322817,0.011286445487761752,0.012679854401773324,0.5170141167639262,0.5724719176869302,M2;M4;M6;M15;Y4,2.0,48.0,5,wP,True,Brazil,/home/ctm/pertussis_transmission_analysis/outputs/calibrations/Brazil_calibrated_config.yaml,current,fitted_parameters_and_state_only,e07d2d9623bba63452e5939f83db5c87901a902d0a71c99df08b4ecdc3550c54,c36eefa5b9e490f39c68369d7b2ec545f1003c465b2d7a3d65a4f58b53b37bf6,True,state_reconstruction_accepted,35.765464842101466,33.059282137577966,True,Brazil,BRA,1,contact_reduction_mean,Brazil,BRA,2025,2025,True,False,exact_year,2025,low_detected_model_anchor,https://www.paho.org/en/news/26-8-2025-paho-calls-strengthened-vaccination-and-surveillance-amid-spread-antibiotic,"PAHO reported antibiotic-resistant pertussis cases detected in Brazil since 2024, but no public national resistant fraction or denominator was located, so keep a conservative low detected anchor pending numeric reporting.",Brazil,BRA,3,relative_detection_prior_mean,,,Brazil,timeliness_infant_exposure_resistance_guided,maternal_immunization;resistance_guided_treatment,True,True,6,Routine timeliness plus infant-exposure reduction and resistance-guided management.,0.8601273820862417,11.190240274091536,10.190240274091536,0.25,calibrated_country_scenario_analysis,schedule_relative,1.0,48.0,True,False,True,0.0,prospective_policy,0.7419272414365825,0.6543474884803053,0.5389678091172121,0.6079127307916727,0.5761105098055747,0.6514917646014762,0.5724719176869302,0.6364565112323701,0.7170896544051505,0.7798015408626617,0.7841095334963305,0.7839570745526976,263.2783988848895,803.792799733625,930.6071799223823,2.0
program_portfolio_factorial,timeliness_infant_exposure_targeted_pep_resistance_guided,symptom_protective,country_timeline,timeliness_infant_exposure_targeted_pep_resistance_guided,2027-01-01,2051-01-01,2027,2051,3342072.133488559,17897056.295912895,293424.2596621928,59442.676421469965,157736.0758028598,421822.8889315997,617791.0958075816,1099056.6611606514,5516508.876567761,190720.85053039517,164.11692511816454,157.01307676830018,157.41859166598968,18090.540447883934,11632288.283643333,0.6499553944130896,0.009999999999999998,0.9964329354996052,217568540.5709823,2110200.3683725665,20900236.343752917,20131710.951008383,43142147.66313387,24.000492823261258,342.7404369699371,5.619268180833,117.3692964649496,311.4491701695452,84.09279452094097,127.86179551550008,106.1446629333758,532.7732372359188,18.419432873039504,0.031429474042615445,0.3100216118370531,0.15203168264489308,1.7471477003700717,5587.7241719256,374119.83606211876,883280.2577067759,883280.2577067759,33307.20529312475,30.0,8766.0,6,4.619178082191781,0.8208462732401884,0.18673865010145715,5.35507780235473,0.5082437142258083,0.38566233054567634,0.0005554166922333034,0.010901969652017876,0.011835365834204468,0.4849509620473526,0.750966590650092,M2;M4;M6;M15;Y4,2.0,48.0,5,wP,True,Brazil,/home/ctm/pertussis_transmission_analysis/outputs/calibrations/Brazil_calibrated_config.yaml,current,fitted_parameters_and_state_only,e07d2d9623bba63452e5939f83db5c87901a902d0a71c99df08b4ecdc3550c54,c36eefa5b9e490f39c68369d7b2ec545f1003c465b2d7a3d65a4f58b53b37bf6,True,state_reconstruction_accepted,35.765464842101466,33.059282137577966,True,Brazil,BRA,1,contact_reduction_mean,Brazil,BRA,2025,2025,True,False,exact_year,2025,low_detected_model_anchor,https://www.paho.org/en/news/26-8-2025-paho-calls-strengthened-vaccination-and-surveillance-amid-spread-antibiotic,"PAHO reported antibiotic-resistant pertussis cases detected in Brazil since 2024, but no public national resistant fraction or denominator was located, so keep a conservative low detected anchor pending numeric reporting.",Brazil,BRA,3,relative_detection_prior_mean,,,Brazil,timeliness_infant_exposure_targeted_pep_resistance_guided,maternal_immunization;targeted_pep_high_risk;resistance_guided_treatment,True,True,7,"Routine timeliness plus infant-exposure reduction, targeted PEP, and resistance-guided management.",0.8601273820862417,6.533065099268724,5.533065099268724,0.25,calibrated_country_scenario_analysis,schedule_relative,1.0,48.0,True,False,True,0.0,prospective_policy,0.853980657025292,0.805499625998336,0.7256649443635432,0.7723482029775545,0.7628581081460075,0.8004785378907114,0.750966590650092,0.7877567219175695,0.7606229559601184,0.8747035759111836,0.8775416737023966,0.8774522913634968,222.76599589211014,803.792799733625,930.6071799223823,1.0
program_portfolio_factorial,current,symptom_protective,country_timeline,current,2027-01-01,2051-01-01,2027,2051,103746685.68575916,478959242.84112,27252189.594917513,8121128.38308827,16964898.74681896,22089752.455498375,7480299.127212013,37691179.96579866,150788503.82375285,21062292.674269445,33427.56477522018,32983.81010425467,33018.243581768926,2761638.7311013388,478940114.02442795,0.9999600617025812,0.997,0.9999950554571295,1336693497.3805933,7975855.228584342,78965312.00861624,88748551.12454724,175689718.3617478,24.000492823261258,1492.9544708878882,84.94726619298777,4242.471701603477,8862.451060843605,1165.5591922407446,351.18627444516363,893.8676655604716,3576.034712327907,499.5041917282601,1.0419640716405212,17.230718981091908,7.830463343977039,65.49382555629495,12922.059314961669,7623356.242697663,2781335.686475265,2781335.686475265,473228.2920294681,3480.0,8766.0,6,4.734246575342466,0.8048832746301271,0.21660858880256317,4.616622108698983,0.607203821176293,0.46671925213852716,8.067617397813057e-05,0.021557818066854802,0.029514036803709436,0.5560512901317508,0.0,M3;M4;M5;M18,3.0,18.0,4,aP,True,China,/home/ctm/pertussis_transmission_analysis/outputs/calibrations/China_calibrated_config.yaml,current,fitted_parameters_and_state_only,e07d2d9623bba63452e5939f83db5c87901a902d0a71c99df08b4ecdc3550c54,c36eefa5b9e490f39c68369d7b2ec545f1003c465b2d7a3d65a4f58b53b37bf6,True,state_reconstruction_accepted,61.55520059847223,56.080676333404014,True,China,CHN,1,contact_reduction_mean,China,CHN,2025,2025,True,False,nearest_past_year,2024,measured_multicenter_isolate_fraction,https://www.sciencedirect.com/science/article/pii/S2666606525001658,Five sentinel hospitals in China during 2024; 393/394 isolates displayed high-level azithromycin resistance.,China,CHN,7,relative_detection_prior_mean,2.010611200412732e-05,1.6667804836994706e-16,China,current,,False,False,0,Current practice.,4.146450779474111,20.486741724632633,19.486741724632633,0.25,calibrated_country_scenario_analysis,,,,,,,,,0.0,0.0,0.0,0.0,0.0,0.0,0.0,0.0,0.0,0.0,0.0,0.0,1492.8948448281974,4242.471701603477,1492.8948448281974,11.0
program_portfolio_factorial,routine_timeliness,symptom_protective,country_timeline,routine_timeliness,2027-01-01,2051-01-01,2027,2051,100466864.82506524,485872221.49425465,24203948.595777042,5684890.08158667,15336131.299856927,21618369.75107333,7553394.9951335555,34856654.82779355,152406074.52648348,18061593.20211138,28714.670590976482,28283.29449209279,28306.444393303947,2056958.4523410173,485856919.3469192,0.9999685058197227,0.9970000000000001,0.9999883958240985,1336693497.4495096,7975855.231693801,78965312.11060086,88748550.73450364,175689718.07679832,24.000492823261258,1514.5027811130542,75.44565389946911,2969.782541386648,8011.584099796118,1140.6868231249916,354.61799244926345,826.6452989525126,3614.3963229273204,428.34090608754894,0.8950593704458848,14.775172956742725,6.713033509207404,48.781933985601924,18855.054340482704,6947912.221532964,2693218.001155627,2693218.001155627,690504.8912597365,3480.0,8730.0,4,7.205479452054795,0.8140311013476735,0.20677630945043282,4.836143959904236,0.6702386995215128,0.5312689610777582,7.479829697560364e-05,0.014967881295410754,0.014374091790235752,0.6408219281388907,-0.014433333851389563,M3;M4;M5;M18,3.0,18.0,4,aP,True,China,/home/ctm/pertussis_transmission_analysis/outputs/calibrations/China_calibrated_config.yaml,current,fitted_parameters_and_state_only,e07d2d9623bba63452e5939f83db5c87901a902d0a71c99df08b4ecdc3550c54,c36eefa5b9e490f39c68369d7b2ec545f1003c465b2d7a3d65a4f58b53b37bf6,True,state_reconstruction_accepted,61.55520059847223,56.080676333404014,True,China,CHN,1,contact_reduction_mean,China,CHN,2025,2025,True,False,nearest_past_year,2024,measured_multicenter_isolate_fraction,https://www.sciencedirect.com/science/article/pii/S2666606525001658,Five sentinel hospitals in China during 2024; 393/394 isolates displayed high-level azithromycin resistance.,China,CHN,7,relative_detection_prior_mean,2.010611200412732e-05,1.6667804836994706e-16,China,routine_timeliness,,True,False,1,Routine timeliness improvement only.,4.146450779474111,18.1952368210766,17.1952368210766,0.25,calibrated_country_scenario_analysis,schedule_relative,1.0,48.0,,,,,,0.2999876601599982,0.021339429012375066,-0.009771784079547263,0.07520393738209263,-0.010727413971965083,0.14246784614401653,-0.014433333851389563,0.11185306738468326,-0.014441900135115704,0.1409882597172426,0.14250978274809878,0.14270290231508875,1514.4550830894352,4242.471701603477,1492.8948448281974,9.0
program_portfolio_factorial,timeliness_pregnancy_tdap,symptom_protective,country_timeline,timeliness_pregnancy_tdap,2027-01-01,2051-01-01,2027,2051,99670516.45283145,485779750.1376933,23137586.31725463,4593436.166566776,14510589.069424806,21622926.42865044,7632278.352065542,33848640.947282754,151911681.84838676,16976311.755714774,14536.183862314409,14104.697307043549,14127.726579666683,1376581.7591409134,485760110.01552093,0.9999595699035071,0.997,0.9999892224163817,1336693497.5066953,7975855.229889342,78965312.04732555,88748550.53035615,175689717.80757102,24.000492823261258,1514.2145403946822,72.12171693302022,2399.607791840171,7580.321426608072,1140.927255770629,358.32142169091424,802.7396804460333,3602.671526248761,402.6028429076024,0.4531045388353068,7.368283858143989,3.350470329858537,32.64641564669153,19987.446732445973,6724731.489199275,2660385.64280116,2660385.64280116,731975.0706581364,3480.0,8730.0,4,7.205479452054795,0.8160002742546456,0.2051763508556708,4.873856055191467,0.6731236518703344,0.5320237735650053,0.00229868021967302,0.014942452598216513,0.014416064001118301,0.6414664550513266,-0.01424026657490729,M3;M4;M5;M18,3.0,18.0,4,aP,True,China,/home/ctm/pertussis_transmission_analysis/outputs/calibrations/China_calibrated_config.yaml,current,fitted_parameters_and_state_only,e07d2d9623bba63452e5939f83db5c87901a902d0a71c99df08b4ecdc3550c54,c36eefa5b9e490f39c68369d7b2ec545f1003c465b2d7a3d65a4f58b53b37bf6,True,state_reconstruction_accepted,61.55520059847223,56.080676333404014,True,China,CHN,1,contact_reduction_mean,China,CHN,2025,2025,True,False,nearest_past_year,2024,measured_multicenter_isolate_fraction,https://www.sciencedirect.com/science/article/pii/S2666606525001658,Five sentinel hospitals in China during 2024; 393/394 isolates displayed high-level azithromycin resistance.,China,CHN,7,relative_detection_prior_mean,2.010611200412732e-05,1.6667804836994706e-16,China,timeliness_pregnancy_tdap,pregnancy_tdap_scaleup,True,False,2,Routine timeliness plus pregnancy Tdap scale-up.,4.146450779474111,17.393602569705973,16.393602569705973,0.25,calibrated_country_scenario_analysis,schedule_relative,1.0,48.0,,,True,0.0,prospective_policy,0.43438449069068863,0.0211331488566201,-0.020317265696054188,0.10194796294524777,-0.007448697985270369,0.1939950689008454,-0.01424026657490729,0.1509824839333369,-0.014239767656878843,0.5651437979385783,0.5723751360906559,0.5721236187297579,1514.1533205547032,4242.471701603477,1492.8948448281974,6.0
program_portfolio_factorial,timeliness_targeted_pep,symptom_protective,country_timeline,timeliness_targeted_pep,2027-01-01,2051-01-01,2027,2051,99713643.67086148,481623719.4354477,23975087.669513218,5615105.557457559,15092875.14980906,21405977.36241497,7543137.862117053,34564220.78198958,151037149.7599355,17876602.412868015,28301.94894441751,27875.507257286907,27898.391166487872,2030374.7340043802,481609565.70220566,0.9999706124663905,0.997,0.9999931460920417,1336693497.4660869,7975855.233054016,78965312.12047182,88748550.93818668,175689718.2917125,24.000492823261258,1501.259858574932,74.73227598974006,2933.32715504017,7884.507258419517,1129.480002031792,354.13643812037367,819.710059028796,3581.9314928624085,423.9537442927671,0.8821945048615062,14.56214519239464,6.61626136869441,48.15148599931796,19392.73984278962,6921293.800242462,4060586.664424258,4060586.664424258,710195.8697509147,3480.0,8760.0,5,5.404109589041096,0.81398207883301,0.20703640549046123,4.830068400922237,0.6686680174355197,0.5300695129102552,7.41107902114087e-05,0.01493854016920213,0.014408785925687369,0.6392465805504187,-0.005563054965851411,M3;M4;M5;M18,3.0,18.0,4,aP,True,China,/home/ctm/pertussis_transmission_analysis/outputs/calibrations/China_calibrated_config.yaml,current,fitted_parameters_and_state_only,e07d2d9623bba63452e5939f83db5c87901a902d0a71c99df08b4ecdc3550c54,c36eefa5b9e490f39c68369d7b2ec545f1003c465b2d7a3d65a4f58b53b37bf6,True,state_reconstruction_accepted,61.55520059847223,56.080676333404014,True,China,CHN,1,contact_reduction_mean,China,CHN,2025,2025,True,False,nearest_past_year,2024,measured_multicenter_isolate_fraction,https://www.sciencedirect.com/science/article/pii/S2666606525001658,Five sentinel hospitals in China during 2024; 393/394 isolates displayed high-level azithromycin resistance.,China,CHN,7,relative_detection_prior_mean,2.010611200412732e-05,1.6667804836994706e-16,China,timeliness_targeted_pep,targeted_pep_high_risk,True,False,2,Routine timeliness plus targeted high-risk PEP.,4.146450779474111,18.02319139049765,17.02319139049765,0.25,calibrated_country_scenario_analysis,schedule_relative,1.0,48.0,,,True,0.0,prospective_policy,0.3085806192707584,0.030954402701475536,-0.008400564447542447,0.08296262379279484,-0.0016489714393166377,0.15125087808190985,-0.005563054965851411,0.12025095869784608,-0.005573664783564691,0.15333500556409907,0.1548730371300806,0.15506131943699109,1501.2157402503815,4242.471701603477,1492.8948448281974,8.0
program_portfolio_factorial,infant_exposure,symptom_protective,country_timeline,infant_exposure,2027-01-01,2051-01-01,2027,2051,103569872.44345933,484184439.06217545,26076051.385093413,6759995.3767109215,15672852.33421196,22284037.547016222,7640082.070821715,36684114.99454886,151581063.340249,19812146.838502478,17773.757948314473,17323.474489282955,17357.836012592885,1983296.46257722,484165220.3565596,0.9999603070564327,0.997,0.999993344291786,1336693497.557641,7975855.238164243,78965312.36113381,88748550.15690562,175689717.75620368,24.000492823261258,1509.241827443473,81.28114881423232,3531.416781187941,8187.486922372127,1175.8105818314455,358.68779343339264,869.984552781386,3594.83072222921,469.8562772877302,0.5540223262525673,9.049770763260556,4.116509067456644,47.03499828971047,15370.796407005726,7345355.693259904,2773694.6208632775,2773694.6208632775,562905.3043706001,3480.0,8766.0,5,5.897260273972603,0.8075488174091957,0.21390582614357756,4.674954478934021,0.610972792171864,0.4679021619685248,0.0023932408351781185,0.021155569356728708,0.02897331312605377,0.5584506688539034,-0.010909479875699457,M3;M4;M5;M18,3.0,18.0,4,aP,True,China,/home/ctm/pertussis_transmission_analysis/outputs/calibrations/China_calibrated_config.yaml,current,fitted_parameters_and_state_only,e07d2d9623bba63452e5939f83db5c87901a902d0a71c99df08b4ecdc3550c54,c36eefa5b9e490f39c68369d7b2ec545f1003c465b2d7a3d65a4f58b53b37bf6,True,state_reconstruction_accepted,61.55520059847223,56.080676333404014,True,China,CHN,1,contact_reduction_mean,China,CHN,2025,2025,True,False,nearest_past_year,2024,measured_multicenter_isolate_fraction,https://www.sciencedirect.com/science/article/pii/S2666606525001658,Five sentinel hospitals in China during 2024; 393/394 isolates displayed high-level azithromycin resistance.,China,CHN,7,relative_detection_prior_mean,,,China,infant_exposure,maternal_immunization,False,False,3,Infant-exposure reduction composite without routine timeliness changes.,4.146450779474111,19.60258378481008,18.60258378481008,0.25,calibrated_country_scenario_analysis,,,,True,False,True,0.0,prospective_policy,0.1676039267168613,-0.00879525888346877,-0.021360501885337557,0.026718849666251487,-0.005256100408175257,0.0593546892116924,-0.010909479875699457,0.043157567421424625,-0.010909727782242973,0.46829037449087096,0.47478855733988257,0.4742955975351445,1509.1819211927868,4242.471701603477,1492.8948448281974,10.0
program_portfolio_factorial,routine_timeliness_resistance_guided,symptom_protective,country_timeline,routine_timeliness_resistance_guided,2027-01-01,2051-01-01,2027,2051,90565891.22334735,439997121.4439753,20962716.390102483,4454304.928879635,12068308.27130065,18972384.752577603,7294475.961075988,30721165.64253322,135896610.69170174,15354557.156479754,22029.836894706128,21648.883045674003,21668.0321987169,1600242.5026397617,439930489.3784115,0.9998485624966246,0.997,0.9999946575181702,1336693497.444186,7975855.2316458,78965312.20653072,88748550.7982521,175689718.23642862,24.000492823261258,1371.5064056593171,65.34247250230227,2326.925731550254,6304.475670423748,1001.0722137434703,342.4622201135617,728.569831474988,3222.8650404005616,364.1420136865312,0.6866877291733955,11.309361128756734,5.138696477570257,37.95065669165888,14991.578524786917,12250631.793946305,12061589.231137108,12061589.231137108,549017.6857673035,3870.0,8766.0,5,5.404109589041096,0.813422163395809,0.20583291755666422,4.85830940876941,0.6420365756929444,0.5116074941232444,6.17645372198279e-05,0.013835161509571203,0.013305393656845731,0.6148342559893074,0.08134746740876475,M3;M4;M5;M18,3.0,18.0,4,aP,True,China,/home/ctm/pertussis_transmission_analysis/outputs/calibrations/China_calibrated_config.yaml,current,fitted_parameters_and_state_only,e07d2d9623bba63452e5939f83db5c87901a902d0a71c99df08b4ecdc3550c54,c36eefa5b9e490f39c68369d7b2ec545f1003c465b2d7a3d65a4f58b53b37bf6,True,state_reconstruction_accepted,61.55520059847223,56.080676333404014,True,China,CHN,1,contact_reduction_mean,China,CHN,2025,2025,True,False,nearest_past_year,2024,measured_multicenter_isolate_fraction,https://www.sciencedirect.com/science/article/pii/S2666606525001658,Five sentinel hospitals in China during 2024; 393/394 isolates displayed high-level azithromycin resistance.,China,CHN,7,relative_detection_prior_mean,2.010611200412732e-05,1.6667804836994706e-16,China,routine_timeliness_resistance_guided,resistance_guided_treatment,True,True,3,Routine timeliness plus resistance-guided management.,4.146450779474111,15.758651429256703,14.758651429256703,0.25,calibrated_country_scenario_analysis,schedule_relative,1.0,48.0,,,True,0.0,prospective_policy,0.451516498845722,0.14112279932520588,0.024841675844223032,0.18492428015228224,0.09876013591498534,0.2709930778220784,0.08134746740876475,0.23078781185303388,0.081449900571403,0.3409679393984205,0.3436512344314808,0.3437557589925547,1371.2987081533806,4242.471701603477,1492.8948448281974,4.0
program_portfolio_factorial,timeliness_infant_exposure,symptom_protective,country_timeline,timeliness_infant_exposure,2027-01-01,2051-01-01,2027,2051,99371543.97449964,484928524.89239156,23013598.132206928,4494083.67157065,14198782.969398078,21618488.388014603,7630935.543354275,33743507.60293953,151587959.01844814,16873019.29501188,14209.008285963515,13778.297728901916,13801.300046537823,1348753.7829875029,484908917.84702164,0.9999595671436852,0.997,0.9999899351281188,1336693497.5099094,7975855.229948974,78965312.06097227,88748550.49190557,175689717.7828268,24.000492823261258,1511.5612028585106,71.73523579075986,2347.7061189819883,7417.43414129691,1140.693083684674,358.25837944852884,800.2463837857993,3594.994256596355,400.15320378860116,0.44290621305322464,7.197772950229357,3.2730564302160903,31.986459444398147,20103.027942393663,6691194.885035178,2650879.471802597,2650879.471802597,736207.8556399349,3480.0,8730.0,5,5.404109589041096,0.8162552826960539,0.20491998072613024,4.879953611436611,0.674825619291455,0.5334691832412405,0.0022428860087601392,0.014911559042450758,0.01438579002718186,0.6432853842130624,-0.012463027158349904,M3;M4;M5;M18,3.0,18.0,4,aP,True,China,/home/ctm/pertussis_transmission_analysis/outputs/calibrations/China_calibrated_config.yaml,current,fitted_parameters_and_state_only,e07d2d9623bba63452e5939f83db5c87901a902d0a71c99df08b4ecdc3550c54,c36eefa5b9e490f39c68369d7b2ec545f1003c465b2d7a3d65a4f58b53b37bf6,True,state_reconstruction_accepted,61.55520059847223,56.080676333404014,True,China,CHN,1,contact_reduction_mean,China,CHN,2025,2025,True,False,nearest_past_year,2024,measured_multicenter_isolate_fraction,https://www.sciencedirect.com/science/article/pii/S2666606525001658,Five sentinel hospitals in China during 2024; 393/394 isolates displayed high-level azithromycin resistance.,China,CHN,7,relative_detection_prior_mean,,,China,timeliness_infant_exposure,maternal_immunization,True,False,4,Routine timeliness plus infant-exposure reduction composite.,4.146450779474111,17.30039486923753,16.30039486923753,0.25,calibrated_country_scenario_analysis,schedule_relative,1.0,48.0,True,False,True,0.0,prospective_policy,0.446618319576219,0.021334058334658623,-0.020137752993629965,0.10473729839292067,-0.0053018312034565085,0.19889921026381663,-0.012463027158349904,0.15553214349796962,-0.01246252631780509,0.574931396244077,0.582270887282224,0.5820098663831339,1511.5000861215844,4242.471701603477,1492.8948448281974,5.0
program_portfolio_factorial,infant_exposure_resistance_guided,symptom_protective,country_timeline,infant_exposure_resistance_guided,2027-01-01,2051-01-01,2027,2051,93069017.5309236,442762209.98762226,22338427.868079193,5271518.427712734,12050179.928840345,19256564.313756533,7495761.645405057,32023844.38687432,136101234.1568869,16625364.64322007,13624.021891756216,13223.71650008315,13251.801953390963,1550378.640933455,442695377.5425682,0.9998490556701849,0.997,0.9999953938131537,1336693497.4075282,7975855.226489111,78965311.97958711,88748550.71504499,175689717.9211212,24.000492823261258,1380.1254090155999,69.6306757956153,2753.8374847637806,6295.005441266577,1016.0668663146733,351.91221283503666,759.4635965797039,3227.7178074875906,394.27993322263814,0.42467171681890337,6.908060113074264,3.1427398444420698,36.768107054201195,14460.002250456031,12807739.946902646,12429625.320291217,12429625.320291217,529550.437826926,3870.0,8766.0,5,5.404109589041096,0.8090957506979143,0.21020090565887595,4.757353432258031,0.5964285686584284,0.4589660236820103,0.0019071886722059604,0.018959317332372397,0.02591125277405824,0.5496508098797918,0.07557434874579716,M3;M4;M5;M18,3.0,18.0,4,aP,True,China,/home/ctm/pertussis_transmission_analysis/outputs/calibrations/China_calibrated_config.yaml,current,fitted_parameters_and_state_only,e07d2d9623bba63452e5939f83db5c87901a902d0a71c99df08b4ecdc3550c54,c36eefa5b9e490f39c68369d7b2ec545f1003c465b2d7a3d65a4f58b53b37bf6,True,state_reconstruction_accepted,61.55520059847223,56.080676333404014,True,China,CHN,1,contact_reduction_mean,China,CHN,2025,2025,True,False,nearest_past_year,2024,measured_multicenter_isolate_fraction,https://www.sciencedirect.com/science/article/pii/S2666606525001658,Five sentinel hospitals in China during 2024; 393/394 isolates displayed high-level azithromycin resistance.,China,CHN,7,relative_detection_prior_mean,,,China,infant_exposure_resistance_guided,maternal_immunization;resistance_guided_treatment,False,True,5,Infant-exposure reduction plus resistance-guided management.,4.146450779474111,16.792837898933524,15.792837898933524,0.25,calibrated_country_scenario_analysis,,,,True,False,True,0.0,prospective_policy,0.35088842596179937,0.12825803038986217,-0.0020670989127686834,0.15036238143955516,0.09740311293248827,0.21065741036205932,0.07557434874579716,0.18030704320928137,0.07567696968671878,0.5924315162241285,0.5990846279345579,0.5986521233156095,1379.9170869106752,4242.471701603477,1492.8948448281974,7.0
program_portfolio_factorial,timeliness_infant_exposure_targeted_pep,symptom_protective,country_timeline,timeliness_infant_exposure_targeted_pep,2027-01-01,2051-01-01,2027,2051,98064400.32923308,478845111.0066621,22679461.01737096,4399137.441953164,13907471.085428292,21347006.381590206,7564094.286477661,33310238.11002103,149725672.79815134,16620856.811512295,13881.668408758618,13457.71931172084,13480.332831111584,1319506.1354420548,478830980.7423091,0.9999704909499373,0.997,0.9999936509447388,1336693497.5012162,7975855.236194668,78965312.12525274,88748550.78971924,175689718.15116665,24.000492823261258,1492.598712648365,70.69370353791858,2298.106274247267,7265.253014269311,1126.3684157737168,355.1203042641053,789.9711508468077,3550.8290772645423,394.1730269259273,0.43270276588532036,7.030303007217012,3.1969372314956708,31.292834861213354,20088.25548769418,6596286.874002853,3979990.579177067,3979990.579177067,735666.8626450393,3480.0,8766.0,5,5.404109589041096,0.8162138255385315,0.2047935711885523,4.882965779620619,0.6732731003835517,0.5323443279105726,0.0022105032022681067,0.014866918791094516,0.01433808103081447,0.6418575973593748,0.00023829132888408822,M3;M4;M5;M18,3.0,18.0,4,aP,True,China,/home/ctm/pertussis_transmission_analysis/outputs/calibrations/China_calibrated_config.yaml,current,fitted_parameters_and_state_only,e07d2d9623bba63452e5939f83db5c87901a902d0a71c99df08b4ecdc3550c54,c36eefa5b9e490f39c68369d7b2ec545f1003c465b2d7a3d65a4f58b53b37bf6,True,state_reconstruction_accepted,61.55520059847223,56.080676333404014,True,China,CHN,1,contact_reduction_mean,China,CHN,2025,2025,True,False,nearest_past_year,2024,measured_multicenter_isolate_fraction,https://www.sciencedirect.com/science/article/pii/S2666606525001658,Five sentinel hospitals in China during 2024; 393/394 isolates displayed high-level azithromycin resistance.,China,CHN,7,relative_detection_prior_mean,,,China,timeliness_infant_exposure_targeted_pep,maternal_immunization;targeted_pep_high_risk,True,False,5,Routine timeliness plus infant-exposure reduction and targeted high-risk PEP.,4.146450779474111,17.04920841888893,16.04920841888893,0.25,calibrated_country_scenario_analysis,schedule_relative,1.0,48.0,True,False,True,0.0,prospective_policy,0.4583095803393423,0.0336240107445519,-0.011202113423621762,0.11623254723659326,0.0070484884367828515,0.2108714341522273,0.00023829132888408822,0.1677930707776728,0.00022786424050269538,0.5847239096803999,0.5919901530725556,0.5917307715739679,1492.5546674782302,4242.471701603477,1492.8948448281974,3.0
program_portfolio_factorial,timeliness_infant_exposure_resistance_guided,symptom_protective,country_timeline,timeliness_infant_exposure_resistance_guided,2027-01-01,2051-01-01,2027,2051,88967091.87136766,437999554.7912741,19930825.69459847,3509848.0833541667,11114976.139420379,18960802.121791136,7322526.955440421,29793177.160585724,135069298.81531444,14398685.122003622,10954.47774242313,10574.977787113734,10593.95437920424,1052759.875331161,437934621.13588285,0.999851749494535,0.997,0.9999953462605403,1336693497.355757,7975855.225534821,78965312.11317568,88748550.62828355,175689717.96699405,24.000492823261258,1365.2798298781404,62.1259862390033,1833.5421475738387,5806.455646202498,1000.4610608729399,343.7791633265283,706.5620604651992,3203.24487590373,341.4729678864662,0.34145987923906634,5.524360890229907,2.512416246947766,24.966796346685697,14967.895322693252,11756874.334042285,11800540.411720768,11800540.411720768,548150.3656697457,3870.0,8766.0,5,5.404109589041096,0.8160856344289255,0.20312142078264067,4.923163672974184,0.656844436891227,0.523423576266453,0.0018357484449416934,0.013779277243707257,0.013250749878335213,0.6279786613242428,0.08551810756773104,M3;M4;M5;M18,3.0,18.0,4,aP,True,China,/home/ctm/pertussis_transmission_analysis/outputs/calibrations/China_calibrated_config.yaml,current,fitted_parameters_and_state_only,e07d2d9623bba63452e5939f83db5c87901a902d0a71c99df08b4ecdc3550c54,c36eefa5b9e490f39c68369d7b2ec545f1003c465b2d7a3d65a4f58b53b37bf6,True,state_reconstruction_accepted,61.55520059847223,56.080676333404014,True,China,CHN,1,contact_reduction_mean,China,CHN,2025,2025,True,False,nearest_past_year,2024,measured_multicenter_isolate_fraction,https://www.sciencedirect.com/science/article/pii/S2666606525001658,Five sentinel hospitals in China during 2024; 393/394 isolates displayed high-level azithromycin resistance.,China,CHN,7,relative_detection_prior_mean,,,China,timeliness_infant_exposure_resistance_guided,maternal_immunization;resistance_guided_treatment,True,True,6,Routine timeliness plus infant-exposure reduction and resistance-guided management.,4.146450779474111,14.98293107602803,13.98293107602803,0.25,calibrated_country_scenario_analysis,schedule_relative,1.0,48.0,True,False,True,0.0,prospective_policy,0.5678127573179116,0.14164714339876683,0.021091692870629286,0.20954511937221554,0.10424670720794205,0.3163761730652598,0.08551810756773104,0.2686523178190594,0.0856171610597577,0.6722920794235159,0.6793888348954071,0.6791484576407417,1365.0774264532597,4242.471701603477,1492.8948448281974,2.0
program_portfolio_factorial,timeliness_infant_exposure_targeted_pep_resistance_guided,symptom_protective,country_timeline,timeliness_infant_exposure_targeted_pep_resistance_guided,2027-01-01,2051-01-01,2027,2051,81702919.19943082,403939911.14528376,18086388.801558353,3045053.005950281,9630627.45306912,17311883.924756665,6959001.752071183,27315938.682778127,124362652.26476634,13002689.495530842,9474.295150818045,9130.03863661896,9146.875464048884,914646.2880730929,403919159.49134755,0.9999486268789896,0.997,0.9999980416888705,1336693497.9398315,7975855.251986755,78965312.17095116,88748550.64477228,175689718.06771016,24.000492823261258,1259.1131814991388,56.376728115806095,1590.7335237580617,5031.032929307211,913.4563840257476,326.7123240417631,647.8129473788938,2949.3306908866266,308.36614123984174,0.295321397580786,4.769525687761792,2.1692332899432887,21.691354434741093,8255.779227593803,10714727.836764483,17485553.516799252,17485553.516799252,302340.997642503,3900.0,8766.0,6,4.52054794520548,0.8160229445633492,0.2022650323603329,4.944008305985935,0.6500895993319278,0.519684881618608,0.0016896705456404567,0.013306056398397404,0.012781824908999064,0.6223120474788909,0.15662988618996465,M3;M4;M5;M18,3.0,18.0,4,aP,True,China,/home/ctm/pertussis_transmission_analysis/outputs/calibrations/China_calibrated_config.yaml,current,fitted_parameters_and_state_only,e07d2d9623bba63452e5939f83db5c87901a902d0a71c99df08b4ecdc3550c54,c36eefa5b9e490f39c68369d7b2ec545f1003c465b2d7a3d65a4f58b53b37bf6,True,state_reconstruction_accepted,61.55520059847223,56.080676333404014,True,China,CHN,1,contact_reduction_mean,China,CHN,2025,2025,True,False,nearest_past_year,2024,measured_multicenter_isolate_fraction,https://www.sciencedirect.com/science/article/pii/S2666606525001658,Five sentinel hospitals in China during 2024; 393/394 isolates displayed high-level azithromycin resistance.,China,CHN,7,relative_detection_prior_mean,,,China,timeliness_infant_exposure_targeted_pep_resistance_guided,maternal_immunization;targeted_pep_high_risk;resistance_guided_treatment,True,True,7,"Routine timeliness plus infant-exposure reduction, targeted PEP, and resistance-guided management.",4.146450779474111,13.596381848998165,12.596381848998165,0.25,calibrated_country_scenario_analysis,schedule_relative,1.0,48.0,True,False,True,0.0,prospective_policy,0.625045577128,0.21629343924822697,0.06968937555510868,0.2752697392980301,0.17525110262964094,0.38265554958243186,0.15662988618996465,0.3363326371055545,0.15663953071645087,0.7165723792765983,0.7231963618587153,0.7229751049174722,1259.0484969252998,4242.471701603477,1492.8948448281974,1.0
program_portfolio_factorial,current,symptom_protective,country_timeline,current,2027-01-01,2051-01-01,2027,2051,12705727.052815368,60769780.62878725,823548.2802775057,597690.7031797703,1245428.5164610052,2008436.6418495732,1061480.5954907045,3667607.940520048,16250590.581697049,574707.2165930478,2434.5327166918623,2370.089944798544,2372.9192356506724,203936.87238874228,60663097.91837309,0.9982444776118935,0.827,0.9992420871435576,111945140.21979474,732023.6978501587,7080702.08153962,6776138.555340361,14588864.334730139,24.000492823261258,2261.8420009879937,30.652341853126554,3401.97564656117,7088.812758827185,1181.848081425272,652.6940027038127,1047.4691935537026,4641.170290673972,164.13643836992404,0.9061293778612985,13.490235383398645,6.777059703340697,58.24439109121635,51641.443580266634,752395.2682975316,357564.06292642385,357564.06292642385,158383.79843138542,1710.0,6990.0,3,7.972602739726027,0.8038902114645582,0.2090796925930738,4.782865268250959,0.4900368719878641,0.37676312971047426,4.56987380852714e-05,0.013835527004035727,0.018931779723507985,0.45722386652223507,0.0,M2;M3;M4;Y1,2.0,12.0,4,aP,True,Japan,/home/ctm/pertussis_transmission_analysis/outputs/calibrations/Japan_calibrated_config.yaml,current,fitted_parameters_and_state_only,e07d2d9623bba63452e5939f83db5c87901a902d0a71c99df08b4ecdc3550c54,c36eefa5b9e490f39c68369d7b2ec545f1003c465b2d7a3d65a4f58b53b37bf6,True,state_reconstruction_accepted,48.269543785369024,41.434615044876836,True,Japan,JPN,1,contact_reduction_mean,Japan,JPN,2025,2025,True,False,exact_year,2025,measured_multicenter_isolate_fraction,https://www.mdpi.com/2227-9059/14/1/167,"Japanese children at six clinics, March-August 2025; 43/52 sequenced B. pertussis isolates carried the A2047G mutation associated with macrolide resistance.",Japan,JPN,3,relative_detection_prior_mean,7.644092124256049e-05,2.2471172848738243e-16,Japan,current,,False,False,0,Current practice.,7.349919218851434,4.17043248237449,3.1704324823744896,0.25,calibrated_country_scenario_analysis,,,,,,,,,0.0,0.0,0.0,0.0,0.0,0.0,0.0,0.0,0.0,0.0,0.0,0.0,2257.8712867168997,3401.97564656117,2257.8712867168997,11.0
program_portfolio_factorial,routine_timeliness,symptom_protective,country_timeline,routine_timeliness,2027-01-01,2051-01-01,2027,2051,13863068.634029822,68185580.77677986,829816.5855088892,445983.7197304124,1222149.5325752657,2268623.0976147912,1186981.5808448552,3901588.398190059,18200675.377237547,556183.6046233764,2290.7304898880084,2220.1118228704736,2222.200036619148,164044.253090357,68044760.12264489,0.9979347443765862,0.827,0.9998362595203495,111945140.16143124,732023.6965086,7080702.078065889,6776138.560228061,14588864.334802547,24.000492823261258,2537.8569569828055,30.88564723746726,2538.4797655282546,6956.3119047651835,1334.9526695745622,729.8633266304367,1114.2940355917249,5198.1147027208835,158.84609294338597,0.8526064079980201,12.636579969720446,6.346605520574972,46.85105504119344,69296.84310033427,782677.5501050903,395340.4227645231,395340.4227645231,212532.7346194967,1680.0,7440.0,3,9.041095890410958,0.8094545125471496,0.20331378681679863,4.918505604841629,0.553241397205358,0.44769588796810383,4.244751274952133e-05,0.008317750233902263,0.008296250824657632,0.5365849486340485,-0.12203105015784232,M2;M3;M4;Y1,2.0,12.0,4,aP,True,Japan,/home/ctm/pertussis_transmission_analysis/outputs/calibrations/Japan_calibrated_config.yaml,current,fitted_parameters_and_state_only,e07d2d9623bba63452e5939f83db5c87901a902d0a71c99df08b4ecdc3550c54,c36eefa5b9e490f39c68369d7b2ec545f1003c465b2d7a3d65a4f58b53b37bf6,True,state_reconstruction_accepted,48.269543785369024,41.434615044876836,True,Japan,JPN,1,contact_reduction_mean,Japan,JPN,2025,2025,True,False,exact_year,2025,measured_multicenter_isolate_fraction,https://www.mdpi.com/2227-9059/14/1/167,"Japanese children at six clinics, March-August 2025; 43/52 sequenced B. pertussis isolates carried the A2047G mutation associated with macrolide resistance.",Japan,JPN,3,relative_detection_prior_mean,7.644092124256049e-05,2.2471172848738243e-16,Japan,routine_timeliness,,True,False,1,Routine timeliness improvement only.,7.349919218851434,4.202175060407499,3.202175060407499,0.25,calibrated_country_scenario_analysis,schedule_relative,1.0,48.0,,,,,,0.253821889218391,-0.12954675808225247,-0.11823201091691526,-0.0637964748317219,-0.12000085693727769,0.032231389192365234,-0.12203105015784232,-0.007611339106034176,-0.12168290926520209,0.05906769123203981,0.0632795064411863,0.06351636278518191,2532.6156336309773,3401.97564656117,2257.8712867168997,9.0
program_portfolio_factorial,timeliness_pregnancy_tdap,symptom_protective,country_timeline,timeliness_pregnancy_tdap,2027-01-01,2051-01-01,2027,2051,11926567.09094796,59043889.90065351,692659.6913750005,322110.59995587834,1043820.0169054293,1974139.7136771474,1019120.2503083125,3315370.563941338,15695690.81342375,455934.68958256434,1017.1303443245881,956.6666015695785,958.5023284419692,97398.71922021873,58938496.12643398,0.9982149927046328,0.8270000000000001,0.9992379889600029,111945140.22038993,732023.6977615979,7080702.0816322975,6776138.557462782,14588864.336856678,24.000492823261258,2197.6046103256112,25.7806884626612,1833.4105095693367,5941.2841097293785,1161.6663351130896,626.647041903201,946.8701635389895,4482.6908608659905,130.21499279251603,0.3785743686181236,5.445218511008016,2.7374836054688703,27.817083918034214,46916.09105927641,663377.7843651483,333059.54606206965,333059.54606206965,143891.18882803508,1740.0,7350.0,4,6.356164383561644,0.8108890059492205,0.2019949415767736,4.950619021417044,0.5549434796124948,0.4474626092971809,0.0013100374638729654,0.008924508066892186,0.00924484240835998,0.5354640916733696,0.02840047652428368,M2;M3;M4;Y1,2.0,12.0,4,aP,True,Japan,/home/ctm/pertussis_transmission_analysis/outputs/calibrations/Japan_calibrated_config.yaml,current,fitted_parameters_and_state_only,e07d2d9623bba63452e5939f83db5c87901a902d0a71c99df08b4ecdc3550c54,c36eefa5b9e490f39c68369d7b2ec545f1003c465b2d7a3d65a4f58b53b37bf6,True,state_reconstruction_accepted,48.269543785369024,41.434615044876836,True,Japan,JPN,1,contact_reduction_mean,Japan,JPN,2025,2025,True,False,exact_year,2025,measured_multicenter_isolate_fraction,https://www.mdpi.com/2227-9059/14/1/167,"Japanese children at six clinics, March-August 2025; 43/52 sequenced B. pertussis isolates carried the A2047G mutation associated with macrolide resistance.",Japan,JPN,3,relative_detection_prior_mean,7.644092124256049e-05,2.2471172848738243e-16,Japan,timeliness_pregnancy_tdap,pregnancy_tdap_scaleup,True,False,2,Routine timeliness plus pregnancy Tdap scale-up.,7.349919218851434,3.5076152124961624,2.5076152124961624,0.25,calibrated_country_scenario_analysis,schedule_relative,1.0,48.0,,,True,0.0,prospective_policy,0.4610747695384587,0.017076430223281425,0.03990684837984215,0.09604008451589419,0.03414643704692666,0.20666614857315557,0.02840047652428368,0.1589325022430993,0.028429174431102378,0.5822071573116074,0.596358524844552,0.5960661812498895,2193.6818700638473,3401.97564656117,2257.8712867168997,5.0
program_portfolio_factorial,timeliness_targeted_pep,symptom_protective,country_timeline,timeliness_targeted_pep,2027-01-01,2051-01-01,2027,2051,11831482.735575523,58278203.91008794,714892.958853803,395586.97342635156,1090062.1689406435,1947082.861797577,1002675.7270464603,3345345.562270389,15527232.976840856,481571.3009162728,1989.767712303859,1930.4025873875498,1932.2277215703516,143801.6420977844,58251103.00342597,0.9995349735433888,0.8270000000000001,0.9996842095615364,111945140.1923601,732023.697376795,7080702.078676155,6776138.553282168,14588864.329335118,24.000492823261258,2169.1058946466146,26.608207306517922,2251.6282140643584,6204.488265657951,1145.744952851962,616.5354662900395,955.4310265422753,4434.579288232307,137.53681161579954,0.7405885192334672,10.987593682919552,5.518444301701678,41.069763338501474,43075.834539311945,673365.2264572193,496745.3766467526,496745.3766467526,132113.15990153927,1740.0,7380.0,4,6.328767123287672,0.8097658970361248,0.20301728505273128,4.925688961608673,0.5520483572019507,0.4458513558428783,4.222002597094594e-05,0.008963637679952525,0.009275510700994175,0.533766988795033,0.04100025856468237,M2;M3;M4;Y1,2.0,12.0,4,aP,True,Japan,/home/ctm/pertussis_transmission_analysis/outputs/calibrations/Japan_calibrated_config.yaml,current,fitted_parameters_and_state_only,e07d2d9623bba63452e5939f83db5c87901a902d0a71c99df08b4ecdc3550c54,c36eefa5b9e490f39c68369d7b2ec545f1003c465b2d7a3d65a4f58b53b37bf6,True,state_reconstruction_accepted,48.269543785369024,41.434615044876836,True,Japan,JPN,1,contact_reduction_mean,Japan,JPN,2025,2025,True,False,exact_year,2025,measured_multicenter_isolate_fraction,https://www.mdpi.com/2227-9059/14/1/167,"Japanese children at six clinics, March-August 2025; 43/52 sequenced B. pertussis isolates carried the A2047G mutation associated with macrolide resistance.",Japan,JPN,3,relative_detection_prior_mean,7.644092124256049e-05,2.2471172848738243e-16,Japan,timeliness_targeted_pep,targeted_pep_high_risk,True,False,2,Routine timeliness plus targeted high-risk PEP.,7.349919218851434,3.620204047722305,2.620204047722305,0.25,calibrated_country_scenario_analysis,schedule_relative,1.0,48.0,,,True,0.0,prospective_policy,0.3381409961343016,0.03054802863758521,0.05539891044080725,0.08786718304573304,0.044512696398302354,0.16205802361226462,0.04100025856468237,0.13193558170880992,0.039760496635317666,0.18269009134219694,0.18551505118020628,0.18571703050798516,2168.097203018412,3401.97564656117,2257.8712867168997,8.0
program_portfolio_factorial,infant_exposure,symptom_protective,country_timeline,infant_exposure,2027-01-01,2051-01-01,2027,2051,12541142.096237142,61683438.33127347,785938.5529086327,506406.44765908696,1172253.3869513113,2036076.7377859391,1087312.3524817436,3629795.5379267693,16451997.596092315,542634.242398245,1317.0708634680054,1251.1455205104205,1253.9809417955944,149329.20826986615,61589598.51629779,0.998478687026626,0.8270000000000001,0.9995253802613194,111945140.16978696,732023.6969861042,7080702.077672008,6776138.553558094,14588864.328216206,24.000492823261258,2295.848202869125,29.25251352835203,2882.3978607428803,6672.3097038285205,1198.1126700045295,668.577696787001,1036.6699680652075,4698.692156167937,154.97639381070442,0.49021177430234875,7.1213531906391445,3.5813708218621,42.64843679232272,30339.08818995095,731256.8643370445,350864.4295753323,350864.4295753323,93049.68438486541,1740.0,7380.0,4,6.301369863013698,0.8095231437523798,0.20331457576804357,4.9184865188459215,0.5503849716275786,0.4302829253292907,0.0013701507591500823,0.013704005251976997,0.018745398238601458,0.5165654173778501,-0.01503473754607243,M2;M3;M4;Y1,2.0,12.0,4,aP,True,Japan,/home/ctm/pertussis_transmission_analysis/outputs/calibrations/Japan_calibrated_config.yaml,current,fitted_parameters_and_state_only,e07d2d9623bba63452e5939f83db5c87901a902d0a71c99df08b4ecdc3550c54,c36eefa5b9e490f39c68369d7b2ec545f1003c465b2d7a3d65a4f58b53b37bf6,True,state_reconstruction_accepted,48.269543785369024,41.434615044876836,True,Japan,JPN,1,contact_reduction_mean,Japan,JPN,2025,2025,True,False,exact_year,2025,measured_multicenter_isolate_fraction,https://www.mdpi.com/2227-9059/14/1/167,"Japanese children at six clinics, March-August 2025; 43/52 sequenced B. pertussis isolates carried the A2047G mutation associated with macrolide resistance.",Japan,JPN,3,relative_detection_prior_mean,,,Japan,infant_exposure,maternal_immunization,False,False,3,Infant-exposure reduction composite without routine timeliness changes.,7.349919218851434,3.979977555851736,2.979977555851736,0.25,calibrated_country_scenario_analysis,,,,True,False,True,0.0,prospective_policy,0.15272825064041073,-0.013761995454789178,-0.024335590401534768,0.010309826788061027,-0.012393827374010069,0.055807502096347994,-0.01503473754607243,0.045667908329794504,-0.015272886766918292,0.4590046564427803,0.4721105318149573,0.4715450391417374,2292.355499213203,3401.97564656117,2257.8712867168997,10.0
program_portfolio_factorial,routine_timeliness_resistance_guided,symptom_protective,country_timeline,routine_timeliness_resistance_guided,2027-01-01,2051-01-01,2027,2051,10971563.751517242,54247767.30425445,637223.85580296,321338.56620031904,887953.1775330161,1717879.261926213,973138.5296740446,3012356.357800577,14138456.69691501,417812.4391156869,1595.400018293659,1541.9935145798788,1543.5366163679184,116433.73361442136,53615138.975605294,0.9883381683691977,0.8270000000000001,0.9996024504799904,111945140.16751614,732023.6969766277,7080702.077545414,6776138.551089554,14588864.325611593,24.000492823261258,2019.0936570168044,23.71737509740134,1829.0161985171055,5054.110885091169,1010.8719730901479,598.3733336388314,860.3292767237627,4037.9446450778755,119.32727435111339,0.5938054628634623,8.776821125220172,4.408342118347633,33.2534859520674,33079.42917117532,1237871.503176889,1507473.6544804065,1507473.6544804065,101454.28315694914,2070.0,7236.0,5,4.5,0.8096946678187108,0.20224913018045598,4.944397036999635,0.5289465100721163,0.42865070332270716,3.584861098935088e-05,0.008250663278154291,0.008487159234837699,0.5121728389481349,0.10732329880162927,M2;M3;M4;Y1,2.0,12.0,4,aP,True,Japan,/home/ctm/pertussis_transmission_analysis/outputs/calibrations/Japan_calibrated_config.yaml,current,fitted_parameters_and_state_only,e07d2d9623bba63452e5939f83db5c87901a902d0a71c99df08b4ecdc3550c54,c36eefa5b9e490f39c68369d7b2ec545f1003c465b2d7a3d65a4f58b53b37bf6,True,state_reconstruction_accepted,48.269543785369024,41.434615044876836,True,Japan,JPN,1,contact_reduction_mean,Japan,JPN,2025,2025,True,False,exact_year,2025,measured_multicenter_isolate_fraction,https://www.mdpi.com/2227-9059/14/1/167,"Japanese children at six clinics, March-August 2025; 43/52 sequenced B. pertussis isolates carried the A2047G mutation associated with macrolide resistance.",Japan,JPN,3,relative_detection_prior_mean,7.644092124256049e-05,2.2471172848738243e-16,Japan,routine_timeliness_resistance_guided,resistance_guided_treatment,True,True,3,Routine timeliness plus resistance-guided management.,7.349919218851434,3.2268892203018846,2.2268892203018846,0.25,calibrated_country_scenario_analysis,schedule_relative,1.0,48.0,,,True,0.0,prospective_policy,0.46236646397414594,0.1446684320874495,0.08322532337562039,0.17865911333656892,0.1299727461696637,0.2729994907797698,0.10732329880162927,0.22624590316886006,0.11618198146116787,0.34467916271770194,0.3493945164553882,0.3495199528168227,1995.5473267418536,3401.97564656117,2257.8712867168997,3.0
program_portfolio_factorial,timeliness_infant_exposure,symptom_protective,country_timeline,timeliness_infant_exposure,2027-01-01,2051-01-01,2027,2051,12163352.154817762,61373179.51793685,709672.1366898962,326849.2405593191,1059737.0467973868,2058557.6994591635,1065811.255055022,3451218.1950735045,16351777.807225626,472053.14668392664,1037.7141893894745,974.104527328027,976.0053710846079,99200.75175602184,61272726.84083165,0.9983632479546568,0.8270000000000001,0.9995892489818492,111945140.17753285,732023.6967205891,7080702.075029618,6776138.553024374,14588864.324774582,24.000492823261258,2284.300416817587,26.41388910233624,1860.3822215738478,6031.88172636193,1211.3414081140154,655.3568830005909,985.6682613479808,4670.069375562419,134.81842585901165,0.38623564462178733,5.5444728630683935,2.7874723150118506,28.33174461335041,25428.20534635689,681544.6883207738,339474.5689684487,339474.5689684487,77988.05512221952,1770.0,7416.0,4,5.643835616438356,0.8145648653674235,0.19818676904726626,5.045745509688927,0.6052451627191325,0.4929072963983717,0.0012776520057480097,0.008838142114654987,0.009121800204402092,0.5860075683943273,-0.009929258965660326,M2;M3;M4;Y1,2.0,12.0,4,aP,True,Japan,/home/ctm/pertussis_transmission_analysis/outputs/calibrations/Japan_calibrated_config.yaml,current,fitted_parameters_and_state_only,e07d2d9623bba63452e5939f83db5c87901a902d0a71c99df08b4ecdc3550c54,c36eefa5b9e490f39c68369d7b2ec545f1003c465b2d7a3d65a4f58b53b37bf6,True,state_reconstruction_accepted,48.269543785369024,41.434615044876836,True,Japan,JPN,1,contact_reduction_mean,Japan,JPN,2025,2025,True,False,exact_year,2025,measured_multicenter_isolate_fraction,https://www.mdpi.com/2227-9059/14/1/167,"Japanese children at six clinics, March-August 2025; 43/52 sequenced B. pertussis isolates carried the A2047G mutation associated with macrolide resistance.",Japan,JPN,3,relative_detection_prior_mean,,,Japan,timeliness_infant_exposure,maternal_immunization,True,False,4,Routine timeliness plus infant-exposure reduction composite.,7.349919218851434,3.5937659062413365,2.5937659062413365,0.25,calibrated_country_scenario_analysis,schedule_relative,1.0,48.0,True,False,True,0.0,prospective_policy,0.45314652073313055,-0.02495525951141464,-0.004079829233539112,0.05900023910839847,-0.006226679887101794,0.17861976837122429,-0.009929258965660326,0.13827500623185984,-0.010049419935835413,0.5737522103216748,0.589001029490117,0.5886900167434566,2280.561583438183,3401.97564656117,2257.8712867168997,6.0
program_portfolio_factorial,infant_exposure_resistance_guided,symptom_protective,country_timeline,infant_exposure_resistance_guided,2027-01-01,2051-01-01,2027,2051,10767869.114199083,53787127.64967976,644922.9743139644,381699.50102909334,870400.2927123207,1646353.2623680076,997734.6045104687,3025787.3679075693,13979377.009550383,433473.6448621096,971.7812053126706,917.1418128829646,919.3498186662882,112646.92221872504,53215964.66552231,0.9893810469323165,0.8270000000000001,0.9996666976372498,111945140.17180187,732023.6971314658,7080702.079690481,6776138.550608769,14588864.327430716,24.000492823261258,2001.9487189834388,24.00393511770873,2172.5825768614054,4954.202208133673,968.7830845359234,613.4972187670782,864.1651744443298,3992.5114699765613,123.80011626141712,0.36169548814333574,5.220248697754357,2.6256640002186202,32.171972235140565,33436.421448121764,1237449.708387547,1466355.2775576082,1466355.2775576082,102549.17495488859,2070.0,7176.0,6,3.6,0.8115719597443165,0.20019416512313415,4.995150579862937,0.5472264138970069,0.431419495786199,0.0011045017328052235,0.012417888206903177,0.016950449765267328,0.5167535741920312,0.11490337642916781,M2;M3;M4;Y1,2.0,12.0,4,aP,True,Japan,/home/ctm/pertussis_transmission_analysis/outputs/calibrations/Japan_calibrated_config.yaml,current,fitted_parameters_and_state_only,e07d2d9623bba63452e5939f83db5c87901a902d0a71c99df08b4ecdc3550c54,c36eefa5b9e490f39c68369d7b2ec545f1003c465b2d7a3d65a4f58b53b37bf6,True,state_reconstruction_accepted,48.269543785369024,41.434615044876836,True,Japan,JPN,1,contact_reduction_mean,Japan,JPN,2025,2025,True,False,exact_year,2025,measured_multicenter_isolate_fraction,https://www.mdpi.com/2227-9059/14/1/167,"Japanese children at six clinics, March-August 2025; 43/52 sequenced B. pertussis isolates carried the A2047G mutation associated with macrolide resistance.",Japan,JPN,3,relative_detection_prior_mean,,,Japan,infant_exposure_resistance_guided,maternal_immunization;resistance_guided_treatment,False,True,5,Infant-exposure reduction plus resistance-guided management.,7.349919218851434,3.265877406671662,2.265877406671662,0.25,calibrated_country_scenario_analysis,,,,True,False,True,0.0,prospective_policy,0.3613762118125371,0.1802812057581873,0.06005384483808407,0.1749970506720716,0.13976190961974766,0.24574873544862097,0.11490337642916781,0.21689718774393063,0.12276216490059344,0.6008346083624767,0.6130350179765347,0.6125659041175939,1980.6901194926445,3401.97564656117,2257.8712867168997,7.0
program_portfolio_factorial,timeliness_infant_exposure_targeted_pep,symptom_protective,country_timeline,timeliness_infant_exposure_targeted_pep,2027-01-01,2051-01-01,2027,2051,12082198.969031937,61013479.10959125,703484.2977052794,321587.9934917914,1043155.9397089601,2041446.4385002123,1064070.6382570844,3427105.070249088,16249676.990857515,467432.642126142,1020.42396313784,957.4192310528675,959.2969494615181,97616.08055569339,60983626.70177013,0.9995107243799767,0.8270000000000001,0.9997894797467042,111945140.17199728,732023.6967455752,7080702.0780726345,6776138.553579896,14588864.328398105,24.000492823261258,2270.9124223829613,26.183578676783554,1830.4359059226094,5937.50427927111,1201.2724263153407,654.2865947568195,978.7815502457131,4640.9093710534,133.498809262484,0.3798002486999135,5.449502385059399,2.739753045481282,27.879162353276673,26018.59521431609,675834.0981726549,508383.3235387786,508383.3235387786,79798.77502315266,2040.0,7416.0,4,5.36986301369863,0.8146322729730574,0.19802507815248693,5.049865448001295,0.6048586653948788,0.4928145794190636,0.001262151946445777,0.008790557333389128,0.00906820060159613,0.5857377555134478,-0.004010191879622482,M2;M3;M4;Y1,2.0,12.0,4,aP,True,Japan,/home/ctm/pertussis_transmission_analysis/outputs/calibrations/Japan_calibrated_config.yaml,current,fitted_parameters_and_state_only,e07d2d9623bba63452e5939f83db5c87901a902d0a71c99df08b4ecdc3550c54,c36eefa5b9e490f39c68369d7b2ec545f1003c465b2d7a3d65a4f58b53b37bf6,True,state_reconstruction_accepted,48.269543785369024,41.434615044876836,True,Japan,JPN,1,contact_reduction_mean,Japan,JPN,2025,2025,True,False,exact_year,2025,measured_multicenter_isolate_fraction,https://www.mdpi.com/2227-9059/14/1/167,"Japanese children at six clinics, March-August 2025; 43/52 sequenced B. pertussis isolates carried the A2047G mutation associated with macrolide resistance.",Japan,JPN,3,relative_detection_prior_mean,,,Japan,timeliness_infant_exposure_targeted_pep,maternal_immunization;targeted_pep_high_risk,True,False,5,Routine timeliness plus infant-exposure reduction and targeted high-risk PEP.,7.349919218851434,3.562430810072936,2.562430810072936,0.25,calibrated_country_scenario_analysis,schedule_relative,1.0,48.0,True,False,True,0.0,prospective_policy,0.46194914563517,-0.01643556782564981,-0.002440028369225633,0.06557485810134278,5.621893154839075e-05,0.18665952222219495,-0.004010191879622482,0.14578863856259783,-0.005283752733278302,0.5808542821620275,0.5960409717133129,0.5957313105945337,2269.8013202994807,3401.97564656117,2257.8712867168997,4.0
program_portfolio_factorial,timeliness_infant_exposure_resistance_guided,symptom_protective,country_timeline,timeliness_infant_exposure_resistance_guided,2027-01-01,2051-01-01,2027,2051,10400197.15827851,53083787.14270969,586050.6286106523,245771.4189589503,792542.71636423,1680820.192058338,960697.6609374103,2887289.271954699,13806214.579211649,381141.92586314067,764.138360570361,711.7027785999555,713.1922846398007,74465.50533223937,52529993.478576176,0.9895675554827182,0.8270000000000001,0.999666453936188,111945140.16431044,732023.6968375483,7080702.078603358,6776138.550093002,14588864.325533908,24.000492823261258,1975.770492308147,21.81271535685051,1398.898089977889,4511.047284684418,989.0648669899876,590.723565607086,824.6101045163063,3943.056263091637,108.85417210336307,0.28441113683106667,4.050917156407529,2.0368778774248035,21.26735576214232,31569.314060149783,1159293.7679324276,1406582.1281781406,1406582.1281781406,96822.77499601655,2070.0,7176.0,6,3.6,0.8157827294068722,0.19592040655122758,5.104113540814486,0.5985978536134967,0.4909306211337715,0.0010499851546616912,0.00814039843122962,0.008340693344736071,0.5810667766828692,0.1264772294148554,M2;M3;M4;Y1,2.0,12.0,4,aP,True,Japan,/home/ctm/pertussis_transmission_analysis/outputs/calibrations/Japan_calibrated_config.yaml,current,fitted_parameters_and_state_only,e07d2d9623bba63452e5939f83db5c87901a902d0a71c99df08b4ecdc3550c54,c36eefa5b9e490f39c68369d7b2ec545f1003c465b2d7a3d65a4f58b53b37bf6,True,state_reconstruction_accepted,48.269543785369024,41.434615044876836,True,Japan,JPN,1,contact_reduction_mean,Japan,JPN,2025,2025,True,False,exact_year,2025,measured_multicenter_isolate_fraction,https://www.mdpi.com/2227-9059/14/1/167,"Japanese children at six clinics, March-August 2025; 43/52 sequenced B. pertussis isolates carried the A2047G mutation associated with macrolide resistance.",Japan,JPN,3,relative_detection_prior_mean,,,Japan,timeliness_infant_exposure_resistance_guided,maternal_immunization;resistance_guided_treatment,True,True,6,Routine timeliness plus infant-exposure reduction and resistance-guided management.,7.349919218851434,2.9677489925201064,1.9677489925201064,0.25,calibrated_country_scenario_analysis,schedule_relative,1.0,48.0,True,False,True,0.0,prospective_policy,0.5887983238631228,0.16312013183026397,0.09494562122136951,0.2127595646045809,0.15041767191147426,0.3368067863796661,0.1264772294148554,0.28838339822265846,0.13407004740682327,0.6861252447620824,0.6997148651839667,0.6994451922657882,1955.1583762682599,3401.97564656117,2257.8712867168997,2.0
program_portfolio_factorial,timeliness_infant_exposure_targeted_pep_resistance_guided,symptom_protective,country_timeline,timeliness_infant_exposure_targeted_pep_resistance_guided,2027-01-01,2051-01-01,2027,2051,9607932.649278175,49330513.12150499,533404.886466599,215605.43728734687,691729.608831478,1517240.2066694908,904442.2237156528,2637287.8676724904,12666373.32457806,343236.7293452,665.7232398810471,617.9855228631073,619.3064949647322,65333.37616445232,49219319.82453322,0.9977459529622589,0.8270000000000001,0.999861515827925,111945140.21455151,732023.6973975019,7080702.079700013,6776138.5589478165,14588864.33604533,24.000492823261258,1836.0742026585465,19.853248823929004,1227.1973505177177,3937.232538812533,892.8075650562608,556.1326484956942,753.2096779349661,3617.517484289378,98.02844412040287,0.24778117832368637,3.517491051513565,1.7687399670446082,18.65921874605999,15353.784380083094,1058817.673716481,2053363.6296661508,2053363.6296661508,47089.90534938062,2100.0,7206.0,6,3.583561643835617,0.8162710565149475,0.19476652565143748,5.134352510808982,0.5950410488730212,0.4895491209229946,0.0009671513286358346,0.007786195813883206,0.007936950097272548,0.5783507516332297,0.1882394076285897,M2;M3;M4;Y1,2.0,12.0,4,aP,True,Japan,/home/ctm/pertussis_transmission_analysis/outputs/calibrations/Japan_calibrated_config.yaml,current,fitted_parameters_and_state_only,e07d2d9623bba63452e5939f83db5c87901a902d0a71c99df08b4ecdc3550c54,c36eefa5b9e490f39c68369d7b2ec545f1003c465b2d7a3d65a4f58b53b37bf6,True,state_reconstruction_accepted,48.269543785369024,41.434615044876836,True,Japan,JPN,1,contact_reduction_mean,Japan,JPN,2025,2025,True,False,exact_year,2025,measured_multicenter_isolate_fraction,https://www.mdpi.com/2227-9059/14/1/167,"Japanese children at six clinics, March-August 2025; 43/52 sequenced B. pertussis isolates carried the A2047G mutation associated with macrolide resistance.",Japan,JPN,3,relative_detection_prior_mean,,,Japan,timeliness_infant_exposure_targeted_pep_resistance_guided,maternal_immunization;targeted_pep_high_risk;resistance_guided_treatment,True,True,7,"Routine timeliness plus infant-exposure reduction, targeted PEP, and resistance-guided management.",7.349919218851434,2.7011519763385174,1.7011519763385174,0.25,calibrated_country_scenario_analysis,schedule_relative,1.0,48.0,True,False,True,0.0,prospective_policy,0.6392692137583773,0.24456655736361133,0.14794276263001827,0.28092426714003227,0.2205591999318396,0.40276245114867404,0.1882394076285897,0.3523089061799013,0.18864480193433353,0.7265498897112141,0.7392565104040236,0.7390107148779913,1831.9356050409713,3401.97564656117,2257.8712867168997,1.0
program_portfolio_factorial,current,symptom_protective,country_timeline,current,2027-01-01,2051-01-01,2027,2051,600963.174397823,3007750.0142857237,69143.33857494876,42761.378078837966,93591.65336158469,158935.27236051668,71451.15986177906,273147.8103011337,1195786.1092994718,56996.73076203486,148.80500021339938,147.00239753857602,147.21307846437085,13868.17889515999,2954672.021070447,0.9823529239587148,0.01,0.9995656933561743,5541767.543681206,54207.87921865429,527070.568921235,488456.0565477362,1069734.5046876254,24.000492823261258,2261.378574764282,51.98545879757691,3286.7685041161462,7193.736786262432,1256.4099427888416,609.4858460516512,1063.9018385699378,4657.548009693199,222.00041282905693,1.118791248282276,11.299047691319926,5.733901533646474,54.01610581432614,18202.273574852785,46483.79438808108,19312.601810349486,19312.601810349486,2763.6375046116505,1560.0,7686.0,5,4.910958904109589,0.8130054239089983,0.19980489453693476,5.004882399490699,0.7029122152811601,0.5320885787170713,0.001222350656029455,0.022410815575563767,0.0306696848274838,0.648609364222083,0.0,W6;M3;M5;Y4;Y11-Y13,1.3808219178082193,156.0,5,aP,True,New_Zealand,/home/ctm/pertussis_transmission_analysis/outputs/calibrations/New_Zealand_calibrated_config.yaml,current,fitted_parameters_and_state_only,e07d2d9623bba63452e5939f83db5c87901a902d0a71c99df08b4ecdc3550c54,c36eefa5b9e490f39c68369d7b2ec545f1003c465b2d7a3d65a4f58b53b37bf6,True,state_reconstruction_accepted,32.1464548944196,29.28661041270576,True,New_Zealand,NZL,1,contact_reduction_mean,New_Zealand,NZL,2025,2025,True,False,exact_year,2025,low_detected_model_anchor,https://www.tewhatuora.govt.nz/for-health-professionals/clinical-guidance/communicable-disease-control-manual/pertussis,"Health New Zealand notes MRBP has been detected by PHF Science and is being assessed; no public national fraction was located, so use a low detected/imported anchor pending surveillance.",New_Zealand,NZL,3,relative_detection_prior_mean,1.0204827386537681e-05,1.352852648487234e-16,New_Zealand,current,,False,False,0,Current practice.,25.11070274470987,2.070251052951069,1.0702510529510691,0.25,calibrated_country_scenario_analysis,,,,,,,,,0.0,0.0,0.0,0.0,0.0,0.0,0.0,0.0,0.0,0.0,0.0,0.0,2221.471855097284,3286.7685041161462,2221.471855097284,11.0
program_portfolio_factorial,routine_timeliness,symptom_protective,country_timeline,routine_timeliness,2027-01-01,2051-01-01,2027,2051,616355.7978542802,3373682.0183861945,62966.90947234997,31205.68470775599,89165.18369839237,145873.5278021629,82638.65947902438,259717.87198894325,1335276.1373302795,49725.89977105828,131.5636852137268,129.76257174271004,129.9132647094364,10533.064217859812,3243637.055931601,0.9614531062068498,0.009999999999999998,0.9995702759509887,5541767.543390735,54207.87921276627,527070.5688887619,488456.05660025694,1069734.504701785,24.000492823261258,2536.504762234273,47.34170703384499,2398.5630554018644,6853.504976736779,1153.1546648492367,704.9163845788651,1011.5926655616472,5200.85713269783,193.6807625583719,0.9891623225396342,9.973942679701574,5.060079413588813,41.02594260101757,24074.615016970798,44586.22031596769,23137.77750107459,23137.77750107459,3655.2306882376974,1080.0,8406.0,5,5.239726027397261,0.8291135944452387,0.1826952850017308,5.4735950081608635,0.7697240317327811,0.5743854981591968,0.0010760266874675082,0.012977854592925706,0.025609943020260807,0.7300602074321272,-0.1216630379394652,W6;M3;M5;Y4;Y11-Y13,1.3808219178082193,156.0,5,aP,True,New_Zealand,/home/ctm/pertussis_transmission_analysis/outputs/calibrations/New_Zealand_calibrated_config.yaml,current,fitted_parameters_and_state_only,e07d2d9623bba63452e5939f83db5c87901a902d0a71c99df08b4ecdc3550c54,c36eefa5b9e490f39c68369d7b2ec545f1003c465b2d7a3d65a4f58b53b37bf6,True,state_reconstruction_accepted,32.1464548944196,29.28661041270576,True,New_Zealand,NZL,1,contact_reduction_mean,New_Zealand,NZL,2025,2025,True,False,exact_year,2025,low_detected_model_anchor,https://www.tewhatuora.govt.nz/for-health-professionals/clinical-guidance/communicable-disease-control-manual/pertussis,"Health New Zealand notes MRBP has been detected by PHF Science and is being assessed; no public national fraction was located, so use a low detected/imported anchor pending surveillance.",New_Zealand,NZL,3,relative_detection_prior_mean,1.0204827386537681e-05,1.352852648487234e-16,New_Zealand,routine_timeliness,,True,False,1,Routine timeliness improvement only.,25.11070274470987,1.885319877948003,0.8853198779480029,0.25,calibrated_country_scenario_analysis,schedule_relative,1.0,48.0,,,,,,0.270236692320277,0.08218279280841778,-0.1565754795147809,0.04916729260023922,-0.11665131995263356,0.12756575497869838,-0.1216630379394652,0.08932789810118547,-0.0977993607989287,0.11586515893247551,0.11727581375903717,0.1175154676160205,2438.7303825586087,3286.7685041161462,2221.471855097284,9.0
program_portfolio_factorial,timeliness_pregnancy_tdap,symptom_protective,country_timeline,timeliness_pregnancy_tdap,2027-01-01,2051-01-01,2027,2051,536362.4494161096,2928430.4677189384,53273.63459587864,23983.74559708781,76093.33578608799,128636.7912038273,68853.51732549054,221474.05412640565,1141512.9602297554,41622.273017795225,71.0917542782344,69.43822118819965,69.57165470094434,7083.409862176228,2872133.1227851803,0.9807755910361053,0.01,0.9969870143109139,5541767.543041465,54207.87922000287,527070.5690496303,488456.05639979336,1069734.5046694265,24.000492823261258,2201.7421284008146,40.053812755930764,1843.4630308673998,5848.763315520877,1016.895375313304,587.3276844581666,862.6342386741495,4446.155859062618,162.11739988333272,0.5345037626870175,5.337231133121361,2.7097933264903626,27.58965106670177,33954.21649958973,38262.12331220096,17208.51744196175,17208.51744196175,5155.243149228201,1890.0,7356.0,3,7.52054794520548,0.8294512507989148,0.18315696934880682,5.459797700056859,0.7683609021841205,0.573230914258591,0.001915577106091452,0.013778231702082054,0.0264178890960758,0.726249204279871,0.02637172178207836,W6;M3;M5;Y4;Y11-Y13,1.3808219178082193,156.0,5,aP,True,New_Zealand,/home/ctm/pertussis_transmission_analysis/outputs/calibrations/New_Zealand_calibrated_config.yaml,current,fitted_parameters_and_state_only,e07d2d9623bba63452e5939f83db5c87901a902d0a71c99df08b4ecdc3550c54,c36eefa5b9e490f39c68369d7b2ec545f1003c465b2d7a3d65a4f58b53b37bf6,True,state_reconstruction_accepted,32.1464548944196,29.28661041270576,True,New_Zealand,NZL,1,contact_reduction_mean,New_Zealand,NZL,2025,2025,True,False,exact_year,2025,low_detected_model_anchor,https://www.tewhatuora.govt.nz/for-health-professionals/clinical-guidance/communicable-disease-control-manual/pertussis,"Health New Zealand notes MRBP has been detected by PHF Science and is being assessed; no public national fraction was located, so use a low detected/imported anchor pending surveillance.",New_Zealand,NZL,3,relative_detection_prior_mean,1.0204827386537681e-05,1.352852648487234e-16,New_Zealand,timeliness_pregnancy_tdap,pregnancy_tdap_scaleup,True,False,2,Routine timeliness plus pregnancy Tdap scale-up.,25.11070274470987,1.5950892797840552,0.5950892797840552,0.25,calibrated_country_scenario_analysis,schedule_relative,1.0,48.0,,,True,0.0,prospective_policy,0.4391259899793303,0.19063409088929362,0.036355498515539986,0.18917873117035044,0.04538700412025298,0.26974279995863304,0.02637172178207836,0.22951891398573365,0.027935045705616002,0.5222488883015852,0.5276388524889342,0.5274084651535742,2159.4149372914017,3286.7685041161462,2221.471855097284,6.0
program_portfolio_factorial,timeliness_targeted_pep,symptom_protective,country_timeline,timeliness_targeted_pep,2027-01-01,2051-01-01,2027,2051,534345.6469616217,2901600.226905448,54714.49265486883,27395.732659001296,78433.47299881719,127242.62633437349,68253.79163189094,222892.15062526573,1133347.9957574098,43191.117581789804,114.91565633470819,113.28437173313799,113.41661616022265,9213.200524020162,2889059.457212598,0.995677981557706,0.01,0.9986231123959787,5541767.542860355,54207.879226249104,527070.569080966,488456.0564623751,1069734.5047695902,24.000492823261258,2181.5697965129307,41.13712271614047,2105.718648079241,6028.633319757684,1005.8742685008823,582.2119616636019,868.1576783406261,4414.35358754721,168.2279984268465,0.8639940219250213,8.70737851999121,4.417540316906413,35.88511643223976,34767.772634031804,38769.019837895816,23208.88114188319,23208.88114188319,5278.764764954135,1890.0,7326.0,4,6.027397260273973,0.8283185702086324,0.184155502197317,5.43019344015326,0.7657272318563803,0.5717508730590224,0.001090086294750874,0.013751948397518721,0.02637165314902504,0.7245135440150855,0.0352920910568042,W6;M3;M5;Y4;Y11-Y13,1.3808219178082193,156.0,5,aP,True,New_Zealand,/home/ctm/pertussis_transmission_analysis/outputs/calibrations/New_Zealand_calibrated_config.yaml,current,fitted_parameters_and_state_only,e07d2d9623bba63452e5939f83db5c87901a902d0a71c99df08b4ecdc3550c54,c36eefa5b9e490f39c68369d7b2ec545f1003c465b2d7a3d65a4f58b53b37bf6,True,state_reconstruction_accepted,32.1464548944196,29.28661041270576,True,New_Zealand,NZL,1,contact_reduction_mean,New_Zealand,NZL,2025,2025,True,False,exact_year,2025,low_detected_model_anchor,https://www.tewhatuora.govt.nz/for-health-professionals/clinical-guidance/communicable-disease-control-manual/pertussis,"Health New Zealand notes MRBP has been detected by PHF Science and is being assessed; no public national fraction was located, so use a low detected/imported anchor pending surveillance.",New_Zealand,NZL,3,relative_detection_prior_mean,1.0204827386537681e-05,1.352852648487234e-16,New_Zealand,timeliness_targeted_pep,targeted_pep_high_risk,True,False,2,Routine timeliness plus targeted high-risk PEP.,25.11070274470987,1.6382306434974991,0.6382306434974991,0.25,calibrated_country_scenario_analysis,schedule_relative,1.0,48.0,,,True,0.0,prospective_policy,0.3593346638994528,0.19940599437394868,0.044749003880040106,0.18398704943108746,0.05221511862070394,0.24221763240920624,0.0352920910568042,0.20868020285771438,0.022206377886283435,0.2277433139349545,0.22937058422186496,0.2295751346055016,2172.1410116192505,3286.7685041161462,2221.471855097284,7.0
program_portfolio_factorial,infant_exposure,symptom_protective,country_timeline,infant_exposure,2027-01-01,2051-01-01,2027,2051,590904.8383040357,2980925.4514836483,65550.93620686822,36875.051180708644,85879.71348937007,157078.97934441327,71368.48936754641,265322.5198926683,1180597.5719949384,53489.17377844646,92.63368700278112,90.84645008383885,91.05324643768921,10854.96358139204,2926741.5508032963,0.9818231278969476,0.01,0.9993661475782829,5541767.543388007,54207.87920365797,527070.568726036,488456.0568187763,1069734.5047484704,24.000492823261258,2241.210511942149,49.284509017614454,2834.3276640547165,6600.973827294816,1241.7356361076825,608.7806577754205,1033.4225868425042,4598.389150549835,208.3385924291376,0.6964669075077362,6.982732183663971,3.546494338743275,42.279730152198496,19245.521818242323,44715.05877875567,19027.207780413984,19027.207780413984,2922.0331004904397,1830.0,7686.0,4,6.301369863013698,0.8146637209000861,0.19822865345724566,5.044679376867593,0.7049198288012584,0.5331421428303801,0.0020546246666158377,0.022121801938447955,0.03027888346315485,0.6504645187330398,0.008918481481063445,W6;M3;M5;Y4;Y11-Y13,1.3808219178082193,156.0,5,aP,True,New_Zealand,/home/ctm/pertussis_transmission_analysis/outputs/calibrations/New_Zealand_calibrated_config.yaml,current,fitted_parameters_and_state_only,e07d2d9623bba63452e5939f83db5c87901a902d0a71c99df08b4ecdc3550c54,c36eefa5b9e490f39c68369d7b2ec545f1003c465b2d7a3d65a4f58b53b37bf6,True,state_reconstruction_accepted,32.1464548944196,29.28661041270576,True,New_Zealand,NZL,1,contact_reduction_mean,New_Zealand,NZL,2025,2025,True,False,exact_year,2025,low_detected_model_anchor,https://www.tewhatuora.govt.nz/for-health-professionals/clinical-guidance/communicable-disease-control-manual/pertussis,"Health New Zealand notes MRBP has been detected by PHF Science and is being assessed; no public national fraction was located, so use a low detected/imported anchor pending surveillance.",New_Zealand,NZL,3,relative_detection_prior_mean,,,New_Zealand,infant_exposure,maternal_immunization,False,False,3,Infant-exposure reduction composite without routine timeliness changes.,25.11070274470987,1.9626893567523649,0.9626893567523649,0.25,calibrated_country_scenario_analysis,,,,True,False,True,0.0,prospective_policy,0.13765521979382578,0.011679553497053408,0.0011570210251670154,0.028648556251790525,0.012701717461353734,0.0615396170393121,0.008918481481063445,0.05195587083470832,0.00945298493813429,0.3774826997080991,0.38200701753861444,0.3814867035762294,2200.47231511056,3286.7685041161462,2221.471855097284,10.0
program_portfolio_factorial,routine_timeliness_resistance_guided,symptom_protective,country_timeline,routine_timeliness_resistance_guided,2027-01-01,2051-01-01,2027,2051,472225.17937232496,2591976.492144459,45989.95102323673,21201.19861151966,61163.824991793634,106237.7876911594,65208.92575572617,192647.91205840523,994909.1453593194,35669.47991745579,86.57873584105305,85.16700163379147,85.27241255182479,7060.97957295288,2136587.0179894962,0.8243080230337281,0.01,0.9986573884964551,5541767.54308778,54207.87920475138,527070.5688677523,488456.0566590564,1069734.5047315601,24.000492823261258,1948.7790136866759,34.57757107990267,1629.588076774616,4701.236084001381,839.8275020150035,556.2389379287085,750.3573526773703,3875.1387673487766,138.93146432921853,0.6509427224742097,6.546192644111211,3.3213327388360945,27.502285817993368,9801.010654712254,65392.43159261033,76503.44141002266,76503.44141002266,1488.0800749518323,2250.0,7686.0,6,3.2054794520547945,0.828860232581075,0.1821872925173144,5.4888570228078,0.7493380778716233,0.5635405330112596,0.0008942594009380375,0.012630724980701806,0.024390885388179198,0.7114222081018042,0.13823406871132604,W6;M3;M5;Y4;Y11-Y13,1.3808219178082193,156.0,5,aP,True,New_Zealand,/home/ctm/pertussis_transmission_analysis/outputs/calibrations/New_Zealand_calibrated_config.yaml,current,fitted_parameters_and_state_only,e07d2d9623bba63452e5939f83db5c87901a902d0a71c99df08b4ecdc3550c54,c36eefa5b9e490f39c68369d7b2ec545f1003c465b2d7a3d65a4f58b53b37bf6,True,state_reconstruction_accepted,32.1464548944196,29.28661041270576,True,New_Zealand,NZL,1,contact_reduction_mean,New_Zealand,NZL,2025,2025,True,False,exact_year,2025,low_detected_model_anchor,https://www.tewhatuora.govt.nz/for-health-professionals/clinical-guidance/communicable-disease-control-manual/pertussis,"Health New Zealand notes MRBP has been detected by PHF Science and is being assessed; no public national fraction was located, so use a low detected/imported anchor pending surveillance.",New_Zealand,NZL,3,relative_detection_prior_mean,1.0204827386537681e-05,1.352852648487234e-16,New_Zealand,routine_timeliness_resistance_guided,resistance_guided_treatment,True,True,3,Routine timeliness plus resistance-guided management.,25.11070274470987,1.377005312493184,0.37700531249318403,0.25,calibrated_country_scenario_analysis,schedule_relative,1.0,48.0,,,True,0.0,prospective_policy,0.5041974893224537,0.33156569895839305,0.08736364977319289,0.29471185639006525,0.167987370298048,0.37418375684777005,0.13823406871132604,0.3348607115147417,0.2768784477661843,0.4181732084480255,0.42064209115064166,0.4207551839732583,1606.394176101682,3286.7685041161462,2221.471855097284,3.0
program_portfolio_factorial,timeliness_infant_exposure,symptom_protective,country_timeline,timeliness_infant_exposure,2027-01-01,2051-01-01,2027,2051,535047.70089638,2923877.9674877785,52886.341887938266,23283.399793287408,73890.38327987399,128523.80530181812,68861.77275310614,220668.97784821168,1138940.0765397465,41255.587510151825,68.94448766098412,67.29310400644684,67.42624277371777,6894.591616736903,2867579.5690459986,0.9807452981732504,0.01,0.9969947600128203,5541767.54304126,54207.879220157796,527070.5690478752,488456.0564031676,1069734.5046712006,24.000492823261258,2198.319328488454,39.76262651111797,1789.6323398677173,5679.4377409181925,1016.0022028412739,587.3981041127411,859.4984927495556,4436.134560750669,160.68917175509657,0.5183595262975306,5.172350956011974,2.6262302295902757,26.854210140880088,33903.3333102974,38041.07250965109,17163.667701547856,17163.667701547856,5147.517592874404,1890.0,7356.0,3,7.52054794520548,0.8296160832466101,0.18299248697991924,5.464705226448644,0.7683366923656832,0.5730467049168014,0.0018555783953631765,0.013728672607407868,0.02632374896838982,0.7264286923945223,0.027885311744521135,W6;M3;M5;Y4;Y11-Y13,1.3808219178082193,156.0,5,aP,True,New_Zealand,/home/ctm/pertussis_transmission_analysis/outputs/calibrations/New_Zealand_calibrated_config.yaml,current,fitted_parameters_and_state_only,e07d2d9623bba63452e5939f83db5c87901a902d0a71c99df08b4ecdc3550c54,c36eefa5b9e490f39c68369d7b2ec545f1003c465b2d7a3d65a4f58b53b37bf6,True,state_reconstruction_accepted,32.1464548944196,29.28661041270576,True,New_Zealand,NZL,1,contact_reduction_mean,New_Zealand,NZL,2025,2025,True,False,exact_year,2025,low_detected_model_anchor,https://www.tewhatuora.govt.nz/for-health-professionals/clinical-guidance/communicable-disease-control-manual/pertussis,"Health New Zealand notes MRBP has been detected by PHF Science and is being assessed; no public national fraction was located, so use a low detected/imported anchor pending surveillance.",New_Zealand,NZL,3,relative_detection_prior_mean,,,New_Zealand,timeliness_infant_exposure,maternal_immunization,True,False,4,Routine timeliness plus infant-exposure reduction composite.,25.11070274470987,1.583493178799819,0.583493178799819,0.25,calibrated_country_scenario_analysis,schedule_relative,1.0,48.0,True,False,True,0.0,prospective_policy,0.4555039888948281,0.19134498344530781,0.03623995906689326,0.1921261327157131,0.047538629456924775,0.27617624803084506,0.027885311744521135,0.23512021580196807,0.029476182490724145,0.5366789586229515,0.5422312483795515,0.5419819796103471,2155.9913452984288,3286.7685041161462,2221.471855097284,5.0
program_portfolio_factorial,infant_exposure_resistance_guided,symptom_protective,country_timeline,infant_exposure_resistance_guided,2027-01-01,2051-01-01,2027,2051,523083.32263217063,2680329.4512495156,54991.56123283386,28503.458524587953,65230.28557469207,131759.92485064158,69438.00275471313,229701.38612994264,1043519.51275102,44144.99866869379,69.54147816196775,68.00129246628056,68.1654512882281,8390.558061499509,2190068.4716111664,0.8170892837782313,0.01,0.9988438422823613,5541767.5431944905,54207.87920765093,527070.568812985,488456.05666654266,1069734.5046871786,24.000492823261258,2015.2072366749248,41.34543688306572,2190.86180018076,5013.796510244395,1041.5842702427171,592.3134058099203,894.6794292672274,4064.474567729206,171.94333425383297,0.522848002792112,5.226784458411523,2.6550221608064155,32.680950795173985,11163.252862524847,76084.92128817411,86543.92862162174,86543.92862162174,1694.9082846578954,2250.0,7716.0,6,3.4027397260273973,0.8161924334257906,0.195156353778943,5.124096554564231,0.6917562708264618,0.5276173068299915,0.0016216343687256482,0.01993411587203408,0.027212027382029793,0.6429884932036724,0.10885896815928153,W6;M3;M5;Y4;Y11-Y13,1.3808219178082193,156.0,5,aP,True,New_Zealand,/home/ctm/pertussis_transmission_analysis/outputs/calibrations/New_Zealand_calibrated_config.yaml,current,fitted_parameters_and_state_only,e07d2d9623bba63452e5939f83db5c87901a902d0a71c99df08b4ecdc3550c54,c36eefa5b9e490f39c68369d7b2ec545f1003c465b2d7a3d65a4f58b53b37bf6,True,state_reconstruction_accepted,32.1464548944196,29.28661041270576,True,New_Zealand,NZL,1,contact_reduction_mean,New_Zealand,NZL,2025,2025,True,False,exact_year,2025,low_detected_model_anchor,https://www.tewhatuora.govt.nz/for-health-professionals/clinical-guidance/communicable-disease-control-manual/pertussis,"Health New Zealand notes MRBP has been detected by PHF Science and is being assessed; no public national fraction was located, so use a low detected/imported anchor pending surveillance.",New_Zealand,NZL,3,relative_detection_prior_mean,,,New_Zealand,infant_exposure_resistance_guided,maternal_immunization;resistance_guided_treatment,False,True,5,Infant-exposure reduction plus resistance-guided management.,25.11070274470987,1.6465264753204114,0.6465264753204114,0.25,calibrated_country_scenario_analysis,,,,True,False,True,0.0,prospective_policy,0.33342984241441154,0.17098374140783934,0.028175289399924974,0.15905829200422028,0.1273359803766697,0.22548191662076023,0.10885896815928153,0.20467304058184743,0.2587778080999753,0.5326670605003918,0.5374137183821385,0.5369606287750732,1646.6042376794228,3286.7685041161462,2221.471855097284,8.0
program_portfolio_factorial,timeliness_infant_exposure_targeted_pep,symptom_protective,country_timeline,timeliness_infant_exposure_targeted_pep,2027-01-01,2051-01-01,2027,2051,526816.9325408135,2881287.9402427236,51957.48873243815,22746.22327272673,72211.02679709293,126334.41981207105,68239.59251073847,217320.23559553624,1122881.931972071,40509.03714930616,67.18516905418379,65.56585684021685,65.69626208839905,6731.283603338699,2868547.6445496846,0.9955782636247158,0.01,0.9987629566053405,5541767.542836757,54207.87921020051,527070.5689125431,488456.05652429326,1069734.504647037,24.000492823261258,2166.2979921327646,39.064267734331224,1748.3433324860398,5550.357337081297,998.6947441781026,582.0908416053793,846.4552505927813,4373.5886099556965,157.78138238035544,0.5051320792704874,5.039589529694515,2.5588480445300545,26.218130739925307,34212.9464522194,37383.03248302687,22837.50237317896,22837.50237317896,5194.525923115657,1890.0,7326.0,4,6.2465753424657535,0.8296344338773909,0.18284077935523296,5.469239430757106,0.7671110284634479,0.5721297663527773,0.0018282919251800121,0.013675909643585353,0.026230854271127254,0.7253759726235552,0.042045407178904814,W6;M3;M5;Y4;Y11-Y13,1.3808219178082193,156.0,5,aP,True,New_Zealand,/home/ctm/pertussis_transmission_analysis/outputs/calibrations/New_Zealand_calibrated_config.yaml,current,fitted_parameters_and_state_only,e07d2d9623bba63452e5939f83db5c87901a902d0a71c99df08b4ecdc3550c54,c36eefa5b9e490f39c68369d7b2ec545f1003c465b2d7a3d65a4f58b53b37bf6,True,state_reconstruction_accepted,32.1464548944196,29.28661041270576,True,New_Zealand,NZL,1,contact_reduction_mean,New_Zealand,NZL,2025,2025,True,False,exact_year,2025,low_detected_model_anchor,https://www.tewhatuora.govt.nz/for-health-professionals/clinical-guidance/communicable-disease-control-manual/pertussis,"Health New Zealand notes MRBP has been detected by PHF Science and is being assessed; no public national fraction was located, so use a low detected/imported anchor pending surveillance.",New_Zealand,NZL,3,relative_detection_prior_mean,,,New_Zealand,timeliness_infant_exposure_targeted_pep,maternal_immunization;targeted_pep_high_risk,True,False,5,Routine timeliness plus infant-exposure reduction and targeted high-risk PEP.,25.11070274470987,1.5556819787754044,0.5556819787754044,0.25,calibrated_country_scenario_analysis,schedule_relative,1.0,48.0,True,False,True,0.0,prospective_policy,0.4680661780639962,0.2051203113333857,0.04494772873181219,0.20438595002482352,0.060967573348138515,0.28927437402622114,0.042045407178904814,0.24855394889388804,0.02914854016604329,0.5485019390623005,0.5539810374656562,0.5537335216836787,2156.719193501246,3286.7685041161462,2221.471855097284,4.0
program_portfolio_factorial,timeliness_infant_exposure_resistance_guided,symptom_protective,country_timeline,timeliness_infant_exposure_resistance_guided,2027-01-01,2051-01-01,2027,2051,468167.8200175826,2585977.3301064046,44047.96839853046,17696.72527307467,56262.04918120437,105950.55399821862,65396.7421247512,189044.0213960445,990326.6539822142,33746.75328798091,51.10645021829628,49.69712757311883,49.80169214087992,5214.618248166743,2135019.3547516027,0.8256141033779881,0.01,0.9986703900735645,5541767.5430372795,54207.87920268756,527070.5687790707,488456.05670634826,1069734.5046881067,24.000492823261258,1944.2685402819304,33.117490328916205,1360.22368510746,4324.470809601862,837.556871713787,557.8410310915608,736.320315773665,3857.290112611403,131.44250663862564,0.38424413937468477,3.8198711322944328,1.9397597137659506,20.31076850129676,9488.148436209087,63645.71206912065,75562.39242078291,75562.39242078291,1440.5784396521487,2280.0,7686.0,6,3.4027397260273973,0.8300143478355637,0.18104096063298397,5.523611874924007,0.7507796721789567,0.5640812545709751,0.0014940328582579608,0.0125337501528657,0.024207318871622363,0.7125445702962107,0.1402286367470872,W6;M3;M5;Y4;Y11-Y13,1.3808219178082193,156.0,5,aP,True,New_Zealand,/home/ctm/pertussis_transmission_analysis/outputs/calibrations/New_Zealand_calibrated_config.yaml,current,fitted_parameters_and_state_only,e07d2d9623bba63452e5939f83db5c87901a902d0a71c99df08b4ecdc3550c54,c36eefa5b9e490f39c68369d7b2ec545f1003c465b2d7a3d65a4f58b53b37bf6,True,state_reconstruction_accepted,32.1464548944196,29.28661041270576,True,New_Zealand,NZL,1,contact_reduction_mean,New_Zealand,NZL,2025,2025,True,False,exact_year,2025,low_detected_model_anchor,https://www.tewhatuora.govt.nz/for-health-professionals/clinical-guidance/communicable-disease-control-manual/pertussis,"Health New Zealand notes MRBP has been detected by PHF Science and is being assessed; no public national fraction was located, so use a low detected/imported anchor pending surveillance.",New_Zealand,NZL,3,relative_detection_prior_mean,,,New_Zealand,timeliness_infant_exposure_resistance_guided,maternal_immunization;resistance_guided_treatment,True,True,6,Routine timeliness plus infant-exposure reduction and resistance-guided management.,25.11070274470987,1.3188595582372997,0.3188595582372997,0.25,calibrated_country_scenario_analysis,schedule_relative,1.0,48.0,True,False,True,0.0,prospective_policy,0.5861516614256981,0.333372935883682,0.08473505186955699,0.3079057775069418,0.17181957017181115,0.40791773779314033,0.1402286367470872,0.3629470415174685,0.2774090187423963,0.6565542142736792,0.6619298160761125,0.6617033441567955,1605.2155276108956,3286.7685041161462,2221.471855097284,2.0
program_portfolio_factorial,timeliness_infant_exposure_targeted_pep_resistance_guided,symptom_protective,country_timeline,timeliness_infant_exposure_targeted_pep_resistance_guided,2027-01-01,2051-01-01,2027,2051,437509.7481175874,2435911.948043963,40025.95261564569,15248.76254107259,48359.048344006085,95143.87675489095,63552.069990988544,173944.70928695207,924269.4664036832,30306.88048290871,44.07619517325231,42.77068456491095,42.863046972315956,4515.405106750548,2366084.780830604,0.9713342810812886,0.01,0.9993024021750576,5541767.543200611,54207.87921107537,527070.5688971904,488456.05654329865,1069734.5046515644,24.000492823261258,1831.4417965699222,30.093535452578564,1172.0658852796432,3717.0223259710965,752.1282782629879,542.105785575401,677.5089861497306,3599.9995152441497,118.04431392887886,0.3313871264471948,3.2874838291673347,1.6695017409006312,17.587356053946728,14836.327203984305,58258.924977466595,99108.24604941154,99108.24604941154,2252.5883988861506,2640.0,7326.0,6,3.3534246575342466,0.8306490787748704,0.17960819497966982,5.567674682734782,0.7437090545050116,0.5597496974449654,0.0013645988583498288,0.011721103833290501,0.022703380334542892,0.7079199714788283,0.19012154052887942,W6;M3;M5;Y4;Y11-Y13,1.3808219178082193,156.0,5,aP,True,New_Zealand,/home/ctm/pertussis_transmission_analysis/outputs/calibrations/New_Zealand_calibrated_config.yaml,current,fitted_parameters_and_state_only,e07d2d9623bba63452e5939f83db5c87901a902d0a71c99df08b4ecdc3550c54,c36eefa5b9e490f39c68369d7b2ec545f1003c465b2d7a3d65a4f58b53b37bf6,True,state_reconstruction_accepted,32.1464548944196,29.28661041270576,True,New_Zealand,NZL,1,contact_reduction_mean,New_Zealand,NZL,2025,2025,True,False,exact_year,2025,low_detected_model_anchor,https://www.tewhatuora.govt.nz/for-health-professionals/clinical-guidance/communicable-disease-control-manual/pertussis,"Health New Zealand notes MRBP has been detected by PHF Science and is being assessed; no public national fraction was located, so use a low detected/imported anchor pending surveillance.",New_Zealand,NZL,3,relative_detection_prior_mean,,,New_Zealand,timeliness_infant_exposure_targeted_pep_resistance_guided,maternal_immunization;targeted_pep_high_risk;resistance_guided_treatment,True,True,7,"Routine timeliness plus infant-exposure reduction, targeted PEP, and resistance-guided management.",25.11070274470987,1.1984346180402474,0.19843461804024742,0.25,calibrated_country_scenario_analysis,schedule_relative,1.0,48.0,True,False,True,0.0,prospective_policy,0.6433987110294044,0.40136713932780244,0.11055229734648331,0.36318468343134247,0.22706121168680526,0.4682698449944094,0.19012154052887942,0.4211162862455785,0.1992056092308382,0.7037989643490259,0.7090477075131569,0.7088366915532586,1778.942200813469,3286.7685041161462,2221.471855097284,1.0
program_portfolio_factorial,current,symptom_protective,country_timeline,current,2027-01-01,2051-01-01,2027,2051,322152.52907976444,1161572.8494499414,36100.766233324815,10633.904767601573,16621.0707605151,47003.75011964947,31872.611587282296,89510.26647453335,295421.49290730973,23823.117762784903,40.99287794004922,39.90676739203472,39.96451876808278,3597.5113270366446,168957.43010052555,0.14545573287162722,0.010000000000000002,0.9895267490120636,10961092.959208673,96829.04689497812,939387.8132142144,895528.4771244552,1931745.337233648,24.000492823261258,441.54241817477146,13.72278943001527,457.57991159240987,715.2093474016568,208.48145413189147,148.29212551124394,193.06467480500106,637.1945554958759,51.38407765797337,0.1558240145003717,1.717199419616835,0.8619946206833689,7.759471419507453,84396.21176797067,26585.2988947238,59213.44969327182,59213.44969327182,25344.512947775,0.0,8766.0,2,23.91780821917808,0.8157105259033626,0.2773416486381535,3.6056611219784584,0.5225950225643292,0.4069782947874809,0.000712755246230973,0.010168175795714595,0.01412230730591666,0.49759178421646694,0.0,M3;M5;M12;Y5;Y14-Y16,3.0,192.0,5,aP,True,Sweden,/home/ctm/pertussis_transmission_analysis/outputs/calibrations/Sweden_calibrated_config.yaml,current,fitted_parameters_and_state_only,e07d2d9623bba63452e5939f83db5c87901a902d0a71c99df08b4ecdc3550c54,c36eefa5b9e490f39c68369d7b2ec545f1003c465b2d7a3d65a4f58b53b37bf6,True,state_reconstruction_accepted,27.539837140679783,25.32984077491631,True,Sweden,SWE,1,contact_reduction_mean,Sweden,SWE,2025,2025,True,False,exact_year,2025,low_imported_model_anchor,https://www.folkhalsomyndigheten.se/contentassets/975cc036216b48a39b7bf34319d4ecee/pertussis-surveillance-sweden-23rd-annual-report.pdf,"No public Swedish MRBP prevalence estimate was located in the accessible national surveillance material, so keep a conservative low anchor pending numeric reporting.",Sweden,SWE,2,relative_detection_prior_mean,3.202340290308184e-05,1.4235413699758381e-16,Sweden,current,,False,False,0,Current practice.,5.954795201043958,2.3044939358467733,1.3044939358467733,0.25,calibrated_country_scenario_analysis,,,,,,,,,0.0,0.0,0.0,0.0,0.0,0.0,0.0,0.0,0.0,0.0,0.0,0.0,64.22487602952188,457.57991159240987,64.22487602952188,10.0
program_portfolio_factorial,routine_timeliness,symptom_protective,country_timeline,routine_timeliness,2027-01-01,2051-01-01,2027,2051,698244.6642588536,3427965.4498849465,76887.46181428003,18732.041292636903,41076.561809805615,102080.50444954983,94048.78992942044,214861.33567160717,1014228.5926868523,51129.004819199276,66.94322884724124,65.04828561488668,65.15037741190895,5829.657588377506,1814782.365351383,0.529405092286532,0.01,0.9997827020800727,10961092.959783249,96829.04683675457,939387.8130231837,895528.4773232209,1931745.337183159,24.000492823261258,1303.0540054368364,29.22681589113801,806.0450033273539,1767.5360033332597,452.77008656358856,437.5761590513554,463.4343694250237,2187.589436859172,110.28013967077736,0.254467682832685,2.799046018305525,1.405228352477387,12.573987218262205,82131.07809756642,43576.8555397005,100596.77473127475,100596.77473127475,24664.28443601763,0.0,8766.0,2,22.931506849315067,0.822065035843227,0.2036906948062411,4.909404432790809,0.5666804448697986,0.42978166108696003,0.000468536585039553,0.015304489399389328,0.04473033428544809,0.5061770845999216,-1.9511411630430642,M3;M5;M12;Y5;Y14-Y16,3.0,192.0,5,aP,True,Sweden,/home/ctm/pertussis_transmission_analysis/outputs/calibrations/Sweden_calibrated_config.yaml,current,fitted_parameters_and_state_only,e07d2d9623bba63452e5939f83db5c87901a902d0a71c99df08b4ecdc3550c54,c36eefa5b9e490f39c68369d7b2ec545f1003c465b2d7a3d65a4f58b53b37bf6,True,state_reconstruction_accepted,27.539837140679783,25.32984077491631,True,Sweden,SWE,1,contact_reduction_mean,Sweden,SWE,2025,2025,True,False,exact_year,2025,low_imported_model_anchor,https://www.folkhalsomyndigheten.se/contentassets/975cc036216b48a39b7bf34319d4ecee/pertussis-surveillance-sweden-23rd-annual-report.pdf,"No public Swedish MRBP prevalence estimate was located in the accessible national surveillance material, so keep a conservative low anchor pending numeric reporting.",Sweden,SWE,2,relative_detection_prior_mean,3.202340290308184e-05,1.4235413699758381e-16,Sweden,routine_timeliness,,True,False,1,Routine timeliness improvement only.,5.954795201043958,4.9081143690742115,3.9081143690742115,0.25,calibrated_country_scenario_analysis,schedule_relative,1.0,48.0,,,,,,-0.7615393124177683,-1.1717523429449952,-1.9507713753505995,-1.4004099656293345,-2.433157766232915,-1.146192842108603,-1.9511411630430642,-1.1298013819802195,-9.741062788280464,-0.633045353515886,-0.6300063840267385,-0.6302054777634547,689.8434260026235,457.57991159240987,64.22487602952188,11.0
program_portfolio_factorial,timeliness_pregnancy_tdap,symptom_protective,country_timeline,timeliness_pregnancy_tdap,2027-01-01,2051-01-01,2027,2051,288427.50097972446,1006153.4891333645,31533.26650804483,8883.940579422791,14162.637374064183,40880.16638374847,26771.35827846839,76535.46524163964,239836.60720084576,20385.42951089479,31.575490514052756,30.568686554910066,30.617339669917236,2858.768803696241,30529.903818468538,0.030343187344870234,0.01,0.7804228434171289,10961092.959374003,96829.04690119234,939387.8129422797,895528.4773753956,1931745.3372188676,24.000492823261258,382.4636955405818,11.986570410366385,382.27846059415884,609.4222676197053,181.32077788707892,124.55777619455428,165.07932877446737,517.3035272897365,43.96932859574314,0.12002620793884142,1.31537917595523,0.6603853345128671,6.166077827391442,84375.76485865303,24668.669238619594,55766.24998694395,55766.24998694395,25338.37266120488,0.0,150.0,1,,0.821319130104058,0.28666352012371116,3.488410382906219,0.6118080654505839,0.48406755205173985,0.0011377068718892084,0.010544111123000013,0.017471364154133844,0.5826548833015608,0.13380078605502455,M3;M5;M12;Y5;Y14-Y16,3.0,192.0,5,aP,True,Sweden,/home/ctm/pertussis_transmission_analysis/outputs/calibrations/Sweden_calibrated_config.yaml,current,fitted_parameters_and_state_only,e07d2d9623bba63452e5939f83db5c87901a902d0a71c99df08b4ecdc3550c54,c36eefa5b9e490f39c68369d7b2ec545f1003c465b2d7a3d65a4f58b53b37bf6,True,state_reconstruction_accepted,27.539837140679783,25.32984077491631,True,Sweden,SWE,1,contact_reduction_mean,Sweden,SWE,2025,2025,True,False,exact_year,2025,low_imported_model_anchor,https://www.folkhalsomyndigheten.se/contentassets/975cc036216b48a39b7bf34319d4ecee/pertussis-surveillance-sweden-23rd-annual-report.pdf,"No public Swedish MRBP prevalence estimate was located in the accessible national surveillance material, so keep a conservative low anchor pending numeric reporting.",Sweden,SWE,2,relative_detection_prior_mean,3.202340290308184e-05,1.4235413699758381e-16,Sweden,timeliness_pregnancy_tdap,pregnancy_tdap_scaleup,True,False,2,Routine timeliness plus pregnancy Tdap scale-up.,5.954795201043958,2.012927398118574,1.012927398118574,0.25,calibrated_country_scenario_analysis,schedule_relative,1.0,48.0,,,True,0.0,prospective_policy,0.16456459094033027,0.13027862075500862,0.16005131223226754,0.14495321870799227,0.18815450818909807,0.14430051877006078,0.13380078605502455,0.12652085265336277,0.8193041655531603,0.229732282758217,0.23399742568445947,0.2338869423752593,11.605167566399285,457.57991159240987,64.22487602952188,6.0
program_portfolio_factorial,timeliness_targeted_pep,symptom_protective,country_timeline,timeliness_targeted_pep,2027-01-01,2051-01-01,2027,2051,261755.0140721073,823719.603175716,28914.68558188971,8358.057196946422,11821.08202081558,37303.12377578768,24923.65203971316,70584.83301244726,199655.98922523874,18845.644057839687,32.722720380600016,31.830977474178106,31.875264606296422,2796.9472046584638,45028.468769520936,0.05466480170669855,0.01,0.9783957273808396,10961092.959954755,96829.04687126039,939387.8132204472,895528.4772618474,1931745.337353555,24.000492823261258,313.1160870638848,10.991183374996726,359.64955092055305,508.6644826664495,165.455085362124,115.96104466630636,152.24441136866358,430.6379608557613,40.64816567524071,0.1243871109071254,1.3696959094911276,0.6875175147542283,6.032734833096026,70740.94164027195,23031.51569784044,80198.30144986344,80198.30144986344,21243.78184640425,0.0,150.0,1,,0.8208497826569543,0.3177719858346866,3.1469105036849485,0.6083567628236083,0.4806480513971366,0.0007290800449425046,0.010649642190331801,0.01788246992136066,0.5790955706669733,0.29085842221106883,M3;M5;M12;Y5;Y14-Y16,3.0,192.0,5,aP,True,Sweden,/home/ctm/pertussis_transmission_analysis/outputs/calibrations/Sweden_calibrated_config.yaml,current,fitted_parameters_and_state_only,e07d2d9623bba63452e5939f83db5c87901a902d0a71c99df08b4ecdc3550c54,c36eefa5b9e490f39c68369d7b2ec545f1003c465b2d7a3d65a4f58b53b37bf6,True,state_reconstruction_accepted,27.539837140679783,25.32984077491631,True,Sweden,SWE,1,contact_reduction_mean,Sweden,SWE,2025,2025,True,False,exact_year,2025,low_imported_model_anchor,https://www.folkhalsomyndigheten.se/contentassets/975cc036216b48a39b7bf34319d4ecee/pertussis-surveillance-sweden-23rd-annual-report.pdf,"No public Swedish MRBP prevalence estimate was located in the accessible national surveillance material, so keep a conservative low anchor pending numeric reporting.",Sweden,SWE,2,relative_detection_prior_mean,3.202340290308184e-05,1.4235413699758381e-16,Sweden,timeliness_targeted_pep,targeted_pep_high_risk,True,False,2,Routine timeliness plus targeted high-risk PEP.,5.954795201043958,1.8457701741060415,0.8457701741060415,0.25,calibrated_country_scenario_analysis,schedule_relative,1.0,48.0,,,True,0.0,prospective_policy,0.2140180507906182,0.20637983818670957,0.21802291062781587,0.2114331037934133,0.3241656615421614,0.208934605222862,0.29085842221106883,0.1990561808298018,0.7334922249961711,0.2017462050735751,0.20236642668953742,0.2024108987456832,17.11642881052462,457.57991159240987,64.22487602952188,3.0
program_portfolio_factorial,infant_exposure,symptom_protective,country_timeline,infant_exposure,2027-01-01,2051-01-01,2027,2051,301225.1856537978,1048542.9133861357,33182.73848952575,9349.621396739949,14208.352438394828,43584.96727438868,28344.755689711354,81279.34436083998,253983.44424392688,21595.881325167262,32.5111667635031,31.47143715388658,31.525677503497583,3051.427305872027,60290.9116700908,0.0574997083098764,0.01,0.9411124794290875,10961092.959327789,96829.04689316764,939387.8128640747,895528.477180035,1931745.3369372776,24.000492823261258,398.57695860465714,12.613575292419451,402.31683710928036,611.3893997399831,193.31771052122392,131.87824463498112,175.3114006677812,547.8168371924348,46.580151864442584,0.12358294356726916,1.3542247881235046,0.6799772714212139,6.581622910901277,84327.50244894405,25355.744915315212,58174.268981367786,58174.268981367786,25323.879270433357,0.0,8766.0,1,,0.8167467782803712,0.2872797877971722,3.4809271047847914,0.5286552742245236,0.4138606002244026,0.0010822991978455291,0.009916921675973299,0.013812874782283597,0.5038431785684213,0.09730766014144587,M3;M5;M12;Y5;Y14-Y16,3.0,192.0,5,aP,True,Sweden,/home/ctm/pertussis_transmission_analysis/outputs/calibrations/Sweden_calibrated_config.yaml,current,fitted_parameters_and_state_only,e07d2d9623bba63452e5939f83db5c87901a902d0a71c99df08b4ecdc3550c54,c36eefa5b9e490f39c68369d7b2ec545f1003c465b2d7a3d65a4f58b53b37bf6,True,state_reconstruction_accepted,27.539837140679783,25.32984077491631,True,Sweden,SWE,1,contact_reduction_mean,Sweden,SWE,2025,2025,True,False,exact_year,2025,low_imported_model_anchor,https://www.folkhalsomyndigheten.se/contentassets/975cc036216b48a39b7bf34319d4ecee/pertussis-surveillance-sweden-23rd-annual-report.pdf,"No public Swedish MRBP prevalence estimate was located in the accessible national surveillance material, so keep a conservative low anchor pending numeric reporting.",Sweden,SWE,2,relative_detection_prior_mean,,,Sweden,infant_exposure,maternal_immunization,False,False,3,Infant-exposure reduction composite without routine timeliness changes.,5.954795201043958,2.1182215116664493,1.1182215116664493,0.25,calibrated_country_scenario_analysis,,,,True,False,True,0.0,prospective_policy,0.12077251009191492,0.07273425708710857,0.11068612585793303,0.09195506211608862,0.14026754876763248,0.09349055231960024,0.09730766014144587,0.08083007781439877,0.6431591577028368,0.20690694585899416,0.21137593419385337,0.21115833556151276,22.91805885880547,457.57991159240987,64.22487602952188,9.0
program_portfolio_factorial,routine_timeliness_resistance_guided,symptom_protective,country_timeline,routine_timeliness_resistance_guided,2027-01-01,2051-01-01,2027,2051,284546.2325927564,981944.5280411402,31375.249496264296,9206.79766290038,14238.2774068129,40120.04726184493,26199.39141971168,75526.236344457,232250.18575001424,20380.103267108978,36.498425627538026,35.50496774760476,35.5528297765925,3088.168958646502,11762.722864594047,0.011979009535354555,0.01,0.0220406324875292,10961092.960223295,96829.04687327304,939387.8131795914,895528.4771412472,1931745.337194112,24.000492823261258,373.2612737892002,11.926504255583481,396.17109177231197,612.6770796695355,177.94932897920657,121.89661427705175,162.9025231819107,500.94037647516745,43.957840422212605,0.13873949548058842,1.5277887438093358,0.7668389101834205,6.660870973117013,84270.08147149267,51186.07224955834,55521.85630180709,55521.85630180709,25306.635528071834,0.0,150.0,1,,0.8209069057978317,0.28977831686723843,3.4509138254749017,0.6108208197688134,0.4842035301409305,0.0007512285200807436,0.010402386575768332,0.01693767424947153,0.582729530423493,0.15464232096494301,M3;M5;M12;Y5;Y14-Y16,3.0,192.0,5,aP,True,Sweden,/home/ctm/pertussis_transmission_analysis/outputs/calibrations/Sweden_calibrated_config.yaml,current,fitted_parameters_and_state_only,e07d2d9623bba63452e5939f83db5c87901a902d0a71c99df08b4ecdc3550c54,c36eefa5b9e490f39c68369d7b2ec545f1003c465b2d7a3d65a4f58b53b37bf6,True,state_reconstruction_accepted,27.539837140679783,25.32984077491631,True,Sweden,SWE,1,contact_reduction_mean,Sweden,SWE,2025,2025,True,False,exact_year,2025,low_imported_model_anchor,https://www.folkhalsomyndigheten.se/contentassets/975cc036216b48a39b7bf34319d4ecee/pertussis-surveillance-sweden-23rd-annual-report.pdf,"No public Swedish MRBP prevalence estimate was located in the accessible national surveillance material, so keep a conservative low anchor pending numeric reporting.",Sweden,SWE,2,relative_detection_prior_mean,3.202340290308184e-05,1.4235413699758381e-16,Sweden,routine_timeliness_resistance_guided,resistance_guided_treatment,True,True,3,Routine timeliness plus resistance-guided management.,5.954795201043958,2.002840375348694,1.0028403753486939,0.25,calibrated_country_scenario_analysis,schedule_relative,1.0,48.0,,,True,0.0,prospective_policy,0.1342034874197081,0.1464500777125627,0.17799671520592697,0.15622822588797636,0.21383449977052238,0.1445240933600388,0.15464232096494301,0.13089796229029538,0.9303805529208944,0.10963983351166973,0.11030208488669901,0.11039014424499027,4.471300357899416,457.57991159240987,64.22487602952188,8.0
program_portfolio_factorial,timeliness_infant_exposure,symptom_protective,country_timeline,timeliness_infant_exposure,2027-01-01,2051-01-01,2027,2051,284903.6687937608,987777.4516387562,31052.132431231897,8643.701943646802,13419.857861459986,40392.70565250198,26257.220572818507,75293.62816896729,233238.0944431257,20030.233663603594,30.82863716067851,29.829641942596787,29.877808122197564,2791.0962881571304,18846.000569030395,0.019079196976772697,0.01,0.45588653591686296,10961092.958868183,96829.04687358417,939387.8127202771,895528.4770370836,1931745.3366309449,24.000492823261258,375.4785116018966,11.803679511007852,371.94092466665927,577.4602565461299,179.1586840145039,122.16567313531264,162.40081070478695,503.07119667285383,43.203206761076906,0.11718723460028731,1.2835778788924619,0.6444343803220798,6.020114994785974,84327.50245247997,24444.06676773193,55414.02937582458,55414.02937582458,25323.879270433357,0.0,150.0,1,,0.8216315000151332,0.2884290062717022,3.4670576753920264,0.6152512387811918,0.4875936261355969,0.0010971295722487558,0.010355488223477382,0.016760101763739363,0.5870385192217263,0.14962074732849118,M3;M5;M12;Y5;Y14-Y16,3.0,192.0,5,aP,True,Sweden,/home/ctm/pertussis_transmission_analysis/outputs/calibrations/Sweden_calibrated_config.yaml,current,fitted_parameters_and_state_only,e07d2d9623bba63452e5939f83db5c87901a902d0a71c99df08b4ecdc3550c54,c36eefa5b9e490f39c68369d7b2ec545f1003c465b2d7a3d65a4f58b53b37bf6,True,state_reconstruction_accepted,27.539837140679783,25.32984077491631,True,Sweden,SWE,1,contact_reduction_mean,Sweden,SWE,2025,2025,True,False,exact_year,2025,low_imported_model_anchor,https://www.folkhalsomyndigheten.se/contentassets/975cc036216b48a39b7bf34319d4ecee/pertussis-surveillance-sweden-23rd-annual-report.pdf,"No public Swedish MRBP prevalence estimate was located in the accessible national surveillance material, so keep a conservative low anchor pending numeric reporting.",Sweden,SWE,2,relative_detection_prior_mean,,,Sweden,timeliness_infant_exposure,maternal_immunization,True,False,4,Routine timeliness plus infant-exposure reduction composite.,5.954795201043958,1.9822141841147622,0.9822141841147622,0.25,calibrated_country_scenario_analysis,schedule_relative,1.0,48.0,True,False,True,0.0,prospective_policy,0.1871563520127002,0.14064929820107708,0.17618233131245586,0.15882690182372372,0.21049043470812878,0.159210231714773,0.14962074732849118,0.13984838353465467,0.8884571068676713,0.2479513830240362,0.25251670601235676,0.2523916453096605,7.163828483398018,457.57991159240987,64.22487602952188,5.0
program_portfolio_factorial,infant_exposure_resistance_guided,symptom_protective,country_timeline,infant_exposure_resistance_guided,2027-01-01,2051-01-01,2027,2051,292107.74018163397,997328.7678556337,32059.30212849637,9052.727199347875,13502.827593633483,41881.90727626116,26849.24534744421,77783.87982305324,235741.35520653386,20771.690584395077,31.681289407955166,30.666237075917188,30.718625362136144,2959.3305786742035,12059.97489988885,0.012092276176710633,0.01,0.028889215895410183,10961092.9596354,96829.0469191671,939387.8132757625,895528.4768189063,1931745.3370138358,24.000492823261258,379.1092018599008,12.186529491425441,389.54139622667384,581.0304671735772,185.76392113338466,124.92015759049224,167.77203393859253,508.4704791842808,44.802455028146234,0.12042837556131733,1.319576802052701,0.6625699654642035,6.3829794992264555,84204.18716865823,51932.02636470202,57618.030122169715,57618.030122169715,25286.847209484964,0.0,150.0,1,,0.8167194384900858,0.2928901176787446,3.4142497122311446,0.5259166730070409,0.41239693686521717,0.0010835072223003514,0.009780486672953208,0.013638201345613932,0.5014144777661735,0.14139800329534635,M3;M5;M12;Y5;Y14-Y16,3.0,192.0,5,aP,True,Sweden,/home/ctm/pertussis_transmission_analysis/outputs/calibrations/Sweden_calibrated_config.yaml,current,fitted_parameters_and_state_only,e07d2d9623bba63452e5939f83db5c87901a902d0a71c99df08b4ecdc3550c54,c36eefa5b9e490f39c68369d7b2ec545f1003c465b2d7a3d65a4f58b53b37bf6,True,state_reconstruction_accepted,27.539837140679783,25.32984077491631,True,Sweden,SWE,1,contact_reduction_mean,Sweden,SWE,2025,2025,True,False,exact_year,2025,low_imported_model_anchor,https://www.folkhalsomyndigheten.se/contentassets/975cc036216b48a39b7bf34319d4ecee/pertussis-surveillance-sweden-23rd-annual-report.pdf,"No public Swedish MRBP prevalence estimate was located in the accessible national surveillance material, so keep a conservative low anchor pending numeric reporting.",Sweden,SWE,2,relative_detection_prior_mean,,,Sweden,infant_exposure_resistance_guided,maternal_immunization;resistance_guided_treatment,False,True,5,Infant-exposure reduction plus resistance-guided management.,5.954795201043958,2.0465069040978894,1.0465069040978894,0.25,calibrated_country_scenario_analysis,,,,True,False,True,0.0,prospective_policy,0.14869209409050632,0.1089666852187432,0.15760761323500994,0.13100605230369178,0.20201691188224036,0.12808681083533868,0.14139800329534635,0.11194953809866093,0.9286212219714519,0.22715137360475046,0.23155296507333534,0.23135255198745863,4.584293170022262,457.57991159240987,64.22487602952188,7.0
program_portfolio_factorial,timeliness_infant_exposure_targeted_pep,symptom_protective,country_timeline,timeliness_infant_exposure_targeted_pep,2027-01-01,2051-01-01,2027,2051,256759.4941504739,798279.6828208743,28021.12257781691,7728.38553622629,10698.844307344645,36631.31965017418,24215.068806981828,68574.77399338229,190345.50625600928,18115.601810043256,27.639620430764122,26.758380279923276,26.801992035648144,2506.34240516376,22377.863548504196,0.028032610662753844,0.01,0.7957844055757773,10961092.958688397,96829.04690101216,939387.8130134423,895528.4767915882,1931745.3367060428,24.000492823261258,303.4457474760724,10.651518094131756,332.55460223532924,460.37427821490826,162.47535078861944,112.66425452114261,147.90891554592258,410.55618224980077,39.073537718751034,0.1050649974195839,1.1514206257878654,0.5780921096212049,5.405929404452809,70685.63708367677,22661.791714897347,79562.25109110057,79562.25109110057,21227.17366899433,0.0,150.0,1,,0.8215482260572368,0.32164102341069867,3.1090561440078335,0.6133006297815021,0.4854837096423388,0.0010562469078700654,0.01038240422026025,0.01679238813646122,0.5850695905169107,0.31275969199960496,M3;M5;M12;Y5;Y14-Y16,3.0,192.0,5,aP,True,Sweden,/home/ctm/pertussis_transmission_analysis/outputs/calibrations/Sweden_calibrated_config.yaml,current,fitted_parameters_and_state_only,e07d2d9623bba63452e5939f83db5c87901a902d0a71c99df08b4ecdc3550c54,c36eefa5b9e490f39c68369d7b2ec545f1003c465b2d7a3d65a4f58b53b37bf6,True,state_reconstruction_accepted,27.539837140679783,25.32984077491631,True,Sweden,SWE,1,contact_reduction_mean,Sweden,SWE,2025,2025,True,False,exact_year,2025,low_imported_model_anchor,https://www.folkhalsomyndigheten.se/contentassets/975cc036216b48a39b7bf34319d4ecee/pertussis-surveillance-sweden-23rd-annual-report.pdf,"No public Swedish MRBP prevalence estimate was located in the accessible national surveillance material, so keep a conservative low anchor pending numeric reporting.",Sweden,SWE,2,relative_detection_prior_mean,,,Sweden,timeliness_infant_exposure_targeted_pep,maternal_immunization;targeted_pep_high_risk,True,False,5,Routine timeliness plus infant-exposure reduction and targeted high-risk PEP.,5.954795201043958,1.7887295422459528,0.7887295422459528,0.25,calibrated_country_scenario_analysis,schedule_relative,1.0,48.0,True,False,True,0.0,prospective_policy,0.27323163925894445,0.22067240258643106,0.2402546386677631,0.2338892878517732,0.35568159113009656,0.23957888340113054,0.31275969199960496,0.22380809324898876,0.8675532438185637,0.325745792447503,0.32947762926885993,0.32935531662017015,8.506376496265057,457.57991159240987,64.22487602952188,2.0
program_portfolio_factorial,timeliness_infant_exposure_resistance_guided,symptom_protective,country_timeline,timeliness_infant_exposure_resistance_guided,2027-01-01,2051-01-01,2027,2051,281941.93944044673,971240.0797312317,30669.26719026497,8513.25802208607,13088.506035480214,39835.71123641769,25948.48384435758,74297.45310286133,228116.88598982524,19750.773567738157,30.407222348571004,29.418454302868497,29.465988120196258,2751.901475009573,11570.197459616305,0.011912808893572525,0.01,0.015026867921455364,10961092.960094044,96829.04676151168,939387.8125622497,895528.4777277845,1931745.337051546,24.000492823261258,369.19224963051073,11.658143012000162,366.3278864737822,563.202094972088,176.68817891274156,120.72922891630691,160.25216088008213,492.02526313377734,42.600439330017295,0.11558533320608678,1.265884360621627,0.6355518354297972,5.935575709288826,84204.18716513488,50641.24002525219,55024.289008004445,55024.289008004445,25286.847209484964,0.0,150.0,1,,0.8215861638841983,0.2902906761410296,3.444823007385115,0.6142991545606628,0.4871982583255993,0.001084752862238946,0.010265134337140297,0.016494214216021878,0.5864550531452616,0.16385779833683367,M3;M5;M12;Y5;Y14-Y16,3.0,192.0,5,aP,True,Sweden,/home/ctm/pertussis_transmission_analysis/outputs/calibrations/Sweden_calibrated_config.yaml,current,fitted_parameters_and_state_only,e07d2d9623bba63452e5939f83db5c87901a902d0a71c99df08b4ecdc3550c54,c36eefa5b9e490f39c68369d7b2ec545f1003c465b2d7a3d65a4f58b53b37bf6,True,state_reconstruction_accepted,27.539837140679783,25.32984077491631,True,Sweden,SWE,1,contact_reduction_mean,Sweden,SWE,2025,2025,True,False,exact_year,2025,low_imported_model_anchor,https://www.folkhalsomyndigheten.se/contentassets/975cc036216b48a39b7bf34319d4ecee/pertussis-surveillance-sweden-23rd-annual-report.pdf,"No public Swedish MRBP prevalence estimate was located in the accessible national surveillance material, so keep a conservative low anchor pending numeric reporting.",Sweden,SWE,2,relative_detection_prior_mean,,,Sweden,timeliness_infant_exposure_resistance_guided,maternal_immunization;resistance_guided_treatment,True,True,6,Routine timeliness plus infant-exposure reduction and resistance-guided management.,5.954795201043958,1.957773965082179,0.957773965082179,0.25,calibrated_country_scenario_analysis,schedule_relative,1.0,48.0,True,False,True,0.0,prospective_policy,0.1994231462347208,0.15249929771529558,0.18586891528175065,0.16995607287126369,0.2278256949253239,0.17094085818642624,0.16385779833683367,0.15045384377592508,0.9315200435293213,0.25823157883570413,0.26282041304251724,0.26269628589325233,4.398116714836396,457.57991159240987,64.22487602952188,4.0
program_portfolio_factorial,timeliness_infant_exposure_targeted_pep_resistance_guided,symptom_protective,country_timeline,timeliness_infant_exposure_targeted_pep_resistance_guided,2027-01-01,2051-01-01,2027,2051,253827.39648946642,781521.5348420616,27652.536992908586,7611.623871312929,10397.712440541709,36094.69033923595,23880.100190326346,67586.41440087522,185100.8268687721,17849.375703395537,27.26788072746646,26.39627331621201,26.43929146242839,2471.333557020616,10653.99729759662,0.01363237840880443,0.01,0.023336986762179636,10961092.95841333,96829.04689557858,939387.8127499039,895528.4767824041,1931745.3364278865,24.000492823261258,297.0755631368885,10.511409645278826,327.53031498833,447.41648935699163,160.09517353250232,111.1057625855345,145.7771229705391,399.2439344444352,38.49931469108307,0.10365192335101385,1.1358390614072336,0.570269021805429,5.330418828052947,70504.13977089795,47041.84450196577,79071.564241177,79071.564241177,21172.669314569284,0.0,150.0,1,,0.8214831924278712,0.32478618332732523,3.0789487094411965,0.6122656610220775,0.48508975663633125,0.001045535501072255,0.010275048989014537,0.01644559223147107,0.5844994843005195,0.32718680949529055,M3;M5;M12;Y5;Y14-Y16,3.0,192.0,5,aP,True,Sweden,/home/ctm/pertussis_transmission_analysis/outputs/calibrations/Sweden_calibrated_config.yaml,current,fitted_parameters_and_state_only,e07d2d9623bba63452e5939f83db5c87901a902d0a71c99df08b4ecdc3550c54,c36eefa5b9e490f39c68369d7b2ec545f1003c465b2d7a3d65a4f58b53b37bf6,True,state_reconstruction_accepted,27.539837140679783,25.32984077491631,True,Sweden,SWE,1,contact_reduction_mean,Sweden,SWE,2025,2025,True,False,exact_year,2025,low_imported_model_anchor,https://www.folkhalsomyndigheten.se/contentassets/975cc036216b48a39b7bf34319d4ecee/pertussis-surveillance-sweden-23rd-annual-report.pdf,"No public Swedish MRBP prevalence estimate was located in the accessible national surveillance material, so keep a conservative low anchor pending numeric reporting.",Sweden,SWE,2,relative_detection_prior_mean,,,Sweden,timeliness_infant_exposure_targeted_pep_resistance_guided,maternal_immunization;targeted_pep_high_risk;resistance_guided_treatment,True,True,7,"Routine timeliness plus infant-exposure reduction, targeted PEP, and resistance-guided management.",5.954795201043958,1.7652008659233203,0.7652008659233203,0.25,calibrated_country_scenario_analysis,schedule_relative,1.0,48.0,True,False,True,0.0,prospective_policy,0.284211770026064,0.23208913656132069,0.2507642455049116,0.24493114518763837,0.3734347997257985,0.25075399949209,0.32718680949529055,0.23401800354635194,0.9369427121847745,0.33481418973937693,0.3385514527673662,0.3384308812560046,4.049846492690736,457.57991159240987,64.22487602952188,1.0
program_portfolio_factorial,current,symptom_protective,country_timeline,current,2027-01-01,2051-01-01,2027,2051,4738459.981008542,24140500.15362493,399204.470110314,108786.68636233758,219841.14317068658,537358.262028317,596046.257577947,1242191.2059686014,5983132.667795919,241407.47078910557,417.4260489965259,403.67076474584405,404.2645229796906,37364.72059314401,23567415.12366111,0.9762604326208308,0.010000000000000002,0.9997402849663681,69062798.8107346,495536.7746432087,4936683.318942486,4907144.838696136,10339364.932281831,24.000492823261258,1456.4042238345692,24.084135487764495,914.7021482226841,1848.4722041830257,453.53259234791096,506.09369775046514,500.5810749733111,2411.096591380088,97.28293893368073,0.2518344926692946,3.3941516929552256,1.6291144915081737,15.057321216510223,24602.654651409415,234585.59557438106,156778.45499921188,156778.45499921188,46551.457216445815,2280.0,7596.0,2,17.013698630136986,0.8066274719161042,0.1962867360184754,5.094587745887605,0.33353696473477795,0.24819554576792852,1.854440317448429e-05,0.007212562719823086,0.009823346409727271,0.31648251120205306,0.0,M2;M4;M6;Y1.5;Y4,2.0,48.0,5,wP,True,Thailand,/home/ctm/pertussis_transmission_analysis/outputs/calibrations/Thailand_calibrated_config.yaml,current,fitted_parameters_and_state_only,e07d2d9623bba63452e5939f83db5c87901a902d0a71c99df08b4ecdc3550c54,c36eefa5b9e490f39c68369d7b2ec545f1003c465b2d7a3d65a4f58b53b37bf6,True,state_reconstruction_accepted,23.271535511942638,22.994994979200612,True,Thailand,THA,1,contact_reduction_mean,Thailand,THA,2025,2025,True,False,exact_year,2025,low_imported_model_anchor,https://www.cdc.gov/pertussis/hcp/antibiotic-resistance/index.html,"No public Thailand-specific MRBP prevalence estimate was located in accessible surveillance material; CDC notes increasing MRBP globally, so keep a conservative low imported anchor pending numeric reporting.",Thailand,THA,3,relative_detection_prior_mean,4.086723819167002e-05,1.6177673822097892e-16,Thailand,current,,False,False,0,Current practice.,0.1976821449825874,121.83262929429422,120.83262929429422,0.25,calibrated_country_scenario_analysis,,,,,,,,,0.0,0.0,0.0,0.0,0.0,0.0,0.0,0.0,0.0,0.0,0.0,0.0,1421.829817631542,914.7021482226841,1421.829817631542,11.0
program_portfolio_factorial,routine_timeliness,symptom_protective,country_timeline,routine_timeliness,2027-01-01,2051-01-01,2027,2051,4122451.8200204084,21760045.227651935,324081.6918514126,75685.06076592283,186498.98343924497,396223.54434333893,492818.68870101904,964727.2938102807,5183074.832981543,181572.11797005084,331.76916173515923,319.79152218420234,320.1740243049703,26298.517745919413,21182561.939616174,0.9734613011143048,0.010000000000000002,0.9997149350433349,69062798.80775298,495536.7745031894,4936683.3184630275,4907144.838567292,10339364.931533508,24.000492823261258,1312.790604174494,19.55195384919783,636.3764722084868,1568.1240650463076,334.41430779247077,418.44475880995907,388.7680282280171,2088.6874414198523,73.17035056155818,0.20015741406975163,2.6888767567904766,1.2902446620666561,10.59783729039102,20350.377603276174,195233.67886587913,136553.7468382645,136553.7468382645,38505.58997470862,2310.0,7596.0,2,16.931506849315067,0.8130717786253988,0.18945051707804977,5.278423175736281,0.3637666033660186,0.2684345426551723,1.780342198147974e-05,0.009034132523712735,0.008701320837500475,0.34601334658282384,0.09860835155959047,M2;M4;M6;Y1.5;Y4,2.0,48.0,5,wP,True,Thailand,/home/ctm/pertussis_transmission_analysis/outputs/calibrations/Thailand_calibrated_config.yaml,current,fitted_parameters_and_state_only,e07d2d9623bba63452e5939f83db5c87901a902d0a71c99df08b4ecdc3550c54,c36eefa5b9e490f39c68369d7b2ec545f1003c465b2d7a3d65a4f58b53b37bf6,True,state_reconstruction_accepted,23.271535511942638,22.994994979200612,True,Thailand,THA,1,contact_reduction_mean,Thailand,THA,2025,2025,True,False,exact_year,2025,low_imported_model_anchor,https://www.cdc.gov/pertussis/hcp/antibiotic-resistance/index.html,"No public Thailand-specific MRBP prevalence estimate was located in accessible surveillance material; CDC notes increasing MRBP globally, so keep a conservative low imported anchor pending numeric reporting.",Thailand,THA,3,relative_detection_prior_mean,4.086723819167002e-05,1.6177673822097892e-16,Thailand,routine_timeliness,,True,False,1,Routine timeliness improvement only.,0.1976821449825874,98.90601829983198,97.90601829983198,0.25,calibrated_country_scenario_analysis,schedule_relative,1.0,48.0,,,,,,0.30428011646721764,0.26264547818107375,0.1731871772778114,0.22336650817131454,0.1337188859476024,0.24786040226289063,0.09860835155959047,0.18818120508055036,0.1011928194338162,0.20520254418065687,0.2077912246492586,0.20800860301794233,1277.9508496303376,914.7021482226841,1421.829817631542,10.0
program_portfolio_factorial,timeliness_pregnancy_tdap,symptom_protective,country_timeline,timeliness_pregnancy_tdap,2027-01-01,2051-01-01,2027,2051,3846187.0398184247,20348534.292311605,296764.9043200705,60075.625207986974,167596.2235026187,373386.2453948255,465114.72325494635,898576.5938577589,4882361.258018652,163668.31334416405,165.65204125619576,154.46302178434632,154.8223972791569,17745.630878724776,19830930.83065256,0.9745631083682222,0.01,0.9996908245059787,69062798.8084224,495536.7745941963,4936683.319246475,4907144.8422120605,10339364.936052734,24.000492823261258,1227.6336904605228,17.90392317481385,505.12893881126615,1409.1855429479313,315.13953311397484,394.92174811757985,362.1104665480068,1967.5051910788004,65.95543408240854,0.0999384151302234,1.2987587230159225,0.6239068644126166,7.151175226027461,18792.543552005278,180404.8715748541,125255.28657000425,125255.28657000425,35557.96313508647,2640.0,7296.0,2,16.10958904109589,0.8136099661581582,0.18901543396526846,5.29057325648735,0.36658573211996487,0.26998254184878345,0.0005552640403583277,0.008938262237838012,0.00883593403358798,0.34825627180818053,0.15707900984578083,M2;M4;M6;Y1.5;Y4,2.0,48.0,5,wP,True,Thailand,/home/ctm/pertussis_transmission_analysis/outputs/calibrations/Thailand_calibrated_config.yaml,current,fitted_parameters_and_state_only,e07d2d9623bba63452e5939f83db5c87901a902d0a71c99df08b4ecdc3550c54,c36eefa5b9e490f39c68369d7b2ec545f1003c465b2d7a3d65a4f58b53b37bf6,True,state_reconstruction_accepted,23.271535511942638,22.994994979200612,True,Thailand,THA,1,contact_reduction_mean,Thailand,THA,2025,2025,True,False,exact_year,2025,low_imported_model_anchor,https://www.cdc.gov/pertussis/hcp/antibiotic-resistance/index.html,"No public Thailand-specific MRBP prevalence estimate was located in accessible surveillance material; CDC notes increasing MRBP globally, so keep a conservative low imported anchor pending numeric reporting.",Thailand,THA,3,relative_detection_prior_mean,4.086723819167002e-05,1.6177673822097892e-16,Thailand,timeliness_pregnancy_tdap,pregnancy_tdap_scaleup,True,False,2,Routine timeliness plus pregnancy Tdap scale-up.,0.1976821449825874,90.56924780126651,89.56924780126651,0.25,calibrated_country_scenario_analysis,schedule_relative,1.0,48.0,,,True,0.0,prospective_policy,0.4477667514580588,0.30514468320364385,0.21966673334221598,0.2766197429669519,0.18397910775105242,0.32202465479146136,0.15707900984578083,0.2566092653269536,0.15854451040722228,0.6031583518699514,0.6173539545733562,0.6170269997030264,1196.406505312759,914.7021482226841,1421.829817631542,7.0
program_portfolio_factorial,timeliness_targeted_pep,symptom_protective,country_timeline,timeliness_targeted_pep,2027-01-01,2051-01-01,2027,2051,3972351.0251013376,20908763.315916896,313035.2552297573,73266.39900540038,179878.9718884707,384901.11303059,475056.97160869883,933224.4836446892,5009348.902453896,175857.43476325995,319.7540667663935,308.01094277217925,308.381816869179,25425.33266346424,20707830.911693618,0.990390038799171,0.01,0.999743880033889,69062798.79481815,495536.7742399637,4936683.320225906,4907144.843926642,10339364.938392513,24.000492823261258,1261.4324898692723,18.88551873944343,616.0398377619571,1512.4615671474894,324.8581288879076,403.3635579296911,376.0729529347403,2018.6789642174615,70.86743430547155,0.19290866824242378,2.5898230811138228,1.2427241519472154,10.245959146671511,18296.84281921667,189000.28614470223,178463.63684631023,178463.63684631023,34620.03216997189,2640.0,7236.0,3,8.013698630136986,0.8129089594661131,0.18998498213796158,5.263573934879911,0.36464143491620943,0.26874628782874804,1.7769842071142286e-05,0.008978469882822459,0.008848385651608684,0.34679680953970715,0.1338719917624721,M2;M4;M6;Y1.5;Y4,2.0,48.0,5,wP,True,Thailand,/home/ctm/pertussis_transmission_analysis/outputs/calibrations/Thailand_calibrated_config.yaml,current,fitted_parameters_and_state_only,e07d2d9623bba63452e5939f83db5c87901a902d0a71c99df08b4ecdc3550c54,c36eefa5b9e490f39c68369d7b2ec545f1003c465b2d7a3d65a4f58b53b37bf6,True,state_reconstruction_accepted,23.271535511942638,22.994994979200612,True,Thailand,THA,1,contact_reduction_mean,Thailand,THA,2025,2025,True,False,exact_year,2025,low_imported_model_anchor,https://www.cdc.gov/pertussis/hcp/antibiotic-resistance/index.html,"No public Thailand-specific MRBP prevalence estimate was located in accessible surveillance material; CDC notes increasing MRBP globally, so keep a conservative low imported anchor pending numeric reporting.",Thailand,THA,3,relative_detection_prior_mean,4.086723819167002e-05,1.6177673822097892e-16,Thailand,timeliness_targeted_pep,targeted_pep_high_risk,True,False,2,Routine timeliness plus targeted high-risk PEP.,0.1976821449825874,95.53477245558489,94.53477245558489,0.25,calibrated_country_scenario_analysis,schedule_relative,1.0,48.0,,,True,0.0,prospective_policy,0.32651318414671815,0.28371602294205167,0.20298640320449624,0.24872718534743987,0.16275483419971504,0.27153275667723786,0.1338719917624721,0.2158523296513819,0.12133635327381087,0.23398631318033836,0.2369748575522762,0.23717813624553086,1249.3101725841632,914.7021482226841,1421.829817631542,9.0
program_portfolio_factorial,infant_exposure,symptom_protective,country_timeline,infant_exposure,2027-01-01,2051-01-01,2027,2051,3688435.1964835944,19721059.435558874,307208.1126408996,72704.0885147346,160493.94894285788,441415.0773735196,506492.3460927579,1020611.5119810121,4961684.589594703,188904.31091400282,181.62680471143952,170.492416418716,170.97293896571418,22168.328089172213,19260488.183726657,0.9766457145298307,0.01,0.9997000655544405,69062798.76564121,495536.773665137,4936683.3136415975,4907144.839242066,10339364.926548801,24.000492823261258,1189.777929057576,18.533965340042997,611.3118094135062,1349.4680743888766,372.5561486706648,430.054850657884,411.2883794588636,1999.471091874562,76.12509460902396,0.10957604193478634,1.4335373663488493,0.6889906901210421,8.933443948139272,17763.83876929571,183155.7404954395,118939.94724744247,118939.94724744247,33611.51841723741,2640.0,7296.0,2,16.027397260273972,0.8154954613193232,0.18703027636704994,5.346727917128689,0.453944848392971,0.35742848546770806,0.0005319578512763298,0.007144177700207995,0.009725696402696162,0.4365430164387905,0.1830716302455081,M2;M4;M6;Y1.5;Y4,2.0,48.0,5,wP,True,Thailand,/home/ctm/pertussis_transmission_analysis/outputs/calibrations/Thailand_calibrated_config.yaml,current,fitted_parameters_and_state_only,e07d2d9623bba63452e5939f83db5c87901a902d0a71c99df08b4ecdc3550c54,c36eefa5b9e490f39c68369d7b2ec545f1003c465b2d7a3d65a4f58b53b37bf6,True,state_reconstruction_accepted,23.271535511942638,22.994994979200612,True,Thailand,THA,1,contact_reduction_mean,Thailand,THA,2025,2025,True,False,exact_year,2025,low_imported_model_anchor,https://www.cdc.gov/pertussis/hcp/antibiotic-resistance/index.html,"No public Thailand-specific MRBP prevalence estimate was located in accessible surveillance material; CDC notes increasing MRBP globally, so keep a conservative low imported anchor pending numeric reporting.",Thailand,THA,3,relative_detection_prior_mean,,,Thailand,infant_exposure,maternal_immunization,False,False,3,Infant-exposure reduction composite without routine timeliness changes.,0.1976821449825874,93.75639535718078,92.75639535718078,0.25,calibrated_country_scenario_analysis,,,,True,False,True,0.0,prospective_policy,0.3316821116089711,0.17854603052468088,0.15024657960121135,0.17837808939792976,0.17072128179592905,0.2174877177722876,0.1830716302455081,0.23044921677353125,0.18274922832052942,0.5648886667517217,0.5776448747135303,0.5770765693078057,1161.9915156562586,914.7021482226841,1421.829817631542,8.0
program_portfolio_factorial,routine_timeliness_resistance_guided,symptom_protective,country_timeline,routine_timeliness_resistance_guided,2027-01-01,2051-01-01,2027,2051,2346814.3510415917,12241440.216137826,179724.67871542386,39778.89553747114,96105.79672386713,208984.02956453105,283429.11539828294,532192.0405002851,2795041.433124386,97750.08254745502,169.95437801672418,162.85252080781763,163.05653627386044,13739.632819395445,10671417.921754755,0.871745295760762,0.01,0.9956241793379418,69062798.77107792,495536.77372083504,4936683.315823117,4907144.836810128,10339364.92635408,24.000492823261258,738.5300691113354,10.842848312711974,334.4696165171069,808.0784682677588,176.38338413155248,240.6552969564316,214.46397510991684,1126.3522389047332,39.391553565406014,0.10253402894293247,1.3692994601151187,0.6570889881042429,5.536828901515002,4186.5518567013405,227084.43533646467,324752.7503750878,324752.7503750878,7921.50653216568,4110.0,7986.0,7,3.0,0.8108683074599664,0.19171064103615837,5.216194545045577,0.33391625086277815,0.2462055960591289,1.5739329271285838e-05,0.008501173675122993,0.0082600889229838,0.31713924893540013,0.4929085918586631,M2;M4;M6;Y1.5;Y4,2.0,48.0,5,wP,True,Thailand,/home/ctm/pertussis_transmission_analysis/outputs/calibrations/Thailand_calibrated_config.yaml,current,fitted_parameters_and_state_only,e07d2d9623bba63452e5939f83db5c87901a902d0a71c99df08b4ecdc3550c54,c36eefa5b9e490f39c68369d7b2ec545f1003c465b2d7a3d65a4f58b53b37bf6,True,state_reconstruction_accepted,23.271535511942638,22.994994979200612,True,Thailand,THA,1,contact_reduction_mean,Thailand,THA,2025,2025,True,False,exact_year,2025,low_imported_model_anchor,https://www.cdc.gov/pertussis/hcp/antibiotic-resistance/index.html,"No public Thailand-specific MRBP prevalence estimate was located in accessible surveillance material; CDC notes increasing MRBP globally, so keep a conservative low imported anchor pending numeric reporting.",Thailand,THA,3,relative_detection_prior_mean,4.086723819167002e-05,1.6177673822097892e-16,Thailand,routine_timeliness_resistance_guided,resistance_guided_treatment,True,True,3,Routine timeliness plus resistance-guided management.,0.1976821449825874,54.849912285538245,53.849912285538245,0.25,calibrated_country_scenario_analysis,schedule_relative,1.0,48.0,,,True,0.0,prospective_policy,0.6343404062793224,0.611089948118229,0.5244846993083956,0.571569949985834,0.532846488902271,0.5950826118680899,0.4929085918586631,0.5497929202401974,0.5471960810344207,0.5928515280124775,0.596570930990379,0.596658803814818,643.8101135256771,914.7021482226841,1421.829817631542,4.0
program_portfolio_factorial,timeliness_infant_exposure,symptom_protective,country_timeline,timeliness_infant_exposure,2027-01-01,2051-01-01,2027,2051,2830021.3188146213,15776969.202291684,220176.306988449,43764.2915945476,121143.03346838246,289266.66299338127,374774.83059861074,707805.7851865396,3833690.2787758745,126320.95212206374,120.39798660276358,111.73157978836592,112.00703511950582,13035.637471699838,15368991.021444403,0.9741409027541221,0.01,0.9994174981095537,69062798.79150335,495536.77441235795,4936683.319340916,4907144.845042822,10339364.938796097,24.000492823261258,951.8296823056322,13.283308197217094,367.97969397002083,1018.5970058715442,244.1422581676359,318.21553643651345,285.2332063657586,1544.909342808345,50.90510837723076,0.07263649682582903,0.939463453863656,0.45136853118880566,5.253131227367205,15212.828566310445,135336.10534562642,89181.01537198963,89181.01537198963,28784.671734924184,3030.0,7236.0,3,9.04109589041096,0.82313363750837,0.17937674102853332,5.5748587819472695,0.5021860134672756,0.39352979494112333,0.0005122253624471355,0.008882208877576386,0.008721290233522081,0.48407028899373017,0.3464522647877857,M2;M4;M6;Y1.5;Y4,2.0,48.0,5,wP,True,Thailand,/home/ctm/pertussis_transmission_analysis/outputs/calibrations/Thailand_calibrated_config.yaml,current,fitted_parameters_and_state_only,e07d2d9623bba63452e5939f83db5c87901a902d0a71c99df08b4ecdc3550c54,c36eefa5b9e490f39c68369d7b2ec545f1003c465b2d7a3d65a4f58b53b37bf6,True,state_reconstruction_accepted,23.271535511942638,22.994994979200612,True,Thailand,THA,1,contact_reduction_mean,Thailand,THA,2025,2025,True,False,exact_year,2025,low_imported_model_anchor,https://www.cdc.gov/pertussis/hcp/antibiotic-resistance/index.html,"No public Thailand-specific MRBP prevalence estimate was located in accessible surveillance material; CDC notes increasing MRBP globally, so keep a conservative low imported anchor pending numeric reporting.",Thailand,THA,3,relative_detection_prior_mean,,,Thailand,timeliness_infant_exposure,maternal_immunization,True,False,4,Routine timeliness plus infant-exposure reduction composite.,0.1976821449825874,67.19528563587338,66.19528563587338,0.25,calibrated_country_scenario_analysis,schedule_relative,1.0,48.0,True,False,True,0.0,prospective_policy,0.5977054448668364,0.46168751197476166,0.3712319709521871,0.43019578484728804,0.3592503306151593,0.47673138818301863,0.3464522647877857,0.44846232075606096,0.3478711625742118,0.7115704999910879,0.7232111177069921,0.722936273769606,927.2162259893779,914.7021482226841,1421.829817631542,5.0
program_portfolio_factorial,infant_exposure_resistance_guided,symptom_protective,country_timeline,infant_exposure_resistance_guided,2027-01-01,2051-01-01,2027,2051,2120421.6258813543,11198868.98385234,170657.48809322587,37609.43158133076,82061.35623353263,234108.93531990764,288431.76655029244,560150.1334515308,2672075.1118426532,101320.96918330483,93.57923852001376,86.9381921821618,87.19263139586806,11498.21822102775,9768874.363577243,0.8723090142105415,0.01,0.9951661551592107,69062798.77185017,495536.7737580283,4936683.315551735,4907144.840466865,10339364.929776628,24.000492823261258,675.6314076196323,10.295821753742299,316.2282910957265,689.989754049068,197.58890837483543,244.902970824161,225.73059177222913,1076.7989869777994,40.83055767880525,0.05645665891476587,0.7309952527536736,0.3513708755524238,4.633578478980059,3625.486579992535,213743.67000320228,291129.30346084514,291129.30346084514,6859.897263673088,4110.0,7986.0,7,3.0,0.8131435012532056,0.1893424799360357,5.281434997248495,0.41598320444558284,0.32806760435672094,0.0004641981405914905,0.006686029397417719,0.00908511979036465,0.399747857117209,0.5360962319510716,M2;M4;M6;Y1.5;Y4,2.0,48.0,5,wP,True,Thailand,/home/ctm/pertussis_transmission_analysis/outputs/calibrations/Thailand_calibrated_config.yaml,current,fitted_parameters_and_state_only,e07d2d9623bba63452e5939f83db5c87901a902d0a71c99df08b4ecdc3550c54,c36eefa5b9e490f39c68369d7b2ec545f1003c465b2d7a3d65a4f58b53b37bf6,True,state_reconstruction_accepted,23.271535511942638,22.994994979200612,True,Thailand,THA,1,contact_reduction_mean,Thailand,THA,2025,2025,True,False,exact_year,2025,low_imported_model_anchor,https://www.cdc.gov/pertussis/hcp/antibiotic-resistance/index.html,"No public Thailand-specific MRBP prevalence estimate was located in accessible surveillance material; CDC notes increasing MRBP globally, so keep a conservative low imported anchor pending numeric reporting.",Thailand,THA,3,relative_detection_prior_mean,,,Thailand,infant_exposure_resistance_guided,maternal_immunization;resistance_guided_treatment,False,True,5,Infant-exposure reduction plus resistance-guided management.,0.1976821449825874,52.082709617751235,51.082709617751235,0.25,calibrated_country_scenario_analysis,,,,True,False,True,0.0,prospective_policy,0.6542827726541425,0.5643336078313226,0.5160916407354956,0.54906287312286,0.5533986524776495,0.580290664360511,0.5360962319510716,0.5725060692680438,0.585492328377171,0.7758184024572157,0.7846309424045135,0.7843178749567188,589.359367150362,914.7021482226841,1421.829817631542,3.0
program_portfolio_factorial,timeliness_infant_exposure_targeted_pep,symptom_protective,country_timeline,timeliness_infant_exposure_targeted_pep,2027-01-01,2051-01-01,2027,2051,2933116.1830247426,16301635.450685916,227675.2592168094,44947.41408370125,124074.94298434001,298782.8358849317,387100.3553916795,730830.6053603124,3952630.2492162874,130295.12549901239,123.5908052036965,114.41693306525664,114.70089939990262,13394.369856103314,16126005.971675923,0.9892262663128929,0.01,0.9996881588167665,69062798.80949138,495536.77472163364,4936683.321565175,4907144.845443045,10339364.941729853,24.000492823261258,983.4829674252894,13.735722420074616,377.92764526324424,1043.2491388919873,252.17394727397365,328.68094967564866,294.51180137368215,1592.840045726978,52.506629907768215,0.07456273465071137,0.9620424883858839,0.46222432741158,5.397694028757155,13882.272389406215,140045.13467115237,128582.99807663614,128582.99807663614,26267.084521866265,3030.0,6906.0,3,7.47945205479452,0.8226401237229677,0.17992772515970643,5.557787156550696,0.4974088652316553,0.3894104069695312,0.0005055958752017505,0.008890374903620234,0.008702889910189616,0.47931000454264366,0.3247184048820103,M2;M4;M6;Y1.5;Y4,2.0,48.0,5,wP,True,Thailand,/home/ctm/pertussis_transmission_analysis/outputs/calibrations/Thailand_calibrated_config.yaml,current,fitted_parameters_and_state_only,e07d2d9623bba63452e5939f83db5c87901a902d0a71c99df08b4ecdc3550c54,c36eefa5b9e490f39c68369d7b2ec545f1003c465b2d7a3d65a4f58b53b37bf6,True,state_reconstruction_accepted,23.271535511942638,22.994994979200612,True,Thailand,THA,1,contact_reduction_mean,Thailand,THA,2025,2025,True,False,exact_year,2025,low_imported_model_anchor,https://www.cdc.gov/pertussis/hcp/antibiotic-resistance/index.html,"No public Thailand-specific MRBP prevalence estimate was located in accessible surveillance material; CDC notes increasing MRBP globally, so keep a conservative low imported anchor pending numeric reporting.",Thailand,THA,3,relative_detection_prior_mean,,,Thailand,timeliness_infant_exposure_targeted_pep,maternal_immunization;targeted_pep_high_risk,True,False,5,Routine timeliness plus infant-exposure reduction and targeted high-risk PEP.,0.1976821449825874,69.48387989863481,68.48387989863481,0.25,calibrated_country_scenario_analysis,schedule_relative,1.0,48.0,True,False,True,0.0,prospective_policy,0.5868298264551034,0.4439783343850646,0.3505531651776925,0.4116601358561015,0.33937111732600656,0.4602688762153567,0.3247184048820103,0.4296775806295584,0.3157499077709165,0.7039216754661013,0.7165587824094843,0.7162726559469454,972.8871838484437,914.7021482226841,1421.829817631542,6.0
program_portfolio_factorial,timeliness_infant_exposure_resistance_guided,symptom_protective,country_timeline,timeliness_infant_exposure_resistance_guided,2027-01-01,2051-01-01,2027,2051,1799136.0198817728,9836802.676919252,135187.39144362806,24969.45937053122,67795.87599210616,166367.18599953316,236925.26359071737,428261.9089607817,2260936.0517211054,74451.47189959018,68.51121544848395,62.627405680701386,62.78773192938686,7466.207230941092,8492175.033273492,0.8633064332172943,0.01,0.9928772005980497,69062798.7743444,495536.773944901,4936683.315017279,4907144.835593677,10339364.924555857,24.000492823261258,593.4575043628465,8.155899287855291,209.94865200965046,570.0424893121461,140.41459216274717,201.16959261548254,172.58197118755172,911.1172214262026,30.0026257516695,0.04133303907409095,0.5265848653913026,0.25302344934350623,3.0087493990238667,3012.0974857623337,173360.64213586776,237140.09000949317,237140.09000949317,5699.284453367472,4860.0,7956.0,7,3.164383561643836,0.8194462208874534,0.18289845582683142,5.46751472274212,0.4532799815991555,0.3551357777212405,0.0004477546131740579,0.008344655839889782,0.008080175511713215,0.4364073956343784,0.5925186879178159,M2;M4;M6;Y1.5;Y4,2.0,48.0,5,wP,True,Thailand,/home/ctm/pertussis_transmission_analysis/outputs/calibrations/Thailand_calibrated_config.yaml,current,fitted_parameters_and_state_only,e07d2d9623bba63452e5939f83db5c87901a902d0a71c99df08b4ecdc3550c54,c36eefa5b9e490f39c68369d7b2ec545f1003c465b2d7a3d65a4f58b53b37bf6,True,state_reconstruction_accepted,23.271535511942638,22.994994979200612,True,Thailand,THA,1,contact_reduction_mean,Thailand,THA,2025,2025,True,False,exact_year,2025,low_imported_model_anchor,https://www.cdc.gov/pertussis/hcp/antibiotic-resistance/index.html,"No public Thailand-specific MRBP prevalence estimate was located in accessible surveillance material; CDC notes increasing MRBP globally, so keep a conservative low imported anchor pending numeric reporting.",Thailand,THA,3,relative_detection_prior_mean,,,Thailand,timeliness_infant_exposure_resistance_guided,maternal_immunization;resistance_guided_treatment,True,True,6,Routine timeliness plus infant-exposure reduction and resistance-guided management.,0.1976821449825874,41.2576426089149,40.2576426089149,0.25,calibrated_country_scenario_analysis,schedule_relative,1.0,48.0,True,False,True,0.0,prospective_policy,0.77047320581707,0.6903980123585294,0.602505240862562,0.6552367245050301,0.6221150060919518,0.6915941679177309,0.5925186879178159,0.6613580218521323,0.6396645540807652,0.8358722087105441,0.8448552356271519,0.8446865149912223,512.335681357526,914.7021482226841,1421.829817631542,2.0
program_portfolio_factorial,timeliness_infant_exposure_targeted_pep_resistance_guided,symptom_protective,country_timeline,timeliness_infant_exposure_targeted_pep_resistance_guided,2027-01-01,2051-01-01,2027,2051,1277608.3187509305,6937358.270593995,94469.66880105584,16734.560517212813,45285.676133795205,112377.6353315364,169723.53749382208,298835.7333425713,1559707.42249066,51087.64632997563,46.16987453828455,41.89724731981811,42.00612377518218,5020.439657756101,6415680.140300622,0.9248016161274736,0.01,0.9957737985818019,69062798.77492015,495536.77379403875,4936683.317169195,4907144.839127084,10339364.93009032,24.000492823261258,418.5330804452752,5.699385839642588,140.70782917225924,380.77182695238156,94.84718835394362,144.1096418037014,120.42551255394282,628.5344917982379,20.587417460579296,0.027854435450146604,0.3522811795745167,0.16927724571116554,2.023148343971125,1422.1771164133468,121434.86259867891,233020.2955327042,233020.2955327042,2690.9460825520864,5220.0,8016.0,8,2.99412915851272,0.8178475940933498,0.18416352001978098,5.42995702890882,0.4324354900410184,0.33887846978233627,0.0004226167500118855,0.007992317265803732,0.007725197789958174,0.41629535823524466,0.7126257440216174,M2;M4;M6;Y1.5;Y4,2.0,48.0,5,wP,True,Thailand,/home/ctm/pertussis_transmission_analysis/outputs/calibrations/Thailand_calibrated_config.yaml,current,fitted_parameters_and_state_only,e07d2d9623bba63452e5939f83db5c87901a902d0a71c99df08b4ecdc3550c54,c36eefa5b9e490f39c68369d7b2ec545f1003c465b2d7a3d65a4f58b53b37bf6,True,state_reconstruction_accepted,23.271535511942638,22.994994979200612,True,Thailand,THA,1,contact_reduction_mean,Thailand,THA,2025,2025,True,False,exact_year,2025,low_imported_model_anchor,https://www.cdc.gov/pertussis/hcp/antibiotic-resistance/index.html,"No public Thailand-specific MRBP prevalence estimate was located in accessible surveillance material; CDC notes increasing MRBP globally, so keep a conservative low imported anchor pending numeric reporting.",Thailand,THA,3,relative_detection_prior_mean,,,Thailand,timeliness_infant_exposure_targeted_pep_resistance_guided,maternal_immunization;targeted_pep_high_risk;resistance_guided_treatment,True,True,7,"Routine timeliness plus infant-exposure reduction, targeted PEP, and resistance-guided management.",0.1976821449825874,28.831060286929866,27.831060286929866,0.25,calibrated_country_scenario_analysis,schedule_relative,1.0,48.0,True,False,True,0.0,prospective_policy,0.8461708773675233,0.7908701823856679,0.7152510642655503,0.7594285550350894,0.7393159220944989,0.7883758685554269,0.7126257440216174,0.7633551829343228,0.7277732789122695,0.889393882702637,0.8962093592628708,0.8960924805729429,387.06006919860044,914.7021482226841,1421.829817631542,1.0
program_portfolio_factorial,current,symptom_protective,country_timeline,current,2027-01-01,2051-01-01,2027,2051,6807559.277364098,33845375.31318488,381191.10373306466,380834.70134250756,831937.8174653752,1602128.3067781834,800827.2995700339,2783790.307690725,12748300.20934483,299064.41579264135,1336.0607522197633,1317.5706361311836,1319.5296299763927,124561.17526653934,32808579.98325997,0.9693667060763538,0.0030000000000000005,0.9997753435580287,72788265.88720784,682825.4064392908,6600215.374749551,6165395.286783108,13448436.067971947,24.000492823261258,1937.3933378174659,21.820325464673683,2323.8424599268646,5076.460777943127,1011.3908649831575,541.1999949097316,862.4711489382993,3949.6657123161194,92.65584034208685,0.7647943556003616,8.039778353708396,4.0881535972008445,38.591419636903346,24066.816819837113,479767.1105635414,243691.075735881,243691.075735881,47994.023609343276,2700.0,6846.0,3,8.095890410958905,0.8080289247594796,0.20113705977171215,4.97173420519812,0.5527889482626086,0.3994494049114082,0.0009272946155777566,0.018659547956936137,0.025511668719468,0.5076904369706268,0.0,W8;W12;W16;M40,1.8410958904109591,40.0,4,aP,True,United_Kingdom,/home/ctm/pertussis_transmission_analysis/outputs/calibrations/United_Kingdom_calibrated_config.yaml,current,fitted_parameters_and_state_only,e07d2d9623bba63452e5939f83db5c87901a902d0a71c99df08b4ecdc3550c54,c36eefa5b9e490f39c68369d7b2ec545f1003c465b2d7a3d65a4f58b53b37bf6,True,state_reconstruction_accepted,48.22162649451701,42.000016882084694,True,United_Kingdom,GBR,1,contact_reduction_mean,United_Kingdom,GBR,2025,2025,True,False,nearest_past_year,2024,measured_national_surveillance_fraction,https://www.postersessiononline.eu/173580348_eu/congresos/UKHSA2025/aula/-P_58_UKHSA2025.pdf,"UKHSA national reference laboratory poster: 661 B. pertussis isolates received from June 2023 to November 2024, with 2 predicted and phenotypically confirmed macrolide-resistant isolates.",United_Kingdom,GBR,3,relative_detection_prior_mean,6.047227433250013e-05,1.6570722974665014e-16,United_Kingdom,current,,False,False,0,Current practice.,6.999594011212859,3.1173701545716868,2.1173701545716868,0.25,calibrated_country_scenario_analysis,,,,,,,,,0.0,0.0,0.0,0.0,0.0,0.0,0.0,0.0,0.0,0.0,0.0,0.0,1878.0445982543893,2323.8424599268646,1878.0445982543893,11.0
program_portfolio_factorial,routine_timeliness,symptom_protective,country_timeline,routine_timeliness,2027-01-01,2051-01-01,2027,2051,7045826.6244922,37232783.952546045,353519.1675525729,273623.76125673944,815274.1484753034,1518705.6597724175,857295.2847653903,2649624.705794547,13761183.095998878,263995.4571702109,1200.2730313837903,1180.853657660338,1182.2601618595252,95096.08694186766,35891127.854886875,0.9639657324746616,0.0029999999999999996,0.9998355309237845,72788265.87955035,682825.4067431022,6600215.376543582,6165395.291872286,13448436.075158972,24.000492823261258,2131.297021178181,20.23631511665853,1669.6443678290818,4974.779543949106,958.7278521801912,579.3611227006031,820.9040949411037,4263.476080229347,81.7908103600235,0.6870660919820494,7.205535256468496,3.6628666921536124,29.46257521404148,34931.32781906329,466421.10787503945,260786.3692699805,260786.3692699805,69660.02128273186,2400.0,7086.0,3,8.465753424657533,0.8196006632086801,0.1892371688744052,5.284374131932242,0.5995703501703974,0.4353877435387729,0.0008402186023651284,0.008774726111331075,0.010235233727206168,0.5797201717294951,-0.10008483014344227,W8;W12;W16;M40,1.8410958904109591,40.0,4,aP,True,United_Kingdom,/home/ctm/pertussis_transmission_analysis/outputs/calibrations/United_Kingdom_calibrated_config.yaml,current,fitted_parameters_and_state_only,e07d2d9623bba63452e5939f83db5c87901a902d0a71c99df08b4ecdc3550c54,c36eefa5b9e490f39c68369d7b2ec545f1003c465b2d7a3d65a4f58b53b37bf6,True,state_reconstruction_accepted,48.22162649451701,42.000016882084694,True,United_Kingdom,GBR,1,contact_reduction_mean,United_Kingdom,GBR,2025,2025,True,False,nearest_past_year,2024,measured_national_surveillance_fraction,https://www.postersessiononline.eu/173580348_eu/congresos/UKHSA2025/aula/-P_58_UKHSA2025.pdf,"UKHSA national reference laboratory poster: 661 B. pertussis isolates received from June 2023 to November 2024, with 2 predicted and phenotypically confirmed macrolide-resistant isolates.",United_Kingdom,GBR,3,relative_detection_prior_mean,6.047227433250013e-05,1.6570722974665014e-16,United_Kingdom,routine_timeliness,,True,False,1,Routine timeliness improvement only.,6.999594011212859,2.8910698369421675,1.8910698369421675,0.25,calibrated_country_scenario_analysis,schedule_relative,1.0,48.0,,,,,,0.28151568044569253,0.052069891439297744,-0.07051206324468984,0.048195297442311325,-0.07945238737879556,0.1172622243588679,-0.10008483014344227,0.07259334205204715,-0.09395554080595847,0.10163289402100317,0.10376443943247793,0.10402909112342051,2054.4972941410892,2323.8424599268646,1878.0445982543893,9.0
program_portfolio_factorial,timeliness_pregnancy_tdap,symptom_protective,country_timeline,timeliness_pregnancy_tdap,2027-01-01,2051-01-01,2027,2051,6091835.633511017,32328799.299546514,298582.07960059063,204608.29524511867,681413.9538332627,1334154.501410774,746336.8636080129,2285099.6602639053,12002892.093349745,220969.90866264032,631.8277608756298,615.0560651751014,616.2818922847479,62478.41278611747,31327483.064250126,0.9690271133790473,0.003,0.9997790564261473,72788265.88603747,682825.4064190002,6600215.373750694,6165395.287859166,13448436.068028862,24.000492823261258,1850.5807604144597,17.091579764335467,1248.5139680860186,4157.968465503093,842.2244770899251,504.37529656140526,707.9673077290358,3718.7241099626963,68.46067768744636,0.3616739017550181,3.7530545260014745,1.9093584392402367,19.356999810792733,31329.022628700855,397981.11062977114,215323.41082003177,215323.41082003177,62476.307645138695,2760.0,6756.0,3,8.013698630136986,0.8205012757567075,0.1884337112883889,5.306906036943396,0.6038021173300725,0.4378883423136073,0.0015319085924957994,0.009138902129262048,0.010779031794063375,0.5823522748142513,0.04480895837628862,W8;W12;W16;M40,1.8410958904109591,40.0,4,aP,True,United_Kingdom,/home/ctm/pertussis_transmission_analysis/outputs/calibrations/United_Kingdom_calibrated_config.yaml,current,fitted_parameters_and_state_only,e07d2d9623bba63452e5939f83db5c87901a902d0a71c99df08b4ecdc3550c54,c36eefa5b9e490f39c68369d7b2ec545f1003c465b2d7a3d65a4f58b53b37bf6,True,state_reconstruction_accepted,48.22162649451701,42.000016882084694,True,United_Kingdom,GBR,1,contact_reduction_mean,United_Kingdom,GBR,2025,2025,True,False,nearest_past_year,2024,measured_national_surveillance_fraction,https://www.postersessiononline.eu/173580348_eu/congresos/UKHSA2025/aula/-P_58_UKHSA2025.pdf,"UKHSA national reference laboratory poster: 661 B. pertussis isolates received from June 2023 to November 2024, with 2 predicted and phenotypically confirmed macrolide-resistant isolates.",United_Kingdom,GBR,3,relative_detection_prior_mean,6.047227433250013e-05,1.6570722974665014e-16,United_Kingdom,timeliness_pregnancy_tdap,pregnancy_tdap_scaleup,True,False,2,Routine timeliness plus pregnancy Tdap scale-up.,6.999594011212859,2.441795872297158,1.441795872297158,0.25,calibrated_country_scenario_analysis,schedule_relative,1.0,48.0,,,True,0.0,prospective_policy,0.4627372596986583,0.16726113896975836,0.06804268035227701,0.17914088070825473,0.058471176843535755,0.2611293855306024,0.04480895837628862,0.21671288580313341,0.04514358497874116,0.5270965337273055,0.5331893043843887,0.5329533507362214,1793.2629323392264,2323.8424599268646,1878.0445982543893,6.0
program_portfolio_factorial,timeliness_targeted_pep,symptom_protective,country_timeline,timeliness_targeted_pep,2027-01-01,2051-01-01,2027,2051,6062031.8097352935,32017870.557397857,305177.4101095371,235596.6567761551,701856.1100773073,1317911.257351117,739263.0882864735,2292771.002413746,11904094.42066525,228300.922255666,1030.7367280673525,1014.1898166685166,1015.4048586832416,81837.26950627606,31800456.720870823,0.9932096097353732,0.003,0.9998738567125443,72788265.87603737,682825.4069971151,6600215.375926625,6165395.285915278,13448436.068839017,24.000492823261258,1832.7824272747598,17.469112864557705,1437.6040630120829,4282.705914862173,831.9704487252529,499.59483135591984,710.3440352937666,3688.114712891604,70.73196503516893,0.5900193015528444,6.18855726163133,3.1459172504127375,25.354741575722894,32469.270709814107,402178.50127856375,271082.80559099244,271082.80559099244,64750.18929388992,2760.0,6456.0,3,8.013698630136986,0.819539844768326,0.18933276024300238,5.281706127965033,0.6007494507381675,0.4357495133450914,0.0008380781304809947,0.009106943287161056,0.010738542992395466,0.58006588632813,0.05399570070877879,W8;W12;W16;M40,1.8410958904109591,40.0,4,aP,True,United_Kingdom,/home/ctm/pertussis_transmission_analysis/outputs/calibrations/United_Kingdom_calibrated_config.yaml,current,fitted_parameters_and_state_only,e07d2d9623bba63452e5939f83db5c87901a902d0a71c99df08b4ecdc3550c54,c36eefa5b9e490f39c68369d7b2ec545f1003c465b2d7a3d65a4f58b53b37bf6,True,state_reconstruction_accepted,48.22162649451701,42.000016882084694,True,United_Kingdom,GBR,1,contact_reduction_mean,United_Kingdom,GBR,2025,2025,True,False,nearest_past_year,2024,measured_national_surveillance_fraction,https://www.postersessiononline.eu/173580348_eu/congresos/UKHSA2025/aula/-P_58_UKHSA2025.pdf,"UKHSA national reference laboratory poster: 661 B. pertussis isolates received from June 2023 to November 2024, with 2 predicted and phenotypically confirmed macrolide-resistant isolates.",United_Kingdom,GBR,3,relative_detection_prior_mean,6.047227433250013e-05,1.6570722974665014e-16,United_Kingdom,timeliness_targeted_pep,targeted_pep_high_risk,True,False,2,Routine timeliness plus targeted high-risk PEP.,6.999594011212859,2.495732300555348,1.495732300555348,0.25,calibrated_country_scenario_analysis,schedule_relative,1.0,48.0,,,True,0.0,prospective_policy,0.3813676748845719,0.17739968030314357,0.07687576499529214,0.17638516231644652,0.06622104710561783,0.23661622647222524,0.05399570070877879,0.19941098540630542,0.030727427338314017,0.22852555442942113,0.23025772671550415,0.23047968335397828,1820.3371193234143,2323.8424599268646,1878.0445982543893,8.0
program_portfolio_factorial,infant_exposure,symptom_protective,country_timeline,infant_exposure,2027-01-01,2051-01-01,2027,2051,6420776.395462005,33375119.39733067,355581.48172710155,322852.6392274114,749011.9972612576,1593170.666237873,804595.8207568433,2720619.1262221276,12666439.788110586,281307.0707328131,806.5079902577777,788.3472172644135,790.2596295163142,95794.82376519997,32515730.423667103,0.9742506097601465,0.003,0.9998063231429865,72788265.88762784,682825.4064206949,6600215.3742280975,6165395.286384936,13448436.067033729,24.000492823261258,1910.474721303753,20.354367099513432,1970.0375746006087,4570.449793944392,1005.7360896142682,543.7467658256775,842.899516280914,3924.303798167167,87.1542773340518,0.4616652032232764,4.810472181857457,2.448374537381865,29.679057180644808,32300.37332734723,454744.0945057529,219920.0381301049,219920.0381301049,64413.37430193405,2760.0,6756.0,3,8.054794520547945,0.8166287745757834,0.19238212511010633,5.197988115723686,0.6577440933944914,0.4933032343530905,0.0015805749371045057,0.018515820041652836,0.025307813823303292,0.6123398845924306,0.013894244383545473,W8;W12;W16;M40,1.8410958904109591,40.0,4,aP,True,United_Kingdom,/home/ctm/pertussis_transmission_analysis/outputs/calibrations/United_Kingdom_calibrated_config.yaml,current,fitted_parameters_and_state_only,e07d2d9623bba63452e5939f83db5c87901a902d0a71c99df08b4ecdc3550c54,c36eefa5b9e490f39c68369d7b2ec545f1003c465b2d7a3d65a4f58b53b37bf6,True,state_reconstruction_accepted,48.22162649451701,42.000016882084694,True,United_Kingdom,GBR,1,contact_reduction_mean,United_Kingdom,GBR,2025,2025,True,False,nearest_past_year,2024,measured_national_surveillance_fraction,https://www.postersessiononline.eu/173580348_eu/congresos/UKHSA2025/aula/-P_58_UKHSA2025.pdf,"UKHSA national reference laboratory poster: 661 B. pertussis isolates received from June 2023 to November 2024, with 2 predicted and phenotypically confirmed macrolide-resistant isolates.",United_Kingdom,GBR,3,relative_detection_prior_mean,,,United_Kingdom,infant_exposure,maternal_immunization,False,False,3,Infant-exposure reduction composite without routine timeliness changes.,6.999594011212859,2.9079353840961577,1.9079353840961577,0.25,calibrated_country_scenario_analysis,,,,True,False,True,0.0,prospective_policy,0.15224994442654372,0.005591088118481524,-0.004705785116007721,0.02269250715259541,0.006421281260245104,0.05937632203003529,0.013894244383545473,0.06718315762137161,0.008926005329395803,0.39635380433275513,0.4016660696239728,0.40110505170660504,1861.2811621615276,2323.8424599268646,1878.0445982543893,10.0
program_portfolio_factorial,routine_timeliness_resistance_guided,symptom_protective,country_timeline,routine_timeliness_resistance_guided,2027-01-01,2051-01-01,2027,2051,5123093.834552389,27030918.384741157,247089.13030263383,177263.6960447574,528892.6135803803,1049536.7072823225,644990.008194756,1871790.411521836,9791175.854444942,180551.4844889602,753.9450274437946,740.2687234950442,741.1997585307813,60938.61958055382,20600576.480678566,0.7621116007774086,0.003,0.9988041539326192,72788265.87595949,682825.406885137,6600215.374936491,6165395.290927181,13448436.072748808,24.000492823261258,1547.3168997885782,14.143995465842123,1081.6580047754953,3227.2876054745366,662.5510788922993,435.88497682911014,579.9162464800362,3033.4923799076378,55.938281624227024,0.43157685797826356,4.517098584310116,2.296377731252554,18.87994260217277,7472.852882601082,661678.7631302751,874550.6783820973,874550.6783820973,14902.356232073911,3480.0,7116.0,6,3.4027397260273973,0.8184951439412986,0.18952718370990881,5.2762879731838614,0.5678424575620721,0.4119989426724843,0.000705846365733794,0.008433103898176322,0.009872931657725546,0.5488305756404365,0.20134085869596097,W8;W12;W16;M40,1.8410958904109591,40.0,4,aP,True,United_Kingdom,/home/ctm/pertussis_transmission_analysis/outputs/calibrations/United_Kingdom_calibrated_config.yaml,current,fitted_parameters_and_state_only,e07d2d9623bba63452e5939f83db5c87901a902d0a71c99df08b4ecdc3550c54,c36eefa5b9e490f39c68369d7b2ec545f1003c465b2d7a3d65a4f58b53b37bf6,True,state_reconstruction_accepted,48.22162649451701,42.000016882084694,True,United_Kingdom,GBR,1,contact_reduction_mean,United_Kingdom,GBR,2025,2025,True,False,nearest_past_year,2024,measured_national_surveillance_fraction,https://www.postersessiononline.eu/173580348_eu/congresos/UKHSA2025/aula/-P_58_UKHSA2025.pdf,"UKHSA national reference laboratory poster: 661 B. pertussis isolates received from June 2023 to November 2024, with 2 predicted and phenotypically confirmed macrolide-resistant isolates.",United_Kingdom,GBR,3,relative_detection_prior_mean,6.047227433250013e-05,1.6570722974665014e-16,United_Kingdom,routine_timeliness_resistance_guided,resistance_guided_treatment,True,True,3,Routine timeliness plus resistance-guided management.,6.999594011212859,2.0206879775004714,1.0206879775004714,0.25,calibrated_country_scenario_analysis,schedule_relative,1.0,48.0,,,True,0.0,prospective_policy,0.534539012805628,0.34491095198679866,0.194595378378019,0.3276108454179628,0.23196224644382324,0.3962789454224237,0.20134085869596097,0.35179722747238595,0.37209789346649014,0.43569555037735197,0.4381563286286386,0.4382848693257143,1179.2281594078102,2323.8424599268646,1878.0445982543893,4.0
program_portfolio_factorial,timeliness_infant_exposure,symptom_protective,country_timeline,timeliness_infant_exposure,2027-01-01,2051-01-01,2027,2051,5320937.229153745,29499458.462598868,263393.05995890545,177632.74536949795,590744.9075835466,1206714.896633582,691492.1358436666,2075839.7778467464,10937882.471572595,198395.5511663049,549.5726710984308,534.285971735989,535.383395381747,54494.185823028936,28674940.649572764,0.9720497305375461,0.003,0.9990738200127413,72788265.88004091,682825.4070251735,6600215.37823738,6165395.289767402,13448436.075029956,24.000492823261258,1688.62226438438,15.077272889427608,1083.9099329805654,3604.708534203871,761.7744579419207,467.3111673621704,643.1346184105616,3388.7638846921413,61.46671263138043,0.3145890455889565,3.2601977220594986,1.6587195185620498,16.88333453232217,19005.360968896413,354818.1140995752,181626.5906597298,181626.5906597298,37900.473078087234,3090.0,6756.0,3,7.643835616438356,0.8285715450373267,0.18037406469342274,5.544034291735206,0.7108369412678258,0.5356096947671041,0.001450066885620175,0.00891507401840114,0.010508643929615738,0.6899631564341887,0.12840504235428019,W8;W12;W16;M40,1.8410958904109591,40.0,4,aP,True,United_Kingdom,/home/ctm/pertussis_transmission_analysis/outputs/calibrations/United_Kingdom_calibrated_config.yaml,current,fitted_parameters_and_state_only,e07d2d9623bba63452e5939f83db5c87901a902d0a71c99df08b4ecdc3550c54,c36eefa5b9e490f39c68369d7b2ec545f1003c465b2d7a3d65a4f58b53b37bf6,True,state_reconstruction_accepted,48.22162649451701,42.000016882084694,True,United_Kingdom,GBR,1,contact_reduction_mean,United_Kingdom,GBR,2025,2025,True,False,nearest_past_year,2024,measured_national_surveillance_fraction,https://www.postersessiononline.eu/173580348_eu/congresos/UKHSA2025/aula/-P_58_UKHSA2025.pdf,"UKHSA national reference laboratory poster: 661 B. pertussis isolates received from June 2023 to November 2024, with 2 predicted and phenotypically confirmed macrolide-resistant isolates.",United_Kingdom,GBR,3,relative_detection_prior_mean,,,United_Kingdom,timeliness_infant_exposure,maternal_immunization,True,False,4,Routine timeliness plus infant-exposure reduction composite.,6.999594011212859,2.154021056831992,1.1540210568319922,0.25,calibrated_country_scenario_analysis,schedule_relative,1.0,48.0,True,False,True,0.0,prospective_policy,0.5335699589787588,0.24680508325813322,0.13652776795330224,0.2543117302650768,0.14201248072626604,0.33661264700958604,0.12840504235428019,0.30902621446446255,0.12599263159127627,0.5886619151222297,0.5944915915059957,0.5942619375729172,1641.4248170745375,2323.8424599268646,1878.0445982543893,5.0
program_portfolio_factorial,infant_exposure_resistance_guided,symptom_protective,country_timeline,infant_exposure_resistance_guided,2027-01-01,2051-01-01,2027,2051,5070870.453338857,26695573.408515893,268737.7197953694,227339.96093375023,517326.45540825586,1196059.561051414,676591.1024249482,2099990.6244101124,9905682.031907232,209072.87060573854,551.893252431029,537.8823809260314,539.2498944845654,67392.75370527465,20504392.07406523,0.7680820996159733,0.003,0.9987482462805071,72788265.87389329,682825.4068479233,6600215.374736757,6165395.291594575,13448436.073179256,24.000492823261258,1528.1209205615862,15.383214493243276,1387.2219413762675,3156.711239190699,755.0479627053942,457.2410319917793,650.6170097976237,3068.968569998202,64.77474914514008,0.3159174040021182,3.282142908952727,1.6706986679132652,20.879556026622794,7135.200884862758,701012.7125827958,865727.2404782446,865727.2404782446,14229.010933452853,3480.0,7116.0,6,3.4027397260273973,0.8179894660751224,0.18995173378524427,5.264495248727661,0.6520425515523144,0.49460080594130257,0.0012709543968007747,0.016885224924548158,0.02301129686020262,0.6108750753707627,0.2112490063563779,W8;W12;W16;M40,1.8410958904109591,40.0,4,aP,True,United_Kingdom,/home/ctm/pertussis_transmission_analysis/outputs/calibrations/United_Kingdom_calibrated_config.yaml,current,fitted_parameters_and_state_only,e07d2d9623bba63452e5939f83db5c87901a902d0a71c99df08b4ecdc3550c54,c36eefa5b9e490f39c68369d7b2ec545f1003c465b2d7a3d65a4f58b53b37bf6,True,state_reconstruction_accepted,48.22162649451701,42.000016882084694,True,United_Kingdom,GBR,1,contact_reduction_mean,United_Kingdom,GBR,2025,2025,True,False,nearest_past_year,2024,measured_national_surveillance_fraction,https://www.postersessiononline.eu/173580348_eu/congresos/UKHSA2025/aula/-P_58_UKHSA2025.pdf,"UKHSA national reference laboratory poster: 661 B. pertussis isolates received from June 2023 to November 2024, with 2 predicted and phenotypically confirmed macrolide-resistant isolates.",United_Kingdom,GBR,3,relative_detection_prior_mean,,,United_Kingdom,infant_exposure_resistance_guided,maternal_immunization;resistance_guided_treatment,False,True,5,Infant-exposure reduction plus resistance-guided management.,6.999594011212859,2.1977295352559656,1.1977295352559656,0.25,calibrated_country_scenario_analysis,,,,True,False,True,0.0,prospective_policy,0.4030481987793183,0.25345582124028354,0.1551348177213594,0.2456362037727814,0.22298017231770917,0.3009102401848408,0.2112490063563779,0.2950052685816156,0.37502957798606484,0.5869250320285957,0.5917620155034502,0.5913317274321359,1173.722325132037,2323.8424599268646,1878.0445982543893,7.0
program_portfolio_factorial,timeliness_infant_exposure_targeted_pep,symptom_protective,country_timeline,timeliness_infant_exposure_targeted_pep,2027-01-01,2051-01-01,2027,2051,5264361.815545581,29215170.420142755,259858.8932766824,173664.78507952302,577561.8511446506,1190887.8011828037,688191.7950433899,2052744.3813057165,10834522.546864422,195529.84233154065,537.1405614695209,522.0579970123105,523.1369116942842,53315.827275907584,29014981.31702903,0.9931477687709909,0.003,0.9994955872621157,72788265.88526936,682825.4068531969,6600215.377342239,6165395.28614571,13448436.070341146,24.000492823261258,1672.3489106839404,14.87496841035612,1059.6975530186367,3524.2659016601438,751.7831360742523,465.0807935904228,635.9792258124983,3356.7410166383893,60.57886158731282,0.30747259726350207,3.185582970746942,1.6207775849891477,16.518256663265802,21549.319279062147,350387.78439139423,233131.1449455283,233131.1449455283,42973.63236523114,3090.0,6426.0,3,7.602739726027398,0.8286646187760439,0.18019274711866828,5.549612933873731,0.7105817715526003,0.5354697648282836,0.0014313903057742927,0.008844267338895137,0.010421986505108453,0.6898841274028225,0.13680465499930128,W8;W12;W16;M40,1.8410958904109591,40.0,4,aP,True,United_Kingdom,/home/ctm/pertussis_transmission_analysis/outputs/calibrations/United_Kingdom_calibrated_config.yaml,current,fitted_parameters_and_state_only,e07d2d9623bba63452e5939f83db5c87901a902d0a71c99df08b4ecdc3550c54,c36eefa5b9e490f39c68369d7b2ec545f1003c465b2d7a3d65a4f58b53b37bf6,True,state_reconstruction_accepted,48.22162649451701,42.000016882084694,True,United_Kingdom,GBR,1,contact_reduction_mean,United_Kingdom,GBR,2025,2025,True,False,nearest_past_year,2024,measured_national_surveillance_fraction,https://www.postersessiononline.eu/173580348_eu/congresos/UKHSA2025/aula/-P_58_UKHSA2025.pdf,"UKHSA national reference laboratory poster: 661 B. pertussis isolates received from June 2023 to November 2024, with 2 predicted and phenotypically confirmed macrolide-resistant isolates.",United_Kingdom,GBR,3,relative_detection_prior_mean,,,United_Kingdom,timeliness_infant_exposure_targeted_pep,maternal_immunization;targeted_pep_high_risk,True,False,5,Routine timeliness plus infant-exposure reduction and targeted high-risk PEP.,6.999594011212859,2.1251187406765966,1.1251187406765966,0.25,calibrated_country_scenario_analysis,schedule_relative,1.0,48.0,True,False,True,0.0,prospective_policy,0.5439890732978773,0.25668387722476993,0.14064893215693108,0.2626081154048715,0.15012022238679001,0.34619489311923757,0.13680465499930128,0.3182975921215285,0.11562824929923332,0.5979669632708673,0.6037722891690704,0.6035428839111074,1660.8895892523522,2323.8424599268646,1878.0445982543893,3.0
program_portfolio_factorial,timeliness_infant_exposure_resistance_guided,symptom_protective,country_timeline,timeliness_infant_exposure_resistance_guided,2027-01-01,2051-01-01,2027,2051,4522733.736838048,25304987.466508728,215463.88971327466,132388.4140652421,437766.41092547757,980980.40276802,621018.2485830582,1734387.0654163205,9234444.692725375,159642.86422650493,397.9759567597233,385.2058565357338,386.0534805747516,40475.90160725122,19730677.495339,0.7797149681047124,0.003,0.9984894851294513,72788265.87290871,682825.4069783422,6600215.374965342,6165395.288302133,13448436.070245815,24.000492823261258,1448.5203277300025,12.333688153551728,807.830317142315,2671.2381220754287,619.272884610484,419.68483475731284,537.3460783406844,2861.00648478881,49.4603936674282,0.22781132141528412,2.3505151220935874,1.1960670599605725,12.540203642915834,6924.731842303201,586515.8409992268,750158.4261028625,750158.4261028625,13809.29376537431,3840.0,6846.0,5,4.006849315068493,0.8289676716670484,0.17872894593699792,5.595064608910639,0.7018076455933945,0.5329139008939654,0.0011780569943729178,0.008208334613642197,0.009599094180341845,0.6828221598050375,0.2523354451723021,W8;W12;W16;M40,1.8410958904109591,40.0,4,aP,True,United_Kingdom,/home/ctm/pertussis_transmission_analysis/outputs/calibrations/United_Kingdom_calibrated_config.yaml,current,fitted_parameters_and_state_only,e07d2d9623bba63452e5939f83db5c87901a902d0a71c99df08b4ecdc3550c54,c36eefa5b9e490f39c68369d7b2ec545f1003c465b2d7a3d65a4f58b53b37bf6,True,state_reconstruction_accepted,48.22162649451701,42.000016882084694,True,United_Kingdom,GBR,1,contact_reduction_mean,United_Kingdom,GBR,2025,2025,True,False,nearest_past_year,2024,measured_national_surveillance_fraction,https://www.postersessiononline.eu/173580348_eu/congresos/UKHSA2025/aula/-P_58_UKHSA2025.pdf,"UKHSA national reference laboratory poster: 661 B. pertussis isolates received from June 2023 to November 2024, with 2 predicted and phenotypically confirmed macrolide-resistant isolates.",United_Kingdom,GBR,3,relative_detection_prior_mean,,,United_Kingdom,timeliness_infant_exposure_resistance_guided,maternal_immunization;resistance_guided_treatment,True,True,6,Routine timeliness plus infant-exposure reduction and resistance-guided management.,6.999594011212859,1.7620576470283882,0.7620576470283882,0.25,calibrated_country_scenario_analysis,schedule_relative,1.0,48.0,True,False,True,0.0,prospective_policy,0.6523730279868135,0.3877017223790692,0.2245291226754078,0.3769692132971504,0.2756332576827544,0.46619237931270785,0.2523354451723021,0.43476149468546677,0.3986122682151343,0.7021273500486287,0.707639312859291,0.7074309876757687,1129.4329811350265,2323.8424599268646,1878.0445982543893,2.0
program_portfolio_factorial,timeliness_infant_exposure_targeted_pep_resistance_guided,symptom_protective,country_timeline,timeliness_infant_exposure_targeted_pep_resistance_guided,2027-01-01,2051-01-01,2027,2051,4033685.5058274297,22681625.977757856,187956.9118612175,109323.89662504022,361152.1075675562,846425.2722092818,577376.5628191698,1533125.731653492,8217736.270626282,137899.79820375785,329.50270286847103,318.21698905131007,318.93545957023446,33616.89460783337,21741927.08424323,0.9585700383898351,0.003,0.9989947435321657,72788265.87661946,682825.4067778253,6600215.374954319,6165395.288457384,13448436.070189528,24.000492823261258,1298.3526009076152,10.759120426942982,667.0912914195942,2203.7398343242658,534.3309799564727,390.1917341499798,474.99149177112656,2546.0108910680556,42.72397854355787,0.1886155303393548,1.9417509687380776,0.9881226737782959,10.4151529054738,10123.948006622999,514798.12204762385,908554.7777410448,908554.7777410448,20189.167650058807,3870.0,6756.0,6,2.991780821917808,0.8292397328510448,0.1778393449298105,5.623052651226753,0.6967370763725501,0.5303235138059343,0.0010865475301299198,0.007711120942924171,0.009004803629897173,0.6789346042695987,0.32984563569245007,W8;W12;W16;M40,1.8410958904109591,40.0,4,aP,True,United_Kingdom,/home/ctm/pertussis_transmission_analysis/outputs/calibrations/United_Kingdom_calibrated_config.yaml,current,fitted_parameters_and_state_only,e07d2d9623bba63452e5939f83db5c87901a902d0a71c99df08b4ecdc3550c54,c36eefa5b9e490f39c68369d7b2ec545f1003c465b2d7a3d65a4f58b53b37bf6,True,state_reconstruction_accepted,48.22162649451701,42.000016882084694,True,United_Kingdom,GBR,1,contact_reduction_mean,United_Kingdom,GBR,2025,2025,True,False,nearest_past_year,2024,measured_national_surveillance_fraction,https://www.postersessiononline.eu/173580348_eu/congresos/UKHSA2025/aula/-P_58_UKHSA2025.pdf,"UKHSA national reference laboratory poster: 661 B. pertussis isolates received from June 2023 to November 2024, with 2 predicted and phenotypically confirmed macrolide-resistant isolates.",United_Kingdom,GBR,3,relative_detection_prior_mean,,,United_Kingdom,timeliness_infant_exposure_targeted_pep_resistance_guided,maternal_immunization;targeted_pep_high_risk;resistance_guided_treatment,True,True,7,"Routine timeliness plus infant-exposure reduction, targeted PEP, and resistance-guided management.",6.999594011212859,1.5371063535553098,0.5371063535553098,0.25,calibrated_country_scenario_analysis,schedule_relative,1.0,48.0,True,False,True,0.0,prospective_policy,0.7129360947422734,0.47168696250588726,0.27902487449021196,0.44926680453698176,0.35538572706324634,0.5388960005881417,0.32984563569245007,0.506922092303504,0.3373097190277834,0.7533774550887545,0.7584820272059958,0.758296098606031,1244.561902495555,2323.8424599268646,1878.0445982543893,1.0
program_portfolio_factorial,current,symptom_protective,country_timeline,current,2027-01-01,2051-01-01,2027,2051,34309770.48491392,182023083.7102362,3541717.139172634,1219720.587949491,2694187.429290372,5910123.828919293,5033290.750347899,12163135.167216685,60144834.32114795,2533353.6136810663,4285.71819401919,4196.912867129308,4203.709135955376,401333.99594680173,176461978.9528802,0.9694483543295599,0.01,0.988799564153178,365358074.5547669,3663533.7145466493,35287396.13939675,32015420.869869817,70966350.72381322,24.000492823261258,2075.8099923812897,40.39010700085831,1387.2029455117852,3064.1318795441985,697.8415239011052,655.0472736525184,714.1228017923155,3531.2275172702293,148.73842604403092,0.48874771651695953,4.773199656427524,2.4680845068462336,23.563148291939893,34379.48002858446,2079694.9482767014,1237400.4840221752,1237400.4840221752,344132.07198459405,1140.0,8766.0,2,12.986301369863014,0.8166054691858068,0.18849131541761968,5.3052842131448275,0.552702374497783,0.42091143754005117,0.0005281268239689384,0.012906182110218666,0.017621048545516285,0.521647017018079,0.0,M2;M4;M6;M15;Y4;Y11-Y12,2.0,144.0,6,aP,True,United_States,/home/ctm/pertussis_transmission_analysis/outputs/calibrations/United_States_calibrated_config.yaml,current,fitted_parameters_and_state_only,e07d2d9623bba63452e5939f83db5c87901a902d0a71c99df08b4ecdc3550c54,c36eefa5b9e490f39c68369d7b2ec545f1003c465b2d7a3d65a4f58b53b37bf6,True,state_reconstruction_accepted,40.89230041380155,40.556935818834134,True,United_States,USA,1,contact_reduction_mean,United_States,USA,2025,2025,True,False,nearest_past_year,2024,low_detected_model_anchor,https://www.cdc.gov/pertussis/hcp/antibiotic-resistance/index.html; https://www.health.state.mn.us/diseases/reportable/dcn/pertussis.html; https://trace.ncbi.nlm.nih.gov/Traces/sra-db-be/runinfo?acc=SRR32181461%2CSRR32181462; https://doi.org/10.1128/jcm.01064-25; https://pubmed.ncbi.nlm.nih.gov/41802571/; https://www.paho.org/en/news/26-8-2025-paho-calls-strengthened-vaccination-and-surveillance-amid-spread-antibiotic,"CDC states reported MRBP infections remain rare in the United States and recommends continued surveillance. Minnesota's 2024 annual report states 12 erythromycin-resistant B. pertussis cases have been identified nationally, including one Minnesota case in 2024. Public SRA metadata show SRR32181461 and SRR32181462 are ONT and Illumina WGS runs for the same Minnesota BioSample SAMN46491808/sample MDH-25-000001, not independent cases. Global genomic analyses assigned the 2024 USA evidence to MT28-ptxP3-MRBP/A2047G or MR-MT28 emergence, and PAHO reported resistant pertussis cases in the United States since 2024. No population-based national resistant fraction or denominator was located; use a conservative low detected anchor pending surveillance.",United_States,USA,3,relative_detection_prior_mean,2.8951093600231316e-05,1.3156166320465292e-16,United_States,current,,False,False,0,Current practice.,1.4343588639311122,28.15899703799517,27.15899703799517,0.25,calibrated_country_scenario_analysis,,,,,,,,,0.0,0.0,0.0,0.0,0.0,0.0,0.0,0.0,0.0,0.0,0.0,0.0,2012.3905810148976,1387.2029455117852,2012.3905810148976,11.0
program_portfolio_factorial,routine_timeliness,symptom_protective,country_timeline,routine_timeliness,2027-01-01,2051-01-01,2027,2051,34033509.78462647,189687900.70633006,3268611.800028669,949792.9536808755,2584531.2878000657,5247461.731009136,5042035.092217392,11239289.776907403,61524017.04845404,2232594.175433003,3821.4293699579193,3732.2892257192134,3737.430675849591,316001.515144434,182705732.0200972,0.9631912807288511,0.01,0.9344294959480762,365358074.5855257,3663533.71507544,35287396.142562576,32015420.86786026,70966350.72549827,24.000492823261258,2163.2203545881207,37.275585584215264,1080.2109891391249,2939.418625960417,619.5972870709244,656.1852880834175,659.8819297086645,3612.2021852998005,131.0802178771151,0.4357997408338636,4.244777580885342,2.1943227868359148,18.553101996961605,37362.3357219506,1980093.6857229082,1280172.5903986953,1280172.5903986953,373989.89154492813,1170.0,6450.0,2,14.054794520547945,0.8252560328487467,0.17941845345906524,5.573562700606782,0.604045265183499,0.45694252409999087,0.0004983691032370257,0.015679470188104876,0.01514809309406264,0.5727193327980945,-0.04210903825965029,M2;M4;M6;M15;Y4;Y11-Y12,2.0,144.0,6,aP,True,United_States,/home/ctm/pertussis_transmission_analysis/outputs/calibrations/United_States_calibrated_config.yaml,current,fitted_parameters_and_state_only,e07d2d9623bba63452e5939f83db5c87901a902d0a71c99df08b4ecdc3550c54,c36eefa5b9e490f39c68369d7b2ec545f1003c465b2d7a3d65a4f58b53b37bf6,True,state_reconstruction_accepted,40.89230041380155,40.556935818834134,True,United_States,USA,1,contact_reduction_mean,United_States,USA,2025,2025,True,False,nearest_past_year,2024,low_detected_model_anchor,https://www.cdc.gov/pertussis/hcp/antibiotic-resistance/index.html; https://www.health.state.mn.us/diseases/reportable/dcn/pertussis.html; https://trace.ncbi.nlm.nih.gov/Traces/sra-db-be/runinfo?acc=SRR32181461%2CSRR32181462; https://doi.org/10.1128/jcm.01064-25; https://pubmed.ncbi.nlm.nih.gov/41802571/; https://www.paho.org/en/news/26-8-2025-paho-calls-strengthened-vaccination-and-surveillance-amid-spread-antibiotic,"CDC states reported MRBP infections remain rare in the United States and recommends continued surveillance. Minnesota's 2024 annual report states 12 erythromycin-resistant B. pertussis cases have been identified nationally, including one Minnesota case in 2024. Public SRA metadata show SRR32181461 and SRR32181462 are ONT and Illumina WGS runs for the same Minnesota BioSample SAMN46491808/sample MDH-25-000001, not independent cases. Global genomic analyses assigned the 2024 USA evidence to MT28-ptxP3-MRBP/A2047G or MR-MT28 emergence, and PAHO reported resistant pertussis cases in the United States since 2024. No population-based national resistant fraction or denominator was located; use a conservative low detected anchor pending surveillance.",United_States,USA,3,relative_detection_prior_mean,2.8951093600231316e-05,1.3156166320465292e-16,United_States,routine_timeliness,,True,False,1,Routine timeliness improvement only.,1.4343588639311122,25.98762870405735,24.98762870405735,0.25,calibrated_country_scenario_analysis,schedule_relative,1.0,48.0,,,,,,0.22130284340153594,0.11212321722729957,-0.0017373011620456236,0.07595454441707783,-0.022931025463331478,0.11871988048721227,-0.04210903825965029,0.07711099684481404,-0.035382993486107184,0.10833396015379537,0.11070604897449254,0.11092072382401263,2083.5949838344513,1387.2029455117852,2012.3905810148976,9.0
program_portfolio_factorial,timeliness_pregnancy_tdap,symptom_protective,country_timeline,timeliness_pregnancy_tdap,2027-01-01,2051-01-01,2027,2051,30890388.785737112,172570013.29674584,2929956.465049754,772528.8750641613,2318668.410076439,4868358.448711057,4598414.663848106,10239301.987623323,56348524.81065569,1991861.1209180038,2158.7220894428797,2077.3766984443837,2082.1397521060594,225337.31113179144,167925756.6425059,0.973087696028314,0.01,0.9918348671326023,365358074.5445464,3663533.7133773793,35287396.13106678,32015420.874487948,70966350.71893209,24.000492823261258,1968.0062039111199,33.41352527157824,878.606413560285,2637.0495676858573,574.834432896908,598.4512196190464,601.1705800993227,3308.338340749125,116.94628276292369,0.24618289025905027,2.3626255918037193,1.2224672776859866,13.230019215652034,25514.972466022307,1790168.422528124,1070958.0365531023,1070958.0365531023,255400.03321213773,1170.0,8766.0,4,7.972602739726028,0.8259846588355756,0.1790020652812896,5.586527722060457,0.6101447534137703,0.461103681297521,0.0009430971527010889,0.015465895622285567,0.0158944118755244,0.5778413487632592,0.05193336043322261,M2;M4;M6;M15;Y4;Y11-Y12,2.0,144.0,6,aP,True,United_States,/home/ctm/pertussis_transmission_analysis/outputs/calibrations/United_States_calibrated_config.yaml,current,fitted_parameters_and_state_only,e07d2d9623bba63452e5939f83db5c87901a902d0a71c99df08b4ecdc3550c54,c36eefa5b9e490f39c68369d7b2ec545f1003c465b2d7a3d65a4f58b53b37bf6,True,state_reconstruction_accepted,40.89230041380155,40.556935818834134,True,United_States,USA,1,contact_reduction_mean,United_States,USA,2025,2025,True,False,nearest_past_year,2024,low_detected_model_anchor,https://www.cdc.gov/pertussis/hcp/antibiotic-resistance/index.html; https://www.health.state.mn.us/diseases/reportable/dcn/pertussis.html; https://trace.ncbi.nlm.nih.gov/Traces/sra-db-be/runinfo?acc=SRR32181461%2CSRR32181462; https://doi.org/10.1128/jcm.01064-25; https://pubmed.ncbi.nlm.nih.gov/41802571/; https://www.paho.org/en/news/26-8-2025-paho-calls-strengthened-vaccination-and-surveillance-amid-spread-antibiotic,"CDC states reported MRBP infections remain rare in the United States and recommends continued surveillance. Minnesota's 2024 annual report states 12 erythromycin-resistant B. pertussis cases have been identified nationally, including one Minnesota case in 2024. Public SRA metadata show SRR32181461 and SRR32181462 are ONT and Illumina WGS runs for the same Minnesota BioSample SAMN46491808/sample MDH-25-000001, not independent cases. Global genomic analyses assigned the 2024 USA evidence to MT28-ptxP3-MRBP/A2047G or MR-MT28 emergence, and PAHO reported resistant pertussis cases in the United States since 2024. No population-based national resistant fraction or denominator was located; use a conservative low detected anchor pending surveillance.",United_States,USA,3,relative_detection_prior_mean,2.8951093600231316e-05,1.3156166320465292e-16,United_States,timeliness_pregnancy_tdap,pregnancy_tdap_scaleup,True,False,2,Routine timeliness plus pregnancy Tdap scale-up.,1.4343588639311122,23.2950944926032,22.2950944926032,0.25,calibrated_country_scenario_analysis,schedule_relative,1.0,48.0,,,True,0.0,prospective_policy,0.36663455327676087,0.17626794469359364,0.08639995344392437,0.15816918525896784,0.06311946077067188,0.21374532550007963,0.05193336043322261,0.17272996404952634,0.048374286383562226,0.49629863847431177,0.5050226763784803,0.5046898620323188,1915.0426227332998,1387.2029455117852,2012.3905810148976,7.0
program_portfolio_factorial,timeliness_targeted_pep,symptom_protective,country_timeline,timeliness_targeted_pep,2027-01-01,2051-01-01,2027,2051,30462053.11582673,169621804.9697665,2949158.4375487044,866485.1260246828,2363288.3410153408,4774267.835687736,4527334.3148491215,10168087.27656154,55471488.83840255,2027039.5488130385,3460.92471110031,3381.2538075962066,3385.929203703801,287158.0911764565,168182403.78770182,0.9915140557411163,0.01,0.9985065547210984,365358074.56701016,3663533.7132654544,35287396.132331684,32015420.87787383,70966350.72347099,24.000492823261258,1934.3845324074787,33.63250654142048,985.4639918021293,2687.7963537599917,563.7246255878592,589.2006137155911,596.9894172033237,3256.845746138908,119.01168095630281,0.3946874182934523,3.8455407651567555,1.987949008532108,16.859644969001764,24064.467001875953,1784318.4661560357,1405766.5674707475,1405766.5674707475,240880.74874758217,1170.0,8766.0,4,7.972602739726028,0.8253067047222694,0.1795880731327927,5.5682985097822755,0.6071965711441121,0.45891443171557866,0.0005017104042489803,0.015452741062690076,0.015856173890274754,0.5753859457868983,0.0681302529750093,M2;M4;M6;M15;Y4;Y11-Y12,2.0,144.0,6,aP,True,United_States,/home/ctm/pertussis_transmission_analysis/outputs/calibrations/United_States_calibrated_config.yaml,current,fitted_parameters_and_state_only,e07d2d9623bba63452e5939f83db5c87901a902d0a71c99df08b4ecdc3550c54,c36eefa5b9e490f39c68369d7b2ec545f1003c465b2d7a3d65a4f58b53b37bf6,True,state_reconstruction_accepted,40.89230041380155,40.556935818834134,True,United_States,USA,1,contact_reduction_mean,United_States,USA,2025,2025,True,False,nearest_past_year,2024,low_detected_model_anchor,https://www.cdc.gov/pertussis/hcp/antibiotic-resistance/index.html; https://www.health.state.mn.us/diseases/reportable/dcn/pertussis.html; https://trace.ncbi.nlm.nih.gov/Traces/sra-db-be/runinfo?acc=SRR32181461%2CSRR32181462; https://doi.org/10.1128/jcm.01064-25; https://pubmed.ncbi.nlm.nih.gov/41802571/; https://www.paho.org/en/news/26-8-2025-paho-calls-strengthened-vaccination-and-surveillance-amid-spread-antibiotic,"CDC states reported MRBP infections remain rare in the United States and recommends continued surveillance. Minnesota's 2024 annual report states 12 erythromycin-resistant B. pertussis cases have been identified nationally, including one Minnesota case in 2024. Public SRA metadata show SRR32181461 and SRR32181462 are ONT and Illumina WGS runs for the same Minnesota BioSample SAMN46491808/sample MDH-25-000001, not independent cases. Global genomic analyses assigned the 2024 USA evidence to MT28-ptxP3-MRBP/A2047G or MR-MT28 emergence, and PAHO reported resistant pertussis cases in the United States since 2024. No population-based national resistant fraction or denominator was located; use a conservative low detected anchor pending surveillance.",United_States,USA,3,relative_detection_prior_mean,2.8951093600231316e-05,1.3156166320465292e-16,United_States,timeliness_targeted_pep,targeted_pep_high_risk,True,False,2,Routine timeliness plus targeted high-risk PEP.,1.4343588639311122,23.447762890553552,22.447762890553552,0.25,calibrated_country_scenario_analysis,schedule_relative,1.0,48.0,,,True,0.0,prospective_policy,0.2896035907032143,0.1921881886253568,0.1005219965613563,0.16402414864486592,0.07770152724657475,0.19985921512643978,0.0681302529750093,0.1673083079024077,0.04691988166484906,0.1924516371771473,0.19434738946367813,0.19453770605984577,1917.9694530902218,1387.2029455117852,2012.3905810148976,8.0
program_portfolio_factorial,infant_exposure,symptom_protective,country_timeline,infant_exposure,2027-01-01,2051-01-01,2027,2051,31909343.59556056,174469319.22879857,3251967.4257355034,1006390.5420063977,2366263.3429975924,5700727.530932302,4917326.25313593,11624444.32607463,58136842.65898977,2338393.6902394164,2526.547478187141,2441.566811549344,2448.056648720493,301232.8753588196,169808207.35129794,0.9732840599246676,0.01,0.9965868405965164,365358074.5387518,3663533.7131875185,35287396.129727565,32015420.878749937,70966350.72166504,24.000492823261258,1989.6660843935022,37.08577143040952,1144.580109999926,2691.1798594782103,673.1169267816005,639.955312468403,682.4951492803383,3413.3341772073645,137.2919260421176,0.28813007640423655,2.7768234031332457,1.437304649623121,17.68600463550822,29189.176246807656,1933703.4439492642,1114634.4967592373,1114634.4967592373,292178.11591523053,1170.0,8766.0,4,7.972602739726027,0.8221073465536712,0.1828937244474184,5.467656164919416,0.6226780131002136,0.4839064183821019,0.0009278749738614262,0.012874849138093216,0.017571648216441294,0.5913036407718176,0.041498936989016855,M2;M4;M6;M15;Y4;Y11-Y12,2.0,144.0,6,aP,True,United_States,/home/ctm/pertussis_transmission_analysis/outputs/calibrations/United_States_calibrated_config.yaml,current,fitted_parameters_and_state_only,e07d2d9623bba63452e5939f83db5c87901a902d0a71c99df08b4ecdc3550c54,c36eefa5b9e490f39c68369d7b2ec545f1003c465b2d7a3d65a4f58b53b37bf6,True,state_reconstruction_accepted,40.89230041380155,40.556935818834134,True,United_States,USA,1,contact_reduction_mean,United_States,USA,2025,2025,True,False,nearest_past_year,2024,low_detected_model_anchor,https://www.cdc.gov/pertussis/hcp/antibiotic-resistance/index.html; https://www.health.state.mn.us/diseases/reportable/dcn/pertussis.html; https://trace.ncbi.nlm.nih.gov/Traces/sra-db-be/runinfo?acc=SRR32181461%2CSRR32181462; https://doi.org/10.1128/jcm.01064-25; https://pubmed.ncbi.nlm.nih.gov/41802571/; https://www.paho.org/en/news/26-8-2025-paho-calls-strengthened-vaccination-and-surveillance-amid-spread-antibiotic,"CDC states reported MRBP infections remain rare in the United States and recommends continued surveillance. Minnesota's 2024 annual report states 12 erythromycin-resistant B. pertussis cases have been identified nationally, including one Minnesota case in 2024. Public SRA metadata show SRR32181461 and SRR32181462 are ONT and Illumina WGS runs for the same Minnesota BioSample SAMN46491808/sample MDH-25-000001, not independent cases. Global genomic analyses assigned the 2024 USA evidence to MT28-ptxP3-MRBP/A2047G or MR-MT28 emergence, and PAHO reported resistant pertussis cases in the United States since 2024. No population-based national resistant fraction or denominator was located; use a conservative low detected anchor pending surveillance.",United_States,USA,3,relative_detection_prior_mean,,,United_States,infant_exposure,maternal_immunization,False,False,3,Infant-exposure reduction composite without routine timeliness changes.,1.4343588639311122,25.855294907697964,24.855294907697964,0.25,calibrated_country_scenario_analysis,,,,True,False,True,0.0,prospective_policy,0.17490075026259,0.03543010333597041,0.02303949900052049,0.044288814827445844,0.03338593721010774,0.07695724844285168,0.041498936989016855,0.08181051790737248,0.03770654524913597,0.410472792701818,0.41824696179137555,0.41764366431025124,1936.5102845129243,1387.2029455117852,2012.3905810148976,10.0
program_portfolio_factorial,routine_timeliness_resistance_guided,symptom_protective,country_timeline,routine_timeliness_resistance_guided,2027-01-01,2051-01-01,2027,2051,25261991.939663664,140268771.3136965,2355840.172401588,643366.5253487311,1768134.5789044127,3679296.727802334,3843615.6781704994,8166278.931321564,44957203.33008665,1577830.016610448,2523.181516131797,2457.9748217588776,2461.562206786412,211925.4480105358,122987130.1017823,0.8767962316197552,0.01,0.9983141481824543,365358074.64862317,3663533.7139791977,35287396.139371544,32015420.85221448,70966350.70556523,24.000492823261258,1599.639513308852,26.86624393669259,731.7085141983667,2010.9207965578128,434.43523515568404,500.2194582476847,479.4591124721459,2639.530315967892,92.63766101527591,0.2877462185384415,2.795484430576041,1.4452340421952659,12.442581017367933,10141.531614691303,2911108.4062066213,3896097.6928741154,3896097.6928741154,101514.80725292483,1860.0,8766.0,5,4.705479452054794,0.8241536594681161,0.18009705013504287,5.552561795155257,0.5755165426421105,0.43375643201094743,0.00043520126431121427,0.014957351349689002,0.014941601831160159,0.5451823881969502,0.2293902045029007,M2;M4;M6;M15;Y4;Y11-Y12,2.0,144.0,6,aP,True,United_States,/home/ctm/pertussis_transmission_analysis/outputs/calibrations/United_States_calibrated_config.yaml,current,fitted_parameters_and_state_only,e07d2d9623bba63452e5939f83db5c87901a902d0a71c99df08b4ecdc3550c54,c36eefa5b9e490f39c68369d7b2ec545f1003c465b2d7a3d65a4f58b53b37bf6,True,state_reconstruction_accepted,40.89230041380155,40.556935818834134,True,United_States,USA,1,contact_reduction_mean,United_States,USA,2025,2025,True,False,nearest_past_year,2024,low_detected_model_anchor,https://www.cdc.gov/pertussis/hcp/antibiotic-resistance/index.html; https://www.health.state.mn.us/diseases/reportable/dcn/pertussis.html; https://trace.ncbi.nlm.nih.gov/Traces/sra-db-be/runinfo?acc=SRR32181461%2CSRR32181462; https://doi.org/10.1128/jcm.01064-25; https://pubmed.ncbi.nlm.nih.gov/41802571/; https://www.paho.org/en/news/26-8-2025-paho-calls-strengthened-vaccination-and-surveillance-amid-spread-antibiotic,"CDC states reported MRBP infections remain rare in the United States and recommends continued surveillance. Minnesota's 2024 annual report states 12 erythromycin-resistant B. pertussis cases have been identified nationally, including one Minnesota case in 2024. Public SRA metadata show SRR32181461 and SRR32181462 are ONT and Illumina WGS runs for the same Minnesota BioSample SAMN46491808/sample MDH-25-000001, not independent cases. Global genomic analyses assigned the 2024 USA evidence to MT28-ptxP3-MRBP/A2047G or MR-MT28 emergence, and PAHO reported resistant pertussis cases in the United States since 2024. No population-based national resistant fraction or denominator was located; use a conservative low detected anchor pending surveillance.",United_States,USA,3,relative_detection_prior_mean,2.8951093600231316e-05,1.3156166320465292e-16,United_States,routine_timeliness_resistance_guided,resistance_guided_treatment,True,True,3,Routine timeliness plus resistance-guided management.,1.4343588639311122,18.73048970678156,17.73048970678156,0.25,calibrated_country_scenario_analysis,schedule_relative,1.0,48.0,,,True,0.0,prospective_policy,0.4725295844761349,0.37745860589267577,0.23636128552581037,0.3286041124222522,0.2525176295268482,0.3771773478090188,0.2293902045029007,0.3348310777432876,0.30303892770561647,0.4112581831318378,0.4143374190562754,0.4144308925343919,1402.5578972192604,1387.2029455117852,2012.3905810148976,3.0
program_portfolio_factorial,timeliness_infant_exposure,symptom_protective,country_timeline,timeliness_infant_exposure,2027-01-01,2051-01-01,2027,2051,29180758.61933757,168111543.24783617,2785701.462020656,714034.8965044139,2144820.1518203067,4758443.625979167,4554027.944011245,10026506.466494825,55346863.371367484,1926610.4381563072,1992.5735318462096,1913.1589426812575,1917.7736856821878,209463.96249988404,164152479.79587644,0.9764497822370047,0.01,0.9921662745486636,365358074.56243306,3663533.7143779225,35287396.13981567,32015420.87810343,70966350.73229703,24.000492823261258,1917.161352220026,31.768426359250416,812.0805055360449,2439.329844663081,561.8561721266985,592.6746011818559,588.676915182597,3249.5287270162653,113.11528031048438,0.22723513763004383,2.175858755572455,1.1259645631091084,12.298062111504505,18199.976118771214,1712004.426476574,981453.8611493697,981453.8611493697,182178.3077215483,1410.0,8766.0,4,7.972602739726027,0.8313034675907912,0.1735797438746858,5.761040877684093,0.6838738904949236,0.5278032817713714,0.000888222431390607,0.015438140377993561,0.015806021788198486,0.651741505897341,0.07642734195485834,M2;M4;M6;M15;Y4;Y11-Y12,2.0,144.0,6,aP,True,United_States,/home/ctm/pertussis_transmission_analysis/outputs/calibrations/United_States_calibrated_config.yaml,current,fitted_parameters_and_state_only,e07d2d9623bba63452e5939f83db5c87901a902d0a71c99df08b4ecdc3550c54,c36eefa5b9e490f39c68369d7b2ec545f1003c465b2d7a3d65a4f58b53b37bf6,True,state_reconstruction_accepted,40.89230041380155,40.556935818834134,True,United_States,USA,1,contact_reduction_mean,United_States,USA,2025,2025,True,False,nearest_past_year,2024,low_detected_model_anchor,https://www.cdc.gov/pertussis/hcp/antibiotic-resistance/index.html; https://www.health.state.mn.us/diseases/reportable/dcn/pertussis.html; https://trace.ncbi.nlm.nih.gov/Traces/sra-db-be/runinfo?acc=SRR32181461%2CSRR32181462; https://doi.org/10.1128/jcm.01064-25; https://pubmed.ncbi.nlm.nih.gov/41802571/; https://www.paho.org/en/news/26-8-2025-paho-calls-strengthened-vaccination-and-surveillance-amid-spread-antibiotic,"CDC states reported MRBP infections remain rare in the United States and recommends continued surveillance. Minnesota's 2024 annual report states 12 erythromycin-resistant B. pertussis cases have been identified nationally, including one Minnesota case in 2024. Public SRA metadata show SRR32181461 and SRR32181462 are ONT and Illumina WGS runs for the same Minnesota BioSample SAMN46491808/sample MDH-25-000001, not independent cases. Global genomic analyses assigned the 2024 USA evidence to MT28-ptxP3-MRBP/A2047G or MR-MT28 emergence, and PAHO reported resistant pertussis cases in the United States since 2024. No population-based national resistant fraction or denominator was located; use a conservative low detected anchor pending surveillance.",United_States,USA,3,relative_detection_prior_mean,,,United_States,timeliness_infant_exposure,maternal_immunization,True,False,4,Routine timeliness plus infant-exposure reduction composite.,1.4343588639311122,22.148171673149818,21.148171673149818,0.25,calibrated_country_scenario_analysis,schedule_relative,1.0,48.0,True,False,True,0.0,prospective_policy,0.4145914207246436,0.19486566377928471,0.09521858166121788,0.1756643062292622,0.07977361653639825,0.2395019677664092,0.07642734195485834,0.21346020798504184,0.06975723174755422,0.5350665998928983,0.5441509025204376,0.543790109244479,1872.011784888446,1387.2029455117852,2012.3905810148976,5.0
program_portfolio_factorial,infant_exposure_resistance_guided,symptom_protective,country_timeline,infant_exposure_resistance_guided,2027-01-01,2051-01-01,2027,2051,25767913.61357546,141066839.21223783,2532475.365959422,734241.2738201568,1702693.2315633895,4301938.5347813405,4127930.1471660836,9164109.95576758,46264518.93751913,1783819.3847160921,1806.2338723318112,1738.8114689570298,1743.6404954611248,219992.78454301573,123203360.14901444,0.8733686870494954,0.01,0.9983946694265523,365358074.63993376,3663533.714013636,35287396.13723601,32015420.852919918,70966350.70416957,24.000492823261258,1608.7407618492123,28.880609875070398,835.0614624125818,1936.4935623839556,507.95405137449933,537.2209801259453,538.0438340433751,2716.28551702926,104.73172251599753,0.2059847709128263,1.9775712696895864,1.0237273689418698,12.916231017383957,10331.568851699223,3085272.1626935108,4021547.625580466,4021547.625580466,103417.04393607506,1860.0,8766.0,5,4.705479452054794,0.8215884568263682,0.18266457062107364,5.474515373177857,0.5991883402018648,0.4663868119991133,0.0007855887058690046,0.012120238731346683,0.0164983395435021,0.5697841732211472,0.22500577214259754,M2;M4;M6;M15;Y4;Y11-Y12,2.0,144.0,6,aP,True,United_States,/home/ctm/pertussis_transmission_analysis/outputs/calibrations/United_States_calibrated_config.yaml,current,fitted_parameters_and_state_only,e07d2d9623bba63452e5939f83db5c87901a902d0a71c99df08b4ecdc3550c54,c36eefa5b9e490f39c68369d7b2ec545f1003c465b2d7a3d65a4f58b53b37bf6,True,state_reconstruction_accepted,40.89230041380155,40.556935818834134,True,United_States,USA,1,contact_reduction_mean,United_States,USA,2025,2025,True,False,nearest_past_year,2024,low_detected_model_anchor,https://www.cdc.gov/pertussis/hcp/antibiotic-resistance/index.html; https://www.health.state.mn.us/diseases/reportable/dcn/pertussis.html; https://trace.ncbi.nlm.nih.gov/Traces/sra-db-be/runinfo?acc=SRR32181461%2CSRR32181462; https://doi.org/10.1128/jcm.01064-25; https://pubmed.ncbi.nlm.nih.gov/41802571/; https://www.paho.org/en/news/26-8-2025-paho-calls-strengthened-vaccination-and-surveillance-amid-spread-antibiotic,"CDC states reported MRBP infections remain rare in the United States and recommends continued surveillance. Minnesota's 2024 annual report states 12 erythromycin-resistant B. pertussis cases have been identified nationally, including one Minnesota case in 2024. Public SRA metadata show SRR32181461 and SRR32181462 are ONT and Illumina WGS runs for the same Minnesota BioSample SAMN46491808/sample MDH-25-000001, not independent cases. Global genomic analyses assigned the 2024 USA evidence to MT28-ptxP3-MRBP/A2047G or MR-MT28 emergence, and PAHO reported resistant pertussis cases in the United States since 2024. No population-based national resistant fraction or denominator was located; use a conservative low detected anchor pending surveillance.",United_States,USA,3,relative_detection_prior_mean,,,United_States,infant_exposure_resistance_guided,maternal_immunization;resistance_guided_treatment,False,True,5,Infant-exposure reduction plus resistance-guided management.,1.4343588639311122,20.134856486275698,19.134856486275698,0.25,calibrated_country_scenario_analysis,,,,True,False,True,0.0,prospective_policy,0.3980250222270071,0.2721068696173191,0.17987448929296157,0.24656679139210602,0.2307815050169364,0.29586640606238557,0.22500577214259754,0.28495832206661675,0.3018135643078471,0.5785458141292518,0.5856927403531305,0.585213810216475,1405.023806979252,1387.2029455117852,2012.3905810148976,6.0
program_portfolio_factorial,timeliness_infant_exposure_targeted_pep,symptom_protective,country_timeline,timeliness_infant_exposure_targeted_pep,2027-01-01,2051-01-01,2027,2051,28499851.379936762,164234539.36509022,2714423.1405834607,690641.3198202505,2075621.0640365162,4629079.947637131,4468900.516784689,9788621.784242071,54095340.64830667,1875068.3800809197,1924.9811138465552,1847.6896692804894,1852.1723595868784,202624.750544048,162899837.57189816,0.9918731967200575,0.01,0.9981717386200532,365358074.5649954,3663533.7130842768,35287396.12701653,32015420.882719144,70966350.72281995,24.000492823261258,1872.9476006535558,30.955561040742534,785.4747087116484,2360.6288877910843,546.5814760505921,581.5958671505161,574.7102139575812,3176.049242003049,110.08913958001497,0.2195268286695532,2.101399761522146,1.0874486690027056,11.89651784541679,19648.22584390979,1668444.2155926507,1303994.1960945767,1303994.1960945767,196675.01268353596,1440.0,8766.0,4,7.972602739726028,0.8312743264996935,0.17353141117644041,5.7626454670113665,0.6824569668551732,0.5266219969261619,0.0008775228129969913,0.015399552916627991,0.015742248555141176,0.650437642570407,0.09772685959690519,M2;M4;M6;M15;Y4;Y11-Y12,2.0,144.0,6,aP,True,United_States,/home/ctm/pertussis_transmission_analysis/outputs/calibrations/United_States_calibrated_config.yaml,current,fitted_parameters_and_state_only,e07d2d9623bba63452e5939f83db5c87901a902d0a71c99df08b4ecdc3550c54,c36eefa5b9e490f39c68369d7b2ec545f1003c465b2d7a3d65a4f58b53b37bf6,True,state_reconstruction_accepted,40.89230041380155,40.556935818834134,True,United_States,USA,1,contact_reduction_mean,United_States,USA,2025,2025,True,False,nearest_past_year,2024,low_detected_model_anchor,https://www.cdc.gov/pertussis/hcp/antibiotic-resistance/index.html; https://www.health.state.mn.us/diseases/reportable/dcn/pertussis.html; https://trace.ncbi.nlm.nih.gov/Traces/sra-db-be/runinfo?acc=SRR32181461%2CSRR32181462; https://doi.org/10.1128/jcm.01064-25; https://pubmed.ncbi.nlm.nih.gov/41802571/; https://www.paho.org/en/news/26-8-2025-paho-calls-strengthened-vaccination-and-surveillance-amid-spread-antibiotic,"CDC states reported MRBP infections remain rare in the United States and recommends continued surveillance. Minnesota's 2024 annual report states 12 erythromycin-resistant B. pertussis cases have been identified nationally, including one Minnesota case in 2024. Public SRA metadata show SRR32181461 and SRR32181462 are ONT and Illumina WGS runs for the same Minnesota BioSample SAMN46491808/sample MDH-25-000001, not independent cases. Global genomic analyses assigned the 2024 USA evidence to MT28-ptxP3-MRBP/A2047G or MR-MT28 emergence, and PAHO reported resistant pertussis cases in the United States since 2024. No population-based national resistant fraction or denominator was located; use a conservative low detected anchor pending surveillance.",United_States,USA,3,relative_detection_prior_mean,,,United_States,timeliness_infant_exposure_targeted_pep,maternal_immunization;targeted_pep_high_risk,True,False,5,Routine timeliness plus infant-exposure reduction and targeted high-risk PEP.,1.4343588639311122,21.58146180789331,20.58146180789331,0.25,calibrated_country_scenario_analysis,schedule_relative,1.0,48.0,True,False,True,0.0,prospective_policy,0.43377087617967625,0.21675415242803964,0.11213145863353902,0.1952221487577186,0.10058209888050473,0.25984735413372917,0.09772685959690519,0.2335855648772771,0.07685588400413423,0.5508381497101451,0.5597502908026035,0.5593956908805167,1857.7265239494043,1387.2029455117852,2012.3905810148976,4.0
program_portfolio_factorial,timeliness_infant_exposure_resistance_guided,symptom_protective,country_timeline,timeliness_infant_exposure_resistance_guided,2027-01-01,2051-01-01,2027,2051,23019249.84905674,132299857.06806743,2110501.585673178,495933.25999479316,1496648.2289657295,3459291.726211901,3693193.065670821,7648418.051877514,42646534.32273768,1419904.5904676649,1364.8951603153607,1303.216616316802,1306.5530342860861,145362.27601157638,117463432.38395396,0.887857590983789,0.01,0.9981058379733212,365358074.6469609,3663533.713871342,35287396.14081039,32015420.85542887,70966350.71011059,24.000492823261258,1508.7611945987878,24.068377428137566,564.0308821263751,1702.156094199611,408.45800860028896,480.64301663162587,449.0544300010582,2503.8661631625237,83.36553287275181,0.1556540496880515,1.4821639865626937,0.7671042875767841,8.534519629456089,7841.989908441871,2643785.285452687,3468660.207228631,3468660.207228631,78496.8310780608,1890.0,8766.0,7,3.986301369863014,0.8301340664778765,0.17399300618453037,5.747357448031204,0.6516997512899886,0.5026335964507489,0.0007556681340971959,0.014820206769460963,0.014758038154718793,0.6213658382317117,0.2731698948762098,M2;M4;M6;M15;Y4;Y11-Y12,2.0,144.0,6,aP,True,United_States,/home/ctm/pertussis_transmission_analysis/outputs/calibrations/United_States_calibrated_config.yaml,current,fitted_parameters_and_state_only,e07d2d9623bba63452e5939f83db5c87901a902d0a71c99df08b4ecdc3550c54,c36eefa5b9e490f39c68369d7b2ec545f1003c465b2d7a3d65a4f58b53b37bf6,True,state_reconstruction_accepted,40.89230041380155,40.556935818834134,True,United_States,USA,1,contact_reduction_mean,United_States,USA,2025,2025,True,False,nearest_past_year,2024,low_detected_model_anchor,https://www.cdc.gov/pertussis/hcp/antibiotic-resistance/index.html; https://www.health.state.mn.us/diseases/reportable/dcn/pertussis.html; https://trace.ncbi.nlm.nih.gov/Traces/sra-db-be/runinfo?acc=SRR32181461%2CSRR32181462; https://doi.org/10.1128/jcm.01064-25; https://pubmed.ncbi.nlm.nih.gov/41802571/; https://www.paho.org/en/news/26-8-2025-paho-calls-strengthened-vaccination-and-surveillance-amid-spread-antibiotic,"CDC states reported MRBP infections remain rare in the United States and recommends continued surveillance. Minnesota's 2024 annual report states 12 erythromycin-resistant B. pertussis cases have been identified nationally, including one Minnesota case in 2024. Public SRA metadata show SRR32181461 and SRR32181462 are ONT and Illumina WGS runs for the same Minnesota BioSample SAMN46491808/sample MDH-25-000001, not independent cases. Global genomic analyses assigned the 2024 USA evidence to MT28-ptxP3-MRBP/A2047G or MR-MT28 emergence, and PAHO reported resistant pertussis cases in the United States since 2024. No population-based national resistant fraction or denominator was located; use a conservative low detected anchor pending surveillance.",United_States,USA,3,relative_detection_prior_mean,,,United_States,timeliness_infant_exposure_resistance_guided,maternal_immunization;resistance_guided_treatment,True,True,6,Routine timeliness plus infant-exposure reduction and resistance-guided management.,1.4343588639311122,16.779885448034918,15.779885448034918,0.25,calibrated_country_scenario_analysis,schedule_relative,1.0,48.0,True,False,True,0.0,prospective_policy,0.5934042067548262,0.41468371452980946,0.2662468256149223,0.37118037851850016,0.2909360412396642,0.43951583276821526,0.2731698948762098,0.40410216210371797,0.3343414085496623,0.6815247530227021,0.6894820889602593,0.6891904287309483,1339.5650796063035,1387.2029455117852,2012.3905810148976,2.0
program_portfolio_factorial,timeliness_infant_exposure_targeted_pep_resistance_guided,symptom_protective,country_timeline,timeliness_infant_exposure_targeted_pep_resistance_guided,2027-01-01,2051-01-01,2027,2051,19728934.39055042,113035828.64679265,1768130.1622207284,397822.11307295994,1200882.6299667116,2822831.6053984277,3154783.241684006,6375436.960155394,35744568.03927438,1167020.593359386,1094.956836423087,1042.3376511000083,1045.0556995282395,116828.28714486095,109933536.60074738,0.972554790076878,0.01,0.9988978093677778,365358074.66640365,3663533.715378806,35287396.1462407,32015420.855843604,70966350.7174631,24.000492823261258,1289.0722305525946,20.16393845568423,452.4478904196643,1365.7783082319759,333.3075864174562,410.5727773012693,374.3150793321062,2098.6374588804256,68.51819078685911,0.12487000523499693,1.1854631903247057,0.6135737981884903,6.859230174208613,6583.269959321168,2225357.8433677675,4307583.479941287,4307583.479941287,65897.2832149796,2250.0,8766.0,8,3.4168297455968686,0.8291617960081709,0.1745369996994331,5.729444196486025,0.6295290696200927,0.4850710920325369,0.00070573052025414,0.014245828893468595,0.014058914810008715,0.6005185953963612,0.37900278172006374,M2;M4;M6;M15;Y4;Y11-Y12,2.0,144.0,6,aP,True,United_States,/home/ctm/pertussis_transmission_analysis/outputs/calibrations/United_States_calibrated_config.yaml,current,fitted_parameters_and_state_only,e07d2d9623bba63452e5939f83db5c87901a902d0a71c99df08b4ecdc3550c54,c36eefa5b9e490f39c68369d7b2ec545f1003c465b2d7a3d65a4f58b53b37bf6,True,state_reconstruction_accepted,40.89230041380155,40.556935818834134,True,United_States,USA,1,contact_reduction_mean,United_States,USA,2025,2025,True,False,nearest_past_year,2024,low_detected_model_anchor,https://www.cdc.gov/pertussis/hcp/antibiotic-resistance/index.html; https://www.health.state.mn.us/diseases/reportable/dcn/pertussis.html; https://trace.ncbi.nlm.nih.gov/Traces/sra-db-be/runinfo?acc=SRR32181461%2CSRR32181462; https://doi.org/10.1128/jcm.01064-25; https://pubmed.ncbi.nlm.nih.gov/41802571/; https://www.paho.org/en/news/26-8-2025-paho-calls-strengthened-vaccination-and-surveillance-amid-spread-antibiotic,"CDC states reported MRBP infections remain rare in the United States and recommends continued surveillance. Minnesota's 2024 annual report states 12 erythromycin-resistant B. pertussis cases have been identified nationally, including one Minnesota case in 2024. Public SRA metadata show SRR32181461 and SRR32181462 are ONT and Illumina WGS runs for the same Minnesota BioSample SAMN46491808/sample MDH-25-000001, not independent cases. Global genomic analyses assigned the 2024 USA evidence to MT28-ptxP3-MRBP/A2047G or MR-MT28 emergence, and PAHO reported resistant pertussis cases in the United States since 2024. No population-based national resistant fraction or denominator was located; use a conservative low detected anchor pending surveillance.",United_States,USA,3,relative_detection_prior_mean,,,United_States,timeliness_infant_exposure_targeted_pep_resistance_guided,maternal_immunization;targeted_pep_high_risk;resistance_guided_treatment,True,True,7,"Routine timeliness plus infant-exposure reduction, targeted PEP, and resistance-guided management.",1.4343588639311122,14.057805869042715,13.057805869042715,0.25,calibrated_country_scenario_analysis,schedule_relative,1.0,48.0,True,False,True,0.0,prospective_policy,0.6738416019182306,0.522373525985055,0.3732165698025792,0.4758393397337951,0.40569180308297925,0.5393376640919633,0.37900278172006374,0.5007703628659137,0.37701289977875796,0.7445103044919934,0.7516418176646664,0.7513967627803702,1253.6933725790116,1387.2029455117852,2012.3905810148976,1.0
