country,iso3,year,source_sheet,source_age_group,normalized_age_group,age_start_years,age_end_years_exclusive,reported_cases,total_reported_cases_known_age,reported_case_share_known_age,wpp_population_denominator,reported_incidence_per_100k,model_age_groups,model_age_alignment,target_role,target_strength,age_group_note,source,source_type
Australia,AUS,2015,AU,00-04,00-04,0.0,5.0,2894.0,22571.0,0.12821762438527315,1563006.0,185.15603906830813,infant_0_2m;infant_3_11m;child_1_4y,exact_union,under5_aggregate_not_infant,secondary_under5_constraint,,data\raw\external\Pertussis case year age.xlsx,local_harmonized_age_series
Australia,AUS,2015,AU,05-09,05-09,5.0,10.0,4464.0,22571.0,0.19777590713747728,1542462.0,289.40745379788933,child_5_9y,exact_union,exact_model_age_distribution,secondary_age_distribution_constraint,,data\raw\external\Pertussis case year age.xlsx,local_harmonized_age_series
Australia,AUS,2015,AU,10-14,10-14,10.0,15.0,4293.0,22571.0,0.1901998139205175,1421452.0,302.015122564814,adolescent_10_17y,partial_or_unknown,partial_overlap_descriptive,descriptive_only,,data\raw\external\Pertussis case year age.xlsx,local_harmonized_age_series
Australia,AUS,2015,AU,15-19,15-19,15.0,20.0,1108.0,22571.0,0.04908953967480395,1480151.0,74.8572274045013,adolescent_10_17y;young_adult_18_39y,partial_or_unknown,partial_overlap_descriptive,descriptive_only,,data\raw\external\Pertussis case year age.xlsx,local_harmonized_age_series
Australia,AUS,2015,AU,20-24,20-24,20.0,25.0,633.0,22571.0,0.02804483629436002,1685529.0,37.55497532228755,young_adult_18_39y,partial_or_unknown,partial_overlap_descriptive,descriptive_only,,data\raw\external\Pertussis case year age.xlsx,local_harmonized_age_series
Australia,AUS,2015,AU,25-29,25-29,25.0,30.0,656.0,22571.0,0.029063842984360464,1794949.0,36.54699938549786,young_adult_18_39y,partial_or_unknown,partial_overlap_descriptive,descriptive_only,,data\raw\external\Pertussis case year age.xlsx,local_harmonized_age_series
Australia,AUS,2015,AU,30-34,30-34,30.0,35.0,769.0,22571.0,0.03407026715697133,1759608.0,43.70291564939464,young_adult_18_39y,partial_or_unknown,partial_overlap_descriptive,descriptive_only,,data\raw\external\Pertussis case year age.xlsx,local_harmonized_age_series
Australia,AUS,2015,AU,35-39,35-39,35.0,40.0,920.0,22571.0,0.04076026760001772,1584826.0,58.05053677816996,young_adult_18_39y,partial_or_unknown,partial_overlap_descriptive,descriptive_only,,data\raw\external\Pertussis case year age.xlsx,local_harmonized_age_series
Australia,AUS,2015,AU,40-44,40-44,40.0,45.0,1222.0,22571.0,0.0541402684861105,1658018.0,73.70245678876829,middle_adult_40_64y,partial_or_unknown,partial_overlap_descriptive,descriptive_only,,data\raw\external\Pertussis case year age.xlsx,local_harmonized_age_series
Australia,AUS,2015,AU,45-49,45-49,45.0,50.0,1140.0,22571.0,0.050507288113065436,1575343.0,72.36519285006503,middle_adult_40_64y,partial_or_unknown,partial_overlap_descriptive,descriptive_only,,data\raw\external\Pertussis case year age.xlsx,local_harmonized_age_series
Australia,AUS,2015,AU,50-54,50-54,50.0,55.0,894.0,22571.0,0.03960834699393027,1568033.0,57.014106208223936,middle_adult_40_64y,partial_or_unknown,partial_overlap_descriptive,descriptive_only,,data\raw\external\Pertussis case year age.xlsx,local_harmonized_age_series
Australia,AUS,2015,AU,55-59,55-59,55.0,60.0,782.0,22571.0,0.03464622746001506,1456043.0,53.707205075674274,middle_adult_40_64y,partial_or_unknown,partial_overlap_descriptive,descriptive_only,,data\raw\external\Pertussis case year age.xlsx,local_harmonized_age_series
Australia,AUS,2015,AU,60-64,60-64,60.0,65.0,781.0,22571.0,0.034601922821319395,1290458.0,60.52114830548534,middle_adult_40_64y,partial_or_unknown,partial_overlap_descriptive,descriptive_only,,data\raw\external\Pertussis case year age.xlsx,local_harmonized_age_series
Australia,AUS,2015,AU,65-69,65-69,65.0,70.0,749.0,22571.0,0.03318417438305791,1162143.0,64.44989988323296,elderly_65plus,partial_or_unknown,partial_overlap_descriptive,descriptive_only,,data\raw\external\Pertussis case year age.xlsx,local_harmonized_age_series
Australia,AUS,2015,AU,70-74,70-74,70.0,75.0,528.0,22571.0,0.02339284923131452,855152.0,61.743409358804044,elderly_65plus,partial_or_unknown,partial_overlap_descriptive,descriptive_only,,data\raw\external\Pertussis case year age.xlsx,local_harmonized_age_series
Australia,AUS,2015,AU,75-79,75-79,75.0,80.0,367.0,22571.0,0.01625980240131142,633189.0,57.96057733157083,elderly_65plus,partial_or_unknown,partial_overlap_descriptive,descriptive_only,,data\raw\external\Pertussis case year age.xlsx,local_harmonized_age_series
Australia,AUS,2015,AU,80-84,80-84,80.0,85.0,203.0,22571.0,0.008993841655221302,453884.0,44.72508394215262,elderly_65plus,partial_or_unknown,partial_overlap_descriptive,descriptive_only,,data\raw\external\Pertussis case year age.xlsx,local_harmonized_age_series
Australia,AUS,2015,AU,85+,85+,85.0,inf,168.0,22571.0,0.007443179300872802,463752.0,36.22625886249547,elderly_65plus,partial_or_unknown,partial_overlap_descriptive,descriptive_only,,data\raw\external\Pertussis case year age.xlsx,local_harmonized_age_series
Australia,AUS,2015,AU,Unknow,Unknow,,,0.0,22571.0,0.0,,,,unknown_age,partial_overlap_descriptive,descriptive_only,,data\raw\external\Pertussis case year age.xlsx,local_harmonized_age_series
Australia,AUS,2016,AU,00-04,00-04,0.0,5.0,2908.0,20115.0,0.14456872980362914,1576866.0,184.41643107277346,infant_0_2m;infant_3_11m;child_1_4y,exact_union,under5_aggregate_not_infant,secondary_under5_constraint,,data\raw\external\Pertussis case year age.xlsx,local_harmonized_age_series
Australia,AUS,2016,AU,05-09,05-09,5.0,10.0,4052.0,20115.0,0.2014417101665424,1573481.0,257.5182032703286,child_5_9y,exact_union,exact_model_age_distribution,secondary_age_distribution_constraint,,data\raw\external\Pertussis case year age.xlsx,local_harmonized_age_series
Australia,AUS,2016,AU,10-14,10-14,10.0,15.0,3535.0,20115.0,0.1757394978871489,1445003.0,244.6361703055288,adolescent_10_17y,partial_or_unknown,partial_overlap_descriptive,descriptive_only,,data\raw\external\Pertussis case year age.xlsx,local_harmonized_age_series
Australia,AUS,2016,AU,15-19,15-19,15.0,20.0,1078.0,20115.0,0.053591846880437485,1484901.0,72.59743242142069,adolescent_10_17y;young_adult_18_39y,partial_or_unknown,partial_overlap_descriptive,descriptive_only,,data\raw\external\Pertussis case year age.xlsx,local_harmonized_age_series
Australia,AUS,2016,AU,20-24,20-24,20.0,25.0,686.0,20115.0,0.0341039025602784,1704783.0,40.23972552518414,young_adult_18_39y,partial_or_unknown,partial_overlap_descriptive,descriptive_only,,data\raw\external\Pertussis case year age.xlsx,local_harmonized_age_series
Australia,AUS,2016,AU,25-29,25-29,25.0,30.0,701.0,20115.0,0.03484961471538653,1825456.0,38.40136382361448,young_adult_18_39y,partial_or_unknown,partial_overlap_descriptive,descriptive_only,,data\raw\external\Pertussis case year age.xlsx,local_harmonized_age_series
Australia,AUS,2016,AU,30-34,30-34,30.0,35.0,787.0,20115.0,0.03912503107133979,1802841.0,43.653322727850096,young_adult_18_39y,partial_or_unknown,partial_overlap_descriptive,descriptive_only,,data\raw\external\Pertussis case year age.xlsx,local_harmonized_age_series
Australia,AUS,2016,AU,35-39,35-39,35.0,40.0,878.0,20115.0,0.04364901814566244,1621104.0,54.16062140368539,young_adult_18_39y,partial_or_unknown,partial_overlap_descriptive,descriptive_only,,data\raw\external\Pertussis case year age.xlsx,local_harmonized_age_series
Australia,AUS,2016,AU,40-44,40-44,40.0,45.0,1043.0,20115.0,0.05185185185185185,1636151.0,63.74717247980168,middle_adult_40_64y,partial_or_unknown,partial_overlap_descriptive,descriptive_only,,data\raw\external\Pertussis case year age.xlsx,local_harmonized_age_series
Australia,AUS,2016,AU,45-49,45-49,45.0,50.0,887.0,20115.0,0.044096445438727316,1613514.0,54.97318275515428,middle_adult_40_64y,partial_or_unknown,partial_overlap_descriptive,descriptive_only,,data\raw\external\Pertussis case year age.xlsx,local_harmonized_age_series
Australia,AUS,2016,AU,50-54,50-54,50.0,55.0,723.0,20115.0,0.03594332587621178,1559248.0,46.36850584384267,middle_adult_40_64y,partial_or_unknown,partial_overlap_descriptive,descriptive_only,,data\raw\external\Pertussis case year age.xlsx,local_harmonized_age_series
Australia,AUS,2016,AU,55-59,55-59,55.0,60.0,664.0,20115.0,0.033010191399453145,1486357.0,44.67298233197004,middle_adult_40_64y,partial_or_unknown,partial_overlap_descriptive,descriptive_only,,data\raw\external\Pertussis case year age.xlsx,local_harmonized_age_series
Australia,AUS,2016,AU,60-64,60-64,60.0,65.0,583.0,20115.0,0.028983345761869252,1314069.0,44.36601122163296,middle_adult_40_64y,partial_or_unknown,partial_overlap_descriptive,descriptive_only,,data\raw\external\Pertussis case year age.xlsx,local_harmonized_age_series
Australia,AUS,2016,AU,65-69,65-69,65.0,70.0,612.0,20115.0,0.030425055928411632,1190795.0,51.39423662343225,elderly_65plus,partial_or_unknown,partial_overlap_descriptive,descriptive_only,,data\raw\external\Pertussis case year age.xlsx,local_harmonized_age_series
Australia,AUS,2016,AU,70-74,70-74,70.0,75.0,436.0,20115.0,0.021675366641809597,901360.0,48.37134996006036,elderly_65plus,partial_or_unknown,partial_overlap_descriptive,descriptive_only,,data\raw\external\Pertussis case year age.xlsx,local_harmonized_age_series
Australia,AUS,2016,AU,75-79,75-79,75.0,80.0,277.0,20115.0,0.013770817797663435,655043.0,42.2873002230388,elderly_65plus,partial_or_unknown,partial_overlap_descriptive,descriptive_only,,data\raw\external\Pertussis case year age.xlsx,local_harmonized_age_series
Australia,AUS,2016,AU,80-84,80-84,80.0,85.0,127.0,20115.0,0.006313696246582153,461926.0,27.49358122296645,elderly_65plus,partial_or_unknown,partial_overlap_descriptive,descriptive_only,,data\raw\external\Pertussis case year age.xlsx,local_harmonized_age_series
Australia,AUS,2016,AU,85+,85+,85.0,inf,138.0,20115.0,0.00686055182699478,477065.0,28.92687579260688,elderly_65plus,partial_or_unknown,partial_overlap_descriptive,descriptive_only,,data\raw\external\Pertussis case year age.xlsx,local_harmonized_age_series
Australia,AUS,2016,AU,Unknow,Unknow,,,2.0,20115.0,9.942828734775044e-05,,,,unknown_age,partial_overlap_descriptive,descriptive_only,,data\raw\external\Pertussis case year age.xlsx,local_harmonized_age_series
Australia,AUS,2017,AU,00-04,00-04,0.0,5.0,1747.0,12234.0,0.14279875756089586,1580345.0,110.54548215737702,infant_0_2m;infant_3_11m;child_1_4y,exact_union,under5_aggregate_not_infant,secondary_under5_constraint,,data\raw\external\Pertussis case year age.xlsx,local_harmonized_age_series
Australia,AUS,2017,AU,05-09,05-09,5.0,10.0,2275.0,12234.0,0.1859571685466732,1596458.0,142.50296594085157,child_5_9y,exact_union,exact_model_age_distribution,secondary_age_distribution_constraint,,data\raw\external\Pertussis case year age.xlsx,local_harmonized_age_series
Australia,AUS,2017,AU,10-14,10-14,10.0,15.0,1740.0,12234.0,0.14222658165767532,1482840.0,117.34239702193088,adolescent_10_17y,partial_or_unknown,partial_overlap_descriptive,descriptive_only,,data\raw\external\Pertussis case year age.xlsx,local_harmonized_age_series
Australia,AUS,2017,AU,15-19,15-19,15.0,20.0,738.0,12234.0,0.06032368808239333,1492173.0,49.458072220848386,adolescent_10_17y;young_adult_18_39y,partial_or_unknown,partial_overlap_descriptive,descriptive_only,,data\raw\external\Pertussis case year age.xlsx,local_harmonized_age_series
Australia,AUS,2017,AU,20-24,20-24,20.0,25.0,377.0,12234.0,0.03081575935916299,1726689.0,21.833694429048894,young_adult_18_39y,partial_or_unknown,partial_overlap_descriptive,descriptive_only,,data\raw\external\Pertussis case year age.xlsx,local_harmonized_age_series
Australia,AUS,2017,AU,25-29,25-29,25.0,30.0,457.0,12234.0,0.037354912538826224,1855851.0,24.624821712518948,young_adult_18_39y,partial_or_unknown,partial_overlap_descriptive,descriptive_only,,data\raw\external\Pertussis case year age.xlsx,local_harmonized_age_series
Australia,AUS,2017,AU,30-34,30-34,30.0,35.0,528.0,12234.0,0.04315841098577734,1840963.0,28.680641598989222,young_adult_18_39y,partial_or_unknown,partial_overlap_descriptive,descriptive_only,,data\raw\external\Pertussis case year age.xlsx,local_harmonized_age_series
Australia,AUS,2017,AU,35-39,35-39,35.0,40.0,541.0,12234.0,0.044221023377472614,1674110.0,32.315678181242575,young_adult_18_39y,partial_or_unknown,partial_overlap_descriptive,descriptive_only,,data\raw\external\Pertussis case year age.xlsx,local_harmonized_age_series
Australia,AUS,2017,AU,40-44,40-44,40.0,45.0,636.0,12234.0,0.05198626777832271,1615784.0,39.361696860471454,middle_adult_40_64y,partial_or_unknown,partial_overlap_descriptive,descriptive_only,,data\raw\external\Pertussis case year age.xlsx,local_harmonized_age_series
Australia,AUS,2017,AU,45-49,45-49,45.0,50.0,623.0,12234.0,0.05092365538662743,1653504.0,37.677562316148006,middle_adult_40_64y,partial_or_unknown,partial_overlap_descriptive,descriptive_only,,data\raw\external\Pertussis case year age.xlsx,local_harmonized_age_series
Australia,AUS,2017,AU,50-54,50-54,50.0,55.0,500.0,12234.0,0.04086970737289521,1549357.0,32.27145196362103,middle_adult_40_64y,partial_or_unknown,partial_overlap_descriptive,descriptive_only,,data\raw\external\Pertussis case year age.xlsx,local_harmonized_age_series
Australia,AUS,2017,AU,55-59,55-59,55.0,60.0,472.0,12234.0,0.038581003760013076,1516502.0,31.124258326068812,middle_adult_40_64y,partial_or_unknown,partial_overlap_descriptive,descriptive_only,,data\raw\external\Pertussis case year age.xlsx,local_harmonized_age_series
Australia,AUS,2017,AU,60-64,60-64,60.0,65.0,408.0,12234.0,0.03334968121628249,1340949.0,30.42621307745485,middle_adult_40_64y,partial_or_unknown,partial_overlap_descriptive,descriptive_only,,data\raw\external\Pertussis case year age.xlsx,local_harmonized_age_series
Australia,AUS,2017,AU,65-69,65-69,65.0,70.0,386.0,12234.0,0.031551414091875105,1204776.0,32.0391508462984,elderly_65plus,partial_or_unknown,partial_overlap_descriptive,descriptive_only,,data\raw\external\Pertussis case year age.xlsx,local_harmonized_age_series
Australia,AUS,2017,AU,70-74,70-74,70.0,75.0,340.0,12234.0,0.027791401013568744,960463.0,35.39959373760363,elderly_65plus,partial_or_unknown,partial_overlap_descriptive,descriptive_only,,data\raw\external\Pertussis case year age.xlsx,local_harmonized_age_series
Australia,AUS,2017,AU,75-79,75-79,75.0,80.0,229.0,12234.0,0.018718325976786007,677763.0,33.78762192683873,elderly_65plus,partial_or_unknown,partial_overlap_descriptive,descriptive_only,,data\raw\external\Pertussis case year age.xlsx,local_harmonized_age_series
Australia,AUS,2017,AU,80-84,80-84,80.0,85.0,120.0,12234.0,0.00980872976949485,474371.0,25.296655992883206,elderly_65plus,partial_or_unknown,partial_overlap_descriptive,descriptive_only,,data\raw\external\Pertussis case year age.xlsx,local_harmonized_age_series
Australia,AUS,2017,AU,85+,85+,85.0,inf,117.0,12234.0,0.009563511525257478,488146.0,23.968239010459985,elderly_65plus,partial_or_unknown,partial_overlap_descriptive,descriptive_only,,data\raw\external\Pertussis case year age.xlsx,local_harmonized_age_series
Australia,AUS,2017,AU,Unknow,Unknow,,,1.0,12234.0,8.173941474579042e-05,,,,unknown_age,partial_overlap_descriptive,descriptive_only,,data\raw\external\Pertussis case year age.xlsx,local_harmonized_age_series
Australia,AUS,2018,AU,00-04,00-04,0.0,5.0,1514.0,12581.0,0.1203401955329465,1573070.0,96.24492234929151,infant_0_2m;infant_3_11m;child_1_4y,exact_union,under5_aggregate_not_infant,secondary_under5_constraint,,data\raw\external\Pertussis case year age.xlsx,local_harmonized_age_series
Australia,AUS,2018,AU,05-09,05-09,5.0,10.0,3080.0,12581.0,0.24481360782131786,1613133.0,190.93279971335284,child_5_9y,exact_union,exact_model_age_distribution,secondary_age_distribution_constraint,,data\raw\external\Pertussis case year age.xlsx,local_harmonized_age_series
Australia,AUS,2018,AU,10-14,10-14,10.0,15.0,2193.0,12581.0,0.17431046816628248,1526713.0,143.64192877115738,adolescent_10_17y,partial_or_unknown,partial_overlap_descriptive,descriptive_only,,data\raw\external\Pertussis case year age.xlsx,local_harmonized_age_series
Australia,AUS,2018,AU,15-19,15-19,15.0,20.0,663.0,12581.0,0.0526985136316668,1498564.0,44.242354680881164,adolescent_10_17y;young_adult_18_39y,partial_or_unknown,partial_overlap_descriptive,descriptive_only,,data\raw\external\Pertussis case year age.xlsx,local_harmonized_age_series
Australia,AUS,2018,AU,20-24,20-24,20.0,25.0,386.0,12581.0,0.030681185915269058,1744319.0,22.128979848296098,young_adult_18_39y,partial_or_unknown,partial_overlap_descriptive,descriptive_only,,data\raw\external\Pertussis case year age.xlsx,local_harmonized_age_series
Australia,AUS,2018,AU,25-29,25-29,25.0,30.0,409.0,12581.0,0.03250933948016851,1882944.0,21.72130451038374,young_adult_18_39y,partial_or_unknown,partial_overlap_descriptive,descriptive_only,,data\raw\external\Pertussis case year age.xlsx,local_harmonized_age_series
Australia,AUS,2018,AU,30-34,30-34,30.0,35.0,426.0,12581.0,0.033860583419442015,1872082.0,22.755413491503045,young_adult_18_39y,partial_or_unknown,partial_overlap_descriptive,descriptive_only,,data\raw\external\Pertussis case year age.xlsx,local_harmonized_age_series
Australia,AUS,2018,AU,35-39,35-39,35.0,40.0,518.0,12581.0,0.04117319767903982,1735133.0,29.85361929027919,young_adult_18_39y,partial_or_unknown,partial_overlap_descriptive,descriptive_only,,data\raw\external\Pertussis case year age.xlsx,local_harmonized_age_series
Australia,AUS,2018,AU,40-44,40-44,40.0,45.0,592.0,12581.0,0.047055083061759796,1606559.0,36.84894236688475,middle_adult_40_64y,partial_or_unknown,partial_overlap_descriptive,descriptive_only,,data\raw\external\Pertussis case year age.xlsx,local_harmonized_age_series
Australia,AUS,2018,AU,45-49,45-49,45.0,50.0,581.0,12581.0,0.04618074874811223,1679899.0,34.585412575398884,middle_adult_40_64y,partial_or_unknown,partial_overlap_descriptive,descriptive_only,,data\raw\external\Pertussis case year age.xlsx,local_harmonized_age_series
Australia,AUS,2018,AU,50-54,50-54,50.0,55.0,492.0,12581.0,0.0391065893013274,1545423.0,31.83594394544406,middle_adult_40_64y,partial_or_unknown,partial_overlap_descriptive,descriptive_only,,data\raw\external\Pertussis case year age.xlsx,local_harmonized_age_series
Australia,AUS,2018,AU,55-59,55-59,55.0,60.0,431.0,12581.0,0.034258008107463635,1542453.0,27.9425045690209,middle_adult_40_64y,partial_or_unknown,partial_overlap_descriptive,descriptive_only,,data\raw\external\Pertussis case year age.xlsx,local_harmonized_age_series
Australia,AUS,2018,AU,60-64,60-64,60.0,65.0,378.0,12581.0,0.030045306414434463,1370447.0,27.582241414662516,middle_adult_40_64y,partial_or_unknown,partial_overlap_descriptive,descriptive_only,,data\raw\external\Pertussis case year age.xlsx,local_harmonized_age_series
Australia,AUS,2018,AU,65-69,65-69,65.0,70.0,317.0,12581.0,0.0251967252205707,1218083.0,26.02449915153565,elderly_65plus,partial_or_unknown,partial_overlap_descriptive,descriptive_only,,data\raw\external\Pertussis case year age.xlsx,local_harmonized_age_series
Australia,AUS,2018,AU,70-74,70-74,70.0,75.0,273.0,12581.0,0.021699387965980445,1018362.0,26.80775598461058,elderly_65plus,partial_or_unknown,partial_overlap_descriptive,descriptive_only,,data\raw\external\Pertussis case year age.xlsx,local_harmonized_age_series
Australia,AUS,2018,AU,75-79,75-79,75.0,80.0,166.0,12581.0,0.01319449964231778,702754.0,23.621352564339727,elderly_65plus,partial_or_unknown,partial_overlap_descriptive,descriptive_only,,data\raw\external\Pertussis case year age.xlsx,local_harmonized_age_series
Australia,AUS,2018,AU,80-84,80-84,80.0,85.0,85.0,12581.0,0.006756219696367538,490139.0,17.34201930472784,elderly_65plus,partial_or_unknown,partial_overlap_descriptive,descriptive_only,,data\raw\external\Pertussis case year age.xlsx,local_harmonized_age_series
Australia,AUS,2018,AU,85+,85+,85.0,inf,77.0,12581.0,0.006120340195532947,499623.0,15.41162036175276,elderly_65plus,partial_or_unknown,partial_overlap_descriptive,descriptive_only,,data\raw\external\Pertussis case year age.xlsx,local_harmonized_age_series
Australia,AUS,2018,AU,Unknow,Unknow,,,0.0,12581.0,0.0,,,,unknown_age,partial_overlap_descriptive,descriptive_only,,data\raw\external\Pertussis case year age.xlsx,local_harmonized_age_series
Australia,AUS,2019,AU,00-04,00-04,0.0,5.0,1342.0,12024.0,0.11161011310711909,1561274.0,85.95544407964265,infant_0_2m;infant_3_11m;child_1_4y,exact_union,under5_aggregate_not_infant,secondary_under5_constraint,,data\raw\external\Pertussis case year age.xlsx,local_harmonized_age_series
Australia,AUS,2019,AU,05-09,05-09,5.0,10.0,2625.0,12024.0,0.218313373253493,1623904.0,161.6474865509291,child_5_9y,exact_union,exact_model_age_distribution,secondary_age_distribution_constraint,,data\raw\external\Pertussis case year age.xlsx,local_harmonized_age_series
Australia,AUS,2019,AU,10-14,10-14,10.0,15.0,2349.0,12024.0,0.19535928143712575,1570194.0,149.599348870267,adolescent_10_17y,partial_or_unknown,partial_overlap_descriptive,descriptive_only,,data\raw\external\Pertussis case year age.xlsx,local_harmonized_age_series
Australia,AUS,2019,AU,15-19,15-19,15.0,20.0,778.0,12024.0,0.0647039254823686,1500662.0,51.84378627565702,adolescent_10_17y;young_adult_18_39y,partial_or_unknown,partial_overlap_descriptive,descriptive_only,,data\raw\external\Pertussis case year age.xlsx,local_harmonized_age_series
Australia,AUS,2019,AU,20-24,20-24,20.0,25.0,424.0,12024.0,0.03526280771789754,1744293.0,24.307842776414283,young_adult_18_39y,partial_or_unknown,partial_overlap_descriptive,descriptive_only,,data\raw\external\Pertussis case year age.xlsx,local_harmonized_age_series
Australia,AUS,2019,AU,25-29,25-29,25.0,30.0,380.0,12024.0,0.031603459747172324,1900131.0,19.998621147699815,young_adult_18_39y,partial_or_unknown,partial_overlap_descriptive,descriptive_only,,data\raw\external\Pertussis case year age.xlsx,local_harmonized_age_series
Australia,AUS,2019,AU,30-34,30-34,30.0,35.0,465.0,12024.0,0.038672654690618764,1898581.0,24.491975849331684,young_adult_18_39y,partial_or_unknown,partial_overlap_descriptive,descriptive_only,,data\raw\external\Pertussis case year age.xlsx,local_harmonized_age_series
Australia,AUS,2019,AU,35-39,35-39,35.0,40.0,482.0,12024.0,0.04008649367930805,1795047.0,26.851664608224745,young_adult_18_39y,partial_or_unknown,partial_overlap_descriptive,descriptive_only,,data\raw\external\Pertussis case year age.xlsx,local_harmonized_age_series
Australia,AUS,2019,AU,40-44,40-44,40.0,45.0,528.0,12024.0,0.043912175648702596,1612063.0,32.7530623803164,middle_adult_40_64y,partial_or_unknown,partial_overlap_descriptive,descriptive_only,,data\raw\external\Pertussis case year age.xlsx,local_harmonized_age_series
Australia,AUS,2019,AU,45-49,45-49,45.0,50.0,569.0,12024.0,0.04732202262142382,1690220.0,33.664256723976756,middle_adult_40_64y,partial_or_unknown,partial_overlap_descriptive,descriptive_only,,data\raw\external\Pertussis case year age.xlsx,local_harmonized_age_series
Australia,AUS,2019,AU,50-54,50-54,50.0,55.0,482.0,12024.0,0.04008649367930805,1554506.0,31.006634905236776,middle_adult_40_64y,partial_or_unknown,partial_overlap_descriptive,descriptive_only,,data\raw\external\Pertussis case year age.xlsx,local_harmonized_age_series
Australia,AUS,2019,AU,55-59,55-59,55.0,60.0,386.0,12024.0,0.03210246174318031,1562445.0,24.70486961141032,middle_adult_40_64y,partial_or_unknown,partial_overlap_descriptive,descriptive_only,,data\raw\external\Pertussis case year age.xlsx,local_harmonized_age_series
Australia,AUS,2019,AU,60-64,60-64,60.0,65.0,331.0,12024.0,0.027528276779773785,1406159.0,23.539301032102344,middle_adult_40_64y,partial_or_unknown,partial_overlap_descriptive,descriptive_only,,data\raw\external\Pertussis case year age.xlsx,local_harmonized_age_series
Australia,AUS,2019,AU,65-69,65-69,65.0,70.0,284.0,12024.0,0.023619427811044577,1240431.0,22.895267854479613,elderly_65plus,partial_or_unknown,partial_overlap_descriptive,descriptive_only,,data\raw\external\Pertussis case year age.xlsx,local_harmonized_age_series
Australia,AUS,2019,AU,70-74,70-74,70.0,75.0,248.0,12024.0,0.020625415834996674,1067943.0,23.22221317055311,elderly_65plus,partial_or_unknown,partial_overlap_descriptive,descriptive_only,,data\raw\external\Pertussis case year age.xlsx,local_harmonized_age_series
Australia,AUS,2019,AU,75-79,75-79,75.0,80.0,190.0,12024.0,0.015801729873586162,733875.0,25.88996763754045,elderly_65plus,partial_or_unknown,partial_overlap_descriptive,descriptive_only,,data\raw\external\Pertussis case year age.xlsx,local_harmonized_age_series
Australia,AUS,2019,AU,80-84,80-84,80.0,85.0,96.0,12024.0,0.007984031936127744,508590.0,18.875715212646732,elderly_65plus,partial_or_unknown,partial_overlap_descriptive,descriptive_only,,data\raw\external\Pertussis case year age.xlsx,local_harmonized_age_series
Australia,AUS,2019,AU,85+,85+,85.0,inf,65.0,12024.0,0.00540585495675316,512396.0,12.685501057775626,elderly_65plus,partial_or_unknown,partial_overlap_descriptive,descriptive_only,,data\raw\external\Pertussis case year age.xlsx,local_harmonized_age_series
Australia,AUS,2019,AU,Unknow,Unknow,,,1.0,12024.0,8.316699933466401e-05,,,,unknown_age,partial_overlap_descriptive,descriptive_only,,data\raw\external\Pertussis case year age.xlsx,local_harmonized_age_series
Australia,AUS,2020,AU,00-04,00-04,0.0,5.0,378.0,3459.0,0.10928013876843018,1543269.0,24.493461606498933,infant_0_2m;infant_3_11m;child_1_4y,exact_union,under5_aggregate_not_infant,secondary_under5_constraint,,data\raw\external\Pertussis case year age.xlsx,local_harmonized_age_series
Australia,AUS,2020,AU,05-09,05-09,5.0,10.0,512.0,3459.0,0.14801965886094248,1627451.0,31.460240584816376,child_5_9y,exact_union,exact_model_age_distribution,secondary_age_distribution_constraint,,data\raw\external\Pertussis case year age.xlsx,local_harmonized_age_series
Australia,AUS,2020,AU,10-14,10-14,10.0,15.0,485.0,3459.0,0.14021393466319745,1607254.0,30.17569096110509,adolescent_10_17y,partial_or_unknown,partial_overlap_descriptive,descriptive_only,,data\raw\external\Pertussis case year age.xlsx,local_harmonized_age_series
Australia,AUS,2020,AU,15-19,15-19,15.0,20.0,236.0,3459.0,0.06822781150621567,1495769.0,15.777837353227671,adolescent_10_17y;young_adult_18_39y,partial_or_unknown,partial_overlap_descriptive,descriptive_only,,data\raw\external\Pertussis case year age.xlsx,local_harmonized_age_series
Australia,AUS,2020,AU,20-24,20-24,20.0,25.0,178.0,3459.0,0.05145995952587453,1707474.0,10.424756101703453,young_adult_18_39y,partial_or_unknown,partial_overlap_descriptive,descriptive_only,,data\raw\external\Pertussis case year age.xlsx,local_harmonized_age_series
Australia,AUS,2020,AU,25-29,25-29,25.0,30.0,147.0,3459.0,0.042497831743278404,1886730.0,7.79125789063618,young_adult_18_39y,partial_or_unknown,partial_overlap_descriptive,descriptive_only,,data\raw\external\Pertussis case year age.xlsx,local_harmonized_age_series
Australia,AUS,2020,AU,30-34,30-34,30.0,35.0,176.0,3459.0,0.050881757733448975,1914199.0,9.194446345442664,young_adult_18_39y,partial_or_unknown,partial_overlap_descriptive,descriptive_only,,data\raw\external\Pertussis case year age.xlsx,local_harmonized_age_series
Australia,AUS,2020,AU,35-39,35-39,35.0,40.0,169.0,3459.0,0.04885805145995953,1844223.0,9.163750804539363,young_adult_18_39y,partial_or_unknown,partial_overlap_descriptive,descriptive_only,,data\raw\external\Pertussis case year age.xlsx,local_harmonized_age_series
Australia,AUS,2020,AU,40-44,40-44,40.0,45.0,189.0,3459.0,0.05464006938421509,1632944.0,11.574187479791101,middle_adult_40_64y,partial_or_unknown,partial_overlap_descriptive,descriptive_only,,data\raw\external\Pertussis case year age.xlsx,local_harmonized_age_series
Australia,AUS,2020,AU,45-49,45-49,45.0,50.0,237.0,3459.0,0.06851691240242845,1683374.0,14.078867797649245,middle_adult_40_64y,partial_or_unknown,partial_overlap_descriptive,descriptive_only,,data\raw\external\Pertussis case year age.xlsx,local_harmonized_age_series
Australia,AUS,2020,AU,50-54,50-54,50.0,55.0,172.0,3459.0,0.04972535414859786,1580646.0,10.881626879136757,middle_adult_40_64y,partial_or_unknown,partial_overlap_descriptive,descriptive_only,,data\raw\external\Pertussis case year age.xlsx,local_harmonized_age_series
Australia,AUS,2020,AU,55-59,55-59,55.0,60.0,146.0,3459.0,0.042208730847065626,1570177.0,9.298314775977484,middle_adult_40_64y,partial_or_unknown,partial_overlap_descriptive,descriptive_only,,data\raw\external\Pertussis case year age.xlsx,local_harmonized_age_series
Australia,AUS,2020,AU,60-64,60-64,60.0,65.0,118.0,3459.0,0.03411390575310783,1444073.0,8.171332058697862,middle_adult_40_64y,partial_or_unknown,partial_overlap_descriptive,descriptive_only,,data\raw\external\Pertussis case year age.xlsx,local_harmonized_age_series
Australia,AUS,2020,AU,65-69,65-69,65.0,70.0,94.0,3459.0,0.027175484244001156,1266261.0,7.423430082739656,elderly_65plus,partial_or_unknown,partial_overlap_descriptive,descriptive_only,,data\raw\external\Pertussis case year age.xlsx,local_harmonized_age_series
Australia,AUS,2020,AU,70-74,70-74,70.0,75.0,77.0,3459.0,0.022260769008383925,1113196.0,6.917020901979525,elderly_65plus,partial_or_unknown,partial_overlap_descriptive,descriptive_only,,data\raw\external\Pertussis case year age.xlsx,local_harmonized_age_series
Australia,AUS,2020,AU,75-79,75-79,75.0,80.0,72.0,3459.0,0.020815264527320035,771155.0,9.33664438407324,elderly_65plus,partial_or_unknown,partial_overlap_descriptive,descriptive_only,,data\raw\external\Pertussis case year age.xlsx,local_harmonized_age_series
Australia,AUS,2020,AU,80-84,80-84,80.0,85.0,37.0,3459.0,0.010696733159872795,528269.0,7.004007428033824,elderly_65plus,partial_or_unknown,partial_overlap_descriptive,descriptive_only,,data\raw\external\Pertussis case year age.xlsx,local_harmonized_age_series
Australia,AUS,2020,AU,85+,85+,85.0,inf,36.0,3459.0,0.010407632263660017,527323.0,6.826935293928011,elderly_65plus,partial_or_unknown,partial_overlap_descriptive,descriptive_only,,data\raw\external\Pertussis case year age.xlsx,local_harmonized_age_series
Australia,AUS,2020,AU,Unknow,Unknow,,,0.0,3459.0,0.0,,,,unknown_age,partial_overlap_descriptive,descriptive_only,,data\raw\external\Pertussis case year age.xlsx,local_harmonized_age_series
Australia,AUS,2021,AU,00-04,00-04,0.0,5.0,45.0,550.0,0.08181818181818182,1527956.0,2.945110984871292,infant_0_2m;infant_3_11m;child_1_4y,exact_union,under5_aggregate_not_infant,secondary_under5_constraint,,data\raw\external\Pertussis case year age.xlsx,local_harmonized_age_series
Australia,AUS,2021,AU,05-09,05-09,5.0,10.0,22.0,550.0,0.04,1624340.0,1.3543962470911262,child_5_9y,exact_union,exact_model_age_distribution,secondary_age_distribution_constraint,,data\raw\external\Pertussis case year age.xlsx,local_harmonized_age_series
Australia,AUS,2021,AU,10-14,10-14,10.0,15.0,34.0,550.0,0.06181818181818182,1629766.0,2.086189060270002,adolescent_10_17y,partial_or_unknown,partial_overlap_descriptive,descriptive_only,,data\raw\external\Pertussis case year age.xlsx,local_harmonized_age_series
Australia,AUS,2021,AU,15-19,15-19,15.0,20.0,20.0,550.0,0.03636363636363636,1503469.0,1.3302568925598066,adolescent_10_17y;young_adult_18_39y,partial_or_unknown,partial_overlap_descriptive,descriptive_only,,data\raw\external\Pertussis case year age.xlsx,local_harmonized_age_series
Australia,AUS,2021,AU,20-24,20-24,20.0,25.0,34.0,550.0,0.06181818181818182,1663376.0,2.044035744173296,young_adult_18_39y,partial_or_unknown,partial_overlap_descriptive,descriptive_only,,data\raw\external\Pertussis case year age.xlsx,local_harmonized_age_series
Australia,AUS,2021,AU,25-29,25-29,25.0,30.0,36.0,550.0,0.06545454545454546,1865334.0,1.9299492744999018,young_adult_18_39y,partial_or_unknown,partial_overlap_descriptive,descriptive_only,,data\raw\external\Pertussis case year age.xlsx,local_harmonized_age_series
Australia,AUS,2021,AU,30-34,30-34,30.0,35.0,50.0,550.0,0.09090909090909091,1925360.0,2.596916940208584,young_adult_18_39y,partial_or_unknown,partial_overlap_descriptive,descriptive_only,,data\raw\external\Pertussis case year age.xlsx,local_harmonized_age_series
Australia,AUS,2021,AU,35-39,35-39,35.0,40.0,46.0,550.0,0.08363636363636363,1880189.0,2.4465625530199357,young_adult_18_39y,partial_or_unknown,partial_overlap_descriptive,descriptive_only,,data\raw\external\Pertussis case year age.xlsx,local_harmonized_age_series
Australia,AUS,2021,AU,40-44,40-44,40.0,45.0,40.0,550.0,0.07272727272727272,1669055.0,2.3965657213213465,middle_adult_40_64y,partial_or_unknown,partial_overlap_descriptive,descriptive_only,,data\raw\external\Pertussis case year age.xlsx,local_harmonized_age_series
Australia,AUS,2021,AU,45-49,45-49,45.0,50.0,23.0,550.0,0.04181818181818182,1660483.0,1.3851391432492834,middle_adult_40_64y,partial_or_unknown,partial_overlap_descriptive,descriptive_only,,data\raw\external\Pertussis case year age.xlsx,local_harmonized_age_series
Australia,AUS,2021,AU,50-54,50-54,50.0,55.0,44.0,550.0,0.08,1620399.0,2.715380594532581,middle_adult_40_64y,partial_or_unknown,partial_overlap_descriptive,descriptive_only,,data\raw\external\Pertussis case year age.xlsx,local_harmonized_age_series
Australia,AUS,2021,AU,55-59,55-59,55.0,60.0,33.0,550.0,0.06,1562201.0,2.1124042296733903,middle_adult_40_64y,partial_or_unknown,partial_overlap_descriptive,descriptive_only,,data\raw\external\Pertussis case year age.xlsx,local_harmonized_age_series
Australia,AUS,2021,AU,60-64,60-64,60.0,65.0,30.0,550.0,0.05454545454545454,1476998.0,2.03114696160726,middle_adult_40_64y,partial_or_unknown,partial_overlap_descriptive,descriptive_only,,data\raw\external\Pertussis case year age.xlsx,local_harmonized_age_series
Australia,AUS,2021,AU,65-69,65-69,65.0,70.0,36.0,550.0,0.06545454545454546,1290974.0,2.7885921792383113,elderly_65plus,partial_or_unknown,partial_overlap_descriptive,descriptive_only,,data\raw\external\Pertussis case year age.xlsx,local_harmonized_age_series
Australia,AUS,2021,AU,70-74,70-74,70.0,75.0,23.0,550.0,0.04181818181818182,1143886.0,2.010689876438736,elderly_65plus,partial_or_unknown,partial_overlap_descriptive,descriptive_only,,data\raw\external\Pertussis case year age.xlsx,local_harmonized_age_series
Australia,AUS,2021,AU,75-79,75-79,75.0,80.0,20.0,550.0,0.03636363636363636,818733.0,2.442798812311217,elderly_65plus,partial_or_unknown,partial_overlap_descriptive,descriptive_only,,data\raw\external\Pertussis case year age.xlsx,local_harmonized_age_series
Australia,AUS,2021,AU,80-84,80-84,80.0,85.0,8.0,550.0,0.014545454545454545,548451.0,1.458653553371222,elderly_65plus,partial_or_unknown,partial_overlap_descriptive,descriptive_only,,data\raw\external\Pertussis case year age.xlsx,local_harmonized_age_series
Australia,AUS,2021,AU,85+,85+,85.0,inf,6.0,550.0,0.01090909090909091,545447.0,1.1000152168771669,elderly_65plus,partial_or_unknown,partial_overlap_descriptive,descriptive_only,,data\raw\external\Pertussis case year age.xlsx,local_harmonized_age_series
Australia,AUS,2021,AU,Unknow,Unknow,,,0.0,550.0,0.0,,,,unknown_age,partial_overlap_descriptive,descriptive_only,,data\raw\external\Pertussis case year age.xlsx,local_harmonized_age_series
Australia,AUS,2022,AU,00-04,00-04,0.0,5.0,45.0,484.0,0.09297520661157024,1523962.0,2.952829532494905,infant_0_2m;infant_3_11m;child_1_4y,exact_union,under5_aggregate_not_infant,secondary_under5_constraint,,data\raw\external\Pertussis case year age.xlsx,local_harmonized_age_series
Australia,AUS,2022,AU,05-09,05-09,5.0,10.0,21.0,484.0,0.04338842975206612,1613877.0,1.3012144048152368,child_5_9y,exact_union,exact_model_age_distribution,secondary_age_distribution_constraint,,data\raw\external\Pertussis case year age.xlsx,local_harmonized_age_series
Australia,AUS,2022,AU,10-14,10-14,10.0,15.0,30.0,484.0,0.06198347107438017,1640054.0,1.8292080626613514,adolescent_10_17y,partial_or_unknown,partial_overlap_descriptive,descriptive_only,,data\raw\external\Pertussis case year age.xlsx,local_harmonized_age_series
Australia,AUS,2022,AU,15-19,15-19,15.0,20.0,19.0,484.0,0.03925619834710744,1537177.0,1.236032024939223,adolescent_10_17y;young_adult_18_39y,partial_or_unknown,partial_overlap_descriptive,descriptive_only,,data\raw\external\Pertussis case year age.xlsx,local_harmonized_age_series
Australia,AUS,2022,AU,20-24,20-24,20.0,25.0,29.0,484.0,0.05991735537190083,1637503.0,1.7709891218519904,young_adult_18_39y,partial_or_unknown,partial_overlap_descriptive,descriptive_only,,data\raw\external\Pertussis case year age.xlsx,local_harmonized_age_series
Australia,AUS,2022,AU,25-29,25-29,25.0,30.0,27.0,484.0,0.05578512396694215,1858853.0,1.452508616872878,young_adult_18_39y,partial_or_unknown,partial_overlap_descriptive,descriptive_only,,data\raw\external\Pertussis case year age.xlsx,local_harmonized_age_series
Australia,AUS,2022,AU,30-34,30-34,30.0,35.0,23.0,484.0,0.047520661157024795,1941399.0,1.1847126736956184,young_adult_18_39y,partial_or_unknown,partial_overlap_descriptive,descriptive_only,,data\raw\external\Pertussis case year age.xlsx,local_harmonized_age_series
Australia,AUS,2022,AU,35-39,35-39,35.0,40.0,34.0,484.0,0.07024793388429752,1908182.0,1.7818006877750656,young_adult_18_39y,partial_or_unknown,partial_overlap_descriptive,descriptive_only,,data\raw\external\Pertussis case year age.xlsx,local_harmonized_age_series
Australia,AUS,2022,AU,40-44,40-44,40.0,45.0,36.0,484.0,0.0743801652892562,1720349.0,2.092598652947745,middle_adult_40_64y,partial_or_unknown,partial_overlap_descriptive,descriptive_only,,data\raw\external\Pertussis case year age.xlsx,local_harmonized_age_series
Australia,AUS,2022,AU,45-49,45-49,45.0,50.0,32.0,484.0,0.06611570247933884,1637766.0,1.9538810794704493,middle_adult_40_64y,partial_or_unknown,partial_overlap_descriptive,descriptive_only,,data\raw\external\Pertussis case year age.xlsx,local_harmonized_age_series
Australia,AUS,2022,AU,50-54,50-54,50.0,55.0,31.0,484.0,0.0640495867768595,1660551.0,1.8668502201979944,middle_adult_40_64y,partial_or_unknown,partial_overlap_descriptive,descriptive_only,,data\raw\external\Pertussis case year age.xlsx,local_harmonized_age_series
Australia,AUS,2022,AU,55-59,55-59,55.0,60.0,26.0,484.0,0.05371900826446281,1547392.0,1.6802465050872695,middle_adult_40_64y,partial_or_unknown,partial_overlap_descriptive,descriptive_only,,data\raw\external\Pertussis case year age.xlsx,local_harmonized_age_series
Australia,AUS,2022,AU,60-64,60-64,60.0,65.0,25.0,484.0,0.05165289256198347,1500094.0,1.6665622287669972,middle_adult_40_64y,partial_or_unknown,partial_overlap_descriptive,descriptive_only,,data\raw\external\Pertussis case year age.xlsx,local_harmonized_age_series
Australia,AUS,2022,AU,65-69,65-69,65.0,70.0,28.0,484.0,0.05785123966942149,1315492.0,2.1284812070312853,elderly_65plus,partial_or_unknown,partial_overlap_descriptive,descriptive_only,,data\raw\external\Pertussis case year age.xlsx,local_harmonized_age_series
Australia,AUS,2022,AU,70-74,70-74,70.0,75.0,32.0,484.0,0.06611570247933884,1155308.0,2.7698241507892267,elderly_65plus,partial_or_unknown,partial_overlap_descriptive,descriptive_only,,data\raw\external\Pertussis case year age.xlsx,local_harmonized_age_series
Australia,AUS,2022,AU,75-79,75-79,75.0,80.0,17.0,484.0,0.03512396694214876,877684.0,1.936915792016261,elderly_65plus,partial_or_unknown,partial_overlap_descriptive,descriptive_only,,data\raw\external\Pertussis case year age.xlsx,local_harmonized_age_series
Australia,AUS,2022,AU,80-84,80-84,80.0,85.0,16.0,484.0,0.03305785123966942,567841.0,2.8176901632675344,elderly_65plus,partial_or_unknown,partial_overlap_descriptive,descriptive_only,,data\raw\external\Pertussis case year age.xlsx,local_harmonized_age_series
Australia,AUS,2022,AU,85+,85+,85.0,inf,13.0,484.0,0.026859504132231406,557503.0,2.3318260170797287,elderly_65plus,partial_or_unknown,partial_overlap_descriptive,descriptive_only,,data\raw\external\Pertussis case year age.xlsx,local_harmonized_age_series
Australia,AUS,2022,AU,Unknow,Unknow,,,0.0,484.0,0.0,,,,unknown_age,partial_overlap_descriptive,descriptive_only,,data\raw\external\Pertussis case year age.xlsx,local_harmonized_age_series
Australia,AUS,2023,AU,00-04,00-04,0.0,5.0,243.0,2454.0,0.09902200488997555,1526421.0,15.91959230120655,infant_0_2m;infant_3_11m;child_1_4y,exact_union,under5_aggregate_not_infant,secondary_under5_constraint,,data\raw\external\Pertussis case year age.xlsx,local_harmonized_age_series
Australia,AUS,2023,AU,05-09,05-09,5.0,10.0,365.0,2454.0,0.1487367563162184,1597753.0,22.84458236035232,child_5_9y,exact_union,exact_model_age_distribution,secondary_age_distribution_constraint,,data\raw\external\Pertussis case year age.xlsx,local_harmonized_age_series
Australia,AUS,2023,AU,10-14,10-14,10.0,15.0,736.0,2454.0,0.29991850040749796,1645038.0,44.74060781574651,adolescent_10_17y,partial_or_unknown,partial_overlap_descriptive,descriptive_only,,data\raw\external\Pertussis case year age.xlsx,local_harmonized_age_series
Australia,AUS,2023,AU,15-19,15-19,15.0,20.0,241.0,2454.0,0.09820700896495517,1580835.0,15.245107806950125,adolescent_10_17y;young_adult_18_39y,partial_or_unknown,partial_overlap_descriptive,descriptive_only,,data\raw\external\Pertussis case year age.xlsx,local_harmonized_age_series
Australia,AUS,2023,AU,20-24,20-24,20.0,25.0,98.0,2454.0,0.03993480032599837,1617504.0,6.058717629137238,young_adult_18_39y,partial_or_unknown,partial_overlap_descriptive,descriptive_only,,data\raw\external\Pertussis case year age.xlsx,local_harmonized_age_series
Australia,AUS,2023,AU,25-29,25-29,25.0,30.0,58.0,2454.0,0.023634881825590873,1849062.0,3.1367255397601594,young_adult_18_39y,partial_or_unknown,partial_overlap_descriptive,descriptive_only,,data\raw\external\Pertussis case year age.xlsx,local_harmonized_age_series
Australia,AUS,2023,AU,30-34,30-34,30.0,35.0,68.0,2454.0,0.027709861450692746,1955984.0,3.476511055305156,young_adult_18_39y,partial_or_unknown,partial_overlap_descriptive,descriptive_only,,data\raw\external\Pertussis case year age.xlsx,local_harmonized_age_series
Australia,AUS,2023,AU,35-39,35-39,35.0,40.0,75.0,2454.0,0.030562347188264057,1931107.0,3.8837827215167255,young_adult_18_39y,partial_or_unknown,partial_overlap_descriptive,descriptive_only,,data\raw\external\Pertussis case year age.xlsx,local_harmonized_age_series
Australia,AUS,2023,AU,40-44,40-44,40.0,45.0,85.0,2454.0,0.03463732681336593,1778991.0,4.77798932091281,middle_adult_40_64y,partial_or_unknown,partial_overlap_descriptive,descriptive_only,,data\raw\external\Pertussis case year age.xlsx,local_harmonized_age_series
Australia,AUS,2023,AU,45-49,45-49,45.0,50.0,91.0,2454.0,0.037082314588427055,1628309.0,5.588619850409228,middle_adult_40_64y,partial_or_unknown,partial_overlap_descriptive,descriptive_only,,data\raw\external\Pertussis case year age.xlsx,local_harmonized_age_series
Australia,AUS,2023,AU,50-54,50-54,50.0,55.0,109.0,2454.0,0.044417277913610435,1686576.0,6.462798000208706,middle_adult_40_64y,partial_or_unknown,partial_overlap_descriptive,descriptive_only,,data\raw\external\Pertussis case year age.xlsx,local_harmonized_age_series
Australia,AUS,2023,AU,55-59,55-59,55.0,60.0,58.0,2454.0,0.023634881825590873,1538982.0,3.76872504031886,middle_adult_40_64y,partial_or_unknown,partial_overlap_descriptive,descriptive_only,,data\raw\external\Pertussis case year age.xlsx,local_harmonized_age_series
Australia,AUS,2023,AU,60-64,60-64,60.0,65.0,57.0,2454.0,0.023227383863080684,1516297.0,3.7591580013678056,middle_adult_40_64y,partial_or_unknown,partial_overlap_descriptive,descriptive_only,,data\raw\external\Pertussis case year age.xlsx,local_harmonized_age_series
Australia,AUS,2023,AU,65-69,65-69,65.0,70.0,50.0,2454.0,0.020374898125509373,1341030.0,3.7284773644139206,elderly_65plus,partial_or_unknown,partial_overlap_descriptive,descriptive_only,,data\raw\external\Pertussis case year age.xlsx,local_harmonized_age_series
Australia,AUS,2023,AU,70-74,70-74,70.0,75.0,39.0,2454.0,0.01589242053789731,1165541.0,3.346085637485082,elderly_65plus,partial_or_unknown,partial_overlap_descriptive,descriptive_only,,data\raw\external\Pertussis case year age.xlsx,local_harmonized_age_series
Australia,AUS,2023,AU,75-79,75-79,75.0,80.0,50.0,2454.0,0.020374898125509373,933739.0,5.3548154248671205,elderly_65plus,partial_or_unknown,partial_overlap_descriptive,descriptive_only,,data\raw\external\Pertussis case year age.xlsx,local_harmonized_age_series
Australia,AUS,2023,AU,80-84,80-84,80.0,85.0,17.0,2454.0,0.0069274653626731865,589786.0,2.882401413394011,elderly_65plus,partial_or_unknown,partial_overlap_descriptive,descriptive_only,,data\raw\external\Pertussis case year age.xlsx,local_harmonized_age_series
Australia,AUS,2023,AU,85+,85+,85.0,inf,14.0,2454.0,0.0057049714751426246,568171.0,2.4640469154532703,elderly_65plus,partial_or_unknown,partial_overlap_descriptive,descriptive_only,,data\raw\external\Pertussis case year age.xlsx,local_harmonized_age_series
Australia,AUS,2023,AU,Unknow,Unknow,,,0.0,2454.0,0.0,,,,unknown_age,partial_overlap_descriptive,descriptive_only,,data\raw\external\Pertussis case year age.xlsx,local_harmonized_age_series
Australia,AUS,2024,AU,00-04,00-04,0.0,5.0,4729.0,57232.0,0.08262859938495946,1535722.0,307.9333368930054,infant_0_2m;infant_3_11m;child_1_4y,exact_union,under5_aggregate_not_infant,secondary_under5_constraint,,data\raw\external\Pertussis case year age.xlsx,local_harmonized_age_series
Australia,AUS,2024,AU,05-09,05-09,5.0,10.0,12639.0,57232.0,0.2208379927313391,1583542.0,798.1474441473608,child_5_9y,exact_union,exact_model_age_distribution,secondary_age_distribution_constraint,,data\raw\external\Pertussis case year age.xlsx,local_harmonized_age_series
Australia,AUS,2024,AU,10-14,10-14,10.0,15.0,20279.0,57232.0,0.35432974559686886,1646867.0,1231.3684104423733,adolescent_10_17y,partial_or_unknown,partial_overlap_descriptive,descriptive_only,,data\raw\external\Pertussis case year age.xlsx,local_harmonized_age_series
Australia,AUS,2024,AU,15-19,15-19,15.0,20.0,5006.0,57232.0,0.087468549063461,1623893.0,308.27154252158243,adolescent_10_17y;young_adult_18_39y,partial_or_unknown,partial_overlap_descriptive,descriptive_only,,data\raw\external\Pertussis case year age.xlsx,local_harmonized_age_series
Australia,AUS,2024,AU,20-24,20-24,20.0,25.0,2038.0,57232.0,0.03560944925915572,1611825.0,126.44052549129093,young_adult_18_39y,partial_or_unknown,partial_overlap_descriptive,descriptive_only,,data\raw\external\Pertussis case year age.xlsx,local_harmonized_age_series
Australia,AUS,2024,AU,25-29,25-29,25.0,30.0,1084.0,57232.0,0.01894045289348616,1829364.0,59.255566415431815,young_adult_18_39y,partial_or_unknown,partial_overlap_descriptive,descriptive_only,,data\raw\external\Pertussis case year age.xlsx,local_harmonized_age_series
Australia,AUS,2024,AU,30-34,30-34,30.0,35.0,1023.0,57232.0,0.017874615599664523,1960691.0,52.175483031237455,young_adult_18_39y,partial_or_unknown,partial_overlap_descriptive,descriptive_only,,data\raw\external\Pertussis case year age.xlsx,local_harmonized_age_series
Australia,AUS,2024,AU,35-39,35-39,35.0,40.0,1313.0,57232.0,0.022941710930947722,1948739.0,67.37690373107942,young_adult_18_39y,partial_or_unknown,partial_overlap_descriptive,descriptive_only,,data\raw\external\Pertussis case year age.xlsx,local_harmonized_age_series
Australia,AUS,2024,AU,40-44,40-44,40.0,45.0,1658.0,57232.0,0.028969807100922562,1833063.0,90.44970085588983,middle_adult_40_64y,partial_or_unknown,partial_overlap_descriptive,descriptive_only,,data\raw\external\Pertussis case year age.xlsx,local_harmonized_age_series
Australia,AUS,2024,AU,45-49,45-49,45.0,50.0,1789.0,57232.0,0.03125873637126083,1632300.0,109.59995098940146,middle_adult_40_64y,partial_or_unknown,partial_overlap_descriptive,descriptive_only,,data\raw\external\Pertussis case year age.xlsx,local_harmonized_age_series
Australia,AUS,2024,AU,50-54,50-54,50.0,55.0,1460.0,57232.0,0.025510204081632654,1695087.0,86.131272318176,middle_adult_40_64y,partial_or_unknown,partial_overlap_descriptive,descriptive_only,,data\raw\external\Pertussis case year age.xlsx,local_harmonized_age_series
Australia,AUS,2024,AU,55-59,55-59,55.0,60.0,972.0,57232.0,0.016983505731059546,1545437.0,62.89483168838328,middle_adult_40_64y,partial_or_unknown,partial_overlap_descriptive,descriptive_only,,data\raw\external\Pertussis case year age.xlsx,local_harmonized_age_series
Australia,AUS,2024,AU,60-64,60-64,60.0,65.0,859.0,57232.0,0.015009085826111266,1530425.0,56.128199683094564,middle_adult_40_64y,partial_or_unknown,partial_overlap_descriptive,descriptive_only,,data\raw\external\Pertussis case year age.xlsx,local_harmonized_age_series
Australia,AUS,2024,AU,65-69,65-69,65.0,70.0,756.0,57232.0,0.013209393346379647,1368244.0,55.25330277348192,elderly_65plus,partial_or_unknown,partial_overlap_descriptive,descriptive_only,,data\raw\external\Pertussis case year age.xlsx,local_harmonized_age_series
Australia,AUS,2024,AU,70-74,70-74,70.0,75.0,629.0,57232.0,0.010990355046128041,1183954.0,53.127064058231994,elderly_65plus,partial_or_unknown,partial_overlap_descriptive,descriptive_only,,data\raw\external\Pertussis case year age.xlsx,local_harmonized_age_series
Australia,AUS,2024,AU,75-79,75-79,75.0,80.0,508.0,57232.0,0.00887615320100643,978953.0,51.892174598780535,elderly_65plus,partial_or_unknown,partial_overlap_descriptive,descriptive_only,,data\raw\external\Pertussis case year age.xlsx,local_harmonized_age_series
Australia,AUS,2024,AU,80-84,80-84,80.0,85.0,256.0,57232.0,0.004473022085546547,618882.0,41.36491285899412,elderly_65plus,partial_or_unknown,partial_overlap_descriptive,descriptive_only,,data\raw\external\Pertussis case year age.xlsx,local_harmonized_age_series
Australia,AUS,2024,AU,85+,85+,85.0,inf,234.0,57232.0,0.004088621750069891,586218.0,39.91689098594721,elderly_65plus,partial_or_unknown,partial_overlap_descriptive,descriptive_only,,data\raw\external\Pertussis case year age.xlsx,local_harmonized_age_series
Australia,AUS,2024,AU,Unknow,Unknow,,,0.0,57232.0,0.0,,,,unknown_age,partial_overlap_descriptive,descriptive_only,,data\raw\external\Pertussis case year age.xlsx,local_harmonized_age_series
Australia,AUS,2025,AU,00-04,00-04,0.0,5.0,3468.0,25277.0,0.13719982592870988,1548468.0,223.96329791768383,infant_0_2m;infant_3_11m;child_1_4y,exact_union,under5_aggregate_not_infant,secondary_under5_constraint,,data\raw\external\Pertussis case year age.xlsx,local_harmonized_age_series
Australia,AUS,2025,AU,05-09,05-09,5.0,10.0,5037.0,25277.0,0.19927206551410373,1572794.0,320.2580884718533,child_5_9y,exact_union,exact_model_age_distribution,secondary_age_distribution_constraint,,data\raw\external\Pertussis case year age.xlsx,local_harmonized_age_series
Australia,AUS,2025,AU,10-14,10-14,10.0,15.0,5078.0,25277.0,0.20089409344463346,1647640.0,308.1983928528076,adolescent_10_17y,partial_or_unknown,partial_overlap_descriptive,descriptive_only,,data\raw\external\Pertussis case year age.xlsx,local_harmonized_age_series
Australia,AUS,2025,AU,15-19,15-19,15.0,20.0,2247.0,25277.0,0.08889504292439768,1659895.0,135.37000834390128,adolescent_10_17y;young_adult_18_39y,partial_or_unknown,partial_overlap_descriptive,descriptive_only,,data\raw\external\Pertussis case year age.xlsx,local_harmonized_age_series
Australia,AUS,2025,AU,20-24,20-24,20.0,25.0,1272.0,25277.0,0.050322427503263836,1624462.0,78.30284734268946,young_adult_18_39y,partial_or_unknown,partial_overlap_descriptive,descriptive_only,,data\raw\external\Pertussis case year age.xlsx,local_harmonized_age_series
Australia,AUS,2025,AU,25-29,25-29,25.0,30.0,770.0,25277.0,0.030462475768485184,1804451.0,42.67225876457715,young_adult_18_39y,partial_or_unknown,partial_overlap_descriptive,descriptive_only,,data\raw\external\Pertussis case year age.xlsx,local_harmonized_age_series
Australia,AUS,2025,AU,30-34,30-34,30.0,35.0,731.0,25277.0,0.02891957115163983,1953143.0,37.426855074103635,young_adult_18_39y,partial_or_unknown,partial_overlap_descriptive,descriptive_only,,data\raw\external\Pertussis case year age.xlsx,local_harmonized_age_series
Australia,AUS,2025,AU,35-39,35-39,35.0,40.0,791.0,25277.0,0.03129327056217114,1962664.0,40.30236454125617,young_adult_18_39y,partial_or_unknown,partial_overlap_descriptive,descriptive_only,,data\raw\external\Pertussis case year age.xlsx,local_harmonized_age_series
Australia,AUS,2025,AU,40-44,40-44,40.0,45.0,887.0,25277.0,0.035091189619021246,1877271.0,47.2494381471828,middle_adult_40_64y,partial_or_unknown,partial_overlap_descriptive,descriptive_only,,data\raw\external\Pertussis case year age.xlsx,local_harmonized_age_series
Australia,AUS,2025,AU,45-49,45-49,45.0,50.0,916.0,25277.0,0.036238477667444716,1650908.0,55.48461816164196,middle_adult_40_64y,partial_or_unknown,partial_overlap_descriptive,descriptive_only,,data\raw\external\Pertussis case year age.xlsx,local_harmonized_age_series
Australia,AUS,2025,AU,50-54,50-54,50.0,55.0,810.0,25277.0,0.032044942042172724,1686602.0,48.02555671106758,middle_adult_40_64y,partial_or_unknown,partial_overlap_descriptive,descriptive_only,,data\raw\external\Pertussis case year age.xlsx,local_harmonized_age_series
Australia,AUS,2025,AU,55-59,55-59,55.0,60.0,665.0,25277.0,0.026308501800055388,1570008.0,42.356472068932135,middle_adult_40_64y,partial_or_unknown,partial_overlap_descriptive,descriptive_only,,data\raw\external\Pertussis case year age.xlsx,local_harmonized_age_series
Australia,AUS,2025,AU,60-64,60-64,60.0,65.0,571.0,25277.0,0.022589706056889664,1535305.0,37.19130726468031,middle_adult_40_64y,partial_or_unknown,partial_overlap_descriptive,descriptive_only,,data\raw\external\Pertussis case year age.xlsx,local_harmonized_age_series
Australia,AUS,2025,AU,65-69,65-69,65.0,70.0,541.0,25277.0,0.021402856351624006,1396532.0,38.73881873097072,elderly_65plus,partial_or_unknown,partial_overlap_descriptive,descriptive_only,,data\raw\external\Pertussis case year age.xlsx,local_harmonized_age_series
Australia,AUS,2025,AU,70-74,70-74,70.0,75.0,471.0,25277.0,0.018633540372670808,1206237.0,39.04705294233223,elderly_65plus,partial_or_unknown,partial_overlap_descriptive,descriptive_only,,data\raw\external\Pertussis case year age.xlsx,local_harmonized_age_series
Australia,AUS,2025,AU,75-79,75-79,75.0,80.0,422.0,25277.0,0.016695019187403567,1017492.0,41.47452756385308,elderly_65plus,partial_or_unknown,partial_overlap_descriptive,descriptive_only,,data\raw\external\Pertussis case year age.xlsx,local_harmonized_age_series
Australia,AUS,2025,AU,80-84,80-84,80.0,85.0,282.0,25277.0,0.011156387229497172,652987.0,43.18615837681302,elderly_65plus,partial_or_unknown,partial_overlap_descriptive,descriptive_only,,data\raw\external\Pertussis case year age.xlsx,local_harmonized_age_series
Australia,AUS,2025,AU,85+,85+,85.0,inf,318.0,25277.0,0.012580606875815959,607165.0,52.374560457206854,elderly_65plus,partial_or_unknown,partial_overlap_descriptive,descriptive_only,,data\raw\external\Pertussis case year age.xlsx,local_harmonized_age_series
Australia,AUS,2025,AU,Unknow,Unknow,,,8.0,25277.0,0.0003164932547375084,,,,unknown_age,partial_overlap_descriptive,descriptive_only,,data\raw\external\Pertussis case year age.xlsx,local_harmonized_age_series
China,CHN,2015,CN,0-0,0-0,0.0,1.0,4322.0,6658.0,0.6491438870531692,17993665.0,24.01956466345239,infant_0_2m;infant_3_11m,exact_union,direct_infant_under1,primary_age_correction,,data\raw\external\Pertussis case year age.xlsx,local_harmonized_age_series
China,CHN,2015,CN,1-1,1-1,1.0,2.0,986.0,6658.0,0.14809252027635927,18336831.0,5.377155954592154,child_1_4y,partial_or_unknown,partial_overlap_descriptive,descriptive_only,,data\raw\external\Pertussis case year age.xlsx,local_harmonized_age_series
China,CHN,2015,CN,2-2,2-2,2.0,3.0,361.0,6658.0,0.05422048663262241,18544989.0,1.9466174932754072,child_1_4y,partial_or_unknown,partial_overlap_descriptive,descriptive_only,,data\raw\external\Pertussis case year age.xlsx,local_harmonized_age_series
China,CHN,2015,CN,3-3,3-3,3.0,4.0,253.0,6658.0,0.03799939921898468,18282865.0,1.383809375609348,child_1_4y,partial_or_unknown,partial_overlap_descriptive,descriptive_only,,data\raw\external\Pertussis case year age.xlsx,local_harmonized_age_series
China,CHN,2015,CN,4-4,4-4,4.0,5.0,197.0,6658.0,0.02958846500450586,17594432.0,1.1196724054519065,child_1_4y,partial_or_unknown,partial_overlap_descriptive,descriptive_only,,data\raw\external\Pertussis case year age.xlsx,local_harmonized_age_series
China,CHN,2015,CN,5-5,5-5,5.0,6.0,165.0,6658.0,0.02478221688194653,17667408.0,0.9339230746241893,child_5_9y,partial_or_unknown,partial_overlap_descriptive,descriptive_only,,data\raw\external\Pertussis case year age.xlsx,local_harmonized_age_series
China,CHN,2015,CN,6-6,6-6,6.0,7.0,88.0,6658.0,0.01321718233703815,17532593.0,0.501922334020986,child_5_9y,partial_or_unknown,partial_overlap_descriptive,descriptive_only,,data\raw\external\Pertussis case year age.xlsx,local_harmonized_age_series
China,CHN,2015,CN,7-7,7-7,7.0,8.0,57.0,6658.0,0.008561129468308802,17080588.0,0.3337121649442045,child_5_9y,partial_or_unknown,partial_overlap_descriptive,descriptive_only,,data\raw\external\Pertussis case year age.xlsx,local_harmonized_age_series
China,CHN,2015,CN,8-8,8-8,8.0,9.0,44.0,6658.0,0.006608591168519075,16621167.000000002,0.2647226876428111,child_5_9y,partial_or_unknown,partial_overlap_descriptive,descriptive_only,,data\raw\external\Pertussis case year age.xlsx,local_harmonized_age_series
China,CHN,2015,CN,9-9,9-9,9.0,10.0,40.0,6658.0,0.006007810153199159,16288228.0,0.2455761301966058,child_5_9y,partial_or_unknown,partial_overlap_descriptive,descriptive_only,,data\raw\external\Pertussis case year age.xlsx,local_harmonized_age_series
China,CHN,2015,CN,10-14,10-14,10.0,15.0,64.0,6658.0,0.009612496245118654,79803110.0,0.08019737576643317,adolescent_10_17y,partial_or_unknown,partial_overlap_descriptive,descriptive_only,,data\raw\external\Pertussis case year age.xlsx,local_harmonized_age_series
China,CHN,2015,CN,15-19,15-19,15.0,20.0,3.0,6658.0,0.0004505857614899369,83812404.0,0.003579422444439131,adolescent_10_17y;young_adult_18_39y,partial_or_unknown,partial_overlap_descriptive,descriptive_only,,data\raw\external\Pertussis case year age.xlsx,local_harmonized_age_series
China,CHN,2015,CN,20-24,20-24,20.0,25.0,5.0,6658.0,0.0007509762691498949,99770691.0,0.005011491801735642,young_adult_18_39y,partial_or_unknown,partial_overlap_descriptive,descriptive_only,,data\raw\external\Pertussis case year age.xlsx,local_harmonized_age_series
China,CHN,2015,CN,25-29,25-29,25.0,30.0,17.0,6658.0,0.0025533193151096424,122893011.0,0.013833170708137341,young_adult_18_39y,partial_or_unknown,partial_overlap_descriptive,descriptive_only,,data\raw\external\Pertussis case year age.xlsx,local_harmonized_age_series
China,CHN,2015,CN,30-34,30-34,30.0,35.0,14.0,6658.0,0.0021027335536197055,103833013.0,0.013483187664023582,young_adult_18_39y,partial_or_unknown,partial_overlap_descriptive,descriptive_only,,data\raw\external\Pertussis case year age.xlsx,local_harmonized_age_series
China,CHN,2015,CN,35-39,35-39,35.0,40.0,8.0,6658.0,0.0012015620306398318,94024327.0,0.008508436332652506,young_adult_18_39y,partial_or_unknown,partial_overlap_descriptive,descriptive_only,,data\raw\external\Pertussis case year age.xlsx,local_harmonized_age_series
China,CHN,2015,CN,40-44,40-44,40.0,45.0,3.0,6658.0,0.0004505857614899369,118283150.0,0.0025362868675715858,middle_adult_40_64y,partial_or_unknown,partial_overlap_descriptive,descriptive_only,,data\raw\external\Pertussis case year age.xlsx,local_harmonized_age_series
China,CHN,2015,CN,45-49,45-49,45.0,50.0,7.0,6658.0,0.0010513667768098527,121673158.0,0.005753117709002014,middle_adult_40_64y,partial_or_unknown,partial_overlap_descriptive,descriptive_only,,data\raw\external\Pertussis case year age.xlsx,local_harmonized_age_series
China,CHN,2015,CN,50-54,50-54,50.0,55.0,7.0,6658.0,0.0010513667768098527,99924319.0,0.007005301682366232,middle_adult_40_64y,partial_or_unknown,partial_overlap_descriptive,descriptive_only,,data\raw\external\Pertussis case year age.xlsx,local_harmonized_age_series
China,CHN,2015,CN,55-59,55-59,55.0,60.0,8.0,6658.0,0.0012015620306398318,78224482.0,0.01022697727803426,middle_adult_40_64y,partial_or_unknown,partial_overlap_descriptive,descriptive_only,,data\raw\external\Pertussis case year age.xlsx,local_harmonized_age_series
China,CHN,2015,CN,60-64,60-64,60.0,65.0,6.0,6658.0,0.0009011715229798738,77590498.0,0.007732905645224755,middle_adult_40_64y,partial_or_unknown,partial_overlap_descriptive,descriptive_only,,data\raw\external\Pertussis case year age.xlsx,local_harmonized_age_series
China,CHN,2015,CN,65-69,65-69,65.0,70.0,2.0,6658.0,0.00030039050765995795,52002244.0,0.003845987876984693,elderly_65plus,partial_or_unknown,partial_overlap_descriptive,descriptive_only,,data\raw\external\Pertussis case year age.xlsx,local_harmonized_age_series
China,CHN,2015,CN,70-74,70-74,70.0,75.0,0.0,6658.0,0.0,34914102.0,0.0,elderly_65plus,partial_or_unknown,partial_overlap_descriptive,descriptive_only,,data\raw\external\Pertussis case year age.xlsx,local_harmonized_age_series
China,CHN,2015,CN,75-79,75-79,75.0,80.0,1.0,6658.0,0.00015019525382997898,26022306.0,0.003842856970477559,elderly_65plus,partial_or_unknown,partial_overlap_descriptive,descriptive_only,,data\raw\external\Pertussis case year age.xlsx,local_harmonized_age_series
China,CHN,2015,CN,80-84,80-84,80.0,85.0,0.0,6658.0,0.0,16859259.0,0.0,elderly_65plus,partial_or_unknown,partial_overlap_descriptive,descriptive_only,,data\raw\external\Pertussis case year age.xlsx,local_harmonized_age_series
China,CHN,2015,CN,85+,85+,85.0,inf,0.0,6658.0,0.0,10561331.0,0.0,elderly_65plus,partial_or_unknown,partial_overlap_descriptive,descriptive_only,,data\raw\external\Pertussis case year age.xlsx,local_harmonized_age_series
China,CHN,2016,CN,0-0,0-0,0.0,1.0,3508.0,5584.0,0.6282234957020058,17787595.0,19.721609357532596,infant_0_2m;infant_3_11m,exact_union,direct_infant_under1,primary_age_correction,,data\raw\external\Pertussis case year age.xlsx,local_harmonized_age_series
China,CHN,2016,CN,1-1,1-1,1.0,2.0,767.0,5584.0,0.1373567335243553,17961953.0,4.270136994568464,child_1_4y,partial_or_unknown,partial_overlap_descriptive,descriptive_only,,data\raw\external\Pertussis case year age.xlsx,local_harmonized_age_series
China,CHN,2016,CN,2-2,2-2,2.0,3.0,316.0,5584.0,0.05659025787965616,18320726.0,1.7248224770131926,child_1_4y,partial_or_unknown,partial_overlap_descriptive,descriptive_only,,data\raw\external\Pertussis case year age.xlsx,local_harmonized_age_series
China,CHN,2016,CN,3-3,3-3,3.0,4.0,256.0,5584.0,0.045845272206303724,18531681.0,1.3814181239143928,child_1_4y,partial_or_unknown,partial_overlap_descriptive,descriptive_only,,data\raw\external\Pertussis case year age.xlsx,local_harmonized_age_series
China,CHN,2016,CN,4-4,4-4,4.0,5.0,217.0,5584.0,0.03886103151862464,18271911.0,1.1876152417773926,child_1_4y,partial_or_unknown,partial_overlap_descriptive,descriptive_only,,data\raw\external\Pertussis case year age.xlsx,local_harmonized_age_series
China,CHN,2016,CN,5-5,5-5,5.0,6.0,127.0,5584.0,0.022743553008595988,17585177.0,0.7221991567102225,child_5_9y,partial_or_unknown,partial_overlap_descriptive,descriptive_only,,data\raw\external\Pertussis case year age.xlsx,local_harmonized_age_series
China,CHN,2016,CN,6-6,6-6,6.0,7.0,95.0,5584.0,0.017012893982808024,17658773.0,0.5379762229233028,child_5_9y,partial_or_unknown,partial_overlap_descriptive,descriptive_only,,data\raw\external\Pertussis case year age.xlsx,local_harmonized_age_series
China,CHN,2016,CN,7-7,7-7,7.0,8.0,72.0,5584.0,0.012893982808022923,17524091.0,0.4108629657310042,child_5_9y,partial_or_unknown,partial_overlap_descriptive,descriptive_only,,data\raw\external\Pertussis case year age.xlsx,local_harmonized_age_series
China,CHN,2016,CN,8-8,8-8,8.0,9.0,34.0,5584.0,0.0060888252148997134,17072060.0,0.19915581365107668,child_5_9y,partial_or_unknown,partial_overlap_descriptive,descriptive_only,,data\raw\external\Pertussis case year age.xlsx,local_harmonized_age_series
China,CHN,2016,CN,9-9,9-9,9.0,10.0,39.0,5584.0,0.006984240687679083,16612616.999999998,0.23476132628591873,child_5_9y,partial_or_unknown,partial_overlap_descriptive,descriptive_only,,data\raw\external\Pertussis case year age.xlsx,local_harmonized_age_series
China,CHN,2016,CN,10-14,10-14,10.0,15.0,43.0,5584.0,0.007700573065902579,79681710.0,0.05396470532572657,adolescent_10_17y,partial_or_unknown,partial_overlap_descriptive,descriptive_only,,data\raw\external\Pertussis case year age.xlsx,local_harmonized_age_series
China,CHN,2016,CN,15-19,15-19,15.0,20.0,5.0,5584.0,0.0008954154727793697,82512610.0,0.006059679847722669,adolescent_10_17y;young_adult_18_39y,partial_or_unknown,partial_overlap_descriptive,descriptive_only,,data\raw\external\Pertussis case year age.xlsx,local_harmonized_age_series
China,CHN,2016,CN,20-24,20-24,20.0,25.0,6.0,5584.0,0.0010744985673352436,93682893.0,0.00640458445278798,young_adult_18_39y,partial_or_unknown,partial_overlap_descriptive,descriptive_only,,data\raw\external\Pertussis case year age.xlsx,local_harmonized_age_series
China,CHN,2016,CN,25-29,25-29,25.0,30.0,23.0,5584.0,0.0041189111747851,123260212.0,0.018659711537734495,young_adult_18_39y,partial_or_unknown,partial_overlap_descriptive,descriptive_only,,data\raw\external\Pertussis case year age.xlsx,local_harmonized_age_series
China,CHN,2016,CN,30-34,30-34,30.0,35.0,21.0,5584.0,0.0037607449856733523,106777096.0,0.01966713910256559,young_adult_18_39y,partial_or_unknown,partial_overlap_descriptive,descriptive_only,,data\raw\external\Pertussis case year age.xlsx,local_harmonized_age_series
China,CHN,2016,CN,35-39,35-39,35.0,40.0,10.0,5584.0,0.0017908309455587394,94067944.0,0.010630613974086645,young_adult_18_39y,partial_or_unknown,partial_overlap_descriptive,descriptive_only,,data\raw\external\Pertussis case year age.xlsx,local_harmonized_age_series
China,CHN,2016,CN,40-44,40-44,40.0,45.0,6.0,5584.0,0.0010744985673352436,112196690.0,0.005347751346318683,middle_adult_40_64y,partial_or_unknown,partial_overlap_descriptive,descriptive_only,,data\raw\external\Pertussis case year age.xlsx,local_harmonized_age_series
China,CHN,2016,CN,45-49,45-49,45.0,50.0,5.0,5584.0,0.0008954154727793697,123427936.0,0.0040509467808000936,middle_adult_40_64y,partial_or_unknown,partial_overlap_descriptive,descriptive_only,,data\raw\external\Pertussis case year age.xlsx,local_harmonized_age_series
China,CHN,2016,CN,50-54,50-54,50.0,55.0,12.0,5584.0,0.002148997134670487,110535304.0,0.010856260005400627,middle_adult_40_64y,partial_or_unknown,partial_overlap_descriptive,descriptive_only,,data\raw\external\Pertussis case year age.xlsx,local_harmonized_age_series
China,CHN,2016,CN,55-59,55-59,55.0,60.0,7.0,5584.0,0.0012535816618911176,73442375.0,0.009531282178714946,middle_adult_40_64y,partial_or_unknown,partial_overlap_descriptive,descriptive_only,,data\raw\external\Pertussis case year age.xlsx,local_harmonized_age_series
China,CHN,2016,CN,60-64,60-64,60.0,65.0,6.0,5584.0,0.0010744985673352436,79844931.0,0.0075145659528467745,middle_adult_40_64y,partial_or_unknown,partial_overlap_descriptive,descriptive_only,,data\raw\external\Pertussis case year age.xlsx,local_harmonized_age_series
China,CHN,2016,CN,65-69,65-69,65.0,70.0,4.0,5584.0,0.0007163323782234957,56127289.0,0.0071266581216848,elderly_65plus,partial_or_unknown,partial_overlap_descriptive,descriptive_only,,data\raw\external\Pertussis case year age.xlsx,local_harmonized_age_series
China,CHN,2016,CN,70-74,70-74,70.0,75.0,2.0,5584.0,0.00035816618911174784,36154589.0,0.0055318012327563735,elderly_65plus,partial_or_unknown,partial_overlap_descriptive,descriptive_only,,data\raw\external\Pertussis case year age.xlsx,local_harmonized_age_series
China,CHN,2016,CN,75-79,75-79,75.0,80.0,0.0,5584.0,0.0,26466237.0,0.0,elderly_65plus,partial_or_unknown,partial_overlap_descriptive,descriptive_only,,data\raw\external\Pertussis case year age.xlsx,local_harmonized_age_series
China,CHN,2016,CN,80-84,80-84,80.0,85.0,2.0,5584.0,0.00035816618911174784,17493999.0,0.011432491793328673,elderly_65plus,partial_or_unknown,partial_overlap_descriptive,descriptive_only,,data\raw\external\Pertussis case year age.xlsx,local_harmonized_age_series
China,CHN,2016,CN,85+,85+,85.0,inf,1.0,5584.0,0.00017908309455587392,11054232.0,0.009046309142055278,elderly_65plus,partial_or_unknown,partial_overlap_descriptive,descriptive_only,,data\raw\external\Pertussis case year age.xlsx,local_harmonized_age_series
China,CHN,2017,CN,0-0,0-0,0.0,1.0,6973.0,10390.0,0.671126082771896,18169918.0,38.37661788016875,infant_0_2m;infant_3_11m,exact_union,direct_infant_under1,primary_age_correction,,data\raw\external\Pertussis case year age.xlsx,local_harmonized_age_series
China,CHN,2017,CN,1-1,1-1,1.0,2.0,1187.0,10390.0,0.11424446583253128,17761628.0,6.682945955179334,child_1_4y,partial_or_unknown,partial_overlap_descriptive,descriptive_only,,data\raw\external\Pertussis case year age.xlsx,local_harmonized_age_series
China,CHN,2017,CN,2-2,2-2,2.0,3.0,456.0,10390.0,0.043888354186718,17950011.0,2.5403884153608596,child_1_4y,partial_or_unknown,partial_overlap_descriptive,descriptive_only,,data\raw\external\Pertussis case year age.xlsx,local_harmonized_age_series
China,CHN,2017,CN,3-3,3-3,3.0,4.0,477.0,10390.0,0.04590952839268527,18310908.0,2.605004623473615,child_1_4y,partial_or_unknown,partial_overlap_descriptive,descriptive_only,,data\raw\external\Pertussis case year age.xlsx,local_harmonized_age_series
China,CHN,2017,CN,4-4,4-4,4.0,5.0,353.0,10390.0,0.03397497593840231,18523476.0,1.9056898392072847,child_1_4y,partial_or_unknown,partial_overlap_descriptive,descriptive_only,,data\raw\external\Pertussis case year age.xlsx,local_harmonized_age_series
China,CHN,2017,CN,5-5,5-5,5.0,6.0,227.0,10390.0,0.02184793070259865,18264871.0,1.2428229030470568,child_5_9y,partial_or_unknown,partial_overlap_descriptive,descriptive_only,,data\raw\external\Pertussis case year age.xlsx,local_harmonized_age_series
China,CHN,2017,CN,6-6,6-6,6.0,7.0,166.0,10390.0,0.015976900866217517,17578693.0,0.9443250416854087,child_5_9y,partial_or_unknown,partial_overlap_descriptive,descriptive_only,,data\raw\external\Pertussis case year age.xlsx,local_harmonized_age_series
China,CHN,2017,CN,7-7,7-7,7.0,8.0,128.0,10390.0,0.01231953801732435,17652109.0,0.7251258192434683,child_5_9y,partial_or_unknown,partial_overlap_descriptive,descriptive_only,,data\raw\external\Pertussis case year age.xlsx,local_harmonized_age_series
China,CHN,2017,CN,8-8,8-8,8.0,9.0,75.0,10390.0,0.007218479307025986,17517088.0,0.428153355169535,child_5_9y,partial_or_unknown,partial_overlap_descriptive,descriptive_only,,data\raw\external\Pertussis case year age.xlsx,local_harmonized_age_series
China,CHN,2017,CN,9-9,9-9,9.0,10.0,55.0,10390.0,0.0052935514918190565,17064858.0,0.32229978122290853,child_5_9y,partial_or_unknown,partial_overlap_descriptive,descriptive_only,,data\raw\external\Pertussis case year age.xlsx,local_harmonized_age_series
China,CHN,2017,CN,10-14,10-14,10.0,15.0,81.0,10390.0,0.007795957651588066,80417700.0,0.10072409432251854,adolescent_10_17y,partial_or_unknown,partial_overlap_descriptive,descriptive_only,,data\raw\external\Pertussis case year age.xlsx,local_harmonized_age_series
China,CHN,2017,CN,15-19,15-19,15.0,20.0,6.0,10390.0,0.0005774783445620789,81306185.0,0.007379512395028742,adolescent_10_17y;young_adult_18_39y,partial_or_unknown,partial_overlap_descriptive,descriptive_only,,data\raw\external\Pertussis case year age.xlsx,local_harmonized_age_series
China,CHN,2017,CN,20-24,20-24,20.0,25.0,5.0,10390.0,0.00048123195380173246,90307630.0,0.005536630736516948,young_adult_18_39y,partial_or_unknown,partial_overlap_descriptive,descriptive_only,,data\raw\external\Pertussis case year age.xlsx,local_harmonized_age_series
China,CHN,2017,CN,25-29,25-29,25.0,30.0,30.0,10390.0,0.0028873917228103944,118834311.0,0.025245234097414842,young_adult_18_39y,partial_or_unknown,partial_overlap_descriptive,descriptive_only,,data\raw\external\Pertussis case year age.xlsx,local_harmonized_age_series
China,CHN,2017,CN,30-34,30-34,30.0,35.0,37.0,10390.0,0.00356111645813282,110082535.0,0.033611144583470934,young_adult_18_39y,partial_or_unknown,partial_overlap_descriptive,descriptive_only,,data\raw\external\Pertussis case year age.xlsx,local_harmonized_age_series
China,CHN,2017,CN,35-39,35-39,35.0,40.0,37.0,10390.0,0.00356111645813282,96528718.0,0.03833056189558014,young_adult_18_39y,partial_or_unknown,partial_overlap_descriptive,descriptive_only,,data\raw\external\Pertussis case year age.xlsx,local_harmonized_age_series
China,CHN,2017,CN,40-44,40-44,40.0,45.0,10.0,10390.0,0.0009624639076034649,106041017.0,0.009430313177777237,middle_adult_40_64y,partial_or_unknown,partial_overlap_descriptive,descriptive_only,,data\raw\external\Pertussis case year age.xlsx,local_harmonized_age_series
China,CHN,2017,CN,45-49,45-49,45.0,50.0,13.0,10390.0,0.0012512030798845044,125039802.0,0.010396689527707345,middle_adult_40_64y,partial_or_unknown,partial_overlap_descriptive,descriptive_only,,data\raw\external\Pertussis case year age.xlsx,local_harmonized_age_series
China,CHN,2017,CN,50-54,50-54,50.0,55.0,26.0,10390.0,0.0025024061597690088,116534268.0,0.0223110338668794,middle_adult_40_64y,partial_or_unknown,partial_overlap_descriptive,descriptive_only,,data\raw\external\Pertussis case year age.xlsx,local_harmonized_age_series
China,CHN,2017,CN,55-59,55-59,55.0,60.0,13.0,10390.0,0.0012512030798845044,72047324.0,0.018043695835254062,middle_adult_40_64y,partial_or_unknown,partial_overlap_descriptive,descriptive_only,,data\raw\external\Pertussis case year age.xlsx,local_harmonized_age_series
China,CHN,2017,CN,60-64,60-64,60.0,65.0,16.0,10390.0,0.0015399422521655437,81331563.0,0.01967255934820778,middle_adult_40_64y,partial_or_unknown,partial_overlap_descriptive,descriptive_only,,data\raw\external\Pertussis case year age.xlsx,local_harmonized_age_series
China,CHN,2017,CN,65-69,65-69,65.0,70.0,7.0,10390.0,0.0006737247353224255,60672270.0,0.01153739591414661,elderly_65plus,partial_or_unknown,partial_overlap_descriptive,descriptive_only,,data\raw\external\Pertussis case year age.xlsx,local_harmonized_age_series
China,CHN,2017,CN,70-74,70-74,70.0,75.0,8.0,10390.0,0.0007699711260827719,37895513.0,0.021110678723362315,elderly_65plus,partial_or_unknown,partial_overlap_descriptive,descriptive_only,,data\raw\external\Pertussis case year age.xlsx,local_harmonized_age_series
China,CHN,2017,CN,75-79,75-79,75.0,80.0,1.0,10390.0,9.624639076034648e-05,26949874.0,0.003710592487371184,elderly_65plus,partial_or_unknown,partial_overlap_descriptive,descriptive_only,,data\raw\external\Pertussis case year age.xlsx,local_harmonized_age_series
China,CHN,2017,CN,80-84,80-84,80.0,85.0,3.0,10390.0,0.00028873917228103947,18035397.0,0.016633955992207988,elderly_65plus,partial_or_unknown,partial_overlap_descriptive,descriptive_only,,data\raw\external\Pertussis case year age.xlsx,local_harmonized_age_series
China,CHN,2017,CN,85+,85+,85.0,inf,0.0,10390.0,0.0,11537064.0,0.0,elderly_65plus,partial_or_unknown,partial_overlap_descriptive,descriptive_only,,data\raw\external\Pertussis case year age.xlsx,local_harmonized_age_series
China,CHN,2018,CN,0-0,0-0,0.0,1.0,12372.0,22057.0,0.5609103685904702,16701146.0,74.07874884753419,infant_0_2m;infant_3_11m,exact_union,direct_infant_under1,primary_age_correction,,data\raw\external\Pertussis case year age.xlsx,local_harmonized_age_series
China,CHN,2018,CN,1-1,1-1,1.0,2.0,3977.0,22057.0,0.18030557192727933,18144700.0,21.918246099411952,child_1_4y,partial_or_unknown,partial_overlap_descriptive,descriptive_only,,data\raw\external\Pertussis case year age.xlsx,local_harmonized_age_series
China,CHN,2018,CN,2-2,2-2,2.0,3.0,1085.0,22057.0,0.049190733100602985,17750270.0,6.112583076201095,child_1_4y,partial_or_unknown,partial_overlap_descriptive,descriptive_only,,data\raw\external\Pertussis case year age.xlsx,local_harmonized_age_series
China,CHN,2018,CN,3-3,3-3,3.0,4.0,1179.0,22057.0,0.05345241873328195,17940701.0,6.571649569322848,child_1_4y,partial_or_unknown,partial_overlap_descriptive,descriptive_only,,data\raw\external\Pertussis case year age.xlsx,local_harmonized_age_series
China,CHN,2018,CN,4-4,4-4,4.0,5.0,1066.0,22057.0,0.04832932855782745,18303109.0,5.824147143526273,child_1_4y,partial_or_unknown,partial_overlap_descriptive,descriptive_only,,data\raw\external\Pertussis case year age.xlsx,local_harmonized_age_series
China,CHN,2018,CN,5-5,5-5,5.0,6.0,802.0,22057.0,0.036360339121367366,18516638.0,4.331239828742129,child_5_9y,partial_or_unknown,partial_overlap_descriptive,descriptive_only,,data\raw\external\Pertussis case year age.xlsx,local_harmonized_age_series
China,CHN,2018,CN,6-6,6-6,6.0,7.0,499.0,22057.0,0.0226232035181575,18258497.0,2.732974132536758,child_5_9y,partial_or_unknown,partial_overlap_descriptive,descriptive_only,,data\raw\external\Pertussis case year age.xlsx,local_harmonized_age_series
China,CHN,2018,CN,7-7,7-7,7.0,8.0,341.0,22057.0,0.015459944688760937,17572414.0,1.9405415784080662,child_5_9y,partial_or_unknown,partial_overlap_descriptive,descriptive_only,,data\raw\external\Pertussis case year age.xlsx,local_harmonized_age_series
China,CHN,2018,CN,8-8,8-8,8.0,9.0,217.0,22057.0,0.009838146620120596,17645472.0,1.229777248236828,child_5_9y,partial_or_unknown,partial_overlap_descriptive,descriptive_only,,data\raw\external\Pertussis case year age.xlsx,local_harmonized_age_series
China,CHN,2018,CN,9-9,9-9,9.0,10.0,119.0,22057.0,0.005395112662646779,17510169.0,0.6796050911901536,child_5_9y,partial_or_unknown,partial_overlap_descriptive,descriptive_only,,data\raw\external\Pertussis case year age.xlsx,local_harmonized_age_series
China,CHN,2018,CN,10-14,10-14,10.0,15.0,170.0,22057.0,0.007707303803781112,81739579.0,0.20797758207196052,adolescent_10_17y,partial_or_unknown,partial_overlap_descriptive,descriptive_only,,data\raw\external\Pertussis case year age.xlsx,local_harmonized_age_series
China,CHN,2018,CN,15-19,15-19,15.0,20.0,7.0,22057.0,0.00031735956839098697,80447209.0,0.008701358427487522,adolescent_10_17y;young_adult_18_39y,partial_or_unknown,partial_overlap_descriptive,descriptive_only,,data\raw\external\Pertussis case year age.xlsx,local_harmonized_age_series
China,CHN,2018,CN,20-24,20-24,20.0,25.0,12.0,22057.0,0.0005440449743845491,87546152.0,0.013707055908065497,young_adult_18_39y,partial_or_unknown,partial_overlap_descriptive,descriptive_only,,data\raw\external\Pertussis case year age.xlsx,local_harmonized_age_series
China,CHN,2018,CN,25-29,25-29,25.0,30.0,41.0,22057.0,0.0018588203291472094,113100518.0,0.03625093918667994,young_adult_18_39y,partial_or_unknown,partial_overlap_descriptive,descriptive_only,,data\raw\external\Pertussis case year age.xlsx,local_harmonized_age_series
China,CHN,2018,CN,30-34,30-34,30.0,35.0,43.0,22057.0,0.0019494944915446344,113921560.0,0.03774526963991715,young_adult_18_39y,partial_or_unknown,partial_overlap_descriptive,descriptive_only,,data\raw\external\Pertussis case year age.xlsx,local_harmonized_age_series
China,CHN,2018,CN,35-39,35-39,35.0,40.0,47.0,22057.0,0.0021308428163394843,99345943.0,0.04730943064277924,young_adult_18_39y,partial_or_unknown,partial_overlap_descriptive,descriptive_only,,data\raw\external\Pertussis case year age.xlsx,local_harmonized_age_series
China,CHN,2018,CN,40-44,40-44,40.0,45.0,11.0,22057.0,0.0004987078931858367,99897188.0,0.01101132095930468,middle_adult_40_64y,partial_or_unknown,partial_overlap_descriptive,descriptive_only,,data\raw\external\Pertussis case year age.xlsx,local_harmonized_age_series
China,CHN,2018,CN,45-49,45-49,45.0,50.0,16.0,22057.0,0.0007253932991793989,124798259.0,0.012820691673270858,middle_adult_40_64y,partial_or_unknown,partial_overlap_descriptive,descriptive_only,,data\raw\external\Pertussis case year age.xlsx,local_harmonized_age_series
China,CHN,2018,CN,50-54,50-54,50.0,55.0,11.0,22057.0,0.0004987078931858367,117010881.0,0.009400835124042866,middle_adult_40_64y,partial_or_unknown,partial_overlap_descriptive,descriptive_only,,data\raw\external\Pertussis case year age.xlsx,local_harmonized_age_series
China,CHN,2018,CN,55-59,55-59,55.0,60.0,15.0,22057.0,0.0006800562179806864,77698583.0,0.019305371373374982,middle_adult_40_64y,partial_or_unknown,partial_overlap_descriptive,descriptive_only,,data\raw\external\Pertussis case year age.xlsx,local_harmonized_age_series
China,CHN,2018,CN,60-64,60-64,60.0,65.0,10.0,22057.0,0.00045337081198712427,81743932.0,0.01223332393650944,middle_adult_40_64y,partial_or_unknown,partial_overlap_descriptive,descriptive_only,,data\raw\external\Pertussis case year age.xlsx,local_harmonized_age_series
China,CHN,2018,CN,65-69,65-69,65.0,70.0,6.0,22057.0,0.00027202248719227455,65233892.0,0.009197672890650155,elderly_65plus,partial_or_unknown,partial_overlap_descriptive,descriptive_only,,data\raw\external\Pertussis case year age.xlsx,local_harmonized_age_series
China,CHN,2018,CN,70-74,70-74,70.0,75.0,4.0,22057.0,0.00018134832479484972,40230490.0,0.00994270763294208,elderly_65plus,partial_or_unknown,partial_overlap_descriptive,descriptive_only,,data\raw\external\Pertussis case year age.xlsx,local_harmonized_age_series
China,CHN,2018,CN,75-79,75-79,75.0,80.0,5.0,22057.0,0.00022668540599356214,27410970.0,0.01824087217635859,elderly_65plus,partial_or_unknown,partial_overlap_descriptive,descriptive_only,,data\raw\external\Pertussis case year age.xlsx,local_harmonized_age_series
China,CHN,2018,CN,80-84,80-84,80.0,85.0,1.0,22057.0,4.533708119871243e-05,18408410.0,0.0054322996934553286,elderly_65plus,partial_or_unknown,partial_overlap_descriptive,descriptive_only,,data\raw\external\Pertussis case year age.xlsx,local_harmonized_age_series
China,CHN,2018,CN,85+,85+,85.0,inf,1.0,22057.0,4.533708119871243e-05,12132273.0,0.008242478552864743,elderly_65plus,partial_or_unknown,partial_overlap_descriptive,descriptive_only,,data\raw\external\Pertussis case year age.xlsx,local_harmonized_age_series
China,CHN,2019,CN,0-0,0-0,0.0,1.0,16743.0,30027.0,0.5575981616545109,14892451.0,112.4260875526802,infant_0_2m;infant_3_11m,exact_union,direct_infant_under1,primary_age_correction,,data\raw\external\Pertussis case year age.xlsx,local_harmonized_age_series
China,CHN,2019,CN,1-1,1-1,1.0,2.0,4248.0,30027.0,0.14147267459286642,16675258.999999998,25.474866687228072,child_1_4y,partial_or_unknown,partial_overlap_descriptive,descriptive_only,,data\raw\external\Pertussis case year age.xlsx,local_harmonized_age_series
China,CHN,2019,CN,2-2,2-2,2.0,3.0,2122.0,30027.0,0.0706697305758151,18130526.0,11.704017853646386,child_1_4y,partial_or_unknown,partial_overlap_descriptive,descriptive_only,,data\raw\external\Pertussis case year age.xlsx,local_harmonized_age_series
China,CHN,2019,CN,3-3,3-3,3.0,4.0,1682.0,30027.0,0.05601625203983082,17738834.0,9.482021197109122,child_1_4y,partial_or_unknown,partial_overlap_descriptive,descriptive_only,,data\raw\external\Pertussis case year age.xlsx,local_harmonized_age_series
China,CHN,2019,CN,4-4,4-4,4.0,5.0,1615.0,30027.0,0.05378492689912412,17931118.0,9.00668881884554,child_1_4y,partial_or_unknown,partial_overlap_descriptive,descriptive_only,,data\raw\external\Pertussis case year age.xlsx,local_harmonized_age_series
China,CHN,2019,CN,5-5,5-5,5.0,6.0,1137.0,30027.0,0.03786592067139574,18294766.0,6.214892281213108,child_5_9y,partial_or_unknown,partial_overlap_descriptive,descriptive_only,,data\raw\external\Pertussis case year age.xlsx,local_harmonized_age_series
China,CHN,2019,CN,6-6,6-6,6.0,7.0,809.0,30027.0,0.026942418490025644,18508904.0,4.3708692853990705,child_5_9y,partial_or_unknown,partial_overlap_descriptive,descriptive_only,,data\raw\external\Pertussis case year age.xlsx,local_harmonized_age_series
China,CHN,2019,CN,7-7,7-7,7.0,8.0,499.0,30027.0,0.016618376794218535,18251022.0,2.7340934661083636,child_5_9y,partial_or_unknown,partial_overlap_descriptive,descriptive_only,,data\raw\external\Pertussis case year age.xlsx,local_harmonized_age_series
China,CHN,2019,CN,8-8,8-8,8.0,9.0,342.0,30027.0,0.011389749225696872,17565054.0,1.9470478143705108,child_5_9y,partial_or_unknown,partial_overlap_descriptive,descriptive_only,,data\raw\external\Pertussis case year age.xlsx,local_harmonized_age_series
China,CHN,2019,CN,9-9,9-9,9.0,10.0,201.0,30027.0,0.006693975422120092,17637972.0,1.1395867960330133,child_5_9y,partial_or_unknown,partial_overlap_descriptive,descriptive_only,,data\raw\external\Pertussis case year age.xlsx,local_harmonized_age_series
China,CHN,2019,CN,10-14,10-14,10.0,15.0,269.0,30027.0,0.008958603923135845,83418949.0,0.3224686995277296,adolescent_10_17y,partial_or_unknown,partial_overlap_descriptive,descriptive_only,,data\raw\external\Pertussis case year age.xlsx,local_harmonized_age_series
China,CHN,2019,CN,15-19,15-19,15.0,20.0,7.0,30027.0,0.0002331235221633863,79981989.0,0.008751970396735195,adolescent_10_17y;young_adult_18_39y,partial_or_unknown,partial_overlap_descriptive,descriptive_only,,data\raw\external\Pertussis case year age.xlsx,local_harmonized_age_series
China,CHN,2019,CN,20-24,20-24,20.0,25.0,0.0,30027.0,0.0,85069770.0,0.0,young_adult_18_39y,partial_or_unknown,partial_overlap_descriptive,descriptive_only,,data\raw\external\Pertussis case year age.xlsx,local_harmonized_age_series
China,CHN,2019,CN,25-29,25-29,25.0,30.0,24.0,30027.0,0.0007992806474173244,106762892.0,0.022479720762903273,young_adult_18_39y,partial_or_unknown,partial_overlap_descriptive,descriptive_only,,data\raw\external\Pertussis case year age.xlsx,local_harmonized_age_series
China,CHN,2019,CN,30-34,30-34,30.0,35.0,69.0,30027.0,0.0022979318613248075,118229526.0,0.0583610561037012,young_adult_18_39y,partial_or_unknown,partial_overlap_descriptive,descriptive_only,,data\raw\external\Pertussis case year age.xlsx,local_harmonized_age_series
China,CHN,2019,CN,35-39,35-39,35.0,40.0,91.0,30027.0,0.003030605788124022,101054226.0,0.09005066250272403,young_adult_18_39y,partial_or_unknown,partial_overlap_descriptive,descriptive_only,,data\raw\external\Pertussis case year age.xlsx,local_harmonized_age_series
China,CHN,2019,CN,40-44,40-44,40.0,45.0,56.0,30027.0,0.0018649881773070904,95328450.0,0.05874426784448924,middle_adult_40_64y,partial_or_unknown,partial_overlap_descriptive,descriptive_only,,data\raw\external\Pertussis case year age.xlsx,local_harmonized_age_series
China,CHN,2019,CN,45-49,45-49,45.0,50.0,19.0,30027.0,0.0006327638458720485,121853281.0,0.015592522289161833,middle_adult_40_64y,partial_or_unknown,partial_overlap_descriptive,descriptive_only,,data\raw\external\Pertussis case year age.xlsx,local_harmonized_age_series
China,CHN,2019,CN,50-54,50-54,50.0,55.0,13.0,30027.0,0.0004329436840177174,117680040.0,0.011046903111181812,middle_adult_40_64y,partial_or_unknown,partial_overlap_descriptive,descriptive_only,,data\raw\external\Pertussis case year age.xlsx,local_harmonized_age_series
China,CHN,2019,CN,55-59,55-59,55.0,60.0,37.0,30027.0,0.0012322243314350418,87350506.0,0.04235808319187069,middle_adult_40_64y,partial_or_unknown,partial_overlap_descriptive,descriptive_only,,data\raw\external\Pertussis case year age.xlsx,local_harmonized_age_series
China,CHN,2019,CN,60-64,60-64,60.0,65.0,18.0,30027.0,0.0005994604855629933,79468822.0,0.022650392376522204,middle_adult_40_64y,partial_or_unknown,partial_overlap_descriptive,descriptive_only,,data\raw\external\Pertussis case year age.xlsx,local_harmonized_age_series
China,CHN,2019,CN,65-69,65-69,65.0,70.0,12.0,30027.0,0.0003996403237086622,69141238.0,0.01735577832725529,elderly_65plus,partial_or_unknown,partial_overlap_descriptive,descriptive_only,,data\raw\external\Pertussis case year age.xlsx,local_harmonized_age_series
China,CHN,2019,CN,70-74,70-74,70.0,75.0,8.0,30027.0,0.0002664268824724415,43024523.0,0.018594046934581936,elderly_65plus,partial_or_unknown,partial_overlap_descriptive,descriptive_only,,data\raw\external\Pertussis case year age.xlsx,local_harmonized_age_series
China,CHN,2019,CN,75-79,75-79,75.0,80.0,3.0,30027.0,9.991008092716555e-05,28102696.0,0.010675132378758253,elderly_65plus,partial_or_unknown,partial_overlap_descriptive,descriptive_only,,data\raw\external\Pertussis case year age.xlsx,local_harmonized_age_series
China,CHN,2019,CN,80-84,80-84,80.0,85.0,1.0,30027.0,3.3303360309055184e-05,18639224.0,0.0053650302179962,elderly_65plus,partial_or_unknown,partial_overlap_descriptive,descriptive_only,,data\raw\external\Pertussis case year age.xlsx,local_harmonized_age_series
China,CHN,2019,CN,85+,85+,85.0,inf,2.0,30027.0,6.660672061811037e-05,12788321.0,0.015639269611702738,elderly_65plus,partial_or_unknown,partial_overlap_descriptive,descriptive_only,,data\raw\external\Pertussis case year age.xlsx,local_harmonized_age_series
China,CHN,2020,CN,0-0,0-0,0.0,1.0,2315.0,4475.0,0.5173184357541899,13151790.0,17.602166701262718,infant_0_2m;infant_3_11m,exact_union,direct_infant_under1,primary_age_correction,,data\raw\external\Pertussis case year age.xlsx,local_harmonized_age_series
China,CHN,2020,CN,1-1,1-1,1.0,2.0,471.0,4475.0,0.1052513966480447,14870567.0,3.1673304723350495,child_1_4y,partial_or_unknown,partial_overlap_descriptive,descriptive_only,,data\raw\external\Pertussis case year age.xlsx,local_harmonized_age_series
China,CHN,2020,CN,2-2,2-2,2.0,3.0,291.0,4475.0,0.06502793296089386,16662939.999999998,1.7463904929142158,child_1_4y,partial_or_unknown,partial_overlap_descriptive,descriptive_only,,data\raw\external\Pertussis case year age.xlsx,local_harmonized_age_series
China,CHN,2020,CN,3-3,3-3,3.0,4.0,453.0,4475.0,0.1012290502793296,18119948.0,2.5000071744135246,child_1_4y,partial_or_unknown,partial_overlap_descriptive,descriptive_only,,data\raw\external\Pertussis case year age.xlsx,local_harmonized_age_series
China,CHN,2020,CN,4-4,4-4,4.0,5.0,258.0,4475.0,0.0576536312849162,17730188.0,1.455145314872014,child_1_4y,partial_or_unknown,partial_overlap_descriptive,descriptive_only,,data\raw\external\Pertussis case year age.xlsx,local_harmonized_age_series
China,CHN,2020,CN,5-5,5-5,5.0,6.0,203.0,4475.0,0.04536312849162011,17923599.0,1.13258503495866,child_5_9y,partial_or_unknown,partial_overlap_descriptive,descriptive_only,,data\raw\external\Pertussis case year age.xlsx,local_harmonized_age_series
China,CHN,2020,CN,6-6,6-6,6.0,7.0,141.0,4475.0,0.031508379888268156,18287752.0,0.7710078308148536,child_5_9y,partial_or_unknown,partial_overlap_descriptive,descriptive_only,,data\raw\external\Pertussis case year age.xlsx,local_harmonized_age_series
China,CHN,2020,CN,7-7,7-7,7.0,8.0,94.0,4475.0,0.02100558659217877,18501974.0,0.5080538973841385,child_5_9y,partial_or_unknown,partial_overlap_descriptive,descriptive_only,,data\raw\external\Pertussis case year age.xlsx,local_harmonized_age_series
China,CHN,2020,CN,8-8,8-8,8.0,9.0,70.0,4475.0,0.01564245810055866,18244083.0,0.38368604220886304,child_5_9y,partial_or_unknown,partial_overlap_descriptive,descriptive_only,,data\raw\external\Pertussis case year age.xlsx,local_harmonized_age_series
China,CHN,2020,CN,9-9,9-9,9.0,10.0,40.0,4475.0,0.008938547486033519,17558194.0,0.22781386286083866,child_5_9y,partial_or_unknown,partial_overlap_descriptive,descriptive_only,,data\raw\external\Pertussis case year age.xlsx,local_harmonized_age_series
China,CHN,2020,CN,10-14,10-14,10.0,15.0,67.0,4475.0,0.014972067039106146,85003997.0,0.07881982302549843,adolescent_10_17y,partial_or_unknown,partial_overlap_descriptive,descriptive_only,,data\raw\external\Pertussis case year age.xlsx,local_harmonized_age_series
China,CHN,2020,CN,15-19,15-19,15.0,20.0,6.0,4475.0,0.001340782122905028,79537039.0,0.007543655227094889,adolescent_10_17y;young_adult_18_39y,partial_or_unknown,partial_overlap_descriptive,descriptive_only,,data\raw\external\Pertussis case year age.xlsx,local_harmonized_age_series
China,CHN,2020,CN,20-24,20-24,20.0,25.0,0.0,4475.0,0.0,83340737.0,0.0,young_adult_18_39y,partial_or_unknown,partial_overlap_descriptive,descriptive_only,,data\raw\external\Pertussis case year age.xlsx,local_harmonized_age_series
China,CHN,2020,CN,25-29,25-29,25.0,30.0,9.0,4475.0,0.002011173184357542,99129322.0,0.009079049284731314,young_adult_18_39y,partial_or_unknown,partial_overlap_descriptive,descriptive_only,,data\raw\external\Pertussis case year age.xlsx,local_harmonized_age_series
China,CHN,2020,CN,30-34,30-34,30.0,35.0,15.0,4475.0,0.0033519553072625698,122176930.0,0.01227727689671037,young_adult_18_39y,partial_or_unknown,partial_overlap_descriptive,descriptive_only,,data\raw\external\Pertussis case year age.xlsx,local_harmonized_age_series
China,CHN,2020,CN,35-39,35-39,35.0,40.0,10.0,4475.0,0.0022346368715083797,103203392.0,0.009689604000612693,young_adult_18_39y,partial_or_unknown,partial_overlap_descriptive,descriptive_only,,data\raw\external\Pertussis case year age.xlsx,local_harmonized_age_series
China,CHN,2020,CN,40-44,40-44,40.0,45.0,5.0,4475.0,0.0011173184357541898,93298091.0,0.005359166459257993,middle_adult_40_64y,partial_or_unknown,partial_overlap_descriptive,descriptive_only,,data\raw\external\Pertussis case year age.xlsx,local_harmonized_age_series
China,CHN,2020,CN,45-49,45-49,45.0,50.0,9.0,4475.0,0.002011173184357542,116967715.0,0.007694430894884114,middle_adult_40_64y,partial_or_unknown,partial_overlap_descriptive,descriptive_only,,data\raw\external\Pertussis case year age.xlsx,local_harmonized_age_series
China,CHN,2020,CN,50-54,50-54,50.0,55.0,4.0,4475.0,0.000893854748603352,119602041.0,0.0033444245320194826,middle_adult_40_64y,partial_or_unknown,partial_overlap_descriptive,descriptive_only,,data\raw\external\Pertussis case year age.xlsx,local_harmonized_age_series
China,CHN,2020,CN,55-59,55-59,55.0,60.0,4.0,4475.0,0.000893854748603352,97428066.0,0.004105593146024268,middle_adult_40_64y,partial_or_unknown,partial_overlap_descriptive,descriptive_only,,data\raw\external\Pertussis case year age.xlsx,local_harmonized_age_series
China,CHN,2020,CN,60-64,60-64,60.0,65.0,1.0,4475.0,0.000223463687150838,75033225.0,0.0013327429282161336,middle_adult_40_64y,partial_or_unknown,partial_overlap_descriptive,descriptive_only,,data\raw\external\Pertussis case year age.xlsx,local_harmonized_age_series
China,CHN,2020,CN,65-69,65-69,65.0,70.0,2.0,4475.0,0.000446927374301676,72437364.0,0.002761006046548022,elderly_65plus,partial_or_unknown,partial_overlap_descriptive,descriptive_only,,data\raw\external\Pertussis case year age.xlsx,local_harmonized_age_series
China,CHN,2020,CN,70-74,70-74,70.0,75.0,2.0,4475.0,0.000446927374301676,46545712.0,0.004296851233041617,elderly_65plus,partial_or_unknown,partial_overlap_descriptive,descriptive_only,,data\raw\external\Pertussis case year age.xlsx,local_harmonized_age_series
China,CHN,2020,CN,75-79,75-79,75.0,80.0,0.0,4475.0,0.0,29026932.0,0.0,elderly_65plus,partial_or_unknown,partial_overlap_descriptive,descriptive_only,,data\raw\external\Pertussis case year age.xlsx,local_harmonized_age_series
China,CHN,2020,CN,80-84,80-84,80.0,85.0,2.0,4475.0,0.000446927374301676,18906698.0,0.010578261735602905,elderly_65plus,partial_or_unknown,partial_overlap_descriptive,descriptive_only,,data\raw\external\Pertussis case year age.xlsx,local_harmonized_age_series
China,CHN,2020,CN,85+,85+,85.0,inf,3.0,4475.0,0.000670391061452514,13417799.0,0.02235836145704672,elderly_65plus,partial_or_unknown,partial_overlap_descriptive,descriptive_only,,data\raw\external\Pertussis case year age.xlsx,local_harmonized_age_series
China,CHN,2021,CN,0-0,0-0,0.0,1.0,3245.0,9611.0,0.3376339610862553,11092112.0,29.25502375021096,infant_0_2m;infant_3_11m,exact_union,direct_infant_under1,primary_age_correction,,data\raw\external\Pertussis case year age.xlsx,local_harmonized_age_series
China,CHN,2021,CN,1-1,1-1,1.0,2.0,543.0,9611.0,0.05649776297991884,13134619.0,4.134113064109434,child_1_4y,partial_or_unknown,partial_overlap_descriptive,descriptive_only,,data\raw\external\Pertussis case year age.xlsx,local_harmonized_age_series
China,CHN,2021,CN,2-2,2-2,2.0,3.0,437.0,9611.0,0.04546873374258662,14861145.0,2.9405540421010627,child_1_4y,partial_or_unknown,partial_overlap_descriptive,descriptive_only,,data\raw\external\Pertussis case year age.xlsx,local_harmonized_age_series
China,CHN,2021,CN,3-3,3-3,3.0,4.0,798.0,9611.0,0.08302986161689731,16654644.0,4.79145636496343,child_1_4y,partial_or_unknown,partial_overlap_descriptive,descriptive_only,,data\raw\external\Pertussis case year age.xlsx,local_harmonized_age_series
China,CHN,2021,CN,4-4,4-4,4.0,5.0,1009.0,9611.0,0.10498387264592654,18112711.0,5.570673545224677,child_1_4y,partial_or_unknown,partial_overlap_descriptive,descriptive_only,,data\raw\external\Pertussis case year age.xlsx,local_harmonized_age_series
China,CHN,2021,CN,5-9,5-9,5.0,10.0,3095.0,9611.0,0.3220268442409739,90657776.0,3.413937707891709,child_5_9y,exact_union,exact_model_age_distribution,secondary_age_distribution_constraint,,data\raw\external\Pertussis case year age.xlsx,local_harmonized_age_series
China,CHN,2021,CN,10-14,10-14,10.0,15.0,324.0,9611.0,0.03371137238580793,86281111.0,0.3755167223101705,adolescent_10_17y,partial_or_unknown,partial_overlap_descriptive,descriptive_only,,data\raw\external\Pertussis case year age.xlsx,local_harmonized_age_series
China,CHN,2021,CN,15+,15+,15.0,inf,160.0,9611.0,0.016647591301633544,1175643153.0,0.013609571883416565,adolescent_10_17y;young_adult_18_39y;middle_adult_40_64y;elderly_65plus,partial_or_unknown,partial_overlap_descriptive,descriptive_only,,data\raw\external\Pertussis case year age.xlsx,local_harmonized_age_series
China,CHN,2022,CN,0-0,0-0,0.0,1.0,11936.0,38295.0,0.31168559864212037,9905652.0,120.496863810681,infant_0_2m;infant_3_11m,exact_union,direct_infant_under1,primary_age_correction,,data\raw\external\Pertussis case year age.xlsx,local_harmonized_age_series
China,CHN,2022,CN,1-4,1-4,1.0,5.0,8233.0,38295.0,0.2149889019454237,55700362.0,14.78087341694476,child_1_4y,exact_union,exact_model_age_distribution,secondary_age_distribution_constraint,,data\raw\external\Pertussis case year age.xlsx,local_harmonized_age_series
China,CHN,2022,CN,5-9,5-9,5.0,10.0,15422.0,38295.0,0.40271575923749836,90500949.0,17.040705285863908,child_5_9y,exact_union,exact_model_age_distribution,secondary_age_distribution_constraint,,data\raw\external\Pertussis case year age.xlsx,local_harmonized_age_series
China,CHN,2022,CN,10-14,10-14,10.0,15.0,2057.0,38295.0,0.05371458414936676,87909428.0,2.339908297435401,adolescent_10_17y,partial_or_unknown,partial_overlap_descriptive,descriptive_only,,data\raw\external\Pertussis case year age.xlsx,local_harmonized_age_series
China,CHN,2022,CN,15+,15+,15.0,inf,647.0,38295.0,0.01689515602559081,1181163172.0,0.054776513130228216,adolescent_10_17y;young_adult_18_39y;middle_adult_40_64y;elderly_65plus,partial_or_unknown,partial_overlap_descriptive,descriptive_only,,data\raw\external\Pertussis case year age.xlsx,local_harmonized_age_series
China,CHN,2023,CN,0-0,0-0,0.0,1.0,15684.0,43551.0,0.36012950334091065,9129465.0,171.79538998177878,infant_0_2m;infant_3_11m,exact_union,direct_infant_under1,primary_age_correction,,data\raw\external\Pertussis case year age.xlsx,local_harmonized_age_series
China,CHN,2023,CN,1-1,1-1,1.0,2.0,2454.0,43551.0,0.05634773024729627,9889743.0,24.81358716803864,child_1_4y,partial_or_unknown,partial_overlap_descriptive,descriptive_only,,data\raw\external\Pertussis case year age.xlsx,local_harmonized_age_series
China,CHN,2023,CN,2-2,2-2,2.0,3.0,1343.0,43551.0,0.030837409014718375,11065425.0,12.13690391467115,child_1_4y,partial_or_unknown,partial_overlap_descriptive,descriptive_only,,data\raw\external\Pertussis case year age.xlsx,local_harmonized_age_series
China,CHN,2023,CN,3-3,3-3,3.0,4.0,1911.0,43551.0,0.04387958944685541,13114678.0,14.571459550894044,child_1_4y,partial_or_unknown,partial_overlap_descriptive,descriptive_only,,data\raw\external\Pertussis case year age.xlsx,local_harmonized_age_series
China,CHN,2023,CN,4-4,4-4,4.0,5.0,2629.0,43551.0,0.060366007669169476,14843144.0,17.711880986939157,child_1_4y,partial_or_unknown,partial_overlap_descriptive,descriptive_only,,data\raw\external\Pertussis case year age.xlsx,local_harmonized_age_series
China,CHN,2023,CN,5-5,5-5,5.0,6.0,3017.0,43551.0,0.06927510275309408,16638669.000000002,18.132459994245934,child_5_9y,partial_or_unknown,partial_overlap_descriptive,descriptive_only,,data\raw\external\Pertussis case year age.xlsx,local_harmonized_age_series
China,CHN,2023,CN,6-6,6-6,6.0,7.0,5273.0,43551.0,0.12107643911735666,18098363.0,29.135231733389368,child_5_9y,partial_or_unknown,partial_overlap_descriptive,descriptive_only,,data\raw\external\Pertussis case year age.xlsx,local_harmonized_age_series
China,CHN,2023,CN,7-7,7-7,7.0,8.0,2374.0,43551.0,0.054510803425868525,17711357.0,13.40382896691654,child_5_9y,partial_or_unknown,partial_overlap_descriptive,descriptive_only,,data\raw\external\Pertussis case year age.xlsx,local_harmonized_age_series
China,CHN,2023,CN,8-8,8-8,8.0,9.0,2689.0,43551.0,0.061743702785240294,17905539.0,15.01769927171698,child_5_9y,partial_or_unknown,partial_overlap_descriptive,descriptive_only,,data\raw\external\Pertussis case year age.xlsx,local_harmonized_age_series
China,CHN,2023,CN,9-9,9-9,9.0,10.0,2109.0,43551.0,0.048425983329889094,18269481.0,11.543841885820402,child_5_9y,partial_or_unknown,partial_overlap_descriptive,descriptive_only,,data\raw\external\Pertussis case year age.xlsx,local_harmonized_age_series
China,CHN,2023,CN,10-14,10-14,10.0,15.0,2967.0,43551.0,0.06812702348970173,89335440.0,3.3211903361084913,adolescent_10_17y,partial_or_unknown,partial_overlap_descriptive,descriptive_only,,data\raw\external\Pertussis case year age.xlsx,local_harmonized_age_series
China,CHN,2023,CN,15-19,15-19,15.0,20.0,154.0,43551.0,0.0035360841312484215,81482988.0,0.18899650562642598,adolescent_10_17y;young_adult_18_39y,partial_or_unknown,partial_overlap_descriptive,descriptive_only,,data\raw\external\Pertussis case year age.xlsx,local_harmonized_age_series
China,CHN,2023,CN,20-24,20-24,20.0,25.0,23.0,43551.0,0.0005281164611604785,79963525.0,0.028763114182372526,young_adult_18_39y,partial_or_unknown,partial_overlap_descriptive,descriptive_only,,data\raw\external\Pertussis case year age.xlsx,local_harmonized_age_series
China,CHN,2023,CN,25-29,25-29,25.0,30.0,60.0,43551.0,0.0013776951160708135,86906530.0,0.06903969126370596,young_adult_18_39y,partial_or_unknown,partial_overlap_descriptive,descriptive_only,,data\raw\external\Pertussis case year age.xlsx,local_harmonized_age_series
China,CHN,2023,CN,30-34,30-34,30.0,35.0,103.0,43551.0,0.00236504328258823,112370743.0,0.09166086941331339,young_adult_18_39y,partial_or_unknown,partial_overlap_descriptive,descriptive_only,,data\raw\external\Pertussis case year age.xlsx,local_harmonized_age_series
China,CHN,2023,CN,35-39,35-39,35.0,40.0,214.0,43551.0,0.004913779247319235,113220643.0,0.18901146851815706,young_adult_18_39y,partial_or_unknown,partial_overlap_descriptive,descriptive_only,,data\raw\external\Pertussis case year age.xlsx,local_harmonized_age_series
China,CHN,2023,CN,40-44,40-44,40.0,45.0,127.0,43551.0,0.002916121329016555,98609816.0,0.12879042386611897,middle_adult_40_64y,partial_or_unknown,partial_overlap_descriptive,descriptive_only,,data\raw\external\Pertussis case year age.xlsx,local_harmonized_age_series
China,CHN,2023,CN,45-49,45-49,45.0,50.0,70.0,43551.0,0.0016073109687492824,98839719.0,0.07082173108970494,middle_adult_40_64y,partial_or_unknown,partial_overlap_descriptive,descriptive_only,,data\raw\external\Pertussis case year age.xlsx,local_harmonized_age_series
China,CHN,2023,CN,50-54,50-54,50.0,55.0,68.0,43551.0,0.0015613877982135886,122744903.0,0.05539944905084979,middle_adult_40_64y,partial_or_unknown,partial_overlap_descriptive,descriptive_only,,data\raw\external\Pertussis case year age.xlsx,local_harmonized_age_series
China,CHN,2023,CN,55-59,55-59,55.0,60.0,54.0,43551.0,0.0012399256044637321,114074119.0,0.047337643694622795,middle_adult_40_64y,partial_or_unknown,partial_overlap_descriptive,descriptive_only,,data\raw\external\Pertussis case year age.xlsx,local_harmonized_age_series
China,CHN,2023,CN,60-64,60-64,60.0,65.0,67.0,43551.0,0.0015384262129457418,74712280.0,0.08967735959871657,middle_adult_40_64y,partial_or_unknown,partial_overlap_descriptive,descriptive_only,,data\raw\external\Pertussis case year age.xlsx,local_harmonized_age_series
China,CHN,2023,CN,65-69,65-69,65.0,70.0,71.0,43551.0,0.0016302725540171294,76352238.0,0.09299007057265302,elderly_65plus,partial_or_unknown,partial_overlap_descriptive,descriptive_only,,data\raw\external\Pertussis case year age.xlsx,local_harmonized_age_series
China,CHN,2023,CN,70-74,70-74,70.0,75.0,39.0,43551.0,0.0008955018254460288,58688531.0,0.06645250670867874,elderly_65plus,partial_or_unknown,partial_overlap_descriptive,descriptive_only,,data\raw\external\Pertussis case year age.xlsx,local_harmonized_age_series
China,CHN,2023,CN,75-79,75-79,75.0,80.0,29.0,43551.0,0.0006658859727675598,33702703.0,0.086046510868876,elderly_65plus,partial_or_unknown,partial_overlap_descriptive,descriptive_only,,data\raw\external\Pertussis case year age.xlsx,local_harmonized_age_series
China,CHN,2023,CN,80-84,80-84,80.0,85.0,11.0,43551.0,0.0002525774379463158,20157198.0,0.054571076793510684,elderly_65plus,partial_or_unknown,partial_overlap_descriptive,descriptive_only,,data\raw\external\Pertussis case year age.xlsx,local_harmonized_age_series
China,CHN,2023,CN,85+,85+,85.0,inf,11.0,43551.0,0.0002525774379463158,14757691.0,0.07453740561446909,elderly_65plus,partial_or_unknown,partial_overlap_descriptive,descriptive_only,,data\raw\external\Pertussis case year age.xlsx,local_harmonized_age_series
Japan,JPN,2015,JP,00-01,00-01,0.0,1.0,416.0,2675.0,0.1555140186915888,995235.0,41.79917305962913,infant_0_2m;infant_3_11m,exact_union,direct_infant_under1,primary_age_correction,Interpreted as age <1 year because the worksheet has a separate 01-04 bin.,data\raw\external\Pertussis case year age.xlsx,local_harmonized_age_series
Japan,JPN,2015,JP,01-04,01-04,1.0,5.0,472.0,2675.0,0.17644859813084113,4122785.0,11.448571778542902,child_1_4y,exact_union,exact_model_age_distribution,secondary_age_distribution_constraint,,data\raw\external\Pertussis case year age.xlsx,local_harmonized_age_series
Japan,JPN,2015,JP,05-09,05-09,5.0,10.0,524.0,2675.0,0.1958878504672897,5440340.0,9.631750956741675,child_5_9y,exact_union,exact_model_age_distribution,secondary_age_distribution_constraint,,data\raw\external\Pertussis case year age.xlsx,local_harmonized_age_series
Japan,JPN,2015,JP,10-14,10-14,10.0,15.0,500.0,2675.0,0.18691588785046728,5789431.0,8.636427310386807,adolescent_10_17y,partial_or_unknown,partial_overlap_descriptive,descriptive_only,,data\raw\external\Pertussis case year age.xlsx,local_harmonized_age_series
Japan,JPN,2015,JP,15-19,15-19,15.0,20.0,95.0,2675.0,0.03551401869158879,6030157.0,1.57541503479926,adolescent_10_17y;young_adult_18_39y,partial_or_unknown,partial_overlap_descriptive,descriptive_only,,data\raw\external\Pertussis case year age.xlsx,local_harmonized_age_series
Japan,JPN,2015,JP,20+,20+,20.0,inf,668.0,2675.0,0.2497196261682243,104897921.0,0.6368095703250402,young_adult_18_39y;middle_adult_40_64y;elderly_65plus,partial_or_unknown,partial_overlap_descriptive,descriptive_only,,data\raw\external\Pertussis case year age.xlsx,local_harmonized_age_series
Japan,JPN,2016,JP,00-01,00-01,0.0,1.0,391.0,3011.0,0.12985719030222517,980492.0,39.87793883070948,infant_0_2m;infant_3_11m,exact_union,direct_infant_under1,primary_age_correction,Interpreted as age <1 year because the worksheet has a separate 01-04 bin.,data\raw\external\Pertussis case year age.xlsx,local_harmonized_age_series
Japan,JPN,2016,JP,01-04,01-04,1.0,5.0,464.0,3011.0,0.1541016273663235,4069695.0,11.401345801098117,child_1_4y,exact_union,exact_model_age_distribution,secondary_age_distribution_constraint,,data\raw\external\Pertussis case year age.xlsx,local_harmonized_age_series
Japan,JPN,2016,JP,05-09,05-09,5.0,10.0,730.0,3011.0,0.24244437064098306,5423972.0,13.458771542330972,child_5_9y,exact_union,exact_model_age_distribution,secondary_age_distribution_constraint,,data\raw\external\Pertussis case year age.xlsx,local_harmonized_age_series
Japan,JPN,2016,JP,10-14,10-14,10.0,15.0,681.0,3011.0,0.22617070740617734,5704719.0,11.937485439685986,adolescent_10_17y,partial_or_unknown,partial_overlap_descriptive,descriptive_only,,data\raw\external\Pertussis case year age.xlsx,local_harmonized_age_series
Japan,JPN,2016,JP,15-19,15-19,15.0,20.0,90.0,3011.0,0.029890401859847225,6050716.0,1.4874272730698317,adolescent_10_17y;young_adult_18_39y,partial_or_unknown,partial_overlap_descriptive,descriptive_only,,data\raw\external\Pertussis case year age.xlsx,local_harmonized_age_series
Japan,JPN,2016,JP,20+,20+,20.0,inf,655.0,3011.0,0.2175357024244437,104930356.0,0.6242235564320395,young_adult_18_39y;middle_adult_40_64y;elderly_65plus,partial_or_unknown,partial_overlap_descriptive,descriptive_only,,data\raw\external\Pertussis case year age.xlsx,local_harmonized_age_series
Japan,JPN,2017,JP,00-01,00-01,0.0,1.0,220.0,1661.0,0.13245033112582782,952208.0,23.104195721943107,infant_0_2m;infant_3_11m,exact_union,direct_infant_under1,primary_age_correction,Interpreted as age <1 year because the worksheet has a separate 01-04 bin.,data\raw\external\Pertussis case year age.xlsx,local_harmonized_age_series
Japan,JPN,2017,JP,01-04,01-04,1.0,5.0,299.0,1661.0,0.18001204093919326,4028055.0,7.422937373000121,child_1_4y,exact_union,exact_model_age_distribution,secondary_age_distribution_constraint,,data\raw\external\Pertussis case year age.xlsx,local_harmonized_age_series
Japan,JPN,2017,JP,05-09,05-09,5.0,10.0,372.0,1661.0,0.22396146899458158,5395477.0,6.894663808223073,child_5_9y,exact_union,exact_model_age_distribution,secondary_age_distribution_constraint,,data\raw\external\Pertussis case year age.xlsx,local_harmonized_age_series
Japan,JPN,2017,JP,10-14,10-14,10.0,15.0,321.0,1661.0,0.19325707405177603,5644363.0,5.687089933797667,adolescent_10_17y,partial_or_unknown,partial_overlap_descriptive,descriptive_only,,data\raw\external\Pertussis case year age.xlsx,local_harmonized_age_series
Japan,JPN,2017,JP,15-19,15-19,15.0,20.0,74.0,1661.0,0.044551475015051176,6049815.0,1.2231778988283113,adolescent_10_17y;young_adult_18_39y,partial_or_unknown,partial_overlap_descriptive,descriptive_only,,data\raw\external\Pertussis case year age.xlsx,local_harmonized_age_series
Japan,JPN,2017,JP,20+,20+,20.0,inf,375.0,1661.0,0.22576760987357014,104994768.0,0.3571606539480139,young_adult_18_39y;middle_adult_40_64y;elderly_65plus,partial_or_unknown,partial_overlap_descriptive,descriptive_only,,data\raw\external\Pertussis case year age.xlsx,local_harmonized_age_series
Japan,JPN,2018,JP,00-01,00-01,0.0,1.0,508.0,11190.0,0.04539767649687221,923803.0,54.990079053651044,infant_0_2m;infant_3_11m,exact_union,direct_infant_under1,primary_age_correction,Interpreted as age <1 year because the worksheet has a separate 01-04 bin.,data\raw\external\Pertussis case year age.xlsx,local_harmonized_age_series
Japan,JPN,2018,JP,01-04,01-04,1.0,5.0,75.0,11190.0,0.006702412868632708,3965950.0,1.8910979714822425,child_1_4y,exact_union,exact_model_age_distribution,secondary_age_distribution_constraint,,data\raw\external\Pertussis case year age.xlsx,local_harmonized_age_series
Japan,JPN,2018,JP,05-09,05-09,5.0,10.0,567.0,11190.0,0.050670241286863274,5356624.0,10.58502519497355,child_5_9y,exact_union,exact_model_age_distribution,secondary_age_distribution_constraint,,data\raw\external\Pertussis case year age.xlsx,local_harmonized_age_series
Japan,JPN,2018,JP,10-14,10-14,10.0,15.0,4241.0,11190.0,0.3789991063449509,5606662.0,75.64215570690725,adolescent_10_17y,partial_or_unknown,partial_overlap_descriptive,descriptive_only,,data\raw\external\Pertussis case year age.xlsx,local_harmonized_age_series
Japan,JPN,2018,JP,15-19,15-19,15.0,20.0,2875.0,11190.0,0.25692582663092045,6022493.0,47.7377059632946,adolescent_10_17y;young_adult_18_39y,partial_or_unknown,partial_overlap_descriptive,descriptive_only,,data\raw\external\Pertussis case year age.xlsx,local_harmonized_age_series
Japan,JPN,2018,JP,20-29,20-29,20.0,30.0,383.0,11190.0,0.034226988382484363,12071307.0,3.172813018507441,young_adult_18_39y,partial_or_unknown,partial_overlap_descriptive,descriptive_only,,data\raw\external\Pertussis case year age.xlsx,local_harmonized_age_series
Japan,JPN,2018,JP,30-39,30-39,30.0,40.0,358.0,11190.0,0.03199285075960679,14442705.0,2.478760038372313,young_adult_18_39y,partial_or_unknown,partial_overlap_descriptive,descriptive_only,,data\raw\external\Pertussis case year age.xlsx,local_harmonized_age_series
Japan,JPN,2018,JP,40-49,40-49,40.0,50.0,633.0,11190.0,0.05656836461126005,18979530.0,3.335172156528639,middle_adult_40_64y,partial_or_unknown,partial_overlap_descriptive,descriptive_only,,data\raw\external\Pertussis case year age.xlsx,local_harmonized_age_series
Japan,JPN,2018,JP,50-59,50-59,50.0,60.0,783.0,11190.0,0.06997319034852546,15934623.0,4.913828209176961,middle_adult_40_64y,partial_or_unknown,partial_overlap_descriptive,descriptive_only,,data\raw\external\Pertussis case year age.xlsx,local_harmonized_age_series
Japan,JPN,2018,JP,60-69,60-69,60.0,70.0,334.0,11190.0,0.029848078641644325,16895553.0,1.9768515419412434,middle_adult_40_64y;elderly_65plus,partial_or_unknown,partial_overlap_descriptive,descriptive_only,,data\raw\external\Pertussis case year age.xlsx,local_harmonized_age_series
Japan,JPN,2018,JP,70+,70+,70.0,inf,433.0,11190.0,0.0386952636282395,26714184.0,1.6208617863828445,elderly_65plus,partial_or_unknown,partial_overlap_descriptive,descriptive_only,,data\raw\external\Pertussis case year age.xlsx,local_harmonized_age_series
Japan,JPN,2019,JP,00-01,00-01,0.0,1.0,761.0,15972.0,0.04764588029050839,887516.0,85.74493304909433,infant_0_2m;infant_3_11m,exact_union,direct_infant_under1,primary_age_correction,Interpreted as age <1 year because the worksheet has a separate 01-04 bin.,data\raw\external\Pertussis case year age.xlsx,local_harmonized_age_series
Japan,JPN,2019,JP,01-04,01-04,1.0,5.0,95.0,15972.0,0.005947908840470824,3890505.0,2.4418423829297224,child_1_4y,exact_union,exact_model_age_distribution,secondary_age_distribution_constraint,,data\raw\external\Pertussis case year age.xlsx,local_harmonized_age_series
Japan,JPN,2019,JP,05-09,05-09,5.0,10.0,785.0,15972.0,0.049148509892311544,5308061.0,14.788827784759821,child_5_9y,exact_union,exact_model_age_distribution,secondary_age_distribution_constraint,,data\raw\external\Pertussis case year age.xlsx,local_harmonized_age_series
Japan,JPN,2019,JP,10-14,10-14,10.0,15.0,5685.0,15972.0,0.35593538692712245,5582276.0,101.84018131672457,adolescent_10_17y,partial_or_unknown,partial_overlap_descriptive,descriptive_only,,data\raw\external\Pertussis case year age.xlsx,local_harmonized_age_series
Japan,JPN,2019,JP,15-19,15-19,15.0,20.0,4305.0,15972.0,0.26953418482344105,5972406.0,72.08150283152217,adolescent_10_17y;young_adult_18_39y,partial_or_unknown,partial_overlap_descriptive,descriptive_only,,data\raw\external\Pertussis case year age.xlsx,local_harmonized_age_series
Japan,JPN,2019,JP,20-29,20-29,20.0,30.0,606.0,15972.0,0.03794139744552968,12082647.0,5.015457291767276,young_adult_18_39y,partial_or_unknown,partial_overlap_descriptive,descriptive_only,,data\raw\external\Pertussis case year age.xlsx,local_harmonized_age_series
Japan,JPN,2019,JP,30-39,30-39,30.0,40.0,583.0,15972.0,0.03650137741046832,14124262.0,4.12764928886196,young_adult_18_39y,partial_or_unknown,partial_overlap_descriptive,descriptive_only,,data\raw\external\Pertussis case year age.xlsx,local_harmonized_age_series
Japan,JPN,2019,JP,40-49,40-49,40.0,50.0,832.0,15972.0,0.052091159529176055,18816126.0,4.4217390976229645,middle_adult_40_64y,partial_or_unknown,partial_overlap_descriptive,descriptive_only,,data\raw\external\Pertussis case year age.xlsx,local_harmonized_age_series
Japan,JPN,2019,JP,50-59,50-59,50.0,60.0,1154.0,15972.0,0.07225144002003506,16199890.0,7.123505159602936,middle_adult_40_64y,partial_or_unknown,partial_overlap_descriptive,descriptive_only,,data\raw\external\Pertussis case year age.xlsx,local_harmonized_age_series
Japan,JPN,2019,JP,60-69,60-69,60.0,70.0,464.0,15972.0,0.02905083896819434,16283361.0,2.849534564762152,middle_adult_40_64y;elderly_65plus,partial_or_unknown,partial_overlap_descriptive,descriptive_only,,data\raw\external\Pertussis case year age.xlsx,local_harmonized_age_series
Japan,JPN,2019,JP,70+,70+,70.0,inf,702.0,15972.0,0.0439519158527423,27552374.0,2.547874821966339,elderly_65plus,partial_or_unknown,partial_overlap_descriptive,descriptive_only,,data\raw\external\Pertussis case year age.xlsx,local_harmonized_age_series
Japan,JPN,2020,JP,00-01,00-01,0.0,1.0,143.0,2671.0,0.053538000748783225,852270.0,16.778720358571814,infant_0_2m;infant_3_11m,exact_union,direct_infant_under1,primary_age_correction,Interpreted as age <1 year because the worksheet has a separate 01-04 bin.,data\raw\external\Pertussis case year age.xlsx,local_harmonized_age_series
Japan,JPN,2020,JP,01-04,01-04,1.0,5.0,14.0,2671.0,0.005241482590789966,3777202.0,0.37064472591087266,child_1_4y,exact_union,exact_model_age_distribution,secondary_age_distribution_constraint,,data\raw\external\Pertussis case year age.xlsx,local_harmonized_age_series
Japan,JPN,2020,JP,05-09,05-09,5.0,10.0,173.0,2671.0,0.06476974915761886,5244538.0,3.2986699686416614,child_5_9y,exact_union,exact_model_age_distribution,secondary_age_distribution_constraint,,data\raw\external\Pertussis case year age.xlsx,local_harmonized_age_series
Japan,JPN,2020,JP,10-14,10-14,10.0,15.0,778.0,2671.0,0.291276675402471,5561356.0,13.989393953560967,adolescent_10_17y,partial_or_unknown,partial_overlap_descriptive,descriptive_only,,data\raw\external\Pertussis case year age.xlsx,local_harmonized_age_series
Japan,JPN,2020,JP,15-19,15-19,15.0,20.0,585.0,2671.0,0.21901909397229502,5889031.0,9.933722542808825,adolescent_10_17y;young_adult_18_39y,partial_or_unknown,partial_overlap_descriptive,descriptive_only,,data\raw\external\Pertussis case year age.xlsx,local_harmonized_age_series
Japan,JPN,2020,JP,20-29,20-29,20.0,30.0,107.0,2671.0,0.040059902658180456,12107204.0,0.8837713480337821,young_adult_18_39y,partial_or_unknown,partial_overlap_descriptive,descriptive_only,,data\raw\external\Pertussis case year age.xlsx,local_harmonized_age_series
Japan,JPN,2020,JP,30-39,30-39,30.0,40.0,145.0,2671.0,0.054286783976038935,13805853.0,1.0502791823149211,young_adult_18_39y,partial_or_unknown,partial_overlap_descriptive,descriptive_only,,data\raw\external\Pertussis case year age.xlsx,local_harmonized_age_series
Japan,JPN,2020,JP,40-49,40-49,40.0,50.0,213.0,2671.0,0.07974541370273305,18513149.0,1.150533601819982,middle_adult_40_64y,partial_or_unknown,partial_overlap_descriptive,descriptive_only,,data\raw\external\Pertussis case year age.xlsx,local_harmonized_age_series
Japan,JPN,2020,JP,50-59,50-59,50.0,60.0,267.0,2671.0,0.09996256083863722,16515893.0,1.6166246657083574,middle_adult_40_64y,partial_or_unknown,partial_overlap_descriptive,descriptive_only,,data\raw\external\Pertussis case year age.xlsx,local_harmonized_age_series
Japan,JPN,2020,JP,60-69,60-69,60.0,70.0,111.0,2671.0,0.041557469112691876,15794651.0,0.7027695642024633,middle_adult_40_64y;elderly_65plus,partial_or_unknown,partial_overlap_descriptive,descriptive_only,,data\raw\external\Pertussis case year age.xlsx,local_harmonized_age_series
Japan,JPN,2020,JP,70+,70+,70.0,inf,135.0,2671.0,0.05054286783976039,28243390.0,0.4779879469143046,elderly_65plus,partial_or_unknown,partial_overlap_descriptive,descriptive_only,,data\raw\external\Pertussis case year age.xlsx,local_harmonized_age_series
Japan,JPN,2021,JP,00-01,00-01,0.0,1.0,16.0,712.0,0.02247191011235955,824462.0,1.9406594846093572,infant_0_2m;infant_3_11m,exact_union,direct_infant_under1,primary_age_correction,Interpreted as age <1 year because the worksheet has a separate 01-04 bin.,data\raw\external\Pertussis case year age.xlsx,local_harmonized_age_series
Japan,JPN,2021,JP,01-04,01-04,1.0,5.0,12.0,712.0,0.016853932584269662,3631203.0,0.33046899333361424,child_1_4y,exact_union,exact_model_age_distribution,secondary_age_distribution_constraint,,data\raw\external\Pertussis case year age.xlsx,local_harmonized_age_series
Japan,JPN,2021,JP,05-09,05-09,5.0,10.0,176.0,712.0,0.24719101123595505,5161023.0,3.4101766258356143,child_5_9y,exact_union,exact_model_age_distribution,secondary_age_distribution_constraint,,data\raw\external\Pertussis case year age.xlsx,local_harmonized_age_series
Japan,JPN,2021,JP,10-14,10-14,10.0,15.0,112.0,712.0,0.15730337078651685,5525491.0,2.026969186991708,adolescent_10_17y,partial_or_unknown,partial_overlap_descriptive,descriptive_only,,data\raw\external\Pertussis case year age.xlsx,local_harmonized_age_series
Japan,JPN,2021,JP,15-19,15-19,15.0,20.0,52.0,712.0,0.07303370786516854,5787237.0,0.8985289525899838,adolescent_10_17y;young_adult_18_39y,partial_or_unknown,partial_overlap_descriptive,descriptive_only,,data\raw\external\Pertussis case year age.xlsx,local_harmonized_age_series
Japan,JPN,2021,JP,20-29,20-29,20.0,30.0,31.0,712.0,0.04353932584269663,12104558.0,0.2561018750127018,young_adult_18_39y,partial_or_unknown,partial_overlap_descriptive,descriptive_only,,data\raw\external\Pertussis case year age.xlsx,local_harmonized_age_series
Japan,JPN,2021,JP,30-39,30-39,30.0,40.0,93.0,712.0,0.1306179775280899,13502556.0,0.6887584839492612,young_adult_18_39y,partial_or_unknown,partial_overlap_descriptive,descriptive_only,,data\raw\external\Pertussis case year age.xlsx,local_harmonized_age_series
Japan,JPN,2021,JP,40-49,40-49,40.0,50.0,83.0,712.0,0.11657303370786516,18056425.0,0.4596701728055249,middle_adult_40_64y,partial_or_unknown,partial_overlap_descriptive,descriptive_only,,data\raw\external\Pertussis case year age.xlsx,local_harmonized_age_series
Japan,JPN,2021,JP,50-59,50-59,50.0,60.0,59.0,712.0,0.08286516853932584,16898250.0,0.34914858047430947,middle_adult_40_64y,partial_or_unknown,partial_overlap_descriptive,descriptive_only,,data\raw\external\Pertussis case year age.xlsx,local_harmonized_age_series
Japan,JPN,2021,JP,60-69,60-69,60.0,70.0,36.0,712.0,0.05056179775280899,15383722.0,0.23401358916912307,middle_adult_40_64y;elderly_65plus,partial_or_unknown,partial_overlap_descriptive,descriptive_only,,data\raw\external\Pertussis case year age.xlsx,local_harmonized_age_series
Japan,JPN,2021,JP,70+,70+,70.0,inf,42.0,712.0,0.05898876404494382,28804415.0,0.14581098071250537,elderly_65plus,partial_or_unknown,partial_overlap_descriptive,descriptive_only,,data\raw\external\Pertussis case year age.xlsx,local_harmonized_age_series
Japan,JPN,2022,JP,00-01,00-01,0.0,1.0,14.0,469.0,0.029850746268656716,798540.0,1.7531995892503822,infant_0_2m;infant_3_11m,exact_union,direct_infant_under1,primary_age_correction,Interpreted as age <1 year because the worksheet has a separate 01-04 bin.,data\raw\external\Pertussis case year age.xlsx,local_harmonized_age_series
Japan,JPN,2022,JP,01-04,01-04,1.0,5.0,13.0,469.0,0.02771855010660981,3495529.0,0.3719036517791728,child_1_4y,exact_union,exact_model_age_distribution,secondary_age_distribution_constraint,,data\raw\external\Pertussis case year age.xlsx,local_harmonized_age_series
Japan,JPN,2022,JP,05-09,05-09,5.0,10.0,104.0,469.0,0.22174840085287847,5059642.0,2.0554813957193017,child_5_9y,exact_union,exact_model_age_distribution,secondary_age_distribution_constraint,,data\raw\external\Pertussis case year age.xlsx,local_harmonized_age_series
Japan,JPN,2022,JP,10-14,10-14,10.0,15.0,82.0,469.0,0.17484008528784648,5469672.0,1.499175818952215,adolescent_10_17y,partial_or_unknown,partial_overlap_descriptive,descriptive_only,,data\raw\external\Pertussis case year age.xlsx,local_harmonized_age_series
Japan,JPN,2022,JP,15-19,15-19,15.0,20.0,44.0,469.0,0.09381663113006397,5714786.0,0.7699325924015353,adolescent_10_17y;young_adult_18_39y,partial_or_unknown,partial_overlap_descriptive,descriptive_only,,data\raw\external\Pertussis case year age.xlsx,local_harmonized_age_series
Japan,JPN,2022,JP,20-29,20-29,20.0,30.0,16.0,469.0,0.03411513859275053,12115107.0,0.13206651827342508,young_adult_18_39y,partial_or_unknown,partial_overlap_descriptive,descriptive_only,,data\raw\external\Pertussis case year age.xlsx,local_harmonized_age_series
Japan,JPN,2022,JP,30-39,30-39,30.0,40.0,44.0,469.0,0.09381663113006397,13253045.0,0.33199917452932515,young_adult_18_39y,partial_or_unknown,partial_overlap_descriptive,descriptive_only,,data\raw\external\Pertussis case year age.xlsx,local_harmonized_age_series
Japan,JPN,2022,JP,40-49,40-49,40.0,50.0,45.0,469.0,0.09594882729211088,17513265.0,0.2569480904902655,middle_adult_40_64y,partial_or_unknown,partial_overlap_descriptive,descriptive_only,,data\raw\external\Pertussis case year age.xlsx,local_harmonized_age_series
Japan,JPN,2022,JP,50-59,50-59,50.0,60.0,40.0,469.0,0.08528784648187633,17334149.0,0.2307583718127726,middle_adult_40_64y,partial_or_unknown,partial_overlap_descriptive,descriptive_only,,data\raw\external\Pertussis case year age.xlsx,local_harmonized_age_series
Japan,JPN,2022,JP,60-69,60-69,60.0,70.0,16.0,469.0,0.03411513859275053,15086909.0,0.1060522072480188,middle_adult_40_64y;elderly_65plus,partial_or_unknown,partial_overlap_descriptive,descriptive_only,,data\raw\external\Pertussis case year age.xlsx,local_harmonized_age_series
Japan,JPN,2022,JP,70+,70+,70.0,inf,51.0,469.0,0.10874200426439233,29156942.0,0.17491546267094815,elderly_65plus,partial_or_unknown,partial_overlap_descriptive,descriptive_only,,data\raw\external\Pertussis case year age.xlsx,local_harmonized_age_series
Japan,JPN,2023,JP,00-01,00-01,0.0,1.0,20.0,966.0,0.020703933747412008,769927.0,2.5976488680095646,infant_0_2m;infant_3_11m,exact_union,direct_infant_under1,primary_age_correction,Interpreted as age <1 year because the worksheet has a separate 01-04 bin.,data\raw\external\Pertussis case year age.xlsx,local_harmonized_age_series
Japan,JPN,2023,JP,01-04,01-04,1.0,5.0,15.0,966.0,0.015527950310559006,3372193.0,0.44481439822691055,child_1_4y,exact_union,exact_model_age_distribution,secondary_age_distribution_constraint,,data\raw\external\Pertussis case year age.xlsx,local_harmonized_age_series
Japan,JPN,2023,JP,05-09,05-09,5.0,10.0,201.0,966.0,0.2080745341614907,4940486.0,4.068425656909057,child_5_9y,exact_union,exact_model_age_distribution,secondary_age_distribution_constraint,,data\raw\external\Pertussis case year age.xlsx,local_harmonized_age_series
Japan,JPN,2023,JP,10-14,10-14,10.0,15.0,280.0,966.0,0.2898550724637681,5405726.0,5.179692792420481,adolescent_10_17y,partial_or_unknown,partial_overlap_descriptive,descriptive_only,,data\raw\external\Pertussis case year age.xlsx,local_harmonized_age_series
Japan,JPN,2023,JP,15-19,15-19,15.0,20.0,106.0,966.0,0.10973084886128365,5670111.0,1.8694519384188424,adolescent_10_17y;young_adult_18_39y,partial_or_unknown,partial_overlap_descriptive,descriptive_only,,data\raw\external\Pertussis case year age.xlsx,local_harmonized_age_series
Japan,JPN,2023,JP,20-29,20-29,20.0,30.0,46.0,966.0,0.047619047619047616,12158799.0,0.37832683968211006,young_adult_18_39y,partial_or_unknown,partial_overlap_descriptive,descriptive_only,,data\raw\external\Pertussis case year age.xlsx,local_harmonized_age_series
Japan,JPN,2023,JP,30-39,30-39,30.0,40.0,81.0,966.0,0.08385093167701864,13027963.0,0.6217395612806085,young_adult_18_39y,partial_or_unknown,partial_overlap_descriptive,descriptive_only,,data\raw\external\Pertussis case year age.xlsx,local_harmonized_age_series
Japan,JPN,2023,JP,40-49,40-49,40.0,50.0,68.0,966.0,0.07039337474120083,16925114.0,0.40176981968924996,middle_adult_40_64y,partial_or_unknown,partial_overlap_descriptive,descriptive_only,,data\raw\external\Pertussis case year age.xlsx,local_harmonized_age_series
Japan,JPN,2023,JP,50-59,50-59,50.0,60.0,65.0,966.0,0.06728778467908902,17798894.0,0.36519123042139584,middle_adult_40_64y,partial_or_unknown,partial_overlap_descriptive,descriptive_only,,data\raw\external\Pertussis case year age.xlsx,local_harmonized_age_series
Japan,JPN,2023,JP,60-69,60-69,60.0,70.0,36.0,966.0,0.037267080745341616,14918295.0,0.2413144397533364,middle_adult_40_64y;elderly_65plus,partial_or_unknown,partial_overlap_descriptive,descriptive_only,,data\raw\external\Pertussis case year age.xlsx,local_harmonized_age_series
Japan,JPN,2023,JP,70+,70+,70.0,inf,48.0,966.0,0.049689440993788817,29383439.0,0.16335732519260254,elderly_65plus,partial_or_unknown,partial_overlap_descriptive,descriptive_only,,data\raw\external\Pertussis case year age.xlsx,local_harmonized_age_series
Japan,JPN,2024,JP,00-01,00-01,0.0,1.0,137.0,3969.0,0.0345175107079869,752448.0,18.207238241047886,infant_0_2m;infant_3_11m,exact_union,direct_infant_under1,primary_age_correction,Interpreted as age <1 year because the worksheet has a separate 01-04 bin.,data\raw\external\Pertussis case year age.xlsx,local_harmonized_age_series
Japan,JPN,2024,JP,01-04,01-04,1.0,5.0,301.0,3969.0,0.07583774250440917,3260887.0,9.230617313632763,child_1_4y,exact_union,exact_model_age_distribution,secondary_age_distribution_constraint,,data\raw\external\Pertussis case year age.xlsx,local_harmonized_age_series
Japan,JPN,2024,JP,05-09,05-09,5.0,10.0,780.0,3969.0,0.1965230536659108,4806617.0,16.22762953653266,child_5_9y,exact_union,exact_model_age_distribution,secondary_age_distribution_constraint,,data\raw\external\Pertussis case year age.xlsx,local_harmonized_age_series
Japan,JPN,2024,JP,10-14,10-14,10.0,15.0,1427.0,3969.0,0.35953640715545476,5332572.0,26.7600699999925,adolescent_10_17y,partial_or_unknown,partial_overlap_descriptive,descriptive_only,,data\raw\external\Pertussis case year age.xlsx,local_harmonized_age_series
Japan,JPN,2024,JP,15-19,15-19,15.0,20.0,401.0,3969.0,0.10103300579491056,5652814.0,7.09381203768601,adolescent_10_17y;young_adult_18_39y,partial_or_unknown,partial_overlap_descriptive,descriptive_only,,data\raw\external\Pertussis case year age.xlsx,local_harmonized_age_series
Japan,JPN,2024,JP,20-29,20-29,20.0,30.0,175.0,3969.0,0.04409171075837742,12195983.0,1.4348986875432674,young_adult_18_39y,partial_or_unknown,partial_overlap_descriptive,descriptive_only,,data\raw\external\Pertussis case year age.xlsx,local_harmonized_age_series
Japan,JPN,2024,JP,30-39,30-39,30.0,40.0,246.0,3969.0,0.06198034769463341,12784596.0,1.9241906431771487,young_adult_18_39y,partial_or_unknown,partial_overlap_descriptive,descriptive_only,,data\raw\external\Pertussis case year age.xlsx,local_harmonized_age_series
Japan,JPN,2024,JP,40-49,40-49,40.0,50.0,255.0,3969.0,0.06424792139077853,16318240.0,1.562668523076018,middle_adult_40_64y,partial_or_unknown,partial_overlap_descriptive,descriptive_only,,data\raw\external\Pertussis case year age.xlsx,local_harmonized_age_series
Japan,JPN,2024,JP,50-59,50-59,50.0,60.0,133.0,3969.0,0.03350970017636684,18208924.0,0.7304110885409814,middle_adult_40_64y,partial_or_unknown,partial_overlap_descriptive,descriptive_only,,data\raw\external\Pertussis case year age.xlsx,local_harmonized_age_series
Japan,JPN,2024,JP,60+,60+,60.0,inf,114.0,3969.0,0.02872260015117158,44439961.0,0.2565258776892266,middle_adult_40_64y;elderly_65plus,partial_or_unknown,partial_overlap_descriptive,descriptive_only,,data\raw\external\Pertussis case year age.xlsx,local_harmonized_age_series
New_Zealand,NZL,2015,NZ,00-00,00-00,0.0,1.0,90.0,1168.0,0.07705479452054795,58920.0,152.74949083503054,infant_0_2m;infant_3_11m,exact_union,direct_infant_under1,primary_age_correction,,data\raw\external\Pertussis case year age.xlsx,local_harmonized_age_series
New_Zealand,NZL,2015,NZ,01-04,01-04,1.0,5.0,136.0,1168.0,0.11643835616438356,246953.0,55.07120788166169,child_1_4y,exact_union,exact_model_age_distribution,secondary_age_distribution_constraint,,data\raw\external\Pertussis case year age.xlsx,local_harmonized_age_series
New_Zealand,NZL,2015,NZ,05-09,05-09,5.0,10.0,144.0,1168.0,0.1232876712328767,314910.0,45.727350671620464,child_5_9y,exact_union,exact_model_age_distribution,secondary_age_distribution_constraint,,data\raw\external\Pertussis case year age.xlsx,local_harmonized_age_series
New_Zealand,NZL,2015,NZ,10-14,10-14,10.0,15.0,123.0,1168.0,0.1053082191780822,296412.0,41.49629569653051,adolescent_10_17y,partial_or_unknown,partial_overlap_descriptive,descriptive_only,,data\raw\external\Pertussis case year age.xlsx,local_harmonized_age_series
New_Zealand,NZL,2015,NZ,15-19,15-19,15.0,20.0,57.0,1168.0,0.0488013698630137,315703.0,18.05494404551113,adolescent_10_17y;young_adult_18_39y,partial_or_unknown,partial_overlap_descriptive,descriptive_only,,data\raw\external\Pertussis case year age.xlsx,local_harmonized_age_series
New_Zealand,NZL,2015,NZ,20-29,20-29,20.0,30.0,95.0,1168.0,0.08133561643835617,648958.0,14.638851820919074,young_adult_18_39y,partial_or_unknown,partial_overlap_descriptive,descriptive_only,,data\raw\external\Pertussis case year age.xlsx,local_harmonized_age_series
New_Zealand,NZL,2015,NZ,30-39,30-39,30.0,40.0,106.0,1168.0,0.09075342465753425,571077.0,18.561419913601842,young_adult_18_39y,partial_or_unknown,partial_overlap_descriptive,descriptive_only,,data\raw\external\Pertussis case year age.xlsx,local_harmonized_age_series
New_Zealand,NZL,2015,NZ,40-49,40-49,40.0,50.0,156.0,1168.0,0.13356164383561644,630151.0,24.755971187858147,middle_adult_40_64y,partial_or_unknown,partial_overlap_descriptive,descriptive_only,,data\raw\external\Pertussis case year age.xlsx,local_harmonized_age_series
New_Zealand,NZL,2015,NZ,50-59,50-59,50.0,60.0,141.0,1168.0,0.12071917808219178,608931.0,23.155332870226676,middle_adult_40_64y,partial_or_unknown,partial_overlap_descriptive,descriptive_only,,data\raw\external\Pertussis case year age.xlsx,local_harmonized_age_series
New_Zealand,NZL,2015,NZ,60-69,60-69,60.0,70.0,73.0,1168.0,0.0625,474511.0,15.384258742157716,middle_adult_40_64y;elderly_65plus,partial_or_unknown,partial_overlap_descriptive,descriptive_only,,data\raw\external\Pertussis case year age.xlsx,local_harmonized_age_series
New_Zealand,NZL,2015,NZ,70+,70+,70.0,inf,47.0,1168.0,0.04023972602739726,447513.0,10.502488195873639,elderly_65plus,partial_or_unknown,partial_overlap_descriptive,descriptive_only,,data\raw\external\Pertussis case year age.xlsx,local_harmonized_age_series
New_Zealand,NZL,2016,NZ,00-00,00-00,0.0,1.0,68.0,1096.0,0.06204379562043796,59455.0,114.37221427970735,infant_0_2m;infant_3_11m,exact_union,direct_infant_under1,primary_age_correction,,data\raw\external\Pertussis case year age.xlsx,local_harmonized_age_series
New_Zealand,NZL,2016,NZ,01-04,01-04,1.0,5.0,109.0,1096.0,0.09945255474452555,245577.0,44.38526409232135,child_1_4y,exact_union,exact_model_age_distribution,secondary_age_distribution_constraint,,data\raw\external\Pertussis case year age.xlsx,local_harmonized_age_series
New_Zealand,NZL,2016,NZ,05-09,05-09,5.0,10.0,120.0,1096.0,0.10948905109489052,321652.0,37.30740054468804,child_5_9y,exact_union,exact_model_age_distribution,secondary_age_distribution_constraint,,data\raw\external\Pertussis case year age.xlsx,local_harmonized_age_series
New_Zealand,NZL,2016,NZ,10-14,10-14,10.0,15.0,98.0,1096.0,0.08941605839416059,298923.0,32.7843625281427,adolescent_10_17y,partial_or_unknown,partial_overlap_descriptive,descriptive_only,,data\raw\external\Pertussis case year age.xlsx,local_harmonized_age_series
New_Zealand,NZL,2016,NZ,15-19,15-19,15.0,20.0,91.0,1096.0,0.08302919708029197,317218.0,28.686896708257414,adolescent_10_17y;young_adult_18_39y,partial_or_unknown,partial_overlap_descriptive,descriptive_only,,data\raw\external\Pertussis case year age.xlsx,local_harmonized_age_series
New_Zealand,NZL,2016,NZ,20-29,20-29,20.0,30.0,107.0,1096.0,0.09762773722627738,678100.0,15.77938357174458,young_adult_18_39y,partial_or_unknown,partial_overlap_descriptive,descriptive_only,,data\raw\external\Pertussis case year age.xlsx,local_harmonized_age_series
New_Zealand,NZL,2016,NZ,30-39,30-39,30.0,40.0,125.0,1096.0,0.11405109489051095,592605.0,21.093308358856238,young_adult_18_39y,partial_or_unknown,partial_overlap_descriptive,descriptive_only,,data\raw\external\Pertussis case year age.xlsx,local_harmonized_age_series
New_Zealand,NZL,2016,NZ,40-49,40-49,40.0,50.0,157.0,1096.0,0.14324817518248176,631992.0,24.842086608691247,middle_adult_40_64y,partial_or_unknown,partial_overlap_descriptive,descriptive_only,,data\raw\external\Pertussis case year age.xlsx,local_harmonized_age_series
New_Zealand,NZL,2016,NZ,50-59,50-59,50.0,60.0,113.0,1096.0,0.1031021897810219,618801.0,18.261121103553485,middle_adult_40_64y,partial_or_unknown,partial_overlap_descriptive,descriptive_only,,data\raw\external\Pertussis case year age.xlsx,local_harmonized_age_series
New_Zealand,NZL,2016,NZ,60-69,60-69,60.0,70.0,62.0,1096.0,0.05656934306569343,487038.0,12.730012853206526,middle_adult_40_64y;elderly_65plus,partial_or_unknown,partial_overlap_descriptive,descriptive_only,,data\raw\external\Pertussis case year age.xlsx,local_harmonized_age_series
New_Zealand,NZL,2016,NZ,70+,70+,70.0,inf,46.0,1096.0,0.041970802919708027,463410.0,9.92641505362422,elderly_65plus,partial_or_unknown,partial_overlap_descriptive,descriptive_only,,data\raw\external\Pertussis case year age.xlsx,local_harmonized_age_series
New_Zealand,NZL,2017,NZ,00-00,00-00,0.0,1.0,129.0,2143.0,0.06019598693420439,59803.0,215.70824206143504,infant_0_2m;infant_3_11m,exact_union,direct_infant_under1,primary_age_correction,,data\raw\external\Pertussis case year age.xlsx,local_harmonized_age_series
New_Zealand,NZL,2017,NZ,01-04,01-04,1.0,5.0,222.0,2143.0,0.10359309379374708,245388.0,90.4689715878527,child_1_4y,exact_union,exact_model_age_distribution,secondary_age_distribution_constraint,,data\raw\external\Pertussis case year age.xlsx,local_harmonized_age_series
New_Zealand,NZL,2017,NZ,05-09,05-09,5.0,10.0,295.0,2143.0,0.13765748950069995,325856.0,90.5307866051262,child_5_9y,exact_union,exact_model_age_distribution,secondary_age_distribution_constraint,,data\raw\external\Pertussis case year age.xlsx,local_harmonized_age_series
New_Zealand,NZL,2017,NZ,10-14,10-14,10.0,15.0,269.0,2143.0,0.12552496500233318,305195.0,88.14036927210472,adolescent_10_17y,partial_or_unknown,partial_overlap_descriptive,descriptive_only,,data\raw\external\Pertussis case year age.xlsx,local_harmonized_age_series
New_Zealand,NZL,2017,NZ,15-19,15-19,15.0,20.0,202.0,2143.0,0.09426038264115726,317563.0,63.6094255313119,adolescent_10_17y;young_adult_18_39y,partial_or_unknown,partial_overlap_descriptive,descriptive_only,,data\raw\external\Pertussis case year age.xlsx,local_harmonized_age_series
New_Zealand,NZL,2017,NZ,20-29,20-29,20.0,30.0,151.0,2143.0,0.07046196920205319,698820.0,21.607853238316018,young_adult_18_39y,partial_or_unknown,partial_overlap_descriptive,descriptive_only,,data\raw\external\Pertussis case year age.xlsx,local_harmonized_age_series
New_Zealand,NZL,2017,NZ,30-39,30-39,30.0,40.0,199.0,2143.0,0.09286047596826878,619066.0,32.14519938100299,young_adult_18_39y,partial_or_unknown,partial_overlap_descriptive,descriptive_only,,data\raw\external\Pertussis case year age.xlsx,local_harmonized_age_series
New_Zealand,NZL,2017,NZ,40-49,40-49,40.0,50.0,269.0,2143.0,0.12552496500233318,633724.0,42.44750080476675,middle_adult_40_64y,partial_or_unknown,partial_overlap_descriptive,descriptive_only,,data\raw\external\Pertussis case year age.xlsx,local_harmonized_age_series
New_Zealand,NZL,2017,NZ,50-59,50-59,50.0,60.0,198.0,2143.0,0.09239384041063929,627898.0,31.53378414965488,middle_adult_40_64y,partial_or_unknown,partial_overlap_descriptive,descriptive_only,,data\raw\external\Pertussis case year age.xlsx,local_harmonized_age_series
New_Zealand,NZL,2017,NZ,60-69,60-69,60.0,70.0,120.0,2143.0,0.05599626691553897,497050.0,24.142440398350267,middle_adult_40_64y;elderly_65plus,partial_or_unknown,partial_overlap_descriptive,descriptive_only,,data\raw\external\Pertussis case year age.xlsx,local_harmonized_age_series
New_Zealand,NZL,2017,NZ,70+,70+,70.0,inf,89.0,2143.0,0.041530564629024734,482389.0,18.449840274135603,elderly_65plus,partial_or_unknown,partial_overlap_descriptive,descriptive_only,,data\raw\external\Pertussis case year age.xlsx,local_harmonized_age_series
New_Zealand,NZL,2018,NZ,00-00,00-00,0.0,1.0,184.0,2952.0,0.06233062330623306,59709.0,308.1612487229731,infant_0_2m;infant_3_11m,exact_union,direct_infant_under1,primary_age_correction,,data\raw\external\Pertussis case year age.xlsx,local_harmonized_age_series
New_Zealand,NZL,2018,NZ,01-04,01-04,1.0,5.0,370.0,2952.0,0.12533875338753386,245600.0,150.6514657980456,child_1_4y,exact_union,exact_model_age_distribution,secondary_age_distribution_constraint,,data\raw\external\Pertussis case year age.xlsx,local_harmonized_age_series
New_Zealand,NZL,2018,NZ,05-09,05-09,5.0,10.0,407.0,2952.0,0.13787262872628725,327712.0,124.19441460794845,child_5_9y,exact_union,exact_model_age_distribution,secondary_age_distribution_constraint,,data\raw\external\Pertussis case year age.xlsx,local_harmonized_age_series
New_Zealand,NZL,2018,NZ,10-14,10-14,10.0,15.0,306.0,2952.0,0.10365853658536585,313471.0,97.61668543501632,adolescent_10_17y,partial_or_unknown,partial_overlap_descriptive,descriptive_only,,data\raw\external\Pertussis case year age.xlsx,local_harmonized_age_series
New_Zealand,NZL,2018,NZ,15-19,15-19,15.0,20.0,192.0,2952.0,0.06504065040650407,317646.0,60.44464592659753,adolescent_10_17y;young_adult_18_39y,partial_or_unknown,partial_overlap_descriptive,descriptive_only,,data\raw\external\Pertussis case year age.xlsx,local_harmonized_age_series
New_Zealand,NZL,2018,NZ,20-29,20-29,20.0,30.0,254.0,2952.0,0.08604336043360433,709224.0,35.81379084746145,young_adult_18_39y,partial_or_unknown,partial_overlap_descriptive,descriptive_only,,data\raw\external\Pertussis case year age.xlsx,local_harmonized_age_series
New_Zealand,NZL,2018,NZ,30-39,30-39,30.0,40.0,296.0,2952.0,0.1002710027100271,647403.0,45.72113505807048,young_adult_18_39y,partial_or_unknown,partial_overlap_descriptive,descriptive_only,,data\raw\external\Pertussis case year age.xlsx,local_harmonized_age_series
New_Zealand,NZL,2018,NZ,40-49,40-49,40.0,50.0,372.0,2952.0,0.12601626016260162,634775.0,58.603442164546486,middle_adult_40_64y,partial_or_unknown,partial_overlap_descriptive,descriptive_only,,data\raw\external\Pertussis case year age.xlsx,local_harmonized_age_series
New_Zealand,NZL,2018,NZ,50-59,50-59,50.0,60.0,274.0,2952.0,0.09281842818428185,635943.0,43.085622453584676,middle_adult_40_64y,partial_or_unknown,partial_overlap_descriptive,descriptive_only,,data\raw\external\Pertussis case year age.xlsx,local_harmonized_age_series
New_Zealand,NZL,2018,NZ,60-69,60-69,60.0,70.0,163.0,2952.0,0.05521680216802168,507170.0,32.139124948242205,middle_adult_40_64y;elderly_65plus,partial_or_unknown,partial_overlap_descriptive,descriptive_only,,data\raw\external\Pertussis case year age.xlsx,local_harmonized_age_series
New_Zealand,NZL,2018,NZ,70+,70+,70.0,inf,134.0,2952.0,0.04539295392953929,502192.0,26.683021633160227,elderly_65plus,partial_or_unknown,partial_overlap_descriptive,descriptive_only,,data\raw\external\Pertussis case year age.xlsx,local_harmonized_age_series
New_Zealand,NZL,2019,NZ,00-00,00-00,0.0,1.0,88.0,1206.0,0.07296849087893864,59547.0,147.7824239676222,infant_0_2m;infant_3_11m,exact_union,direct_infant_under1,primary_age_correction,,data\raw\external\Pertussis case year age.xlsx,local_harmonized_age_series
New_Zealand,NZL,2019,NZ,01-04,01-04,1.0,5.0,168.0,1206.0,0.13930348258706468,245995.0,68.29407101770362,child_1_4y,exact_union,exact_model_age_distribution,secondary_age_distribution_constraint,,data\raw\external\Pertussis case year age.xlsx,local_harmonized_age_series
New_Zealand,NZL,2019,NZ,05-09,05-09,5.0,10.0,115.0,1206.0,0.09535655058043117,328347.0,35.02392286209407,child_5_9y,exact_union,exact_model_age_distribution,secondary_age_distribution_constraint,,data\raw\external\Pertussis case year age.xlsx,local_harmonized_age_series
New_Zealand,NZL,2019,NZ,10-14,10-14,10.0,15.0,98.0,1206.0,0.0812603648424544,322387.0,30.39824806831541,adolescent_10_17y,partial_or_unknown,partial_overlap_descriptive,descriptive_only,,data\raw\external\Pertussis case year age.xlsx,local_harmonized_age_series
New_Zealand,NZL,2019,NZ,15-19,15-19,15.0,20.0,70.0,1206.0,0.05804311774461028,317961.0,22.015278603350726,adolescent_10_17y;young_adult_18_39y,partial_or_unknown,partial_overlap_descriptive,descriptive_only,,data\raw\external\Pertussis case year age.xlsx,local_harmonized_age_series
New_Zealand,NZL,2019,NZ,20-29,20-29,20.0,30.0,94.0,1206.0,0.0779436152570481,715156.0,13.143985368227352,young_adult_18_39y,partial_or_unknown,partial_overlap_descriptive,descriptive_only,,data\raw\external\Pertussis case year age.xlsx,local_harmonized_age_series
New_Zealand,NZL,2019,NZ,30-39,30-39,30.0,40.0,120.0,1206.0,0.09950248756218906,676586.0,17.73610450112772,young_adult_18_39y,partial_or_unknown,partial_overlap_descriptive,descriptive_only,,data\raw\external\Pertussis case year age.xlsx,local_harmonized_age_series
New_Zealand,NZL,2019,NZ,40-49,40-49,40.0,50.0,154.0,1206.0,0.12769485903814262,636338.0,24.200974953562415,middle_adult_40_64y,partial_or_unknown,partial_overlap_descriptive,descriptive_only,,data\raw\external\Pertussis case year age.xlsx,local_harmonized_age_series
New_Zealand,NZL,2019,NZ,50-59,50-59,50.0,60.0,120.0,1206.0,0.09950248756218906,643319.0,18.65326533181827,middle_adult_40_64y,partial_or_unknown,partial_overlap_descriptive,descriptive_only,,data\raw\external\Pertussis case year age.xlsx,local_harmonized_age_series
New_Zealand,NZL,2019,NZ,60-69,60-69,60.0,70.0,106.0,1206.0,0.087893864013267,520927.0,20.34834055443469,middle_adult_40_64y;elderly_65plus,partial_or_unknown,partial_overlap_descriptive,descriptive_only,,data\raw\external\Pertussis case year age.xlsx,local_harmonized_age_series
New_Zealand,NZL,2019,NZ,70+,70+,70.0,inf,73.0,1206.0,0.06053067993366501,522851.0,13.96191266727997,elderly_65plus,partial_or_unknown,partial_overlap_descriptive,descriptive_only,,data\raw\external\Pertussis case year age.xlsx,local_harmonized_age_series
New_Zealand,NZL,2020,NZ,00-00,00-00,0.0,1.0,16.0,171.0,0.0935672514619883,59849.0,26.733947100202172,infant_0_2m;infant_3_11m,exact_union,direct_infant_under1,primary_age_correction,,data\raw\external\Pertussis case year age.xlsx,local_harmonized_age_series
New_Zealand,NZL,2020,NZ,01-04,01-04,1.0,5.0,29.0,171.0,0.1695906432748538,245771.0,11.799602068592309,child_1_4y,exact_union,exact_model_age_distribution,secondary_age_distribution_constraint,,data\raw\external\Pertussis case year age.xlsx,local_harmonized_age_series
New_Zealand,NZL,2020,NZ,05-09,05-09,5.0,10.0,15.0,171.0,0.08771929824561403,327743.0,4.5767567880931095,child_5_9y,exact_union,exact_model_age_distribution,secondary_age_distribution_constraint,,data\raw\external\Pertussis case year age.xlsx,local_harmonized_age_series
New_Zealand,NZL,2020,NZ,10-14,10-14,10.0,15.0,16.0,171.0,0.0935672514619883,330881.0,4.835575327685784,adolescent_10_17y,partial_or_unknown,partial_overlap_descriptive,descriptive_only,,data\raw\external\Pertussis case year age.xlsx,local_harmonized_age_series
New_Zealand,NZL,2020,NZ,15-19,15-19,15.0,20.0,5.0,171.0,0.029239766081871343,317077.0,1.5769040327743733,adolescent_10_17y;young_adult_18_39y,partial_or_unknown,partial_overlap_descriptive,descriptive_only,,data\raw\external\Pertussis case year age.xlsx,local_harmonized_age_series
New_Zealand,NZL,2020,NZ,20-29,20-29,20.0,30.0,19.0,171.0,0.1111111111111111,715411.0,2.655816027430386,young_adult_18_39y,partial_or_unknown,partial_overlap_descriptive,descriptive_only,,data\raw\external\Pertussis case year age.xlsx,local_harmonized_age_series
New_Zealand,NZL,2020,NZ,30-39,30-39,30.0,40.0,16.0,171.0,0.0935672514619883,703952.0,2.2728822419710433,young_adult_18_39y,partial_or_unknown,partial_overlap_descriptive,descriptive_only,,data\raw\external\Pertussis case year age.xlsx,local_harmonized_age_series
New_Zealand,NZL,2020,NZ,40-49,40-49,40.0,50.0,17.0,171.0,0.09941520467836257,637612.0,2.666198252228628,middle_adult_40_64y,partial_or_unknown,partial_overlap_descriptive,descriptive_only,,data\raw\external\Pertussis case year age.xlsx,local_harmonized_age_series
New_Zealand,NZL,2020,NZ,50-59,50-59,50.0,60.0,24.0,171.0,0.14035087719298245,650034.0,3.6921145663149924,middle_adult_40_64y,partial_or_unknown,partial_overlap_descriptive,descriptive_only,,data\raw\external\Pertussis case year age.xlsx,local_harmonized_age_series
New_Zealand,NZL,2020,NZ,60-69,60-69,60.0,70.0,9.0,171.0,0.05263157894736842,536629.0,1.6771363455944424,middle_adult_40_64y;elderly_65plus,partial_or_unknown,partial_overlap_descriptive,descriptive_only,,data\raw\external\Pertussis case year age.xlsx,local_harmonized_age_series
New_Zealand,NZL,2020,NZ,70+,70+,70.0,inf,5.0,171.0,0.029239766081871343,544939.0,0.9175338891141944,elderly_65plus,partial_or_unknown,partial_overlap_descriptive,descriptive_only,,data\raw\external\Pertussis case year age.xlsx,local_harmonized_age_series
New_Zealand,NZL,2021,NZ,00-00,00-00,0.0,1.0,1.0,43.0,0.023255813953488372,59285.0,1.6867673104495233,infant_0_2m;infant_3_11m,exact_union,direct_infant_under1,primary_age_correction,,data\raw\external\Pertussis case year age.xlsx,local_harmonized_age_series
New_Zealand,NZL,2021,NZ,01-04,01-04,1.0,5.0,7.0,43.0,0.16279069767441862,243562.0,2.8740115453149504,child_1_4y,exact_union,exact_model_age_distribution,secondary_age_distribution_constraint,,data\raw\external\Pertussis case year age.xlsx,local_harmonized_age_series
New_Zealand,NZL,2021,NZ,05-09,05-09,5.0,10.0,2.0,43.0,0.046511627906976744,324611.0,0.6161220661037365,child_5_9y,exact_union,exact_model_age_distribution,secondary_age_distribution_constraint,,data\raw\external\Pertussis case year age.xlsx,local_harmonized_age_series
New_Zealand,NZL,2021,NZ,10-14,10-14,10.0,15.0,2.0,43.0,0.046511627906976744,335888.0,0.5954365740961273,adolescent_10_17y,partial_or_unknown,partial_overlap_descriptive,descriptive_only,,data\raw\external\Pertussis case year age.xlsx,local_harmonized_age_series
New_Zealand,NZL,2021,NZ,20-29,20-29,20.0,30.0,5.0,43.0,0.11627906976744186,702028.0,0.7122223045234662,young_adult_18_39y,partial_or_unknown,partial_overlap_descriptive,descriptive_only,,data\raw\external\Pertussis case year age.xlsx,local_harmonized_age_series
New_Zealand,NZL,2021,NZ,30-39,30-39,30.0,40.0,5.0,43.0,0.11627906976744186,721495.0,0.6930054955335796,young_adult_18_39y,partial_or_unknown,partial_overlap_descriptive,descriptive_only,,data\raw\external\Pertussis case year age.xlsx,local_harmonized_age_series
New_Zealand,NZL,2021,NZ,40-49,40-49,40.0,50.0,6.0,43.0,0.13953488372093023,634668.0,0.9453761651761236,middle_adult_40_64y,partial_or_unknown,partial_overlap_descriptive,descriptive_only,,data\raw\external\Pertussis case year age.xlsx,local_harmonized_age_series
New_Zealand,NZL,2021,NZ,50-59,50-59,50.0,60.0,6.0,43.0,0.13953488372093023,653662.0,0.917905584231606,middle_adult_40_64y,partial_or_unknown,partial_overlap_descriptive,descriptive_only,,data\raw\external\Pertussis case year age.xlsx,local_harmonized_age_series
New_Zealand,NZL,2021,NZ,60-69,60-69,60.0,70.0,2.0,43.0,0.046511627906976744,550908.0,0.36303702251555614,middle_adult_40_64y;elderly_65plus,partial_or_unknown,partial_overlap_descriptive,descriptive_only,,data\raw\external\Pertussis case year age.xlsx,local_harmonized_age_series
New_Zealand,NZL,2021,NZ,70+,70+,70.0,inf,7.0,43.0,0.16279069767441862,566402.0,1.2358713422622094,elderly_65plus,partial_or_unknown,partial_overlap_descriptive,descriptive_only,,data\raw\external\Pertussis case year age.xlsx,local_harmonized_age_series
New_Zealand,NZL,2022,NZ,00-00,00-00,0.0,1.0,1.0,18.0,0.05555555555555555,58719.0,1.703026277695465,infant_0_2m;infant_3_11m,exact_union,direct_infant_under1,primary_age_correction,,data\raw\external\Pertussis case year age.xlsx,local_harmonized_age_series
New_Zealand,NZL,2022,NZ,01-04,01-04,1.0,5.0,1.0,18.0,0.05555555555555555,240515.0,0.41577448391992183,child_1_4y,exact_union,exact_model_age_distribution,secondary_age_distribution_constraint,,data\raw\external\Pertussis case year age.xlsx,local_harmonized_age_series
New_Zealand,NZL,2022,NZ,05-09,05-09,5.0,10.0,1.0,18.0,0.05555555555555555,320132.0,0.312371146901903,child_5_9y,exact_union,exact_model_age_distribution,secondary_age_distribution_constraint,,data\raw\external\Pertussis case year age.xlsx,local_harmonized_age_series
New_Zealand,NZL,2022,NZ,10-14,10-14,10.0,15.0,2.0,18.0,0.1111111111111111,337203.0,0.5931145333819687,adolescent_10_17y,partial_or_unknown,partial_overlap_descriptive,descriptive_only,,data\raw\external\Pertussis case year age.xlsx,local_harmonized_age_series
New_Zealand,NZL,2022,NZ,15-19,15-19,15.0,20.0,2.0,18.0,0.1111111111111111,317439.0,0.6300423073409379,adolescent_10_17y;young_adult_18_39y,partial_or_unknown,partial_overlap_descriptive,descriptive_only,,data\raw\external\Pertussis case year age.xlsx,local_harmonized_age_series
New_Zealand,NZL,2022,NZ,20-29,20-29,20.0,30.0,1.0,18.0,0.05555555555555555,687907.0,0.14536848731005791,young_adult_18_39y,partial_or_unknown,partial_overlap_descriptive,descriptive_only,,data\raw\external\Pertussis case year age.xlsx,local_harmonized_age_series
New_Zealand,NZL,2022,NZ,30-39,30-39,30.0,40.0,3.0,18.0,0.16666666666666666,734380.0,0.40850785696778236,young_adult_18_39y,partial_or_unknown,partial_overlap_descriptive,descriptive_only,,data\raw\external\Pertussis case year age.xlsx,local_harmonized_age_series
New_Zealand,NZL,2022,NZ,40-49,40-49,40.0,50.0,0.0,18.0,0.0,631677.0,0.0,middle_adult_40_64y,partial_or_unknown,partial_overlap_descriptive,descriptive_only,,data\raw\external\Pertussis case year age.xlsx,local_harmonized_age_series
New_Zealand,NZL,2022,NZ,50-59,50-59,50.0,60.0,2.0,18.0,0.1111111111111111,654517.0,0.3055688393120423,middle_adult_40_64y,partial_or_unknown,partial_overlap_descriptive,descriptive_only,,data\raw\external\Pertussis case year age.xlsx,local_harmonized_age_series
New_Zealand,NZL,2022,NZ,60-69,60-69,60.0,70.0,1.0,18.0,0.05555555555555555,564475.0,0.17715576420567786,middle_adult_40_64y;elderly_65plus,partial_or_unknown,partial_overlap_descriptive,descriptive_only,,data\raw\external\Pertussis case year age.xlsx,local_harmonized_age_series
New_Zealand,NZL,2022,NZ,70+,70+,70.0,inf,4.0,18.0,0.2222222222222222,584771.0,0.6840284487431832,elderly_65plus,partial_or_unknown,partial_overlap_descriptive,descriptive_only,,data\raw\external\Pertussis case year age.xlsx,local_harmonized_age_series
New_Zealand,NZL,2023,NZ,00-00,00-00,0.0,1.0,31.0,141.0,0.2198581560283688,59207.0,52.35867380546219,infant_0_2m;infant_3_11m,exact_union,direct_infant_under1,primary_age_correction,,data\raw\external\Pertussis case year age.xlsx,local_harmonized_age_series
New_Zealand,NZL,2023,NZ,01-04,01-04,1.0,5.0,18.0,141.0,0.1276595744680851,238863.0,7.535700380552869,child_1_4y,exact_union,exact_model_age_distribution,secondary_age_distribution_constraint,,data\raw\external\Pertussis case year age.xlsx,local_harmonized_age_series
New_Zealand,NZL,2023,NZ,05-09,05-09,5.0,10.0,12.0,141.0,0.0851063829787234,315928.0,3.7983337975741307,child_5_9y,exact_union,exact_model_age_distribution,secondary_age_distribution_constraint,,data\raw\external\Pertussis case year age.xlsx,local_harmonized_age_series
New_Zealand,NZL,2023,NZ,10-14,10-14,10.0,15.0,16.0,141.0,0.11347517730496454,336497.0,4.754871514456295,adolescent_10_17y,partial_or_unknown,partial_overlap_descriptive,descriptive_only,,data\raw\external\Pertussis case year age.xlsx,local_harmonized_age_series
New_Zealand,NZL,2023,NZ,15-19,15-19,15.0,20.0,5.0,141.0,0.03546099290780142,323851.0,1.5439198890847954,adolescent_10_17y;young_adult_18_39y,partial_or_unknown,partial_overlap_descriptive,descriptive_only,,data\raw\external\Pertussis case year age.xlsx,local_harmonized_age_series
New_Zealand,NZL,2023,NZ,20-29,20-29,20.0,30.0,12.0,141.0,0.0851063829787234,682078.0,1.7593295781420895,young_adult_18_39y,partial_or_unknown,partial_overlap_descriptive,descriptive_only,,data\raw\external\Pertussis case year age.xlsx,local_harmonized_age_series
New_Zealand,NZL,2023,NZ,30-39,30-39,30.0,40.0,14.0,141.0,0.09929078014184398,747961.0,1.8717553455327216,young_adult_18_39y,partial_or_unknown,partial_overlap_descriptive,descriptive_only,,data\raw\external\Pertussis case year age.xlsx,local_harmonized_age_series
New_Zealand,NZL,2023,NZ,40-49,40-49,40.0,50.0,14.0,141.0,0.09929078014184398,633445.0,2.21013663380404,middle_adult_40_64y,partial_or_unknown,partial_overlap_descriptive,descriptive_only,,data\raw\external\Pertussis case year age.xlsx,local_harmonized_age_series
New_Zealand,NZL,2023,NZ,50-59,50-59,50.0,60.0,8.0,141.0,0.05673758865248227,654071.0,1.2231088062305162,middle_adult_40_64y,partial_or_unknown,partial_overlap_descriptive,descriptive_only,,data\raw\external\Pertussis case year age.xlsx,local_harmonized_age_series
New_Zealand,NZL,2023,NZ,60-69,60-69,60.0,70.0,7.0,141.0,0.04964539007092199,577743.0,1.2116113912241258,middle_adult_40_64y;elderly_65plus,partial_or_unknown,partial_overlap_descriptive,descriptive_only,,data\raw\external\Pertussis case year age.xlsx,local_harmonized_age_series
New_Zealand,NZL,2023,NZ,70+,70+,70.0,inf,4.0,141.0,0.028368794326241134,603195.0,0.6631354702873864,elderly_65plus,partial_or_unknown,partial_overlap_descriptive,descriptive_only,,data\raw\external\Pertussis case year age.xlsx,local_harmonized_age_series
New_Zealand,NZL,2024,NZ,00-00,00-00,0.0,1.0,120.0,1748.0,0.06864988558352403,59378.0,202.09505203947592,infant_0_2m;infant_3_11m,exact_union,direct_infant_under1,primary_age_correction,,data\raw\external\Pertussis case year age.xlsx,local_harmonized_age_series
New_Zealand,NZL,2024,NZ,01-04,01-04,1.0,5.0,242.0,1748.0,0.13844393592677345,238869.0,101.31076029120565,child_1_4y,exact_union,exact_model_age_distribution,secondary_age_distribution_constraint,,data\raw\external\Pertussis case year age.xlsx,local_harmonized_age_series
New_Zealand,NZL,2024,NZ,05-09,05-09,5.0,10.0,294.0,1748.0,0.16819221967963388,312333.0,94.13030323404827,child_5_9y,exact_union,exact_model_age_distribution,secondary_age_distribution_constraint,,data\raw\external\Pertussis case year age.xlsx,local_harmonized_age_series
New_Zealand,NZL,2024,NZ,10-14,10-14,10.0,15.0,306.0,1748.0,0.17505720823798626,334119.0,91.58413619099781,adolescent_10_17y,partial_or_unknown,partial_overlap_descriptive,descriptive_only,,data\raw\external\Pertussis case year age.xlsx,local_harmonized_age_series
New_Zealand,NZL,2024,NZ,15-19,15-19,15.0,20.0,158.0,1748.0,0.09038901601830664,331051.0,47.726785298941856,adolescent_10_17y;young_adult_18_39y,partial_or_unknown,partial_overlap_descriptive,descriptive_only,,data\raw\external\Pertussis case year age.xlsx,local_harmonized_age_series
New_Zealand,NZL,2024,NZ,20-29,20-29,20.0,30.0,128.0,1748.0,0.07322654462242563,679105.0,18.848337149630765,young_adult_18_39y,partial_or_unknown,partial_overlap_descriptive,descriptive_only,,data\raw\external\Pertussis case year age.xlsx,local_harmonized_age_series
New_Zealand,NZL,2024,NZ,30-39,30-39,30.0,40.0,132.0,1748.0,0.07551487414187644,756296.0,17.45348382114939,young_adult_18_39y,partial_or_unknown,partial_overlap_descriptive,descriptive_only,,data\raw\external\Pertussis case year age.xlsx,local_harmonized_age_series
New_Zealand,NZL,2024,NZ,40-49,40-49,40.0,50.0,148.0,1748.0,0.08466819221967964,637722.0,23.207604567507474,middle_adult_40_64y,partial_or_unknown,partial_overlap_descriptive,descriptive_only,,data\raw\external\Pertussis case year age.xlsx,local_harmonized_age_series
New_Zealand,NZL,2024,NZ,50-59,50-59,50.0,60.0,112.0,1748.0,0.06407322654462243,652356.0,17.168539876999674,middle_adult_40_64y,partial_or_unknown,partial_overlap_descriptive,descriptive_only,,data\raw\external\Pertussis case year age.xlsx,local_harmonized_age_series
New_Zealand,NZL,2024,NZ,60-69,60-69,60.0,70.0,60.0,1748.0,0.034324942791762014,588884.0,10.1887638312469,middle_adult_40_64y;elderly_65plus,partial_or_unknown,partial_overlap_descriptive,descriptive_only,,data\raw\external\Pertussis case year age.xlsx,local_harmonized_age_series
New_Zealand,NZL,2024,NZ,70+,70+,70.0,inf,48.0,1748.0,0.02745995423340961,623833.0,7.694366921916603,elderly_65plus,partial_or_unknown,partial_overlap_descriptive,descriptive_only,,data\raw\external\Pertussis case year age.xlsx,local_harmonized_age_series
Sweden,SWE,2015,SE,00-04,00-04,0.0,5.0,127.233,599.3820000000001,0.21227364185110661,585193.0,21.742057748469307,infant_0_2m;infant_3_11m;child_1_4y,exact_union,under5_aggregate_not_infant,secondary_under5_constraint,,data\raw\external\Pertussis case year age.xlsx,local_harmonized_age_series
Sweden,SWE,2015,SE,05-09,05-09,5.0,10.0,37.386,599.3820000000001,0.06237424547283702,580368.0,6.44177487387313,child_5_9y,exact_union,exact_model_age_distribution,secondary_age_distribution_constraint,,data\raw\external\Pertussis case year age.xlsx,local_harmonized_age_series
Sweden,SWE,2015,SE,10-14,10-14,10.0,15.0,42.813,599.3820000000001,0.07142857142857142,534038.0,8.016845243222392,adolescent_10_17y,partial_or_unknown,partial_overlap_descriptive,descriptive_only,,data\raw\external\Pertussis case year age.xlsx,local_harmonized_age_series
Sweden,SWE,2015,SE,15-19,15-19,15.0,20.0,61.50599999999999,599.3820000000001,0.10261569416498992,524855.0,11.718665155138083,adolescent_10_17y;young_adult_18_39y,partial_or_unknown,partial_overlap_descriptive,descriptive_only,,data\raw\external\Pertussis case year age.xlsx,local_harmonized_age_series
Sweden,SWE,2015,SE,20-29,20-29,20.0,30.0,76.581,599.3820000000001,0.12776659959758552,1333089.0,5.7446277030265795,young_adult_18_39y,partial_or_unknown,partial_overlap_descriptive,descriptive_only,,data\raw\external\Pertussis case year age.xlsx,local_harmonized_age_series
Sweden,SWE,2015,SE,30-39,30-39,30.0,40.0,74.772,599.3820000000001,0.12474849094567404,1220694.0,6.125368028351086,young_adult_18_39y,partial_or_unknown,partial_overlap_descriptive,descriptive_only,,data\raw\external\Pertussis case year age.xlsx,local_harmonized_age_series
Sweden,SWE,2015,SE,40-49,40-49,40.0,50.0,79.596,599.3820000000001,0.1327967806841046,1317613.0,6.040924004241003,middle_adult_40_64y,partial_or_unknown,partial_overlap_descriptive,descriptive_only,,data\raw\external\Pertussis case year age.xlsx,local_harmonized_age_series
Sweden,SWE,2015,SE,50-59,50-59,50.0,60.0,37.386,599.3820000000001,0.06237424547283702,1213006.0,3.08209522459081,middle_adult_40_64y,partial_or_unknown,partial_overlap_descriptive,descriptive_only,,data\raw\external\Pertussis case year age.xlsx,local_harmonized_age_series
Sweden,SWE,2015,SE,60-69,60-69,60.0,70.0,36.783,599.3820000000001,0.06136820925553319,1154341.0,3.1864934191889573,middle_adult_40_64y;elderly_65plus,partial_or_unknown,partial_overlap_descriptive,descriptive_only,,data\raw\external\Pertussis case year age.xlsx,local_harmonized_age_series
Sweden,SWE,2015,SE,70-79,70-79,70.0,80.0,18.693,599.3820000000001,0.03118712273641851,835484.0,2.237385754843899,elderly_65plus,partial_or_unknown,partial_overlap_descriptive,descriptive_only,,data\raw\external\Pertussis case year age.xlsx,local_harmonized_age_series
Sweden,SWE,2015,SE,80+,80+,80.0,inf,6.633,599.3820000000001,0.011066398390342052,500803.0,1.3244728965281758,elderly_65plus,partial_or_unknown,partial_overlap_descriptive,descriptive_only,,data\raw\external\Pertussis case year age.xlsx,local_harmonized_age_series
Sweden,SWE,2016,SE,00-04,00-04,0.0,5.0,126.973,676.284,0.18775100401606426,591634.0,21.461410263777946,infant_0_2m;infant_3_11m;child_1_4y,exact_union,under5_aggregate_not_infant,secondary_under5_constraint,,data\raw\external\Pertussis case year age.xlsx,local_harmonized_age_series
Sweden,SWE,2016,SE,05-09,05-09,5.0,10.0,46.851000000000006,676.284,0.06927710843373495,594988.0,7.874276455995752,child_5_9y,exact_union,exact_model_age_distribution,secondary_age_distribution_constraint,,data\raw\external\Pertussis case year age.xlsx,local_harmonized_age_series
Sweden,SWE,2016,SE,10-14,10-14,10.0,15.0,72.65299999999998,676.284,0.10742971887550197,552459.0,13.150840152843918,adolescent_10_17y,partial_or_unknown,partial_overlap_descriptive,descriptive_only,,data\raw\external\Pertussis case year age.xlsx,local_harmonized_age_series
Sweden,SWE,2016,SE,15-19,15-19,15.0,20.0,61.789,676.284,0.09136546184738956,526043.0,11.745997950737868,adolescent_10_17y;young_adult_18_39y,partial_or_unknown,partial_overlap_descriptive,descriptive_only,,data\raw\external\Pertussis case year age.xlsx,local_harmonized_age_series
Sweden,SWE,2016,SE,20-29,20-29,20.0,30.0,84.875,676.284,0.12550200803212852,1345379.0,6.308631248146432,young_adult_18_39y,partial_or_unknown,partial_overlap_descriptive,descriptive_only,,data\raw\external\Pertussis case year age.xlsx,local_harmonized_age_series
Sweden,SWE,2016,SE,30-39,30-39,30.0,40.0,79.443,676.284,0.11746987951807229,1243066.0,6.390891553626275,young_adult_18_39y,partial_or_unknown,partial_overlap_descriptive,descriptive_only,,data\raw\external\Pertussis case year age.xlsx,local_harmonized_age_series
Sweden,SWE,2016,SE,40-49,40-49,40.0,50.0,91.665,676.284,0.13554216867469882,1310589.0,6.994183531221459,middle_adult_40_64y,partial_or_unknown,partial_overlap_descriptive,descriptive_only,,data\raw\external\Pertussis case year age.xlsx,local_harmonized_age_series
Sweden,SWE,2016,SE,50-59,50-59,50.0,60.0,41.419,676.284,0.06124497991967871,1236381.0,3.3500191284078285,middle_adult_40_64y,partial_or_unknown,partial_overlap_descriptive,descriptive_only,,data\raw\external\Pertussis case year age.xlsx,local_harmonized_age_series
Sweden,SWE,2016,SE,60-69,60-69,60.0,70.0,33.95,676.284,0.05020080321285141,1141633.0,2.973810322581776,middle_adult_40_64y;elderly_65plus,partial_or_unknown,partial_overlap_descriptive,descriptive_only,,data\raw\external\Pertussis case year age.xlsx,local_harmonized_age_series
Sweden,SWE,2016,SE,70-79,70-79,70.0,80.0,29.876,676.284,0.04417670682730924,876665.0,3.4079152241734296,elderly_65plus,partial_or_unknown,partial_overlap_descriptive,descriptive_only,,data\raw\external\Pertussis case year age.xlsx,local_harmonized_age_series
Sweden,SWE,2016,SE,80+,80+,80.0,inf,6.79,676.284,0.010040160642570281,504445.0,1.3460337598747139,elderly_65plus,partial_or_unknown,partial_overlap_descriptive,descriptive_only,,data\raw\external\Pertussis case year age.xlsx,local_harmonized_age_series
Sweden,SWE,2017,SE,00-04,00-04,0.0,5.0,132.82500000000002,801.78,0.16566265060240967,599547.0,22.15422644096293,infant_0_2m;infant_3_11m;child_1_4y,exact_union,under5_aggregate_not_infant,secondary_under5_constraint,,data\raw\external\Pertussis case year age.xlsx,local_harmonized_age_series
Sweden,SWE,2017,SE,05-09,05-09,5.0,10.0,46.690000000000005,801.78,0.05823293172690764,606519.0,7.69802759682714,child_5_9y,exact_union,exact_model_age_distribution,secondary_age_distribution_constraint,,data\raw\external\Pertussis case year age.xlsx,local_harmonized_age_series
Sweden,SWE,2017,SE,10-14,10-14,10.0,15.0,109.48,801.78,0.13654618473895583,571782.0,19.147157483096706,adolescent_10_17y,partial_or_unknown,partial_overlap_descriptive,descriptive_only,,data\raw\external\Pertussis case year age.xlsx,local_harmonized_age_series
Sweden,SWE,2017,SE,15-19,15-19,15.0,20.0,57.96,801.78,0.07228915662650602,537227.0,10.78873548797808,adolescent_10_17y;young_adult_18_39y,partial_or_unknown,partial_overlap_descriptive,descriptive_only,,data\raw\external\Pertussis case year age.xlsx,local_harmonized_age_series
Sweden,SWE,2017,SE,20-29,20-29,20.0,30.0,82.91499999999998,801.78,0.10341365461847388,1351407.0,6.13545734186666,young_adult_18_39y,partial_or_unknown,partial_overlap_descriptive,descriptive_only,,data\raw\external\Pertussis case year age.xlsx,local_harmonized_age_series
Sweden,SWE,2017,SE,30-39,30-39,30.0,40.0,90.965,801.78,0.11345381526104419,1274590.0,7.136804776437914,young_adult_18_39y,partial_or_unknown,partial_overlap_descriptive,descriptive_only,,data\raw\external\Pertussis case year age.xlsx,local_harmonized_age_series
Sweden,SWE,2017,SE,40-49,40-49,40.0,50.0,124.775,801.78,0.15562248995983938,1302583.0,9.579044099301159,middle_adult_40_64y,partial_or_unknown,partial_overlap_descriptive,descriptive_only,,data\raw\external\Pertussis case year age.xlsx,local_harmonized_age_series
Sweden,SWE,2017,SE,50-59,50-59,50.0,60.0,64.4,801.78,0.08032128514056226,1259009.0,5.115134204759458,middle_adult_40_64y,partial_or_unknown,partial_overlap_descriptive,descriptive_only,,data\raw\external\Pertussis case year age.xlsx,local_harmonized_age_series
Sweden,SWE,2017,SE,60-69,60-69,60.0,70.0,38.64,801.78,0.04819277108433735,1130389.0,3.41829228699147,middle_adult_40_64y;elderly_65plus,partial_or_unknown,partial_overlap_descriptive,descriptive_only,,data\raw\external\Pertussis case year age.xlsx,local_harmonized_age_series
Sweden,SWE,2017,SE,70-79,70-79,70.0,80.0,38.64,801.78,0.04819277108433735,914886.0,4.223477023366846,elderly_65plus,partial_or_unknown,partial_overlap_descriptive,descriptive_only,,data\raw\external\Pertussis case year age.xlsx,local_harmonized_age_series
Sweden,SWE,2017,SE,80+,80+,80.0,inf,14.489999999999998,801.78,0.018072289156626505,509926.0,2.8415887795484047,elderly_65plus,partial_or_unknown,partial_overlap_descriptive,descriptive_only,,data\raw\external\Pertussis case year age.xlsx,local_harmonized_age_series
Sweden,SWE,2018,SE,00-04,00-04,0.0,5.0,127.847,735.305,0.17386934673366836,603278.0,21.192054077887803,infant_0_2m;infant_3_11m;child_1_4y,exact_union,under5_aggregate_not_infant,secondary_under5_constraint,,data\raw\external\Pertussis case year age.xlsx,local_harmonized_age_series
Sweden,SWE,2018,SE,05-09,05-09,5.0,10.0,56.903,735.305,0.07738693467336684,615829.0,9.240065018048842,child_5_9y,exact_union,exact_model_age_distribution,secondary_age_distribution_constraint,,data\raw\external\Pertussis case year age.xlsx,local_harmonized_age_series
Sweden,SWE,2018,SE,10-14,10-14,10.0,15.0,91.636,735.305,0.12462311557788945,588109.0,15.581465340608629,adolescent_10_17y,partial_or_unknown,partial_overlap_descriptive,descriptive_only,,data\raw\external\Pertussis case year age.xlsx,local_harmonized_age_series
Sweden,SWE,2018,SE,15-19,15-19,15.0,20.0,39.906,735.305,0.0542713567839196,552176.0,7.227043551331459,adolescent_10_17y;young_adult_18_39y,partial_or_unknown,partial_overlap_descriptive,descriptive_only,,data\raw\external\Pertussis case year age.xlsx,local_harmonized_age_series
Sweden,SWE,2018,SE,20-29,20-29,20.0,30.0,81.29,735.305,0.1105527638190955,1344930.0,6.044180738030977,young_adult_18_39y,partial_or_unknown,partial_overlap_descriptive,descriptive_only,,data\raw\external\Pertussis case year age.xlsx,local_harmonized_age_series
Sweden,SWE,2018,SE,30-39,30-39,30.0,40.0,88.67999999999998,735.305,0.12060301507537687,1310473.0,6.7670222888987395,young_adult_18_39y,partial_or_unknown,partial_overlap_descriptive,descriptive_only,,data\raw\external\Pertussis case year age.xlsx,local_harmonized_age_series
Sweden,SWE,2018,SE,40-49,40-49,40.0,50.0,119.718,735.305,0.16281407035175882,1296265.0,9.23561154547874,middle_adult_40_64y,partial_or_unknown,partial_overlap_descriptive,descriptive_only,,data\raw\external\Pertussis case year age.xlsx,local_harmonized_age_series
Sweden,SWE,2018,SE,50-59,50-59,50.0,60.0,55.425,735.305,0.07537688442211056,1278369.0,4.33560263116518,middle_adult_40_64y,partial_or_unknown,partial_overlap_descriptive,descriptive_only,,data\raw\external\Pertussis case year age.xlsx,local_harmonized_age_series
Sweden,SWE,2018,SE,60-69,60-69,60.0,70.0,29.56,735.305,0.04020100502512563,1119730.0,2.6399221240834843,middle_adult_40_64y;elderly_65plus,partial_or_unknown,partial_overlap_descriptive,descriptive_only,,data\raw\external\Pertussis case year age.xlsx,local_harmonized_age_series
Sweden,SWE,2018,SE,70-79,70-79,70.0,80.0,29.56,735.305,0.04020100502512563,948672.0,3.1159346960804153,elderly_65plus,partial_or_unknown,partial_overlap_descriptive,descriptive_only,,data\raw\external\Pertussis case year age.xlsx,local_harmonized_age_series
Sweden,SWE,2018,SE,80+,80+,80.0,inf,14.78,735.305,0.020100502512562814,517570.0,2.8556523755240835,elderly_65plus,partial_or_unknown,partial_overlap_descriptive,descriptive_only,,data\raw\external\Pertussis case year age.xlsx,local_harmonized_age_series
Sweden,SWE,2019,SE,00-04,00-04,0.0,5.0,105.57,777.308,0.1358148893360161,603113.0,17.504182466635605,infant_0_2m;infant_3_11m;child_1_4y,exact_union,under5_aggregate_not_infant,secondary_under5_constraint,,data\raw\external\Pertussis case year age.xlsx,local_harmonized_age_series
Sweden,SWE,2019,SE,05-09,05-09,5.0,10.0,38.318000000000005,777.308,0.04929577464788733,621782.0,6.162610046607976,child_5_9y,exact_union,exact_model_age_distribution,secondary_age_distribution_constraint,,data\raw\external\Pertussis case year age.xlsx,local_harmonized_age_series
Sweden,SWE,2019,SE,10-14,10-14,10.0,15.0,84.456,777.308,0.10865191146881288,602392.0,14.020106508718575,adolescent_10_17y,partial_or_unknown,partial_overlap_descriptive,descriptive_only,,data\raw\external\Pertussis case year age.xlsx,local_harmonized_age_series
Sweden,SWE,2019,SE,15-19,15-19,15.0,20.0,68.816,777.308,0.08853118712273643,564211.0,12.196855431744508,adolescent_10_17y;young_adult_18_39y,partial_or_unknown,partial_overlap_descriptive,descriptive_only,,data\raw\external\Pertussis case year age.xlsx,local_harmonized_age_series
Sweden,SWE,2019,SE,20-29,20-29,20.0,30.0,107.916,777.308,0.13883299798792756,1333165.0,8.094721958647279,young_adult_18_39y,partial_or_unknown,partial_overlap_descriptive,descriptive_only,,data\raw\external\Pertussis case year age.xlsx,local_harmonized_age_series
Sweden,SWE,2019,SE,30-39,30-39,30.0,40.0,81.328,777.308,0.10462776659959759,1348374.0,6.031560976405657,young_adult_18_39y,partial_or_unknown,partial_overlap_descriptive,descriptive_only,,data\raw\external\Pertussis case year age.xlsx,local_harmonized_age_series
Sweden,SWE,2019,SE,40-49,40-49,40.0,50.0,135.286,777.308,0.17404426559356137,1296262.0,10.436624694699066,middle_adult_40_64y,partial_or_unknown,partial_overlap_descriptive,descriptive_only,,data\raw\external\Pertussis case year age.xlsx,local_harmonized_age_series
Sweden,SWE,2019,SE,50-59,50-59,50.0,60.0,79.76399999999998,777.308,0.10261569416498992,1292344.0,6.172040880756206,middle_adult_40_64y,partial_or_unknown,partial_overlap_descriptive,descriptive_only,,data\raw\external\Pertussis case year age.xlsx,local_harmonized_age_series
Sweden,SWE,2019,SE,60-69,60-69,60.0,70.0,34.408,777.308,0.044265593561368215,1111401.0,3.095912276487065,middle_adult_40_64y;elderly_65plus,partial_or_unknown,partial_overlap_descriptive,descriptive_only,,data\raw\external\Pertussis case year age.xlsx,local_harmonized_age_series
Sweden,SWE,2019,SE,70-79,70-79,70.0,80.0,32.844,777.308,0.04225352112676056,976639.0,3.362962158996313,elderly_65plus,partial_or_unknown,partial_overlap_descriptive,descriptive_only,,data\raw\external\Pertussis case year age.xlsx,local_harmonized_age_series
Sweden,SWE,2019,SE,80+,80+,80.0,inf,8.602,777.308,0.011066398390342054,529439.0,1.6247386384456002,elderly_65plus,partial_or_unknown,partial_overlap_descriptive,descriptive_only,,data\raw\external\Pertussis case year age.xlsx,local_harmonized_age_series
Sweden,SWE,2020,SE,00-04,00-04,0.0,5.0,43.847,267.386,0.16398390342052313,598399.0,7.3273852396143715,infant_0_2m;infant_3_11m;child_1_4y,exact_union,under5_aggregate_not_infant,secondary_under5_constraint,,data\raw\external\Pertussis case year age.xlsx,local_harmonized_age_series
Sweden,SWE,2020,SE,05-09,05-09,5.0,10.0,23.941,267.386,0.08953722334004023,622225.0,3.847643537305637,child_5_9y,exact_union,exact_model_age_distribution,secondary_age_distribution_constraint,,data\raw\external\Pertussis case year age.xlsx,local_harmonized_age_series
Sweden,SWE,2020,SE,10-14,10-14,10.0,15.0,33.894,267.386,0.12676056338028166,615697.0,5.504980534256298,adolescent_10_17y,partial_or_unknown,partial_overlap_descriptive,descriptive_only,,data\raw\external\Pertussis case year age.xlsx,local_harmonized_age_series
Sweden,SWE,2020,SE,15-19,15-19,15.0,20.0,28.783,267.386,0.10764587525150905,572745.0,5.025447625033828,adolescent_10_17y;young_adult_18_39y,partial_or_unknown,partial_overlap_descriptive,descriptive_only,,data\raw\external\Pertussis case year age.xlsx,local_harmonized_age_series
Sweden,SWE,2020,SE,20-29,20-29,20.0,30.0,19.906,267.386,0.07444668008048289,1312312.0,1.5168648918854661,young_adult_18_39y,partial_or_unknown,partial_overlap_descriptive,descriptive_only,,data\raw\external\Pertussis case year age.xlsx,local_harmonized_age_series
Sweden,SWE,2020,SE,30-39,30-39,30.0,40.0,28.783,267.386,0.10764587525150905,1382587.0,2.0818219757599343,young_adult_18_39y,partial_or_unknown,partial_overlap_descriptive,descriptive_only,,data\raw\external\Pertussis case year age.xlsx,local_harmonized_age_series
Sweden,SWE,2020,SE,40-49,40-49,40.0,50.0,43.847,267.386,0.16398390342052313,1299907.0,3.3730874593336293,middle_adult_40_64y,partial_or_unknown,partial_overlap_descriptive,descriptive_only,,data\raw\external\Pertussis case year age.xlsx,local_harmonized_age_series
Sweden,SWE,2020,SE,50-59,50-59,50.0,60.0,18.83,267.386,0.0704225352112676,1304056.0,1.443956394510665,middle_adult_40_64y,partial_or_unknown,partial_overlap_descriptive,descriptive_only,,data\raw\external\Pertussis case year age.xlsx,local_harmonized_age_series
Sweden,SWE,2020,SE,60-69,60-69,60.0,70.0,9.953,267.386,0.03722334004024144,1107195.0,0.8989383080667814,middle_adult_40_64y;elderly_65plus,partial_or_unknown,partial_overlap_descriptive,descriptive_only,,data\raw\external\Pertussis case year age.xlsx,local_harmonized_age_series
Sweden,SWE,2020,SE,70-79,70-79,70.0,80.0,7.801,267.386,0.029175050301810862,998321.0,0.7814119907324397,elderly_65plus,partial_or_unknown,partial_overlap_descriptive,descriptive_only,,data\raw\external\Pertussis case year age.xlsx,local_harmonized_age_series
Sweden,SWE,2020,SE,80+,80+,80.0,inf,7.801,267.386,0.029175050301810862,540239.0,1.4439905301172258,elderly_65plus,partial_or_unknown,partial_overlap_descriptive,descriptive_only,,data\raw\external\Pertussis case year age.xlsx,local_harmonized_age_series
Sweden,SWE,2021,SE,00-04,00-04,0.0,5.0,1.991,10.923,0.18227593152064453,591758.0,0.3364551049584459,infant_0_2m;infant_3_11m;child_1_4y,exact_union,under5_aggregate_not_infant,secondary_under5_constraint,,data\raw\external\Pertussis case year age.xlsx,local_harmonized_age_series
Sweden,SWE,2021,SE,05-09,05-09,5.0,10.0,0.99,10.923,0.09063444108761329,621983.0,0.159168337398289,child_5_9y,exact_union,exact_model_age_distribution,secondary_age_distribution_constraint,,data\raw\external\Pertussis case year age.xlsx,local_harmonized_age_series
Sweden,SWE,2021,SE,10-14,10-14,10.0,15.0,0.0,10.923,0.0,624719.0,0.0,adolescent_10_17y,partial_or_unknown,partial_overlap_descriptive,descriptive_only,,data\raw\external\Pertussis case year age.xlsx,local_harmonized_age_series
Sweden,SWE,2021,SE,15-19,15-19,15.0,20.0,0.99,10.923,0.09063444108761329,583781.0,0.1695841419984549,adolescent_10_17y;young_adult_18_39y,partial_or_unknown,partial_overlap_descriptive,descriptive_only,,data\raw\external\Pertussis case year age.xlsx,local_harmonized_age_series
Sweden,SWE,2021,SE,20-29,20-29,20.0,30.0,0.99,10.923,0.09063444108761329,1283879.0,0.07711007034151973,young_adult_18_39y,partial_or_unknown,partial_overlap_descriptive,descriptive_only,,data\raw\external\Pertussis case year age.xlsx,local_harmonized_age_series
Sweden,SWE,2021,SE,30-39,30-39,30.0,40.0,0.0,10.923,0.0,1418237.0,0.0,young_adult_18_39y,partial_or_unknown,partial_overlap_descriptive,descriptive_only,,data\raw\external\Pertussis case year age.xlsx,local_harmonized_age_series
Sweden,SWE,2021,SE,40-49,40-49,40.0,50.0,2.992,10.923,0.27391742195367574,1300346.0,0.2300926061217553,middle_adult_40_64y,partial_or_unknown,partial_overlap_descriptive,descriptive_only,,data\raw\external\Pertussis case year age.xlsx,local_harmonized_age_series
Sweden,SWE,2021,SE,50-59,50-59,50.0,60.0,0.99,10.923,0.09063444108761329,1318188.0,0.07510309606823913,middle_adult_40_64y,partial_or_unknown,partial_overlap_descriptive,descriptive_only,,data\raw\external\Pertussis case year age.xlsx,local_harmonized_age_series
Sweden,SWE,2021,SE,60-69,60-69,60.0,70.0,0.0,10.923,0.0,1107996.0,0.0,middle_adult_40_64y;elderly_65plus,partial_or_unknown,partial_overlap_descriptive,descriptive_only,,data\raw\external\Pertussis case year age.xlsx,local_harmonized_age_series
Sweden,SWE,2021,SE,70-79,70-79,70.0,80.0,0.99,10.923,0.09063444108761329,1013270.0,0.09770347488823315,elderly_65plus,partial_or_unknown,partial_overlap_descriptive,descriptive_only,,data\raw\external\Pertussis case year age.xlsx,local_harmonized_age_series
Sweden,SWE,2021,SE,80+,80+,80.0,inf,0.99,10.923,0.09063444108761329,551980.0,0.17935432443204463,elderly_65plus,partial_or_unknown,partial_overlap_descriptive,descriptive_only,,data\raw\external\Pertussis case year age.xlsx,local_harmonized_age_series
Sweden,SWE,2022,SE,00-04,00-04,0.0,5.0,1.836,11.904,0.15423387096774194,582404.0,0.3152450876024203,infant_0_2m;infant_3_11m;child_1_4y,exact_union,under5_aggregate_not_infant,secondary_under5_constraint,,data\raw\external\Pertussis case year age.xlsx,local_harmonized_age_series
Sweden,SWE,2022,SE,05-09,05-09,5.0,10.0,0.0,11.904,0.0,622384.0,0.0,child_5_9y,exact_union,exact_model_age_distribution,secondary_age_distribution_constraint,,data\raw\external\Pertussis case year age.xlsx,local_harmonized_age_series
Sweden,SWE,2022,SE,10-14,10-14,10.0,15.0,0.912,11.904,0.07661290322580645,629321.0,0.14491809426349989,adolescent_10_17y,partial_or_unknown,partial_overlap_descriptive,descriptive_only,,data\raw\external\Pertussis case year age.xlsx,local_harmonized_age_series
Sweden,SWE,2022,SE,15-19,15-19,15.0,20.0,1.836,11.904,0.15423387096774194,596914.0,0.30758199673654835,adolescent_10_17y;young_adult_18_39y,partial_or_unknown,partial_overlap_descriptive,descriptive_only,,data\raw\external\Pertussis case year age.xlsx,local_harmonized_age_series
Sweden,SWE,2022,SE,20-29,20-29,20.0,30.0,0.912,11.904,0.07661290322580645,1261333.0,0.07230445885424389,young_adult_18_39y,partial_or_unknown,partial_overlap_descriptive,descriptive_only,,data\raw\external\Pertussis case year age.xlsx,local_harmonized_age_series
Sweden,SWE,2022,SE,30-39,30-39,30.0,40.0,1.836,11.904,0.15423387096774194,1456557.0,0.12605067978802065,young_adult_18_39y,partial_or_unknown,partial_overlap_descriptive,descriptive_only,,data\raw\external\Pertussis case year age.xlsx,local_harmonized_age_series
Sweden,SWE,2022,SE,40-49,40-49,40.0,50.0,0.912,11.904,0.07661290322580645,1299981.0,0.07015487149427568,middle_adult_40_64y,partial_or_unknown,partial_overlap_descriptive,descriptive_only,,data\raw\external\Pertussis case year age.xlsx,local_harmonized_age_series
Sweden,SWE,2022,SE,50-59,50-59,50.0,60.0,1.836,11.904,0.15423387096774194,1332669.0,0.1377686432264876,middle_adult_40_64y,partial_or_unknown,partial_overlap_descriptive,descriptive_only,,data\raw\external\Pertussis case year age.xlsx,local_harmonized_age_series
Sweden,SWE,2022,SE,60-69,60-69,60.0,70.0,0.912,11.904,0.07661290322580645,1113925.0,0.08187265749489418,middle_adult_40_64y;elderly_65plus,partial_or_unknown,partial_overlap_descriptive,descriptive_only,,data\raw\external\Pertussis case year age.xlsx,local_harmonized_age_series
Sweden,SWE,2022,SE,70-79,70-79,70.0,80.0,0.0,11.904,0.0,1020477.0,0.0,elderly_65plus,partial_or_unknown,partial_overlap_descriptive,descriptive_only,,data\raw\external\Pertussis case year age.xlsx,local_harmonized_age_series
Sweden,SWE,2022,SE,80+,80+,80.0,inf,0.912,11.904,0.07661290322580645,571370.0,0.15961636067696938,elderly_65plus,partial_or_unknown,partial_overlap_descriptive,descriptive_only,,data\raw\external\Pertussis case year age.xlsx,local_harmonized_age_series
Sweden,SWE,2023,SE,00-04,00-04,0.0,5.0,25.116,137.172,0.18309859154929578,566382.0,4.434462959627955,infant_0_2m;infant_3_11m;child_1_4y,exact_union,under5_aggregate_not_infant,secondary_under5_constraint,,data\raw\external\Pertussis case year age.xlsx,local_harmonized_age_series
Sweden,SWE,2023,SE,05-09,05-09,5.0,10.0,8.97,137.172,0.0653923541247485,620816.0,1.444872554831061,child_5_9y,exact_union,exact_model_age_distribution,secondary_age_distribution_constraint,,data\raw\external\Pertussis case year age.xlsx,local_harmonized_age_series
Sweden,SWE,2023,SE,10-14,10-14,10.0,15.0,18.078,137.172,0.1317907444668008,632912.0,2.8563212579315924,adolescent_10_17y,partial_or_unknown,partial_overlap_descriptive,descriptive_only,,data\raw\external\Pertussis case year age.xlsx,local_harmonized_age_series
Sweden,SWE,2023,SE,15-19,15-19,15.0,20.0,12.005999999999998,137.172,0.08752515090543259,607983.0,1.9747262670173342,adolescent_10_17y;young_adult_18_39y,partial_or_unknown,partial_overlap_descriptive,descriptive_only,,data\raw\external\Pertussis case year age.xlsx,local_harmonized_age_series
Sweden,SWE,2023,SE,20-29,20-29,20.0,30.0,11.04,137.172,0.08048289738430583,1239875.0,0.8904123399536243,young_adult_18_39y,partial_or_unknown,partial_overlap_descriptive,descriptive_only,,data\raw\external\Pertussis case year age.xlsx,local_harmonized_age_series
Sweden,SWE,2023,SE,30-39,30-39,30.0,40.0,8.97,137.172,0.0653923541247485,1487219.0,0.6031391476305776,young_adult_18_39y,partial_or_unknown,partial_overlap_descriptive,descriptive_only,,data\raw\external\Pertussis case year age.xlsx,local_harmonized_age_series
Sweden,SWE,2023,SE,40-49,40-49,40.0,50.0,16.008,137.172,0.11670020120724346,1302714.0,1.2288192189536613,middle_adult_40_64y,partial_or_unknown,partial_overlap_descriptive,descriptive_only,,data\raw\external\Pertussis case year age.xlsx,local_harmonized_age_series
Sweden,SWE,2023,SE,50-59,50-59,50.0,60.0,20.01,137.172,0.14587525150905434,1344175.0,1.4886454516710996,middle_adult_40_64y,partial_or_unknown,partial_overlap_descriptive,descriptive_only,,data\raw\external\Pertussis case year age.xlsx,local_harmonized_age_series
Sweden,SWE,2023,SE,60-69,60-69,60.0,70.0,8.003999999999998,137.172,0.05835010060362172,1127031.0,0.7101845468314535,middle_adult_40_64y;elderly_65plus,partial_or_unknown,partial_overlap_descriptive,descriptive_only,,data\raw\external\Pertussis case year age.xlsx,local_harmonized_age_series
Sweden,SWE,2023,SE,70-79,70-79,70.0,80.0,4.968,137.172,0.03621730382293763,1023362.0,0.48545871353440917,elderly_65plus,partial_or_unknown,partial_overlap_descriptive,descriptive_only,,data\raw\external\Pertussis case year age.xlsx,local_harmonized_age_series
Sweden,SWE,2023,SE,80+,80+,80.0,inf,4.002,137.172,0.029175050301810865,599025.0,0.6680856391636408,elderly_65plus,partial_or_unknown,partial_overlap_descriptive,descriptive_only,,data\raw\external\Pertussis case year age.xlsx,local_harmonized_age_series
Sweden,SWE,2024,SE,00-04,00-04,0.0,5.0,425.015,2532.275,0.1678391959798995,548128.0,77.53937036604589,infant_0_2m;infant_3_11m;child_1_4y,exact_union,under5_aggregate_not_infant,secondary_under5_constraint,,data\raw\external\Pertussis case year age.xlsx,local_harmonized_age_series
Sweden,SWE,2024,SE,05-09,05-09,5.0,10.0,119.615,2532.275,0.04723618090452261,618565.0,19.337498888556578,child_5_9y,exact_union,exact_model_age_distribution,secondary_age_distribution_constraint,,data\raw\external\Pertussis case year age.xlsx,local_harmonized_age_series
Sweden,SWE,2024,SE,10-14,10-14,10.0,15.0,325.76,2532.275,0.128643216080402,634988.0,51.30175688359465,adolescent_10_17y,partial_or_unknown,partial_overlap_descriptive,descriptive_only,,data\raw\external\Pertussis case year age.xlsx,local_harmonized_age_series
Sweden,SWE,2024,SE,15-19,15-19,15.0,20.0,195.965,2532.275,0.07738693467336684,620348.0,31.589527168621483,adolescent_10_17y;young_adult_18_39y,partial_or_unknown,partial_overlap_descriptive,descriptive_only,,data\raw\external\Pertussis case year age.xlsx,local_harmonized_age_series
Sweden,SWE,2024,SE,20-29,20-29,20.0,30.0,223.96,2532.275,0.08844221105527639,1226423.0,18.26123613141632,young_adult_18_39y,partial_or_unknown,partial_overlap_descriptive,descriptive_only,,data\raw\external\Pertussis case year age.xlsx,local_harmonized_age_series
Sweden,SWE,2024,SE,30-39,30-39,30.0,40.0,302.855,2532.275,0.11959798994974874,1504619.0,20.12835142983041,young_adult_18_39y,partial_or_unknown,partial_overlap_descriptive,descriptive_only,,data\raw\external\Pertussis case year age.xlsx,local_harmonized_age_series
Sweden,SWE,2024,SE,40-49,40-49,40.0,50.0,404.655,2532.275,0.15979899497487435,1304631.0,31.0168162491923,middle_adult_40_64y,partial_or_unknown,partial_overlap_descriptive,descriptive_only,,data\raw\external\Pertussis case year age.xlsx,local_harmonized_age_series
Sweden,SWE,2024,SE,50-59,50-59,50.0,60.0,259.59,2532.275,0.10251256281407034,1348068.0,19.256447004157057,middle_adult_40_64y,partial_or_unknown,partial_overlap_descriptive,descriptive_only,,data\raw\external\Pertussis case year age.xlsx,local_harmonized_age_series
Sweden,SWE,2024,SE,60-69,60-69,60.0,70.0,119.615,2532.275,0.04723618090452261,1149165.0,10.40886208681956,middle_adult_40_64y;elderly_65plus,partial_or_unknown,partial_overlap_descriptive,descriptive_only,,data\raw\external\Pertussis case year age.xlsx,local_harmonized_age_series
Sweden,SWE,2024,SE,70-79,70-79,70.0,80.0,83.985,2532.275,0.033165829145728645,1020020.0,8.233662085057157,elderly_65plus,partial_or_unknown,partial_overlap_descriptive,descriptive_only,,data\raw\external\Pertussis case year age.xlsx,local_harmonized_age_series
Sweden,SWE,2024,SE,80+,80+,80.0,inf,71.26,2532.275,0.02814070351758794,632040.0,11.274602873235871,elderly_65plus,partial_or_unknown,partial_overlap_descriptive,descriptive_only,,data\raw\external\Pertussis case year age.xlsx,local_harmonized_age_series
Sweden,SWE,2025,SE,00-04,00-04,0.0,5.0,140.0,780.0,0.1794871794871795,531944.0,26.318559848405094,infant_0_2m;infant_3_11m;child_1_4y,exact_union,under5_aggregate_not_infant,secondary_under5_constraint,,data\raw\external\Pertussis case year age.xlsx,local_harmonized_age_series
Sweden,SWE,2025,SE,05-09,05-09,5.0,10.0,51.0,780.0,0.06538461538461539,614439.0,8.300254378384185,child_5_9y,exact_union,exact_model_age_distribution,secondary_age_distribution_constraint,,data\raw\external\Pertussis case year age.xlsx,local_harmonized_age_series
Sweden,SWE,2025,SE,10-14,10-14,10.0,15.0,62.0,780.0,0.07948717948717948,633967.0,9.779688848157711,adolescent_10_17y,partial_or_unknown,partial_overlap_descriptive,descriptive_only,,data\raw\external\Pertussis case year age.xlsx,local_harmonized_age_series
Sweden,SWE,2025,SE,15-19,15-19,15.0,20.0,81.0,780.0,0.10384615384615385,635212.0,12.751648268609534,adolescent_10_17y;young_adult_18_39y,partial_or_unknown,partial_overlap_descriptive,descriptive_only,,data\raw\external\Pertussis case year age.xlsx,local_harmonized_age_series
Sweden,SWE,2025,SE,20-29,20-29,20.0,30.0,62.0,780.0,0.07948717948717948,1229531.0,5.042573143743428,young_adult_18_39y,partial_or_unknown,partial_overlap_descriptive,descriptive_only,,data\raw\external\Pertussis case year age.xlsx,local_harmonized_age_series
Sweden,SWE,2025,SE,30-39,30-39,30.0,40.0,94.0,780.0,0.12051282051282051,1508106.0,6.232983623167072,young_adult_18_39y,partial_or_unknown,partial_overlap_descriptive,descriptive_only,,data\raw\external\Pertussis case year age.xlsx,local_harmonized_age_series
Sweden,SWE,2025,SE,40-49,40-49,40.0,50.0,112.0,780.0,0.14358974358974358,1309627.0,8.552053370921644,middle_adult_40_64y,partial_or_unknown,partial_overlap_descriptive,descriptive_only,,data\raw\external\Pertussis case year age.xlsx,local_harmonized_age_series
Sweden,SWE,2025,SE,50-59,50-59,50.0,60.0,90.0,780.0,0.11538461538461539,1342749.0,6.702667438218163,middle_adult_40_64y,partial_or_unknown,partial_overlap_descriptive,descriptive_only,,data\raw\external\Pertussis case year age.xlsx,local_harmonized_age_series
Sweden,SWE,2025,SE,60-69,60-69,60.0,70.0,33.0,780.0,0.04230769230769231,1174350.0,2.810065142419211,middle_adult_40_64y;elderly_65plus,partial_or_unknown,partial_overlap_descriptive,descriptive_only,,data\raw\external\Pertussis case year age.xlsx,local_harmonized_age_series
Sweden,SWE,2025,SE,70-79,70-79,70.0,80.0,31.0,780.0,0.03974358974358974,1011033.0,3.066170936062423,elderly_65plus,partial_or_unknown,partial_overlap_descriptive,descriptive_only,,data\raw\external\Pertussis case year age.xlsx,local_harmonized_age_series
Sweden,SWE,2025,SE,80+,80+,80.0,inf,24.0,780.0,0.03076923076923077,665680.0,3.605335897127749,elderly_65plus,partial_or_unknown,partial_overlap_descriptive,descriptive_only,,data\raw\external\Pertussis case year age.xlsx,local_harmonized_age_series
United_Kingdom,GBR,2015,GB,<1,<1,0.0,1.0,203.0,2675.0,0.07588785046728971,785460.0,25.844727930130112,infant_0_2m;infant_3_11m,exact_union,direct_infant_under1,primary_age_correction,,data\raw\external\Pertussis case year age.xlsx,local_harmonized_age_series
United_Kingdom,GBR,2015,GB,1–4,1-4,1.0,5.0,324.0,2675.0,0.1211214953271028,3281117.0,9.874685968223627,child_1_4y,exact_union,exact_model_age_distribution,secondary_age_distribution_constraint,,data\raw\external\Pertussis case year age.xlsx,local_harmonized_age_series
United_Kingdom,GBR,2015,GB,5–9,5-9,5.0,10.0,235.0,2675.0,0.08785046728971962,4008501.0,5.862540635514373,child_5_9y,exact_union,exact_model_age_distribution,secondary_age_distribution_constraint,,data\raw\external\Pertussis case year age.xlsx,local_harmonized_age_series
United_Kingdom,GBR,2015,GB,10–14,10-14,10.0,15.0,258.0,2675.0,0.09644859813084113,3615636.0,7.135674055684809,adolescent_10_17y,partial_or_unknown,partial_overlap_descriptive,descriptive_only,,data\raw\external\Pertussis case year age.xlsx,local_harmonized_age_series
United_Kingdom,GBR,2015,GB,15–24,15-24,15.0,25.0,233.0,2675.0,0.08710280373831776,8163543.0,2.854152908853423,adolescent_10_17y;young_adult_18_39y,partial_or_unknown,partial_overlap_descriptive,descriptive_only,,data\raw\external\Pertussis case year age.xlsx,local_harmonized_age_series
United_Kingdom,GBR,2015,GB,25–44,25-44,25.0,45.0,670.0,2675.0,0.2504672897196262,17396470.0,3.8513560509689606,young_adult_18_39y;middle_adult_40_64y,partial_or_unknown,partial_overlap_descriptive,descriptive_only,,data\raw\external\Pertussis case year age.xlsx,local_harmonized_age_series
United_Kingdom,GBR,2015,GB,45–64,45-64,45.0,65.0,608.0,2675.0,0.22728971962616823,16512993.0,3.68194911727995,middle_adult_40_64y,partial_or_unknown,partial_overlap_descriptive,descriptive_only,,data\raw\external\Pertussis case year age.xlsx,local_harmonized_age_series
United_Kingdom,GBR,2015,GB,65+,65+,65.0,inf,144.0,2675.0,0.05383177570093458,11618387.0,1.2394147311498576,elderly_65plus,exact_union,exact_model_age_distribution,secondary_age_distribution_constraint,,data\raw\external\Pertussis case year age.xlsx,local_harmonized_age_series
United_Kingdom,GBR,2015,GB,Not known,Notknown,,,5.0,2675.0,0.001869158878504673,,,,unknown_age,partial_overlap_descriptive,descriptive_only,,data\raw\external\Pertussis case year age.xlsx,local_harmonized_age_series
United_Kingdom,GBR,2016,GB,<1,<1,0.0,1.0,262.0,4125.0,0.06351515151515151,782465.0,33.48392579859802,infant_0_2m;infant_3_11m,exact_union,direct_infant_under1,primary_age_correction,,data\raw\external\Pertussis case year age.xlsx,local_harmonized_age_series
United_Kingdom,GBR,2016,GB,1–4,1-4,1.0,5.0,416.0,4125.0,0.10084848484848485,3261890.0,12.753342387388907,child_1_4y,exact_union,exact_model_age_distribution,secondary_age_distribution_constraint,,data\raw\external\Pertussis case year age.xlsx,local_harmonized_age_series
United_Kingdom,GBR,2016,GB,5–9,5-9,5.0,10.0,306.0,4125.0,0.07418181818181818,4091789.0,7.478391481085658,child_5_9y,exact_union,exact_model_age_distribution,secondary_age_distribution_constraint,,data\raw\external\Pertussis case year age.xlsx,local_harmonized_age_series
United_Kingdom,GBR,2016,GB,10–14,10-14,10.0,15.0,345.0,4125.0,0.08363636363636363,3691868.0,9.34486281741384,adolescent_10_17y,partial_or_unknown,partial_overlap_descriptive,descriptive_only,,data\raw\external\Pertussis case year age.xlsx,local_harmonized_age_series
United_Kingdom,GBR,2016,GB,15–24,15-24,15.0,25.0,363.0,4125.0,0.088,8090253.0,4.486880694583964,adolescent_10_17y;young_adult_18_39y,partial_or_unknown,partial_overlap_descriptive,descriptive_only,,data\raw\external\Pertussis case year age.xlsx,local_harmonized_age_series
United_Kingdom,GBR,2016,GB,25–44,25-44,25.0,45.0,1062.0,4125.0,0.25745454545454544,17469668.0,6.079108086083834,young_adult_18_39y;middle_adult_40_64y,partial_or_unknown,partial_overlap_descriptive,descriptive_only,,data\raw\external\Pertussis case year age.xlsx,local_harmonized_age_series
United_Kingdom,GBR,2016,GB,45–64,45-64,45.0,65.0,1095.0,4125.0,0.26545454545454544,16699837.0,6.556950226520176,middle_adult_40_64y,partial_or_unknown,partial_overlap_descriptive,descriptive_only,,data\raw\external\Pertussis case year age.xlsx,local_harmonized_age_series
United_Kingdom,GBR,2016,GB,65+,65+,65.0,inf,276.0,4125.0,0.0669090909090909,11805589.0,2.337875729876756,elderly_65plus,exact_union,exact_model_age_distribution,secondary_age_distribution_constraint,,data\raw\external\Pertussis case year age.xlsx,local_harmonized_age_series
United_Kingdom,GBR,2016,GB,Not known,Notknown,,,9.0,4125.0,0.002181818181818182,,,,unknown_age,partial_overlap_descriptive,descriptive_only,,data\raw\external\Pertussis case year age.xlsx,local_harmonized_age_series
United_Kingdom,GBR,2017,GB,<1,<1,0.0,1.0,199.0,3025.0,0.06578512396694215,769265.0,25.868848836226785,infant_0_2m;infant_3_11m,exact_union,direct_infant_under1,primary_age_correction,,data\raw\external\Pertussis case year age.xlsx,local_harmonized_age_series
United_Kingdom,GBR,2017,GB,1–4,1-4,1.0,5.0,298.0,3025.0,0.09851239669421488,3231724.0,9.221084473797887,child_1_4y,exact_union,exact_model_age_distribution,secondary_age_distribution_constraint,,data\raw\external\Pertussis case year age.xlsx,local_harmonized_age_series
United_Kingdom,GBR,2017,GB,5–9,5-9,5.0,10.0,213.0,3025.0,0.07041322314049586,4156322.0,5.1247232529144755,child_5_9y,exact_union,exact_model_age_distribution,secondary_age_distribution_constraint,,data\raw\external\Pertussis case year age.xlsx,local_harmonized_age_series
United_Kingdom,GBR,2017,GB,10–14,10-14,10.0,15.0,273.0,3025.0,0.09024793388429753,3800189.0,7.183853224142273,adolescent_10_17y,partial_or_unknown,partial_overlap_descriptive,descriptive_only,,data\raw\external\Pertussis case year age.xlsx,local_harmonized_age_series
United_Kingdom,GBR,2017,GB,15–24,15-24,15.0,25.0,297.0,3025.0,0.09818181818181818,8001051.0,3.7120123343795712,adolescent_10_17y;young_adult_18_39y,partial_or_unknown,partial_overlap_descriptive,descriptive_only,,data\raw\external\Pertussis case year age.xlsx,local_harmonized_age_series
United_Kingdom,GBR,2017,GB,25–44,25-44,25.0,45.0,742.0,3025.0,0.2452892561983471,17513168.0,4.236811980562283,young_adult_18_39y;middle_adult_40_64y,partial_or_unknown,partial_overlap_descriptive,descriptive_only,,data\raw\external\Pertussis case year age.xlsx,local_harmonized_age_series
United_Kingdom,GBR,2017,GB,45–64,45-64,45.0,65.0,793.0,3025.0,0.2621487603305785,16890238.0,4.695019691255979,middle_adult_40_64y,partial_or_unknown,partial_overlap_descriptive,descriptive_only,,data\raw\external\Pertussis case year age.xlsx,local_harmonized_age_series
United_Kingdom,GBR,2017,GB,65+,65+,65.0,inf,210.0,3025.0,0.06942148760330578,11992517.0,1.7510919517562495,elderly_65plus,exact_union,exact_model_age_distribution,secondary_age_distribution_constraint,,data\raw\external\Pertussis case year age.xlsx,local_harmonized_age_series
United_Kingdom,GBR,2017,GB,Not known,Notknown,,,6.0,3025.0,0.0019834710743801653,,,,unknown_age,partial_overlap_descriptive,descriptive_only,,data\raw\external\Pertussis case year age.xlsx,local_harmonized_age_series
United_Kingdom,GBR,2018,GB,<1,<1,0.0,1.0,133.0,2397.0,0.05548602419691281,749100.0,17.754638900013347,infant_0_2m;infant_3_11m,exact_union,direct_infant_under1,primary_age_correction,,data\raw\external\Pertussis case year age.xlsx,local_harmonized_age_series
United_Kingdom,GBR,2018,GB,1–4,1-4,1.0,5.0,287.0,2397.0,0.11973299958281185,3197327.0,8.976247972134225,child_1_4y,exact_union,exact_model_age_distribution,secondary_age_distribution_constraint,,data\raw\external\Pertussis case year age.xlsx,local_harmonized_age_series
United_Kingdom,GBR,2018,GB,5–9,5-9,5.0,10.0,169.0,2397.0,0.07050479766374634,4188756.0,4.034610753168721,child_5_9y,exact_union,exact_model_age_distribution,secondary_age_distribution_constraint,,data\raw\external\Pertussis case year age.xlsx,local_harmonized_age_series
United_Kingdom,GBR,2018,GB,10–14,10-14,10.0,15.0,204.0,2397.0,0.0851063829787234,3914830.0,5.210954243223844,adolescent_10_17y,partial_or_unknown,partial_overlap_descriptive,descriptive_only,,data\raw\external\Pertussis case year age.xlsx,local_harmonized_age_series
United_Kingdom,GBR,2018,GB,15–24,15-24,15.0,25.0,177.0,2397.0,0.07384230287859825,7936696.0,2.2301471544330282,adolescent_10_17y;young_adult_18_39y,partial_or_unknown,partial_overlap_descriptive,descriptive_only,,data\raw\external\Pertussis case year age.xlsx,local_harmonized_age_series
United_Kingdom,GBR,2018,GB,25–44,25-44,25.0,45.0,601.0,2397.0,0.25073007926574886,17548226.0,3.4248476170753674,young_adult_18_39y;middle_adult_40_64y,partial_or_unknown,partial_overlap_descriptive,descriptive_only,,data\raw\external\Pertussis case year age.xlsx,local_harmonized_age_series
United_Kingdom,GBR,2018,GB,45–64,45-64,45.0,65.0,628.0,2397.0,0.261994159365874,17031374.0,3.6873126031992483,middle_adult_40_64y,partial_or_unknown,partial_overlap_descriptive,descriptive_only,,data\raw\external\Pertussis case year age.xlsx,local_harmonized_age_series
United_Kingdom,GBR,2018,GB,65+,65+,65.0,inf,198.0,2397.0,0.08260325406758448,12186165.0,1.624793361980574,elderly_65plus,exact_union,exact_model_age_distribution,secondary_age_distribution_constraint,,data\raw\external\Pertussis case year age.xlsx,local_harmonized_age_series
United_Kingdom,GBR,2018,GB,Not known,Notknown,,,5.0,2397.0,0.0020859407592824365,,,,unknown_age,partial_overlap_descriptive,descriptive_only,,data\raw\external\Pertussis case year age.xlsx,local_harmonized_age_series
United_Kingdom,GBR,2019,GB,<1,<1,0.0,1.0,164.0,3691.0,0.044432403142779735,727284.0,22.549650480417554,infant_0_2m;infant_3_11m,exact_union,direct_infant_under1,primary_age_correction,,data\raw\external\Pertussis case year age.xlsx,local_harmonized_age_series
United_Kingdom,GBR,2019,GB,1–4,1-4,1.0,5.0,456.0,3691.0,0.12354375507992414,3155395.0,14.45143951866565,child_1_4y,exact_union,exact_model_age_distribution,secondary_age_distribution_constraint,,data\raw\external\Pertussis case year age.xlsx,local_harmonized_age_series
United_Kingdom,GBR,2019,GB,5–9,5-9,5.0,10.0,313.0,3691.0,0.08480086697371986,4197063.0,7.457595942686589,child_5_9y,exact_union,exact_model_age_distribution,secondary_age_distribution_constraint,,data\raw\external\Pertussis case year age.xlsx,local_harmonized_age_series
United_Kingdom,GBR,2019,GB,10–14,10-14,10.0,15.0,370.0,3691.0,0.10024383635871037,4015103.0,9.215205687126831,adolescent_10_17y,partial_or_unknown,partial_overlap_descriptive,descriptive_only,,data\raw\external\Pertussis case year age.xlsx,local_harmonized_age_series
United_Kingdom,GBR,2019,GB,15–24,15-24,15.0,25.0,322.0,3691.0,0.08723923056082362,7912033.0,4.069750467420952,adolescent_10_17y;young_adult_18_39y,partial_or_unknown,partial_overlap_descriptive,descriptive_only,,data\raw\external\Pertussis case year age.xlsx,local_harmonized_age_series
United_Kingdom,GBR,2019,GB,25–44,25-44,25.0,45.0,877.0,3691.0,0.2376049850988892,17593900.0,4.984682190986649,young_adult_18_39y;middle_adult_40_64y,partial_or_unknown,partial_overlap_descriptive,descriptive_only,,data\raw\external\Pertussis case year age.xlsx,local_harmonized_age_series
United_Kingdom,GBR,2019,GB,45–64,45-64,45.0,65.0,925.0,3691.0,0.2506095908967759,17122870.0,5.402131768798105,middle_adult_40_64y,partial_or_unknown,partial_overlap_descriptive,descriptive_only,,data\raw\external\Pertussis case year age.xlsx,local_harmonized_age_series
United_Kingdom,GBR,2019,GB,65+,65+,65.0,inf,264.0,3691.0,0.07152533188837713,12387310.0,2.1312133142708145,elderly_65plus,exact_union,exact_model_age_distribution,secondary_age_distribution_constraint,,data\raw\external\Pertussis case year age.xlsx,local_harmonized_age_series
United_Kingdom,GBR,2019,GB,Not known,Notknown,,,1.0,3691.0,0.000270929287455974,,,,unknown_age,partial_overlap_descriptive,descriptive_only,,data\raw\external\Pertussis case year age.xlsx,local_harmonized_age_series
United_Kingdom,GBR,2020,GB,<1,<1,0.0,1.0,69.0,1282.0,0.05382215288611544,709605.0,9.723719534107003,infant_0_2m;infant_3_11m,exact_union,direct_infant_under1,primary_age_correction,,data\raw\external\Pertussis case year age.xlsx,local_harmonized_age_series
United_Kingdom,GBR,2020,GB,1–4,1-4,1.0,5.0,167.0,1282.0,0.13026521060842433,3112573.0,5.365336009789971,child_1_4y,exact_union,exact_model_age_distribution,secondary_age_distribution_constraint,,data\raw\external\Pertussis case year age.xlsx,local_harmonized_age_series
United_Kingdom,GBR,2020,GB,5–9,5-9,5.0,10.0,102.0,1282.0,0.07956318252730109,4193756.0,2.432187280328183,child_5_9y,exact_union,exact_model_age_distribution,secondary_age_distribution_constraint,,data\raw\external\Pertussis case year age.xlsx,local_harmonized_age_series
United_Kingdom,GBR,2020,GB,10–14,10-14,10.0,15.0,148.0,1282.0,0.11544461778471139,4084720.0,3.623259366615092,adolescent_10_17y,partial_or_unknown,partial_overlap_descriptive,descriptive_only,,data\raw\external\Pertussis case year age.xlsx,local_harmonized_age_series
United_Kingdom,GBR,2020,GB,15–24,15-24,15.0,25.0,85.0,1282.0,0.06630265210608424,7909799.0,1.0746164346274791,adolescent_10_17y;young_adult_18_39y,partial_or_unknown,partial_overlap_descriptive,descriptive_only,,data\raw\external\Pertussis case year age.xlsx,local_harmonized_age_series
United_Kingdom,GBR,2020,GB,25–44,25-44,25.0,45.0,302.0,1282.0,0.23556942277691106,17631132.0,1.7128792411060163,young_adult_18_39y;middle_adult_40_64y,partial_or_unknown,partial_overlap_descriptive,descriptive_only,,data\raw\external\Pertussis case year age.xlsx,local_harmonized_age_series
United_Kingdom,GBR,2020,GB,45–64,45-64,45.0,65.0,312.0,1282.0,0.24336973478939158,17178927.0,1.8161786239617876,middle_adult_40_64y,partial_or_unknown,partial_overlap_descriptive,descriptive_only,,data\raw\external\Pertussis case year age.xlsx,local_harmonized_age_series
United_Kingdom,GBR,2020,GB,65+,65+,65.0,inf,97.0,1282.0,0.07566302652106084,12531348.0,0.774058784418085,elderly_65plus,exact_union,exact_model_age_distribution,secondary_age_distribution_constraint,,data\raw\external\Pertussis case year age.xlsx,local_harmonized_age_series
United_Kingdom,GBR,2020,GB,Not known,Notknown,,,2.0,1282.0,0.0015600624024961,,,,unknown_age,partial_overlap_descriptive,descriptive_only,,data\raw\external\Pertussis case year age.xlsx,local_harmonized_age_series
United_Kingdom,GBR,2021,GB,<1,<1,0.0,1.0,52.0,468.0,0.1111111111111111,700659.0,7.421584536843172,infant_0_2m;infant_3_11m,exact_union,direct_infant_under1,primary_age_correction,,data\raw\external\Pertussis case year age.xlsx,local_harmonized_age_series
United_Kingdom,GBR,2021,GB,1–4,1-4,1.0,5.0,192.0,468.0,0.41025641025641024,3049022.0,6.29710116883381,child_1_4y,exact_union,exact_model_age_distribution,secondary_age_distribution_constraint,,data\raw\external\Pertussis case year age.xlsx,local_harmonized_age_series
United_Kingdom,GBR,2021,GB,5–9,5-9,5.0,10.0,54.0,468.0,0.11538461538461539,4175992.0,1.2931059254902786,child_5_9y,exact_union,exact_model_age_distribution,secondary_age_distribution_constraint,,data\raw\external\Pertussis case year age.xlsx,local_harmonized_age_series
United_Kingdom,GBR,2021,GB,10–14,10-14,10.0,15.0,19.0,468.0,0.0405982905982906,4142916.0,0.45861417417104283,adolescent_10_17y,partial_or_unknown,partial_overlap_descriptive,descriptive_only,,data\raw\external\Pertussis case year age.xlsx,local_harmonized_age_series
United_Kingdom,GBR,2021,GB,15–24,15-24,15.0,25.0,27.0,468.0,0.057692307692307696,7944168.0,0.3398719664538816,adolescent_10_17y;young_adult_18_39y,partial_or_unknown,partial_overlap_descriptive,descriptive_only,,data\raw\external\Pertussis case year age.xlsx,local_harmonized_age_series
United_Kingdom,GBR,2021,GB,25–44,25-44,25.0,45.0,83.0,468.0,0.17735042735042736,17775104.0,0.4669452285623758,young_adult_18_39y;middle_adult_40_64y,partial_or_unknown,partial_overlap_descriptive,descriptive_only,,data\raw\external\Pertussis case year age.xlsx,local_harmonized_age_series
United_Kingdom,GBR,2021,GB,45–64,45-64,45.0,65.0,31.0,468.0,0.06623931623931624,17214248.0,0.18008338209139313,middle_adult_40_64y,partial_or_unknown,partial_overlap_descriptive,descriptive_only,,data\raw\external\Pertussis case year age.xlsx,local_harmonized_age_series
United_Kingdom,GBR,2021,GB,65+,65+,65.0,inf,10.0,468.0,0.021367521367521368,12666680.0,0.07894728531864703,elderly_65plus,exact_union,exact_model_age_distribution,secondary_age_distribution_constraint,,data\raw\external\Pertussis case year age.xlsx,local_harmonized_age_series
United_Kingdom,GBR,2021,GB,Not known,Notknown,,,0.0,468.0,0.0,,,,unknown_age,partial_overlap_descriptive,descriptive_only,,data\raw\external\Pertussis case year age.xlsx,local_harmonized_age_series
United_Kingdom,GBR,2022,GB,<1,<1,0.0,1.0,42.0,503.0,0.08349900596421471,694750.0,6.045340050377834,infant_0_2m;infant_3_11m,exact_union,direct_infant_under1,primary_age_correction,,data\raw\external\Pertussis case year age.xlsx,local_harmonized_age_series
United_Kingdom,GBR,2022,GB,1–4,1-4,1.0,5.0,165.0,503.0,0.32803180914512925,2967956.0,5.559381608083139,child_1_4y,exact_union,exact_model_age_distribution,secondary_age_distribution_constraint,,data\raw\external\Pertussis case year age.xlsx,local_harmonized_age_series
United_Kingdom,GBR,2022,GB,5–9,5-9,5.0,10.0,53.0,503.0,0.10536779324055666,4139827.0,1.280246734948103,child_5_9y,exact_union,exact_model_age_distribution,secondary_age_distribution_constraint,,data\raw\external\Pertussis case year age.xlsx,local_harmonized_age_series
United_Kingdom,GBR,2022,GB,10–14,10-14,10.0,15.0,29.0,503.0,0.05765407554671968,4216974.0,0.687696912525427,adolescent_10_17y,partial_or_unknown,partial_overlap_descriptive,descriptive_only,,data\raw\external\Pertussis case year age.xlsx,local_harmonized_age_series
United_Kingdom,GBR,2022,GB,15–24,15-24,15.0,25.0,35.0,503.0,0.06958250497017893,7970849.0,0.43910002560580436,adolescent_10_17y;young_adult_18_39y,partial_or_unknown,partial_overlap_descriptive,descriptive_only,,data\raw\external\Pertussis case year age.xlsx,local_harmonized_age_series
United_Kingdom,GBR,2022,GB,25–44,25-44,25.0,45.0,94.0,503.0,0.18687872763419483,17999148.0,0.522246941910806,young_adult_18_39y;middle_adult_40_64y,partial_or_unknown,partial_overlap_descriptive,descriptive_only,,data\raw\external\Pertussis case year age.xlsx,local_harmonized_age_series
United_Kingdom,GBR,2022,GB,45–64,45-64,45.0,65.0,64.0,503.0,0.1272365805168986,17283252.0,0.3703006818392742,middle_adult_40_64y,partial_or_unknown,partial_overlap_descriptive,descriptive_only,,data\raw\external\Pertussis case year age.xlsx,local_harmonized_age_series
United_Kingdom,GBR,2022,GB,65+,65+,65.0,inf,21.0,503.0,0.041749502982107355,12906559.0,0.1627079688707114,elderly_65plus,exact_union,exact_model_age_distribution,secondary_age_distribution_constraint,,data\raw\external\Pertussis case year age.xlsx,local_harmonized_age_series
United_Kingdom,GBR,2022,GB,Not known,Notknown,,,1.0,503.0,0.0019880715705765406,,,,unknown_age,partial_overlap_descriptive,descriptive_only,,data\raw\external\Pertussis case year age.xlsx,local_harmonized_age_series
United_Kingdom,GBR,2023,GB,<1,<1,0.0,1.0,168.0,1556.0,0.10796915167095116,691038.0,24.311253505595932,infant_0_2m;infant_3_11m,exact_union,direct_infant_under1,primary_age_correction,,data\raw\external\Pertussis case year age.xlsx,local_harmonized_age_series
United_Kingdom,GBR,2023,GB,1–4,1-4,1.0,5.0,259.0,1556.0,0.16645244215938304,2900524.0,8.929421028752046,child_1_4y,exact_union,exact_model_age_distribution,secondary_age_distribution_constraint,,data\raw\external\Pertussis case year age.xlsx,local_harmonized_age_series
United_Kingdom,GBR,2023,GB,5–9,5-9,5.0,10.0,224.0,1556.0,0.14395886889460155,4093407.0,5.4722142215518765,child_5_9y,exact_union,exact_model_age_distribution,secondary_age_distribution_constraint,,data\raw\external\Pertussis case year age.xlsx,local_harmonized_age_series
United_Kingdom,GBR,2023,GB,10–14,10-14,10.0,15.0,216.0,1556.0,0.13881748071979436,4272146.0,5.056006981034824,adolescent_10_17y,partial_or_unknown,partial_overlap_descriptive,descriptive_only,,data\raw\external\Pertussis case year age.xlsx,local_harmonized_age_series
United_Kingdom,GBR,2023,GB,15–24,15-24,15.0,25.0,136.0,1556.0,0.08740359897172237,7983487.0,1.703516270521891,adolescent_10_17y;young_adult_18_39y,partial_or_unknown,partial_overlap_descriptive,descriptive_only,,data\raw\external\Pertussis case year age.xlsx,local_harmonized_age_series
United_Kingdom,GBR,2023,GB,25–44,25-44,25.0,45.0,243.0,1556.0,0.15616966580976863,18163502.0,1.3378477344291866,young_adult_18_39y;middle_adult_40_64y,partial_or_unknown,partial_overlap_descriptive,descriptive_only,,data\raw\external\Pertussis case year age.xlsx,local_harmonized_age_series
United_Kingdom,GBR,2023,GB,45–64,45-64,45.0,65.0,236.0,1556.0,0.15167095115681234,17365541.0,1.3590132320092994,middle_adult_40_64y,partial_or_unknown,partial_overlap_descriptive,descriptive_only,,data\raw\external\Pertussis case year age.xlsx,local_harmonized_age_series
United_Kingdom,GBR,2023,GB,65+,65+,65.0,inf,74.0,1556.0,0.04755784061696658,13213320.0,0.5600409283964969,elderly_65plus,exact_union,exact_model_age_distribution,secondary_age_distribution_constraint,,data\raw\external\Pertussis case year age.xlsx,local_harmonized_age_series
United_Kingdom,GBR,2023,GB,Not known,Notknown,,,1.0,1556.0,0.0006426735218508997,,,,unknown_age,partial_overlap_descriptive,descriptive_only,,data\raw\external\Pertussis case year age.xlsx,local_harmonized_age_series
United_Kingdom,GBR,2024,GB,<1,<1,0.0,1.0,923.0,19198.0,0.048077924783831646,691381.0,133.5009206211915,infant_0_2m;infant_3_11m,exact_union,direct_infant_under1,primary_age_correction,,data\raw\external\Pertussis case year age.xlsx,local_harmonized_age_series
United_Kingdom,GBR,2024,GB,1–4,1-4,1.0,5.0,2152.0,19198.0,0.11209500989686426,2856855.0,75.3275892546174,child_1_4y,exact_union,exact_model_age_distribution,secondary_age_distribution_constraint,,data\raw\external\Pertussis case year age.xlsx,local_harmonized_age_series
United_Kingdom,GBR,2024,GB,5–9,5-9,5.0,10.0,2597.0,19198.0,0.13527450776122513,4039489.0,64.29030998722858,child_5_9y,exact_union,exact_model_age_distribution,secondary_age_distribution_constraint,,data\raw\external\Pertussis case year age.xlsx,local_harmonized_age_series
United_Kingdom,GBR,2024,GB,10–14,10-14,10.0,15.0,2973.0,19198.0,0.15485988123762892,4293705.0,69.24090034131362,adolescent_10_17y,partial_or_unknown,partial_overlap_descriptive,descriptive_only,,data\raw\external\Pertussis case year age.xlsx,local_harmonized_age_series
United_Kingdom,GBR,2024,GB,15–24,15-24,15.0,25.0,1869.0,19198.0,0.09735389103031566,8083771.0,23.120397646098585,adolescent_10_17y;young_adult_18_39y,partial_or_unknown,partial_overlap_descriptive,descriptive_only,,data\raw\external\Pertussis case year age.xlsx,local_harmonized_age_series
United_Kingdom,GBR,2024,GB,25–44,25-44,25.0,45.0,3677.0,19198.0,0.19153036774664028,18269292.0,20.12666938598387,young_adult_18_39y;middle_adult_40_64y,partial_or_unknown,partial_overlap_descriptive,descriptive_only,,data\raw\external\Pertussis case year age.xlsx,local_harmonized_age_series
United_Kingdom,GBR,2024,GB,45–64,45-64,45.0,65.0,3684.0,19198.0,0.19189498906136057,17421907.0,21.14579075643097,middle_adult_40_64y,partial_or_unknown,partial_overlap_descriptive,descriptive_only,,data\raw\external\Pertussis case year age.xlsx,local_harmonized_age_series
United_Kingdom,GBR,2024,GB,65+,65+,65.0,inf,1323.0,19198.0,0.06891342848213355,13481785.0,9.813240605750648,elderly_65plus,exact_union,exact_model_age_distribution,secondary_age_distribution_constraint,,data\raw\external\Pertussis case year age.xlsx,local_harmonized_age_series
United_Kingdom,GBR,2024,GB,Not known,Notknown,,,20.0,19198.0,0.0010417751849150954,,,,unknown_age,partial_overlap_descriptive,descriptive_only,,data\raw\external\Pertussis case year age.xlsx,local_harmonized_age_series
United_States,USA,2015,US,00-00,00-00,0.0,1.0,2672.0,20724.0,0.1289326384867786,3971807.0,67.27416513440859,infant_0_2m;infant_3_11m,exact_union,direct_infant_under1,primary_age_correction,,data\raw\external\Pertussis case year age.xlsx,local_harmonized_age_series
United_States,USA,2015,US,01-04,01-04,1.0,5.0,2806.0,20724.0,0.1353985717043042,16005245.0,17.53175287226156,child_1_4y,exact_union,exact_model_age_distribution,secondary_age_distribution_constraint,,data\raw\external\Pertussis case year age.xlsx,local_harmonized_age_series
United_States,USA,2015,US,05-14,05-14,5.0,15.0,6870.0,20724.0,0.3314997104806022,42612147.0,16.122163476062354,child_5_9y;adolescent_10_17y,partial_or_unknown,partial_overlap_descriptive,descriptive_only,,data\raw\external\Pertussis case year age.xlsx,local_harmonized_age_series
United_States,USA,2015,US,15-24,15-24,15.0,25.0,4193.0,20724.0,0.20232580582899054,44122236.0,9.503144854218176,adolescent_10_17y;young_adult_18_39y,partial_or_unknown,partial_overlap_descriptive,descriptive_only,,data\raw\external\Pertussis case year age.xlsx,local_harmonized_age_series
United_States,USA,2015,US,25-39,25-39,25.0,40.0,1293.0,20724.0,0.06239143022582513,67134637.0,1.925980474132898,young_adult_18_39y,partial_or_unknown,partial_overlap_descriptive,descriptive_only,,data\raw\external\Pertussis case year age.xlsx,local_harmonized_age_series
United_States,USA,2015,US,40-64,40-64,40.0,65.0,2154.0,20724.0,0.10393746381007528,105610987.0,2.039560524133725,middle_adult_40_64y,exact_union,exact_model_age_distribution,secondary_age_distribution_constraint,,data\raw\external\Pertussis case year age.xlsx,local_harmonized_age_series
United_States,USA,2015,US,65+,65+,65.0,inf,736.0,20724.0,0.03551437946342405,46669439.0,1.5770491691575723,elderly_65plus,exact_union,exact_model_age_distribution,secondary_age_distribution_constraint,,data\raw\external\Pertussis case year age.xlsx,local_harmonized_age_series
United_States,USA,2015,US,Unknow,Unknow,,,38.0,20724.0,0.001833622852731133,,,,unknown_age,partial_overlap_descriptive,descriptive_only,,data\raw\external\Pertussis case year age.xlsx,local_harmonized_age_series
United_States,USA,2016,US,00-00,00-00,0.0,1.0,2020.0,17942.0,0.11258499609853974,3956667.0,51.05307067792159,infant_0_2m;infant_3_11m,exact_union,direct_infant_under1,primary_age_correction,,data\raw\external\Pertussis case year age.xlsx,local_harmonized_age_series
United_States,USA,2016,US,01-04,01-04,1.0,5.0,2435.0,17942.0,0.13571508193066548,16038610.0,15.18211366196946,child_1_4y,exact_union,exact_model_age_distribution,secondary_age_distribution_constraint,,data\raw\external\Pertussis case year age.xlsx,local_harmonized_age_series
United_States,USA,2016,US,05-14,05-14,5.0,15.0,5833.0,17942.0,0.32510311002117936,42770125.0,13.638024204979526,child_5_9y;adolescent_10_17y,partial_or_unknown,partial_overlap_descriptive,descriptive_only,,data\raw\external\Pertussis case year age.xlsx,local_harmonized_age_series
United_States,USA,2016,US,15-24,15-24,15.0,25.0,3998.0,17942.0,0.22282911604057518,44051595.0,9.075721321781879,adolescent_10_17y;young_adult_18_39y,partial_or_unknown,partial_overlap_descriptive,descriptive_only,,data\raw\external\Pertussis case year age.xlsx,local_harmonized_age_series
United_States,USA,2016,US,25-39,25-39,25.0,40.0,1094.0,17942.0,0.06097425036227845,68323513.0,1.6012057225453262,young_adult_18_39y,partial_or_unknown,partial_overlap_descriptive,descriptive_only,,data\raw\external\Pertussis case year age.xlsx,local_harmonized_age_series
United_States,USA,2016,US,40-64,40-64,40.0,65.0,1905.0,17942.0,0.10617545424144466,105930234.0,1.798353433260612,middle_adult_40_64y,exact_union,exact_model_age_distribution,secondary_age_distribution_constraint,,data\raw\external\Pertussis case year age.xlsx,local_harmonized_age_series
United_States,USA,2016,US,65+,65+,65.0,inf,657.0,17942.0,0.036617991305317135,48108680.0,1.365657922853007,elderly_65plus,exact_union,exact_model_age_distribution,secondary_age_distribution_constraint,,data\raw\external\Pertussis case year age.xlsx,local_harmonized_age_series
United_States,USA,2016,US,Unknow,Unknow,,,30.0,17942.0,0.0016720543975030655,,,,unknown_age,partial_overlap_descriptive,descriptive_only,,data\raw\external\Pertussis case year age.xlsx,local_harmonized_age_series
United_States,USA,2017,US,00-00,00-00,0.0,1.0,2237.0,18933.0,0.11815348861775736,3902710.0,57.31914490187587,infant_0_2m;infant_3_11m,exact_union,direct_infant_under1,primary_age_correction,,data\raw\external\Pertussis case year age.xlsx,local_harmonized_age_series
United_States,USA,2017,US,01-04,01-04,1.0,5.0,2779.0,18933.0,0.14678075318227435,16076680.0,17.285907289315954,child_1_4y,exact_union,exact_model_age_distribution,secondary_age_distribution_constraint,,data\raw\external\Pertussis case year age.xlsx,local_harmonized_age_series
United_States,USA,2017,US,05-14,05-14,5.0,15.0,6015.0,18933.0,0.3176992552685787,42936674.0,14.009003119338029,child_5_9y;adolescent_10_17y,partial_or_unknown,partial_overlap_descriptive,descriptive_only,,data\raw\external\Pertussis case year age.xlsx,local_harmonized_age_series
United_States,USA,2017,US,15-24,15-24,15.0,25.0,4204.0,18933.0,0.22204616278455608,44045408.0,9.544695328965963,adolescent_10_17y;young_adult_18_39y,partial_or_unknown,partial_overlap_descriptive,descriptive_only,,data\raw\external\Pertussis case year age.xlsx,local_harmonized_age_series
United_States,USA,2017,US,25-39,25-39,25.0,40.0,1035.0,18933.0,0.05466645539534147,69352505.0,1.4923757981056345,young_adult_18_39y,partial_or_unknown,partial_overlap_descriptive,descriptive_only,,data\raw\external\Pertussis case year age.xlsx,local_harmonized_age_series
United_States,USA,2017,US,40-64,40-64,40.0,65.0,1924.0,18933.0,0.1016215074209053,106262218.0,1.8106153214306144,middle_adult_40_64y,exact_union,exact_model_age_distribution,secondary_age_distribution_constraint,,data\raw\external\Pertussis case year age.xlsx,local_harmonized_age_series
United_States,USA,2017,US,65+,65+,65.0,inf,739.0,18933.0,0.03903237733058681,49628462.0,1.4890648837757656,elderly_65plus,exact_union,exact_model_age_distribution,secondary_age_distribution_constraint,,data\raw\external\Pertussis case year age.xlsx,local_harmonized_age_series
United_States,USA,2017,US,Unknow,Unknow,,,42.0,18933.0,0.002218348914593567,,,,unknown_age,partial_overlap_descriptive,descriptive_only,,data\raw\external\Pertussis case year age.xlsx,local_harmonized_age_series
United_States,USA,2018,US,00-00,00-00,0.0,1.0,1995.0,15586.0,0.12799948671885025,3834809.0,52.02345149393359,infant_0_2m;infant_3_11m,exact_union,direct_infant_under1,primary_age_correction,,data\raw\external\Pertussis case year age.xlsx,local_harmonized_age_series
United_States,USA,2018,US,01-04,01-04,1.0,5.0,2431.0,15586.0,0.155973309380213,16057783.0,15.139076172594935,child_1_4y,exact_union,exact_model_age_distribution,secondary_age_distribution_constraint,,data\raw\external\Pertussis case year age.xlsx,local_harmonized_age_series
United_States,USA,2018,US,05-14,05-14,5.0,15.0,4742.0,15586.0,0.3042474015141794,43052693.0,11.014409714161202,child_5_9y;adolescent_10_17y,partial_or_unknown,partial_overlap_descriptive,descriptive_only,,data\raw\external\Pertussis case year age.xlsx,local_harmonized_age_series
United_States,USA,2018,US,15-24,15-24,15.0,25.0,3212.0,15586.0,0.20608238162453485,44125344.0,7.279263363929808,adolescent_10_17y;young_adult_18_39y,partial_or_unknown,partial_overlap_descriptive,descriptive_only,,data\raw\external\Pertussis case year age.xlsx,local_harmonized_age_series
United_States,USA,2018,US,25-39,25-39,25.0,40.0,925.0,15586.0,0.059348132939817784,70178224.0,1.318072683059064,young_adult_18_39y,partial_or_unknown,partial_overlap_descriptive,descriptive_only,,data\raw\external\Pertussis case year age.xlsx,local_harmonized_age_series
United_States,USA,2018,US,40-64,40-64,40.0,65.0,1629.0,15586.0,0.10451687411779802,106572521.0,1.5285366102956315,middle_adult_40_64y,exact_union,exact_model_age_distribution,secondary_age_distribution_constraint,,data\raw\external\Pertussis case year age.xlsx,local_harmonized_age_series
United_States,USA,2018,US,65+,65+,65.0,inf,652.0,15586.0,0.0418324137046067,51235121.0,1.2725645753817971,elderly_65plus,exact_union,exact_model_age_distribution,secondary_age_distribution_constraint,,data\raw\external\Pertussis case year age.xlsx,local_harmonized_age_series
United_States,USA,2018,US,Unknow,Unknow,,,23.0,15586.0,0.0014756833055306045,,,,unknown_age,partial_overlap_descriptive,descriptive_only,,data\raw\external\Pertussis case year age.xlsx,local_harmonized_age_series
United_States,USA,2019,US,00-00,00-00,0.0,1.0,2183.0,18597.0,0.1173845243856536,3785226.0,57.67158949029728,infant_0_2m;infant_3_11m,exact_union,direct_infant_under1,primary_age_correction,,data\raw\external\Pertussis case year age.xlsx,local_harmonized_age_series
United_States,USA,2019,US,01-04,01-04,1.0,5.0,2876.0,18597.0,0.15464859923643598,15944303.0,18.037790676707537,child_1_4y,exact_union,exact_model_age_distribution,secondary_age_distribution_constraint,,data\raw\external\Pertussis case year age.xlsx,local_harmonized_age_series
United_States,USA,2019,US,05-14,05-14,5.0,15.0,5874.0,18597.0,0.3158573963542507,43127933.0,13.619943251163926,child_5_9y;adolescent_10_17y,partial_or_unknown,partial_overlap_descriptive,descriptive_only,,data\raw\external\Pertussis case year age.xlsx,local_harmonized_age_series
United_States,USA,2019,US,15-24,15-24,15.0,25.0,3717.0,18597.0,0.1998709469269237,44315459.0,8.387592239538803,adolescent_10_17y;young_adult_18_39y,partial_or_unknown,partial_overlap_descriptive,descriptive_only,,data\raw\external\Pertussis case year age.xlsx,local_harmonized_age_series
United_States,USA,2019,US,25-39,25-39,25.0,40.0,1053.0,18597.0,0.05662203581222778,70818983.0,1.4868894686047665,young_adult_18_39y,partial_or_unknown,partial_overlap_descriptive,descriptive_only,,data\raw\external\Pertussis case year age.xlsx,local_harmonized_age_series
United_States,USA,2019,US,40-64,40-64,40.0,65.0,2030.0,18597.0,0.1091573909770393,106856719.0,1.8997401557874893,middle_adult_40_64y,exact_union,exact_model_age_distribution,secondary_age_distribution_constraint,,data\raw\external\Pertussis case year age.xlsx,local_harmonized_age_series
United_States,USA,2019,US,65+,65+,65.0,inf,864.0,18597.0,0.046459106307468946,52941447.0,1.6319916605226148,elderly_65plus,exact_union,exact_model_age_distribution,secondary_age_distribution_constraint,,data\raw\external\Pertussis case year age.xlsx,local_harmonized_age_series
United_States,USA,2019,US,Unknow,Unknow,,,20.0,18597.0,0.0010754422756358553,,,,unknown_age,partial_overlap_descriptive,descriptive_only,,data\raw\external\Pertussis case year age.xlsx,local_harmonized_age_series
United_States,USA,2020,US,00-00,00-00,0.0,1.0,698.0,6115.0,0.11414554374488961,3695432.0,18.888184114874797,infant_0_2m;infant_3_11m,exact_union,direct_infant_under1,primary_age_correction,,data\raw\external\Pertussis case year age.xlsx,local_harmonized_age_series
United_States,USA,2020,US,01-04,01-04,1.0,5.0,983.0,6115.0,0.1607522485690924,15704763.0,6.259247592593407,child_1_4y,exact_union,exact_model_age_distribution,secondary_age_distribution_constraint,,data\raw\external\Pertussis case year age.xlsx,local_harmonized_age_series
United_States,USA,2020,US,05-14,05-14,5.0,15.0,1828.0,6115.0,0.29893704006541294,43031816.0,4.248019651320316,child_5_9y;adolescent_10_17y,partial_or_unknown,partial_overlap_descriptive,descriptive_only,,data\raw\external\Pertussis case year age.xlsx,local_harmonized_age_series
United_States,USA,2020,US,15-24,15-24,15.0,25.0,1078.0,6115.0,0.17628781684382666,44418928.0,2.42689332799747,adolescent_10_17y;young_adult_18_39y,partial_or_unknown,partial_overlap_descriptive,descriptive_only,,data\raw\external\Pertussis case year age.xlsx,local_harmonized_age_series
United_States,USA,2020,US,25-39,25-39,25.0,40.0,366.0,6115.0,0.05985282093213409,71040862.0,0.5151964513043211,young_adult_18_39y,partial_or_unknown,partial_overlap_descriptive,descriptive_only,,data\raw\external\Pertussis case year age.xlsx,local_harmonized_age_series
United_States,USA,2020,US,40-64,40-64,40.0,65.0,774.0,6115.0,0.12657399836467703,106990479.0,0.7234288576276026,middle_adult_40_64y,exact_union,exact_model_age_distribution,secondary_age_distribution_constraint,,data\raw\external\Pertussis case year age.xlsx,local_harmonized_age_series
United_States,USA,2020,US,65+,65+,65.0,inf,388.0,6115.0,0.06345053147996729,54553879.0,0.7112234860512853,elderly_65plus,exact_union,exact_model_age_distribution,secondary_age_distribution_constraint,,data\raw\external\Pertussis case year age.xlsx,local_harmonized_age_series
United_States,USA,2020,US,Unknow,Unknow,,,9.0,6115.0,0.0014717906786590352,,,,unknown_age,partial_overlap_descriptive,descriptive_only,,data\raw\external\Pertussis case year age.xlsx,local_harmonized_age_series
United_States,USA,2021,US,00-00,00-00,0.0,1.0,177.0,2114.0,0.08372753074739829,3647102.0,4.8531683512004875,infant_0_2m;infant_3_11m,exact_union,direct_infant_under1,primary_age_correction,,data\raw\external\Pertussis case year age.xlsx,local_harmonized_age_series
United_States,USA,2021,US,01-04,01-04,1.0,5.0,378.0,2114.0,0.17880794701986755,15366688.0,2.4598664331572295,child_1_4y,exact_union,exact_model_age_distribution,secondary_age_distribution_constraint,,data\raw\external\Pertussis case year age.xlsx,local_harmonized_age_series
United_States,USA,2021,US,05-14,05-14,5.0,15.0,232.0,2114.0,0.1097445600756859,42712302.0,0.5431690382784801,child_5_9y;adolescent_10_17y,partial_or_unknown,partial_overlap_descriptive,descriptive_only,,data\raw\external\Pertussis case year age.xlsx,local_harmonized_age_series
United_States,USA,2021,US,15-24,15-24,15.0,25.0,179.0,2114.0,0.0846736045411542,44504683.0,0.4022048645981817,adolescent_10_17y;young_adult_18_39y,partial_or_unknown,partial_overlap_descriptive,descriptive_only,,data\raw\external\Pertussis case year age.xlsx,local_harmonized_age_series
United_States,USA,2021,US,25-39,25-39,25.0,40.0,262.0,2114.0,0.1239356669820246,70956892.0,0.3692382693424622,young_adult_18_39y,partial_or_unknown,partial_overlap_descriptive,descriptive_only,,data\raw\external\Pertussis case year age.xlsx,local_harmonized_age_series
United_States,USA,2021,US,40-64,40-64,40.0,65.0,603.0,2114.0,0.28524124881740776,106936361.0,0.563886777482544,middle_adult_40_64y,exact_union,exact_model_age_distribution,secondary_age_distribution_constraint,,data\raw\external\Pertussis case year age.xlsx,local_harmonized_age_series
United_States,USA,2021,US,65+,65+,65.0,inf,283.0,2114.0,0.13386944181646168,56037414.0,0.5050197355645284,elderly_65plus,exact_union,exact_model_age_distribution,secondary_age_distribution_constraint,,data\raw\external\Pertussis case year age.xlsx,local_harmonized_age_series
United_States,USA,2021,US,Unknow,Unknow,,,2.0,2114.0,0.000946073793755913,,,,unknown_age,partial_overlap_descriptive,descriptive_only,,data\raw\external\Pertussis case year age.xlsx,local_harmonized_age_series
United_States,USA,2022,US,00-00,00-00,0.0,1.0,269.0,2387.0,0.11269375785504818,3707084.0,7.256377249611823,infant_0_2m;infant_3_11m,exact_union,direct_infant_under1,primary_age_correction,,data\raw\external\Pertussis case year age.xlsx,local_harmonized_age_series
United_States,USA,2022,US,01-06,01-06,1.0,7.0,622.0,2387.0,0.2605781315458735,23159440.0,2.6857298794789513,child_1_4y;child_5_9y,partial_or_unknown,partial_overlap_descriptive,descriptive_only,,data\raw\external\Pertussis case year age.xlsx,local_harmonized_age_series
United_States,USA,2022,US,07-10,07-10,7.0,11.0,176.0,2387.0,0.07373271889400922,16616090.0,1.059214291689561,child_5_9y;adolescent_10_17y,partial_or_unknown,partial_overlap_descriptive,descriptive_only,,data\raw\external\Pertussis case year age.xlsx,local_harmonized_age_series
United_States,USA,2022,US,11-19,11-19,11.0,20.0,231.0,2387.0,0.0967741935483871,40007629.0,0.577389877315649,adolescent_10_17y;young_adult_18_39y,partial_or_unknown,partial_overlap_descriptive,descriptive_only,,data\raw\external\Pertussis case year age.xlsx,local_harmonized_age_series
United_States,USA,2022,US,20+,20+,20.0,inf,1089.0,2387.0,0.45622119815668205,258043800.0,0.42202137776610016,young_adult_18_39y;middle_adult_40_64y;elderly_65plus,partial_or_unknown,partial_overlap_descriptive,descriptive_only,,data\raw\external\Pertussis case year age.xlsx,local_harmonized_age_series
United_States,USA,2022,US,Unknow,Unknow,,,1.0,2387.0,0.00041893590280687055,,,,unknown_age,partial_overlap_descriptive,descriptive_only,,data\raw\external\Pertussis case year age.xlsx,local_harmonized_age_series
United_States,USA,2023,US,00-00,00-00,0.0,1.0,729.0,5609.0,0.12996969156712426,3701204.0,19.696293422356618,infant_0_2m;infant_3_11m,exact_union,direct_infant_under1,primary_age_correction,,data\raw\external\Pertussis case year age.xlsx,local_harmonized_age_series
United_States,USA,2023,US,01-06,01-06,1.0,7.0,1762.0,5609.0,0.3141379925120342,22864239.0,7.70635751314531,child_1_4y;child_5_9y,partial_or_unknown,partial_overlap_descriptive,descriptive_only,,data\raw\external\Pertussis case year age.xlsx,local_harmonized_age_series
United_States,USA,2023,US,07-10,07-10,7.0,11.0,636.0,5609.0,0.1133891959351043,16574352.000000004,3.837254089933651,child_5_9y;adolescent_10_17y,partial_or_unknown,partial_overlap_descriptive,descriptive_only,,data\raw\external\Pertussis case year age.xlsx,local_harmonized_age_series
United_States,USA,2023,US,11-19,11-19,11.0,20.0,1014.0,5609.0,0.18078088785879837,39903536.0,2.5411281847302956,adolescent_10_17y;young_adult_18_39y,partial_or_unknown,partial_overlap_descriptive,descriptive_only,,data\raw\external\Pertussis case year age.xlsx,local_harmonized_age_series
United_States,USA,2023,US,20+,20+,20.0,inf,1468.0,5609.0,0.26172223212693885,260434002.0,0.5636744774977578,young_adult_18_39y;middle_adult_40_64y;elderly_65plus,partial_or_unknown,partial_overlap_descriptive,descriptive_only,,data\raw\external\Pertussis case year age.xlsx,local_harmonized_age_series
United_States,USA,2023,US,Unknow,Unknow,,,2.0,5609.0,0.00035656979853806385,,,,unknown_age,partial_overlap_descriptive,descriptive_only,,data\raw\external\Pertussis case year age.xlsx,local_harmonized_age_series
United_States,USA,2024,US,00-00,00-00,0.0,1.0,2723.0,35427.0,0.07686228018178226,3662941.0,74.33917172021063,infant_0_2m;infant_3_11m,exact_union,direct_infant_under1,primary_age_correction,,data\raw\external\Pertussis case year age.xlsx,local_harmonized_age_series
United_States,USA,2024,US,01-06,01-06,1.0,7.0,6539.0,35427.0,0.18457673525841872,22661623.0,28.854950062491113,child_1_4y;child_5_9y,partial_or_unknown,partial_overlap_descriptive,descriptive_only,,data\raw\external\Pertussis case year age.xlsx,local_harmonized_age_series
United_States,USA,2024,US,07-10,07-10,7.0,11.0,4945.0,35427.0,0.13958280407598725,16479571.0,30.00684908605934,child_5_9y;adolescent_10_17y,partial_or_unknown,partial_overlap_descriptive,descriptive_only,,data\raw\external\Pertussis case year age.xlsx,local_harmonized_age_series
United_States,USA,2024,US,11-19,11-19,11.0,20.0,15194.0,35427.0,0.4288819262144692,39807463.0,38.16872228205048,adolescent_10_17y;young_adult_18_39y,partial_or_unknown,partial_overlap_descriptive,descriptive_only,,data\raw\external\Pertussis case year age.xlsx,local_harmonized_age_series
United_States,USA,2024,US,20+,20+,20.0,inf,6026.0,35427.0,0.17009625426934258,262814972.0,2.2928678507706937,young_adult_18_39y;middle_adult_40_64y;elderly_65plus,partial_or_unknown,partial_overlap_descriptive,descriptive_only,,data\raw\external\Pertussis case year age.xlsx,local_harmonized_age_series
United_States,USA,2024,US,Unknow,Unknow,,,8.0,35427.0,0.00022581646766590453,,,,unknown_age,partial_overlap_descriptive,descriptive_only,,data\raw\external\Pertussis case year age.xlsx,local_harmonized_age_series
United_States,USA,2025,US,00-00,00-00,0.0,1.0,3590.0,28775.0,0.12476107732406604,3674784.0,97.69281677508121,infant_0_2m;infant_3_11m,exact_union,direct_infant_under1,primary_age_correction,,data\raw\external\Pertussis case year age.xlsx,local_harmonized_age_series
United_States,USA,2025,US,01-06,01-06,1.0,7.0,7523.0,28775.0,0.2614422241529105,22528462.0,33.3933137557282,child_1_4y;child_5_9y,partial_or_unknown,partial_overlap_descriptive,descriptive_only,,data\raw\external\Pertussis case year age.xlsx,local_harmonized_age_series
United_States,USA,2025,US,07-10,07-10,7.0,11.0,4456.0,28775.0,0.1548566463944396,16293523.0,27.34829048327977,child_5_9y;adolescent_10_17y,partial_or_unknown,partial_overlap_descriptive,descriptive_only,,data\raw\external\Pertussis case year age.xlsx,local_harmonized_age_series
United_States,USA,2025,US,11-19,11-19,11.0,20.0,7729.0,28775.0,0.26860121633362294,39713065.0,19.462109006192293,adolescent_10_17y;young_adult_18_39y,partial_or_unknown,partial_overlap_descriptive,descriptive_only,,data\raw\external\Pertussis case year age.xlsx,local_harmonized_age_series
United_States,USA,2025,US,20+,20+,20.0,inf,5477.0,28775.0,0.19033883579496091,265065977.0,2.066278011983409,young_adult_18_39y;middle_adult_40_64y;elderly_65plus,partial_or_unknown,partial_overlap_descriptive,descriptive_only,,data\raw\external\Pertussis case year age.xlsx,local_harmonized_age_series
United_States,USA,2025,US,Unknow,Unknow,,,8.0,28775.0,0.0002780191138140747,,,,unknown_age,partial_overlap_descriptive,descriptive_only,,data\raw\external\Pertussis case year age.xlsx,local_harmonized_age_series
