country,log_beta_S,beta_S,log_posterior,log_posterior_raw,posterior_weight,grid_half_width,grid_points,grid_tail_drop_target,grid_min_effective_points_target,grid_max_single_weight_target,grid_left_edge_drop,grid_right_edge_drop,grid_min_edge_drop,grid_effective_points,grid_max_weight,grid_smoothing
New_Zealand,-3.8863062079533433,0.020521006545587833,-1143.422790457564,-1143.422790457564,4.9297015448523485e-18,0.005766917302549278,481,20.0,10.0,0.2,36.55045995978321,84.70212402886409,36.55045995978321,70.67168346821317,0.03685392082340914,none
New_Zealand,-3.8862821791312494,0.020521499647127604,-1141.3048314468322,-1141.3048314468322,4.0986283353859635e-17,0.005766917302549278,481,20.0,10.0,0.2,36.55045995978321,84.70212402886409,36.55045995978321,70.67168346821317,0.03685392082340914,none
New_Zealand,-3.8862581503091556,0.020521992760516167,-1142.3181977441277,-1142.3181977441277,1.4877814759930447e-17,0.005766917302549278,481,20.0,10.0,0.2,36.55045995978321,84.70212402886409,36.55045995978321,70.67168346821317,0.03685392082340914,none
New_Zealand,-3.8862341214870613,0.020522485885753814,-1140.251770281,-1140.251770281,1.1748358529595318e-16,0.005766917302549278,481,20.0,10.0,0.2,36.55045995978321,84.70212402886409,36.55045995978321,70.67168346821317,0.03685392082340914,none
New_Zealand,-3.8862100926649674,0.020522979022840816,-1140.5044640433453,-1140.5044640433453,9.125017058369564e-17,0.005766917302549278,481,20.0,10.0,0.2,36.55045995978321,84.70212402886409,36.55045995978321,70.67168346821317,0.03685392082340914,none
New_Zealand,-3.8861860638428736,0.02052347217177746,-1141.5678405578326,-1141.5678405578326,3.150758616224012e-17,0.005766917302549278,481,20.0,10.0,0.2,36.55045995978321,84.70212402886409,36.55045995978321,70.67168346821317,0.03685392082340914,none
New_Zealand,-3.8861620350207797,0.020523965332564037,-1141.3760368828475,-1141.3760368828475,3.816931888577947e-17,0.005766917302549278,481,20.0,10.0,0.2,36.55045995978321,84.70212402886409,36.55045995978321,70.67168346821317,0.03685392082340914,none
New_Zealand,-3.8861380061986854,0.02052445850520084,-1141.436119018939,-1141.436119018939,3.594355841304406e-17,0.005766917302549278,481,20.0,10.0,0.2,36.55045995978321,84.70212402886409,36.55045995978321,70.67168346821317,0.03685392082340914,none
New_Zealand,-3.8861139773765916,0.02052495168968813,-1142.1943181245872,-1142.1943181245872,1.6839895117692713e-17,0.005766917302549278,481,20.0,10.0,0.2,36.55045995978321,84.70212402886409,36.55045995978321,70.67168346821317,0.03685392082340914,none
New_Zealand,-3.8860899485544977,0.020525444886026204,-1139.7566225988016,-1139.7566225988016,1.9276007992654242e-16,0.005766917302549278,481,20.0,10.0,0.2,36.55045995978321,84.70212402886409,36.55045995978321,70.67168346821317,0.03685392082340914,none
New_Zealand,-3.886065919732404,0.02052593809421535,-1141.970438686999,-1141.970438686999,2.1065364907659405e-17,0.005766917302549278,481,20.0,10.0,0.2,36.55045995978321,84.70212402886409,36.55045995978321,70.67168346821317,0.03685392082340914,none
New_Zealand,-3.8860418909103096,0.02052643131425586,-1139.141932560908,-1139.141932560908,3.5642945721821356e-16,0.005766917302549278,481,20.0,10.0,0.2,36.55045995978321,84.70212402886409,36.55045995978321,70.67168346821317,0.03685392082340914,none
New_Zealand,-3.8860178620882158,0.020526924546147997,-1141.6405466618985,-1141.6405466618985,2.9298087572157356e-17,0.005766917302549278,481,20.0,10.0,0.2,36.55045995978321,84.70212402886409,36.55045995978321,70.67168346821317,0.03685392082340914,none
New_Zealand,-3.885993833266122,0.02052741778989206,-1140.3342828837444,-1140.3342828837444,1.0817886574175666e-16,0.005766917302549278,481,20.0,10.0,0.2,36.55045995978321,84.70212402886409,36.55045995978321,70.67168346821317,0.03685392082340914,none
New_Zealand,-3.885969804444028,0.02052791104548833,-1139.686037688286,-1139.686037688286,2.0685772061825326e-16,0.005766917302549278,481,20.0,10.0,0.2,36.55045995978321,84.70212402886409,36.55045995978321,70.67168346821317,0.03685392082340914,none
New_Zealand,-3.8859457756219338,0.020528404312937107,-1138.5046000841842,-1138.5046000841842,6.741609098255077e-16,0.005766917302549278,481,20.0,10.0,0.2,36.55045995978321,84.70212402886409,36.55045995978321,70.67168346821317,0.03685392082340914,none
New_Zealand,-3.88592174679984,0.020528897592238648,-1138.2841824543798,-1138.2841824543798,8.404071281902773e-16,0.005766917302549278,481,20.0,10.0,0.2,36.55045995978321,84.70212402886409,36.55045995978321,70.67168346821317,0.03685392082340914,none
New_Zealand,-3.885897717977746,0.020529390883393252,-1139.7053159667828,-1139.7053159667828,2.0290805358585588e-16,0.005766917302549278,481,20.0,10.0,0.2,36.55045995978321,84.70212402886409,36.55045995978321,70.67168346821317,0.03685392082340914,none
New_Zealand,-3.8858736891556522,0.02052988418640121,-1138.4828779849386,-1138.4828779849386,6.889653092164228e-16,0.005766917302549278,481,20.0,10.0,0.2,36.55045995978321,84.70212402886409,36.55045995978321,70.67168346821317,0.03685392082340914,none
New_Zealand,-3.885849660333558,0.0205303775012628,-1139.173691453936,-1139.173691453936,3.452875165548691e-16,0.005766917302549278,481,20.0,10.0,0.2,36.55045995978321,84.70212402886409,36.55045995978321,70.67168346821317,0.03685392082340914,none
New_Zealand,-3.885825631511464,0.020530870827978307,-1139.2969948010614,-1139.2969948010614,3.052325985489196e-16,0.005766917302549278,481,20.0,10.0,0.2,36.55045995978321,84.70212402886409,36.55045995978321,70.67168346821317,0.03685392082340914,none
New_Zealand,-3.8858016026893702,0.02053136416654801,-1137.7705874809253,-1137.7705874809253,1.404562891753523e-15,0.005766917302549278,481,20.0,10.0,0.2,36.55045995978321,84.70212402886409,36.55045995978321,70.67168346821317,0.03685392082340914,none
New_Zealand,-3.8857775738672764,0.020531857516972205,-1139.1081938053435,-1139.1081938053435,3.6866010683950864e-16,0.005766917302549278,481,20.0,10.0,0.2,36.55045995978321,84.70212402886409,36.55045995978321,70.67168346821317,0.03685392082340914,none
New_Zealand,-3.885753545045182,0.02053235087925118,-1136.5703362421284,-1136.5703362421284,4.664484778301566e-15,0.005766917302549278,481,20.0,10.0,0.2,36.55045995978321,84.70212402886409,36.55045995978321,70.67168346821317,0.03685392082340914,none
New_Zealand,-3.8857295162230883,0.0205328442533852,-1137.5527426415792,-1137.5527426415792,1.7464252503349023e-15,0.005766917302549278,481,20.0,10.0,0.2,36.55045995978321,84.70212402886409,36.55045995978321,70.67168346821317,0.03685392082340914,none
New_Zealand,-3.8857054874009944,0.020533337639374566,-1137.5572636071738,-1137.5572636071738,1.7385475427050234e-15,0.005766917302549278,481,20.0,10.0,0.2,36.55045995978321,84.70212402886409,36.55045995978321,70.67168346821317,0.03685392082340914,none
New_Zealand,-3.8856814585789006,0.020533831037219556,-1137.529591143658,-1137.529591143658,1.787329278648211e-15,0.005766917302549278,481,20.0,10.0,0.2,36.55045995978321,84.70212402886409,36.55045995978321,70.67168346821317,0.03685392082340914,none
New_Zealand,-3.8856574297568063,0.020534324446920466,-1138.0475092410647,-1138.0475092410647,1.0648185245621466e-15,0.005766917302549278,481,20.0,10.0,0.2,36.55045995978321,84.70212402886409,36.55045995978321,70.67168346821317,0.03685392082340914,none
New_Zealand,-3.8856334009347124,0.020534817868477565,-1137.6509885329845,-1137.6509885329845,1.5830052434603162e-15,0.005766917302549278,481,20.0,10.0,0.2,36.55045995978321,84.70212402886409,36.55045995978321,70.67168346821317,0.03685392082340914,none
New_Zealand,-3.8856093721126186,0.020535311301891145,-1134.9017229296667,-1134.9017229296667,2.4744189569085005e-14,0.005766917302549278,481,20.0,10.0,0.2,36.55045995978321,84.70212402886409,36.55045995978321,70.67168346821317,0.03685392082340914,none
New_Zealand,-3.8855853432905247,0.020535804747161487,-1133.6427045284415,-1133.6427045284415,8.714811111627342e-14,0.005766917302549278,481,20.0,10.0,0.2,36.55045995978321,84.70212402886409,36.55045995978321,70.67168346821317,0.03685392082340914,none
New_Zealand,-3.8855613144684304,0.020536298204288893,-1133.513449653931,-1133.513449653931,9.917281875940637e-14,0.005766917302549278,481,20.0,10.0,0.2,36.55045995978321,84.70212402886409,36.55045995978321,70.67168346821317,0.03685392082340914,none
New_Zealand,-3.8855372856463366,0.020536791673273627,-1135.7700980151326,-1135.7700980151326,1.0383475113904147e-14,0.005766917302549278,481,20.0,10.0,0.2,36.55045995978321,84.70212402886409,36.55045995978321,70.67168346821317,0.03685392082340914,none
New_Zealand,-3.8855132568242428,0.02053728515411598,-1133.733641892124,-1133.733641892124,7.957275290869604e-14,0.005766917302549278,481,20.0,10.0,0.2,36.55045995978321,84.70212402886409,36.55045995978321,70.67168346821317,0.03685392082340914,none
New_Zealand,-3.885489228002149,0.02053777864681624,-1136.047367961658,-1136.047367961658,7.869115478607259e-15,0.005766917302549278,481,20.0,10.0,0.2,36.55045995978321,84.70212402886409,36.55045995978321,70.67168346821317,0.03685392082340914,none
New_Zealand,-3.8854651991800546,0.020538272151374697,-1135.4441857204345,-1135.4441857204345,1.4384164382306868e-14,0.005766917302549278,481,20.0,10.0,0.2,36.55045995978321,84.70212402886409,36.55045995978321,70.67168346821317,0.03685392082340914,none
New_Zealand,-3.8854411703579608,0.020538765667791625,-1133.9892468589385,-1133.9892468589385,6.16249466902686e-14,0.005766917302549278,481,20.0,10.0,0.2,36.55045995978321,84.70212402886409,36.55045995978321,70.67168346821317,0.03685392082340914,none
New_Zealand,-3.885417141535867,0.02053925919606731,-1134.7798179551835,-1134.7798179551835,2.7952193363077122e-14,0.005766917302549278,481,20.0,10.0,0.2,36.55045995978321,84.70212402886409,36.55045995978321,70.67168346821317,0.03685392082340914,none
New_Zealand,-3.885393112713773,0.02053975273620204,-1134.7899468145836,-1134.7899468145836,2.7670498558454194e-14,0.005766917302549278,481,20.0,10.0,0.2,36.55045995978321,84.70212402886409,36.55045995978321,70.67168346821317,0.03685392082340914,none
New_Zealand,-3.885369083891679,0.020540246288196114,-1135.0496801395002,-1135.0496801395002,2.1341072166896714e-14,0.005766917302549278,481,20.0,10.0,0.2,36.55045995978321,84.70212402886409,36.55045995978321,70.67168346821317,0.03685392082340914,none
New_Zealand,-3.885345055069585,0.02054073985204979,-1135.5374044921123,-1135.5374044921123,1.3103890018738191e-14,0.005766917302549278,481,20.0,10.0,0.2,36.55045995978321,84.70212402886409,36.55045995978321,70.67168346821317,0.03685392082340914,none
New_Zealand,-3.885321026247491,0.020541233427763372,-1134.2689018918063,-1134.2689018918063,4.6591202438158746e-14,0.005766917302549278,481,20.0,10.0,0.2,36.55045995978321,84.70212402886409,36.55045995978321,70.67168346821317,0.03685392082340914,none
New_Zealand,-3.8852969974253972,0.020541727015337134,-1133.3660116207816,-1133.3660116207816,1.1492755869115239e-13,0.005766917302549278,481,20.0,10.0,0.2,36.55045995978321,84.70212402886409,36.55045995978321,70.67168346821317,0.03685392082340914,none
New_Zealand,-3.885272968603303,0.02054222061477138,-1136.5750541324053,-1136.5750541324053,4.642530081567675e-15,0.005766917302549278,481,20.0,10.0,0.2,36.55045995978321,84.70212402886409,36.55045995978321,70.67168346821317,0.03685392082340914,none
New_Zealand,-3.885248939781209,0.02054271422606637,-1133.4583544362572,-1133.4583544362572,1.0479008828459417e-13,0.005766917302549278,481,20.0,10.0,0.2,36.55045995978321,84.70212402886409,36.55045995978321,70.67168346821317,0.03685392082340914,none
New_Zealand,-3.8852249109591153,0.020543207849222398,-1132.9941968811204,-1132.9941968811204,1.666868237788061e-13,0.005766917302549278,481,20.0,10.0,0.2,36.55045995978321,84.70212402886409,36.55045995978321,70.67168346821317,0.03685392082340914,none
New_Zealand,-3.8852008821370214,0.020543701484239757,-1132.7550872494296,-1132.7550872494296,2.1171189759145978e-13,0.005766917302549278,481,20.0,10.0,0.2,36.55045995978321,84.70212402886409,36.55045995978321,70.67168346821317,0.03685392082340914,none
New_Zealand,-3.885176853314927,0.02054419513111873,-1132.5739618905698,-1132.5739618905698,2.53750559597667e-13,0.005766917302549278,481,20.0,10.0,0.2,36.55045995978321,84.70212402886409,36.55045995978321,70.67168346821317,0.03685392082340914,none
New_Zealand,-3.8851528244928333,0.020544688789859593,-1133.1505389264494,-1133.1505389264494,1.4256167310288215e-13,0.005766917302549278,481,20.0,10.0,0.2,36.55045995978321,84.70212402886409,36.55045995978321,70.67168346821317,0.03685392082340914,none
New_Zealand,-3.8851287956707394,0.020545182460462635,-1132.7767084681427,-1132.7767084681427,2.0718355885707272e-13,0.005766917302549278,481,20.0,10.0,0.2,36.55045995978321,84.70212402886409,36.55045995978321,70.67168346821317,0.03685392082340914,none
New_Zealand,-3.8851047668486456,0.020545676142928144,-1133.756039181336,-1133.756039181336,7.78103491552176e-14,0.005766917302549278,481,20.0,10.0,0.2,36.55045995978321,84.70212402886409,36.55045995978321,70.67168346821317,0.03685392082340914,none
New_Zealand,-3.8850807380265513,0.020546169837256413,-1131.249425791405,-1131.249425791405,9.54213875836211e-13,0.005766917302549278,481,20.0,10.0,0.2,36.55045995978321,84.70212402886409,36.55045995978321,70.67168346821317,0.03685392082340914,none
New_Zealand,-3.8850567092044574,0.020546663543447707,-1133.6751390728589,-1133.6751390728589,8.436685012154829e-14,0.005766917302549278,481,20.0,10.0,0.2,36.55045995978321,84.70212402886409,36.55045995978321,70.67168346821317,0.03685392082340914,none
New_Zealand,-3.8850326803823636,0.020547157261502323,-1131.2271307352385,-1131.2271307352385,9.757270554452407e-13,0.005766917302549278,481,20.0,10.0,0.2,36.55045995978321,84.70212402886409,36.55045995978321,70.67168346821317,0.03685392082340914,none
New_Zealand,-3.8850086515602698,0.020547650991420544,-1133.059159917743,-1133.059159917743,1.5620257280477474e-13,0.005766917302549278,481,20.0,10.0,0.2,36.55045995978321,84.70212402886409,36.55045995978321,70.67168346821317,0.03685392082340914,none
New_Zealand,-3.8849846227381755,0.020548144733202666,-1131.4889558236744,-1131.4889558236744,7.509640661073842e-13,0.005766917302549278,481,20.0,10.0,0.2,36.55045995978321,84.70212402886409,36.55045995978321,70.67168346821317,0.03685392082340914,none
New_Zealand,-3.8849605939160816,0.020548638486848955,-1131.8025859315144,-1131.8025859315144,5.487964977387534e-13,0.005766917302549278,481,20.0,10.0,0.2,36.55045995978321,84.70212402886409,36.55045995978321,70.67168346821317,0.03685392082340914,none
New_Zealand,-3.8849365650939878,0.020549132252359704,-1132.437933928718,-1132.437933928718,2.907255507317288e-13,0.005766917302549278,481,20.0,10.0,0.2,36.55045995978321,84.70212402886409,36.55045995978321,70.67168346821317,0.03685392082340914,none
New_Zealand,-3.884912536271894,0.0205496260297352,-1131.7633038950335,-1131.7633038950335,5.707833589100287e-13,0.005766917302549278,481,20.0,10.0,0.2,36.55045995978321,84.70212402886409,36.55045995978321,70.67168346821317,0.03685392082340914,none
New_Zealand,-3.8848885074497996,0.020550119818975737,-1132.4666266927634,-1132.4666266927634,2.825023681747835e-13,0.005766917302549278,481,20.0,10.0,0.2,36.55045995978321,84.70212402886409,36.55045995978321,70.67168346821317,0.03685392082340914,none
New_Zealand,-3.884864478627706,0.02055061362008158,-1130.3835623720238,-1130.3835623720238,2.268221343475264e-12,0.005766917302549278,481,20.0,10.0,0.2,36.55045995978321,84.70212402886409,36.55045995978321,70.67168346821317,0.03685392082340914,none
New_Zealand,-3.884840449805612,0.020551107433053023,-1130.3682523447908,-1130.3682523447908,2.303215067918977e-12,0.005766917302549278,481,20.0,10.0,0.2,36.55045995978321,84.70212402886409,36.55045995978321,70.67168346821317,0.03685392082340914,none
New_Zealand,-3.884816420983518,0.020551601257890354,-1129.907105733782,-1129.907105733782,3.652648838125125e-12,0.005766917302549278,481,20.0,10.0,0.2,36.55045995978321,84.70212402886409,36.55045995978321,70.67168346821317,0.03685392082340914,none
New_Zealand,-3.8847923921614242,0.020552095094593856,-1130.345762292469,-1130.345762292469,2.3556013725963316e-12,0.005766917302549278,481,20.0,10.0,0.2,36.55045995978321,84.70212402886409,36.55045995978321,70.67168346821317,0.03685392082340914,none
New_Zealand,-3.88476836333933,0.020552588943163825,-1128.357041521201,-1128.357041521201,1.7210451180310778e-11,0.005766917302549278,481,20.0,10.0,0.2,36.55045995978321,84.70212402886409,36.55045995978321,70.67168346821317,0.03685392082340914,none
New_Zealand,-3.884744334517236,0.020553082803600527,-1130.6974728085547,-1130.6974728085547,1.6571272629061478e-12,0.005766917302549278,481,20.0,10.0,0.2,36.55045995978321,84.70212402886409,36.55045995978321,70.67168346821317,0.03685392082340914,none
New_Zealand,-3.8847203056951423,0.020553576675904257,-1130.1666914472094,-1130.1666914472094,2.817547709444289e-12,0.005766917302549278,481,20.0,10.0,0.2,36.55045995978321,84.70212402886409,36.55045995978321,70.67168346821317,0.03685392082340914,none
New_Zealand,-3.8846962768730484,0.0205540705600753,-1130.2315846734252,-1130.2315846734252,2.6405142076765285e-12,0.005766917302549278,481,20.0,10.0,0.2,36.55045995978321,84.70212402886409,36.55045995978321,70.67168346821317,0.03685392082340914,none
New_Zealand,-3.884672248050954,0.020554564456113946,-1129.247479359609,-1129.247479359609,7.064477008052631e-12,0.005766917302549278,481,20.0,10.0,0.2,36.55045995978321,84.70212402886409,36.55045995978321,70.67168346821317,0.03685392082340914,none
New_Zealand,-3.8846482192288603,0.020555058364020468,-1128.1789707901703,-1128.1789707901703,2.0564937387886232e-11,0.005766917302549278,481,20.0,10.0,0.2,36.55045995978321,84.70212402886409,36.55045995978321,70.67168346821317,0.03685392082340914,none
New_Zealand,-3.8846241904067664,0.020555552283795155,-1128.6552158294546,-1128.6552158294546,1.277311431550142e-11,0.005766917302549278,481,20.0,10.0,0.2,36.55045995978321,84.70212402886409,36.55045995978321,70.67168346821317,0.03685392082340914,none
New_Zealand,-3.8846001615846726,0.020556046215438297,-1128.0510924693351,-1128.0510924693351,2.3370297487184077e-11,0.005766917302549278,481,20.0,10.0,0.2,36.55045995978321,84.70212402886409,36.55045995978321,70.67168346821317,0.03685392082340914,none
New_Zealand,-3.8845761327625783,0.020556540158950188,-1128.2210432715472,-1128.2210432715472,1.9717667785104637e-11,0.005766917302549278,481,20.0,10.0,0.2,36.55045995978321,84.70212402886409,36.55045995978321,70.67168346821317,0.03685392082340914,none
New_Zealand,-3.8845521039404844,0.02055703411433109,-1126.7614186986877,-1126.7614186986877,8.48716103881255e-11,0.005766917302549278,481,20.0,10.0,0.2,36.55045995978321,84.70212402886409,36.55045995978321,70.67168346821317,0.03685392082340914,none
New_Zealand,-3.8845280751183906,0.020557528081581303,-1128.100856588758,-1128.100856588758,2.2235758994262407e-11,0.005766917302549278,481,20.0,10.0,0.2,36.55045995978321,84.70212402886409,36.55045995978321,70.67168346821317,0.03685392082340914,none
New_Zealand,-3.8845040462962968,0.02055802206070111,-1128.2180480062273,-1128.2180480062273,1.9776815969642315e-11,0.005766917302549278,481,20.0,10.0,0.2,36.55045995978321,84.70212402886409,36.55045995978321,70.67168346821317,0.03685392082340914,none
New_Zealand,-3.8844800174742025,0.020558516051690803,-1126.8439897449668,-1126.8439897449668,7.814519747197598e-11,0.005766917302549278,481,20.0,10.0,0.2,36.55045995978321,84.70212402886409,36.55045995978321,70.67168346821317,0.03685392082340914,none
New_Zealand,-3.8844559886521086,0.02055901005455065,-1125.8597833784047,-1125.8597833784047,2.0909213012864111e-10,0.005766917302549278,481,20.0,10.0,0.2,36.55045995978321,84.70212402886409,36.55045995978321,70.67168346821317,0.03685392082340914,none
New_Zealand,-3.8844319598300148,0.020559504069280952,-1126.5929669588718,-1126.5929669588718,1.0044309903271126e-10,0.005766917302549278,481,20.0,10.0,0.2,36.55045995978321,84.70212402886409,36.55045995978321,70.67168346821317,0.03685392082340914,none
New_Zealand,-3.884407931007921,0.020559998095881986,-1126.7105882582155,-1126.7105882582155,8.929719612709611e-11,0.005766917302549278,481,20.0,10.0,0.2,36.55045995978321,84.70212402886409,36.55045995978321,70.67168346821317,0.03685392082340914,none
New_Zealand,-3.8843839021858266,0.02056049213435405,-1125.8058137098951,-1125.8058137098951,2.2068682992060266e-10,0.005766917302549278,481,20.0,10.0,0.2,36.55045995978321,84.70212402886409,36.55045995978321,70.67168346821317,0.03685392082340914,none
New_Zealand,-3.884359873363733,0.020560986184697407,-1127.924031936715,-1127.924031936715,2.6536639761282266e-11,0.005766917302549278,481,20.0,10.0,0.2,36.55045995978321,84.70212402886409,36.55045995978321,70.67168346821317,0.03685392082340914,none
New_Zealand,-3.884335844541639,0.020561480246912355,-1126.2664901265377,-1126.2664901265377,1.3922178271988393e-10,0.005766917302549278,481,20.0,10.0,0.2,36.55045995978321,84.70212402886409,36.55045995978321,70.67168346821317,0.03685392082340914,none
New_Zealand,-3.884311815719545,0.02056197432099918,-1125.9574743232738,-1125.9574743232738,1.89631748174047e-10,0.005766917302549278,481,20.0,10.0,0.2,36.55045995978321,84.70212402886409,36.55045995978321,70.67168346821317,0.03685392082340914,none
New_Zealand,-3.884287786897451,0.020562468406958172,-1124.7653114357267,-1124.7653114357267,6.246846182174692e-10,0.005766917302549278,481,20.0,10.0,0.2,36.55045995978321,84.70212402886409,36.55045995978321,70.67168346821317,0.03685392082340914,none
New_Zealand,-3.884263758075357,0.020562962504789607,-1125.2491401110424,-1125.2491401110424,3.8506734312903135e-10,0.005766917302549278,481,20.0,10.0,0.2,36.55045995978321,84.70212402886409,36.55045995978321,70.67168346821317,0.03685392082340914,none
New_Zealand,-3.884239729253263,0.02056345661449377,-1124.3368879996835,-1124.3368879996835,9.587883458649053e-10,0.005766917302549278,481,20.0,10.0,0.2,36.55045995978321,84.70212402886409,36.55045995978321,70.67168346821317,0.03685392082340914,none
New_Zealand,-3.8842157004311693,0.020563950736070948,-1124.6985002833378,-1124.6985002833378,6.678463044564207e-10,0.005766917302549278,481,20.0,10.0,0.2,36.55045995978321,84.70212402886409,36.55045995978321,70.67168346821317,0.03685392082340914,none
New_Zealand,-3.884191671609075,0.02056444486952144,-1124.8131037743426,-1124.8131037743426,5.955316719822405e-10,0.005766917302549278,481,20.0,10.0,0.2,36.55045995978321,84.70212402886409,36.55045995978321,70.67168346821317,0.03685392082340914,none
New_Zealand,-3.884167642786981,0.02056493901484551,-1122.9905790292744,-1122.9905790292744,3.6848287006924536e-09,0.005766917302549278,481,20.0,10.0,0.2,36.55045995978321,84.70212402886409,36.55045995978321,70.67168346821317,0.03685392082340914,none
New_Zealand,-3.8841436139648873,0.020565433172043453,-1124.4456758903284,-1124.4456758903284,8.599570592736387e-10,0.005766917302549278,481,20.0,10.0,0.2,36.55045995978321,84.70212402886409,36.55045995978321,70.67168346821317,0.03685392082340914,none
New_Zealand,-3.8841195851427934,0.020565927341115554,-1124.685877901383,-1124.685877901383,6.763295423004701e-10,0.005766917302549278,481,20.0,10.0,0.2,36.55045995978321,84.70212402886409,36.55045995978321,70.67168346821317,0.03685392082340914,none
New_Zealand,-3.884095556320699,0.020566421522062107,-1124.9475061250448,-1124.9475061250448,5.206365628380682e-10,0.005766917302549278,481,20.0,10.0,0.2,36.55045995978321,84.70212402886409,36.55045995978321,70.67168346821317,0.03685392082340914,none
New_Zealand,-3.8840715274986053,0.02056691571488338,-1125.1317561123963,-1125.1317561123963,4.33027932368446e-10,0.005766917302549278,481,20.0,10.0,0.2,36.55045995978321,84.70212402886409,36.55045995978321,70.67168346821317,0.03685392082340914,none
New_Zealand,-3.8840474986765114,0.020567409919579664,-1124.2121272274599,-1124.2121272274599,1.0861896531161859e-09,0.005766917302549278,481,20.0,10.0,0.2,36.55045995978321,84.70212402886409,36.55045995978321,70.67168346821317,0.03685392082340914,none
New_Zealand,-3.8840234698544176,0.02056790413615125,-1124.1045077394967,-1124.1045077394967,1.2096067765975754e-09,0.005766917302549278,481,20.0,10.0,0.2,36.55045995978321,84.70212402886409,36.55045995978321,70.67168346821317,0.03685392082340914,none
New_Zealand,-3.8839994410323233,0.020568398364598433,-1123.2582194961776,-1123.2582194961776,2.8195676908817384e-09,0.005766917302549278,481,20.0,10.0,0.2,36.55045995978321,84.70212402886409,36.55045995978321,70.67168346821317,0.03685392082340914,none
New_Zealand,-3.8839754122102295,0.020568892604921472,-1122.9092180008424,-1122.9092180008424,3.997163831188178e-09,0.005766917302549278,481,20.0,10.0,0.2,36.55045995978321,84.70212402886409,36.55045995978321,70.67168346821317,0.03685392082340914,none
New_Zealand,-3.8839513833881356,0.020569386857120668,-1122.2340803148122,-1122.2340803148122,7.851642561882422e-09,0.005766917302549278,481,20.0,10.0,0.2,36.55045995978321,84.70212402886409,36.55045995978321,70.67168346821317,0.03685392082340914,none
New_Zealand,-3.8839273545660418,0.020569881121196305,-1123.9398565624588,-1123.9398565624588,1.4261043639449814e-09,0.005766917302549278,481,20.0,10.0,0.2,36.55045995978321,84.70212402886409,36.55045995978321,70.67168346821317,0.03685392082340914,none
New_Zealand,-3.8839033257439475,0.020570375397148677,-1121.3115669997,-1121.3115669997,1.9751630967491016e-08,0.005766917302549278,481,20.0,10.0,0.2,36.55045995978321,84.70212402886409,36.55045995978321,70.67168346821317,0.03685392082340914,none
New_Zealand,-3.8838792969218536,0.020570869684978052,-1122.756941070779,-1122.756941070779,4.654628018740447e-09,0.005766917302549278,481,20.0,10.0,0.2,36.55045995978321,84.70212402886409,36.55045995978321,70.67168346821317,0.03685392082340914,none
New_Zealand,-3.88385526809976,0.020571363984684725,-1123.491760855616,-1123.491760855616,2.232321806474102e-09,0.005766917302549278,481,20.0,10.0,0.2,36.55045995978321,84.70212402886409,36.55045995978321,70.67168346821317,0.03685392082340914,none
New_Zealand,-3.883831239277666,0.02057185829626898,-1121.7396263599949,-1121.7396263599949,1.2873574323654254e-08,0.005766917302549278,481,20.0,10.0,0.2,36.55045995978321,84.70212402886409,36.55045995978321,70.67168346821317,0.03685392082340914,none
New_Zealand,-3.8838072104555716,0.020572352619731112,-1121.9481575203567,-1121.9481575203567,1.0450455311219815e-08,0.005766917302549278,481,20.0,10.0,0.2,36.55045995978321,84.70212402886409,36.55045995978321,70.67168346821317,0.03685392082340914,none
New_Zealand,-3.883783181633478,0.02057284695507139,-1121.2972285648145,-1121.2972285648145,2.003687855699099e-08,0.005766917302549278,481,20.0,10.0,0.2,36.55045995978321,84.70212402886409,36.55045995978321,70.67168346821317,0.03685392082340914,none
New_Zealand,-3.883759152811384,0.0205733413022901,-1122.4616718133389,-1122.4616718133389,6.2534371396610466e-09,0.005766917302549278,481,20.0,10.0,0.2,36.55045995978321,84.70212402886409,36.55045995978321,70.67168346821317,0.03685392082340914,none
New_Zealand,-3.88373512398929,0.02057383566138754,-1121.195734566785,-1121.195734566785,2.2177283550264192e-08,0.005766917302549278,481,20.0,10.0,0.2,36.55045995978321,84.70212402886409,36.55045995978321,70.67168346821317,0.03685392082340914,none
New_Zealand,-3.883711095167196,0.020574330032363995,-1120.0187585675271,-1120.0187585675271,7.195525739218685e-08,0.005766917302549278,481,20.0,10.0,0.2,36.55045995978321,84.70212402886409,36.55045995978321,70.67168346821317,0.03685392082340914,none
New_Zealand,-3.883687066345102,0.02057482441521974,-1121.8153994106754,-1121.8153994106754,1.1934145458383549e-08,0.005766917302549278,481,20.0,10.0,0.2,36.55045995978321,84.70212402886409,36.55045995978321,70.67168346821317,0.03685392082340914,none
New_Zealand,-3.883663037523008,0.020575318809955064,-1120.0023049045255,-1120.0023049045255,7.314897856089498e-08,0.005766917302549278,481,20.0,10.0,0.2,36.55045995978321,84.70212402886409,36.55045995978321,70.67168346821317,0.03685392082340914,none
New_Zealand,-3.8836390087009143,0.020575813216570253,-1122.1609818538793,-1122.1609818538793,8.447083335517575e-09,0.005766917302549278,481,20.0,10.0,0.2,36.55045995978321,84.70212402886409,36.55045995978321,70.67168346821317,0.03685392082340914,none
New_Zealand,-3.88361497987882,0.020576307635065603,-1121.2713580612744,-1121.2713580612744,2.056200606322248e-08,0.005766917302549278,481,20.0,10.0,0.2,36.55045995978321,84.70212402886409,36.55045995978321,70.67168346821317,0.03685392082340914,none
New_Zealand,-3.883590951056726,0.02057680206544138,-1120.319277313869,-1120.319277313869,5.3278120749985286e-08,0.005766917302549278,481,20.0,10.0,0.2,36.55045995978321,84.70212402886409,36.55045995978321,70.67168346821317,0.03685392082340914,none
New_Zealand,-3.8835669222346323,0.02057729650769788,-1120.8041459461458,-1120.8041459461458,3.280749915802647e-08,0.005766917302549278,481,20.0,10.0,0.2,36.55045995978321,84.70212402886409,36.55045995978321,70.67168346821317,0.03685392082340914,none
New_Zealand,-3.8835428934125384,0.020577790961835384,-1120.0096249985384,-1120.0096249985384,7.261547618690875e-08,0.005766917302549278,481,20.0,10.0,0.2,36.55045995978321,84.70212402886409,36.55045995978321,70.67168346821317,0.03685392082340914,none
New_Zealand,-3.883518864590444,0.020578285427854195,-1119.564726236744,-1119.564726236744,1.1330426735401163e-07,0.005766917302549278,481,20.0,10.0,0.2,36.55045995978321,84.70212402886409,36.55045995978321,70.67168346821317,0.03685392082340914,none
New_Zealand,-3.8834948357683503,0.020578779905754574,-1120.8061742013138,-1120.8061742013138,3.2741024614768555e-08,0.005766917302549278,481,20.0,10.0,0.2,36.55045995978321,84.70212402886409,36.55045995978321,70.67168346821317,0.03685392082340914,none
New_Zealand,-3.8834708069462565,0.020579274395536817,-1119.0732951495304,-1119.0732951495304,1.8521326015159309e-07,0.005766917302549278,481,20.0,10.0,0.2,36.55045995978321,84.70212402886409,36.55045995978321,70.67168346821317,0.03685392082340914,none
New_Zealand,-3.8834467781241626,0.02057976889720121,-1120.1979437868554,-1120.1979437868554,6.01510730250595e-08,0.005766917302549278,481,20.0,10.0,0.2,36.55045995978321,84.70212402886409,36.55045995978321,70.67168346821317,0.03685392082340914,none
New_Zealand,-3.8834227493020688,0.02058026341074804,-1120.8047213914813,-1120.8047213914813,3.2788625666519644e-08,0.005766917302549278,481,20.0,10.0,0.2,36.55045995978321,84.70212402886409,36.55045995978321,70.67168346821317,0.03685392082340914,none
New_Zealand,-3.8833987204799745,0.0205807579361776,-1119.6028110356824,-1119.6028110356824,1.0907023500760126e-07,0.005766917302549278,481,20.0,10.0,0.2,36.55045995978321,84.70212402886409,36.55045995978321,70.67168346821317,0.03685392082340914,none
New_Zealand,-3.8833746916578806,0.020581252473490155,-1120.1193987065758,-1120.1193987065758,6.506614459877308e-08,0.005766917302549278,481,20.0,10.0,0.2,36.55045995978321,84.70212402886409,36.55045995978321,70.67168346821317,0.03685392082340914,none
New_Zealand,-3.883350662835787,0.020581747022686003,-1118.321735200235,-1118.321735200235,3.9270860275756185e-07,0.005766917302549278,481,20.0,10.0,0.2,36.55045995978321,84.70212402886409,36.55045995978321,70.67168346821317,0.03685392082340914,none
New_Zealand,-3.883326634013693,0.020582241583765426,-1119.3887356090584,-1119.3887356090584,1.3510705432873984e-07,0.005766917302549278,481,20.0,10.0,0.2,36.55045995978321,84.70212402886409,36.55045995978321,70.67168346821317,0.03685392082340914,none
New_Zealand,-3.8833026051915986,0.020582736156728725,-1118.9871115314124,-1118.9871115314124,2.0188364909181555e-07,0.005766917302549278,481,20.0,10.0,0.2,36.55045995978321,84.70212402886409,36.55045995978321,70.67168346821317,0.03685392082340914,none
New_Zealand,-3.883278576369505,0.02058323074157616,-1117.075937460509,-1117.075937460509,1.364939805021039e-06,0.005766917302549278,481,20.0,10.0,0.2,36.55045995978321,84.70212402886409,36.55045995978321,70.67168346821317,0.03685392082340914,none
New_Zealand,-3.883254547547411,0.02058372533830803,-1119.0605658540599,-1119.0605658540599,1.8758596385001797e-07,0.005766917302549278,481,20.0,10.0,0.2,36.55045995978321,84.70212402886409,36.55045995978321,70.67168346821317,0.03685392082340914,none
New_Zealand,-3.883230518725317,0.02058421994692462,-1117.3766873816492,-1117.3766873816492,1.0104142624873545e-06,0.005766917302549278,481,20.0,10.0,0.2,36.55045995978321,84.70212402886409,36.55045995978321,70.67168346821317,0.03685392082340914,none
New_Zealand,-3.883206489903223,0.020584714567426225,-1116.8343526925735,-1116.8343526925735,1.7379306028217515e-06,0.005766917302549278,481,20.0,10.0,0.2,36.55045995978321,84.70212402886409,36.55045995978321,70.67168346821317,0.03685392082340914,none
New_Zealand,-3.883182461081129,0.02058520919981311,-1116.3863408636003,-1116.3863408636003,2.7202041310924008e-06,0.005766917302549278,481,20.0,10.0,0.2,36.55045995978321,84.70212402886409,36.55045995978321,70.67168346821317,0.03685392082340914,none
New_Zealand,-3.883158432259035,0.020585703844085576,-1118.0910083365227,-1118.0910083365227,4.946224438052693e-07,0.005766917302549278,481,20.0,10.0,0.2,36.55045995978321,84.70212402886409,36.55045995978321,70.67168346821317,0.03685392082340914,none
New_Zealand,-3.8831344034369413,0.0205861985002439,-1117.9334157996989,-1117.9334157996989,5.790490960693714e-07,0.005766917302549278,481,20.0,10.0,0.2,36.55045995978321,84.70212402886409,36.55045995978321,70.67168346821317,0.03685392082340914,none
New_Zealand,-3.883110374614847,0.02058669316828838,-1117.363826821069,-1117.363826821069,1.0234926739151768e-06,0.005766917302549278,481,20.0,10.0,0.2,36.55045995978321,84.70212402886409,36.55045995978321,70.67168346821317,0.03685392082340914,none
New_Zealand,-3.883086345792753,0.020587187848219286,-1117.0481746869025,-1117.0481746869025,1.4033652502104349e-06,0.005766917302549278,481,20.0,10.0,0.2,36.55045995978321,84.70212402886409,36.55045995978321,70.67168346821317,0.03685392082340914,none
New_Zealand,-3.8830623169706593,0.02058768254003691,-1117.0398435974778,-1117.0398435974778,1.4151056488554933e-06,0.005766917302549278,481,20.0,10.0,0.2,36.55045995978321,84.70212402886409,36.55045995978321,70.67168346821317,0.03685392082340914,none
New_Zealand,-3.8830382881485654,0.02058817724374154,-1117.7706337276163,-1117.7706337276163,6.814135159939211e-07,0.005766917302549278,481,20.0,10.0,0.2,36.55045995978321,84.70212402886409,36.55045995978321,70.67168346821317,0.03685392082340914,none
New_Zealand,-3.883014259326471,0.02058867195933347,-1115.8758537232634,-1115.8758537232634,4.532139238134832e-06,0.005766917302549278,481,20.0,10.0,0.2,36.55045995978321,84.70212402886409,36.55045995978321,70.67168346821317,0.03685392082340914,none
New_Zealand,-3.8829902305043773,0.020589166686812963,-1116.8713747412846,-1116.8713747412846,1.6747653200082366e-06,0.005766917302549278,481,20.0,10.0,0.2,36.55045995978321,84.70212402886409,36.55045995978321,70.67168346821317,0.03685392082340914,none
New_Zealand,-3.8829662016822835,0.02058966142618032,-1116.4664185785416,-1116.4664185785416,2.5108697592412287e-06,0.005766917302549278,481,20.0,10.0,0.2,36.55045995978321,84.70212402886409,36.55045995978321,70.67168346821317,0.03685392082340914,none
New_Zealand,-3.8829421728601896,0.02059015617743582,-1117.7214354989198,-1117.7214354989198,7.157762150900654e-07,0.005766917302549278,481,20.0,10.0,0.2,36.55045995978321,84.70212402886409,36.55045995978321,70.67168346821317,0.03685392082340914,none
New_Zealand,-3.8829181440380953,0.02059065094057977,-1116.341841033402,-1116.341841033402,2.843986473811438e-06,0.005766917302549278,481,20.0,10.0,0.2,36.55045995978321,84.70212402886409,36.55045995978321,70.67168346821317,0.03685392082340914,none
New_Zealand,-3.8828941152160015,0.02059114571561242,-1116.6244462955306,-1116.6244462955306,2.1438461746951414e-06,0.005766917302549278,481,20.0,10.0,0.2,36.55045995978321,84.70212402886409,36.55045995978321,70.67168346821317,0.03685392082340914,none
New_Zealand,-3.8828700863939076,0.02059164050253408,-1116.2045108366356,-1116.2045108366356,3.2626408778030942e-06,0.005766917302549278,481,20.0,10.0,0.2,36.55045995978321,84.70212402886409,36.55045995978321,70.67168346821317,0.03685392082340914,none
New_Zealand,-3.882846057571814,0.02059213530134503,-1115.8247316934396,-1115.8247316934396,4.769855904998712e-06,0.005766917302549278,481,20.0,10.0,0.2,36.55045995978321,84.70212402886409,36.55045995978321,70.67168346821317,0.03685392082340914,none
New_Zealand,-3.8828220287497195,0.02059263011204556,-1116.1719451111283,-1116.1719451111283,3.3706401376804535e-06,0.005766917302549278,481,20.0,10.0,0.2,36.55045995978321,84.70212402886409,36.55045995978321,70.67168346821317,0.03685392082340914,none
New_Zealand,-3.8827979999276256,0.020593124934635946,-1116.123377851225,-1116.123377851225,3.5383833359120754e-06,0.005766917302549278,481,20.0,10.0,0.2,36.55045995978321,84.70212402886409,36.55045995978321,70.67168346821317,0.03685392082340914,none
New_Zealand,-3.882773971105532,0.02059361976911648,-1115.9893601972858,-1115.9893601972858,4.0458335237010485e-06,0.005766917302549278,481,20.0,10.0,0.2,36.55045995978321,84.70212402886409,36.55045995978321,70.67168346821317,0.03685392082340914,none
New_Zealand,-3.882749942283438,0.020594114615487442,-1115.2596388580419,-1115.2596388580419,8.39309153577729e-06,0.005766917302549278,481,20.0,10.0,0.2,36.55045995978321,84.70212402886409,36.55045995978321,70.67168346821317,0.03685392082340914,none
New_Zealand,-3.8827259134613437,0.020594609473749137,-1115.2897437885197,-1115.2897437885197,8.144183575647874e-06,0.005766917302549278,481,20.0,10.0,0.2,36.55045995978321,84.70212402886409,36.55045995978321,70.67168346821317,0.03685392082340914,none
New_Zealand,-3.88270188463925,0.020595104343901823,-1113.932598114719,-1113.932598114719,3.164087111401396e-05,0.005766917302549278,481,20.0,10.0,0.2,36.55045995978321,84.70212402886409,36.55045995978321,70.67168346821317,0.03685392082340914,none
New_Zealand,-3.882677855817156,0.0205955992259458,-1114.322472626102,-1114.322472626102,2.142535777268132e-05,0.005766917302549278,481,20.0,10.0,0.2,36.55045995978321,84.70212402886409,36.55045995978321,70.67168346821317,0.03685392082340914,none
New_Zealand,-3.882653826995062,0.02059609411988135,-1113.6766762403931,-1113.6766762403931,4.08689885339074e-05,0.005766917302549278,481,20.0,10.0,0.2,36.55045995978321,84.70212402886409,36.55045995978321,70.67168346821317,0.03685392082340914,none
New_Zealand,-3.882629798172968,0.02059658902570877,-1115.4104136174726,-1115.4104136174726,7.218406136488261e-06,0.005766917302549278,481,20.0,10.0,0.2,36.55045995978321,84.70212402886409,36.55045995978321,70.67168346821317,0.03685392082340914,none
New_Zealand,-3.882605769350874,0.02059708394342833,-1113.8138707671062,-1113.8138707671062,3.562960958869306e-05,0.005766917302549278,481,20.0,10.0,0.2,36.55045995978321,84.70212402886409,36.55045995978321,70.67168346821317,0.03685392082340914,none
New_Zealand,-3.88258174052878,0.020597578873040326,-1113.6968622357192,-1113.6968622357192,4.005227811096535e-05,0.005766917302549278,481,20.0,10.0,0.2,36.55045995978321,84.70212402886409,36.55045995978321,70.67168346821317,0.03685392082340914,none
New_Zealand,-3.8825577117066863,0.020598073814545037,-1114.0085295023653,-1114.0085295023653,2.932728428309789e-05,0.005766917302549278,481,20.0,10.0,0.2,36.55045995978321,84.70212402886409,36.55045995978321,70.67168346821317,0.03685392082340914,none
New_Zealand,-3.882533682884592,0.02059856876794276,-1114.3778278613818,-1114.3778278613818,2.027158046166561e-05,0.005766917302549278,481,20.0,10.0,0.2,36.55045995978321,84.70212402886409,36.55045995978321,70.67168346821317,0.03685392082340914,none
New_Zealand,-3.882509654062498,0.020599063733233766,-1113.8668636839243,-1113.8668636839243,3.3790648930929907e-05,0.005766917302549278,481,20.0,10.0,0.2,36.55045995978321,84.70212402886409,36.55045995978321,70.67168346821317,0.03685392082340914,none
New_Zealand,-3.8824856252404043,0.020599558710418346,-1113.933934173114,-1113.933934173114,3.159862529026324e-05,0.005766917302549278,481,20.0,10.0,0.2,36.55045995978321,84.70212402886409,36.55045995978321,70.67168346821317,0.03685392082340914,none
New_Zealand,-3.8824615964183105,0.02060005369949679,-1113.645748674992,-1113.645748674992,4.21527158055802e-05,0.005766917302549278,481,20.0,10.0,0.2,36.55045995978321,84.70212402886409,36.55045995978321,70.67168346821317,0.03685392082340914,none
New_Zealand,-3.882437567596216,0.02060054870046939,-1112.953778404473,-1112.953778404473,8.420627006575032e-05,0.005766917302549278,481,20.0,10.0,0.2,36.55045995978321,84.70212402886409,36.55045995978321,70.67168346821317,0.03685392082340914,none
New_Zealand,-3.8824135387741223,0.020601043713336414,-1112.83799068137,-1112.83799068137,9.454322221945476e-05,0.005766917302549278,481,20.0,10.0,0.2,36.55045995978321,84.70212402886409,36.55045995978321,70.67168346821317,0.03685392082340914,none
New_Zealand,-3.8823895099520285,0.020601538738098155,-1112.8502318220046,-1112.8502318220046,9.339295996466557e-05,0.005766917302549278,481,20.0,10.0,0.2,36.55045995978321,84.70212402886409,36.55045995978321,70.67168346821317,0.03685392082340914,none
New_Zealand,-3.8823654811299346,0.0206020337747549,-1113.05520983028,-1113.05520983028,7.608399740684686e-05,0.005766917302549278,481,20.0,10.0,0.2,36.55045995978321,84.70212402886409,36.55045995978321,70.67168346821317,0.03685392082340914,none
New_Zealand,-3.8823414523078403,0.02060252882330695,-1113.8089370844084,-1113.8089370844084,3.5805829125239975e-05,0.005766917302549278,481,20.0,10.0,0.2,36.55045995978321,84.70212402886409,36.55045995978321,70.67168346821317,0.03685392082340914,none
New_Zealand,-3.8823174234857465,0.020603023883754564,-1114.3137606925538,-1114.3137606925538,2.1612829500736138e-05,0.005766917302549278,481,20.0,10.0,0.2,36.55045995978321,84.70212402886409,36.55045995978321,70.67168346821317,0.03685392082340914,none
New_Zealand,-3.8822933946636526,0.020603518956098042,-1112.8137960555462,-1112.8137960555462,9.685855648357656e-05,0.005766917302549278,481,20.0,10.0,0.2,36.55045995978321,84.70212402886409,36.55045995978321,70.67168346821317,0.03685392082340914,none
New_Zealand,-3.882269365841559,0.020604014040337664,-1112.9710459535365,-1112.9710459535365,8.276471603702143e-05,0.005766917302549278,481,20.0,10.0,0.2,36.55045995978321,84.70212402886409,36.55045995978321,70.67168346821317,0.03685392082340914,none
New_Zealand,-3.8822453370194645,0.020604509136473735,-1112.993316954744,-1112.993316954744,8.09418369619369e-05,0.005766917302549278,481,20.0,10.0,0.2,36.55045995978321,84.70212402886409,36.55045995978321,70.67168346821317,0.03685392082340914,none
New_Zealand,-3.8822213081973707,0.020605004244506512,-1112.935432710389,-1112.935432710389,8.576535001086184e-05,0.005766917302549278,481,20.0,10.0,0.2,36.55045995978321,84.70212402886409,36.55045995978321,70.67168346821317,0.03685392082340914,none
New_Zealand,-3.882197279375277,0.020605499364436296,-1112.4346352776877,-1112.4346352776877,0.00014151596132430671,0.005766917302549278,481,20.0,10.0,0.2,36.55045995978321,84.70212402886409,36.55045995978321,70.67168346821317,0.03685392082340914,none
New_Zealand,-3.882173250553183,0.020605994496263373,-1112.3322119309191,-1112.3322119309191,0.00015677879430501198,0.005766917302549278,481,20.0,10.0,0.2,36.55045995978321,84.70212402886409,36.55045995978321,70.67168346821317,0.03685392082340914,none
New_Zealand,-3.8821492217310887,0.020606489639988037,-1111.6146724209457,-1111.6146724209457,0.0003213000328434247,0.005766917302549278,481,20.0,10.0,0.2,36.55045995978321,84.70212402886409,36.55045995978321,70.67168346821317,0.03685392082340914,none
New_Zealand,-3.882125192908995,0.020606984795610555,-1112.7026886928202,-1112.7026886928202,0.00010824087811195008,0.005766917302549278,481,20.0,10.0,0.2,36.55045995978321,84.70212402886409,36.55045995978321,70.67168346821317,0.03685392082340914,none
New_Zealand,-3.882101164086901,0.020607479963131222,-1112.4248132769928,-1112.4248132769928,0.00014291277974105927,0.005766917302549278,481,20.0,10.0,0.2,36.55045995978321,84.70212402886409,36.55045995978321,70.67168346821317,0.03685392082340914,none
New_Zealand,-3.882077135264807,0.020607975142550323,-1110.7487307789816,-1110.7487307789816,0.0007638084289728284,0.005766917302549278,481,20.0,10.0,0.2,36.55045995978321,84.70212402886409,36.55045995978321,70.67168346821317,0.03685392082340914,none
New_Zealand,-3.882053106442713,0.020608470333868156,-1111.4813673385922,-1111.4813673385922,0.0003671169457979196,0.005766917302549278,481,20.0,10.0,0.2,36.55045995978321,84.70212402886409,36.55045995978321,70.67168346821317,0.03685392082340914,none
New_Zealand,-3.882029077620619,0.020608965537084984,-1110.1215569533667,-1110.1215569533667,0.0014300873937845482,0.005766917302549278,481,20.0,10.0,0.2,36.55045995978321,84.70212402886409,36.55045995978321,70.67168346821317,0.03685392082340914,none
New_Zealand,-3.882005048798525,0.020609460752201107,-1112.074410326732,-1112.074410326732,0.00020288462395305875,0.005766917302549278,481,20.0,10.0,0.2,36.55045995978321,84.70212402886409,36.55045995978321,70.67168346821317,0.03685392082340914,none
New_Zealand,-3.8819810199764313,0.02060995597921681,-1111.7909590267511,-1111.7909590267511,0.00026937077129791394,0.005766917302549278,481,20.0,10.0,0.2,36.55045995978321,84.70212402886409,36.55045995978321,70.67168346821317,0.03685392082340914,none
New_Zealand,-3.8819569911543375,0.020610451218132375,-1111.591903253593,-1111.591903253593,0.00032869968938676583,0.005766917302549278,481,20.0,10.0,0.2,36.55045995978321,84.70212402886409,36.55045995978321,70.67168346821317,0.03685392082340914,none
New_Zealand,-3.881932962332243,0.020610946468948104,-1111.12310832379,-1111.12310832379,0.0005252842084261378,0.005766917302549278,481,20.0,10.0,0.2,36.55045995978321,84.70212402886409,36.55045995978321,70.67168346821317,0.03685392082340914,none
New_Zealand,-3.8819089335101493,0.020611441731664258,-1110.769490712974,-1110.769490712974,0.000748115274439514,0.005766917302549278,481,20.0,10.0,0.2,36.55045995978321,84.70212402886409,36.55045995978321,70.67168346821317,0.03685392082340914,none
New_Zealand,-3.8818849046880555,0.020611937006281136,-1111.4025520729815,-1111.4025520729815,0.0003972221580766078,0.005766917302549278,481,20.0,10.0,0.2,36.55045995978321,84.70212402886409,36.55045995978321,70.67168346821317,0.03685392082340914,none
New_Zealand,-3.8818608758659616,0.02061243229279902,-1110.3751129584418,-1110.3751129584418,0.001109799703632707,0.005766917302549278,481,20.0,10.0,0.2,36.55045995978321,84.70212402886409,36.55045995978321,70.67168346821317,0.03685392082340914,none
New_Zealand,-3.8818368470438673,0.02061292759121821,-1110.7281066357507,-1110.7281066357507,0.0007797248909332366,0.005766917302549278,481,20.0,10.0,0.2,36.55045995978321,84.70212402886409,36.55045995978321,70.67168346821317,0.03685392082340914,none
New_Zealand,-3.8818128182217735,0.02061342290153897,-1111.0619431455923,-1111.0619431455923,0.0005584162453472885,0.005766917302549278,481,20.0,10.0,0.2,36.55045995978321,84.70212402886409,36.55045995978321,70.67168346821317,0.03685392082340914,none
New_Zealand,-3.8817887893996796,0.020613918223761598,-1111.2411992785455,-1111.2411992785455,0.0004667755451426322,0.005766917302549278,481,20.0,10.0,0.2,36.55045995978321,84.70212402886409,36.55045995978321,70.67168346821317,0.03685392082340914,none
New_Zealand,-3.881764760577586,0.020614413557886378,-1111.0252871705407,-1111.0252871705407,0.0005792653245133059,0.005766917302549278,481,20.0,10.0,0.2,36.55045995978321,84.70212402886409,36.55045995978321,70.67168346821317,0.03685392082340914,none
New_Zealand,-3.8817407317554915,0.020614908903913605,-1110.1055500726272,-1110.1055500726272,0.0014531628222625476,0.005766917302549278,481,20.0,10.0,0.2,36.55045995978321,84.70212402886409,36.55045995978321,70.67168346821317,0.03685392082340914,none
New_Zealand,-3.8817167029333977,0.020615404261843547,-1110.000383898895,-1110.000383898895,0.0016143115991574663,0.005766917302549278,481,20.0,10.0,0.2,36.55045995978321,84.70212402886409,36.55045995978321,70.67168346821317,0.03685392082340914,none
New_Zealand,-3.881692674111304,0.0206158996316765,-1110.9366166662269,-1110.9366166662269,0.0006329751241691751,0.005766917302549278,481,20.0,10.0,0.2,36.55045995978321,84.70212402886409,36.55045995978321,70.67168346821317,0.03685392082340914,none
New_Zealand,-3.88166864528921,0.02061639501341275,-1110.397018974712,-1110.397018974712,0.0010857527612406037,0.005766917302549278,481,20.0,10.0,0.2,36.55045995978321,84.70212402886409,36.55045995978321,70.67168346821317,0.03685392082340914,none
New_Zealand,-3.8816446164671157,0.020616890407052592,-1110.0022847500068,-1110.0022847500068,0.0016112459477560695,0.005766917302549278,481,20.0,10.0,0.2,36.55045995978321,84.70212402886409,36.55045995978321,70.67168346821317,0.03685392082340914,none
New_Zealand,-3.881620587645022,0.020617385812596294,-1110.4331919701801,-1110.4331919701801,0.0010471796892420372,0.005766917302549278,481,20.0,10.0,0.2,36.55045995978321,84.70212402886409,36.55045995978321,70.67168346821317,0.03685392082340914,none
New_Zealand,-3.881596558822928,0.02061788123004415,-1109.9659099561925,-1109.9659099561925,0.001670933670136067,0.005766917302549278,481,20.0,10.0,0.2,36.55045995978321,84.70212402886409,36.55045995978321,70.67168346821317,0.03685392082340914,none
New_Zealand,-3.881572530000834,0.020618376659396448,-1109.7288958669747,-1109.7288958669747,0.002117839877102785,0.005766917302549278,481,20.0,10.0,0.2,36.55045995978321,84.70212402886409,36.55045995978321,70.67168346821317,0.03685392082340914,none
New_Zealand,-3.88154850117874,0.02061887210065348,-1109.0417768708005,-1109.0417768708005,0.004210223101435484,0.005766917302549278,481,20.0,10.0,0.2,36.55045995978321,84.70212402886409,36.55045995978321,70.67168346821317,0.03685392082340914,none
New_Zealand,-3.881524472356646,0.020619367553815517,-1110.1652813651936,-1110.1652813651936,0.001368904993062141,0.005766917302549278,481,20.0,10.0,0.2,36.55045995978321,84.70212402886409,36.55045995978321,70.67168346821317,0.03685392082340914,none
New_Zealand,-3.881500443534552,0.020619863018882852,-1110.4993098946586,-1110.4993098946586,0.0009801816333352938,0.005766917302549278,481,20.0,10.0,0.2,36.55045995978321,84.70212402886409,36.55045995978321,70.67168346821317,0.03685392082340914,none
New_Zealand,-3.8814764147124583,0.02062035849585577,-1109.563032590513,-1109.563032590513,0.00249992297098303,0.005766917302549278,481,20.0,10.0,0.2,36.55045995978321,84.70212402886409,36.55045995978321,70.67168346821317,0.03685392082340914,none
New_Zealand,-3.881452385890364,0.020620853984734573,-1109.0458067254046,-1109.0458067254046,0.004193290655049072,0.005766917302549278,481,20.0,10.0,0.2,36.55045995978321,84.70212402886409,36.55045995978321,70.67168346821317,0.03685392082340914,none
New_Zealand,-3.88142835706827,0.02062134948551952,-1108.542361594774,-1108.542361594774,0.0069374267158223354,0.005766917302549278,481,20.0,10.0,0.2,36.55045995978321,84.70212402886409,36.55045995978321,70.67168346821317,0.03685392082340914,none
New_Zealand,-3.8814043282461763,0.020621844998210914,-1108.4737489492936,-1108.4737489492936,0.0074301315291231025,0.005766917302549278,481,20.0,10.0,0.2,36.55045995978321,84.70212402886409,36.55045995978321,70.67168346821317,0.03685392082340914,none
New_Zealand,-3.8813802994240825,0.020622340522809035,-1109.4493115858972,-1109.4493115858972,0.0028010124032211673,0.005766917302549278,481,20.0,10.0,0.2,36.55045995978321,84.70212402886409,36.55045995978321,70.67168346821317,0.03685392082340914,none
New_Zealand,-3.881356270601988,0.02062283605931418,-1109.392935349089,-1109.392935349089,0.0029634589823947103,0.005766917302549278,481,20.0,10.0,0.2,36.55045995978321,84.70212402886409,36.55045995978321,70.67168346821317,0.03685392082340914,none
New_Zealand,-3.8813322417798943,0.020623331607726617,-1108.6979117105939,-1108.6979117105939,0.00593805001818376,0.005766917302549278,481,20.0,10.0,0.2,36.55045995978321,84.70212402886409,36.55045995978321,70.67168346821317,0.03685392082340914,none
New_Zealand,-3.8813082129578005,0.020623827168046643,-1108.4066410608712,-1108.4066410608712,0.007945863266743961,0.005766917302549278,481,20.0,10.0,0.2,36.55045995978321,84.70212402886409,36.55045995978321,70.67168346821317,0.03685392082340914,none
New_Zealand,-3.8812841841357066,0.020624322740274544,-1109.2960571826636,-1109.2960571826636,0.003264920220418178,0.005766917302549278,481,20.0,10.0,0.2,36.55045995978321,84.70212402886409,36.55045995978321,70.67168346821317,0.03685392082340914,none
New_Zealand,-3.8812601553136123,0.020624818324410613,-1108.3428067109,-1108.3428067109,0.008469621321048086,0.005766917302549278,481,20.0,10.0,0.2,36.55045995978321,84.70212402886409,36.55045995978321,70.67168346821317,0.03685392082340914,none
New_Zealand,-3.8812361264915185,0.02062531392045512,-1108.2790561475958,-1108.2790561475958,0.009027146928203703,0.005766917302549278,481,20.0,10.0,0.2,36.55045995978321,84.70212402886409,36.55045995978321,70.67168346821317,0.03685392082340914,none
New_Zealand,-3.8812120976694247,0.020625809528408357,-1109.0740086780702,-1109.0740086780702,0.004076683671312989,0.005766917302549278,481,20.0,10.0,0.2,36.55045995978321,84.70212402886409,36.55045995978321,70.67168346821317,0.03685392082340914,none
New_Zealand,-3.881188068847331,0.020626305148270616,-1108.7575354698315,-1108.7575354698315,0.005594349332122092,0.005766917302549278,481,20.0,10.0,0.2,36.55045995978321,84.70212402886409,36.55045995978321,70.67168346821317,0.03685392082340914,none
New_Zealand,-3.8811640400252365,0.020626800780042184,-1108.695728938114,-1108.695728938114,0.005951025586552986,0.005766917302549278,481,20.0,10.0,0.2,36.55045995978321,84.70212402886409,36.55045995978321,70.67168346821317,0.03685392082340914,none
New_Zealand,-3.8811400112031427,0.020627296423723337,-1108.7322393210195,-1108.7322393210195,0.005737669912264902,0.005766917302549278,481,20.0,10.0,0.2,36.55045995978321,84.70212402886409,36.55045995978321,70.67168346821317,0.03685392082340914,none
New_Zealand,-3.881115982381049,0.020627792079314367,-1108.2970964919489,-1108.2970964919489,0.008865754255919605,0.005766917302549278,481,20.0,10.0,0.2,36.55045995978321,84.70212402886409,36.55045995978321,70.67168346821317,0.03685392082340914,none
New_Zealand,-3.881091953558955,0.020628287746815556,-1108.3567094691673,-1108.3567094691673,0.008352684975592013,0.005766917302549278,481,20.0,10.0,0.2,36.55045995978321,84.70212402886409,36.55045995978321,70.67168346821317,0.03685392082340914,none
New_Zealand,-3.8810679247368607,0.020628783426227208,-1108.2177515118321,-1108.2177515118321,0.009597868076757344,0.005766917302549278,481,20.0,10.0,0.2,36.55045995978321,84.70212402886409,36.55045995978321,70.67168346821317,0.03685392082340914,none
New_Zealand,-3.881043895914767,0.020629279117549585,-1107.9706601802716,-1107.9706601802716,0.012288112480306564,0.005766917302549278,481,20.0,10.0,0.2,36.55045995978321,84.70212402886409,36.55045995978321,70.67168346821317,0.03685392082340914,none
New_Zealand,-3.881019867092673,0.020629774820782983,-1108.2582319297317,-1108.2582319297317,0.009217101162315559,0.005766917302549278,481,20.0,10.0,0.2,36.55045995978321,84.70212402886409,36.55045995978321,70.67168346821317,0.03685392082340914,none
New_Zealand,-3.880995838270579,0.02063027053592769,-1108.4177997906224,-1108.4177997906224,0.007857690389482513,0.005766917302549278,481,20.0,10.0,0.2,36.55045995978321,84.70212402886409,36.55045995978321,70.67168346821317,0.03685392082340914,none
New_Zealand,-3.880971809448485,0.020630766262983997,-1108.2190147839217,-1108.2190147839217,0.009585751013082436,0.005766917302549278,481,20.0,10.0,0.2,36.55045995978321,84.70212402886409,36.55045995978321,70.67168346821317,0.03685392082340914,none
New_Zealand,-3.880947780626391,0.02063126200195218,-1108.039615096351,-1108.039615096351,0.011469340296842066,0.005766917302549278,481,20.0,10.0,0.2,36.55045995978321,84.70212402886409,36.55045995978321,70.67168346821317,0.03685392082340914,none
New_Zealand,-3.880923751804297,0.020631757752832526,-1108.421666653981,-1108.421666653981,0.007827364445361352,0.005766917302549278,481,20.0,10.0,0.2,36.55045995978321,84.70212402886409,36.55045995978321,70.67168346821317,0.03685392082340914,none
New_Zealand,-3.8808997229822033,0.020632253515625327,-1107.970385136102,-1107.970385136102,0.012291492718834379,0.005766917302549278,481,20.0,10.0,0.2,36.55045995978321,84.70212402886409,36.55045995978321,70.67168346821317,0.03685392082340914,none
New_Zealand,-3.880875694160109,0.020632749290330876,-1108.1196393445618,-1108.1196393445618,0.010587278784606089,0.005766917302549278,481,20.0,10.0,0.2,36.55045995978321,84.70212402886409,36.55045995978321,70.67168346821317,0.03685392082340914,none
New_Zealand,-3.880851665338015,0.02063324507694944,-1107.5206223167836,-1107.5206223167836,0.019272326243216974,0.005766917302549278,481,20.0,10.0,0.2,36.55045995978321,84.70212402886409,36.55045995978321,70.67168346821317,0.03685392082340914,none
New_Zealand,-3.8808276365159213,0.020633740875481317,-1107.736779898749,-1107.736779898749,0.015525946801388687,0.005766917302549278,481,20.0,10.0,0.2,36.55045995978321,84.70212402886409,36.55045995978321,70.67168346821317,0.03685392082340914,none
New_Zealand,-3.8808036076938275,0.02063423668592679,-1108.5789355696904,-1108.5789355696904,0.006688281335519913,0.005766917302549278,481,20.0,10.0,0.2,36.55045995978321,84.70212402886409,36.55045995978321,70.67168346821317,0.03685392082340914,none
New_Zealand,-3.880779578871733,0.02063473250828616,-1107.5560954354917,-1107.5560954354917,0.018600660201882765,0.005766917302549278,481,20.0,10.0,0.2,36.55045995978321,84.70212402886409,36.55045995978321,70.67168346821317,0.03685392082340914,none
New_Zealand,-3.8807555500496393,0.020635228342559687,-1107.9244365355312,-1107.9244365355312,0.012869445999177727,0.005766917302549278,481,20.0,10.0,0.2,36.55045995978321,84.70212402886409,36.55045995978321,70.67168346821317,0.03685392082340914,none
New_Zealand,-3.8807315212275455,0.02063572418874767,-1108.1917473519381,-1108.1917473519381,0.009850726003112875,0.005766917302549278,481,20.0,10.0,0.2,36.55045995978321,84.70212402886409,36.55045995978321,70.67168346821317,0.03685392082340914,none
New_Zealand,-3.8807074924054517,0.020636220046850402,-1107.970167525579,-1107.970167525579,0.012294167768043759,0.005766917302549278,481,20.0,10.0,0.2,36.55045995978321,84.70212402886409,36.55045995978321,70.67168346821317,0.03685392082340914,none
New_Zealand,-3.8806834635833574,0.020636715916868168,-1107.5144244858618,-1107.5144244858618,0.019392143783623736,0.005766917302549278,481,20.0,10.0,0.2,36.55045995978321,84.70212402886409,36.55045995978321,70.67168346821317,0.03685392082340914,none
New_Zealand,-3.8806594347612635,0.02063721179880124,-1107.7761848149632,-1107.7761848149632,0.014926045324858094,0.005766917302549278,481,20.0,10.0,0.2,36.55045995978321,84.70212402886409,36.55045995978321,70.67168346821317,0.03685392082340914,none
New_Zealand,-3.8806354059391697,0.020637707692649915,-1108.0102586275766,-1108.0102586275766,0.011811030497216194,0.005766917302549278,481,20.0,10.0,0.2,36.55045995978321,84.70212402886409,36.55045995978321,70.67168346821317,0.03685392082340914,none
New_Zealand,-3.880611377117076,0.02063820359841448,-1107.5512311802167,-1107.5512311802167,0.018691358973541003,0.005766917302549278,481,20.0,10.0,0.2,36.55045995978321,84.70212402886409,36.55045995978321,70.67168346821317,0.03685392082340914,none
New_Zealand,-3.8805873482949815,0.020638699516095226,-1107.2887635446095,-1107.2887635446095,0.024301278586635094,0.005766917302549278,481,20.0,10.0,0.2,36.55045995978321,84.70212402886409,36.55045995978321,70.67168346821317,0.03685392082340914,none
New_Zealand,-3.8805633194728877,0.020639195445692426,-1108.1183291298337,-1108.1183291298337,0.010601159484563916,0.005766917302549278,481,20.0,10.0,0.2,36.55045995978321,84.70212402886409,36.55045995978321,70.67168346821317,0.03685392082340914,none
New_Zealand,-3.880539290650794,0.020639691387206373,-1106.8723304977807,-1106.8723304977807,0.03685392082340914,0.005766917302549278,481,20.0,10.0,0.2,36.55045995978321,84.70212402886409,36.55045995978321,70.67168346821317,0.03685392082340914,none
New_Zealand,-3.8805152618287,0.02064018734063735,-1107.9682329723348,-1107.9682329723348,0.012317974510464283,0.005766917302549278,481,20.0,10.0,0.2,36.55045995978321,84.70212402886409,36.55045995978321,70.67168346821317,0.03685392082340914,none
New_Zealand,-3.880491233006606,0.02064068330598565,-1107.9383758605798,-1107.9383758605798,0.012691299116409448,0.005766917302549278,481,20.0,10.0,0.2,36.55045995978321,84.70212402886409,36.55045995978321,70.67168346821317,0.03685392082340914,none
New_Zealand,-3.880467204184512,0.020641179283251564,-1107.5012070029015,-1107.5012070029015,0.01965016052325402,0.005766917302549278,481,20.0,10.0,0.2,36.55045995978321,84.70212402886409,36.55045995978321,70.67168346821317,0.03685392082340914,none
New_Zealand,-3.880443175362418,0.020641675272435364,-1107.5452178427397,-1107.5452178427397,0.01880409504325669,0.005766917302549278,481,20.0,10.0,0.2,36.55045995978321,84.70212402886409,36.55045995978321,70.67168346821317,0.03685392082340914,none
New_Zealand,-3.880419146540324,0.020642171273537343,-1107.1437492210193,-1107.1437492210193,0.02809364205319129,0.005766917302549278,481,20.0,10.0,0.2,36.55045995978321,84.70212402886409,36.55045995978321,70.67168346821317,0.03685392082340914,none
New_Zealand,-3.8803951177182303,0.020642667286557784,-1107.3469308808224,-1107.3469308808224,0.02292806324462765,0.005766917302549278,481,20.0,10.0,0.2,36.55045995978321,84.70212402886409,36.55045995978321,70.67168346821317,0.03685392082340914,none
New_Zealand,-3.880371088896136,0.020643163311496987,-1107.6152471654914,-1107.6152471654914,0.017532307904208146,0.005766917302549278,481,20.0,10.0,0.2,36.55045995978321,84.70212402886409,36.55045995978321,70.67168346821317,0.03685392082340914,none
New_Zealand,-3.880347060074042,0.02064365934835522,-1107.7475677074012,-1107.7475677074012,0.015359356048340865,0.005766917302549278,481,20.0,10.0,0.2,36.55045995978321,84.70212402886409,36.55045995978321,70.67168346821317,0.03685392082340914,none
New_Zealand,-3.8803230312519483,0.02064415539713278,-1107.6813209602576,-1107.6813209602576,0.016411323436930268,0.005766917302549278,481,20.0,10.0,0.2,36.55045995978321,84.70212402886409,36.55045995978321,70.67168346821317,0.03685392082340914,none
New_Zealand,-3.8802990024298545,0.020644651457829948,-1107.620107118592,-1107.620107118592,0.01744730842409395,0.005766917302549278,481,20.0,10.0,0.2,36.55045995978321,84.70212402886409,36.55045995978321,70.67168346821317,0.03685392082340914,none
New_Zealand,-3.88027497360776,0.020645147530447022,-1107.7108306070027,-1107.7108306070027,0.015934106954863324,0.005766917302549278,481,20.0,10.0,0.2,36.55045995978321,84.70212402886409,36.55045995978321,70.67168346821317,0.03685392082340914,none
New_Zealand,-3.8802509447856663,0.020645643614984274,-1107.9987938522493,-1107.9987938522493,0.011947220510459447,0.005766917302549278,481,20.0,10.0,0.2,36.55045995978321,84.70212402886409,36.55045995978321,70.67168346821317,0.03685392082340914,none
New_Zealand,-3.8802269159635725,0.020646139711441993,-1107.4971838655458,-1107.4971838655458,0.019729375056730558,0.005766917302549278,481,20.0,10.0,0.2,36.55045995978321,84.70212402886409,36.55045995978321,70.67168346821317,0.03685392082340914,none
New_Zealand,-3.8802028871414787,0.020646635819820472,-1107.8610823662627,-1107.8610823662627,0.013711160607049855,0.005766917302549278,481,20.0,10.0,0.2,36.55045995978321,84.70212402886409,36.55045995978321,70.67168346821317,0.03685392082340914,none
New_Zealand,-3.8801788583193844,0.02064713194012,-1107.8016718664487,-1107.8016718664487,0.014550431417381481,0.005766917302549278,481,20.0,10.0,0.2,36.55045995978321,84.70212402886409,36.55045995978321,70.67168346821317,0.03685392082340914,none
New_Zealand,-3.8801548294972905,0.02064762807234085,-1107.5926318137108,-1107.5926318137108,0.01793332469117884,0.005766917302549278,481,20.0,10.0,0.2,36.55045995978321,84.70212402886409,36.55045995978321,70.67168346821317,0.03685392082340914,none
New_Zealand,-3.8801308006751967,0.020648124216483314,-1107.5901541377953,-1107.5901541377953,0.017977812748587077,0.005766917302549278,481,20.0,10.0,0.2,36.55045995978321,84.70212402886409,36.55045995978321,70.67168346821317,0.03685392082340914,none
New_Zealand,-3.880106771853103,0.020648620372547683,-1108.223567538195,-1108.223567538195,0.009542208638271078,0.005766917302549278,481,20.0,10.0,0.2,36.55045995978321,84.70212402886409,36.55045995978321,70.67168346821317,0.03685392082340914,none
New_Zealand,-3.8800827430310085,0.02064911654053425,-1107.831746334147,-1107.831746334147,0.014119349705577136,0.005766917302549278,481,20.0,10.0,0.2,36.55045995978321,84.70212402886409,36.55045995978321,70.67168346821317,0.03685392082340914,none
New_Zealand,-3.8800587142089147,0.020649612720443283,-1107.343130051887,-1107.343130051887,0.023015374713705586,0.005766917302549278,481,20.0,10.0,0.2,36.55045995978321,84.70212402886409,36.55045995978321,70.67168346821317,0.03685392082340914,none
New_Zealand,-3.880034685386821,0.02065010891227508,-1107.9882188518125,-1107.9882188518125,0.012074232766253488,0.005766917302549278,481,20.0,10.0,0.2,36.55045995978321,84.70212402886409,36.55045995978321,70.67168346821317,0.03685392082340914,none
New_Zealand,-3.880010656564727,0.020650605116029924,-1108.0204994775993,-1108.0204994775993,0.011690692737455887,0.005766917302549278,481,20.0,10.0,0.2,36.55045995978321,84.70212402886409,36.55045995978321,70.67168346821317,0.03685392082340914,none
New_Zealand,-3.8799866277426327,0.02065110133170811,-1107.7816818826034,-1107.7816818826034,0.01484422094722249,0.005766917302549278,481,20.0,10.0,0.2,36.55045995978321,84.70212402886409,36.55045995978321,70.67168346821317,0.03685392082340914,none
New_Zealand,-3.879962598920539,0.02065159755930991,-1107.9351980319489,-1107.9351980319489,0.012731694040183173,0.005766917302549278,481,20.0,10.0,0.2,36.55045995978321,84.70212402886409,36.55045995978321,70.67168346821317,0.03685392082340914,none
New_Zealand,-3.879938570098445,0.02065209379883562,-1108.8041872281963,-1108.8041872281963,0.005339357258278232,0.005766917302549278,481,20.0,10.0,0.2,36.55045995978321,84.70212402886409,36.55045995978321,70.67168346821317,0.03685392082340914,none
New_Zealand,-3.879914541276351,0.02065259005028552,-1107.6089714359684,-1107.6089714359684,0.017642681902954704,0.005766917302549278,481,20.0,10.0,0.2,36.55045995978321,84.70212402886409,36.55045995978321,70.67168346821317,0.03685392082340914,none
New_Zealand,-3.879890512454257,0.020653086313659915,-1108.4779858155216,-1108.4779858155216,0.007398717650970221,0.005766917302549278,481,20.0,10.0,0.2,36.55045995978321,84.70212402886409,36.55045995978321,70.67168346821317,0.03685392082340914,none
New_Zealand,-3.879866483632163,0.020653582588959066,-1108.4629621836307,-1108.4629621836307,0.007510712439142714,0.005766917302549278,481,20.0,10.0,0.2,36.55045995978321,84.70212402886409,36.55045995978321,70.67168346821317,0.03685392082340914,none
New_Zealand,-3.879842454810069,0.02065407887618327,-1108.5121115882396,-1108.5121115882396,0.0071504902591332745,0.005766917302549278,481,20.0,10.0,0.2,36.55045995978321,84.70212402886409,36.55045995978321,70.67168346821317,0.03685392082340914,none
New_Zealand,-3.8798184259879753,0.02065457517533282,-1108.4900819992445,-1108.4900819992445,0.007309760508583502,0.005766917302549278,481,20.0,10.0,0.2,36.55045995978321,84.70212402886409,36.55045995978321,70.67168346821317,0.03685392082340914,none
New_Zealand,-3.879794397165881,0.020655071486408,-1108.3111066573463,-1108.3111066573463,0.008742409629280572,0.005766917302549278,481,20.0,10.0,0.2,36.55045995978321,84.70212402886409,36.55045995978321,70.67168346821317,0.03685392082340914,none
New_Zealand,-3.879770368343787,0.020655567809409088,-1108.2190087470326,-1108.2190087470326,0.00958580888137282,0.005766917302549278,481,20.0,10.0,0.2,36.55045995978321,84.70212402886409,36.55045995978321,70.67168346821317,0.03685392082340914,none
New_Zealand,-3.8797463395216933,0.020656064144336374,-1108.1965639792845,-1108.1965639792845,0.009803392811547509,0.005766917302549278,481,20.0,10.0,0.2,36.55045995978321,84.70212402886409,36.55045995978321,70.67168346821317,0.03685392082340914,none
New_Zealand,-3.8797223106995995,0.02065656049119015,-1108.5244007224303,-1108.5244007224303,0.007063154663373508,0.005766917302549278,481,20.0,10.0,0.2,36.55045995978321,84.70212402886409,36.55045995978321,70.67168346821317,0.03685392082340914,none
New_Zealand,-3.879698281877505,0.02065705684997071,-1108.809500968842,-1108.809500968842,0.005311060545869868,0.005766917302549278,481,20.0,10.0,0.2,36.55045995978321,84.70212402886409,36.55045995978321,70.67168346821317,0.03685392082340914,none
New_Zealand,-3.8796742530554114,0.020657553220678315,-1108.6636951602193,-1108.6636951602193,0.006144745645700253,0.005766917302549278,481,20.0,10.0,0.2,36.55045995978321,84.70212402886409,36.55045995978321,70.67168346821317,0.03685392082340914,none
New_Zealand,-3.8796502242333175,0.02065804960331327,-1109.0935290103228,-1109.0935290103228,0.003997877118979922,0.005766917302549278,481,20.0,10.0,0.2,36.55045995978321,84.70212402886409,36.55045995978321,70.67168346821317,0.03685392082340914,none
New_Zealand,-3.8796261954112237,0.02065854599787586,-1108.8993862177463,-1108.8993862177463,0.004854500887069912,0.005766917302549278,481,20.0,10.0,0.2,36.55045995978321,84.70212402886409,36.55045995978321,70.67168346821317,0.03685392082340914,none
New_Zealand,-3.8796021665891294,0.020659042404366376,-1109.1774022094753,-1109.1774022094753,0.0036762393019237087,0.005766917302549278,481,20.0,10.0,0.2,36.55045995978321,84.70212402886409,36.55045995978321,70.67168346821317,0.03685392082340914,none
New_Zealand,-3.8795781377670355,0.02065953882278509,-1109.417474933457,-1109.417474933457,0.002891621960931685,0.005766917302549278,481,20.0,10.0,0.2,36.55045995978321,84.70212402886409,36.55045995978321,70.67168346821317,0.03685392082340914,none
New_Zealand,-3.8795541089449417,0.0206600352531323,-1108.9934101740996,-1108.9934101740996,0.004418862615680055,0.005766917302549278,481,20.0,10.0,0.2,36.55045995978321,84.70212402886409,36.55045995978321,70.67168346821317,0.03685392082340914,none
New_Zealand,-3.879530080122848,0.020660531695408286,-1108.8940664653412,-1108.8940664653412,0.004880394442425846,0.005766917302549278,481,20.0,10.0,0.2,36.55045995978321,84.70212402886409,36.55045995978321,70.67168346821317,0.03685392082340914,none
New_Zealand,-3.8795060513007535,0.02066102814961335,-1109.0530193375748,-1109.0530193375748,0.004163154885290133,0.005766917302549278,481,20.0,10.0,0.2,36.55045995978321,84.70212402886409,36.55045995978321,70.67168346821317,0.03685392082340914,none
New_Zealand,-3.8794820224786597,0.020661524615747755,-1109.2418587006675,-1109.2418587006675,0.003446757071251485,0.005766917302549278,481,20.0,10.0,0.2,36.55045995978321,84.70212402886409,36.55045995978321,70.67168346821317,0.03685392082340914,none
New_Zealand,-3.879457993656566,0.020662021093811805,-1109.5629453412075,-1109.5629453412075,0.0025001410970417856,0.005766917302549278,481,20.0,10.0,0.2,36.55045995978321,84.70212402886409,36.55045995978321,70.67168346821317,0.03685392082340914,none
New_Zealand,-3.879433964834472,0.020662517583805776,-1108.9586844590729,-1108.9586844590729,0.004575006187716582,0.005766917302549278,481,20.0,10.0,0.2,36.55045995978321,84.70212402886409,36.55045995978321,70.67168346821317,0.03685392082340914,none
New_Zealand,-3.8794099360123777,0.020663014085729972,-1109.0516822651812,-1109.0516822651812,0.004168725047783163,0.005766917302549278,481,20.0,10.0,0.2,36.55045995978321,84.70212402886409,36.55045995978321,70.67168346821317,0.03685392082340914,none
New_Zealand,-3.879385907190284,0.02066351059958466,-1110.102066254119,-1110.102066254119,0.0014582342065600326,0.005766917302549278,481,20.0,10.0,0.2,36.55045995978321,84.70212402886409,36.55045995978321,70.67168346821317,0.03685392082340914,none
New_Zealand,-3.87936187836819,0.020664007125370133,-1110.3417175669324,-1110.3417175669324,0.0011474876993488167,0.005766917302549278,481,20.0,10.0,0.2,36.55045995978321,84.70212402886409,36.55045995978321,70.67168346821317,0.03685392082340914,none
New_Zealand,-3.879337849546096,0.020664503663086677,-1109.5988558796837,-1109.5988558796837,0.0024119526089038156,0.005766917302549278,481,20.0,10.0,0.2,36.55045995978321,84.70212402886409,36.55045995978321,70.67168346821317,0.03685392082340914,none
New_Zealand,-3.879313820724002,0.020665000212734593,-1110.8155640664313,-1110.8155640664313,0.0007144290718809761,0.005766917302549278,481,20.0,10.0,0.2,36.55045995978321,84.70212402886409,36.55045995978321,70.67168346821317,0.03685392082340914,none
New_Zealand,-3.879289791901908,0.020665496774314146,-1110.3150214287132,-1110.3150214287132,0.0011785337506002714,0.005766917302549278,481,20.0,10.0,0.2,36.55045995978321,84.70212402886409,36.55045995978321,70.67168346821317,0.03685392082340914,none
New_Zealand,-3.879265763079814,0.02066599334782563,-1110.5218818222568,-1110.5218818222568,0.0009583048736209072,0.005766917302549278,481,20.0,10.0,0.2,36.55045995978321,84.70212402886409,36.55045995978321,70.67168346821317,0.03685392082340914,none
New_Zealand,-3.8792417342577203,0.020666489933269337,-1110.432818697319,-1110.432818697319,0.0010475706459630847,0.005766917302549278,481,20.0,10.0,0.2,36.55045995978321,84.70212402886409,36.55045995978321,70.67168346821317,0.03685392082340914,none
New_Zealand,-3.879217705435626,0.020666986530645557,-1110.561235812928,-1110.561235812928,0.0009213241938813344,0.005766917302549278,481,20.0,10.0,0.2,36.55045995978321,84.70212402886409,36.55045995978321,70.67168346821317,0.03685392082340914,none
New_Zealand,-3.879193676613532,0.020667483139954562,-1111.3350783401959,-1111.3350783401959,0.0004249491221168473,0.005766917302549278,481,20.0,10.0,0.2,36.55045995978321,84.70212402886409,36.55045995978321,70.67168346821317,0.03685392082340914,none
New_Zealand,-3.8791696477914384,0.020667979761196647,-1111.686200713461,-1111.686200713461,0.0002991206715724487,0.005766917302549278,481,20.0,10.0,0.2,36.55045995978321,84.70212402886409,36.55045995978321,70.67168346821317,0.03685392082340914,none
New_Zealand,-3.8791456189693445,0.0206684763943721,-1111.362182073886,-1111.362182073886,0.00041358610005065447,0.005766917302549278,481,20.0,10.0,0.2,36.55045995978321,84.70212402886409,36.55045995978321,70.67168346821317,0.03685392082340914,none
New_Zealand,-3.87912159014725,0.020668973039481214,-1110.324357467515,-1110.324357467515,0.0011675821157659957,0.005766917302549278,481,20.0,10.0,0.2,36.55045995978321,84.70212402886409,36.55045995978321,70.67168346821317,0.03685392082340914,none
New_Zealand,-3.8790975613251564,0.02066946969652426,-1112.044113635261,-1112.044113635261,0.00020912541714621015,0.005766917302549278,481,20.0,10.0,0.2,36.55045995978321,84.70212402886409,36.55045995978321,70.67168346821317,0.03685392082340914,none
New_Zealand,-3.8790735325030625,0.020669966365501533,-1111.1041838650322,-1111.1041838650322,0.0005353195853025266,0.005766917302549278,481,20.0,10.0,0.2,36.55045995978321,84.70212402886409,36.55045995978321,70.67168346821317,0.03685392082340914,none
New_Zealand,-3.8790495036809687,0.02067046304641332,-1111.3751618333633,-1111.3751618333633,0.00040825254098612196,0.005766917302549278,481,20.0,10.0,0.2,36.55045995978321,84.70212402886409,36.55045995978321,70.67168346821317,0.03685392082340914,none
New_Zealand,-3.879025474858875,0.02067095973925991,-1111.8794377798386,-1111.8794377798386,0.000246561143517743,0.005766917302549278,481,20.0,10.0,0.2,36.55045995978321,84.70212402886409,36.55045995978321,70.67168346821317,0.03685392082340914,none
New_Zealand,-3.8790014460367805,0.020671456444041593,-1112.0959960862058,-1112.0959960862058,0.00019855213353145535,0.005766917302549278,481,20.0,10.0,0.2,36.55045995978321,84.70212402886409,36.55045995978321,70.67168346821317,0.03685392082340914,none
New_Zealand,-3.8789774172146867,0.020671953160758642,-1111.7543146351973,-1111.7543146351973,0.00027942478590995155,0.005766917302549278,481,20.0,10.0,0.2,36.55045995978321,84.70212402886409,36.55045995978321,70.67168346821317,0.03685392082340914,none
New_Zealand,-3.878953388392593,0.020672449889411353,-1111.9458219450457,-1111.9458219450457,0.00023072484289721903,0.005766917302549278,481,20.0,10.0,0.2,36.55045995978321,84.70212402886409,36.55045995978321,70.67168346821317,0.03685392082340914,none
New_Zealand,-3.878929359570499,0.02067294663000001,-1112.818712477137,-1112.818712477137,9.638352766302595e-05,0.005766917302549278,481,20.0,10.0,0.2,36.55045995978321,84.70212402886409,36.55045995978321,70.67168346821317,0.03685392082340914,none
New_Zealand,-3.8789053307484047,0.020673443382524914,-1112.4885987788282,-1112.4885987788282,0.00013408165907944066,0.005766917302549278,481,20.0,10.0,0.2,36.55045995978321,84.70212402886409,36.55045995978321,70.67168346821317,0.03685392082340914,none
New_Zealand,-3.878881301926311,0.020673940146986328,-1113.7970772883568,-1113.7970772883568,3.623300707073896e-05,0.005766917302549278,481,20.0,10.0,0.2,36.55045995978321,84.70212402886409,36.55045995978321,70.67168346821317,0.03685392082340914,none
New_Zealand,-3.878857273104217,0.02067443692338455,-1112.5002535752933,-1112.5002535752933,0.000132528035800948,0.005766917302549278,481,20.0,10.0,0.2,36.55045995978321,84.70212402886409,36.55045995978321,70.67168346821317,0.03685392082340914,none
New_Zealand,-3.878833244282123,0.02067493371171987,-1112.8987662086063,-1112.8987662086063,8.896842937529304e-05,0.005766917302549278,481,20.0,10.0,0.2,36.55045995978321,84.70212402886409,36.55045995978321,70.67168346821317,0.03685392082340914,none
New_Zealand,-3.878809215460029,0.02067543051199258,-1112.577858130861,-1112.577858130861,0.00012263220327045658,0.005766917302549278,481,20.0,10.0,0.2,36.55045995978321,84.70212402886409,36.55045995978321,70.67168346821317,0.03685392082340914,none
New_Zealand,-3.878785186637935,0.020675927324202946,-1113.8853232208046,-1113.8853232208046,3.3172611096708765e-05,0.005766917302549278,481,20.0,10.0,0.2,36.55045995978321,84.70212402886409,36.55045995978321,70.67168346821317,0.03685392082340914,none
New_Zealand,-3.878761157815841,0.02067642414835127,-1112.7753540297463,-1112.7753540297463,0.0001006544898405709,0.005766917302549278,481,20.0,10.0,0.2,36.55045995978321,84.70212402886409,36.55045995978321,70.67168346821317,0.03685392082340914,none
New_Zealand,-3.8787371289937473,0.020676920984437838,-1112.484367731465,-1112.484367731465,0.0001346501667729226,0.005766917302549278,481,20.0,10.0,0.2,36.55045995978321,84.70212402886409,36.55045995978321,70.67168346821317,0.03685392082340914,none
New_Zealand,-3.878713100171653,0.020677417832462942,-1112.150332918469,-1112.150332918469,0.00018805131370355362,0.005766917302549278,481,20.0,10.0,0.2,36.55045995978321,84.70212402886409,36.55045995978321,70.67168346821317,0.03685392082340914,none
New_Zealand,-3.878689071349559,0.020677914692426854,-1114.5958829334018,-1114.5958829334018,1.6299995893597746e-05,0.005766917302549278,481,20.0,10.0,0.2,36.55045995978321,84.70212402886409,36.55045995978321,70.67168346821317,0.03685392082340914,none
New_Zealand,-3.8786650425274654,0.020678411564329872,-1113.7132623012658,-1113.7132623012658,3.940077507332237e-05,0.005766917302549278,481,20.0,10.0,0.2,36.55045995978321,84.70212402886409,36.55045995978321,70.67168346821317,0.03685392082340914,none
New_Zealand,-3.8786410137053715,0.020678908448172276,-1113.3886914213267,-1113.3886914213267,5.450848447327064e-05,0.005766917302549278,481,20.0,10.0,0.2,36.55045995978321,84.70212402886409,36.55045995978321,70.67168346821317,0.03685392082340914,none
New_Zealand,-3.878616984883277,0.020679405343954366,-1114.3638524046032,-1114.3638524046032,2.0556873968321214e-05,0.005766917302549278,481,20.0,10.0,0.2,36.55045995978321,84.70212402886409,36.55045995978321,70.67168346821317,0.03685392082340914,none
New_Zealand,-3.8785929560611834,0.020679902251676412,-1114.1175120914556,-1114.1175120914556,2.6299125766987648e-05,0.005766917302549278,481,20.0,10.0,0.2,36.55045995978321,84.70212402886409,36.55045995978321,70.67168346821317,0.03685392082340914,none
New_Zealand,-3.8785689272390895,0.02068039917133871,-1113.9080599092126,-1113.9080599092126,3.2426885564447264e-05,0.005766917302549278,481,20.0,10.0,0.2,36.55045995978321,84.70212402886409,36.55045995978321,70.67168346821317,0.03685392082340914,none
New_Zealand,-3.8785448984169957,0.020680896102941545,-1114.6202542379508,-1114.6202542379508,1.5907545419354607e-05,0.005766917302549278,481,20.0,10.0,0.2,36.55045995978321,84.70212402886409,36.55045995978321,70.67168346821317,0.03685392082340914,none
New_Zealand,-3.8785208695949014,0.020681393046485214,-1115.4670227354875,-1115.4670227354875,6.821129362363734e-06,0.005766917302549278,481,20.0,10.0,0.2,36.55045995978321,84.70212402886409,36.55045995978321,70.67168346821317,0.03685392082340914,none
New_Zealand,-3.8784968407728075,0.020681890001969985,-1113.7900361527682,-1113.7900361527682,3.648902887066863e-05,0.005766917302549278,481,20.0,10.0,0.2,36.55045995978321,84.70212402886409,36.55045995978321,70.67168346821317,0.03685392082340914,none
New_Zealand,-3.8784728119507137,0.020682386969396154,-1115.3963732578559,-1115.3963732578559,7.320469984405676e-06,0.005766917302549278,481,20.0,10.0,0.2,36.55045995978321,84.70212402886409,36.55045995978321,70.67168346821317,0.03685392082340914,none
New_Zealand,-3.87844878312862,0.020682883948764007,-1116.0649754208337,-1116.0649754208337,3.7511871696463553e-06,0.005766917302549278,481,20.0,10.0,0.2,36.55045995978321,84.70212402886409,36.55045995978321,70.67168346821317,0.03685392082340914,none
New_Zealand,-3.8784247543065256,0.020683380940073843,-1116.3384435384976,-1116.3384435384976,2.853665335996774e-06,0.005766917302549278,481,20.0,10.0,0.2,36.55045995978321,84.70212402886409,36.55045995978321,70.67168346821317,0.03685392082340914,none
New_Zealand,-3.8784007254844317,0.020683877943325928,-1115.533914129919,-1115.533914129919,6.379780289421748e-06,0.005766917302549278,481,20.0,10.0,0.2,36.55045995978321,84.70212402886409,36.55045995978321,70.67168346821317,0.03685392082340914,none
New_Zealand,-3.878376696662338,0.02068437495852056,-1116.0014912799008,-1116.0014912799008,3.997049681651334e-06,0.005766917302549278,481,20.0,10.0,0.2,36.55045995978321,84.70212402886409,36.55045995978321,70.67168346821317,0.03685392082340914,none
New_Zealand,-3.878352667840244,0.020684871985658024,-1119.3839377588347,-1119.3839377588347,1.3575683526892295e-07,0.005766917302549278,481,20.0,10.0,0.2,36.55045995978321,84.70212402886409,36.55045995978321,70.67168346821317,0.03685392082340914,none
New_Zealand,-3.8783286390181497,0.02068536902473862,-1117.8983493677938,-1117.8983493677938,5.997144951051608e-07,0.005766917302549278,481,20.0,10.0,0.2,36.55045995978321,84.70212402886409,36.55045995978321,70.67168346821317,0.03685392082340914,none
New_Zealand,-3.878304610196056,0.020685866075762612,-1116.9759811373103,-1116.9759811373103,1.5084258927763569e-06,0.005766917302549278,481,20.0,10.0,0.2,36.55045995978321,84.70212402886409,36.55045995978321,70.67168346821317,0.03685392082340914,none
New_Zealand,-3.878280581373962,0.020686363138730297,-1117.3567061569709,-1117.3567061569709,1.0308066306639608e-06,0.005766917302549278,481,20.0,10.0,0.2,36.55045995978321,84.70212402886409,36.55045995978321,70.67168346821317,0.03685392082340914,none
New_Zealand,-3.878256552551868,0.020686860213641967,-1117.2748349636547,-1117.2748349636547,1.1187509341860407e-06,0.005766917302549278,481,20.0,10.0,0.2,36.55045995978321,84.70212402886409,36.55045995978321,70.67168346821317,0.03685392082340914,none
New_Zealand,-3.878232523729774,0.02068735730049791,-1120.2004935967523,-1120.2004935967523,5.999789459468165e-08,0.005766917302549278,481,20.0,10.0,0.2,36.55045995978321,84.70212402886409,36.55045995978321,70.67168346821317,0.03685392082340914,none
New_Zealand,-3.87820849490768,0.020687854399298402,-1118.7884553605913,-1118.7884553605913,2.462501053030521e-07,0.005766917302549278,481,20.0,10.0,0.2,36.55045995978321,84.70212402886409,36.55045995978321,70.67168346821317,0.03685392082340914,none
New_Zealand,-3.878184466085586,0.020688351510043734,-1118.9348510609957,-1118.9348510609957,2.1271473744453584e-07,0.005766917302549278,481,20.0,10.0,0.2,36.55045995978321,84.70212402886409,36.55045995978321,70.67168346821317,0.03685392082340914,none
New_Zealand,-3.8781604372634924,0.020688848632734198,-1118.35005681092,-1118.35005681092,3.8174248465765733e-07,0.005766917302549278,481,20.0,10.0,0.2,36.55045995978321,84.70212402886409,36.55045995978321,70.67168346821317,0.03685392082340914,none
New_Zealand,-3.878136408441398,0.020689345767370085,-1118.4391327308426,-1118.4391327308426,3.492089094145779e-07,0.005766917302549278,481,20.0,10.0,0.2,36.55045995978321,84.70212402886409,36.55045995978321,70.67168346821317,0.03685392082340914,none
New_Zealand,-3.878112379619304,0.020689842913951668,-1118.9572071575283,-1118.9572071575283,2.0801202920424418e-07,0.005766917302549278,481,20.0,10.0,0.2,36.55045995978321,84.70212402886409,36.55045995978321,70.67168346821317,0.03685392082340914,none
New_Zealand,-3.8780883507972104,0.02069034007247924,-1118.7797052569051,-1118.7797052569051,2.4841427379840656e-07,0.005766917302549278,481,20.0,10.0,0.2,36.55045995978321,84.70212402886409,36.55045995978321,70.67168346821317,0.03685392082340914,none
New_Zealand,-3.8780643219751165,0.02069083724295309,-1120.348229202929,-1120.348229202929,5.1757733745700844e-08,0.005766917302549278,481,20.0,10.0,0.2,36.55045995978321,84.70212402886409,36.55045995978321,70.67168346821317,0.03685392082340914,none
New_Zealand,-3.8780402931530222,0.02069133442537351,-1120.1323953113454,-1120.1323953113454,6.422597712200668e-08,0.005766917302549278,481,20.0,10.0,0.2,36.55045995978321,84.70212402886409,36.55045995978321,70.67168346821317,0.03685392082340914,none
New_Zealand,-3.8780162643309284,0.020691831619740777,-1119.872981444602,-1119.872981444602,8.324779347197378e-08,0.005766917302549278,481,20.0,10.0,0.2,36.55045995978321,84.70212402886409,36.55045995978321,70.67168346821317,0.03685392082340914,none
New_Zealand,-3.8779922355088345,0.02069232882605518,-1121.2342250803722,-1121.2342250803722,2.133988779509251e-08,0.005766917302549278,481,20.0,10.0,0.2,36.55045995978321,84.70212402886409,36.55045995978321,70.67168346821317,0.03685392082340914,none
New_Zealand,-3.8779682066867407,0.02069282604431701,-1120.7976569566988,-1120.7976569566988,3.302107888270271e-08,0.005766917302549278,481,20.0,10.0,0.2,36.55045995978321,84.70212402886409,36.55045995978321,70.67168346821317,0.03685392082340914,none
New_Zealand,-3.8779441778646464,0.02069332327452656,-1122.2275612737565,-1122.2275612737565,7.902994944379449e-09,0.005766917302549278,481,20.0,10.0,0.2,36.55045995978321,84.70212402886409,36.55045995978321,70.67168346821317,0.03685392082340914,none
New_Zealand,-3.8779201490425526,0.020693820516684103,-1121.635818705669,-1121.635818705669,1.4281776623757185e-08,0.005766917302549278,481,20.0,10.0,0.2,36.55045995978321,84.70212402886409,36.55045995978321,70.67168346821317,0.03685392082340914,none
New_Zealand,-3.8778961202204587,0.020694317770789932,-1120.8102350796273,-1120.8102350796273,3.260833689463217e-08,0.005766917302549278,481,20.0,10.0,0.2,36.55045995978321,84.70212402886409,36.55045995978321,70.67168346821317,0.03685392082340914,none
New_Zealand,-3.877872091398365,0.020694815036844335,-1122.3431667800764,-1122.3431667800764,7.0401979536695964e-09,0.005766917302549278,481,20.0,10.0,0.2,36.55045995978321,84.70212402886409,36.55045995978321,70.67168346821317,0.03685392082340914,none
New_Zealand,-3.8778480625762706,0.020695312314847607,-1123.1986785204658,-1123.1986785204658,2.9925460529969452e-09,0.005766917302549278,481,20.0,10.0,0.2,36.55045995978321,84.70212402886409,36.55045995978321,70.67168346821317,0.03685392082340914,none
New_Zealand,-3.8778240337541767,0.020695809604800018,-1122.785758571468,-1122.785758571468,4.522407554327693e-09,0.005766917302549278,481,20.0,10.0,0.2,36.55045995978321,84.70212402886409,36.55045995978321,70.67168346821317,0.03685392082340914,none
New_Zealand,-3.877800004932083,0.020696306906701867,-1124.677566617116,-1124.677566617116,6.819741337941016e-10,0.005766917302549278,481,20.0,10.0,0.2,36.55045995978321,84.70212402886409,36.55045995978321,70.67168346821317,0.03685392082340914,none
New_Zealand,-3.877775976109989,0.020696804220553436,-1124.6170058218254,-1124.6170058218254,7.24551270090076e-10,0.005766917302549278,481,20.0,10.0,0.2,36.55045995978321,84.70212402886409,36.55045995978321,70.67168346821317,0.03685392082340914,none
New_Zealand,-3.8777519472878947,0.020697301546355025,-1125.4507264231936,-1125.4507264231936,3.1476676124074314e-10,0.005766917302549278,481,20.0,10.0,0.2,36.55045995978321,84.70212402886409,36.55045995978321,70.67168346821317,0.03685392082340914,none
New_Zealand,-3.877727918465801,0.020697798884106902,-1125.1484857097958,-1125.1484857097958,4.258438106854426e-10,0.005766917302549278,481,20.0,10.0,0.2,36.55045995978321,84.70212402886409,36.55045995978321,70.67168346821317,0.03685392082340914,none
New_Zealand,-3.877703889643707,0.020698296233809362,-1123.3894750438355,-1123.3894750438355,2.472742910133199e-09,0.005766917302549278,481,20.0,10.0,0.2,36.55045995978321,84.70212402886409,36.55045995978321,70.67168346821317,0.03685392082340914,none
New_Zealand,-3.877679860821613,0.020698793595462693,-1123.0374647122355,-1123.0374647122355,3.5160505471233006e-09,0.005766917302549278,481,20.0,10.0,0.2,36.55045995978321,84.70212402886409,36.55045995978321,70.67168346821317,0.03685392082340914,none
New_Zealand,-3.877655831999519,0.02069929096906719,-1123.9830982939382,-1123.9830982939382,1.3657514286274343e-09,0.005766917302549278,481,20.0,10.0,0.2,36.55045995978321,84.70212402886409,36.55045995978321,70.67168346821317,0.03685392082340914,none
New_Zealand,-3.877631803177425,0.020699788354623126,-1123.5425067079213,-1123.5425067079213,2.12186699754131e-09,0.005766917302549278,481,20.0,10.0,0.2,36.55045995978321,84.70212402886409,36.55045995978321,70.67168346821317,0.03685392082340914,none
New_Zealand,-3.877607774355331,0.020700285752130794,-1125.6443416135667,-1125.6443416135667,2.593599158890888e-10,0.005766917302549278,481,20.0,10.0,0.2,36.55045995978321,84.70212402886409,36.55045995978321,70.67168346821317,0.03685392082340914,none
New_Zealand,-3.8775837455332374,0.02070078316159048,-1123.7220108267102,-1123.7220108267102,1.7732113798509469e-09,0.005766917302549278,481,20.0,10.0,0.2,36.55045995978321,84.70212402886409,36.55045995978321,70.67168346821317,0.03685392082340914,none
New_Zealand,-3.8775597167111435,0.020701280583002475,-1125.633334148215,-1125.633334148215,2.6223058156822596e-10,0.005766917302549278,481,20.0,10.0,0.2,36.55045995978321,84.70212402886409,36.55045995978321,70.67168346821317,0.03685392082340914,none
New_Zealand,-3.8775356878890492,0.020701778016367075,-1126.5863982734645,-1126.5863982734645,1.0110504984477633e-10,0.005766917302549278,481,20.0,10.0,0.2,36.55045995978321,84.70212402886409,36.55045995978321,70.67168346821317,0.03685392082340914,none
New_Zealand,-3.8775116590669554,0.020702275461684544,-1126.6128415876303,-1126.6128415876303,9.846653651279351e-11,0.005766917302549278,481,20.0,10.0,0.2,36.55045995978321,84.70212402886409,36.55045995978321,70.67168346821317,0.03685392082340914,none
New_Zealand,-3.8774876302448615,0.020702772918955184,-1128.6301285234977,-1128.6301285234977,1.30976106933904e-11,0.005766917302549278,481,20.0,10.0,0.2,36.55045995978321,84.70212402886409,36.55045995978321,70.67168346821317,0.03685392082340914,none
New_Zealand,-3.8774636014227677,0.020703270388179276,-1126.5577923823012,-1126.5577923823012,1.0403901416018633e-10,0.005766917302549278,481,20.0,10.0,0.2,36.55045995978321,84.70212402886409,36.55045995978321,70.67168346821317,0.03685392082340914,none
New_Zealand,-3.8774395726006734,0.020703767869357126,-1126.369194818342,-1126.369194818342,1.256328204118171e-10,0.005766917302549278,481,20.0,10.0,0.2,36.55045995978321,84.70212402886409,36.55045995978321,70.67168346821317,0.03685392082340914,none
New_Zealand,-3.8774155437785796,0.020704265362488993,-1127.2243968177422,-1127.2243968177422,5.3418735127035395e-11,0.005766917302549278,481,20.0,10.0,0.2,36.55045995978321,84.70212402886409,36.55045995978321,70.67168346821317,0.03685392082340914,none
New_Zealand,-3.8773915149564857,0.02070476286757518,-1127.4514316520624,-1127.4514316520624,4.256901729778039e-11,0.005766917302549278,481,20.0,10.0,0.2,36.55045995978321,84.70212402886409,36.55045995978321,70.67168346821317,0.03685392082340914,none
New_Zealand,-3.877367486134392,0.02070526038461597,-1129.5350688328167,-1129.5350688328167,5.298848402679393e-12,0.005766917302549278,481,20.0,10.0,0.2,36.55045995978321,84.70212402886409,36.55045995978321,70.67168346821317,0.03685392082340914,none
New_Zealand,-3.8773434573122976,0.02070575791361166,-1130.7425692204697,-1130.7425692204697,1.5840567611071302e-12,0.005766917302549278,481,20.0,10.0,0.2,36.55045995978321,84.70212402886409,36.55045995978321,70.67168346821317,0.03685392082340914,none
New_Zealand,-3.8773194284902037,0.020706255454562523,-1130.7573592402823,-1130.7573592402823,1.560800931240855e-12,0.005766917302549278,481,20.0,10.0,0.2,36.55045995978321,84.70212402886409,36.55045995978321,70.67168346821317,0.03685392082340914,none
New_Zealand,-3.87729539966811,0.020706753007468853,-1131.2220369418499,-1131.2220369418499,9.807098874537006e-13,0.005766917302549278,481,20.0,10.0,0.2,36.55045995978321,84.70212402886409,36.55045995978321,70.67168346821317,0.03685392082340914,none
New_Zealand,-3.877271370846016,0.020707250572330933,-1130.4834065286848,-1130.4834065286848,2.0526914173229273e-12,0.005766917302549278,481,20.0,10.0,0.2,36.55045995978321,84.70212402886409,36.55045995978321,70.67168346821317,0.03685392082340914,none
New_Zealand,-3.8772473420239217,0.020707748149149066,-1134.159444874682,-1134.159444874682,5.198050536963231e-14,0.005766917302549278,481,20.0,10.0,0.2,36.55045995978321,84.70212402886409,36.55045995978321,70.67168346821317,0.03685392082340914,none
New_Zealand,-3.877223313201828,0.020708245737923518,-1133.0967901677832,-1133.0967901677832,1.504338508679596e-13,0.005766917302549278,481,20.0,10.0,0.2,36.55045995978321,84.70212402886409,36.55045995978321,70.67168346821317,0.03685392082340914,none
New_Zealand,-3.877199284379734,0.02070874333865459,-1135.5458713539176,-1135.5458713539176,1.2993409564214543e-14,0.005766917302549278,481,20.0,10.0,0.2,36.55045995978321,84.70212402886409,36.55045995978321,70.67168346821317,0.03685392082340914,none
New_Zealand,-3.87717525555764,0.020709240951342557,-1131.2040494888065,-1131.2040494888065,9.985099696448704e-13,0.005766917302549278,481,20.0,10.0,0.2,36.55045995978321,84.70212402886409,36.55045995978321,70.67168346821317,0.03685392082340914,none
New_Zealand,-3.877151226735546,0.020709738575987728,-1132.700389431937,-1132.700389431937,2.236146357734181e-13,0.005766917302549278,481,20.0,10.0,0.2,36.55045995978321,84.70212402886409,36.55045995978321,70.67168346821317,0.03685392082340914,none
New_Zealand,-3.877127197913452,0.02071023621259037,-1132.6001497705108,-1132.6001497705108,2.4719162751238896e-13,0.005766917302549278,481,20.0,10.0,0.2,36.55045995978321,84.70212402886409,36.55045995978321,70.67168346821317,0.03685392082340914,none
New_Zealand,-3.877103169091358,0.020710733861150774,-1133.7542438895211,-1133.7542438895211,7.795016690745115e-14,0.005766917302549278,481,20.0,10.0,0.2,36.55045995978321,84.70212402886409,36.55045995978321,70.67168346821317,0.03685392082340914,none
New_Zealand,-3.8770791402692644,0.02071123152166923,-1132.5759381294895,-1132.5759381294895,2.532495830536083e-13,0.005766917302549278,481,20.0,10.0,0.2,36.55045995978321,84.70212402886409,36.55045995978321,70.67168346821317,0.03685392082340914,none
New_Zealand,-3.87705511144717,0.020711729194146034,-1132.5773567331985,-1132.5773567331985,2.5289057695968076e-13,0.005766917302549278,481,20.0,10.0,0.2,36.55045995978321,84.70212402886409,36.55045995978321,70.67168346821317,0.03685392082340914,none
New_Zealand,-3.8770310826250762,0.020712226878581458,-1136.3566340780233,-1136.3566340780233,5.775816017810503e-15,0.005766917302549278,481,20.0,10.0,0.2,36.55045995978321,84.70212402886409,36.55045995978321,70.67168346821317,0.03685392082340914,none
New_Zealand,-3.8770070538029824,0.020712724574975798,-1136.1722554238386,-1136.1722554238386,6.945251595442845e-15,0.005766917302549278,481,20.0,10.0,0.2,36.55045995978321,84.70212402886409,36.55045995978321,70.67168346821317,0.03685392082340914,none
New_Zealand,-3.8769830249808885,0.020713222283329336,-1133.7135592363325,-1133.7135592363325,8.118693944049148e-14,0.005766917302549278,481,20.0,10.0,0.2,36.55045995978321,84.70212402886409,36.55045995978321,70.67168346821317,0.03685392082340914,none
New_Zealand,-3.8769589961587942,0.020713720003642373,-1136.088273927613,-1136.088273927613,7.553716536415145e-15,0.005766917302549278,481,20.0,10.0,0.2,36.55045995978321,84.70212402886409,36.55045995978321,70.67168346821317,0.03685392082340914,none
New_Zealand,-3.8769349673367004,0.02071421773591518,-1136.889073267292,-1136.889073267292,3.3913916688717697e-15,0.005766917302549278,481,20.0,10.0,0.2,36.55045995978321,84.70212402886409,36.55045995978321,70.67168346821317,0.03685392082340914,none
New_Zealand,-3.8769109385146066,0.020714715480148048,-1136.6605300444703,-1136.6605300444703,4.262191999273916e-15,0.005766917302549278,481,20.0,10.0,0.2,36.55045995978321,84.70212402886409,36.55045995978321,70.67168346821317,0.03685392082340914,none
New_Zealand,-3.8768869096925127,0.02071521323634127,-1138.2190109179799,-1138.2190109179799,8.970019062865245e-16,0.005766917302549278,481,20.0,10.0,0.2,36.55045995978321,84.70212402886409,36.55045995978321,70.67168346821317,0.03685392082340914,none
New_Zealand,-3.8768628808704184,0.020715711004495138,-1139.4476031498216,-1139.4476031498216,2.6255635780688374e-16,0.005766917302549278,481,20.0,10.0,0.2,36.55045995978321,84.70212402886409,36.55045995978321,70.67168346821317,0.03685392082340914,none
New_Zealand,-3.8768388520483246,0.020716208784609922,-1140.2470419331858,-1140.2470419331858,1.1804040392837426e-16,0.005766917302549278,481,20.0,10.0,0.2,36.55045995978321,84.70212402886409,36.55045995978321,70.67168346821317,0.03685392082340914,none
New_Zealand,-3.8768148232262307,0.020716706576685923,-1141.755278664226,-1141.755278664226,2.6122323126834666e-17,0.005766917302549278,481,20.0,10.0,0.2,36.55045995978321,84.70212402886409,36.55045995978321,70.67168346821317,0.03685392082340914,none
New_Zealand,-3.876790794404137,0.020717204380723424,-1142.5952052085754,-1142.5952052085754,1.1278110200764358e-17,0.005766917302549278,481,20.0,10.0,0.2,36.55045995978321,84.70212402886409,36.55045995978321,70.67168346821317,0.03685392082340914,none
New_Zealand,-3.8767667655820426,0.02071770219672272,-1141.6039573113212,-1141.6039573113212,3.038993882397522e-17,0.005766917302549278,481,20.0,10.0,0.2,36.55045995978321,84.70212402886409,36.55045995978321,70.67168346821317,0.03685392082340914,none
New_Zealand,-3.8767427367599487,0.020718200024684084,-1140.9758126074428,-1140.9758126074428,5.695470471311501e-17,0.005766917302549278,481,20.0,10.0,0.2,36.55045995978321,84.70212402886409,36.55045995978321,70.67168346821317,0.03685392082340914,none
New_Zealand,-3.876718707937855,0.02071869786460781,-1140.2429127653736,-1140.2429127653736,1.1852882024732125e-16,0.005766917302549278,481,20.0,10.0,0.2,36.55045995978321,84.70212402886409,36.55045995978321,70.67168346821317,0.03685392082340914,none
New_Zealand,-3.876694679115761,0.02071919571649419,-1138.8986748153175,-1138.8986748153175,4.545891708662473e-16,0.005766917302549278,481,20.0,10.0,0.2,36.55045995978321,84.70212402886409,36.55045995978321,70.67168346821317,0.03685392082340914,none
New_Zealand,-3.8766706502936668,0.020719693580343514,-1142.3890539613355,-1142.3890539613355,1.3860110189089597e-17,0.005766917302549278,481,20.0,10.0,0.2,36.55045995978321,84.70212402886409,36.55045995978321,70.67168346821317,0.03685392082340914,none
New_Zealand,-3.876646621471573,0.020720191456156056,-1143.9134010145247,-1143.9134010145247,3.0182219227436355e-18,0.005766917302549278,481,20.0,10.0,0.2,36.55045995978321,84.70212402886409,36.55045995978321,70.67168346821317,0.03685392082340914,none
New_Zealand,-3.876622592649479,0.020720689343932112,-1147.235427968147,-1147.235427968147,1.0889631772993364e-19,0.005766917302549278,481,20.0,10.0,0.2,36.55045995978321,84.70212402886409,36.55045995978321,70.67168346821317,0.03685392082340914,none
New_Zealand,-3.876598563827385,0.020721187243671967,-1147.2149143612346,-1147.2149143612346,1.1115324368818358e-19,0.005766917302549278,481,20.0,10.0,0.2,36.55045995978321,84.70212402886409,36.55045995978321,70.67168346821317,0.03685392082340914,none
New_Zealand,-3.876574535005291,0.02072168515537592,-1145.7847585201375,-1145.7847585201375,4.645483596646535e-19,0.005766917302549278,481,20.0,10.0,0.2,36.55045995978321,84.70212402886409,36.55045995978321,70.67168346821317,0.03685392082340914,none
New_Zealand,-3.876550506183197,0.020722183079044238,-1144.8381804339374,-1144.8381804339374,1.1970838464462392e-18,0.005766917302549278,481,20.0,10.0,0.2,36.55045995978321,84.70212402886409,36.55045995978321,70.67168346821317,0.03685392082340914,none
New_Zealand,-3.8765264773611032,0.02072268101467722,-1144.5981314566698,-1144.5981314566698,1.521866357688888e-18,0.005766917302549278,481,20.0,10.0,0.2,36.55045995978321,84.70212402886409,36.55045995978321,70.67168346821317,0.03685392082340914,none
New_Zealand,-3.8765024485390094,0.020723178962275154,-1145.6919951351072,-1145.6919951351072,5.097034311822027e-19,0.005766917302549278,481,20.0,10.0,0.2,36.55045995978321,84.70212402886409,36.55045995978321,70.67168346821317,0.03685392082340914,none
New_Zealand,-3.876478419716915,0.02072367692183833,-1145.4068318478962,-1145.4068318478962,6.7789495092839635e-19,0.005766917302549278,481,20.0,10.0,0.2,36.55045995978321,84.70212402886409,36.55045995978321,70.67168346821317,0.03685392082340914,none
New_Zealand,-3.8764543908948212,0.020724174893367028,-1147.7141642113008,-1147.7141642113008,6.746844269286908e-20,0.005766917302549278,481,20.0,10.0,0.2,36.55045995978321,84.70212402886409,36.55045995978321,70.67168346821317,0.03685392082340914,none
New_Zealand,-3.8764303620727274,0.020724672876861538,-1150.8809360550188,-1150.8809360550188,2.8430804481189046e-21,0.005766917302549278,481,20.0,10.0,0.2,36.55045995978321,84.70212402886409,36.55045995978321,70.67168346821317,0.03685392082340914,none
New_Zealand,-3.8764063332506336,0.020725170872322146,-1147.8029684130377,-1147.8029684130377,6.173529263331284e-20,0.005766917302549278,481,20.0,10.0,0.2,36.55045995978321,84.70212402886409,36.55045995978321,70.67168346821317,0.03685392082340914,none
New_Zealand,-3.8763823044285393,0.020725668879749155,-1143.6618563526508,-1143.6618563526508,3.881464584199043e-18,0.005766917302549278,481,20.0,10.0,0.2,36.55045995978321,84.70212402886409,36.55045995978321,70.67168346821317,0.03685392082340914,none
New_Zealand,-3.8763582756064454,0.020726166899142827,-1145.4302685923083,-1145.4302685923083,6.621920316477997e-19,0.005766917302549278,481,20.0,10.0,0.2,36.55045995978321,84.70212402886409,36.55045995978321,70.67168346821317,0.03685392082340914,none
New_Zealand,-3.8763342467843516,0.020726664930503465,-1148.8232811790526,-1148.8232811790526,2.2254472622351174e-20,0.005766917302549278,481,20.0,10.0,0.2,36.55045995978321,84.70212402886409,36.55045995978321,70.67168346821317,0.03685392082340914,none
New_Zealand,-3.8763102179622577,0.02072716297383135,-1146.9260546264002,-1146.9260546264002,1.483789623877858e-19,0.005766917302549278,481,20.0,10.0,0.2,36.55045995978321,84.70212402886409,36.55045995978321,70.67168346821317,0.03685392082340914,none
New_Zealand,-3.8762861891401634,0.020727661029126786,-1155.729675176203,-1155.729675176203,2.22847878607167e-23,0.005766917302549278,481,20.0,10.0,0.2,36.55045995978321,84.70212402886409,36.55045995978321,70.67168346821317,0.03685392082340914,none
New_Zealand,-3.8762621603180696,0.020728159096390038,-1154.1800570966745,-1154.1800570966745,1.0495402178619869e-22,0.005766917302549278,481,20.0,10.0,0.2,36.55045995978321,84.70212402886409,36.55045995978321,70.67168346821317,0.03685392082340914,none
New_Zealand,-3.8762381314959757,0.0207286571756214,-1151.808883179583,-1151.808883179583,1.124053113788791e-21,0.005766917302549278,481,20.0,10.0,0.2,36.55045995978321,84.70212402886409,36.55045995978321,70.67168346821317,0.03685392082340914,none
New_Zealand,-3.876214102673882,0.02072915526682117,-1157.94891589496,-1157.94891589496,2.422169359644579e-24,0.005766917302549278,481,20.0,10.0,0.2,36.55045995978321,84.70212402886409,36.55045995978321,70.67168346821317,0.03685392082340914,none
New_Zealand,-3.876190073851788,0.020729653369989623,-1156.3848621621084,-1156.3848621621084,1.1573491888487233e-23,0.005766917302549278,481,20.0,10.0,0.2,36.55045995978321,84.70212402886409,36.55045995978321,70.67168346821317,0.03685392082340914,none
New_Zealand,-3.8761660450296938,0.020730151485127062,-1157.6818962155994,-1157.6818962155994,3.163513406867167e-24,0.005766917302549278,481,20.0,10.0,0.2,36.55045995978321,84.70212402886409,36.55045995978321,70.67168346821317,0.03685392082340914,none
New_Zealand,-3.8761420162076,0.020730649612233757,-1156.070587997304,-1156.070587997304,1.5847178405199042e-23,0.005766917302549278,481,20.0,10.0,0.2,36.55045995978321,84.70212402886409,36.55045995978321,70.67168346821317,0.03685392082340914,none
New_Zealand,-3.876117987385506,0.020731147751310002,-1154.078339852003,-1154.078339852003,1.1619149060909817e-22,0.005766917302549278,481,20.0,10.0,0.2,36.55045995978321,84.70212402886409,36.55045995978321,70.67168346821317,0.03685392082340914,none
New_Zealand,-3.876093958563412,0.020731645902356086,-1152.9510807300398,-1152.9510807300398,3.587044294711219e-22,0.005766917302549278,481,20.0,10.0,0.2,36.55045995978321,84.70212402886409,36.55045995978321,70.67168346821317,0.03685392082340914,none
New_Zealand,-3.876069929741318,0.020732144065372306,-1155.7436284501373,-1155.7436284501373,2.1976001411968497e-23,0.005766917302549278,481,20.0,10.0,0.2,36.55045995978321,84.70212402886409,36.55045995978321,70.67168346821317,0.03685392082340914,none
New_Zealand,-3.876045900919224,0.020732642240358933,-1153.9079896891956,-1153.9079896891956,1.3777057118577559e-22,0.005766917302549278,481,20.0,10.0,0.2,36.55045995978321,84.70212402886409,36.55045995978321,70.67168346821317,0.03685392082340914,none
New_Zealand,-3.8760218720971302,0.020733140427316263,-1154.8150040754133,-1154.8150040754133,5.562180984649066e-23,0.005766917302549278,481,20.0,10.0,0.2,36.55045995978321,84.70212402886409,36.55045995978321,70.67168346821317,0.03685392082340914,none
New_Zealand,-3.8759978432750364,0.02073363862624458,-1156.0755243554054,-1156.0755243554054,1.5769143819485183e-23,0.005766917302549278,481,20.0,10.0,0.2,36.55045995978321,84.70212402886409,36.55045995978321,70.67168346821317,0.03685392082340914,none
New_Zealand,-3.875973814452942,0.020734136837144184,-1156.2370641292243,-1156.2370641292243,1.3416903053778323e-23,0.005766917302549278,481,20.0,10.0,0.2,36.55045995978321,84.70212402886409,36.55045995978321,70.67168346821317,0.03685392082340914,none
New_Zealand,-3.8759497856308482,0.02073463506001534,-1153.9680173799857,-1153.9680173799857,1.2974384495508798e-22,0.005766917302549278,481,20.0,10.0,0.2,36.55045995978321,84.70212402886409,36.55045995978321,70.67168346821317,0.03685392082340914,none
New_Zealand,-3.8759257568087544,0.020735133294858356,-1157.3896568458429,-1157.3896568458429,4.237284505854735e-24,0.005766917302549278,481,20.0,10.0,0.2,36.55045995978321,84.70212402886409,36.55045995978321,70.67168346821317,0.03685392082340914,none
New_Zealand,-3.8759017279866605,0.020735631541673506,-1157.9282140265434,-1157.9282140265434,2.472835422623037e-24,0.005766917302549278,481,20.0,10.0,0.2,36.55045995978321,84.70212402886409,36.55045995978321,70.67168346821317,0.03685392082340914,none
New_Zealand,-3.8758776991645663,0.020736129800461096,-1166.6266350454168,-1166.6266350454168,4.1259025247770225e-28,0.005766917302549278,481,20.0,10.0,0.2,36.55045995978321,84.70212402886409,36.55045995978321,70.67168346821317,0.03685392082340914,none
New_Zealand,-3.8758536703424724,0.020736628071221393,-1163.2006546273085,-1163.2006546273085,1.2688297536605084e-26,0.005766917302549278,481,20.0,10.0,0.2,36.55045995978321,84.70212402886409,36.55045995978321,70.67168346821317,0.03685392082340914,none
New_Zealand,-3.8758296415203786,0.02073712635395469,-1164.0135317922814,-1164.0135317922814,5.628274712926557e-27,0.005766917302549278,481,20.0,10.0,0.2,36.55045995978321,84.70212402886409,36.55045995978321,70.67168346821317,0.03685392082340914,none
New_Zealand,-3.8758056126982847,0.02073762464866128,-1166.29485516483,-1166.29485516483,5.749222741763835e-28,0.005766917302549278,481,20.0,10.0,0.2,36.55045995978321,84.70212402886409,36.55045995978321,70.67168346821317,0.03685392082340914,none
New_Zealand,-3.8757815838761904,0.02073812295534146,-1171.8686133552121,-1171.8686133552121,2.182512346876711e-30,0.005766917302549278,481,20.0,10.0,0.2,36.55045995978321,84.70212402886409,36.55045995978321,70.67168346821317,0.03685392082340914,none
New_Zealand,-3.8757575550540966,0.020738621273995495,-1163.993427667319,-1163.993427667319,5.7425713180586386e-27,0.005766917302549278,481,20.0,10.0,0.2,36.55045995978321,84.70212402886409,36.55045995978321,70.67168346821317,0.03685392082340914,none
New_Zealand,-3.8757335262320027,0.020739119604623685,-1168.3524957822972,-1168.3524957822972,7.344921675011893e-29,0.005766917302549278,481,20.0,10.0,0.2,36.55045995978321,84.70212402886409,36.55045995978321,70.67168346821317,0.03685392082340914,none
New_Zealand,-3.875709497409909,0.020739617947226317,-1163.6884970295164,-1163.6884970295164,7.789975483068881e-27,0.005766917302549278,481,20.0,10.0,0.2,36.55045995978321,84.70212402886409,36.55045995978321,70.67168346821317,0.03685392082340914,none
New_Zealand,-3.8756854685878146,0.020740116301803686,-1165.8392717707484,-1165.8392717707484,9.067059985154923e-28,0.005766917302549278,481,20.0,10.0,0.2,36.55045995978321,84.70212402886409,36.55045995978321,70.67168346821317,0.03685392082340914,none
New_Zealand,-3.8756614397657208,0.020740614668356066,-1166.4457573298669,-1166.4457573298669,4.943939610074639e-28,0.005766917302549278,481,20.0,10.0,0.2,36.55045995978321,84.70212402886409,36.55045995978321,70.67168346821317,0.03685392082340914,none
New_Zealand,-3.875637410943627,0.02074111304688375,-1168.7452370611488,-1168.7452370611488,4.9593161934164886e-29,0.005766917302549278,481,20.0,10.0,0.2,36.55045995978321,84.70212402886409,36.55045995978321,70.67168346821317,0.03685392082340914,none
New_Zealand,-3.875613382121533,0.020741611437387026,-1169.276614092361,-1169.276614092361,2.9150612622476753e-29,0.005766917302549278,481,20.0,10.0,0.2,36.55045995978321,84.70212402886409,36.55045995978321,70.67168346821317,0.03685392082340914,none
New_Zealand,-3.8755893532994388,0.020742109839866192,-1167.1828803871574,-1167.1828803871574,2.365618353444865e-28,0.005766917302549278,481,20.0,10.0,0.2,36.55045995978321,84.70212402886409,36.55045995978321,70.67168346821317,0.03685392082340914,none
New_Zealand,-3.875565324477345,0.020742608254321514,-1166.746306603711,-1166.746306603711,3.660549348782741e-28,0.005766917302549278,481,20.0,10.0,0.2,36.55045995978321,84.70212402886409,36.55045995978321,70.67168346821317,0.03685392082340914,none
New_Zealand,-3.875541295655251,0.020743106680753298,-1174.3511790804075,-1174.3511790804075,1.8230228569811264e-31,0.005766917302549278,481,20.0,10.0,0.2,36.55045995978321,84.70212402886409,36.55045995978321,70.67168346821317,0.03685392082340914,none
New_Zealand,-3.8755172668331572,0.020743605119161825,-1172.1178889105913,-1172.1178889105913,1.7009741401316664e-30,0.005766917302549278,481,20.0,10.0,0.2,36.55045995978321,84.70212402886409,36.55045995978321,70.67168346821317,0.03685392082340914,none
New_Zealand,-3.875493238011063,0.02074410356954739,-1172.4828807841839,-1172.4828807841839,1.1808201470961108e-30,0.005766917302549278,481,20.0,10.0,0.2,36.55045995978321,84.70212402886409,36.55045995978321,70.67168346821317,0.03685392082340914,none
New_Zealand,-3.875469209188969,0.020744602031910267,-1173.853748028028,-1173.853748028028,2.9979450964221658e-31,0.005766917302549278,481,20.0,10.0,0.2,36.55045995978321,84.70212402886409,36.55045995978321,70.67168346821317,0.03685392082340914,none
New_Zealand,-3.8754451803668752,0.02074510050625075,-1175.8682890876605,-1175.8682890876605,3.998707242358622e-32,0.005766917302549278,481,20.0,10.0,0.2,36.55045995978321,84.70212402886409,36.55045995978321,70.67168346821317,0.03685392082340914,none
New_Zealand,-3.8754211515447814,0.020745598992569128,-1177.050872927889,-1177.050872927889,1.2255470052701792e-32,0.005766917302549278,481,20.0,10.0,0.2,36.55045995978321,84.70212402886409,36.55045995978321,70.67168346821317,0.03685392082340914,none
New_Zealand,-3.875397122722687,0.0207460974908657,-1173.6027601323383,-1173.6027601323383,3.8532424235780647e-31,0.005766917302549278,481,20.0,10.0,0.2,36.55045995978321,84.70212402886409,36.55045995978321,70.67168346821317,0.03685392082340914,none
New_Zealand,-3.8753730939005933,0.020746596001140732,-1174.7231236887756,-1174.7231236887756,1.256778153743508e-31,0.005766917302549278,481,20.0,10.0,0.2,36.55045995978321,84.70212402886409,36.55045995978321,70.67168346821317,0.03685392082340914,none
New_Zealand,-3.8753490650784994,0.020747094523394526,-1178.6406244765487,-1178.6406244765487,2.4998252353694726e-33,0.005766917302549278,481,20.0,10.0,0.2,36.55045995978321,84.70212402886409,36.55045995978321,70.67168346821317,0.03685392082340914,none
New_Zealand,-3.8753250362564056,0.020747593057627363,-1173.7325017186197,-1173.7325017186197,3.3843890259355173e-31,0.005766917302549278,481,20.0,10.0,0.2,36.55045995978321,84.70212402886409,36.55045995978321,70.67168346821317,0.03685392082340914,none
New_Zealand,-3.8753010074343113,0.020748091603839544,-1178.0571251983422,-1178.0571251983422,4.48043482910505e-33,0.005766917302549278,481,20.0,10.0,0.2,36.55045995978321,84.70212402886409,36.55045995978321,70.67168346821317,0.03685392082340914,none
New_Zealand,-3.8752769786122174,0.02074859016203134,-1180.830247943149,-1180.830247943149,2.7987767590922897e-34,0.005766917302549278,481,20.0,10.0,0.2,36.55045995978321,84.70212402886409,36.55045995978321,70.67168346821317,0.03685392082340914,none
New_Zealand,-3.8752529497901236,0.020749088732203044,-1178.8322283465466,-1178.8322283465466,2.0639403635656247e-33,0.005766917302549278,481,20.0,10.0,0.2,36.55045995978321,84.70212402886409,36.55045995978321,70.67168346821317,0.03685392082340914,none
New_Zealand,-3.8752289209680297,0.020749587314354948,-1182.503304832656,-1182.503304832656,5.25253413990135e-35,0.005766917302549278,481,20.0,10.0,0.2,36.55045995978321,84.70212402886409,36.55045995978321,70.67168346821317,0.03685392082340914,none
New_Zealand,-3.8752048921459354,0.020750085908487346,-1178.55431823891,-1178.55431823891,2.725159779887224e-33,0.005766917302549278,481,20.0,10.0,0.2,36.55045995978321,84.70212402886409,36.55045995978321,70.67168346821317,0.03685392082340914,none
New_Zealand,-3.8751808633238416,0.020750584514600507,-1179.936821657057,-1179.936821657057,6.838775779868001e-34,0.005766917302549278,481,20.0,10.0,0.2,36.55045995978321,84.70212402886409,36.55045995978321,70.67168346821317,0.03685392082340914,none
New_Zealand,-3.8751568345017477,0.02075108313269473,-1183.0548281853305,-1183.0548281853305,3.0258356485399843e-35,0.005766917302549278,481,20.0,10.0,0.2,36.55045995978321,84.70212402886409,36.55045995978321,70.67168346821317,0.03685392082340914,none
New_Zealand,-3.875132805679654,0.020751581762770303,-1185.295614229568,-1185.295614229568,3.218728318931704e-36,0.005766917302549278,481,20.0,10.0,0.2,36.55045995978321,84.70212402886409,36.55045995978321,70.67168346821317,0.03685392082340914,none
New_Zealand,-3.8751087768575596,0.02075208040482752,-1184.2824219601098,-1184.2824219601098,8.865599998834667e-36,0.005766917302549278,481,20.0,10.0,0.2,36.55045995978321,84.70212402886409,36.55045995978321,70.67168346821317,0.03685392082340914,none
New_Zealand,-3.8750847480354658,0.020752579058866658,-1188.5104076953605,-1188.5104076953605,1.2927580725361514e-37,0.005766917302549278,481,20.0,10.0,0.2,36.55045995978321,84.70212402886409,36.55045995978321,70.67168346821317,0.03685392082340914,none
New_Zealand,-3.875060719213372,0.020753077724888006,-1184.5330122063413,-1184.5330122063413,6.90046204750672e-36,0.005766917302549278,481,20.0,10.0,0.2,36.55045995978321,84.70212402886409,36.55045995978321,70.67168346821317,0.03685392082340914,none
New_Zealand,-3.875036690391278,0.020753576402891855,-1184.1443227685156,-1184.1443227685156,1.0178501608902439e-35,0.005766917302549278,481,20.0,10.0,0.2,36.55045995978321,84.70212402886409,36.55045995978321,70.67168346821317,0.03685392082340914,none
New_Zealand,-3.875012661569184,0.020754075092878504,-1188.5391861758571,-1188.5391861758571,1.2560846926747434e-37,0.005766917302549278,481,20.0,10.0,0.2,36.55045995978321,84.70212402886409,36.55045995978321,70.67168346821317,0.03685392082340914,none
New_Zealand,-3.87498863274709,0.02075457379484822,-1190.3132184993874,-1190.3132184993874,2.1309167063646213e-38,0.005766917302549278,481,20.0,10.0,0.2,36.55045995978321,84.70212402886409,36.55045995978321,70.67168346821317,0.03685392082340914,none
New_Zealand,-3.874964603924996,0.0207550725088013,-1186.211215185691,-1186.211215185691,1.2883797142288986e-36,0.005766917302549278,481,20.0,10.0,0.2,36.55045995978321,84.70212402886409,36.55045995978321,70.67168346821317,0.03685392082340914,none
New_Zealand,-3.8749405751029022,0.02075557123473803,-1185.6536835195393,-1185.6536835195393,2.2499703977404733e-36,0.005766917302549278,481,20.0,10.0,0.2,36.55045995978321,84.70212402886409,36.55045995978321,70.67168346821317,0.03685392082340914,none
New_Zealand,-3.874916546280808,0.020756069972658716,-1189.577014097933,-1189.577014097933,4.449343989247487e-38,0.005766917302549278,481,20.0,10.0,0.2,36.55045995978321,84.70212402886409,36.55045995978321,70.67168346821317,0.03685392082340914,none
New_Zealand,-3.874892517458714,0.02075656872256362,-1189.905412118048,-1189.905412118048,3.2038674143134045e-38,0.005766917302549278,481,20.0,10.0,0.2,36.55045995978321,84.70212402886409,36.55045995978321,70.67168346821317,0.03685392082340914,none
New_Zealand,-3.8748684886366203,0.020757067484453037,-1192.244188739957,-1192.244188739957,3.08998772414877e-39,0.005766917302549278,481,20.0,10.0,0.2,36.55045995978321,84.70212402886409,36.55045995978321,70.67168346821317,0.03685392082340914,none
New_Zealand,-3.8748444598145264,0.020757566258327264,-1193.252733758129,-1193.252733758129,1.1270708509748083e-39,0.005766917302549278,481,20.0,10.0,0.2,36.55045995978321,84.70212402886409,36.55045995978321,70.67168346821317,0.03685392082340914,none
New_Zealand,-3.874820430992432,0.020758065044186588,-1192.1278208158378,-1192.1278208158378,3.471320406740407e-39,0.005766917302549278,481,20.0,10.0,0.2,36.55045995978321,84.70212402886409,36.55045995978321,70.67168346821317,0.03685392082340914,none
New_Zealand,-3.8747964021703383,0.020758563842031286,-1194.8045017560025,-1194.8045017560025,2.387959403276644e-40,0.005766917302549278,481,20.0,10.0,0.2,36.55045995978321,84.70212402886409,36.55045995978321,70.67168346821317,0.03685392082340914,none
New_Zealand,-3.8747723733482444,0.020759062651861653,-1191.5744545266448,-1191.5744545266448,6.036964572768462e-39,0.005766917302549278,481,20.0,10.0,0.2,36.55045995978321,84.70212402886409,36.55045995978321,70.67168346821317,0.03685392082340914,none
