analysis,scenario,vaccine_scenario,resistance_scenario,intervention,calendar_start_date,calendar_end_date,calendar_start_year,calendar_end_year,total_symptomatic_cases,total_infections,total_reported_cases,total_infant_cases,total_infant_infections,total_child_1_9_cases,total_adolescent_cases,total_child_adolescent_cases,total_child_adolescent_infections,total_child_adolescent_reported_cases,total_deaths,total_infant_deaths,total_child_adolescent_deaths,total_child_adolescent_hospitalizations,resistant_infections,resistant_fraction,resistant_fraction_start,resistant_fraction_end,total_population,infant_population,child_1_9_population,adolescent_population,child_adolescent_population,analysis_years,annualized_infections_per_100k,annualized_reported_cases_per_100k,annualized_infant_cases_per_100k,annualized_infant_infections_per_100k,annualized_child_1_9_cases_per_100k,annualized_adolescent_cases_per_100k,annualized_child_adolescent_cases_per_100k,annualized_child_adolescent_infections_per_100k,annualized_child_adolescent_reported_cases_per_100k,annualized_deaths_per_million,annualized_infant_deaths_per_100k,annualized_child_adolescent_deaths_per_million,annualized_child_adolescent_hospitalizations_per_100k,peak_incidence_per_100k_year,treated_cases,PEP_FOI_reduction_case_proxy,PEP_averted_cases,peak_incidence,time_to_peak,outbreak_duration,n_epidemic_peaks,mean_peak_interval_years,proportion_asymptomatic,case_to_infection_ratio,mean_infection_to_case_ratio,vaccinated_origin_infection_share,waned_origin_infection_share,maternal_origin_infection_share,dose1_origin_infection_share,dose2_origin_infection_share,dose3plus_origin_infection_share,relative_reduction_vs_baseline,routine_age_pattern,routine_first_shot_months,routine_last_shot_months,routine_dose_count,routine_scheduler_code,calibration_loaded,calibration_country,calibration_artifact_path,calibration_hash_status,calibration_overlay_mode,calibration_config_hash,calibration_calibration_config_hash,calibration_accepted,calibration_calibration_status,calibration_fit_score,calibration_data_fit_score,calibration_optimizer_success,npi_contact_reduction_country,npi_contact_reduction_iso3,npi_contact_reduction_periods_loaded,npi_contact_reduction_reduction_column,resistance_timeline_country,resistance_timeline_iso3,resistance_timeline_anchor_year,resistance_timeline_configured_anchor_year,resistance_timeline_applied,resistance_timeline_allows_future_evidence,resistance_timeline_method,resistance_timeline_evidence_years,resistance_timeline_evidence_type,resistance_timeline_source,resistance_timeline_notes,diagnostic_standard_country,diagnostic_standard_iso3,diagnostic_standard_periods_loaded,diagnostic_standard_multiplier_column,prospective_policy,policy_start_time,simulation_phase,contact_reciprocity_error_before,contact_reciprocity_error_after,country,strategy,figure2_reference_parent,common_current_practice_denominator,observed_mean_annual_reported_incidence_per_100k,model_to_observed_reported_incidence_ratio,absolute_fit_relative_error,absolute_fit_relative_tolerance,absolute_fit_status,timeliness_definition,timeliness_grace_months,timeliness_recent_window_months,contact_matrix_directional_intervention,contact_matrix_reciprocity_correction_after_intervention,relative_reduction_infant_cases,relative_reduction_child_1_9_cases,relative_reduction_adolescent_cases,relative_reduction_child_adolescent_cases,relative_reduction_child_adolescent_infections,relative_reduction_child_adolescent_reported_cases,relative_reduction_total_infections,relative_reduction_reported_cases,relative_reduction_resistant_infections,relative_reduction_deaths,relative_reduction_infant_deaths,relative_reduction_child_adolescent_deaths,current_primary_cases_per_100k,current_primary_total_cases,figure2_reference_estimand
figure2_programme_reference,adolescent_booster,symptom_protective,country_timeline,adolescent_booster,2027-01-01,2051-01-01,2027,2051,3008362.549659148,14180293.368353054,355035.1828590708,292627.9978376905,640205.113340456,914223.1556113714,307992.64829152735,1514843.801740589,6145725.477344992,305604.97492822574,1025.8276825247508,1017.6972788226477,1019.037170923128,94245.82004218134,13561299.528057722,0.9563483050585699,0.043,0.9994102162369919,29813213.78715009,299913.58708479966,2899426.7521739434,2629897.169426901,5829237.508685644,24.000492823261258,1981.7837448878724,49.61836373735889,4065.365292571422,8894.116991992827,1313.771740075458,487.9568543394855,1082.7693257918133,4392.798137973268,218.43815994853588,1.433657663825656,14.138466675238577,7.2838017309073155,67.36435988219748,19247.36554058471,274667.7490476023,114662.5863020064,114662.5863020064,15721.255443859658,3227.0,8766.0,5,5.997945205479452,0.8096354048851555,0.21215093873678786,4.7136251479927855,0.763764131793013,0.5711451086983392,0.0022546989315199153,0.029833786748084446,0.040929689767488654,0.69074595634592,2.7381946177129635e-07,M2;M4;M6;M18;Y4;Y12-Y13,2.0,156.0,6,aP,True,Australia,/home/ctm/pertussis_transmission_analysis/outputs/calibrations/Australia_calibrated_config.yaml,current,fitted_parameters_and_state_only,fe4b0945dbc60905bca91e1dac7a67bb5863846eea9d42ff0fc0dbee6b1fb742,fbaadbe47d956b3f84d024d1fe55f5b483b9cf95f7db1635c7b7f23a7bb227b0,True,state_reconstruction_accepted,45.309268873949655,43.43914907044321,True,Australia,AUS,1,contact_reduction_mean,Australia,AUS,2025,2025,True,False,nearest_past_year,2024,measured_national_genomic_surveillance_fraction,https://doi.org/10.1016/j.lanmic.2025.101286,Nationwide Australian tNGS study of 2024-positive respiratory specimens estimated macrolide resistance at 8/188 (4.3%).,Australia,AUS,3,relative_detection_prior_mean,True,0.0,prospective_policy,1.5769242865424038e-05,1.502232944079048e-16,Australia,adolescent_booster,True,True,54.978665659530755,0.90250214591662,0.09749785408337996,0.25,calibrated_country_scenario_analysis,,,,,,5.399197728905847e-07,7.567050301915401e-07,-4.251453454795495e-05,-8.08262397189452e-06,-8.334068493098812e-07,-2.1900405295927072e-06,2.7381946177129635e-07,-1.8520336038108098e-06,4.3961160423044987e-07,2.4448101010321466e-07,2.473982075867909e-07,2.4763592487708763e-07,1082.7605742452402,1514831.5579266832,within-profile annualised <18 symptomatic-case index versus the same production-runtime current-practice row
figure2_programme_reference,cocooning_adjunct,symptom_protective,country_timeline,cocooning_adjunct,2027-01-01,2051-01-01,2027,2051,3002822.619437759,14175712.038605321,352058.6474792661,285600.57803087385,624393.9797514547,914483.378051101,308727.26788949914,1508811.2239714738,6137604.410812695,302616.5002654573,999.7251683163813,991.5946558197893,992.9322476452597,92093.01749801359,13556977.86315594,0.9563525152200922,0.043,0.9993786469942262,29813213.786605574,299913.5871002216,2899426.7522063237,2629897.169300283,5829237.508606828,24.000492823261258,1981.1434757428638,49.20237450033771,3967.7361222604136,8674.459152228923,1314.1456891183525,489.1207219753002,1078.4574025860957,4386.993419603013,216.302079193805,1.397177785039711,13.775833234172403,7.09721080892308,65.82559492485677,19659.925118510728,273003.9760450908,114391.30628912152,114391.30628912152,16058.23426265253,3234.0,8766.0,5,5.997945205479452,0.8099741027524454,0.21182869765272064,4.720795676322548,0.7639053902247632,0.5713788335046721,0.0021935450432659744,0.029688044246237326,0.04073187878168419,0.6912919221535757,0.0003233509501154863,M2;M4;M6;M18;Y4;Y12-Y13,2.0,156.0,6,aP,True,Australia,/home/ctm/pertussis_transmission_analysis/outputs/calibrations/Australia_calibrated_config.yaml,current,fitted_parameters_and_state_only,fe4b0945dbc60905bca91e1dac7a67bb5863846eea9d42ff0fc0dbee6b1fb742,fbaadbe47d956b3f84d024d1fe55f5b483b9cf95f7db1635c7b7f23a7bb227b0,True,state_reconstruction_accepted,45.309268873949655,43.43914907044321,True,Australia,AUS,1,contact_reduction_mean,Australia,AUS,2025,2025,True,False,nearest_past_year,2024,measured_national_genomic_surveillance_fraction,https://doi.org/10.1016/j.lanmic.2025.101286,Nationwide Australian tNGS study of 2024-positive respiratory specimens estimated macrolide resistance at 8/188 (4.3%).,Australia,AUS,3,relative_detection_prior_mean,True,0.0,prospective_policy,,,Australia,cocooning_adjunct,True,True,54.978665659530755,0.8949357702683404,0.10506422973165963,0.25,calibrated_country_scenario_analysis,,,,True,False,0.024015384926065142,-0.0002838808489638023,-0.002427801436872601,0.003974259648439893,0.0013205847610117116,0.009776712309966906,0.0003233509501154863,0.008381939309210051,0.00031911578220178427,0.02544555880763988,0.025648951672344822,0.025617484728172824,1082.7605742452402,1514831.5579266832,within-profile annualised <18 symptomatic-case index versus the same production-runtime current-practice row
figure2_programme_reference,current,symptom_protective,country_timeline,current,2027-01-01,2051-01-01,2027,2051,3008350.78353109,14180297.251194416,355034.52532319934,292628.15583341796,640205.4176491998,914223.8474091555,307979.5546841097,1514831.5579266832,6145720.355459554,305604.30564241036,1025.8279333202001,1017.6975305991926,1019.0374232734027,94245.85283554901,13561305.489764985,0.9563484636136741,0.043,0.9994102223797059,29813213.78714954,299913.5870848018,2899426.75217382,2629897.169426857,5829237.508685479,24.000492823261258,1981.7842875390158,49.61827184265297,4065.3674875436836,8894.12121963405,1313.7727342139503,487.9361099628894,1082.7605742452402,4392.794476988388,218.4376815611662,1.4336580143278417,14.138470173070651,7.2838035346389445,67.3643833220105,19247.836991122214,274667.33078406384,114662.09246278009,114662.09246278009,15721.640524836486,3227.0,8766.0,5,5.997945205479452,0.8096362549017098,0.21215005089386926,4.713644874401951,0.7637644286319661,0.5711402445102333,0.0022546985919467263,0.029833776294898032,0.04092967438464427,0.6907462793604771,0.0,M2;M4;M6;M18;Y4;Y12-Y13,2.0,156.0,6,aP,True,Australia,/home/ctm/pertussis_transmission_analysis/outputs/calibrations/Australia_calibrated_config.yaml,current,fitted_parameters_and_state_only,fe4b0945dbc60905bca91e1dac7a67bb5863846eea9d42ff0fc0dbee6b1fb742,fbaadbe47d956b3f84d024d1fe55f5b483b9cf95f7db1635c7b7f23a7bb227b0,True,state_reconstruction_accepted,45.309268873949655,43.43914907044321,True,Australia,AUS,1,contact_reduction_mean,Australia,AUS,2025,2025,True,False,nearest_past_year,2024,measured_national_genomic_surveillance_fraction,https://doi.org/10.1016/j.lanmic.2025.101286,Nationwide Australian tNGS study of 2024-positive respiratory specimens estimated macrolide resistance at 8/188 (4.3%).,Australia,AUS,3,relative_detection_prior_mean,True,0.0,prospective_policy,1.5769242865424038e-05,1.502232944079048e-16,Australia,current,True,True,54.978665659530755,0.9025004744554302,0.09749952554456975,0.25,calibrated_country_scenario_analysis,,,,,,0.0,0.0,0.0,0.0,0.0,0.0,0.0,0.0,0.0,0.0,0.0,0.0,1082.7605742452402,1514831.5579266832,within-profile annualised <18 symptomatic-case index versus the same production-runtime current-practice row
figure2_programme_reference,maternal_immunization,symptom_protective,country_timeline,maternal_immunization,2027-01-01,2051-01-01,2027,2051,2975818.666616532,14165474.39689339,337607.05951348494,255812.6656497597,590986.1384600597,912916.7317593375,311069.42282127263,1479798.82023037,6117282.904448046,288106.0652435364,673.81818183089,665.6966092820136,667.0226524614094,75394.01093714217,13542931.821731316,0.9560521195605985,0.043,0.9992754194745002,29813213.785731338,299913.58705685916,2899426.752160835,2629897.1696244394,5829237.508842134,24.000492823261258,1979.712702021839,47.182675658054016,3553.9044114515277,8210.33719829768,1311.8943617555087,492.8314291644796,1057.720122037855,4372.468157006359,205.93041319076016,0.9417026045498514,9.248260286121976,4.767697282348571,53.889597260891755,21437.300096068688,265499.0948254402,113349.79115855783,113349.79115855783,17509.994815149992,3234.0,8766.0,5,5.997945205479452,0.8117689496264135,0.21007546822922885,4.760194078962262,0.7657465700874774,0.5721665727066096,0.003149920837035664,0.02947198541374671,0.04043803344941174,0.6926866303872833,0.0010453133695612626,M2;M4;M6;M18;Y4;Y12-Y13,2.0,156.0,6,aP,True,Australia,/home/ctm/pertussis_transmission_analysis/outputs/calibrations/Australia_calibrated_config.yaml,current,fitted_parameters_and_state_only,fe4b0945dbc60905bca91e1dac7a67bb5863846eea9d42ff0fc0dbee6b1fb742,fbaadbe47d956b3f84d024d1fe55f5b483b9cf95f7db1635c7b7f23a7bb227b0,True,state_reconstruction_accepted,45.309268873949655,43.43914907044321,True,Australia,AUS,1,contact_reduction_mean,Australia,AUS,2025,2025,True,False,nearest_past_year,2024,measured_national_genomic_surveillance_fraction,https://doi.org/10.1016/j.lanmic.2025.101286,Nationwide Australian tNGS study of 2024-positive respiratory specimens estimated macrolide resistance at 8/188 (4.3%).,Australia,AUS,3,relative_detection_prior_mean,True,0.0,prospective_policy,,,Australia,maternal_immunization,True,True,54.978665659530755,0.8581997233298573,0.14180027667014272,0.25,calibrated_country_scenario_analysis,,,,True,False,0.12580980144855203,0.0014297544890370384,-0.010032705386343377,0.023126490567723312,0.004627195734059897,0.057257833334811714,0.0010453133695612626,0.049086679088039764,0.0013548598287632663,0.34314697431760655,0.3458797046603135,0.34543851165076345,1082.7605742452402,1514831.5579266832,within-profile annualised <18 symptomatic-case index versus the same production-runtime current-practice row
figure2_programme_reference,pregnancy_tdap_scaleup,symptom_protective,country_timeline,pregnancy_tdap_scaleup,2027-01-01,2051-01-01,2027,2051,2980831.4027051684,14171148.328498604,340139.977932984,261867.84257913698,605641.385528913,912653.6287906554,310435.3667651669,1484956.8381349593,6125175.322917708,290640.2090860258,690.5810656405529,682.4580715945691,683.7859542745475,77042.84173573377,13548352.703257494,0.9560518589740078,0.043,0.9992981779617496,29813213.78618937,299913.58709039795,2899426.752358333,2629897.169403609,5829237.508852339,24.000492823261258,1980.5056690431688,47.53666667998701,3638.0265945447727,8413.93676142299,1311.5162731843136,491.82688575220766,1061.4069335491092,4378.109443984993,207.74175058146295,0.9651297719356325,9.48112066632418,4.887516824004397,55.06813686338441,21090.570304218152,266958.5912342025,113596.07017327132,113596.07017327132,17226.78579047432,3234.0,8766.0,5,5.997945205479452,0.8114909669161336,0.21034508521166398,4.754092537953667,0.7656379116855632,0.5719247515266913,0.0032381091320981804,0.029608404582039626,0.04062355719857257,0.6921678407728528,0.0006451855369280501,M2;M4;M6;M18;Y4;Y12-Y13,2.0,156.0,6,aP,True,Australia,/home/ctm/pertussis_transmission_analysis/outputs/calibrations/Australia_calibrated_config.yaml,current,fitted_parameters_and_state_only,fe4b0945dbc60905bca91e1dac7a67bb5863846eea9d42ff0fc0dbee6b1fb742,fbaadbe47d956b3f84d024d1fe55f5b483b9cf95f7db1635c7b7f23a7bb227b0,True,state_reconstruction_accepted,45.309268873949655,43.43914907044321,True,Australia,AUS,1,contact_reduction_mean,Australia,AUS,2025,2025,True,False,nearest_past_year,2024,measured_national_genomic_surveillance_fraction,https://doi.org/10.1016/j.lanmic.2025.101286,Nationwide Australian tNGS study of 2024-positive respiratory specimens estimated macrolide resistance at 8/188 (4.3%).,Australia,AUS,3,relative_detection_prior_mean,True,0.0,prospective_policy,1.5769242865424038e-05,1.502232944079048e-16,Australia,pregnancy_tdap_scaleup,True,True,54.978665659530755,0.8646384212808983,0.1353615787191017,0.25,calibrated_country_scenario_analysis,,,,,,0.10511740801794767,0.0017175428347772081,-0.007973945165211216,0.019721479710337553,0.0033429820026865675,0.048965594659828415,0.0006451855369280501,0.04195239146574925,0.0009551282888853319,0.32680614047483136,0.3294097203982048,0.3289883779949354,1082.7605742452402,1514831.5579266832,within-profile annualised <18 symptomatic-case index versus the same production-runtime current-practice row
figure2_programme_reference,targeted_pep_high_risk,symptom_protective,country_timeline,targeted_pep_high_risk,2027-01-01,2051-01-01,2027,2051,2978734.043797889,14067117.919266224,350495.56368502346,287286.3260535062,628664.7280476071,905490.932105599,307476.0199866115,1500253.2781457168,6097449.545705929,301559.6404556596,1001.0811245353821,993.0924717064227,994.4132373926725,92342.62008824729,13650061.741663877,0.9703524076505288,0.043,0.9997509368355713,29813213.78901116,299913.58703105093,2899426.751526571,2629897.1702798847,5829237.508837507,24.000492823261258,1965.9667754335246,48.98392386388301,3991.155555202178,8733.790974929874,1301.2232193626746,487.1383530778794,1072.3404146262285,4358.291809291237,215.54666441418678,1.3990728176485296,13.796641802375046,7.107796522287594,66.00400409422436,17395.174273279463,271310.7462935811,163203.57957763126,163203.57957763126,14208.38491798322,3227.0,8766.0,5,5.997945205479452,0.8098014899531258,0.21175155144738184,4.722515576224668,0.7632342256478326,0.5710720447904617,0.0022001397712111204,0.02974019801309347,0.04078055135241881,0.6905133365111091,0.007981449889469583,M2;M4;M6;M18;Y4;Y12-Y13,2.0,156.0,6,aP,True,Australia,/home/ctm/pertussis_transmission_analysis/outputs/calibrations/Australia_calibrated_config.yaml,current,fitted_parameters_and_state_only,fe4b0945dbc60905bca91e1dac7a67bb5863846eea9d42ff0fc0dbee6b1fb742,fbaadbe47d956b3f84d024d1fe55f5b483b9cf95f7db1635c7b7f23a7bb227b0,True,state_reconstruction_accepted,45.309268873949655,43.43914907044321,True,Australia,AUS,1,contact_reduction_mean,Australia,AUS,2025,2025,True,False,nearest_past_year,2024,measured_national_genomic_surveillance_fraction,https://doi.org/10.1016/j.lanmic.2025.101286,Nationwide Australian tNGS study of 2024-positive respiratory specimens estimated macrolide resistance at 8/188 (4.3%).,Australia,AUS,3,relative_detection_prior_mean,True,0.0,prospective_policy,1.5769242865424038e-05,1.502232944079048e-16,Australia,targeted_pep_high_risk,True,True,54.978665659530755,0.8909623992555277,0.10903760074447233,0.25,calibrated_country_scenario_analysis,,,,,,0.01825466782134466,0.009552272485896074,0.00163496144416031,0.009623696934361714,0.007854377837212101,0.013234974481948103,0.007981449889469583,0.012784564075969618,-0.0065448162026788825,0.024123742375314783,0.024177182466270875,0.02416416249133535,1082.7605742452402,1514831.5579266832,within-profile annualised <18 symptomatic-case index versus the same production-runtime current-practice row
figure2_programme_reference,timeliness_only,symptom_protective,country_timeline,timeliness_only,2027-01-01,2051-01-01,2027,2051,2713593.5415042797,13838636.254427474,295215.60302715446,214345.07635715324,566957.3658951098,780644.0912655117,298780.60423354787,1293769.7718562128,5931720.175818364,248197.90805659565,840.7560077185792,833.468279251044,834.3904070000757,69268.14376794834,13198300.264696378,0.953728389274902,0.043,0.9992644737615722,29813213.785305515,299913.5871033962,2899426.75230388,2629897.1692151064,5829237.508622383,24.000492823261258,1934.0350491861814,41.258207299037956,2977.8115574752264,7876.514942405516,1121.8137932961342,473.36209029637587,924.7515961765625,4239.832943994912,177.40514319925626,1.1750085462513318,11.57904588677024,5.9639966668929585,49.51099330578338,24395.56216047481,238923.44563121785,104913.53611382836,104913.53611382836,19926.30438638206,3304.0,8766.0,5,5.997945205479452,0.825354727327194,0.1960882193602064,5.099745427148987,0.8413234371798658,0.6200031862803345,0.0020517133443422597,0.035793078040762934,0.035092245469610546,0.7683864003251499,0.024094064511811508,M2;M4;M6;M18;Y4;Y12-Y13,2.0,156.0,6,aP,True,Australia,/home/ctm/pertussis_transmission_analysis/outputs/calibrations/Australia_calibrated_config.yaml,current,fitted_parameters_and_state_only,fe4b0945dbc60905bca91e1dac7a67bb5863846eea9d42ff0fc0dbee6b1fb742,fbaadbe47d956b3f84d024d1fe55f5b483b9cf95f7db1635c7b7f23a7bb227b0,True,state_reconstruction_accepted,45.309268873949655,43.43914907044321,True,Australia,AUS,1,contact_reduction_mean,Australia,AUS,2025,2025,True,False,nearest_past_year,2024,measured_national_genomic_surveillance_fraction,https://doi.org/10.1016/j.lanmic.2025.101286,Nationwide Australian tNGS study of 2024-positive respiratory specimens estimated macrolide resistance at 8/188 (4.3%).,Australia,AUS,3,relative_detection_prior_mean,True,0.0,prospective_policy,1.5769242865424038e-05,1.502232944079048e-16,Australia,timeliness_only,True,True,54.978665659530755,0.7504403172412333,0.24955968275876672,0.25,calibrated_country_scenario_analysis,schedule_relative,1.0,48.0,,,0.26751724984669034,0.14611274527808382,0.02986870495347349,0.14593159543033873,0.03482100832184509,0.1878455130569604,0.024094064511811508,0.16848762029999698,0.026767719770237064,0.18041225003750494,0.18102554620495093,0.1811974830916363,1082.7605742452402,1514831.5579266832,within-profile annualised <18 symptomatic-case index versus the same production-runtime current-practice row
figure2_programme_reference,adolescent_booster,symptom_protective,country_timeline,adolescent_booster,2027-01-01,2051-01-01,2027,2051,13519332.226111114,70053820.6012276,1340397.034406845,395719.24882719177,849960.6637659932,2105269.634145373,2016952.47667674,4517941.359649305,22370939.812725786,919076.1360962683,1270.4042813622284,1243.0600405613857,1245.3547684251384,128292.78387893304,48656831.901184015,0.694563572458907,0.009999999999999998,0.9861445469348947,217576703.78074858,2110625.9290923392,20903584.637711123,20136065.350869402,43150275.917672865,24.000492823261258,1341.5265533783534,25.668524547180372,781.1883308344736,1677.9051162413211,419.63026144319383,417.35045751455465,436.25141947712916,2160.133005598947,88.74578863738836,0.24328167433927353,2.453921564571755,1.2025118128586105,12.387922865869484,13938.614251826835,776626.9456008282,1549216.467997354,1549216.467997354,83088.15737489994,364.0,8766.0,3,10.020547945205479,0.8114405223639922,0.192984938010279,5.181751541390949,0.42703739272201346,0.3113646067877771,0.0005228142773937643,0.010577310950915358,0.01439290438333465,0.4015443631103697,0.01983027750285493,M2;M4;M6;M15;Y4,2.0,48.0,5,wP,True,Brazil,/home/ctm/pertussis_transmission_analysis/outputs/calibrations/Brazil_calibrated_config.yaml,current,fitted_parameters_and_state_only,fe4b0945dbc60905bca91e1dac7a67bb5863846eea9d42ff0fc0dbee6b1fb742,fbaadbe47d956b3f84d024d1fe55f5b483b9cf95f7db1635c7b7f23a7bb227b0,True,state_reconstruction_accepted,35.76538746298039,33.05184950384161,True,Brazil,BRA,1,contact_reduction_mean,Brazil,BRA,2025,2025,True,False,exact_year,2025,low_detected_model_anchor,https://www.paho.org/en/news/26-8-2025-paho-calls-strengthened-vaccination-and-surveillance-amid-spread-antibiotic,"PAHO reported antibiotic-resistant pertussis cases detected in Brazil since 2024, but no public national resistant fraction or denominator was located, so keep a conservative low detected anchor pending numeric reporting.",Brazil,BRA,3,relative_detection_prior_mean,True,0.0,prospective_policy,2.8141735141323725e-05,1.480345728618647e-16,Brazil,adolescent_booster,True,True,0.8601273820862417,29.842701304219943,28.842701304219943,0.25,calibrated_country_scenario_analysis,,,,,,0.01942080584660355,0.021635715344245687,0.09959521581530517,0.05786589259004438,0.03187416617297634,0.03783848167219517,0.01983027750285493,0.030539367152709995,-0.005205838352904779,0.021385798243223064,0.02169933198077778,0.021706266016902287,463.0459889372213,4795433.3931414625,within-profile annualised <18 symptomatic-case index versus the same production-runtime current-practice row
figure2_programme_reference,cocooning_adjunct,symptom_protective,country_timeline,cocooning_adjunct,2027-01-01,2051-01-01,2027,2051,11715669.965717182,62359195.2593714,1172676.7146275607,329684.83913757413,706513.9064730316,1889608.1403300874,2035702.9443024618,4254995.923770123,20488005.548086654,829000.9628483384,1056.8926855469438,1032.8180502990629,1034.851733538951,107818.26539043462,42328855.27054421,0.678790915990581,0.009999999999999998,0.9625392784465836,217576703.76752245,2110625.928858908,20903584.639847454,20136065.35123111,43150275.91993748,24.000492823261258,1194.1749297164192,22.45669026750306,650.8299759971151,1394.7272491944732,376.643801349823,421.23032891332906,410.86146626320584,1978.3172889239995,80.04814980590777,0.20239432905304328,2.0388834034464915,0.9992505474132254,10.410907883789234,12603.139745602837,683821.3968815454,1397153.2291263817,1397153.2291263817,75127.38638273197,364.0,8106.0,3,9.521917808219179,0.8165692530625824,0.18787397619529958,5.322716962994787,0.5151785108477742,0.3932558442312684,0.00048625613272132586,0.010520810448206493,0.014314872535928315,0.489856571730918,0.12749091215943953,M2;M4;M6;M15;Y4,2.0,48.0,5,wP,True,Brazil,/home/ctm/pertussis_transmission_analysis/outputs/calibrations/Brazil_calibrated_config.yaml,current,fitted_parameters_and_state_only,fe4b0945dbc60905bca91e1dac7a67bb5863846eea9d42ff0fc0dbee6b1fb742,fbaadbe47d956b3f84d024d1fe55f5b483b9cf95f7db1635c7b7f23a7bb227b0,True,state_reconstruction_accepted,35.76538746298039,33.05184950384161,True,Brazil,BRA,1,contact_reduction_mean,Brazil,BRA,2025,2025,True,False,exact_year,2025,low_detected_model_anchor,https://www.paho.org/en/news/26-8-2025-paho-calls-strengthened-vaccination-and-surveillance-amid-spread-antibiotic,"PAHO reported antibiotic-resistant pertussis cases detected in Brazil since 2024, but no public national resistant fraction or denominator was located, so keep a conservative low detected anchor pending numeric reporting.",Brazil,BRA,3,relative_detection_prior_mean,True,0.0,prospective_policy,,,Brazil,cocooning_adjunct,True,True,0.8601273820862417,26.108563377013166,25.108563377013166,0.25,calibrated_country_scenario_analysis,,,,True,False,0.18305188629504865,0.12185827102179247,0.09122466125285078,0.1126983580913612,0.1133601171547165,0.1321362901475427,0.12749091215943953,0.15184540050015627,0.12552439634462165,0.18585744161689188,0.18716187828419928,0.1870678201979683,463.0459889372213,4795433.3931414625,within-profile annualised <18 symptomatic-case index versus the same production-runtime current-practice row
figure2_programme_reference,current,symptom_protective,country_timeline,current,2027-01-01,2051-01-01,2027,2051,13923768.84530311,71471112.59747328,1382621.4175093637,403556.64405957976,867640.453969204,2151825.927380546,2240050.821701336,4795433.3931414625,23107471.189249177,955220.2188397463,1298.1666105822287,1270.6319040732387,1272.9865531845007,131153.06095864446,48404844.10726404,0.6772644547998166,0.009999999999999998,0.9589282297401389,217576703.7860448,2110625.9287585,20903584.63773547,20136065.349669117,43150275.91616308,24.000492823261258,1368.6676118988214,26.477119004995096,796.6601123252367,1712.8067439647375,428.9100369095704,463.5142603305223,463.0459889372213,2231.2523126621595,92.23585328451905,0.2485981440864235,2.5083511083850936,1.229193003214576,12.66411058916937,15921.894745519883,799774.2429622144,1668946.6369694965,1668946.6369694965,94910.50347283734,364.0,7805.0,2,17.087671232876712,0.809632663571484,0.19481673559109192,5.13302923881723,0.41465256150926194,0.30184122276522857,0.000525113892735045,0.010615726489291322,0.014448332701310991,0.3890633884259246,0.0,M2;M4;M6;M15;Y4,2.0,48.0,5,wP,True,Brazil,/home/ctm/pertussis_transmission_analysis/outputs/calibrations/Brazil_calibrated_config.yaml,current,fitted_parameters_and_state_only,fe4b0945dbc60905bca91e1dac7a67bb5863846eea9d42ff0fc0dbee6b1fb742,fbaadbe47d956b3f84d024d1fe55f5b483b9cf95f7db1635c7b7f23a7bb227b0,True,state_reconstruction_accepted,35.76538746298039,33.05184950384161,True,Brazil,BRA,1,contact_reduction_mean,Brazil,BRA,2025,2025,True,False,exact_year,2025,low_detected_model_anchor,https://www.paho.org/en/news/26-8-2025-paho-calls-strengthened-vaccination-and-surveillance-amid-spread-antibiotic,"PAHO reported antibiotic-resistant pertussis cases detected in Brazil since 2024, but no public national resistant fraction or denominator was located, so keep a conservative low detected anchor pending numeric reporting.",Brazil,BRA,3,relative_detection_prior_mean,True,0.0,prospective_policy,2.8141735141323725e-05,1.480345728618647e-16,Brazil,current,True,True,0.8601273820862417,30.782788173508393,29.782788173508393,0.25,calibrated_country_scenario_analysis,,,,,,0.0,0.0,0.0,0.0,0.0,0.0,0.0,0.0,0.0,0.0,0.0,0.0,463.0459889372213,4795433.3931414625,within-profile annualised <18 symptomatic-case index versus the same production-runtime current-practice row
figure2_programme_reference,maternal_immunization,symptom_protective,country_timeline,maternal_immunization,2027-01-01,2051-01-01,2027,2051,11639433.643225081,62067251.025012046,1148648.5369435474,300705.35536211816,675066.0282214634,1878933.7983000255,2030162.5752050427,4209801.728867186,20373456.8346133,806394.3943962685,739.9067548617402,715.9507108939824,717.9696335295819,91494.49886610232,42134842.189512946,0.6788578758310614,0.009999999999999998,0.9629501967505482,217576703.76794824,2110625.9287613765,20903584.638246387,20136065.352913618,43150275.91992138,24.000492823261258,1188.5842147586304,21.996552074885955,593.6216531325177,1332.646075304687,374.51615137885886,420.0839084224643,406.49752478913075,1967.2564904611413,77.86526455109802,0.14169170934726075,1.413356420109263,0.693269891791481,8.834688594918836,12500.677993525207,673773.236874879,1387051.788337306,1387051.788337306,74516.6113067327,364.0,8106.0,3,9.521917808219179,0.8169245919108368,0.18752938870346597,5.332497518995633,0.5153033999492617,0.3932262684093328,0.0006940183442668603,0.010504394645687176,0.014292437564308218,0.4898125493949993,0.1315756986381892,M2;M4;M6;M15;Y4,2.0,48.0,5,wP,True,Brazil,/home/ctm/pertussis_transmission_analysis/outputs/calibrations/Brazil_calibrated_config.yaml,current,fitted_parameters_and_state_only,fe4b0945dbc60905bca91e1dac7a67bb5863846eea9d42ff0fc0dbee6b1fb742,fbaadbe47d956b3f84d024d1fe55f5b483b9cf95f7db1635c7b7f23a7bb227b0,True,state_reconstruction_accepted,35.76538746298039,33.05184950384161,True,Brazil,BRA,1,contact_reduction_mean,Brazil,BRA,2025,2025,True,False,exact_year,2025,low_detected_model_anchor,https://www.paho.org/en/news/26-8-2025-paho-calls-strengthened-vaccination-and-surveillance-amid-spread-antibiotic,"PAHO reported antibiotic-resistant pertussis cases detected in Brazil since 2024, but no public national resistant fraction or denominator was located, so keep a conservative low detected anchor pending numeric reporting.",Brazil,BRA,3,relative_detection_prior_mean,True,0.0,prospective_policy,,,Brazil,maternal_immunization,True,True,0.8601273820862417,25.573598205341685,24.573598205341685,0.25,calibrated_country_scenario_analysis,,,,True,False,0.25486208742056293,0.12681886838900425,0.0936979841988057,0.12212278153597667,0.11831733261698862,0.15580263221840962,0.1315756986381892,0.16922411124463266,0.1295325299231811,0.4300371394316701,0.4365396393724462,0.43599590134435406,463.0459889372213,4795433.3931414625,within-profile annualised <18 symptomatic-case index versus the same production-runtime current-practice row
figure2_programme_reference,pregnancy_tdap_scaleup,symptom_protective,country_timeline,pregnancy_tdap_scaleup,2027-01-01,2051-01-01,2027,2051,13830984.694103565,71133507.42309716,1353230.6548385606,367876.7472730895,829145.0358385136,2139592.7859972976,2233830.412455832,4741299.94572622,22975437.160804905,927633.2580250937,905.1407047264372,877.7454029623996,880.082959395005,110972.2146370526,48185579.75632541,0.6773963705981898,0.009999999999999998,0.9590999463318554,217576703.78188354,2110625.9288176023,20903584.637469806,20136065.35094864,43150275.91723605,24.000492823261258,1362.2024926482172,25.914287625166647,726.2245216633013,1636.8130399781123,426.47168116537085,462.22712504401693,457.8188752036818,2218.503135992054,89.57206244110044,0.17333391376893706,1.7327548972138027,0.8498061611127075,10.715452526852358,15790.463641708051,787555.3765650918,1656495.367909032,1656495.367909032,94127.04192741135,364.0,7805.0,2,17.087671232876712,0.8100234580234339,0.19443698469467882,5.143054453196152,0.41487444845595123,0.30187387494368045,0.0007514330183952771,0.01059922112662769,0.014425719274764163,0.3890980750361641,0.004723659141526393,M2;M4;M6;M15;Y4,2.0,48.0,5,wP,True,Brazil,/home/ctm/pertussis_transmission_analysis/outputs/calibrations/Brazil_calibrated_config.yaml,current,fitted_parameters_and_state_only,fe4b0945dbc60905bca91e1dac7a67bb5863846eea9d42ff0fc0dbee6b1fb742,fbaadbe47d956b3f84d024d1fe55f5b483b9cf95f7db1635c7b7f23a7bb227b0,True,state_reconstruction_accepted,35.76538746298039,33.05184950384161,True,Brazil,BRA,1,contact_reduction_mean,Brazil,BRA,2025,2025,True,False,exact_year,2025,low_detected_model_anchor,https://www.paho.org/en/news/26-8-2025-paho-calls-strengthened-vaccination-and-surveillance-amid-spread-antibiotic,"PAHO reported antibiotic-resistant pertussis cases detected in Brazil since 2024, but no public national resistant fraction or denominator was located, so keep a conservative low detected anchor pending numeric reporting.",Brazil,BRA,3,relative_detection_prior_mean,True,0.0,prospective_policy,2.8141735141323725e-05,1.480345728618647e-16,Brazil,pregnancy_tdap_scaleup,True,True,0.8601273820862417,30.12843000336934,29.12843000336934,0.25,calibrated_country_scenario_analysis,,,,,,0.08841360267933696,0.0056850051054734285,0.002776905410020847,0.011288541221438408,0.005713910767773722,0.02888021031229948,0.004723659141526393,0.02125727426076418,0.0045298018200977674,0.30275459455818166,0.3092056006553676,0.3086470888530667,463.0459889372213,4795433.3931414625,within-profile annualised <18 symptomatic-case index versus the same production-runtime current-practice row
figure2_programme_reference,targeted_pep_high_risk,symptom_protective,country_timeline,targeted_pep_high_risk,2027-01-01,2051-01-01,2027,2051,14961511.648299022,76800299.8978558,1475906.7516190251,429861.8223667018,925258.7382708602,2273656.348211304,2392723.3805126674,5096241.551090673,24589396.9944044,1014114.2891670171,1387.4463768840833,1356.8525112608593,1359.3487378912162,139714.89911276166,69261080.11543654,0.9018334590822379,0.009999999999999998,0.9963075645401652,217576703.78911966,2110625.9289626596,20903584.639060996,20136065.35054184,43150275.918565504,24.000492823261258,1470.7212359324903,28.26352767826682,848.5890957287858,1826.5508476689681,453.19373456768005,495.10546684983996,492.0919581807532,2374.3467408586143,97.92265169779452,0.26569516693488654,2.678558982579179,1.3125841378854266,13.490839788924676,15389.85074853803,853446.6864803314,1387369.3509034938,1387369.3509034938,91738.98623762796,728.0,8766.0,2,19.08219178082192,0.8094961953885762,0.19481058886746266,5.133191197734839,0.41178463012468247,0.3001108641113394,0.0005231346381392834,0.010455116153371762,0.014233547437017293,0.38657283189615416,-0.07456421352213471,M2;M4;M6;M15;Y4,2.0,48.0,5,wP,True,Brazil,/home/ctm/pertussis_transmission_analysis/outputs/calibrations/Brazil_calibrated_config.yaml,current,fitted_parameters_and_state_only,fe4b0945dbc60905bca91e1dac7a67bb5863846eea9d42ff0fc0dbee6b1fb742,fbaadbe47d956b3f84d024d1fe55f5b483b9cf95f7db1635c7b7f23a7bb227b0,True,state_reconstruction_accepted,35.76538746298039,33.05184950384161,True,Brazil,BRA,1,contact_reduction_mean,Brazil,BRA,2025,2025,True,False,exact_year,2025,low_detected_model_anchor,https://www.paho.org/en/news/26-8-2025-paho-calls-strengthened-vaccination-and-surveillance-amid-spread-antibiotic,"PAHO reported antibiotic-resistant pertussis cases detected in Brazil since 2024, but no public national resistant fraction or denominator was located, so keep a conservative low detected anchor pending numeric reporting.",Brazil,BRA,3,relative_detection_prior_mean,True,0.0,prospective_policy,2.8141735141323725e-05,1.480345728618647e-16,Brazil,targeted_pep_high_risk,True,True,0.8601273820862417,32.85969993155379,31.85969993155379,0.25,calibrated_country_scenario_analysis,,,,,,-0.06518336073594266,-0.056617228782564144,-0.06815584598896507,-0.06272804416295208,-0.06413189020201804,-0.06165496622214106,-0.07456421352213471,-0.06746990385676543,-0.4308708434625994,-0.06877373487661376,-0.0678564790567786,-0.06784218143598775,463.0459889372213,4795433.3931414625,within-profile annualised <18 symptomatic-case index versus the same production-runtime current-practice row
figure2_programme_reference,timeliness_only,symptom_protective,country_timeline,timeliness_only,2027-01-01,2051-01-01,2027,2051,11770556.10299968,62936649.08119214,1087863.5708442417,269037.0286491932,719020.0023275097,1585672.6618743755,1857526.953024662,3712236.6435482306,19892934.582782295,710715.5618832756,982.2675522754329,958.6993403937017,960.2196663144828,87547.04817702831,43862978.830038205,0.6969385798321145,0.009999999999999998,0.9825212169767276,217576703.77204013,2110625.9286421402,20903584.636225205,20136065.35370435,43150275.918571696,24.000492823261258,1205.2331364918361,20.832523540812872,531.1052924790583,1419.4155003562198,316.0622387369796,384.3619185607429,358.4527500983109,1920.8573680551958,68.62653762590513,0.18810365982081834,1.8925658528707667,0.9271859882292467,8.453523628830425,11586.750249051474,649397.6008551087,1326773.8724424858,1326773.8724424858,69068.68292105438,364.0,8766.0,4,6.347945205479452,0.8174935929266831,0.1870222878853137,5.346956297600331,0.4513891997083718,0.32393387675530033,0.0005029746010841185,0.012298910957887486,0.013383593415890268,0.42520372073351,0.1194113706379164,M2;M4;M6;M15;Y4,2.0,48.0,5,wP,True,Brazil,/home/ctm/pertussis_transmission_analysis/outputs/calibrations/Brazil_calibrated_config.yaml,current,fitted_parameters_and_state_only,fe4b0945dbc60905bca91e1dac7a67bb5863846eea9d42ff0fc0dbee6b1fb742,fbaadbe47d956b3f84d024d1fe55f5b483b9cf95f7db1635c7b7f23a7bb227b0,True,state_reconstruction_accepted,35.76538746298039,33.05184950384161,True,Brazil,BRA,1,contact_reduction_mean,Brazil,BRA,2025,2025,True,False,exact_year,2025,low_detected_model_anchor,https://www.paho.org/en/news/26-8-2025-paho-calls-strengthened-vaccination-and-surveillance-amid-spread-antibiotic,"PAHO reported antibiotic-resistant pertussis cases detected in Brazil since 2024, but no public national resistant fraction or denominator was located, so keep a conservative low detected anchor pending numeric reporting.",Brazil,BRA,3,relative_detection_prior_mean,True,0.0,prospective_policy,2.8141735141323725e-05,1.480345728618647e-16,Brazil,timeliness_only,True,True,0.8601273820862417,24.22027710626247,23.22027710626247,0.25,calibrated_country_scenario_analysis,schedule_relative,1.0,48.0,,,0.3333351523027497,0.26310365457644536,0.17076570985391493,0.2258808872936613,0.1391124359796867,0.25596679397496114,0.1194113706379164,0.2131876759121054,0.0938308006355969,0.243342461384918,0.24549404330206193,0.24569535796556607,463.0459889372213,4795433.3931414625,within-profile annualised <18 symptomatic-case index versus the same production-runtime current-practice row
figure2_programme_reference,adolescent_booster,symptom_protective,country_timeline,adolescent_booster,2027-01-01,2051-01-01,2027,2051,41318384.31177108,199440858.11902052,7831931.7670998415,1633995.1673238396,3276609.7603171715,6401311.6723297965,4224204.075237309,12259510.914890945,56921964.532935284,5313361.228292708,6699.164147070687,6544.4060244823595,6552.401607684086,564563.7373781069,199412422.9575398,0.9998574255959942,0.997,0.9999557267643115,1336915575.6669774,7978469.581143079,78945023.77738577,88756327.51365334,175679820.8721822,24.000492823261258,621.5699232562955,24.408705785449712,853.318211826147,1711.1377300492436,337.8501013676275,198.30122981392145,290.757619901255,1350.0126589550118,126.01646796019344,0.2087836456405086,3.417672804639803,1.5540266730977736,13.389702876582966,11337.497296485457,2633499.662586194,1126470.411185766,1126470.411185766,415267.8554727029,6811.0,8708.0,3,10.797260273972602,0.8073544120380229,0.20717111178449435,4.826927805649999,0.44764047814807645,0.33464696390512594,3.68022609977243e-05,0.01204507854643197,0.016434334938925182,0.4191242624017214,-0.008766195312920333,M3;M4;M5;M18,3.0,18.0,4,aP,True,China,/home/ctm/pertussis_transmission_analysis/outputs/calibrations/China_calibrated_config.yaml,current,fitted_parameters_and_state_only,fe4b0945dbc60905bca91e1dac7a67bb5863846eea9d42ff0fc0dbee6b1fb742,fbaadbe47d956b3f84d024d1fe55f5b483b9cf95f7db1635c7b7f23a7bb227b0,True,state_reconstruction_accepted,60.94514257549577,56.10620773765417,True,China,CHN,1,contact_reduction_mean,China,CHN,2025,2025,True,False,nearest_past_year,2024,measured_multicenter_isolate_fraction,https://www.sciencedirect.com/science/article/pii/S2666606525001658,Five sentinel hospitals in China during 2024; 393/394 isolates displayed high-level azithromycin resistance.,China,CHN,7,relative_detection_prior_mean,True,0.0,prospective_policy,2.010611200412732e-05,1.6667804836994706e-16,China,adolescent_booster,True,True,4.146450779474111,5.8866503145963875,4.8866503145963875,0.25,calibrated_country_scenario_analysis,,,,,,-0.007937201908885472,-0.007907660624181911,0.011889561310069463,-0.001001140707999948,-0.005784781193592936,-0.005126850917852588,-0.008766195312920333,-0.006529855833028231,-0.008767606733209643,-0.006892679441100169,-0.006805971461096405,-0.006806809632050825,290.46682174168603,12247249.694423398,within-profile annualised <18 symptomatic-case index versus the same production-runtime current-practice row
figure2_programme_reference,cocooning_adjunct,symptom_protective,country_timeline,cocooning_adjunct,2027-01-01,2051-01-01,2027,2051,37396397.18015036,187252418.8607438,7166290.374714678,1462963.010003956,2919010.945663927,6070528.871882679,4245222.56043882,11778714.442325456,54708624.742552176,4985507.764380602,6003.807232559802,5858.299877291781,5865.745456347264,507699.80506160535,187224073.5912557,0.9998486253493517,0.997,0.9999586458965116,1336915575.769968,7978469.583113713,78945023.78960267,88756327.58487637,175679820.95759276,24.000492823261258,583.5838890264074,22.334192702090956,764.0004109685467,1524.3895757165424,320.3919601772552,199.28792238712947,279.35461690581934,1297.5190952487824,118.24079940294124,0.18711241195489062,3.0593688857627406,1.391173105391482,12.041066556168497,10732.13073391852,2443345.127718137,1014003.877390405,1014003.877390405,393094.5955993219,7161.0,8708.0,3,11.305479452054794,0.8148399163159715,0.19971115677796064,5.007231524435074,0.5557548420050188,0.432128322521461,3.490959014192076e-05,0.011956587107395677,0.016313264207162184,0.5274500811003191,0.052882584246767506,M3;M4;M5;M18,3.0,18.0,4,aP,True,China,/home/ctm/pertussis_transmission_analysis/outputs/calibrations/China_calibrated_config.yaml,current,fitted_parameters_and_state_only,fe4b0945dbc60905bca91e1dac7a67bb5863846eea9d42ff0fc0dbee6b1fb742,fbaadbe47d956b3f84d024d1fe55f5b483b9cf95f7db1635c7b7f23a7bb227b0,True,state_reconstruction_accepted,60.94514257549577,56.10620773765417,True,China,CHN,1,contact_reduction_mean,China,CHN,2025,2025,True,False,nearest_past_year,2024,measured_multicenter_isolate_fraction,https://www.sciencedirect.com/science/article/pii/S2666606525001658,Five sentinel hospitals in China during 2024; 393/394 isolates displayed high-level azithromycin resistance.,China,CHN,7,relative_detection_prior_mean,True,0.0,prospective_policy,,,China,cocooning_adjunct,True,True,4.146450779474111,5.386339761381075,4.386339761381075,0.25,calibrated_country_scenario_analysis,,,,True,False,0.09756474664814974,0.04417518358640593,0.006972993771391378,0.03825636528549492,0.03332390901138926,0.056893084408541794,0.052882584246767506,0.0790158249309949,0.05288959514970726,0.097620327174197,0.09874612348281098,0.0987010835701786,290.46682174168603,12247249.694423398,within-profile annualised <18 symptomatic-case index versus the same production-runtime current-practice row
figure2_programme_reference,current,symptom_protective,country_timeline,current,2027-01-01,2051-01-01,2027,2051,41029111.21352543,197707713.68597832,7781122.161168232,1621127.947484518,3250061.7931065913,6351089.412660642,4275032.334278239,12247249.694423398,56594577.28658849,5286259.364617214,6653.305048149936,6500.166079651863,6508.1021949769465,560462.599165842,197679249.04261792,0.999856026642412,0.997,0.9999493159034588,1336915575.6278865,7978469.579417704,78945023.77271025,88756327.51665202,175679820.86877996,24.000492823261258,616.1684701197371,24.250354467590213,846.5985880813017,1697.2736356130838,335.1994578336782,200.68731393034977,290.46682174168603,1342.248047717583,125.3736957156794,0.20735441811187236,3.394569462494442,1.5435202247944728,13.292436583448879,12543.350859439563,2617655.8831543764,1119109.7217284725,1119109.7217284725,459435.64752192295,6804.0,8694.0,3,10.797260273972602,0.8070865043268851,0.2075240790993744,4.818717925841959,0.44557032405210234,0.3326523294700916,3.689869065429674e-05,0.012062704408082374,0.01645906580696944,0.4170116551463962,0.0,M3;M4;M5;M18,3.0,18.0,4,aP,True,China,/home/ctm/pertussis_transmission_analysis/outputs/calibrations/China_calibrated_config.yaml,current,fitted_parameters_and_state_only,fe4b0945dbc60905bca91e1dac7a67bb5863846eea9d42ff0fc0dbee6b1fb742,fbaadbe47d956b3f84d024d1fe55f5b483b9cf95f7db1635c7b7f23a7bb227b0,True,state_reconstruction_accepted,60.94514257549577,56.10620773765417,True,China,CHN,1,contact_reduction_mean,China,CHN,2025,2025,True,False,nearest_past_year,2024,measured_multicenter_isolate_fraction,https://www.sciencedirect.com/science/article/pii/S2666606525001658,Five sentinel hospitals in China during 2024; 393/394 isolates displayed high-level azithromycin resistance.,China,CHN,7,relative_detection_prior_mean,True,0.0,prospective_policy,2.010611200412732e-05,1.6667804836994706e-16,China,current,True,True,4.146450779474111,5.848460709490408,4.848460709490408,0.25,calibrated_country_scenario_analysis,,,,,,0.0,0.0,0.0,0.0,0.0,0.0,0.0,0.0,0.0,0.0,0.0,0.0,290.46682174168603,12247249.694423398,within-profile annualised <18 symptomatic-case index versus the same production-runtime current-practice row
figure2_programme_reference,maternal_immunization,symptom_protective,country_timeline,maternal_immunization,2027-01-01,2051-01-01,2027,2051,37121738.65935824,186719066.01532826,6949243.580418706,1266241.2474557306,2764964.88113227,6036260.092988836,4252043.669650734,11554545.0100953,54431706.05323642,4772871.133953992,3550.0767720431386,3404.9227271934797,3412.302631509081,388172.52841233095,186690752.05914956,0.9998483606587001,0.997,0.9999585400880195,1336915575.8068662,7978469.5861064745,78945023.80166441,88756327.57296284,175679820.96073374,24.000492823261258,581.9216614693378,21.657752775714968,661.2667760314787,1443.942389698942,318.5833135552091,199.60813287729968,274.0380124302636,1290.9514417906298,113.19771726119596,0.11064036563686827,1.778146367425343,0.8092924733360782,9.206249841357263,10966.327540050543,2388681.5522634136,1005090.5063494714,1005090.5063494714,401672.7150052977,7161.0,8708.0,3,11.305479452054794,0.8157561658285982,0.19881064880814486,5.029911657121619,0.5567301260169074,0.4322523653246387,0.0010024189338542077,0.01190447294845602,0.016242276549412835,0.5275809575851844,0.05558026778916414,M3;M4;M5;M18,3.0,18.0,4,aP,True,China,/home/ctm/pertussis_transmission_analysis/outputs/calibrations/China_calibrated_config.yaml,current,fitted_parameters_and_state_only,fe4b0945dbc60905bca91e1dac7a67bb5863846eea9d42ff0fc0dbee6b1fb742,fbaadbe47d956b3f84d024d1fe55f5b483b9cf95f7db1635c7b7f23a7bb227b0,True,state_reconstruction_accepted,60.94514257549577,56.10620773765417,True,China,CHN,1,contact_reduction_mean,China,CHN,2025,2025,True,False,nearest_past_year,2024,measured_multicenter_isolate_fraction,https://www.sciencedirect.com/science/article/pii/S2666606525001658,Five sentinel hospitals in China during 2024; 393/394 isolates displayed high-level azithromycin resistance.,China,CHN,7,relative_detection_prior_mean,True,0.0,prospective_policy,,,China,maternal_immunization,True,True,4.146450779474111,5.22320266839434,4.22320266839434,0.25,calibrated_country_scenario_analysis,,,,True,False,0.21891344269245383,0.04957091598241503,0.005377424737393444,0.0565600202216302,0.038216934149000514,0.09711748804826126,0.05558026778916414,0.10690984712989393,0.05558750873795215,0.46641905844520126,0.47617911827633774,0.47568391993863457,290.46682174168603,12247249.694423398,within-profile annualised <18 symptomatic-case index versus the same production-runtime current-practice row
figure2_programme_reference,pregnancy_tdap_scaleup,symptom_protective,country_timeline,pregnancy_tdap_scaleup,2027-01-01,2051-01-01,2027,2051,40749386.27642708,197237443.90916413,7545232.476689577,1402987.7593776882,3082291.818203575,6319918.239716858,4283687.579196641,12006593.578291187,56320851.636228204,5053800.626577081,3907.1229001004626,3754.2815727943125,3762.1542392075294,427133.10969331587,197209008.84276095,0.9998558333253584,0.997,0.9999491117098219,1336915575.6535945,7978469.581817938,78945023.78377798,88756327.51349254,175679820.87908846,24.000492823261258,614.7028449002762,23.515189494095566,732.6796491727972,1609.6594378067052,333.5542974700149,201.0936261518406,284.75920418391786,1335.756123193054,119.86049458110287,0.12176793181181467,1.9605913788377833,0.8922664369275343,10.130274136769897,12300.197254860605,2558481.561342815,1109895.533985089,1109895.533985089,450529.46009958157,6804.0,8694.0,3,10.797260273972602,0.8080234458108215,0.2066006609535755,4.840255570260283,0.44626850441602045,0.3324872758530428,0.001065777652148948,0.012011671586472605,0.016389387243751052,0.41680166793364787,0.0023786111732652104,M3;M4;M5;M18,3.0,18.0,4,aP,True,China,/home/ctm/pertussis_transmission_analysis/outputs/calibrations/China_calibrated_config.yaml,current,fitted_parameters_and_state_only,fe4b0945dbc60905bca91e1dac7a67bb5863846eea9d42ff0fc0dbee6b1fb742,fbaadbe47d956b3f84d024d1fe55f5b483b9cf95f7db1635c7b7f23a7bb227b0,True,state_reconstruction_accepted,60.94514257549577,56.10620773765417,True,China,CHN,1,contact_reduction_mean,China,CHN,2025,2025,True,False,nearest_past_year,2024,measured_multicenter_isolate_fraction,https://www.sciencedirect.com/science/article/pii/S2666606525001658,Five sentinel hospitals in China during 2024; 393/394 isolates displayed high-level azithromycin resistance.,China,CHN,7,relative_detection_prior_mean,True,0.0,prospective_policy,2.010611200412732e-05,1.6667804836994706e-16,China,pregnancy_tdap_scaleup,True,True,4.146450779474111,5.671160890297116,4.671160890297116,0.25,calibrated_country_scenario_analysis,,,,,,0.13456074731504997,0.004908004110546038,-0.002024603381125978,0.01964980896456392,0.004836605616368006,0.04397414542238698,0.0023786111732652104,0.030315638232215947,0.002378804058263073,0.41275458259847797,0.4224329768208961,0.4219276024720051,290.46682174168603,12247249.694423398,within-profile annualised <18 symptomatic-case index versus the same production-runtime current-practice row
figure2_programme_reference,targeted_pep_high_risk,symptom_protective,country_timeline,targeted_pep_high_risk,2027-01-01,2051-01-01,2027,2051,40101163.068817854,193159780.76912883,7583521.683444481,1568364.6895119932,3139003.0390794193,6184060.313482791,4216326.2257865,11968751.228781285,55315377.46087844,5144960.551995345,6424.591494440539,6275.145891229557,6282.851078810415,542110.2310569987,193137593.48196548,0.9998851350572309,0.997,0.9999760128437097,1336915575.5251958,7978469.571908289,78945023.72491919,88756327.54091097,175679820.83773845,24.000492823261258,601.9945524399685,23.634520206877262,819.0441322336272,1639.2756336675106,326.38395255668075,197.93141162726835,283.8617009530117,1311.9093909433427,122.02252563438529,0.20022641700593,3.2770575973122353,1.4900976384043279,12.857175268362486,10324.372793397659,2558166.2112894133,1660839.3159154211,1660839.3159154211,378159.3094526549,6811.0,8729.0,3,10.797260273972602,0.806991916808962,0.20760617406554283,4.816812431042115,0.4433482479190286,0.3309131935143047,3.634430718423261e-05,0.011986620810147047,0.016352074532833476,0.41497320826886386,0.023003315510860767,M3;M4;M5;M18,3.0,18.0,4,aP,True,China,/home/ctm/pertussis_transmission_analysis/outputs/calibrations/China_calibrated_config.yaml,current,fitted_parameters_and_state_only,fe4b0945dbc60905bca91e1dac7a67bb5863846eea9d42ff0fc0dbee6b1fb742,fbaadbe47d956b3f84d024d1fe55f5b483b9cf95f7db1635c7b7f23a7bb227b0,True,state_reconstruction_accepted,60.94514257549577,56.10620773765417,True,China,CHN,1,contact_reduction_mean,China,CHN,2025,2025,True,False,nearest_past_year,2024,measured_multicenter_isolate_fraction,https://www.sciencedirect.com/science/article/pii/S2666606525001658,Five sentinel hospitals in China during 2024; 393/394 isolates displayed high-level azithromycin resistance.,China,CHN,7,relative_detection_prior_mean,True,0.0,prospective_policy,2.010611200412732e-05,1.6667804836994706e-16,China,targeted_pep_high_risk,True,True,4.146450779474111,5.699939891695712,4.699939891695712,0.25,calibrated_country_scenario_analysis,,,,,,0.032547250853578014,0.026299283213504276,0.013732319173593077,0.02273967384319142,0.022602869162399175,0.026729451371158675,0.023003315510860767,0.025394856118552855,0.02297487259106945,0.03437593076737022,0.034617606021899894,0.03461087570818788,290.46682174168603,12247249.694423398,within-profile annualised <18 symptomatic-case index versus the same production-runtime current-practice row
figure2_programme_reference,timeliness_only,symptom_protective,country_timeline,timeliness_only,2027-01-01,2051-01-01,2027,2051,39303136.23871307,191541353.1273219,7284342.61729118,1180151.3375711448,3051838.3461109414,6850813.169740721,3901815.4656083235,11932779.972920187,55772380.49658029,4913351.727235993,5915.5447938588895,5771.705779806938,5777.4549534528105,433978.6023983624,191513442.2202758,0.9998542826048245,0.997,0.9999548280221259,1336915575.5101218,7978469.57727568,78945023.74152142,88756327.56436639,175679820.88316348,24.000492823261258,596.9506213550062,22.702109912861722,616.3082056098909,1593.7557794698548,361.57400910564854,183.16700403532232,283.00857412676214,1322.7480868508594,116.52948178579668,0.18436165781913988,3.014147015908974,1.3702333338659098,10.292628016690832,12032.107908608665,2498887.9365607444,1066561.910202159,1066561.910202159,440709.93066403945,6804.0,8708.0,3,10.806849315068494,0.8096349551151949,0.20519399908690936,4.87343686681818,0.498483511967386,0.39530332631376747,3.6875928723919e-05,0.009184596208384577,0.008955585263046883,0.48030645456723065,0.03118927655220638,M3;M4;M5;M18,3.0,18.0,4,aP,True,China,/home/ctm/pertussis_transmission_analysis/outputs/calibrations/China_calibrated_config.yaml,current,fitted_parameters_and_state_only,fe4b0945dbc60905bca91e1dac7a67bb5863846eea9d42ff0fc0dbee6b1fb742,fbaadbe47d956b3f84d024d1fe55f5b483b9cf95f7db1635c7b7f23a7bb227b0,True,state_reconstruction_accepted,60.94514257549577,56.10620773765417,True,China,CHN,1,contact_reduction_mean,China,CHN,2025,2025,True,False,nearest_past_year,2024,measured_multicenter_isolate_fraction,https://www.sciencedirect.com/science/article/pii/S2666606525001658,Five sentinel hospitals in China during 2024; 393/394 isolates displayed high-level azithromycin resistance.,China,CHN,7,relative_detection_prior_mean,True,0.0,prospective_policy,2.010611200412732e-05,1.6667804836994706e-16,China,timeliness_only,True,True,4.146450779474111,5.475070396408034,4.475070396408034,0.25,calibrated_country_scenario_analysis,schedule_relative,1.0,48.0,,,0.2720183873195392,-0.078683155693557,0.0873015311901556,0.02567676256518059,0.014527836931172544,0.07054281896897108,0.03118927655220638,0.06384420313515116,0.03119096643782182,0.11088628117182042,0.11206795194438168,0.11226732765322289,290.46682174168603,12247249.694423398,within-profile annualised <18 symptomatic-case index versus the same production-runtime current-practice row
figure2_programme_reference,adolescent_booster,symptom_protective,country_timeline,adolescent_booster,2027-01-01,2051-01-01,2027,2051,12713179.800626203,60780851.308426954,821211.8733150843,597765.7071241825,1245422.4936885089,2009136.5458592235,1065163.0810067805,3672065.3339901865,16256853.87417728,573119.8070956399,2435.0690462553794,2370.594417667317,2373.424442728344,203973.16656719422,60674026.26122761,0.9982424555612545,0.827,0.9992307954855011,111962696.37892474,732155.6562344031,7080255.645199571,6775380.661221418,14587791.962655393,24.000492823261258,2261.8993203163054,30.56058837776654,3401.789334824694,7087.500848388749,1182.3344800709062,655.0315905564904,1048.8193203028395,4643.300399029002,163.69510666548229,0.906186883217392,13.49067487663746,6.779000873896596,58.25903911316253,53536.40880379054,752800.8679167125,357761.0190772534,357761.0190772534,164221.38860593957,1722.0,7000.0,3,7.978082191780822,0.8038418766652782,0.20916422733393972,4.780932249965749,0.4873802126021401,0.3746527677623282,4.564354603577115e-05,0.013827455007960109,0.01891272632134766,0.4545943877267966,-0.0011331791547291026,M2;M3;M4;Y1,2.0,12.0,4,aP,True,Japan,/home/ctm/pertussis_transmission_analysis/outputs/calibrations/Japan_calibrated_config.yaml,current,fitted_parameters_and_state_only,fe4b0945dbc60905bca91e1dac7a67bb5863846eea9d42ff0fc0dbee6b1fb742,fbaadbe47d956b3f84d024d1fe55f5b483b9cf95f7db1635c7b7f23a7bb227b0,True,state_reconstruction_accepted,48.26940985961891,41.43058288594312,True,Japan,JPN,1,contact_reduction_mean,Japan,JPN,2025,2025,True,False,exact_year,2025,measured_multicenter_isolate_fraction,https://www.mdpi.com/2227-9059/14/1/167,"Japanese children at six clinics, March-August 2025; 43/52 sequenced B. pertussis isolates carried the A2047G mutation associated with macrolide resistance.",Japan,JPN,3,relative_detection_prior_mean,True,0.0,prospective_policy,7.644092124256049e-05,2.2471172848738243e-16,Japan,adolescent_booster,True,True,7.349919218851434,4.157948879136418,3.157948879136418,0.25,calibrated_country_scenario_analysis,,,,,,-0.00060609833464631,-0.0010490334560722125,-0.00434822149487224,-0.0019315327795672577,-0.0013168245946972856,-0.0012073953668649828,-0.0011331791547291026,-0.0011877691851855943,-0.001127680246251872,-0.0008420494453615923,-0.0008274868855575601,-0.0008274872013114276,1046.7973968173212,3664986.2927515097,within-profile annualised <18 symptomatic-case index versus the same production-runtime current-practice row
figure2_programme_reference,cocooning_adjunct,symptom_protective,country_timeline,cocooning_adjunct,2027-01-01,2051-01-01,2027,2051,12600772.210119216,61566909.308642276,819295.4589686426,595204.3288145483,1243000.6060951757,2041112.850340893,1078606.175105334,3714923.3542607757,16477980.098313652,577492.4884476792,2427.258180152249,2361.4754400289917,2364.3407290479868,203282.39748050485,61476203.92282814,0.9985267185435699,0.827,0.9995108930777105,111962696.38617425,732155.6562712677,7080255.6457156865,6775380.664734311,14587791.966721265,24.000492823261258,2291.151691895919,30.489270909611058,3387.212939065841,7073.718271871129,1201.151860719288,663.2985415052002,1061.0604746711138,4706.458711909811,164.94403665381347,0.9032801465223781,13.438780228099864,6.753055869566133,58.06174087429245,31962.77994333996,752945.850079637,352722.959512552,352722.959512552,98044.9048343636,1750.0,7406.0,4,6.303196347031964,0.8081963432635196,0.20466793528565871,4.885963199874382,0.5480193106842796,0.42918315637826204,4.468666501145958e-05,0.01383071719148018,0.018913040380965526,0.5152308664468223,-0.014080492787476251,M2;M3;M4;Y1,2.0,12.0,4,aP,True,Japan,/home/ctm/pertussis_transmission_analysis/outputs/calibrations/Japan_calibrated_config.yaml,current,fitted_parameters_and_state_only,fe4b0945dbc60905bca91e1dac7a67bb5863846eea9d42ff0fc0dbee6b1fb742,fbaadbe47d956b3f84d024d1fe55f5b483b9cf95f7db1635c7b7f23a7bb227b0,True,state_reconstruction_accepted,48.26940985961891,41.43058288594312,True,Japan,JPN,1,contact_reduction_mean,Japan,JPN,2025,2025,True,False,exact_year,2025,measured_multicenter_isolate_fraction,https://www.mdpi.com/2227-9059/14/1/167,"Japanese children at six clinics, March-August 2025; 43/52 sequenced B. pertussis isolates carried the A2047G mutation associated with macrolide resistance.",Japan,JPN,3,relative_detection_prior_mean,True,0.0,prospective_policy,,,Japan,cocooning_adjunct,True,True,7.349919218851434,4.148245715600612,3.148245715600612,0.25,calibrated_country_scenario_analysis,,,,True,False,0.003681418875218556,-0.016981175430615503,-0.0170237900439707,-0.01362544260919818,-0.014936766700380577,-0.008846218616458179,-0.014080492787476251,0.0011486444331453294,-0.014363694254056147,0.0023683084911502172,0.0030224013132476024,0.0030029403334774774,1046.7973968173212,3664986.2927515097,within-profile annualised <18 symptomatic-case index versus the same production-runtime current-practice row
figure2_programme_reference,current,symptom_protective,country_timeline,current,2027-01-01,2051-01-01,2027,2051,12695737.961070437,60712053.67476191,820237.6203451084,597403.6217839075,1244636.648341139,2007031.10308471,1060551.5678828917,3664986.2927515097,16235474.601914896,572428.6593844384,2433.020322841977,2368.634403761524,2371.4620882019613,203827.30439424893,60605682.430340305,0.9982479386220166,0.827,0.9992527742846286,111962696.37772234,732155.6562749987,7080255.645480007,6775380.660592253,14587791.962347262,24.000492823261258,2259.3390843867046,30.524332516533246,3399.7287646935456,7083.028727414922,1181.0954713598042,652.1956992589361,1046.7973968173212,4637.194027980651,163.49770030310088,0.9054244710534565,13.479520749245847,6.773395975560594,58.217377800888265,53267.2247527826,751887.8235852259,357172.7547151528,357172.7547151528,163395.6742980738,1722.0,7000.0,3,7.978082191780822,0.8038899039303985,0.2091139599573136,4.782081503330193,0.48741783808093303,0.37441699578562687,4.564776156072975e-05,0.013831060383154906,0.01891730381722849,0.4546238261189889,0.0,M2;M3;M4;Y1,2.0,12.0,4,aP,True,Japan,/home/ctm/pertussis_transmission_analysis/outputs/calibrations/Japan_calibrated_config.yaml,current,fitted_parameters_and_state_only,fe4b0945dbc60905bca91e1dac7a67bb5863846eea9d42ff0fc0dbee6b1fb742,fbaadbe47d956b3f84d024d1fe55f5b483b9cf95f7db1635c7b7f23a7bb227b0,True,state_reconstruction_accepted,48.26940985961891,41.43058288594312,True,Japan,JPN,1,contact_reduction_mean,Japan,JPN,2025,2025,True,False,exact_year,2025,measured_multicenter_isolate_fraction,https://www.mdpi.com/2227-9059/14/1/167,"Japanese children at six clinics, March-August 2025; 43/52 sequenced B. pertussis isolates carried the A2047G mutation associated with macrolide resistance.",Japan,JPN,3,relative_detection_prior_mean,True,0.0,prospective_policy,7.644092124256049e-05,2.2471172848738243e-16,Japan,current,True,True,7.349919218851434,4.153016054685736,3.153016054685736,0.25,calibrated_country_scenario_analysis,,,,,,0.0,0.0,0.0,0.0,0.0,0.0,0.0,0.0,0.0,0.0,0.0,0.0,1046.7973968173212,3664986.2927515097,within-profile annualised <18 symptomatic-case index versus the same production-runtime current-practice row
figure2_programme_reference,maternal_immunization,symptom_protective,country_timeline,maternal_immunization,2027-01-01,2051-01-01,2027,2051,12542495.24176917,61678824.24011865,783377.5353290589,506389.25730362063,1172084.552804929,2036322.1776527895,1087425.4745338638,3630136.9094902743,16451265.205518974,540857.5485927365,1317.100203858832,1251.1602700130695,1253.9958467437875,149327.57666101246,61584968.64449428,0.9984783173677405,0.827,0.9995289747858576,111962696.38972588,732155.6565958556,7080255.648189822,6775380.664652153,14587791.96943783,24.000492823261258,2295.3164954080194,29.152620873134335,2881.780526022975,6670.146316118231,1198.3326504697607,668.7220487980419,1036.843677318358,4698.82837411357,154.4803250043338,0.49014582577857296,7.120153615137783,3.5816766626092456,42.65110588679795,30629.958075618033,731359.0597985084,350862.1907347911,350862.1907347911,93956.51223151929,1750.0,7406.0,4,6.303196347031964,0.8095198368474379,0.20335172397159565,4.917588011890575,0.5496515766632614,0.42962286276331785,0.0013696233357492985,0.013695818987424084,0.01872897733219965,0.5158571570078885,-0.015923865309116048,M2;M3;M4;Y1,2.0,12.0,4,aP,True,Japan,/home/ctm/pertussis_transmission_analysis/outputs/calibrations/Japan_calibrated_config.yaml,current,fitted_parameters_and_state_only,fe4b0945dbc60905bca91e1dac7a67bb5863846eea9d42ff0fc0dbee6b1fb742,fbaadbe47d956b3f84d024d1fe55f5b483b9cf95f7db1635c7b7f23a7bb227b0,True,state_reconstruction_accepted,48.26940985961891,41.43058288594312,True,Japan,JPN,1,contact_reduction_mean,Japan,JPN,2025,2025,True,False,exact_year,2025,measured_multicenter_isolate_fraction,https://www.mdpi.com/2227-9059/14/1/167,"Japanese children at six clinics, March-August 2025; 43/52 sequenced B. pertussis isolates carried the A2047G mutation associated with macrolide resistance.",Japan,JPN,3,relative_detection_prior_mean,True,0.0,prospective_policy,,,Japan,maternal_immunization,True,True,7.349919218851434,3.966386569033611,2.966386569033611,0.25,calibrated_country_scenario_analysis,,,,True,False,0.15234987060926886,-0.014594230514445306,-0.025339556759713888,0.009508735433644055,-0.013291302465443522,0.055152917790056044,-0.015923865309116048,0.04493830092862716,-0.016158323359852567,0.45865630817240943,0.47177991334325087,0.47121404428836344,1046.7973968173212,3664986.2927515097,within-profile annualised <18 symptomatic-case index versus the same production-runtime current-practice row
figure2_programme_reference,pregnancy_tdap_scaleup,symptom_protective,country_timeline,pregnancy_tdap_scaleup,2027-01-01,2051-01-01,2027,2051,12549555.409542562,60392606.95180336,779569.2000522566,506824.4710941093,1170367.4616198842,1989052.029396141,1060644.390215493,3556520.890705743,16089200.158479173,532781.3306740001,1313.687834056677,1249.6974380863844,1252.4810424243892,149172.68922183488,60285131.27186007,0.9982203834977837,0.827,0.9992725727572224,111962696.37560634,732155.6562880985,7080255.6458216505,6775380.659723923,14587791.961833673,24.000492823261258,2247.4511902982067,29.010897442719976,2884.2572595277516,6660.374626752021,1170.5151656567512,652.2527812685291,1015.8173899889907,4595.414961488836,152.1735868821872,0.48887594613810426,7.111828874862276,3.57735006379722,42.60686678910346,51958.04413610029,725681.6642014814,352326.7138236678,352326.7138236678,159379.8005446726,1722.0,7000.0,3,7.517808219178082,0.8052154749629207,0.20779953115052316,4.812330395854612,0.4889496881489197,0.3747904339414115,0.0014035523378522468,0.013729719887878303,0.01877688149507051,0.45503953442811873,0.005261668871717862,M2;M3;M4;Y1,2.0,12.0,4,aP,True,Japan,/home/ctm/pertussis_transmission_analysis/outputs/calibrations/Japan_calibrated_config.yaml,current,fitted_parameters_and_state_only,fe4b0945dbc60905bca91e1dac7a67bb5863846eea9d42ff0fc0dbee6b1fb742,fbaadbe47d956b3f84d024d1fe55f5b483b9cf95f7db1635c7b7f23a7bb227b0,True,state_reconstruction_accepted,48.26940985961891,41.43058288594312,True,Japan,JPN,1,contact_reduction_mean,Japan,JPN,2025,2025,True,False,exact_year,2025,measured_multicenter_isolate_fraction,https://www.mdpi.com/2227-9059/14/1/167,"Japanese children at six clinics, March-August 2025; 43/52 sequenced B. pertussis isolates carried the A2047G mutation associated with macrolide resistance.",Japan,JPN,3,relative_detection_prior_mean,True,0.0,prospective_policy,7.644092124256049e-05,2.2471172848738243e-16,Japan,pregnancy_tdap_scaleup,True,True,7.349919218851434,3.947104257732711,2.947104257732711,0.25,calibrated_country_scenario_analysis,,,,,,0.15162136181786068,0.00895804437755654,-8.752269612566366e-05,0.029595036176553347,0.00900955759054134,0.06926160677048054,0.005261668871717862,0.04958126679893193,0.005289127118544901,0.4600588323396425,0.47239749785707963,0.47185280816611397,1046.7973968173212,3664986.2927515097,within-profile annualised <18 symptomatic-case index versus the same production-runtime current-practice row
figure2_programme_reference,targeted_pep_high_risk,symptom_protective,country_timeline,targeted_pep_high_risk,2027-01-01,2051-01-01,2027,2051,12399857.65440634,59351786.69361444,800635.9227856628,582985.3596569573,1214166.326687729,1957104.2948914487,1038703.57553506,3578793.2300834665,15849618.681679988,558522.6253565382,2363.0969848231007,2300.6208264570855,2303.380198297444,198573.9501257668,59324575.08603131,0.9995415199929263,0.827,0.9997072707374342,111962696.35848157,732155.6559408767,7080255.644496305,6775380.662076441,14587791.962513624,24.000492823261258,2208.718093221972,29.794874716558795,3317.67673521468,6909.626988065776,1151.7145979668983,638.7600802597209,1022.1788398950783,4526.985437613886,159.52584363997602,0.879403191914123,13.09246633050668,6.578939736281062,56.71690900348705,47711.53169744597,733814.4259587419,523550.97455538344,523550.97455538344,146353.7461983346,1729.0,7413.0,4,6.335159817351599,0.8039843980002045,0.2089213879679282,4.786489357200285,0.48686878452927274,0.37422431344479484,4.5151400069018836e-05,0.01381493915429381,0.018887931438463842,0.454120762536446,0.022405221019774824,M2;M3;M4;Y1,2.0,12.0,4,aP,True,Japan,/home/ctm/pertussis_transmission_analysis/outputs/calibrations/Japan_calibrated_config.yaml,current,fitted_parameters_and_state_only,fe4b0945dbc60905bca91e1dac7a67bb5863846eea9d42ff0fc0dbee6b1fb742,fbaadbe47d956b3f84d024d1fe55f5b483b9cf95f7db1635c7b7f23a7bb227b0,True,state_reconstruction_accepted,48.26940985961891,41.43058288594312,True,Japan,JPN,1,contact_reduction_mean,Japan,JPN,2025,2025,True,False,exact_year,2025,measured_multicenter_isolate_fraction,https://www.mdpi.com/2227-9059/14/1/167,"Japanese children at six clinics, March-August 2025; 43/52 sequenced B. pertussis isolates carried the A2047G mutation associated with macrolide resistance.",Japan,JPN,3,relative_detection_prior_mean,True,0.0,prospective_policy,7.644092124256049e-05,2.2471172848738243e-16,Japan,targeted_pep_high_risk,True,True,7.349919218851434,4.053769004717689,3.0537690047176893,0.25,calibrated_country_scenario_analysis,,,,,,0.02413487565391015,0.02487595140729315,0.020600594077141765,0.023517976828269727,0.023766223636566663,0.02429304298435031,0.022405221019774824,0.023897584155184615,0.021138403082606838,0.028739315229886597,0.028714257124877185,0.02870882492417859,1046.7973968173212,3664986.2927515097,within-profile annualised <18 symptomatic-case index versus the same production-runtime current-practice row
figure2_programme_reference,timeliness_only,symptom_protective,country_timeline,timeliness_only,2027-01-01,2051-01-01,2027,2051,12031465.14239328,59206738.71988456,725391.8633480971,403373.80898235564,1110163.7922276468,1984225.783872631,1016971.3078419745,3404570.9006969607,15795524.745022355,489034.8872138798,2034.5328112380478,1973.8759992784328,1975.7381443224722,146849.08659769344,59102598.713288836,0.9982410784845214,0.827,0.9992555875130904,111962696.36804183,732155.6561843227,7080255.645529976,6775380.661424554,14587791.963138852,24.000492823261258,2203.320276020909,26.99474139484518,2295.536035412927,6317.765143697532,1167.6750220107917,625.3956273779547,972.417267421913,4511.535068018552,139.67867980107386,0.7571312813629252,11.233013608919121,5.643124914948888,41.943196860285724,48592.60010700854,685526.6261908927,336494.1632732538,336494.1632732538,149056.3981236897,1729.0,7364.0,3,7.498630136986302,0.8096981633916602,0.2032110770247934,4.9209915849124295,0.5496247718243482,0.44343958398201555,4.2584946032686383e-05,0.008983389409388384,0.009307006707303942,0.5312917907616233,0.024794334300424326,M2;M3;M4;Y1,2.0,12.0,4,aP,True,Japan,/home/ctm/pertussis_transmission_analysis/outputs/calibrations/Japan_calibrated_config.yaml,current,fitted_parameters_and_state_only,fe4b0945dbc60905bca91e1dac7a67bb5863846eea9d42ff0fc0dbee6b1fb742,fbaadbe47d956b3f84d024d1fe55f5b483b9cf95f7db1635c7b7f23a7bb227b0,True,state_reconstruction_accepted,48.26940985961891,41.43058288594312,True,Japan,JPN,1,contact_reduction_mean,Japan,JPN,2025,2025,True,False,exact_year,2025,measured_multicenter_isolate_fraction,https://www.mdpi.com/2227-9059/14/1/167,"Japanese children at six clinics, March-August 2025; 43/52 sequenced B. pertussis isolates carried the A2047G mutation associated with macrolide resistance.",Japan,JPN,3,relative_detection_prior_mean,True,0.0,prospective_policy,7.644092124256049e-05,2.2471172848738243e-16,Japan,timeliness_only,True,True,7.349919218851434,3.672794297603672,2.672794297603672,0.25,calibrated_country_scenario_analysis,schedule_relative,1.0,48.0,,,0.32478847754916396,0.011362713401415814,0.041092070730623265,0.07105494303057425,0.02709805950733657,0.14568413164399596,0.024794334300424326,0.11563204935309568,0.024801036087319095,0.1637830592136038,0.16666075771600408,0.1668691841409644,1046.7973968173212,3664986.2927515097,within-profile annualised <18 symptomatic-case index versus the same production-runtime current-practice row
figure2_programme_reference,adolescent_booster,symptom_protective,country_timeline,adolescent_booster,2027-01-01,2051-01-01,2027,2051,702880.1335634007,3403555.494934791,91461.02537309207,61499.41089562034,134748.64708533566,197018.93582745397,73708.17800612873,332226.524729203,1386957.438341454,77140.13497084889,216.30171905335237,214.10939313690426,214.39320204474566,19875.486397685647,3305672.932515,0.9712410852223621,0.01,0.9989767357379371,5541494.72144374,54207.630513819066,527047.7416327486,488469.4292210482,1069724.801367616,24.000492823261258,2559.0911371208003,68.76840990916321,4727.05191525602,10357.23498821766,1557.5351362996291,628.7212334584103,1294.0232478662454,5402.203121733752,300.4610425888853,1.6263457816310196,16.457169299066962,8.350621247250448,77.41507539838467,25788.037680848185,58183.887630003475,24464.117634691607,24464.117634691607,3915.185607803082,1204.0,8038.0,5,5.173287671232877,0.8094519693241814,0.20651349290747126,4.8422986116846705,0.7231418939931726,0.5446780931107607,0.0015878605292501385,0.02622757774772765,0.035936194223858464,0.6593902614923364,8.800724219049094e-06,W6;M3;M5;Y4;Y11-Y13,1.3808219178082193,156.0,5,aP,True,New_Zealand,/home/ctm/pertussis_transmission_analysis/outputs/calibrations/New_Zealand_calibrated_config.yaml,current,fitted_parameters_and_state_only,fe4b0945dbc60905bca91e1dac7a67bb5863846eea9d42ff0fc0dbee6b1fb742,fbaadbe47d956b3f84d024d1fe55f5b483b9cf95f7db1635c7b7f23a7bb227b0,True,state_reconstruction_accepted,30.018541530691316,28.765002611277744,True,New_Zealand,NZL,1,contact_reduction_mean,New_Zealand,NZL,2025,2025,True,False,exact_year,2025,low_detected_model_anchor,https://www.tewhatuora.govt.nz/for-health-professionals/clinical-guidance/communicable-disease-control-manual/pertussis,"Health New Zealand notes MRBP has been detected by PHF Science and is being assessed; no public national fraction was located, so use a low detected/imported anchor pending surveillance.",New_Zealand,NZL,3,relative_detection_prior_mean,True,0.0,prospective_policy,1.0204827386537681e-05,1.352852648487234e-16,New_Zealand,adolescent_booster,True,True,25.11070274470987,2.7386095326882405,1.7386095326882405,0.25,calibrated_country_scenario_analysis,,,,,,1.8718279527485393e-06,5.6398915140309924e-06,-0.0001988764732732129,-4.042471510157242e-05,4.82444851512831e-07,-1.0961277574716988e-05,8.800724219049094e-06,-7.47923099275738e-06,1.6067062566182955e-05,5.230914235432316e-06,5.1701129513137545e-06,5.1648036054618984e-06,1293.970939459668,332213.095109648,within-profile annualised <18 symptomatic-case index versus the same production-runtime current-practice row
figure2_programme_reference,cocooning_adjunct,symptom_protective,country_timeline,cocooning_adjunct,2027-01-01,2051-01-01,2027,2051,701795.0046277565,3403171.929508154,90770.09616541967,60079.9607622778,131607.86800557177,197156.64845507703,73848.90833330342,331085.5175506582,1385777.4634578112,76448.14032598044,210.96829072429222,208.77570816928863,209.05925079003046,19439.234373189396,3305283.5059490306,0.9712361215986902,0.01,0.9989648819226095,5541494.721345923,54207.63051881437,527047.7416496888,488469.4292351112,1069724.8014036142,24.000492823261258,2558.8027390818834,68.2489088138341,4617.948195401101,10115.82412581247,1558.623824782613,629.9216449452089,1289.5790216545056,5397.607116062856,297.76572149157784,1.5862443959531627,16.04720430159284,8.142863695642655,75.7158725339129,25187.58657458215,57850.92449104953,24418.910887126072,24418.910887126072,3824.0240560682305,1204.0,8038.0,5,5.173287671232877,0.8097452137325937,0.20621791057414604,4.849239317845033,0.7233325390260973,0.5448315985588952,0.001546105762540088,0.026113846673872957,0.035781685256279595,0.6598909013334046,0.00012149524368676445,W6;M3;M5;Y4;Y11-Y13,1.3808219178082193,156.0,5,aP,True,New_Zealand,/home/ctm/pertussis_transmission_analysis/outputs/calibrations/New_Zealand_calibrated_config.yaml,current,fitted_parameters_and_state_only,fe4b0945dbc60905bca91e1dac7a67bb5863846eea9d42ff0fc0dbee6b1fb742,fbaadbe47d956b3f84d024d1fe55f5b483b9cf95f7db1635c7b7f23a7bb227b0,True,state_reconstruction_accepted,30.018541530691316,28.765002611277744,True,New_Zealand,NZL,1,contact_reduction_mean,New_Zealand,NZL,2025,2025,True,False,exact_year,2025,low_detected_model_anchor,https://www.tewhatuora.govt.nz/for-health-professionals/clinical-guidance/communicable-disease-control-manual/pertussis,"Health New Zealand notes MRBP has been detected by PHF Science and is being assessed; no public national fraction was located, so use a low detected/imported anchor pending surveillance.",New_Zealand,NZL,3,relative_detection_prior_mean,True,0.0,prospective_policy,,,New_Zealand,cocooning_adjunct,True,True,25.11070274470987,2.7179210995284575,1.7179210995284575,0.25,calibrated_country_scenario_analysis,,,,True,False,0.023082539686467007,-0.0006933378507034682,-0.002108546728779137,0.0033941394441179273,0.0008512470622438206,0.008959754553753974,0.00012149524368676445,0.007546933946347423,0.00013387070405723733,0.02466245718916149,0.024916068760221233,0.02488432913826233,1293.970939459668,332213.095109648,within-profile annualised <18 symptomatic-case index versus the same production-runtime current-practice row
figure2_programme_reference,current,symptom_protective,country_timeline,current,2027-01-01,2051-01-01,2027,2051,702871.0606255666,3403585.448951683,91460.34132007265,61499.526012152215,134748.991964749,197020.04699914512,73693.52209835073,332213.095109648,1386958.107472252,77139.28942568557,216.3028505150123,214.1105001123739,214.39430934924758,19875.534399302138,3305726.045822205,0.971248142702097,0.01,0.9989768860716387,5541494.72144368,54207.630513850985,527047.7416334177,488469.4292208878,1069724.8013681564,24.000492823261258,2559.1136591743875,68.76789557818802,4727.060763497709,10357.261496805184,1557.5439206763926,628.5962204591791,1293.970939459668,5402.205727997363,300.4577491879452,1.6263542889508389,16.457254384921313,8.350664376787714,77.41526236477677,25773.092413295228,58183.56051093946,24462.353484779513,24462.353484779513,3912.9165907823467,1204.0,8038.0,5,5.173287671232877,0.8094562505131314,0.20650900973914246,4.8424037346514694,0.7231431638892533,0.5446550116341642,0.0015878589543791483,0.02622735313996143,0.03593588711916561,0.6593920646757471,0.0,W6;M3;M5;Y4;Y11-Y13,1.3808219178082193,156.0,5,aP,True,New_Zealand,/home/ctm/pertussis_transmission_analysis/outputs/calibrations/New_Zealand_calibrated_config.yaml,current,fitted_parameters_and_state_only,fe4b0945dbc60905bca91e1dac7a67bb5863846eea9d42ff0fc0dbee6b1fb742,fbaadbe47d956b3f84d024d1fe55f5b483b9cf95f7db1635c7b7f23a7bb227b0,True,state_reconstruction_accepted,30.018541530691316,28.765002611277744,True,New_Zealand,NZL,1,contact_reduction_mean,New_Zealand,NZL,2025,2025,True,False,exact_year,2025,low_detected_model_anchor,https://www.tewhatuora.govt.nz/for-health-professionals/clinical-guidance/communicable-disease-control-manual/pertussis,"Health New Zealand notes MRBP has been detected by PHF Science and is being assessed; no public national fraction was located, so use a low detected/imported anchor pending surveillance.",New_Zealand,NZL,3,relative_detection_prior_mean,True,0.0,prospective_policy,1.0204827386537681e-05,1.352852648487234e-16,New_Zealand,current,True,True,25.11070274470987,2.738589050148169,1.738589050148169,0.25,calibrated_country_scenario_analysis,,,,,,0.0,0.0,0.0,0.0,0.0,0.0,0.0,0.0,0.0,0.0,0.0,0.0,1293.970939459668,332213.095109648,within-profile annualised <18 symptomatic-case index versus the same production-runtime current-practice row
figure2_programme_reference,maternal_immunization,symptom_protective,country_timeline,maternal_immunization,2027-01-01,2051-01-01,2027,2051,695062.3816046915,3397709.158648298,86982.54692854726,53517.008416890414,125010.37523247224,196817.0900570331,74236.35844573638,324570.4569196599,1381080.956093571,72670.09884605205,135.22171683156463,133.03386633721055,133.31523303065882,15634.755412290846,3299054.005576904,0.9709642148680431,0.01,0.9989573463350946,5541494.721237789,54207.63051991767,527047.7416903876,488469.4292378302,1069724.8014481356,24.000492823261258,2554.6953495173652,65.40109754889629,4113.497567265135,9608.718603922956,1555.9394424047837,633.2265443324299,1264.2028421280868,5379.314206451767,283.0502392941089,1.0167153073242496,10.225431161605794,5.19263207427547,60.89741628298622,23689.63321942163,56154.66990617173,24200.394821989496,24200.394821989496,3596.602121465324,1204.0,8038.0,5,5.168493150684932,0.8113932698292825,0.2045679453862397,4.888351389128559,0.7254137933382306,0.5456377007778965,0.002671589357710999,0.02598653336474271,0.03560624194836052,0.6611494286674162,0.0017265000075713521,W6;M3;M5;Y4;Y11-Y13,1.3808219178082193,156.0,5,aP,True,New_Zealand,/home/ctm/pertussis_transmission_analysis/outputs/calibrations/New_Zealand_calibrated_config.yaml,current,fitted_parameters_and_state_only,fe4b0945dbc60905bca91e1dac7a67bb5863846eea9d42ff0fc0dbee6b1fb742,fbaadbe47d956b3f84d024d1fe55f5b483b9cf95f7db1635c7b7f23a7bb227b0,True,state_reconstruction_accepted,30.018541530691316,28.765002611277744,True,New_Zealand,NZL,1,contact_reduction_mean,New_Zealand,NZL,2025,2025,True,False,exact_year,2025,low_detected_model_anchor,https://www.tewhatuora.govt.nz/for-health-professionals/clinical-guidance/communicable-disease-control-manual/pertussis,"Health New Zealand notes MRBP has been detected by PHF Science and is being assessed; no public national fraction was located, so use a low detected/imported anchor pending surveillance.",New_Zealand,NZL,3,relative_detection_prior_mean,True,0.0,prospective_policy,,,New_Zealand,maternal_immunization,True,True,25.11070274470987,2.6045108420024006,1.6045108420024006,0.25,calibrated_country_scenario_analysis,,,,True,False,0.12979803443825677,0.0010301334569923215,-0.007366133846353318,0.023005228652207332,0.004237439722957759,0.057936631422292884,0.0017265000075713521,0.048958863775228956,0.0020183282440277006,0.37485004700768054,0.3786672476716977,0.37817737124034967,1293.970939459668,332213.095109648,within-profile annualised <18 symptomatic-case index versus the same production-runtime current-practice row
figure2_programme_reference,pregnancy_tdap_scaleup,symptom_protective,country_timeline,pregnancy_tdap_scaleup,2027-01-01,2051-01-01,2027,2051,696089.1496558036,3398631.7661408545,87583.79685076317,54764.89102931321,127989.17749003437,196700.60104621516,74103.71857750176,325569.21065303014,1382376.9431904468,73269.29718876228,138.55429988263108,136.3662487810319,136.6478548887506,15970.90543780057,3300007.0409635473,0.9709810500331739,0.01,0.9989557416320716,5541494.721259692,54207.63051999774,527047.7416666885,488469.4292474758,1069724.801434162,24.000492823261258,2555.3890466310063,65.85316990340863,4209.414029002201,9837.67938109526,1555.018537453268,632.0951433843229,1268.0929907438053,5384.362079907686,285.3841185271476,1.0417725856947968,10.481569303114863,5.322437789403673,62.20672157813745,24254.99423119941,56451.35689821663,24241.216754325593,24241.216754325593,3682.4362327774197,1204.0,8038.0,5,5.168493150684932,0.811149544871999,0.20481452465390584,4.882466229823266,0.7252607340840186,0.5454612661213417,0.002744298614016566,0.026094780338262742,0.03575341661553385,0.6606682385162054,0.0014554307171439351,W6;M3;M5;Y4;Y11-Y13,1.3808219178082193,156.0,5,aP,True,New_Zealand,/home/ctm/pertussis_transmission_analysis/outputs/calibrations/New_Zealand_calibrated_config.yaml,current,fitted_parameters_and_state_only,fe4b0945dbc60905bca91e1dac7a67bb5863846eea9d42ff0fc0dbee6b1fb742,fbaadbe47d956b3f84d024d1fe55f5b483b9cf95f7db1635c7b7f23a7bb227b0,True,state_reconstruction_accepted,30.018541530691316,28.765002611277744,True,New_Zealand,NZL,1,contact_reduction_mean,New_Zealand,NZL,2025,2025,True,False,exact_year,2025,low_detected_model_anchor,https://www.tewhatuora.govt.nz/for-health-professionals/clinical-guidance/communicable-disease-control-manual/pertussis,"Health New Zealand notes MRBP has been detected by PHF Science and is being assessed; no public national fraction was located, so use a low detected/imported anchor pending surveillance.",New_Zealand,NZL,3,relative_detection_prior_mean,True,0.0,prospective_policy,1.0204827386537681e-05,1.352852648487234e-16,New_Zealand,pregnancy_tdap_scaleup,True,True,25.11070274470987,2.6225140161512233,1.6225140161512233,0.25,calibrated_country_scenario_analysis,,,,,,0.10950710386789408,0.0016213880658111357,-0.0055662488027588,0.019998863905451136,0.003303030031782672,0.05016888625415139,0.0014554307171439351,0.04238497706610567,0.0017300298873481612,0.359443023738539,0.36310340357216786,0.36263301342503584,1293.970939459668,332213.095109648,within-profile annualised <18 symptomatic-case index versus the same production-runtime current-practice row
figure2_programme_reference,targeted_pep_high_risk,symptom_protective,country_timeline,targeted_pep_high_risk,2027-01-01,2051-01-01,2027,2051,700183.129823107,3396946.2988568386,90667.51800729784,60522.92879754759,132573.38058933755,195774.08392431348,74067.54234953172,330364.5550713928,1383443.74984652,76381.00038345743,212.69854851404992,210.51968057638203,210.80006688196033,19563.443246548813,3381351.4781807153,0.9954091647897492,0.01,0.9993948958324974,5541494.72127558,54207.63051219722,527047.7417123003,488469.42919479776,1069724.8014192951,24.000492823261258,2554.12176469013,68.17178157064333,4651.996211532572,10190.036677085829,1547.6939470935636,631.7865649027593,1286.7708707520321,5388.51729490702,297.5042112223364,1.5992539895627875,16.181251898273292,8.210668531243265,76.19966644372448,24144.99243078129,57741.12109387683,30689.76162310726,30689.76162310726,3665.7355643948868,1211.0,7989.0,6,4.130958904109589,0.8096704876223121,0.2061213420002362,4.851511203526193,0.7220286899280653,0.5439077192282094,0.0015629224987775585,0.025993434530959387,0.03561197055525111,0.6588603623430773,0.0019506341751722722,W6;M3;M5;Y4;Y11-Y13,1.3808219178082193,156.0,5,aP,True,New_Zealand,/home/ctm/pertussis_transmission_analysis/outputs/calibrations/New_Zealand_calibrated_config.yaml,current,fitted_parameters_and_state_only,fe4b0945dbc60905bca91e1dac7a67bb5863846eea9d42ff0fc0dbee6b1fb742,fbaadbe47d956b3f84d024d1fe55f5b483b9cf95f7db1635c7b7f23a7bb227b0,True,state_reconstruction_accepted,30.018541530691316,28.765002611277744,True,New_Zealand,NZL,1,contact_reduction_mean,New_Zealand,NZL,2025,2025,True,False,exact_year,2025,low_detected_model_anchor,https://www.tewhatuora.govt.nz/for-health-professionals/clinical-guidance/communicable-disease-control-manual/pertussis,"Health New Zealand notes MRBP has been detected by PHF Science and is being assessed; no public national fraction was located, so use a low detected/imported anchor pending surveillance.",New_Zealand,NZL,3,relative_detection_prior_mean,True,0.0,prospective_policy,1.0204827386537681e-05,1.352852648487234e-16,New_Zealand,targeted_pep_high_risk,True,True,25.11070274470987,2.7148496106906146,1.7148496106906146,0.25,calibrated_country_scenario_analysis,,,,,,0.015879751892911353,0.006324042115557149,-0.0050753477447016415,0.0055643202548602,0.0025338599679388674,0.009830127395179744,0.0019506341751722722,0.008668492827948904,-0.022877102128316507,0.016663220074911722,0.016770870807864435,0.01676463558289798,1293.970939459668,332213.095109648,within-profile annualised <18 symptomatic-case index versus the same production-runtime current-practice row
figure2_programme_reference,timeliness_only,symptom_protective,country_timeline,timeliness_only,2027-01-01,2051-01-01,2027,2051,610031.9866999453,3249298.7991460776,70135.51024245335,38194.16603294012,108850.40912106007,156440.27507607202,70555.82520310214,265190.2663121143,1308088.6250152949,56813.98928128788,163.00848442525196,161.08166631315572,161.25425597794788,12879.038908331553,3150127.69144228,0.9694792280322573,0.01,0.9997466277319511,5541494.72161661,54207.63052135404,527047.7417305233,488469.4291903211,1069724.8014421985,24.000492823261258,2443.1074418699613,52.734019739186635,2935.732278459553,8366.609164986796,1236.7401341135726,601.8320714490102,1032.916832789019,5095.008871735571,221.2906479662009,1.2256405643332555,12.381279561274914,6.280857803523493,50.163892753527776,33591.75721710193,46799.89611734048,21362.96091857413,21362.96091857413,5099.960145435534,1470.0,7800.0,4,6.648401826484019,0.8269758349677969,0.18774265600327766,5.3264400391914215,0.7939738428308352,0.5895694075468491,0.0014088414519372997,0.016020997139893172,0.030421620133973985,0.7461223841050306,0.04533062328525539,W6;M3;M5;Y4;Y11-Y13,1.3808219178082193,156.0,5,aP,True,New_Zealand,/home/ctm/pertussis_transmission_analysis/outputs/calibrations/New_Zealand_calibrated_config.yaml,current,fitted_parameters_and_state_only,fe4b0945dbc60905bca91e1dac7a67bb5863846eea9d42ff0fc0dbee6b1fb742,fbaadbe47d956b3f84d024d1fe55f5b483b9cf95f7db1635c7b7f23a7bb227b0,True,state_reconstruction_accepted,30.018541530691316,28.765002611277744,True,New_Zealand,NZL,1,contact_reduction_mean,New_Zealand,NZL,2025,2025,True,False,exact_year,2025,low_detected_model_anchor,https://www.tewhatuora.govt.nz/for-health-professionals/clinical-guidance/communicable-disease-control-manual/pertussis,"Health New Zealand notes MRBP has been detected by PHF Science and is being assessed; no public national fraction was located, so use a low detected/imported anchor pending surveillance.",New_Zealand,NZL,3,relative_detection_prior_mean,True,0.0,prospective_policy,1.0204827386537681e-05,1.352852648487234e-16,New_Zealand,timeliness_only,True,True,25.11070274470987,2.1000614867417933,1.1000614867417933,0.25,calibrated_country_scenario_analysis,schedule_relative,1.0,48.0,,,0.3789518633787029,0.20596773039674066,0.04257764869836245,0.2017464988662412,0.05686507907632321,0.26348829883866987,0.04533062328525539,0.2331593209672308,0.047069343382695306,0.24638771963877326,0.24767040276579844,0.24786130533313144,1293.970939459668,332213.095109648,within-profile annualised <18 symptomatic-case index versus the same production-runtime current-practice row
figure2_programme_reference,adolescent_booster,symptom_protective,country_timeline,adolescent_booster,2027-01-01,2051-01-01,2027,2051,293279.39447719214,1128481.4965703685,32902.48239558402,9795.950011689987,16286.187460149584,42665.39867716063,28443.097891990357,80904.44658084099,285222.53708228894,21698.444574736048,37.84719241324043,36.84191019732599,36.89469410383885,3314.5639318122053,165766.95044527194,0.14689381345557156,0.010000000000000002,0.9894551853726707,10960604.655510958,96820.6063623513,939124.9670437195,895539.8537943838,1931485.4272004548,24.000492823261258,428.98269147128775,12.507600254891866,421.5592299535262,700.8603184363318,189.29200092351905,132.3341153955692,174.5262656382747,615.2792136475025,46.80766832764607,0.14387289924918292,1.585455956213307,0.7958886632238965,7.150144271248139,84373.33402197849,26394.03064911487,57378.172738750756,57378.172738750756,25336.513909103523,0.0,8766.0,2,23.991780821917807,0.8157687864308022,0.25988852751995845,3.8478035546344143,0.5072762366450027,0.39306617394671706,0.0007273043007644827,0.01017383112075067,0.0141142055818364,0.4822608956416512,0.003288213491949854,M3;M5;M12;Y5;Y14-Y16,3.0,192.0,5,aP,True,Sweden,/home/ctm/pertussis_transmission_analysis/outputs/calibrations/Sweden_calibrated_config.yaml,current,fitted_parameters_and_state_only,fe4b0945dbc60905bca91e1dac7a67bb5863846eea9d42ff0fc0dbee6b1fb742,fbaadbe47d956b3f84d024d1fe55f5b483b9cf95f7db1635c7b7f23a7bb227b0,True,state_reconstruction_accepted,27.539835888459052,25.329566843520027,True,Sweden,SWE,1,contact_reduction_mean,Sweden,SWE,2025,2025,True,False,exact_year,2025,low_imported_model_anchor,https://www.folkhalsomyndigheten.se/contentassets/975cc036216b48a39b7bf34319d4ecee/pertussis-surveillance-sweden-23rd-annual-report.pdf,"No public Swedish MRBP prevalence estimate was located in the accessible national surveillance material, so keep a conservative low anchor pending numeric reporting.",Sweden,SWE,2,relative_detection_prior_mean,True,0.0,prospective_policy,3.202340290308184e-05,1.4235413699758381e-16,Sweden,adolescent_booster,True,True,5.954795201043958,2.1004249235471795,1.1004249235471795,0.25,calibrated_country_scenario_analysis,,,,,,0.0017393733825127322,0.002502036835426491,0.005514582621627739,0.0034711325042785512,0.004924511660598374,0.002626433172515985,0.003288213491949854,0.002379974818204067,0.02147702496191073,0.0015055116273196,0.001506676474164026,0.0015074617806699608,175.13417958163066,81186.25482855664,within-profile annualised <18 symptomatic-case index versus the same production-runtime current-practice row
figure2_programme_reference,cocooning_adjunct,symptom_protective,country_timeline,cocooning_adjunct,2027-01-01,2051-01-01,2027,2051,273863.6949402394,1022451.5578298654,30483.455792711866,9010.902755688781,14494.642857763865,39448.46380704362,25140.662648127196,73600.02921085959,246790.18021695563,19939.16847095408,35.04750033350511,34.086221810475124,34.13573536463727,3058.6619546826887,63201.76154648076,0.06181394224742083,0.010000000000000002,0.9471727538524559,10960604.655828767,96820.60637247135,939124.9669991888,895539.8536859076,1931485.4270575678,24.000492823261258,388.6763074956615,11.588027761790554,387.7754808818066,623.7629299496074,175.0195446256482,116.96923327533237,158.76924931628386,532.373316584161,43.01257545774446,0.13323010672009203,1.4668675728029832,0.7363726803933268,6.598115077726018,84324.29692212518,25355.86981122028,56552.294631509714,56552.294631509714,25321.78853271596,0.0,8766.0,1,,0.8164409512117812,0.2678500441835211,3.7334322756909324,0.5113815878639992,0.3985004664545842,0.0007306178048626408,0.009934641519455032,0.013818939865218406,0.48689738867446314,0.09693732514027376,M3;M5;M12;Y5;Y14-Y16,3.0,192.0,5,aP,True,Sweden,/home/ctm/pertussis_transmission_analysis/outputs/calibrations/Sweden_calibrated_config.yaml,current,fitted_parameters_and_state_only,fe4b0945dbc60905bca91e1dac7a67bb5863846eea9d42ff0fc0dbee6b1fb742,fbaadbe47d956b3f84d024d1fe55f5b483b9cf95f7db1635c7b7f23a7bb227b0,True,state_reconstruction_accepted,27.539835888459052,25.329566843520027,True,Sweden,SWE,1,contact_reduction_mean,Sweden,SWE,2025,2025,True,False,exact_year,2025,low_imported_model_anchor,https://www.folkhalsomyndigheten.se/contentassets/975cc036216b48a39b7bf34319d4ecee/pertussis-surveillance-sweden-23rd-annual-report.pdf,"No public Swedish MRBP prevalence estimate was located in the accessible national surveillance material, so keep a conservative low anchor pending numeric reporting.",Sweden,SWE,2,relative_detection_prior_mean,True,0.0,prospective_policy,,,Sweden,cocooning_adjunct,True,True,5.954795201043958,1.9459993787458907,0.9459993787458907,0.25,calibrated_country_scenario_analysis,,,,True,False,0.08173996186702892,0.07771253714870663,0.12098103793988435,0.0934422412828847,0.1390061191906944,0.08349192915863668,0.09693732514027376,0.0757260935535079,0.6269197474527456,0.07536771731574976,0.07619163285267383,0.07617401699304005,175.13417958163066,81186.25482855664,within-profile annualised <18 symptomatic-case index versus the same production-runtime current-practice row
figure2_programme_reference,current,symptom_protective,country_timeline,current,2027-01-01,2051-01-01,2027,2051,293956.04329871596,1132204.4264410373,32980.97628863074,9813.018514896903,16326.327549019967,42772.41683963361,28600.819474026135,81186.25482855664,286634.06990184536,21755.584162668343,37.904257713953704,36.89750279674524,36.95039541270415,3320.2621351779517,169405.27169412596,0.14962427962469038,0.010000000000000002,0.9896361521465743,10960604.655495249,96820.60636353488,939124.9670449441,895539.8537843267,1931485.4271928058,24.000492823261258,430.3979317580166,12.537439044119566,422.2937564679745,702.5877083117535,189.76680445816774,133.06792948850867,175.13417958163066,618.3241581769109,46.93092927730234,0.1440898281610641,1.5878483299171526,0.797090246309104,7.1624363787724405,84373.33402209941,26426.826998686964,57405.053694795606,57405.053694795606,25336.513909103523,0.0,8766.0,2,23.991780821917807,0.8157412651951053,0.25963159693937526,3.8516113284682483,0.5071463034772556,0.39292531495544014,0.0007261387682795358,0.010178709536466265,0.014119869221878904,0.48212158595063087,0.0,M3;M5;M12;Y5;Y14-Y16,3.0,192.0,5,aP,True,Sweden,/home/ctm/pertussis_transmission_analysis/outputs/calibrations/Sweden_calibrated_config.yaml,current,fitted_parameters_and_state_only,fe4b0945dbc60905bca91e1dac7a67bb5863846eea9d42ff0fc0dbee6b1fb742,fbaadbe47d956b3f84d024d1fe55f5b483b9cf95f7db1635c7b7f23a7bb227b0,True,state_reconstruction_accepted,27.539835888459052,25.329566843520027,True,Sweden,SWE,1,contact_reduction_mean,Sweden,SWE,2025,2025,True,False,exact_year,2025,low_imported_model_anchor,https://www.folkhalsomyndigheten.se/contentassets/975cc036216b48a39b7bf34319d4ecee/pertussis-surveillance-sweden-23rd-annual-report.pdf,"No public Swedish MRBP prevalence estimate was located in the accessible national surveillance material, so keep a conservative low anchor pending numeric reporting.",Sweden,SWE,2,relative_detection_prior_mean,True,0.0,prospective_policy,3.202340290308184e-05,1.4235413699758381e-16,Sweden,current,True,True,5.954795201043958,2.1054358077539894,1.1054358077539894,0.25,calibrated_country_scenario_analysis,,,,,,0.0,0.0,0.0,0.0,0.0,0.0,0.0,0.0,0.0,0.0,0.0,0.0,175.13417958163066,81186.25482855664,within-profile annualised <18 symptomatic-case index versus the same production-runtime current-practice row
figure2_programme_reference,maternal_immunization,symptom_protective,country_timeline,maternal_immunization,2027-01-01,2051-01-01,2027,2051,272727.9483712688,1018491.2209836245,29992.711138353836,8464.24135702105,13906.309291611178,39317.828307504096,25043.42297152209,72825.49263604723,244968.32343467983,19467.745751775554,29.096687386768235,28.13698908488049,28.18632962855143,2750.9914639741132,60203.21778587646,0.05911019805132363,0.010000000000000002,0.9417354807080552,10960604.655782036,96820.60637822848,939124.9670013865,895539.8536126933,1931485.4269923086,24.000492823261258,387.17081895846826,11.40147533427579,364.2504365338094,598.4445641831602,174.43995892189838,116.51681679227663,157.0984267435374,528.4432253128531,41.99562706882806,0.1106085948746211,1.2108480990341002,0.6080326929540597,5.934411362448029,84307.34265522365,25187.971960953448,56337.362130304486,56337.362130304486,25316.697326670022,0.0,8766.0,1,,0.816862506520101,0.2677764351349807,3.7344585586701093,0.511614547585319,0.3985600383727317,0.0009695972494935432,0.009922481629989705,0.013803178210991402,0.48691929049484445,0.10043522424201967,M3;M5;M12;Y5;Y14-Y16,3.0,192.0,5,aP,True,Sweden,/home/ctm/pertussis_transmission_analysis/outputs/calibrations/Sweden_calibrated_config.yaml,current,fitted_parameters_and_state_only,fe4b0945dbc60905bca91e1dac7a67bb5863846eea9d42ff0fc0dbee6b1fb742,fbaadbe47d956b3f84d024d1fe55f5b483b9cf95f7db1635c7b7f23a7bb227b0,True,state_reconstruction_accepted,27.539835888459052,25.329566843520027,True,Sweden,SWE,1,contact_reduction_mean,Sweden,SWE,2025,2025,True,False,exact_year,2025,low_imported_model_anchor,https://www.folkhalsomyndigheten.se/contentassets/975cc036216b48a39b7bf34319d4ecee/pertussis-surveillance-sweden-23rd-annual-report.pdf,"No public Swedish MRBP prevalence estimate was located in the accessible national surveillance material, so keep a conservative low anchor pending numeric reporting.",Sweden,SWE,2,relative_detection_prior_mean,True,0.0,prospective_policy,,,Sweden,maternal_immunization,True,True,5.954795201043958,1.9146712774063084,0.9146712774063084,0.25,calibrated_country_scenario_analysis,,,,True,False,0.13744773392899523,0.08076673677528634,0.1243809292154967,0.10298248395132215,0.1453621562901909,0.10516097355908383,0.10043522424201967,0.09060572143545154,0.6446201633289315,0.2323636144955593,0.23742836365168662,0.23718462783051808,175.13417958163066,81186.25482855664,within-profile annualised <18 symptomatic-case index versus the same production-runtime current-practice row
figure2_programme_reference,pregnancy_tdap_scaleup,symptom_protective,country_timeline,pregnancy_tdap_scaleup,2027-01-01,2051-01-01,2027,2051,291561.1187955092,1121564.2450907626,32293.98830800433,9162.025369471947,15588.1190724884,42433.57592073089,28302.449467728948,79898.05075793178,282367.31823014695,21128.345498990147,31.020859695140437,30.018475954181838,30.070974786127483,2960.247244167648,159668.75149201427,0.14236255496812228,0.010000000000000002,0.9883987638480091,10960604.655439127,96820.60637030454,939124.9670528213,895539.8537036749,1931485.4271268006,24.000492823261258,426.35315685935984,12.276286376785018,394.27889634419137,670.8196207861838,188.2634814472548,131.67973574614683,172.35527860829666,609.1199640261954,45.577856286428656,0.11792317308086175,1.2918160659744617,0.6486880703746757,6.385815845041832,84355.60086099978,26181.431230500784,57145.12761364314,57145.12761364314,25331.188808477782,0.0,8766.0,2,23.991780821917807,0.8161954623783088,0.2599593559367744,3.846755183695768,0.5074738618143327,0.39314394876983005,0.0009827353826817368,0.01015598986257712,0.0140913279663649,0.482243808602709,0.009397756360766896,M3;M5;M12;Y5;Y14-Y16,3.0,192.0,5,aP,True,Sweden,/home/ctm/pertussis_transmission_analysis/outputs/calibrations/Sweden_calibrated_config.yaml,current,fitted_parameters_and_state_only,fe4b0945dbc60905bca91e1dac7a67bb5863846eea9d42ff0fc0dbee6b1fb742,fbaadbe47d956b3f84d024d1fe55f5b483b9cf95f7db1635c7b7f23a7bb227b0,True,state_reconstruction_accepted,27.539835888459052,25.329566843520027,True,Sweden,SWE,1,contact_reduction_mean,Sweden,SWE,2025,2025,True,False,exact_year,2025,low_imported_model_anchor,https://www.folkhalsomyndigheten.se/contentassets/975cc036216b48a39b7bf34319d4ecee/pertussis-surveillance-sweden-23rd-annual-report.pdf,"No public Swedish MRBP prevalence estimate was located in the accessible national surveillance material, so keep a conservative low anchor pending numeric reporting.",Sweden,SWE,2,relative_detection_prior_mean,True,0.0,prospective_policy,3.202340290308184e-05,1.4235413699758381e-16,Sweden,pregnancy_tdap_scaleup,True,True,5.954795201043958,2.0615799473057974,1.0615799473057974,0.25,calibrated_country_scenario_analysis,,,,,,0.066339744945625,0.007921949329474098,0.01043221878898093,0.015867268056825812,0.014885710108220929,0.028831157048612388,0.009397756360766896,0.020829825491346488,0.057474717904243966,0.18159959946344706,0.18643610871059302,0.1861798919805715,175.13417958163066,81186.25482855664,within-profile annualised <18 symptomatic-case index versus the same production-runtime current-practice row
figure2_programme_reference,targeted_pep_high_risk,symptom_protective,country_timeline,targeted_pep_high_risk,2027-01-01,2051-01-01,2027,2051,272914.9049247544,1022718.8176542334,30640.243487827414,8841.449817250927,14217.054227779729,40237.305942912964,28499.25293306393,77578.0086932278,271899.00205377553,20312.99700624158,33.529565618747924,32.629930083676186,32.67866321330573,2978.5791687809765,260774.78123650048,0.2549818940797711,0.010000000000000002,0.9996668520896662,10960604.655668214,96820.60640961959,939124.967207907,895539.8532221831,1931485.4268397097,24.000492823261258,388.7779040619776,11.647629277486866,380.48323749769713,611.8171716262576,178.51937139993157,132.59538194689299,167.3505070191988,586.537816814131,43.818994652420706,0.12745980635483423,1.4041974669512813,0.7049408652756196,6.425361291025688,70724.04109754963,25175.549453891363,82339.22615843036,82339.22615843036,21237.760386889662,0.0,8766.0,2,23.991780821917807,0.8156550152106482,0.26685233537672426,3.7473908504052136,0.5070621500446322,0.3911209219260819,0.0006725244482880924,0.010343384900174031,0.01430192618075051,0.48174431451541966,0.09670127251750826,M3;M5;M12;Y5;Y14-Y16,3.0,192.0,5,aP,True,Sweden,/home/ctm/pertussis_transmission_analysis/outputs/calibrations/Sweden_calibrated_config.yaml,current,fitted_parameters_and_state_only,fe4b0945dbc60905bca91e1dac7a67bb5863846eea9d42ff0fc0dbee6b1fb742,fbaadbe47d956b3f84d024d1fe55f5b483b9cf95f7db1635c7b7f23a7bb227b0,True,state_reconstruction_accepted,27.539835888459052,25.329566843520027,True,Sweden,SWE,1,contact_reduction_mean,Sweden,SWE,2025,2025,True,False,exact_year,2025,low_imported_model_anchor,https://www.folkhalsomyndigheten.se/contentassets/975cc036216b48a39b7bf34319d4ecee/pertussis-surveillance-sweden-23rd-annual-report.pdf,"No public Swedish MRBP prevalence estimate was located in the accessible national surveillance material, so keep a conservative low anchor pending numeric reporting.",Sweden,SWE,2,relative_detection_prior_mean,True,0.0,prospective_policy,3.202340290308184e-05,1.4235413699758381e-16,Sweden,targeted_pep_high_risk,True,True,5.954795201043958,1.9560083737967806,0.9560083737967806,0.25,calibrated_country_scenario_analysis,,,,,,0.0990081386447057,0.05926976037443765,0.0035511759043982405,0.04444405187511591,0.05140724496957283,0.06630882193925092,0.09670127251750826,0.07097221077746663,-0.5393545822313552,0.115414266339671,0.11566020433896418,0.11560721209304636,175.13417958163066,81186.25482855664,within-profile annualised <18 symptomatic-case index versus the same production-runtime current-practice row
figure2_programme_reference,timeliness_only,symptom_protective,country_timeline,timeliness_only,2027-01-01,2051-01-01,2027,2051,260618.7621693081,977746.3461367453,28791.91761136216,8560.006756486768,14390.584860046256,36639.06678920743,23491.014598921527,68690.08814461571,231802.3393463626,18702.42004637931,34.15248955618972,33.22517121287455,33.26891376801479,2867.596932246501,31407.92329332207,0.03212277235033455,0.010000000000000002,0.798248011386361,10960604.655484203,96820.60643177136,939124.9672688775,895539.8532187449,1931485.4269193935,24.000492823261258,371.6819995876888,10.945003836668292,368.3716076304968,619.2848943280529,162.55519643249892,109.29409484493208,148.17757340456384,500.041695703336,40.34467408792492,0.12982779899201916,1.4298130926368995,0.717673691373263,6.1859515164410945,84373.33402218444,24654.137814481313,53917.471169260854,53917.471169260854,25336.513909103523,0.0,161.0,1,,0.8217618704275329,0.2665504843859151,3.7516345254589276,0.5737764915101611,0.45108445104001554,0.0007715885319691057,0.01047666800409146,0.01705144947232048,0.5454767855017801,0.1364224310532104,M3;M5;M12;Y5;Y14-Y16,3.0,192.0,5,aP,True,Sweden,/home/ctm/pertussis_transmission_analysis/outputs/calibrations/Sweden_calibrated_config.yaml,current,fitted_parameters_and_state_only,fe4b0945dbc60905bca91e1dac7a67bb5863846eea9d42ff0fc0dbee6b1fb742,fbaadbe47d956b3f84d024d1fe55f5b483b9cf95f7db1635c7b7f23a7bb227b0,True,state_reconstruction_accepted,27.539835888459052,25.329566843520027,True,Sweden,SWE,1,contact_reduction_mean,Sweden,SWE,2025,2025,True,False,exact_year,2025,low_imported_model_anchor,https://www.folkhalsomyndigheten.se/contentassets/975cc036216b48a39b7bf34319d4ecee/pertussis-surveillance-sweden-23rd-annual-report.pdf,"No public Swedish MRBP prevalence estimate was located in the accessible national surveillance material, so keep a conservative low anchor pending numeric reporting.",Sweden,SWE,2,relative_detection_prior_mean,True,0.0,prospective_policy,3.202340290308184e-05,1.4235413699758381e-16,Sweden,timeliness_only,True,True,5.954795201043958,1.8380151570535088,0.8380151570535088,0.25,calibrated_country_scenario_analysis,schedule_relative,1.0,48.0,,,0.12768871846190533,0.14339498451588362,0.17865938700620387,0.15391973309528795,0.19129523079464794,0.14033933051212355,0.1364224310532104,0.12701439280051396,0.8145989025062251,0.09898012476795826,0.0995279166750177,0.09963307844396174,175.13417958163066,81186.25482855664,within-profile annualised <18 symptomatic-case index versus the same production-runtime current-practice row
figure2_programme_reference,adolescent_booster,symptom_protective,country_timeline,adolescent_booster,2027-01-01,2051-01-01,2027,2051,4154565.079439905,21415393.646873713,349167.45541815483,96779.28072611913,195571.16849178748,474485.1157428526,470213.0600343933,1041477.4565033651,5203993.488994396,208583.71197244167,370.43606908425005,358.4442821612187,358.96804142195674,33139.471921935066,20921752.391185984,0.9769492326955291,0.01,0.9997037312538652,69071459.68148714,495667.274626747,4937390.974989398,4907461.291836818,10340519.541452963,24.000492823261258,1291.835658587194,21.062744732370355,813.5270239561669,1643.97203080075,400.40999987432156,399.2249223286168,419.65012281472406,2096.8831280473005,84.04615942457835,0.22345726217354062,3.0130840809402883,1.4464161631980401,13.353129609493584,16849.131701805785,205268.8221172382,135062.04610437405,135062.04610437405,31884.7704386122,2639.0,7604.0,3,9.502739726027398,0.808672619895984,0.19399900594619243,5.154665587705949,0.34469025598153674,0.2568469098330415,1.8524582464992712e-05,0.007163075967801992,0.009752319359553957,0.3277563360717158,0.1127738922441267,M2;M4;M6;Y1.5;Y4,2.0,48.0,5,wP,True,Thailand,/home/ctm/pertussis_transmission_analysis/outputs/calibrations/Thailand_calibrated_config.yaml,current,fitted_parameters_and_state_only,fe4b0945dbc60905bca91e1dac7a67bb5863846eea9d42ff0fc0dbee6b1fb742,fbaadbe47d956b3f84d024d1fe55f5b483b9cf95f7db1635c7b7f23a7bb227b0,True,state_reconstruction_accepted,23.27153549208217,22.994987753033243,True,Thailand,THA,1,contact_reduction_mean,Thailand,THA,2025,2025,True,False,exact_year,2025,low_imported_model_anchor,https://www.cdc.gov/pertussis/hcp/antibiotic-resistance/index.html,"No public Thailand-specific MRBP prevalence estimate was located in accessible surveillance material; CDC notes increasing MRBP globally, so keep a conservative low imported anchor pending numeric reporting.",Thailand,THA,3,relative_detection_prior_mean,True,0.0,prospective_policy,4.086723819167002e-05,1.6177673822097892e-16,Thailand,adolescent_booster,True,True,0.1976821449825874,106.54854404896123,105.54854404896123,0.25,calibrated_country_scenario_analysis,,,,,,0.11026006963667634,0.11690542799359016,0.2110450706175745,0.16149559240596656,0.1301266958500581,0.13581180185081332,0.1127738922441267,0.12517755521507845,0.11214534385170216,0.11245333872113339,0.1119216163230009,0.11193022938008479,500.4745580513394,1242065.571599228,within-profile annualised <18 symptomatic-case index versus the same production-runtime current-practice row
figure2_programme_reference,cocooning_adjunct,symptom_protective,country_timeline,cocooning_adjunct,2027-01-01,2051-01-01,2027,2051,3709770.1394192223,19787061.213326845,315302.94545458467,83623.44144326412,168776.3057613776,443471.17470002634,507387.45733500965,1034482.0734783002,4985357.981367585,196678.61860881996,319.2195969947335,308.05342711202206,308.5370825841953,28851.966360227707,19328201.54014061,0.97681011504239,0.01,0.9996997633549974,69071459.65789391,495667.2741471216,4937390.9724531695,4907461.291205225,10340519.537805516,24.000492823261258,1193.6101518491605,19.019944020239777,702.9389865859944,1418.7343080363876,374.23785742807365,430.7870952294205,416.83142215620796,2008.7867258483168,79.24915317940746,0.19256207252519497,2.5894983527481914,1.2432110156251561,11.625533663913275,17581.601459436744,186395.5307750808,119689.13282176643,119689.13282176643,33270.87331305901,2646.0,7296.0,2,16.09041095890411,0.8150383238846562,0.18748464460809589,5.333770144698124,0.4524331779714267,0.35656778491054864,1.716522159270854e-05,0.00715540410087338,0.009740169833228611,0.435520438815732,0.18023466700132285,M2;M4;M6;Y1.5;Y4,2.0,48.0,5,wP,True,Thailand,/home/ctm/pertussis_transmission_analysis/outputs/calibrations/Thailand_calibrated_config.yaml,current,fitted_parameters_and_state_only,fe4b0945dbc60905bca91e1dac7a67bb5863846eea9d42ff0fc0dbee6b1fb742,fbaadbe47d956b3f84d024d1fe55f5b483b9cf95f7db1635c7b7f23a7bb227b0,True,state_reconstruction_accepted,23.27153549208217,22.994987753033243,True,Thailand,THA,1,contact_reduction_mean,Thailand,THA,2025,2025,True,False,exact_year,2025,low_imported_model_anchor,https://www.cdc.gov/pertussis/hcp/antibiotic-resistance/index.html,"No public Thailand-specific MRBP prevalence estimate was located in accessible surveillance material; CDC notes increasing MRBP globally, so keep a conservative low imported anchor pending numeric reporting.",Thailand,THA,3,relative_detection_prior_mean,True,0.0,prospective_policy,,,Thailand,cocooning_adjunct,True,True,0.1976821449825874,96.21477965000393,95.21477965000393,0.25,calibrated_country_scenario_analysis,,,,True,False,0.2312082254772212,0.17462745568789995,0.14867137985918344,0.16712764824810777,0.16667270456933192,0.18513608074784138,0.18023466700132285,0.21002347352179773,0.1797707280191282,0.23516549501278805,0.23676955317491222,0.23669401021635228,500.4745580513394,1242065.571599228,within-profile annualised <18 symptomatic-case index versus the same production-runtime current-practice row
figure2_programme_reference,current,symptom_protective,country_timeline,current,2027-01-01,2051-01-01,2027,2051,4737878.468557002,24137470.098846905,399129.51193656103,108772.54962199964,219812.3430225727,537298.1906850727,595994.8312921557,1242065.571599228,5982472.9235481545,241363.7589811582,417.37081017294173,403.61784359294535,404.21153078026725,37359.90906124333,23564388.885393687,0.9762576106316712,0.01,0.9997403042740547,69071459.6606774,495667.27405952534,4937390.972627735,4907461.292813622,10340519.539500883,24.000492823261258,1456.0388244704973,24.076593901170952,914.3424916929739,1847.743443750997,453.4168963988833,506.01740021024597,500.4745580513394,2410.561536305873,97.25446334541991,0.2517695936334026,3.3928132243383398,1.6287190616356935,15.05370119243357,24688.65699660564,234565.17489878938,156759.84970526834,156759.84970526834,46720.043173078004,2289.0,7604.0,2,17.03013698630137,0.8066274342691038,0.19628728483783145,5.094573501417474,0.3324473339987785,0.2473298218233355,1.854062511700627e-05,0.007208336872645583,0.009816403384946763,0.3154040531160692,0.0,M2;M4;M6;Y1.5;Y4,2.0,48.0,5,wP,True,Thailand,/home/ctm/pertussis_transmission_analysis/outputs/calibrations/Thailand_calibrated_config.yaml,current,fitted_parameters_and_state_only,fe4b0945dbc60905bca91e1dac7a67bb5863846eea9d42ff0fc0dbee6b1fb742,fbaadbe47d956b3f84d024d1fe55f5b483b9cf95f7db1635c7b7f23a7bb227b0,True,state_reconstruction_accepted,23.27153549208217,22.994987753033243,True,Thailand,THA,1,contact_reduction_mean,Thailand,THA,2025,2025,True,False,exact_year,2025,low_imported_model_anchor,https://www.cdc.gov/pertussis/hcp/antibiotic-resistance/index.html,"No public Thailand-specific MRBP prevalence estimate was located in accessible surveillance material; CDC notes increasing MRBP globally, so keep a conservative low imported anchor pending numeric reporting.",Thailand,THA,3,relative_detection_prior_mean,True,0.0,prospective_policy,4.086723819167002e-05,1.6177673822097892e-16,Thailand,current,True,True,0.1976821449825874,121.79447922973372,120.79447922973372,0.25,calibrated_country_scenario_analysis,,,,,,0.0,0.0,0.0,0.0,0.0,0.0,0.0,0.0,0.0,0.0,0.0,0.0,500.4745580513394,1242065.571599228,within-profile annualised <18 symptomatic-case index versus the same production-runtime current-practice row
figure2_programme_reference,maternal_immunization,symptom_protective,country_timeline,maternal_immunization,2027-01-01,2051-01-01,2027,2051,3687736.166284414,19716804.97941261,307131.083762521,72690.71958770473,160459.95849452994,441338.8508037431,506413.7454068783,1020443.3157983263,4960713.958448683,188858.7978490874,181.59282265608522,170.4612355472993,170.94167218380807,22164.285049253715,19256225.887978777,0.9766402775746501,0.01,0.9997000752089694,69071459.65820442,495667.2741315341,4937390.971961737,4907461.2923358325,10340519.538429104,24.000492823261258,1189.3721018814354,18.526994765590835,611.0384825224222,1348.8270593581055,372.4384252318592,429.96038464108,411.1746829001809,1998.8567294675245,76.09825564662222,0.10954180324579402,1.4328978346685235,0.6887877725928974,8.930817357264388,17791.43092610644,183130.69292603398,118915.94845536369,118915.94845536369,33667.948040391544,2646.0,7296.0,2,16.07123287671233,0.8154958098775729,0.18703517989527105,5.346587741193622,0.45274039674023453,0.3564412365813498,0.0005319016004993732,0.007140720170490583,0.009720120719956978,0.4353476542492876,0.1831453379882375,M2;M4;M6;Y1.5;Y4,2.0,48.0,5,wP,True,Thailand,/home/ctm/pertussis_transmission_analysis/outputs/calibrations/Thailand_calibrated_config.yaml,current,fitted_parameters_and_state_only,fe4b0945dbc60905bca91e1dac7a67bb5863846eea9d42ff0fc0dbee6b1fb742,fbaadbe47d956b3f84d024d1fe55f5b483b9cf95f7db1635c7b7f23a7bb227b0,True,state_reconstruction_accepted,23.27153549208217,22.994987753033243,True,Thailand,THA,1,contact_reduction_mean,Thailand,THA,2025,2025,True,False,exact_year,2025,low_imported_model_anchor,https://www.cdc.gov/pertussis/hcp/antibiotic-resistance/index.html,"No public Thailand-specific MRBP prevalence estimate was located in accessible surveillance material; CDC notes increasing MRBP globally, so keep a conservative low imported anchor pending numeric reporting.",Thailand,THA,3,relative_detection_prior_mean,True,0.0,prospective_policy,,,Thailand,maternal_immunization,True,True,0.1976821449825874,93.72113382937424,92.72113382937424,0.25,calibrated_country_scenario_analysis,,,,True,False,0.33171816013952504,0.17859605996249173,0.15030513887353647,0.1784303991372883,0.17079207514297867,0.21753456837805363,0.1831453379882375,0.23049768414183958,0.18282515274925337,0.5649124993172367,0.5776667502361168,0.5770984764986,500.4745580513394,1242065.571599228,within-profile annualised <18 symptomatic-case index versus the same production-runtime current-practice row
figure2_programme_reference,pregnancy_tdap_scaleup,symptom_protective,country_timeline,pregnancy_tdap_scaleup,2027-01-01,2051-01-01,2027,2051,4726177.909828125,24135524.7863123,389876.9166762609,94866.06132950619,209877.1294277056,536636.2656362787,596479.5350556464,1227981.862021431,5971707.598324969,232008.53620798592,237.38520711271087,223.608247510532,224.20024110313915,28700.41933905697,23562077.304809276,0.9762405215308085,0.01,0.9997373787272488,69071459.66223665,495667.2741123702,4937390.973340212,4907461.291037197,10340519.53848978,24.000492823261258,1455.9214778157805,23.518451814044464,797.4444948225064,1764.2279979343762,452.8583089299736,506.42892835554784,494.7997060727095,2406.2237853736256,93.4848950725524,0.14319730961356486,1.8796518320163544,0.9033864166092039,11.564469714358907,24566.47832437656,231195.24703636923,156198.25960826347,156198.25960826347,46488.836071928396,2289.0,7597.0,2,17.03013698630137,0.8071270946624127,0.19581831974535838,5.106774490254014,0.33294668689334944,0.24732845936833336,0.0005750556322385228,0.007195350800101659,0.009798593868686048,0.3153776865923232,8.059305828811425e-05,M2;M4;M6;Y1.5;Y4,2.0,48.0,5,wP,True,Thailand,/home/ctm/pertussis_transmission_analysis/outputs/calibrations/Thailand_calibrated_config.yaml,current,fitted_parameters_and_state_only,fe4b0945dbc60905bca91e1dac7a67bb5863846eea9d42ff0fc0dbee6b1fb742,fbaadbe47d956b3f84d024d1fe55f5b483b9cf95f7db1635c7b7f23a7bb227b0,True,state_reconstruction_accepted,23.27153549208217,22.994987753033243,True,Thailand,THA,1,contact_reduction_mean,Thailand,THA,2025,2025,True,False,exact_year,2025,low_imported_model_anchor,https://www.cdc.gov/pertussis/hcp/antibiotic-resistance/index.html,"No public Thailand-specific MRBP prevalence estimate was located in accessible surveillance material; CDC notes increasing MRBP globally, so keep a conservative low imported anchor pending numeric reporting.",Thailand,THA,3,relative_detection_prior_mean,True,0.0,prospective_policy,4.086723819167002e-05,1.6177673822097892e-16,Thailand,pregnancy_tdap_scaleup,True,True,0.1976821449825874,118.97104726436503,117.97104726436503,0.25,calibrated_country_scenario_analysis,,,,,,0.12784924450902835,0.0012319510102016817,-0.0008132684010697666,0.01133894198483465,0.0017994774670538893,0.038759848672652586,8.059305828811425e-05,0.023181937149690857,9.809635190005661e-05,0.43123668132338255,0.44599018338732244,0.4453393235211386,500.4745580513394,1242065.571599228,within-profile annualised <18 symptomatic-case index versus the same production-runtime current-practice row
figure2_programme_reference,targeted_pep_high_risk,symptom_protective,country_timeline,targeted_pep_high_risk,2027-01-01,2051-01-01,2027,2051,4694253.948959777,23875247.11970827,395091.9865248783,107736.27562873285,217246.21577112353,531594.4526973865,586255.0057266215,1225585.7340527407,5900455.7169223875,238568.46027091006,412.3761393381412,398.62455540970967,399.2120468369091,36964.933304158934,23668949.125627168,0.991359335756956,0.01,0.99962720764417,69071459.65148373,495667.2740884045,4937390.970842797,4907461.289197782,10340519.534128984,24.000492823261258,1440.2208107307192,23.83303922648669,905.631568265029,1826.1725675987109,448.6036081095362,497.7479979707826,493.8342169270228,2377.5137450755856,96.12813325738381,0.24875667034806326,3.3508396234960083,1.6085742764451534,14.89455073180005,22998.960217543965,233004.36671196786,213484.43642413875,213484.43642413875,43522.51377238815,2289.0,7289.0,2,16.03287671232877,0.8066058328800758,0.1966159313628556,5.086057844186062,0.3321667436582905,0.24711138560871246,1.8438335519013718e-05,0.0072176590478567944,0.00982714312188355,0.31510350315303115,0.010863730874229538,M2;M4;M6;Y1.5;Y4,2.0,48.0,5,wP,True,Thailand,/home/ctm/pertussis_transmission_analysis/outputs/calibrations/Thailand_calibrated_config.yaml,current,fitted_parameters_and_state_only,fe4b0945dbc60905bca91e1dac7a67bb5863846eea9d42ff0fc0dbee6b1fb742,fbaadbe47d956b3f84d024d1fe55f5b483b9cf95f7db1635c7b7f23a7bb227b0,True,state_reconstruction_accepted,23.27153549208217,22.994987753033243,True,Thailand,THA,1,contact_reduction_mean,Thailand,THA,2025,2025,True,False,exact_year,2025,low_imported_model_anchor,https://www.cdc.gov/pertussis/hcp/antibiotic-resistance/index.html,"No public Thailand-specific MRBP prevalence estimate was located in accessible surveillance material; CDC notes increasing MRBP globally, so keep a conservative low imported anchor pending numeric reporting.",Thailand,THA,3,relative_detection_prior_mean,True,0.0,prospective_policy,4.086723819167002e-05,1.6177673822097892e-16,Thailand,targeted_pep_high_risk,True,True,0.1976821449825874,120.56242726719702,119.56242726719702,0.25,calibrated_country_scenario_analysis,,,,,,0.009526980813339359,0.010615591279795167,0.01634213092824577,0.01326808929143486,0.013709582587984936,0.011581269375516956,0.010863730874229538,0.0101158277975808,-0.004437214168464765,0.01196698646158545,0.012371326645983172,0.012368484228313381,500.4745580513394,1242065.571599228,within-profile annualised <18 symptomatic-case index versus the same production-runtime current-practice row
figure2_programme_reference,timeliness_only,symptom_protective,country_timeline,timeliness_only,2027-01-01,2051-01-01,2027,2051,3869614.233539221,20420960.950702447,305385.327774768,71658.98520186174,176446.6244854747,375445.3013176102,465980.4137522501,913084.7002717219,4907772.425306346,171896.10630645463,313.5137893812977,302.29043101386924,302.6524265488945,24888.121648204855,19906044.50725875,0.9747849063182316,0.01,0.9996909176586113,69071459.6550148,495667.27404775727,4937390.971581918,4907461.289977702,10340519.535607377,24.000492823261258,1231.8487338520526,18.421685946341412,602.365719208663,1483.211038514295,316.8319683153586,395.6312794539706,367.9158914417158,1977.524611147596,69.26335439448152,0.18912017187968133,2.5410545847757176,1.2194995412539325,10.028352747323694,18576.54358027892,183861.08507026185,126062.46003731419,126062.46003731419,35153.67069684547,2646.0,7303.0,2,16.09041095890411,0.8131312253925861,0.1894922693834402,5.277260139707791,0.36533285560760287,0.2693383922509286,1.7912930386578734e-05,0.008950633015663775,0.008851737941901928,0.34751257171965066,0.15397260495506537,M2;M4;M6;Y1.5;Y4,2.0,48.0,5,wP,True,Thailand,/home/ctm/pertussis_transmission_analysis/outputs/calibrations/Thailand_calibrated_config.yaml,current,fitted_parameters_and_state_only,fe4b0945dbc60905bca91e1dac7a67bb5863846eea9d42ff0fc0dbee6b1fb742,fbaadbe47d956b3f84d024d1fe55f5b483b9cf95f7db1635c7b7f23a7bb227b0,True,state_reconstruction_accepted,23.27153549208217,22.994987753033243,True,Thailand,THA,1,contact_reduction_mean,Thailand,THA,2025,2025,True,False,exact_year,2025,low_imported_model_anchor,https://www.cdc.gov/pertussis/hcp/antibiotic-resistance/index.html,"No public Thailand-specific MRBP prevalence estimate was located in accessible surveillance material; CDC notes increasing MRBP globally, so keep a conservative low imported anchor pending numeric reporting.",Thailand,THA,3,relative_detection_prior_mean,True,0.0,prospective_policy,4.086723819167002e-05,1.6177673822097892e-16,Thailand,timeliness_only,True,True,0.1976821449825874,93.18841591871671,92.18841591871671,0.25,calibrated_country_scenario_analysis,schedule_relative,1.0,48.0,,,0.3412034060901663,0.30123475599479455,0.21814688771381763,0.26486594468609437,0.1796415148009416,0.287813104038235,0.15397260495506537,0.23487159269919644,0.15524885435932312,0.24883633033323493,0.2510479013441892,0.2512523678761187,500.4745580513394,1242065.571599228,within-profile annualised <18 symptomatic-case index versus the same production-runtime current-practice row
figure2_programme_reference,adolescent_booster,symptom_protective,country_timeline,adolescent_booster,2027-01-01,2051-01-01,2027,2051,7350731.737070801,36464045.83146094,302338.69219792326,414633.2818051503,903993.7802366397,1736700.843028395,865151.2876929609,3016485.412526506,13748707.438377667,237602.16883647724,1445.3170838024412,1425.3059931285102,1427.4343707813573,135303.97543835355,35433339.475432575,0.9717336260273379,0.003,0.999832038697441,72784716.29793824,682810.3403889802,6599216.080801258,6165078.110577326,13447104.531767562,24.000492823261258,2087.3943355215692,17.307461613555656,2530.136257276323,5516.26591519937,1096.509772623161,584.7002985082217,934.6570561120524,4260.032674561138,73.62095726646888,0.8273757409439101,8.697368323226788,4.422900907285392,41.92389422415539,19522.764522956808,520157.85129977425,258794.85293765354,258794.85293765354,38930.380196023696,2436.0,7100.0,3,8.438356164383562,0.8077006861411143,0.2015884844771843,4.960600813054773,0.5512646243720647,0.3987757592078529,0.000922819635283076,0.018798816414358068,0.02568475394124713,0.5058582343811764,-0.003572757968185236,W8;W12;W16;M40,1.8410958904109591,40.0,4,aP,True,United_Kingdom,/home/ctm/pertussis_transmission_analysis/outputs/calibrations/United_Kingdom_calibrated_config.yaml,current,fitted_parameters_and_state_only,fe4b0945dbc60905bca91e1dac7a67bb5863846eea9d42ff0fc0dbee6b1fb742,fbaadbe47d956b3f84d024d1fe55f5b483b9cf95f7db1635c7b7f23a7bb227b0,True,state_reconstruction_accepted,47.87063170623975,40.9064805360586,True,United_Kingdom,GBR,1,contact_reduction_mean,United_Kingdom,GBR,2025,2025,True,False,nearest_past_year,2024,measured_national_surveillance_fraction,https://www.postersessiononline.eu/173580348_eu/congresos/UKHSA2025/aula/-P_58_UKHSA2025.pdf,"UKHSA national reference laboratory poster: 661 B. pertussis isolates received from June 2023 to November 2024, with 2 predicted and phenotypically confirmed macrolide-resistant isolates.",United_Kingdom,GBR,3,relative_detection_prior_mean,True,0.0,prospective_policy,6.047227433250013e-05,1.6570722974665014e-16,United_Kingdom,adolescent_booster,True,True,6.999594011212859,2.4726379252611386,1.4726379252611386,0.25,calibrated_country_scenario_analysis,,,,,,-0.004995011690928974,-0.0041719508652871,-0.007010991052251558,-0.005097808552958494,-0.0037737229082903667,-0.004780967864036478,-0.003572757968185236,-0.004508445417121809,-0.0035748617317912235,-0.004730876083560043,-0.004736774895705231,-0.004736794278483281,929.9165197242646,3001185.94122431,within-profile annualised <18 symptomatic-case index versus the same production-runtime current-practice row
figure2_programme_reference,cocooning_adjunct,symptom_protective,country_timeline,cocooning_adjunct,2027-01-01,2051-01-01,2027,2051,6284153.857015101,32585427.794328302,259585.54392446106,345842.19782740483,753300.2871423997,1535639.468156654,787968.1775881965,2669449.843572255,12329993.464468673,206454.05346737412,1204.908048257816,1187.2892503334576,1189.1354252741532,113315.49855380236,31720677.08066152,0.9734620420169136,0.003,0.9997306203715909,72784716.29698677,682810.3404937009,6599216.081326753,6165078.108774647,13447104.530595101,24.000492823261258,1865.3617789343368,14.860045878693414,2110.3657672522563,4596.7182386459,969.5646148183448,532.5371820391077,827.1281943179765,3820.4445963932485,63.96972352384787,0.6897529271479156,7.244964915995501,3.6845323746197094,35.11077158191636,31246.86714343517,449717.7254347243,216583.67750613217,216583.67750613217,62309.4345261525,2737.0,6799.0,3,8.073972602739726,0.8160352929708029,0.1928516604624383,5.185332589836684,0.655717417457443,0.4926886241466529,0.0008620576517480359,0.018255048043952952,0.024947382521347587,0.6116529292403946,0.1031755556616738,W8;W12;W16;M40,1.8410958904109591,40.0,4,aP,True,United_Kingdom,/home/ctm/pertussis_transmission_analysis/outputs/calibrations/United_Kingdom_calibrated_config.yaml,current,fitted_parameters_and_state_only,fe4b0945dbc60905bca91e1dac7a67bb5863846eea9d42ff0fc0dbee6b1fb742,fbaadbe47d956b3f84d024d1fe55f5b483b9cf95f7db1635c7b7f23a7bb227b0,True,state_reconstruction_accepted,47.87063170623975,40.9064805360586,True,United_Kingdom,GBR,1,contact_reduction_mean,United_Kingdom,GBR,2025,2025,True,False,nearest_past_year,2024,measured_national_surveillance_fraction,https://www.postersessiononline.eu/173580348_eu/congresos/UKHSA2025/aula/-P_58_UKHSA2025.pdf,"UKHSA national reference laboratory poster: 661 B. pertussis isolates received from June 2023 to November 2024, with 2 predicted and phenotypically confirmed macrolide-resistant isolates.",United_Kingdom,GBR,3,relative_detection_prior_mean,True,0.0,prospective_policy,,,United_Kingdom,cocooning_adjunct,True,True,6.999594011212859,2.122986826791477,1.122986826791477,0.25,calibrated_country_scenario_analysis,,,,True,False,0.16174195632442367,0.11208307017595731,0.08282790915485061,0.11053500311701803,0.09980458172255458,0.1269393512768523,0.1031755556616738,0.13753721270442976,0.10157849679013209,0.16239257634646165,0.16304766976390528,0.16299611414083126,929.9165197242646,3001185.94122431,within-profile annualised <18 symptomatic-case index versus the same production-runtime current-practice row
figure2_programme_reference,current,symptom_protective,country_timeline,current,2027-01-01,2051-01-01,2027,2051,7320048.154890658,36334232.41308918,300981.7324854618,412572.4774568976,899630.2472196483,1729485.5144399258,859127.9493274867,3001185.94122431,13697018.685190083,236471.6056889214,1438.511663378243,1418.5864683578059,1420.7047844867866,134645.9854502019,35307121.398286134,0.9717315890115505,0.003,0.9998365079329836,72784716.29884404,682810.3403457244,6599216.0808326565,6165078.110847723,13447104.532026103,24.000492823261258,2079.963130647041,17.22978208127792,2517.561010755257,5489.639174326445,1091.954193376035,580.6295101820178,929.9165197242646,4244.016930565186,73.27065262945501,0.8234799592889225,8.656365071021291,4.402049305237704,41.720016232522234,19124.693653741226,517751.7590714245,257704.482539524,257704.482539524,38136.5863531468,2436.0,7107.0,3,8.438356164383562,0.8077931669910852,0.20146422997651264,4.963660298985002,0.5511329434349793,0.3981937322986525,0.0009221016051836627,0.01878036793975248,0.025659699133366475,0.5057707747566768,0.0,W8;W12;W16;M40,1.8410958904109591,40.0,4,aP,True,United_Kingdom,/home/ctm/pertussis_transmission_analysis/outputs/calibrations/United_Kingdom_calibrated_config.yaml,current,fitted_parameters_and_state_only,fe4b0945dbc60905bca91e1dac7a67bb5863846eea9d42ff0fc0dbee6b1fb742,fbaadbe47d956b3f84d024d1fe55f5b483b9cf95f7db1635c7b7f23a7bb227b0,True,state_reconstruction_accepted,47.87063170623975,40.9064805360586,True,United_Kingdom,GBR,1,contact_reduction_mean,United_Kingdom,GBR,2025,2025,True,False,nearest_past_year,2024,measured_national_surveillance_fraction,https://www.postersessiononline.eu/173580348_eu/congresos/UKHSA2025/aula/-P_58_UKHSA2025.pdf,"UKHSA national reference laboratory poster: 661 B. pertussis isolates received from June 2023 to November 2024, with 2 predicted and phenotypically confirmed macrolide-resistant isolates.",United_Kingdom,GBR,3,relative_detection_prior_mean,True,0.0,prospective_policy,6.047227433250013e-05,1.6570722974665014e-16,United_Kingdom,current,True,True,6.999594011212859,2.461540205571497,1.461540205571497,0.25,calibrated_country_scenario_analysis,,,,,,0.0,0.0,0.0,0.0,0.0,0.0,0.0,0.0,0.0,0.0,0.0,0.0,929.9165197242646,3001185.94122431,within-profile annualised <18 symptomatic-case index versus the same production-runtime current-practice row
figure2_programme_reference,maternal_immunization,symptom_protective,country_timeline,maternal_immunization,2027-01-01,2051-01-01,2027,2051,6247687.510718185,32561625.085519835,251508.6133597359,309215.7783983348,717694.8140370651,1533514.3967809014,790261.5031431493,2632991.6783223855,12303286.534398284,198381.12888684787,773.8984892379477,756.2963180612105,758.130190273184,91809.74137333239,31690599.87522833,0.9732499465857787,0.003,0.9997401989469428,72784716.29654296,682810.3405097772,6599216.08143051,6165078.109221044,13447104.531161333,24.000492823261258,1863.9991863314012,14.397679766491983,1886.867471668121,4379.449865740525,968.2228975233712,534.0870937396014,815.8316432493784,3812.1694623514545,61.46833037943515,0.44302031930345387,4.615000336928959,2.349064009657706,28.44721948328742,31787.765955272906,440226.1636612379,215382.0356823553,215382.0356823553,63388.041828916306,2737.0,6792.0,3,8.073972602739726,0.8170131876013265,0.19187271809405282,5.21178836644101,0.6569146911630914,0.4931549490290492,0.0015565876125335394,0.018192162257055923,0.02486042053886166,0.6123055207546403,0.10383065987683515,W8;W12;W16;M40,1.8410958904109591,40.0,4,aP,True,United_Kingdom,/home/ctm/pertussis_transmission_analysis/outputs/calibrations/United_Kingdom_calibrated_config.yaml,current,fitted_parameters_and_state_only,fe4b0945dbc60905bca91e1dac7a67bb5863846eea9d42ff0fc0dbee6b1fb742,fbaadbe47d956b3f84d024d1fe55f5b483b9cf95f7db1635c7b7f23a7bb227b0,True,state_reconstruction_accepted,47.87063170623975,40.9064805360586,True,United_Kingdom,GBR,1,contact_reduction_mean,United_Kingdom,GBR,2025,2025,True,False,nearest_past_year,2024,measured_national_surveillance_fraction,https://www.postersessiononline.eu/173580348_eu/congresos/UKHSA2025/aula/-P_58_UKHSA2025.pdf,"UKHSA national reference laboratory poster: 661 B. pertussis isolates received from June 2023 to November 2024, with 2 predicted and phenotypically confirmed macrolide-resistant isolates.",United_Kingdom,GBR,3,relative_detection_prior_mean,True,0.0,prospective_policy,,,United_Kingdom,maternal_immunization,True,True,6.999594011212859,2.0569306938985186,1.0569306938985186,0.25,calibrated_country_scenario_analysis,,,,True,False,0.25051767799843294,0.11331180054577528,0.08015854476419382,0.12268292266569714,0.10175441698847754,0.1610784376885468,0.10383065987683515,0.1643724976834452,0.10243037041341341,0.46201444942024184,0.4668662538867161,0.4663703546637594,929.9165197242646,3001185.94122431,within-profile annualised <18 symptomatic-case index versus the same production-runtime current-practice row
figure2_programme_reference,pregnancy_tdap_scaleup,symptom_protective,country_timeline,pregnancy_tdap_scaleup,2027-01-01,2051-01-01,2027,2051,7146852.8112356085,35685062.16611418,285620.4370703985,360504.2607723028,838279.7046390646,1692194.8501243265,848494.597388469,2901193.7082850984,13425672.979108913,222192.10445006844,903.5841605749099,884.0772817825911,886.1353949717617,106537.10985514334,34645627.247833356,0.9708719880200223,0.003,0.9998416527600394,72784716.30021532,682810.3404112984,6599216.081617003,6165078.109910577,13447104.531938877,24.000492823261258,2042.801201222794,16.35042049878329,2199.8352304999607,5115.271656783132,1068.409794100738,573.4431092997174,898.9339578111372,4159.940548927463,68.84615366333121,0.517259238623687,5.394733329319374,2.745687733582462,33.010489972575336,18650.24976573099,496271.44554145995,252951.02489949047,252951.02489949047,37190.49693498322,2709.0,7107.0,3,8.093150684931507,0.8088879249336662,0.20027575622446628,4.993115586487732,0.5515717694999563,0.3979453659598633,0.0016601145614864648,0.0186313684642026,0.025456680351771895,0.5058236061224954,0.017866628902311388,W8;W12;W16;M40,1.8410958904109591,40.0,4,aP,True,United_Kingdom,/home/ctm/pertussis_transmission_analysis/outputs/calibrations/United_Kingdom_calibrated_config.yaml,current,fitted_parameters_and_state_only,fe4b0945dbc60905bca91e1dac7a67bb5863846eea9d42ff0fc0dbee6b1fb742,fbaadbe47d956b3f84d024d1fe55f5b483b9cf95f7db1635c7b7f23a7bb227b0,True,state_reconstruction_accepted,47.87063170623975,40.9064805360586,True,United_Kingdom,GBR,1,contact_reduction_mean,United_Kingdom,GBR,2025,2025,True,False,nearest_past_year,2024,measured_national_surveillance_fraction,https://www.postersessiononline.eu/173580348_eu/congresos/UKHSA2025/aula/-P_58_UKHSA2025.pdf,"UKHSA national reference laboratory poster: 661 B. pertussis isolates received from June 2023 to November 2024, with 2 predicted and phenotypically confirmed macrolide-resistant isolates.",United_Kingdom,GBR,3,relative_detection_prior_mean,True,0.0,prospective_policy,6.047227433250013e-05,1.6570722974665014e-16,United_Kingdom,pregnancy_tdap_scaleup,True,True,6.999594011212859,2.3359098359977826,1.3359098359977826,0.25,calibrated_country_scenario_analysis,,,,,,0.12620380546357335,0.021561709539773433,0.0123769130632303,0.03331757341219643,0.01981056697940875,0.060385690693189,0.017866628902311388,0.05103730146082974,0.01873543138764322,0.3718617765997765,0.37678999377033195,0.37627056328111963,929.9165197242646,3001185.94122431,within-profile annualised <18 symptomatic-case index versus the same production-runtime current-practice row
figure2_programme_reference,targeted_pep_high_risk,symptom_protective,country_timeline,targeted_pep_high_risk,2027-01-01,2051-01-01,2027,2051,6923634.359707344,34448824.82851854,282574.6788739269,382597.1590394386,834676.9680704977,1622582.9334847855,820752.7505784951,2825932.8431027196,12967202.94303692,221320.78488398754,1336.1455004537297,1317.454900363324,1319.428270370576,125011.23455321442,34240318.850460686,0.9939473703647144,0.003,0.99989482891237,72784716.29695775,682810.3405165802,6599216.081518511,6165078.109651856,13447104.531686947,24.000492823261258,1972.032454811997,16.176065233614125,2334.64843830507,5093.2873753882905,1024.4585591159064,554.6941733351986,875.6144024274727,4017.8837525582067,68.5761755711786,0.7648801677160396,8.039249516104062,4.08824434496461,38.73469169913132,20308.376721134457,486383.1971134632,312183.50541780214,312183.50541780214,40496.97090683596,2702.0,6813.0,3,8.102739726027398,0.8080235020006558,0.20098317995380782,4.975540740423309,0.5482810748221146,0.39569132335921803,0.0009055400153475718,0.018492521811099658,0.025266797250895985,0.5036162157447714,0.05189066781802809,W8;W12;W16;M40,1.8410958904109591,40.0,4,aP,True,United_Kingdom,/home/ctm/pertussis_transmission_analysis/outputs/calibrations/United_Kingdom_calibrated_config.yaml,current,fitted_parameters_and_state_only,fe4b0945dbc60905bca91e1dac7a67bb5863846eea9d42ff0fc0dbee6b1fb742,fbaadbe47d956b3f84d024d1fe55f5b483b9cf95f7db1635c7b7f23a7bb227b0,True,state_reconstruction_accepted,47.87063170623975,40.9064805360586,True,United_Kingdom,GBR,1,contact_reduction_mean,United_Kingdom,GBR,2025,2025,True,False,nearest_past_year,2024,measured_national_surveillance_fraction,https://www.postersessiononline.eu/173580348_eu/congresos/UKHSA2025/aula/-P_58_UKHSA2025.pdf,"UKHSA national reference laboratory poster: 661 B. pertussis isolates received from June 2023 to November 2024, with 2 predicted and phenotypically confirmed macrolide-resistant isolates.",United_Kingdom,GBR,3,relative_detection_prior_mean,True,0.0,prospective_policy,6.047227433250013e-05,1.6570722974665014e-16,United_Kingdom,targeted_pep_high_risk,True,True,6.999594011212859,2.3110004962718125,1.3110004962718125,0.25,calibrated_country_scenario_analysis,,,,,,0.07265467294916839,0.06181178163250445,0.044667617645347435,0.05839461515630828,0.053282817153653905,0.06407035957147766,0.05189066781802809,0.0611567135969755,0.030214939807503893,0.07116116297876485,0.07129037971971808,0.07128610758694365,929.9165197242646,3001185.94122431,within-profile annualised <18 symptomatic-case index versus the same production-runtime current-practice row
figure2_programme_reference,timeliness_only,symptom_protective,country_timeline,timeliness_only,2027-01-01,2051-01-01,2027,2051,5848943.010476053,30909468.584864683,214175.05479756987,225759.31551669014,670746.204761822,1251009.671582683,714977.9474099344,2191746.9345093076,11392300.941878619,159558.12237094977,993.0171420908489,977.0481456174355,978.2060793053492,78589.81271301929,29888904.17762132,0.9669821432082757,0.003,0.999394380140237,72784716.29682134,682810.3401376735,6599216.080005679,6165078.110581686,13447104.53072504,24.000492823261258,1769.4210329055386,12.260509935395108,1377.6072854791203,4092.9644753420757,789.8564316407418,483.2077640338117,679.1120982064097,3529.9008631989445,49.4390340249159,0.568455394963235,5.962051402334873,3.0309684596139226,24.35102874736593,33567.8946035691,386628.0200341437,209626.64082202344,209626.64082202344,66937.79960006512,2744.0,6785.0,3,8.073972602739726,0.8197197132661409,0.18922819699786367,5.284624679964,0.5975198278589232,0.43393001876365017,0.0008385264073327094,0.008981281447846809,0.010617131648398241,0.5770828883553454,0.14930173194659968,W8;W12;W16;M40,1.8410958904109591,40.0,4,aP,True,United_Kingdom,/home/ctm/pertussis_transmission_analysis/outputs/calibrations/United_Kingdom_calibrated_config.yaml,current,fitted_parameters_and_state_only,fe4b0945dbc60905bca91e1dac7a67bb5863846eea9d42ff0fc0dbee6b1fb742,fbaadbe47d956b3f84d024d1fe55f5b483b9cf95f7db1635c7b7f23a7bb227b0,True,state_reconstruction_accepted,47.87063170623975,40.9064805360586,True,United_Kingdom,GBR,1,contact_reduction_mean,United_Kingdom,GBR,2025,2025,True,False,nearest_past_year,2024,measured_national_surveillance_fraction,https://www.postersessiononline.eu/173580348_eu/congresos/UKHSA2025/aula/-P_58_UKHSA2025.pdf,"UKHSA national reference laboratory poster: 661 B. pertussis isolates received from June 2023 to November 2024, with 2 predicted and phenotypically confirmed macrolide-resistant isolates.",United_Kingdom,GBR,3,relative_detection_prior_mean,True,0.0,prospective_policy,6.047227433250013e-05,1.6570722974665014e-16,United_Kingdom,timeliness_only,True,True,6.999594011212859,1.7516030095109274,0.7516030095109274,0.25,calibrated_country_scenario_analysis,schedule_relative,1.0,48.0,,,0.4528008341509505,0.27665790714193506,0.1677864188103657,0.2697063835280855,0.16826418918471975,0.3252546245199155,0.14930173194659968,0.28841178157576364,0.15345961398393193,0.309691282058278,0.31125231530758013,0.31146421833251225,929.9165197242646,3001185.94122431,within-profile annualised <18 symptomatic-case index versus the same production-runtime current-practice row
figure2_programme_reference,adolescent_booster,symptom_protective,country_timeline,adolescent_booster,2027-01-01,2051-01-01,2027,2051,34307637.732134245,182024582.6202619,3541738.0625045095,1219559.2353923293,2694100.8744246913,5909408.023021618,5034461.403563562,12163428.661977507,60146959.3337518,2533403.00249823,4285.144365882938,4196.348319804146,4203.143785090788,401282.2691814401,176458968.66193876,0.9694238334283997,0.01,0.9887800717677616,365334306.24573165,3663825.3415145553,35285669.5684312,32010433.052455325,70959927.96240106,24.000492823261258,2075.9621374786543,40.3929733708832,1386.9090356757458,3063.789553903479,697.7911467809072,655.3017181256332,714.2046720854189,3531.671912721468,148.7547887147554,0.48871406977821724,4.772177711980378,2.4679759401578045,23.56224379153211,34393.79563163588,2079765.220221551,1237666.0513282625,1237666.0513282625,344252.97167784034,1134.0,8766.0,2,13.021917808219179,0.816597836534513,0.1884780464169861,5.305657709267712,0.5510494223190994,0.4194206808137487,0.0005279602282676034,0.012897444815182636,0.01760524658631387,0.5200187706893353,-8.023313899818696e-05,M2;M4;M6;M15;Y4;Y11-Y12,2.0,144.0,6,aP,True,United_States,/home/ctm/pertussis_transmission_analysis/outputs/calibrations/United_States_calibrated_config.yaml,current,fitted_parameters_and_state_only,fe4b0945dbc60905bca91e1dac7a67bb5863846eea9d42ff0fc0dbee6b1fb742,fbaadbe47d956b3f84d024d1fe55f5b483b9cf95f7db1635c7b7f23a7bb227b0,True,state_reconstruction_accepted,40.89230052314945,40.55693564744119,True,United_States,USA,1,contact_reduction_mean,United_States,USA,2025,2025,True,False,nearest_past_year,2024,low_detected_model_anchor,https://www.cdc.gov/pertussis/hcp/antibiotic-resistance/index.html; https://www.health.state.mn.us/diseases/reportable/dcn/pertussis.html; https://trace.ncbi.nlm.nih.gov/Traces/sra-db-be/runinfo?acc=SRR32181461%2CSRR32181462; https://doi.org/10.1128/jcm.01064-25; https://pubmed.ncbi.nlm.nih.gov/41802571/; https://www.paho.org/en/news/26-8-2025-paho-calls-strengthened-vaccination-and-surveillance-amid-spread-antibiotic,"CDC states reported MRBP infections remain rare in the United States and recommends continued surveillance. Minnesota's 2024 annual report states 12 erythromycin-resistant B. pertussis cases have been identified nationally, including one Minnesota case in 2024. Public SRA metadata show SRR32181461 and SRR32181462 are ONT and Illumina WGS runs for the same Minnesota BioSample SAMN46491808/sample MDH-25-000001, not independent cases. Global genomic analyses assigned the 2024 USA evidence to MT28-ptxP3-MRBP/A2047G or MR-MT28 emergence, and PAHO reported resistant pertussis cases in the United States since 2024. No population-based national resistant fraction or denominator was located; use a conservative low detected anchor pending surveillance.",United_States,USA,3,relative_detection_prior_mean,True,0.0,prospective_policy,2.8951093600231316e-05,1.3156166320465292e-16,United_States,adolescent_booster,True,True,1.4343588639311122,28.160995401233944,27.160995401233944,0.25,calibrated_country_scenario_analysis,,,,,,-5.5629352923691755e-05,-6.525381349198334e-05,-0.0004244420518455527,-0.00021292579027121228,-0.00010710690933035671,-0.00012639597136865355,-8.023313899818696e-05,-0.00011042535265382014,-5.813619606387377e-05,-6.550515624237363e-05,-6.541510039137499e-05,-6.54189243125547e-05,714.0526318644839,12160839.305662932,within-profile annualised <18 symptomatic-case index versus the same production-runtime current-practice row
figure2_programme_reference,cocooning_adjunct,symptom_protective,country_timeline,cocooning_adjunct,2027-01-01,2051-01-01,2027,2051,32089283.924944904,174925702.94939357,3336330.191211118,1123463.4204858788,2476459.1860225364,5720831.6721391585,4918984.964106205,11763280.05673124,58350831.828729495,2420836.5158426734,3923.0434314952668,3837.837503861326,3844.3613649458775,370632.69428685785,170256288.32106283,0.9733062977618469,0.01,0.9964682883106912,365334306.2428375,3663825.340194583,35285669.56224567,32010433.058622204,70959927.96106246,24.000492823261258,1995.0005157008584,38.0503284525323,1277.6268052147127,2816.2827381724887,675.5237882019063,640.270932559004,690.7089940838513,3426.208010181233,142.14517945973196,0.4474170197397543,4.364471490198541,2.257308300466025,21.762581032742986,29786.611245679935,1967517.816803184,1121947.684992225,1121947.684992225,298138.9302675501,1155.0,8766.0,3,10.404109589041095,0.821532659510667,0.18344521922103357,5.451218648522519,0.6205594387514471,0.4823137533097707,0.0004989179067485367,0.012891459123944774,0.017591438501787408,0.5895776232189666,0.03892246162931512,M2;M4;M6;M15;Y4;Y11-Y12,2.0,144.0,6,aP,True,United_States,/home/ctm/pertussis_transmission_analysis/outputs/calibrations/United_States_calibrated_config.yaml,current,fitted_parameters_and_state_only,fe4b0945dbc60905bca91e1dac7a67bb5863846eea9d42ff0fc0dbee6b1fb742,fbaadbe47d956b3f84d024d1fe55f5b483b9cf95f7db1635c7b7f23a7bb227b0,True,state_reconstruction_accepted,40.89230052314945,40.55693564744119,True,United_States,USA,1,contact_reduction_mean,United_States,USA,2025,2025,True,False,nearest_past_year,2024,low_detected_model_anchor,https://www.cdc.gov/pertussis/hcp/antibiotic-resistance/index.html; https://www.health.state.mn.us/diseases/reportable/dcn/pertussis.html; https://trace.ncbi.nlm.nih.gov/Traces/sra-db-be/runinfo?acc=SRR32181461%2CSRR32181462; https://doi.org/10.1128/jcm.01064-25; https://pubmed.ncbi.nlm.nih.gov/41802571/; https://www.paho.org/en/news/26-8-2025-paho-calls-strengthened-vaccination-and-surveillance-amid-spread-antibiotic,"CDC states reported MRBP infections remain rare in the United States and recommends continued surveillance. Minnesota's 2024 annual report states 12 erythromycin-resistant B. pertussis cases have been identified nationally, including one Minnesota case in 2024. Public SRA metadata show SRR32181461 and SRR32181462 are ONT and Illumina WGS runs for the same Minnesota BioSample SAMN46491808/sample MDH-25-000001, not independent cases. Global genomic analyses assigned the 2024 USA evidence to MT28-ptxP3-MRBP/A2047G or MR-MT28 emergence, and PAHO reported resistant pertussis cases in the United States since 2024. No population-based national resistant fraction or denominator was located; use a conservative low detected anchor pending surveillance.",United_States,USA,3,relative_detection_prior_mean,True,0.0,prospective_policy,,,United_States,cocooning_adjunct,True,True,1.4343588639311122,26.527760527270488,25.527760527270488,0.25,calibrated_country_scenario_analysis,,,,True,False,0.07874428283300372,0.031848036904257415,0.02252249174180465,0.032691760717525,0.029758407533726716,0.044312137690651676,0.03892246162931512,0.05789232637674657,0.035094743751909574,0.08444148526141637,0.08537417204536069,0.085300656958611,714.0526318644839,12160839.305662932,within-profile annualised <18 symptomatic-case index versus the same production-runtime current-practice row
figure2_programme_reference,current,symptom_protective,country_timeline,current,2027-01-01,2051-01-01,2027,2051,34303504.02338556,182009979.3882866,3541347.00801228,1219491.3958750807,2693948.4010465476,5909022.436773609,5032325.473014241,12160839.305662932,60140517.86875735,2533082.8310332443,4284.863685217761,4196.073833213097,4202.868837932384,401257.0010426706,176448710.6051038,0.9694452534862453,0.01,0.9888209993099153,365334306.2457312,3663825.3415135727,35285669.568433516,32010433.05248283,70959927.96242991,24.000492823261258,2075.795589882562,40.38851345504182,1386.8318871156237,3063.6161578939136,697.7456162185558,655.0236985224619,714.0526318644839,3531.2936867673047,148.73598908487705,0.4886820585836176,4.771865559917001,2.467814498386914,23.560760112597322,34379.77563869542,2079542.5360600078,1237304.047291737,1237304.047291737,344112.6433382652,1134.0,8766.0,2,13.021917808219179,0.8166052781129925,0.1884704571621593,5.3058713554220525,0.5510486526970175,0.41937465830024295,0.0005279617055671024,0.012897640399963948,0.017605491966529642,0.5200175586249569,0.0,M2;M4;M6;M15;Y4;Y11-Y12,2.0,144.0,6,aP,True,United_States,/home/ctm/pertussis_transmission_analysis/outputs/calibrations/United_States_calibrated_config.yaml,current,fitted_parameters_and_state_only,fe4b0945dbc60905bca91e1dac7a67bb5863846eea9d42ff0fc0dbee6b1fb742,fbaadbe47d956b3f84d024d1fe55f5b483b9cf95f7db1635c7b7f23a7bb227b0,True,state_reconstruction_accepted,40.89230052314945,40.55693564744119,True,United_States,USA,1,contact_reduction_mean,United_States,USA,2025,2025,True,False,nearest_past_year,2024,low_detected_model_anchor,https://www.cdc.gov/pertussis/hcp/antibiotic-resistance/index.html; https://www.health.state.mn.us/diseases/reportable/dcn/pertussis.html; https://trace.ncbi.nlm.nih.gov/Traces/sra-db-be/runinfo?acc=SRR32181461%2CSRR32181462; https://doi.org/10.1128/jcm.01064-25; https://pubmed.ncbi.nlm.nih.gov/41802571/; https://www.paho.org/en/news/26-8-2025-paho-calls-strengthened-vaccination-and-surveillance-amid-spread-antibiotic,"CDC states reported MRBP infections remain rare in the United States and recommends continued surveillance. Minnesota's 2024 annual report states 12 erythromycin-resistant B. pertussis cases have been identified nationally, including one Minnesota case in 2024. Public SRA metadata show SRR32181461 and SRR32181462 are ONT and Illumina WGS runs for the same Minnesota BioSample SAMN46491808/sample MDH-25-000001, not independent cases. Global genomic analyses assigned the 2024 USA evidence to MT28-ptxP3-MRBP/A2047G or MR-MT28 emergence, and PAHO reported resistant pertussis cases in the United States since 2024. No population-based national resistant fraction or denominator was located; use a conservative low detected anchor pending surveillance.",United_States,USA,3,relative_detection_prior_mean,True,0.0,prospective_policy,2.8951093600231316e-05,1.3156166320465292e-16,United_States,current,True,True,1.4343588639311122,28.15788605673618,27.15788605673618,0.25,calibrated_country_scenario_analysis,,,,,,0.0,0.0,0.0,0.0,0.0,0.0,0.0,0.0,0.0,0.0,0.0,0.0,714.0526318644839,12160839.305662932,within-profile annualised <18 symptomatic-case index versus the same production-runtime current-practice row
figure2_programme_reference,maternal_immunization,symptom_protective,country_timeline,maternal_immunization,2027-01-01,2051-01-01,2027,2051,31904193.007862374,174457340.78717178,3251685.3120206725,1006205.1479195425,2366042.5652112076,5699774.079464865,4916507.373248602,11622486.60063301,58132862.81194735,2338181.5790997166,2526.0381218791617,2441.0707613237014,2447.5595016857947,301176.48632430495,169794933.05880556,0.973274797682179,0.01,0.9965929486386277,365334306.24373645,3663825.340789091,35285669.56315676,32010433.05010868,70959927.95405453,24.000492823261258,1989.6589178666393,37.08496673149813,1144.2781713021527,2690.71457777855,673.0372782522348,639.9484415200488,682.4419711809376,3413.409440765942,137.29189808081696,0.28809073057002255,2.7760382587607193,1.4371428320873387,17.684294425369615,29464.007306178195,1933576.7088068926,1114597.1684725098,1114597.1684725098,294909.936119534,1155.0,8766.0,4,7.997260273972603,0.8221073635673969,0.18287675866149827,5.4681634086208994,0.6212447116628674,0.48256916258865035,0.0009275464500218818,0.012867691677595366,0.017558700679887816,0.5898907728553624,0.04149573900562109,M2;M4;M6;M15;Y4;Y11-Y12,2.0,144.0,6,aP,True,United_States,/home/ctm/pertussis_transmission_analysis/outputs/calibrations/United_States_calibrated_config.yaml,current,fitted_parameters_and_state_only,fe4b0945dbc60905bca91e1dac7a67bb5863846eea9d42ff0fc0dbee6b1fb742,fbaadbe47d956b3f84d024d1fe55f5b483b9cf95f7db1635c7b7f23a7bb227b0,True,state_reconstruction_accepted,40.89230052314945,40.55693564744119,True,United_States,USA,1,contact_reduction_mean,United_States,USA,2025,2025,True,False,nearest_past_year,2024,low_detected_model_anchor,https://www.cdc.gov/pertussis/hcp/antibiotic-resistance/index.html; https://www.health.state.mn.us/diseases/reportable/dcn/pertussis.html; https://trace.ncbi.nlm.nih.gov/Traces/sra-db-be/runinfo?acc=SRR32181461%2CSRR32181462; https://doi.org/10.1128/jcm.01064-25; https://pubmed.ncbi.nlm.nih.gov/41802571/; https://www.paho.org/en/news/26-8-2025-paho-calls-strengthened-vaccination-and-surveillance-amid-spread-antibiotic,"CDC states reported MRBP infections remain rare in the United States and recommends continued surveillance. Minnesota's 2024 annual report states 12 erythromycin-resistant B. pertussis cases have been identified nationally, including one Minnesota case in 2024. Public SRA metadata show SRR32181461 and SRR32181462 are ONT and Illumina WGS runs for the same Minnesota BioSample SAMN46491808/sample MDH-25-000001, not independent cases. Global genomic analyses assigned the 2024 USA evidence to MT28-ptxP3-MRBP/A2047G or MR-MT28 emergence, and PAHO reported resistant pertussis cases in the United States since 2024. No population-based national resistant fraction or denominator was located; use a conservative low detected anchor pending surveillance.",United_States,USA,3,relative_detection_prior_mean,True,0.0,prospective_policy,,,United_States,maternal_immunization,True,True,1.4343588639311122,25.854733891252476,24.854733891252476,0.25,calibrated_country_scenario_analysis,,,,True,False,0.17489770627080858,0.035411670804722184,0.02301482691982293,0.04426937073392878,0.03338273643055811,0.07694231295785436,0.04149573900562109,0.08179421427390465,0.03770941438721842,0.41047409965603465,0.41824885396392597,0.41764551879523315,714.0526318644839,12160839.305662932,within-profile annualised <18 symptomatic-case index versus the same production-runtime current-practice row
figure2_programme_reference,pregnancy_tdap_scaleup,symptom_protective,country_timeline,pregnancy_tdap_scaleup,2027-01-01,2051-01-01,2027,2051,34089451.05570587,181440904.72671425,3447728.6283486825,1090988.9321225611,2573902.140467854,5884604.748710619,5027466.724508854,12003060.405342035,59882699.26784469,2442001.8340802267,2750.493102854681,2661.9946150715305,2668.750248421156,325006.63650399476,175894095.14554876,0.9694291119771472,0.01,0.9894448823457971,365334306.242477,3663825.341600394,35285669.56904837,32010433.052385986,70959927.96303475,24.000492823261258,2069.3053816345246,39.320810353118354,1240.696116954747,2927.096964115883,694.8623415216007,654.3912681633182,704.7882680925351,3516.15525378069,143.38795150561884,0.3136894730798725,3.027277624025124,1.567020244869518,19.083538424774204,34134.02165584237,2041831.5028704535,1228563.1820949428,1228563.1820949428,341652.8526274756,1141.0,8766.0,2,13.021917808219179,0.8172015359268443,0.18788184013440243,5.3224941765773846,0.551653406184659,0.41952817833752937,0.0009825074554131693,0.01287688100857971,0.01757671012825422,0.5202173075924119,0.003126612416994523,M2;M4;M6;M15;Y4;Y11-Y12,2.0,144.0,6,aP,True,United_States,/home/ctm/pertussis_transmission_analysis/outputs/calibrations/United_States_calibrated_config.yaml,current,fitted_parameters_and_state_only,fe4b0945dbc60905bca91e1dac7a67bb5863846eea9d42ff0fc0dbee6b1fb742,fbaadbe47d956b3f84d024d1fe55f5b483b9cf95f7db1635c7b7f23a7bb227b0,True,state_reconstruction_accepted,40.89230052314945,40.55693564744119,True,United_States,USA,1,contact_reduction_mean,United_States,USA,2025,2025,True,False,nearest_past_year,2024,low_detected_model_anchor,https://www.cdc.gov/pertussis/hcp/antibiotic-resistance/index.html; https://www.health.state.mn.us/diseases/reportable/dcn/pertussis.html; https://trace.ncbi.nlm.nih.gov/Traces/sra-db-be/runinfo?acc=SRR32181461%2CSRR32181462; https://doi.org/10.1128/jcm.01064-25; https://pubmed.ncbi.nlm.nih.gov/41802571/; https://www.paho.org/en/news/26-8-2025-paho-calls-strengthened-vaccination-and-surveillance-amid-spread-antibiotic,"CDC states reported MRBP infections remain rare in the United States and recommends continued surveillance. Minnesota's 2024 annual report states 12 erythromycin-resistant B. pertussis cases have been identified nationally, including one Minnesota case in 2024. Public SRA metadata show SRR32181461 and SRR32181462 are ONT and Illumina WGS runs for the same Minnesota BioSample SAMN46491808/sample MDH-25-000001, not independent cases. Global genomic analyses assigned the 2024 USA evidence to MT28-ptxP3-MRBP/A2047G or MR-MT28 emergence, and PAHO reported resistant pertussis cases in the United States since 2024. No population-based national resistant fraction or denominator was located; use a conservative low detected anchor pending surveillance.",United_States,USA,3,relative_detection_prior_mean,True,0.0,prospective_policy,2.8951093600231316e-05,1.3156166320465292e-16,United_States,pregnancy_tdap_scaleup,True,True,1.4343588639311122,27.413509507204335,26.413509507204335,0.25,calibrated_country_scenario_analysis,,,,,,0.10537381746782148,0.00413227201694677,0.0009655076030837817,0.012974343008523626,0.004286936828101329,0.03595658058914153,0.003126612416994523,0.026435810851573205,0.0031432106114749336,0.35809087408228746,0.36559871897365115,0.36501700354416555,714.0526318644839,12160839.305662932,within-profile annualised <18 symptomatic-case index versus the same production-runtime current-practice row
figure2_programme_reference,targeted_pep_high_risk,symptom_protective,country_timeline,targeted_pep_high_risk,2027-01-01,2051-01-01,2027,2051,33571370.82300539,178148380.4664875,3459731.9696030957,1185236.8749343082,2616914.6715355865,5771756.778472662,4946023.375936703,11903017.029343672,58914528.29229208,2472794.779307474,4155.284215529663,4068.757949369049,4075.378467206302,389886.33100036654,176614843.0305993,0.9913917969286469,0.01,0.9984908674870983,365334306.1831648,3663825.3412153637,35285669.56442733,32010433.047134593,70959927.9527773,24.000492823261258,2031.7546533615255,39.45770660512433,1347.8769080600666,2976.011741384532,681.5370957899379,643.7903395952975,698.9139831926634,3459.3067904695044,145.1960326162035,0.47390372109109685,4.627079194396759,2.392955492301622,22.89310415334798,34365.21939353394,2031416.0548135783,1567518.564015922,1567518.564015922,343966.9475059989,1141.0,8766.0,4,7.997260273972603,0.8165415491315815,0.18844611853948734,5.30655663141429,0.5493839009874028,0.41793092660049974,0.0005220951714712326,0.012865292070055464,0.017557450050533437,0.5184390636953425,0.021216413159198533,M2;M4;M6;M15;Y4;Y11-Y12,2.0,144.0,6,aP,True,United_States,/home/ctm/pertussis_transmission_analysis/outputs/calibrations/United_States_calibrated_config.yaml,current,fitted_parameters_and_state_only,fe4b0945dbc60905bca91e1dac7a67bb5863846eea9d42ff0fc0dbee6b1fb742,fbaadbe47d956b3f84d024d1fe55f5b483b9cf95f7db1635c7b7f23a7bb227b0,True,state_reconstruction_accepted,40.89230052314945,40.55693564744119,True,United_States,USA,1,contact_reduction_mean,United_States,USA,2025,2025,True,False,nearest_past_year,2024,low_detected_model_anchor,https://www.cdc.gov/pertussis/hcp/antibiotic-resistance/index.html; https://www.health.state.mn.us/diseases/reportable/dcn/pertussis.html; https://trace.ncbi.nlm.nih.gov/Traces/sra-db-be/runinfo?acc=SRR32181461%2CSRR32181462; https://doi.org/10.1128/jcm.01064-25; https://pubmed.ncbi.nlm.nih.gov/41802571/; https://www.paho.org/en/news/26-8-2025-paho-calls-strengthened-vaccination-and-surveillance-amid-spread-antibiotic,"CDC states reported MRBP infections remain rare in the United States and recommends continued surveillance. Minnesota's 2024 annual report states 12 erythromycin-resistant B. pertussis cases have been identified nationally, including one Minnesota case in 2024. Public SRA metadata show SRR32181461 and SRR32181462 are ONT and Illumina WGS runs for the same Minnesota BioSample SAMN46491808/sample MDH-25-000001, not independent cases. Global genomic analyses assigned the 2024 USA evidence to MT28-ptxP3-MRBP/A2047G or MR-MT28 emergence, and PAHO reported resistant pertussis cases in the United States since 2024. No population-based national resistant fraction or denominator was located; use a conservative low detected anchor pending surveillance.",United_States,USA,3,relative_detection_prior_mean,True,0.0,prospective_policy,2.8951093600231316e-05,1.3156166320465292e-16,United_States,targeted_pep_high_risk,True,True,1.4343588639311122,27.50895023368389,26.50895023368389,0.25,calibrated_country_scenario_analysis,,,,,,0.028089186243247077,0.02322984212188839,0.017149545978361602,0.021201026361728492,0.02038541768364399,0.023800268584655337,0.021216413159198533,0.023046326221217717,-0.0009415338028018194,0.03024121167147753,0.030341669118476133,0.030334130243474644,714.0526318644839,12160839.305662932,within-profile annualised <18 symptomatic-case index versus the same production-runtime current-practice row
figure2_programme_reference,timeliness_only,symptom_protective,country_timeline,timeliness_only,2027-01-01,2051-01-01,2027,2051,31064607.60071221,172998251.40863433,3014621.0198713057,891375.1438812603,2429455.379351253,4886637.601336032,4599561.287225118,10377574.03244241,56558843.802822344,2074839.5222039272,3565.0903954000814,3483.5454671402326,3488.3374153833074,295489.7692423975,168353271.10715294,0.9731501314975166,0.01,0.9916031601045302,365334306.2461443,3663825.3401268115,35285669.56479659,32010433.056903616,70959927.96182701,24.000492823261258,1973.0182297583547,34.38128524183424,1013.6910170634254,2762.828996646152,577.0209880255768,598.6937175822693,609.3439658269568,3320.9871669099484,121.82914224093399,0.4065930310616836,3.9615629533893113,2.048260362380621,17.350385291260416,25953.332173406023,1823963.6256755632,1077834.5648880133,1077834.5648880133,259771.0302560829,1176.0,8766.0,4,7.997260273972603,0.825399832245592,0.17956602074165112,5.568982349053334,0.6077839611082192,0.4593180322108445,0.0005071600780357896,0.015472172738485968,0.01591129206199535,0.5758933362297022,0.04951227405189307,M2;M4;M6;M15;Y4;Y11-Y12,2.0,144.0,6,aP,True,United_States,/home/ctm/pertussis_transmission_analysis/outputs/calibrations/United_States_calibrated_config.yaml,current,fitted_parameters_and_state_only,fe4b0945dbc60905bca91e1dac7a67bb5863846eea9d42ff0fc0dbee6b1fb742,fbaadbe47d956b3f84d024d1fe55f5b483b9cf95f7db1635c7b7f23a7bb227b0,True,state_reconstruction_accepted,40.89230052314945,40.55693564744119,True,United_States,USA,1,contact_reduction_mean,United_States,USA,2025,2025,True,False,nearest_past_year,2024,low_detected_model_anchor,https://www.cdc.gov/pertussis/hcp/antibiotic-resistance/index.html; https://www.health.state.mn.us/diseases/reportable/dcn/pertussis.html; https://trace.ncbi.nlm.nih.gov/Traces/sra-db-be/runinfo?acc=SRR32181461%2CSRR32181462; https://doi.org/10.1128/jcm.01064-25; https://pubmed.ncbi.nlm.nih.gov/41802571/; https://www.paho.org/en/news/26-8-2025-paho-calls-strengthened-vaccination-and-surveillance-amid-spread-antibiotic,"CDC states reported MRBP infections remain rare in the United States and recommends continued surveillance. Minnesota's 2024 annual report states 12 erythromycin-resistant B. pertussis cases have been identified nationally, including one Minnesota case in 2024. Public SRA metadata show SRR32181461 and SRR32181462 are ONT and Illumina WGS runs for the same Minnesota BioSample SAMN46491808/sample MDH-25-000001, not independent cases. Global genomic analyses assigned the 2024 USA evidence to MT28-ptxP3-MRBP/A2047G or MR-MT28 emergence, and PAHO reported resistant pertussis cases in the United States since 2024. No population-based national resistant fraction or denominator was located; use a conservative low detected anchor pending surveillance.",United_States,USA,3,relative_detection_prior_mean,True,0.0,prospective_policy,2.8951093600231316e-05,1.3156166320465292e-16,United_States,timeliness_only,True,True,1.4343588639311122,23.969793129458758,22.969793129458758,0.25,calibrated_country_scenario_analysis,schedule_relative,1.0,48.0,,,0.2690599155546901,0.17302097705281527,0.08599685932672951,0.14663998333584904,0.059555091855896136,0.18090340482170486,0.04951227405189307,0.14873605635066522,0.04587984502799014,0.16798044061490358,0.16980834808792045,0.1700104024422977,714.0526318644839,12160839.305662932,within-profile annualised <18 symptomatic-case index versus the same production-runtime current-practice row
