country,parameter,diagnostic_method,rhat,rhat_rank,bulk_ess,tail_ess,smc_particle_count,smc_stage_count,smc_final_temperature,smc_min_ess,smc_final_ess,smc_min_ess_fraction,smc_final_ess_fraction,smc_max_weight,smc_final_max_weight,smc_combined_particle_count,smc_combined_particle_ess,smc_combined_particle_ess_fraction,smc_combined_max_weight,smc_island_count,smc_island_ess,smc_island_ess_fraction,smc_max_island_weight,smc_log_evidence_sd,smc_log_evidence_range,smc_recommended_island_ess_floor,smc_unique_ancestor_fraction,smc_unique_particle_fraction,smc_move_acceptance_fraction,smc_reached_final_temperature,smc_fatal_ess_floor,smc_recommended_ess_floor,n_chains,total_draws,converged,recommended_converged,mean,sd
Australia,VE_sus,tempered_smc_rank_and_particle_quality,inf,inf,0.0,0.0,512,65,1.0,358.40000000000003,512.0,0.7000000000000001,1.0,0.013398886039855375,0.001953125,512,512.0,1.0,0.001953125,1,1.0,1.0,1.0,0.0,0.0,2.0,0.001953125,1.0,0.15727208024364406,True,128.0,400.0,1,512,False,False,0.05636512641406445,0.011383597235483604
Australia,VE_inf,tempered_smc_rank_and_particle_quality,inf,inf,0.0,0.0,512,65,1.0,358.40000000000003,512.0,0.7000000000000001,1.0,0.013398886039855375,0.001953125,512,512.0,1.0,0.001953125,1,1.0,1.0,1.0,0.0,0.0,2.0,0.001953125,1.0,0.15727208024364406,True,128.0,400.0,1,512,False,False,0.284747612085429,0.045967438857458826
Australia,VE_dur,tempered_smc_rank_and_particle_quality,inf,inf,0.0,0.0,512,65,1.0,358.40000000000003,512.0,0.7000000000000001,1.0,0.013398886039855375,0.001953125,512,512.0,1.0,0.001953125,1,1.0,1.0,1.0,0.0,0.0,2.0,0.001953125,1.0,0.15727208024364406,True,128.0,400.0,1,512,False,False,0.04460347403155379,0.005381775777868193
Australia,relative_infectiousness_asymptomatic,tempered_smc_rank_and_particle_quality,inf,inf,0.0,0.0,512,65,1.0,358.40000000000003,512.0,0.7000000000000001,1.0,0.013398886039855375,0.001953125,512,512.0,1.0,0.001953125,1,1.0,1.0,1.0,0.0,0.0,2.0,0.001953125,1.0,0.15727208024364406,True,128.0,400.0,1,512,False,False,0.4131830530143421,0.06364431524267193
Australia,infectious_duration_symptomatic,tempered_smc_rank_and_particle_quality,inf,inf,0.0,0.0,512,65,1.0,358.40000000000003,512.0,0.7000000000000001,1.0,0.013398886039855375,0.001953125,512,512.0,1.0,0.001953125,1,1.0,1.0,1.0,0.0,0.0,2.0,0.001953125,1.0,0.15727208024364406,True,128.0,400.0,1,512,False,False,32.20372715905587,1.8097339558254746
Australia,infectious_duration_asymptomatic,tempered_smc_rank_and_particle_quality,inf,inf,0.0,0.0,512,65,1.0,358.40000000000003,512.0,0.7000000000000001,1.0,0.013398886039855375,0.001953125,512,512.0,1.0,0.001953125,1,1.0,1.0,1.0,0.0,0.0,2.0,0.001953125,1.0,0.15727208024364406,True,128.0,400.0,1,512,False,False,25.582019288973733,0.38849468917449115
Australia,fitness_R,tempered_smc_rank_and_particle_quality,inf,inf,0.0,0.0,512,65,1.0,358.40000000000003,512.0,0.7000000000000001,1.0,0.013398886039855375,0.001953125,512,512.0,1.0,0.001953125,1,1.0,1.0,1.0,0.0,0.0,2.0,0.001953125,1.0,0.15727208024364406,True,128.0,400.0,1,512,False,False,0.8357407393979673,0.014266667027702023
Australia,beta_S,tempered_smc_rank_and_particle_quality,inf,inf,0.0,0.0,512,65,1.0,358.40000000000003,512.0,0.7000000000000001,1.0,0.013398886039855375,0.001953125,512,512.0,1.0,0.001953125,1,1.0,1.0,1.0,0.0,0.0,2.0,0.001953125,1.0,0.15727208024364406,True,128.0,400.0,1,512,False,False,0.03698000086477728,0.005832341224660227
Australia,reporting_multiplier,tempered_smc_rank_and_particle_quality,inf,inf,0.0,0.0,512,65,1.0,358.40000000000003,512.0,0.7000000000000001,1.0,0.013398886039855375,0.001953125,512,512.0,1.0,0.001953125,1,1.0,1.0,1.0,0.0,0.0,2.0,0.001953125,1.0,0.15727208024364406,True,128.0,400.0,1,512,False,False,1.0793125119027311,0.042298981271901306
Australia,log_beta_process_2021,tempered_smc_rank_and_particle_quality,inf,inf,0.0,0.0,512,65,1.0,358.40000000000003,512.0,0.7000000000000001,1.0,0.013398886039855375,0.001953125,512,512.0,1.0,0.001953125,1,1.0,1.0,1.0,0.0,0.0,2.0,0.001953125,1.0,0.15727208024364406,True,128.0,400.0,1,512,False,False,0.14189802657252099,0.0447188618116832
Australia,log_beta_process_2022,tempered_smc_rank_and_particle_quality,inf,inf,0.0,0.0,512,65,1.0,358.40000000000003,512.0,0.7000000000000001,1.0,0.013398886039855375,0.001953125,512,512.0,1.0,0.001953125,1,1.0,1.0,1.0,0.0,0.0,2.0,0.001953125,1.0,0.15727208024364406,True,128.0,400.0,1,512,False,False,-0.3319941704108994,0.09096000608219762
Australia,log_beta_process_2023,tempered_smc_rank_and_particle_quality,inf,inf,0.0,0.0,512,65,1.0,358.40000000000003,512.0,0.7000000000000001,1.0,0.013398886039855375,0.001953125,512,512.0,1.0,0.001953125,1,1.0,1.0,1.0,0.0,0.0,2.0,0.001953125,1.0,0.15727208024364406,True,128.0,400.0,1,512,False,False,-0.2163786623753028,0.0832181927922684
Australia,log_beta_process_2024,tempered_smc_rank_and_particle_quality,inf,inf,0.0,0.0,512,65,1.0,358.40000000000003,512.0,0.7000000000000001,1.0,0.013398886039855375,0.001953125,512,512.0,1.0,0.001953125,1,1.0,1.0,1.0,0.0,0.0,2.0,0.001953125,1.0,0.15727208024364406,True,128.0,400.0,1,512,False,False,-0.03692739613479488,0.12050083774781827
Australia,log_beta_process_2025,tempered_smc_rank_and_particle_quality,inf,inf,0.0,0.0,512,65,1.0,358.40000000000003,512.0,0.7000000000000001,1.0,0.013398886039855375,0.001953125,512,512.0,1.0,0.001953125,1,1.0,1.0,1.0,0.0,0.0,2.0,0.001953125,1.0,0.15727208024364406,True,128.0,400.0,1,512,False,False,-0.6175977760878512,0.06895093361731684
Australia,log_beta_process_2026,tempered_smc_rank_and_particle_quality,inf,inf,0.0,0.0,512,65,1.0,358.40000000000003,512.0,0.7000000000000001,1.0,0.013398886039855375,0.001953125,512,512.0,1.0,0.001953125,1,1.0,1.0,1.0,0.0,0.0,2.0,0.001953125,1.0,0.15727208024364406,True,128.0,400.0,1,512,False,False,0.47538685493727134,0.19252560345056713
Australia,log_beta_process_2027,tempered_smc_rank_and_particle_quality,inf,inf,0.0,0.0,512,65,1.0,358.40000000000003,512.0,0.7000000000000001,1.0,0.013398886039855375,0.001953125,512,512.0,1.0,0.001953125,1,1.0,1.0,1.0,0.0,0.0,2.0,0.001953125,1.0,0.15727208024364406,True,128.0,400.0,1,512,False,False,0.2339443016120637,0.6550235551997053
Australia,log_beta_process_2028,tempered_smc_rank_and_particle_quality,inf,inf,0.0,0.0,512,65,1.0,358.40000000000003,512.0,0.7000000000000001,1.0,0.013398886039855375,0.001953125,512,512.0,1.0,0.001953125,1,1.0,1.0,1.0,0.0,0.0,2.0,0.001953125,1.0,0.15727208024364406,True,128.0,400.0,1,512,False,False,0.11743509799975954,0.682619917735703
Australia,log_beta_process_2029,tempered_smc_rank_and_particle_quality,inf,inf,0.0,0.0,512,65,1.0,358.40000000000003,512.0,0.7000000000000001,1.0,0.013398886039855375,0.001953125,512,512.0,1.0,0.001953125,1,1.0,1.0,1.0,0.0,0.0,2.0,0.001953125,1.0,0.15727208024364406,True,128.0,400.0,1,512,False,False,0.049510265521218205,0.6431309681308783
Australia,log_beta_process_2030,tempered_smc_rank_and_particle_quality,inf,inf,0.0,0.0,512,65,1.0,358.40000000000003,512.0,0.7000000000000001,1.0,0.013398886039855375,0.001953125,512,512.0,1.0,0.001953125,1,1.0,1.0,1.0,0.0,0.0,2.0,0.001953125,1.0,0.15727208024364406,True,128.0,400.0,1,512,False,False,0.06107023943981462,0.649454027087711
Australia,log_beta_process_2031,tempered_smc_rank_and_particle_quality,inf,inf,0.0,0.0,512,65,1.0,358.40000000000003,512.0,0.7000000000000001,1.0,0.013398886039855375,0.001953125,512,512.0,1.0,0.001953125,1,1.0,1.0,1.0,0.0,0.0,2.0,0.001953125,1.0,0.15727208024364406,True,128.0,400.0,1,512,False,False,-0.02036802542617045,0.690695262820852
Australia,log_beta_process_2032,tempered_smc_rank_and_particle_quality,inf,inf,0.0,0.0,512,65,1.0,358.40000000000003,512.0,0.7000000000000001,1.0,0.013398886039855375,0.001953125,512,512.0,1.0,0.001953125,1,1.0,1.0,1.0,0.0,0.0,2.0,0.001953125,1.0,0.15727208024364406,True,128.0,400.0,1,512,False,False,0.003475251593449198,0.6798455504643303
Australia,log_beta_process_2033,tempered_smc_rank_and_particle_quality,inf,inf,0.0,0.0,512,65,1.0,358.40000000000003,512.0,0.7000000000000001,1.0,0.013398886039855375,0.001953125,512,512.0,1.0,0.001953125,1,1.0,1.0,1.0,0.0,0.0,2.0,0.001953125,1.0,0.15727208024364406,True,128.0,400.0,1,512,False,False,0.005642706769756615,0.6456500804185363
Australia,log_beta_process_2034,tempered_smc_rank_and_particle_quality,inf,inf,0.0,0.0,512,65,1.0,358.40000000000003,512.0,0.7000000000000001,1.0,0.013398886039855375,0.001953125,512,512.0,1.0,0.001953125,1,1.0,1.0,1.0,0.0,0.0,2.0,0.001953125,1.0,0.15727208024364406,True,128.0,400.0,1,512,False,False,-0.013952878917261092,0.7425068513815557
Australia,log_beta_process_2035,tempered_smc_rank_and_particle_quality,inf,inf,0.0,0.0,512,65,1.0,358.40000000000003,512.0,0.7000000000000001,1.0,0.013398886039855375,0.001953125,512,512.0,1.0,0.001953125,1,1.0,1.0,1.0,0.0,0.0,2.0,0.001953125,1.0,0.15727208024364406,True,128.0,400.0,1,512,False,False,-0.017530280097215346,0.7328993751217215
Australia,log_beta_process_2036,tempered_smc_rank_and_particle_quality,inf,inf,0.0,0.0,512,65,1.0,358.40000000000003,512.0,0.7000000000000001,1.0,0.013398886039855375,0.001953125,512,512.0,1.0,0.001953125,1,1.0,1.0,1.0,0.0,0.0,2.0,0.001953125,1.0,0.15727208024364406,True,128.0,400.0,1,512,False,False,-0.0172926460995016,0.7347349044601839
Australia,log_beta_process_2037,tempered_smc_rank_and_particle_quality,inf,inf,0.0,0.0,512,65,1.0,358.40000000000003,512.0,0.7000000000000001,1.0,0.013398886039855375,0.001953125,512,512.0,1.0,0.001953125,1,1.0,1.0,1.0,0.0,0.0,2.0,0.001953125,1.0,0.15727208024364406,True,128.0,400.0,1,512,False,False,-0.027690885286810168,0.6993108178033722
Australia,log_beta_process_2038,tempered_smc_rank_and_particle_quality,inf,inf,0.0,0.0,512,65,1.0,358.40000000000003,512.0,0.7000000000000001,1.0,0.013398886039855375,0.001953125,512,512.0,1.0,0.001953125,1,1.0,1.0,1.0,0.0,0.0,2.0,0.001953125,1.0,0.15727208024364406,True,128.0,400.0,1,512,False,False,-0.05914983144882349,0.67968157855067
Australia,log_beta_process_2039,tempered_smc_rank_and_particle_quality,inf,inf,0.0,0.0,512,65,1.0,358.40000000000003,512.0,0.7000000000000001,1.0,0.013398886039855375,0.001953125,512,512.0,1.0,0.001953125,1,1.0,1.0,1.0,0.0,0.0,2.0,0.001953125,1.0,0.15727208024364406,True,128.0,400.0,1,512,False,False,-0.0024278031159497213,0.6868556186665659
Australia,log_beta_process_2040,tempered_smc_rank_and_particle_quality,inf,inf,0.0,0.0,512,65,1.0,358.40000000000003,512.0,0.7000000000000001,1.0,0.013398886039855375,0.001953125,512,512.0,1.0,0.001953125,1,1.0,1.0,1.0,0.0,0.0,2.0,0.001953125,1.0,0.15727208024364406,True,128.0,400.0,1,512,False,False,-0.06248385822688791,0.6744083764873525
Australia,log_beta_process_2041,tempered_smc_rank_and_particle_quality,inf,inf,0.0,0.0,512,65,1.0,358.40000000000003,512.0,0.7000000000000001,1.0,0.013398886039855375,0.001953125,512,512.0,1.0,0.001953125,1,1.0,1.0,1.0,0.0,0.0,2.0,0.001953125,1.0,0.15727208024364406,True,128.0,400.0,1,512,False,False,-0.04293705283544472,0.7330678617331801
Australia,log_beta_process_2042,tempered_smc_rank_and_particle_quality,inf,inf,0.0,0.0,512,65,1.0,358.40000000000003,512.0,0.7000000000000001,1.0,0.013398886039855375,0.001953125,512,512.0,1.0,0.001953125,1,1.0,1.0,1.0,0.0,0.0,2.0,0.001953125,1.0,0.15727208024364406,True,128.0,400.0,1,512,False,False,-0.039715354968527544,0.6864816695356158
Australia,log_beta_process_2043,tempered_smc_rank_and_particle_quality,inf,inf,0.0,0.0,512,65,1.0,358.40000000000003,512.0,0.7000000000000001,1.0,0.013398886039855375,0.001953125,512,512.0,1.0,0.001953125,1,1.0,1.0,1.0,0.0,0.0,2.0,0.001953125,1.0,0.15727208024364406,True,128.0,400.0,1,512,False,False,-0.03247181208436556,0.6738885265580142
Australia,log_beta_process_2044,tempered_smc_rank_and_particle_quality,inf,inf,0.0,0.0,512,65,1.0,358.40000000000003,512.0,0.7000000000000001,1.0,0.013398886039855375,0.001953125,512,512.0,1.0,0.001953125,1,1.0,1.0,1.0,0.0,0.0,2.0,0.001953125,1.0,0.15727208024364406,True,128.0,400.0,1,512,False,False,-0.06699835564518498,0.6911654737145504
Australia,log_beta_process_2045,tempered_smc_rank_and_particle_quality,inf,inf,0.0,0.0,512,65,1.0,358.40000000000003,512.0,0.7000000000000001,1.0,0.013398886039855375,0.001953125,512,512.0,1.0,0.001953125,1,1.0,1.0,1.0,0.0,0.0,2.0,0.001953125,1.0,0.15727208024364406,True,128.0,400.0,1,512,False,False,-0.020671740448065315,0.6945428971268109
Australia,log_beta_process_2046,tempered_smc_rank_and_particle_quality,inf,inf,0.0,0.0,512,65,1.0,358.40000000000003,512.0,0.7000000000000001,1.0,0.013398886039855375,0.001953125,512,512.0,1.0,0.001953125,1,1.0,1.0,1.0,0.0,0.0,2.0,0.001953125,1.0,0.15727208024364406,True,128.0,400.0,1,512,False,False,-0.04923269384248821,0.7231618386351751
Australia,log_beta_process_2047,tempered_smc_rank_and_particle_quality,inf,inf,0.0,0.0,512,65,1.0,358.40000000000003,512.0,0.7000000000000001,1.0,0.013398886039855375,0.001953125,512,512.0,1.0,0.001953125,1,1.0,1.0,1.0,0.0,0.0,2.0,0.001953125,1.0,0.15727208024364406,True,128.0,400.0,1,512,False,False,0.04024696768783238,0.7047130007892073
Australia,log_beta_process_2048,tempered_smc_rank_and_particle_quality,inf,inf,0.0,0.0,512,65,1.0,358.40000000000003,512.0,0.7000000000000001,1.0,0.013398886039855375,0.001953125,512,512.0,1.0,0.001953125,1,1.0,1.0,1.0,0.0,0.0,2.0,0.001953125,1.0,0.15727208024364406,True,128.0,400.0,1,512,False,False,0.044693208904178716,0.6905258232128507
Australia,log_beta_process_2049,tempered_smc_rank_and_particle_quality,inf,inf,0.0,0.0,512,65,1.0,358.40000000000003,512.0,0.7000000000000001,1.0,0.013398886039855375,0.001953125,512,512.0,1.0,0.001953125,1,1.0,1.0,1.0,0.0,0.0,2.0,0.001953125,1.0,0.15727208024364406,True,128.0,400.0,1,512,False,False,0.030257503657011763,0.6909963445012571
Australia,log_beta_process_2050,tempered_smc_rank_and_particle_quality,inf,inf,0.0,0.0,512,65,1.0,358.40000000000003,512.0,0.7000000000000001,1.0,0.013398886039855375,0.001953125,512,512.0,1.0,0.001953125,1,1.0,1.0,1.0,0.0,0.0,2.0,0.001953125,1.0,0.15727208024364406,True,128.0,400.0,1,512,False,False,-0.0290640268805215,0.7147815347782449
China,VE_sus,tempered_smc_rank_and_particle_quality,inf,inf,0.0,0.0,512,65,1.0,358.40000000000003,512.0,0.7000000000000001,1.0,0.013398886039855375,0.001953125,512,512.0,1.0,0.001953125,1,1.0,1.0,1.0,0.0,0.0,2.0,0.001953125,1.0,0.15727208024364406,True,128.0,400.0,1,512,False,False,0.05636512641406445,0.011383597235483604
China,VE_inf,tempered_smc_rank_and_particle_quality,inf,inf,0.0,0.0,512,65,1.0,358.40000000000003,512.0,0.7000000000000001,1.0,0.013398886039855375,0.001953125,512,512.0,1.0,0.001953125,1,1.0,1.0,1.0,0.0,0.0,2.0,0.001953125,1.0,0.15727208024364406,True,128.0,400.0,1,512,False,False,0.284747612085429,0.045967438857458826
China,VE_dur,tempered_smc_rank_and_particle_quality,inf,inf,0.0,0.0,512,65,1.0,358.40000000000003,512.0,0.7000000000000001,1.0,0.013398886039855375,0.001953125,512,512.0,1.0,0.001953125,1,1.0,1.0,1.0,0.0,0.0,2.0,0.001953125,1.0,0.15727208024364406,True,128.0,400.0,1,512,False,False,0.04460347403155379,0.005381775777868193
China,relative_infectiousness_asymptomatic,tempered_smc_rank_and_particle_quality,inf,inf,0.0,0.0,512,65,1.0,358.40000000000003,512.0,0.7000000000000001,1.0,0.013398886039855375,0.001953125,512,512.0,1.0,0.001953125,1,1.0,1.0,1.0,0.0,0.0,2.0,0.001953125,1.0,0.15727208024364406,True,128.0,400.0,1,512,False,False,0.4131830530143421,0.06364431524267193
China,infectious_duration_symptomatic,tempered_smc_rank_and_particle_quality,inf,inf,0.0,0.0,512,65,1.0,358.40000000000003,512.0,0.7000000000000001,1.0,0.013398886039855375,0.001953125,512,512.0,1.0,0.001953125,1,1.0,1.0,1.0,0.0,0.0,2.0,0.001953125,1.0,0.15727208024364406,True,128.0,400.0,1,512,False,False,32.20372715905587,1.8097339558254746
China,infectious_duration_asymptomatic,tempered_smc_rank_and_particle_quality,inf,inf,0.0,0.0,512,65,1.0,358.40000000000003,512.0,0.7000000000000001,1.0,0.013398886039855375,0.001953125,512,512.0,1.0,0.001953125,1,1.0,1.0,1.0,0.0,0.0,2.0,0.001953125,1.0,0.15727208024364406,True,128.0,400.0,1,512,False,False,25.582019288973733,0.38849468917449115
China,fitness_R,tempered_smc_rank_and_particle_quality,inf,inf,0.0,0.0,512,65,1.0,358.40000000000003,512.0,0.7000000000000001,1.0,0.013398886039855375,0.001953125,512,512.0,1.0,0.001953125,1,1.0,1.0,1.0,0.0,0.0,2.0,0.001953125,1.0,0.15727208024364406,True,128.0,400.0,1,512,False,False,0.8357407393979673,0.014266667027702023
China,beta_S,tempered_smc_rank_and_particle_quality,inf,inf,0.0,0.0,512,65,1.0,358.40000000000003,512.0,0.7000000000000001,1.0,0.013398886039855375,0.001953125,512,512.0,1.0,0.001953125,1,1.0,1.0,1.0,0.0,0.0,2.0,0.001953125,1.0,0.15727208024364406,True,128.0,400.0,1,512,False,False,0.01545925730231498,0.0019241416742261188
China,reporting_multiplier,tempered_smc_rank_and_particle_quality,inf,inf,0.0,0.0,512,65,1.0,358.40000000000003,512.0,0.7000000000000001,1.0,0.013398886039855375,0.001953125,512,512.0,1.0,0.001953125,1,1.0,1.0,1.0,0.0,0.0,2.0,0.001953125,1.0,0.15727208024364406,True,128.0,400.0,1,512,False,False,1.8280404208229317,0.25660993755560274
China,log_beta_process_2021,tempered_smc_rank_and_particle_quality,inf,inf,0.0,0.0,512,65,1.0,358.40000000000003,512.0,0.7000000000000001,1.0,0.013398886039855375,0.001953125,512,512.0,1.0,0.001953125,1,1.0,1.0,1.0,0.0,0.0,2.0,0.001953125,1.0,0.15727208024364406,True,128.0,400.0,1,512,False,False,1.072074427381693,0.13728233886981975
China,log_beta_process_2022,tempered_smc_rank_and_particle_quality,inf,inf,0.0,0.0,512,65,1.0,358.40000000000003,512.0,0.7000000000000001,1.0,0.013398886039855375,0.001953125,512,512.0,1.0,0.001953125,1,1.0,1.0,1.0,0.0,0.0,2.0,0.001953125,1.0,0.15727208024364406,True,128.0,400.0,1,512,False,False,1.1051093397146552,0.07837899219696455
China,log_beta_process_2023,tempered_smc_rank_and_particle_quality,inf,inf,0.0,0.0,512,65,1.0,358.40000000000003,512.0,0.7000000000000001,1.0,0.013398886039855375,0.001953125,512,512.0,1.0,0.001953125,1,1.0,1.0,1.0,0.0,0.0,2.0,0.001953125,1.0,0.15727208024364406,True,128.0,400.0,1,512,False,False,-0.00911374483985324,0.09490314331452282
China,log_beta_process_2024,tempered_smc_rank_and_particle_quality,inf,inf,0.0,0.0,512,65,1.0,358.40000000000003,512.0,0.7000000000000001,1.0,0.013398886039855375,0.001953125,512,512.0,1.0,0.001953125,1,1.0,1.0,1.0,0.0,0.0,2.0,0.001953125,1.0,0.15727208024364406,True,128.0,400.0,1,512,False,False,-0.15519702130889518,0.04462843142041932
China,log_beta_process_2025,tempered_smc_rank_and_particle_quality,inf,inf,0.0,0.0,512,65,1.0,358.40000000000003,512.0,0.7000000000000001,1.0,0.013398886039855375,0.001953125,512,512.0,1.0,0.001953125,1,1.0,1.0,1.0,0.0,0.0,2.0,0.001953125,1.0,0.15727208024364406,True,128.0,400.0,1,512,False,False,-0.974920552580173,0.05068138239234256
China,log_beta_process_2026,tempered_smc_rank_and_particle_quality,inf,inf,0.0,0.0,512,65,1.0,358.40000000000003,512.0,0.7000000000000001,1.0,0.013398886039855375,0.001953125,512,512.0,1.0,0.001953125,1,1.0,1.0,1.0,0.0,0.0,2.0,0.001953125,1.0,0.15727208024364406,True,128.0,400.0,1,512,False,False,0.5752257906549314,0.06688675176316251
China,log_beta_process_2027,tempered_smc_rank_and_particle_quality,inf,inf,0.0,0.0,512,65,1.0,358.40000000000003,512.0,0.7000000000000001,1.0,0.013398886039855375,0.001953125,512,512.0,1.0,0.001953125,1,1.0,1.0,1.0,0.0,0.0,2.0,0.001953125,1.0,0.15727208024364406,True,128.0,400.0,1,512,False,False,0.34289729995572693,0.6167606823306612
China,log_beta_process_2028,tempered_smc_rank_and_particle_quality,inf,inf,0.0,0.0,512,65,1.0,358.40000000000003,512.0,0.7000000000000001,1.0,0.013398886039855375,0.001953125,512,512.0,1.0,0.001953125,1,1.0,1.0,1.0,0.0,0.0,2.0,0.001953125,1.0,0.15727208024364406,True,128.0,400.0,1,512,False,False,0.1709093418690763,0.713987431564493
China,log_beta_process_2029,tempered_smc_rank_and_particle_quality,inf,inf,0.0,0.0,512,65,1.0,358.40000000000003,512.0,0.7000000000000001,1.0,0.013398886039855375,0.001953125,512,512.0,1.0,0.001953125,1,1.0,1.0,1.0,0.0,0.0,2.0,0.001953125,1.0,0.15727208024364406,True,128.0,400.0,1,512,False,False,0.07240380241524363,0.7280312972560035
China,log_beta_process_2030,tempered_smc_rank_and_particle_quality,inf,inf,0.0,0.0,512,65,1.0,358.40000000000003,512.0,0.7000000000000001,1.0,0.013398886039855375,0.001953125,512,512.0,1.0,0.001953125,1,1.0,1.0,1.0,0.0,0.0,2.0,0.001953125,1.0,0.15727208024364406,True,128.0,400.0,1,512,False,False,0.06543973626575522,0.6942953841556843
China,log_beta_process_2031,tempered_smc_rank_and_particle_quality,inf,inf,0.0,0.0,512,65,1.0,358.40000000000003,512.0,0.7000000000000001,1.0,0.013398886039855375,0.001953125,512,512.0,1.0,0.001953125,1,1.0,1.0,1.0,0.0,0.0,2.0,0.001953125,1.0,0.15727208024364406,True,128.0,400.0,1,512,False,False,0.01321751484529457,0.7158328186864311
China,log_beta_process_2032,tempered_smc_rank_and_particle_quality,inf,inf,0.0,0.0,512,65,1.0,358.40000000000003,512.0,0.7000000000000001,1.0,0.013398886039855375,0.001953125,512,512.0,1.0,0.001953125,1,1.0,1.0,1.0,0.0,0.0,2.0,0.001953125,1.0,0.15727208024364406,True,128.0,400.0,1,512,False,False,-0.014085555401130642,0.6961699295906818
China,log_beta_process_2033,tempered_smc_rank_and_particle_quality,inf,inf,0.0,0.0,512,65,1.0,358.40000000000003,512.0,0.7000000000000001,1.0,0.013398886039855375,0.001953125,512,512.0,1.0,0.001953125,1,1.0,1.0,1.0,0.0,0.0,2.0,0.001953125,1.0,0.15727208024364406,True,128.0,400.0,1,512,False,False,0.049554711796394965,0.7245428982738771
China,log_beta_process_2034,tempered_smc_rank_and_particle_quality,inf,inf,0.0,0.0,512,65,1.0,358.40000000000003,512.0,0.7000000000000001,1.0,0.013398886039855375,0.001953125,512,512.0,1.0,0.001953125,1,1.0,1.0,1.0,0.0,0.0,2.0,0.001953125,1.0,0.15727208024364406,True,128.0,400.0,1,512,False,False,0.038797373073769,0.7187768499944259
China,log_beta_process_2035,tempered_smc_rank_and_particle_quality,inf,inf,0.0,0.0,512,65,1.0,358.40000000000003,512.0,0.7000000000000001,1.0,0.013398886039855375,0.001953125,512,512.0,1.0,0.001953125,1,1.0,1.0,1.0,0.0,0.0,2.0,0.001953125,1.0,0.15727208024364406,True,128.0,400.0,1,512,False,False,0.026642607923453764,0.6919830578112698
China,log_beta_process_2036,tempered_smc_rank_and_particle_quality,inf,inf,0.0,0.0,512,65,1.0,358.40000000000003,512.0,0.7000000000000001,1.0,0.013398886039855375,0.001953125,512,512.0,1.0,0.001953125,1,1.0,1.0,1.0,0.0,0.0,2.0,0.001953125,1.0,0.15727208024364406,True,128.0,400.0,1,512,False,False,0.017524391959527146,0.6703809964683312
China,log_beta_process_2037,tempered_smc_rank_and_particle_quality,inf,inf,0.0,0.0,512,65,1.0,358.40000000000003,512.0,0.7000000000000001,1.0,0.013398886039855375,0.001953125,512,512.0,1.0,0.001953125,1,1.0,1.0,1.0,0.0,0.0,2.0,0.001953125,1.0,0.15727208024364406,True,128.0,400.0,1,512,False,False,-0.03394274900782297,0.6692883865666394
China,log_beta_process_2038,tempered_smc_rank_and_particle_quality,inf,inf,0.0,0.0,512,65,1.0,358.40000000000003,512.0,0.7000000000000001,1.0,0.013398886039855375,0.001953125,512,512.0,1.0,0.001953125,1,1.0,1.0,1.0,0.0,0.0,2.0,0.001953125,1.0,0.15727208024364406,True,128.0,400.0,1,512,False,False,0.010865455925137386,0.696947381917881
China,log_beta_process_2039,tempered_smc_rank_and_particle_quality,inf,inf,0.0,0.0,512,65,1.0,358.40000000000003,512.0,0.7000000000000001,1.0,0.013398886039855375,0.001953125,512,512.0,1.0,0.001953125,1,1.0,1.0,1.0,0.0,0.0,2.0,0.001953125,1.0,0.15727208024364406,True,128.0,400.0,1,512,False,False,0.011880161718921126,0.6959395336792609
China,log_beta_process_2040,tempered_smc_rank_and_particle_quality,inf,inf,0.0,0.0,512,65,1.0,358.40000000000003,512.0,0.7000000000000001,1.0,0.013398886039855375,0.001953125,512,512.0,1.0,0.001953125,1,1.0,1.0,1.0,0.0,0.0,2.0,0.001953125,1.0,0.15727208024364406,True,128.0,400.0,1,512,False,False,-0.0017622330546482757,0.6716981186984815
China,log_beta_process_2041,tempered_smc_rank_and_particle_quality,inf,inf,0.0,0.0,512,65,1.0,358.40000000000003,512.0,0.7000000000000001,1.0,0.013398886039855375,0.001953125,512,512.0,1.0,0.001953125,1,1.0,1.0,1.0,0.0,0.0,2.0,0.001953125,1.0,0.15727208024364406,True,128.0,400.0,1,512,False,False,-0.0070469657960217464,0.6855824857976468
China,log_beta_process_2042,tempered_smc_rank_and_particle_quality,inf,inf,0.0,0.0,512,65,1.0,358.40000000000003,512.0,0.7000000000000001,1.0,0.013398886039855375,0.001953125,512,512.0,1.0,0.001953125,1,1.0,1.0,1.0,0.0,0.0,2.0,0.001953125,1.0,0.15727208024364406,True,128.0,400.0,1,512,False,False,0.008424280029291867,0.7154919982470406
China,log_beta_process_2043,tempered_smc_rank_and_particle_quality,inf,inf,0.0,0.0,512,65,1.0,358.40000000000003,512.0,0.7000000000000001,1.0,0.013398886039855375,0.001953125,512,512.0,1.0,0.001953125,1,1.0,1.0,1.0,0.0,0.0,2.0,0.001953125,1.0,0.15727208024364406,True,128.0,400.0,1,512,False,False,0.005958599480467883,0.6893203584649621
China,log_beta_process_2044,tempered_smc_rank_and_particle_quality,inf,inf,0.0,0.0,512,65,1.0,358.40000000000003,512.0,0.7000000000000001,1.0,0.013398886039855375,0.001953125,512,512.0,1.0,0.001953125,1,1.0,1.0,1.0,0.0,0.0,2.0,0.001953125,1.0,0.15727208024364406,True,128.0,400.0,1,512,False,False,-0.004672591766623752,0.6781484514945829
China,log_beta_process_2045,tempered_smc_rank_and_particle_quality,inf,inf,0.0,0.0,512,65,1.0,358.40000000000003,512.0,0.7000000000000001,1.0,0.013398886039855375,0.001953125,512,512.0,1.0,0.001953125,1,1.0,1.0,1.0,0.0,0.0,2.0,0.001953125,1.0,0.15727208024364406,True,128.0,400.0,1,512,False,False,0.026412877884697795,0.6819114024032059
China,log_beta_process_2046,tempered_smc_rank_and_particle_quality,inf,inf,0.0,0.0,512,65,1.0,358.40000000000003,512.0,0.7000000000000001,1.0,0.013398886039855375,0.001953125,512,512.0,1.0,0.001953125,1,1.0,1.0,1.0,0.0,0.0,2.0,0.001953125,1.0,0.15727208024364406,True,128.0,400.0,1,512,False,False,-0.0038392398556652448,0.7016695752590999
China,log_beta_process_2047,tempered_smc_rank_and_particle_quality,inf,inf,0.0,0.0,512,65,1.0,358.40000000000003,512.0,0.7000000000000001,1.0,0.013398886039855375,0.001953125,512,512.0,1.0,0.001953125,1,1.0,1.0,1.0,0.0,0.0,2.0,0.001953125,1.0,0.15727208024364406,True,128.0,400.0,1,512,False,False,0.03888762273517288,0.6819440250023321
China,log_beta_process_2048,tempered_smc_rank_and_particle_quality,inf,inf,0.0,0.0,512,65,1.0,358.40000000000003,512.0,0.7000000000000001,1.0,0.013398886039855375,0.001953125,512,512.0,1.0,0.001953125,1,1.0,1.0,1.0,0.0,0.0,2.0,0.001953125,1.0,0.15727208024364406,True,128.0,400.0,1,512,False,False,0.011314319067149022,0.6660573869409525
China,log_beta_process_2049,tempered_smc_rank_and_particle_quality,inf,inf,0.0,0.0,512,65,1.0,358.40000000000003,512.0,0.7000000000000001,1.0,0.013398886039855375,0.001953125,512,512.0,1.0,0.001953125,1,1.0,1.0,1.0,0.0,0.0,2.0,0.001953125,1.0,0.15727208024364406,True,128.0,400.0,1,512,False,False,0.014848799016107056,0.6977560299784781
China,log_beta_process_2050,tempered_smc_rank_and_particle_quality,inf,inf,0.0,0.0,512,65,1.0,358.40000000000003,512.0,0.7000000000000001,1.0,0.013398886039855375,0.001953125,512,512.0,1.0,0.001953125,1,1.0,1.0,1.0,0.0,0.0,2.0,0.001953125,1.0,0.15727208024364406,True,128.0,400.0,1,512,False,False,0.038572889538706946,0.6997097996297552
United_Kingdom,VE_sus,tempered_smc_rank_and_particle_quality,inf,inf,0.0,0.0,512,65,1.0,358.40000000000003,512.0,0.7000000000000001,1.0,0.013398886039855375,0.001953125,512,512.0,1.0,0.001953125,1,1.0,1.0,1.0,0.0,0.0,2.0,0.001953125,1.0,0.15727208024364406,True,128.0,400.0,1,512,False,False,0.05636512641406445,0.011383597235483604
United_Kingdom,VE_inf,tempered_smc_rank_and_particle_quality,inf,inf,0.0,0.0,512,65,1.0,358.40000000000003,512.0,0.7000000000000001,1.0,0.013398886039855375,0.001953125,512,512.0,1.0,0.001953125,1,1.0,1.0,1.0,0.0,0.0,2.0,0.001953125,1.0,0.15727208024364406,True,128.0,400.0,1,512,False,False,0.284747612085429,0.045967438857458826
United_Kingdom,VE_dur,tempered_smc_rank_and_particle_quality,inf,inf,0.0,0.0,512,65,1.0,358.40000000000003,512.0,0.7000000000000001,1.0,0.013398886039855375,0.001953125,512,512.0,1.0,0.001953125,1,1.0,1.0,1.0,0.0,0.0,2.0,0.001953125,1.0,0.15727208024364406,True,128.0,400.0,1,512,False,False,0.04460347403155379,0.005381775777868193
United_Kingdom,relative_infectiousness_asymptomatic,tempered_smc_rank_and_particle_quality,inf,inf,0.0,0.0,512,65,1.0,358.40000000000003,512.0,0.7000000000000001,1.0,0.013398886039855375,0.001953125,512,512.0,1.0,0.001953125,1,1.0,1.0,1.0,0.0,0.0,2.0,0.001953125,1.0,0.15727208024364406,True,128.0,400.0,1,512,False,False,0.4131830530143421,0.06364431524267193
United_Kingdom,infectious_duration_symptomatic,tempered_smc_rank_and_particle_quality,inf,inf,0.0,0.0,512,65,1.0,358.40000000000003,512.0,0.7000000000000001,1.0,0.013398886039855375,0.001953125,512,512.0,1.0,0.001953125,1,1.0,1.0,1.0,0.0,0.0,2.0,0.001953125,1.0,0.15727208024364406,True,128.0,400.0,1,512,False,False,32.20372715905587,1.8097339558254746
United_Kingdom,infectious_duration_asymptomatic,tempered_smc_rank_and_particle_quality,inf,inf,0.0,0.0,512,65,1.0,358.40000000000003,512.0,0.7000000000000001,1.0,0.013398886039855375,0.001953125,512,512.0,1.0,0.001953125,1,1.0,1.0,1.0,0.0,0.0,2.0,0.001953125,1.0,0.15727208024364406,True,128.0,400.0,1,512,False,False,25.582019288973733,0.38849468917449115
United_Kingdom,fitness_R,tempered_smc_rank_and_particle_quality,inf,inf,0.0,0.0,512,65,1.0,358.40000000000003,512.0,0.7000000000000001,1.0,0.013398886039855375,0.001953125,512,512.0,1.0,0.001953125,1,1.0,1.0,1.0,0.0,0.0,2.0,0.001953125,1.0,0.15727208024364406,True,128.0,400.0,1,512,False,False,0.8357407393979673,0.014266667027702023
United_Kingdom,beta_S,tempered_smc_rank_and_particle_quality,inf,inf,0.0,0.0,512,65,1.0,358.40000000000003,512.0,0.7000000000000001,1.0,0.013398886039855375,0.001953125,512,512.0,1.0,0.001953125,1,1.0,1.0,1.0,0.0,0.0,2.0,0.001953125,1.0,0.15727208024364406,True,128.0,400.0,1,512,False,False,0.009310034732134796,0.005142205652607619
United_Kingdom,reporting_multiplier,tempered_smc_rank_and_particle_quality,inf,inf,0.0,0.0,512,65,1.0,358.40000000000003,512.0,0.7000000000000001,1.0,0.013398886039855375,0.001953125,512,512.0,1.0,0.001953125,1,1.0,1.0,1.0,0.0,0.0,2.0,0.001953125,1.0,0.15727208024364406,True,128.0,400.0,1,512,False,False,1.5041326355993307,0.27300209676344134
United_Kingdom,log_beta_process_2019,tempered_smc_rank_and_particle_quality,inf,inf,0.0,0.0,512,65,1.0,358.40000000000003,512.0,0.7000000000000001,1.0,0.013398886039855375,0.001953125,512,512.0,1.0,0.001953125,1,1.0,1.0,1.0,0.0,0.0,2.0,0.001953125,1.0,0.15727208024364406,True,128.0,400.0,1,512,False,False,-1.3714229305142196,0.6527089183477044
United_Kingdom,log_beta_process_2020,tempered_smc_rank_and_particle_quality,inf,inf,0.0,0.0,512,65,1.0,358.40000000000003,512.0,0.7000000000000001,1.0,0.013398886039855375,0.001953125,512,512.0,1.0,0.001953125,1,1.0,1.0,1.0,0.0,0.0,2.0,0.001953125,1.0,0.15727208024364406,True,128.0,400.0,1,512,False,False,0.7276090471249319,0.13946784095401515
United_Kingdom,log_beta_process_2021,tempered_smc_rank_and_particle_quality,inf,inf,0.0,0.0,512,65,1.0,358.40000000000003,512.0,0.7000000000000001,1.0,0.013398886039855375,0.001953125,512,512.0,1.0,0.001953125,1,1.0,1.0,1.0,0.0,0.0,2.0,0.001953125,1.0,0.15727208024364406,True,128.0,400.0,1,512,False,False,0.1429693457276553,0.1636930275961412
United_Kingdom,log_beta_process_2022,tempered_smc_rank_and_particle_quality,inf,inf,0.0,0.0,512,65,1.0,358.40000000000003,512.0,0.7000000000000001,1.0,0.013398886039855375,0.001953125,512,512.0,1.0,0.001953125,1,1.0,1.0,1.0,0.0,0.0,2.0,0.001953125,1.0,0.15727208024364406,True,128.0,400.0,1,512,False,False,-0.34959476249253973,0.1043058349268889
United_Kingdom,log_beta_process_2023,tempered_smc_rank_and_particle_quality,inf,inf,0.0,0.0,512,65,1.0,358.40000000000003,512.0,0.7000000000000001,1.0,0.013398886039855375,0.001953125,512,512.0,1.0,0.001953125,1,1.0,1.0,1.0,0.0,0.0,2.0,0.001953125,1.0,0.15727208024364406,True,128.0,400.0,1,512,False,False,0.122561758734927,0.017079960967451336
United_Kingdom,log_beta_process_2024,tempered_smc_rank_and_particle_quality,inf,inf,0.0,0.0,512,65,1.0,358.40000000000003,512.0,0.7000000000000001,1.0,0.013398886039855375,0.001953125,512,512.0,1.0,0.001953125,1,1.0,1.0,1.0,0.0,0.0,2.0,0.001953125,1.0,0.15727208024364406,True,128.0,400.0,1,512,False,False,0.16772253608464502,0.030569464666722616
United_Kingdom,log_beta_process_2025,tempered_smc_rank_and_particle_quality,inf,inf,0.0,0.0,512,65,1.0,358.40000000000003,512.0,0.7000000000000001,1.0,0.013398886039855375,0.001953125,512,512.0,1.0,0.001953125,1,1.0,1.0,1.0,0.0,0.0,2.0,0.001953125,1.0,0.15727208024364406,True,128.0,400.0,1,512,False,False,-1.5598971049911068,0.12356143295664875
United_Kingdom,log_beta_process_2026,tempered_smc_rank_and_particle_quality,inf,inf,0.0,0.0,512,65,1.0,358.40000000000003,512.0,0.7000000000000001,1.0,0.013398886039855375,0.001953125,512,512.0,1.0,0.001953125,1,1.0,1.0,1.0,0.0,0.0,2.0,0.001953125,1.0,0.15727208024364406,True,128.0,400.0,1,512,False,False,-0.8316556720146054,0.6011281221541243
United_Kingdom,log_beta_process_2027,tempered_smc_rank_and_particle_quality,inf,inf,0.0,0.0,512,65,1.0,358.40000000000003,512.0,0.7000000000000001,1.0,0.013398886039855375,0.001953125,512,512.0,1.0,0.001953125,1,1.0,1.0,1.0,0.0,0.0,2.0,0.001953125,1.0,0.15727208024364406,True,128.0,400.0,1,512,False,False,-0.4748892947701261,0.673982908872217
United_Kingdom,log_beta_process_2028,tempered_smc_rank_and_particle_quality,inf,inf,0.0,0.0,512,65,1.0,358.40000000000003,512.0,0.7000000000000001,1.0,0.013398886039855375,0.001953125,512,512.0,1.0,0.001953125,1,1.0,1.0,1.0,0.0,0.0,2.0,0.001953125,1.0,0.15727208024364406,True,128.0,400.0,1,512,False,False,-0.2879469630117919,0.6708553804553998
United_Kingdom,log_beta_process_2029,tempered_smc_rank_and_particle_quality,inf,inf,0.0,0.0,512,65,1.0,358.40000000000003,512.0,0.7000000000000001,1.0,0.013398886039855375,0.001953125,512,512.0,1.0,0.001953125,1,1.0,1.0,1.0,0.0,0.0,2.0,0.001953125,1.0,0.15727208024364406,True,128.0,400.0,1,512,False,False,-0.16751136598166075,0.6613721370435653
United_Kingdom,log_beta_process_2030,tempered_smc_rank_and_particle_quality,inf,inf,0.0,0.0,512,65,1.0,358.40000000000003,512.0,0.7000000000000001,1.0,0.013398886039855375,0.001953125,512,512.0,1.0,0.001953125,1,1.0,1.0,1.0,0.0,0.0,2.0,0.001953125,1.0,0.15727208024364406,True,128.0,400.0,1,512,False,False,-0.10645532361267343,0.6898317094917708
United_Kingdom,log_beta_process_2031,tempered_smc_rank_and_particle_quality,inf,inf,0.0,0.0,512,65,1.0,358.40000000000003,512.0,0.7000000000000001,1.0,0.013398886039855375,0.001953125,512,512.0,1.0,0.001953125,1,1.0,1.0,1.0,0.0,0.0,2.0,0.001953125,1.0,0.15727208024364406,True,128.0,400.0,1,512,False,False,-0.048791102358559976,0.6793451845939822
United_Kingdom,log_beta_process_2032,tempered_smc_rank_and_particle_quality,inf,inf,0.0,0.0,512,65,1.0,358.40000000000003,512.0,0.7000000000000001,1.0,0.013398886039855375,0.001953125,512,512.0,1.0,0.001953125,1,1.0,1.0,1.0,0.0,0.0,2.0,0.001953125,1.0,0.15727208024364406,True,128.0,400.0,1,512,False,False,-0.046619334970526845,0.6709690848965203
United_Kingdom,log_beta_process_2033,tempered_smc_rank_and_particle_quality,inf,inf,0.0,0.0,512,65,1.0,358.40000000000003,512.0,0.7000000000000001,1.0,0.013398886039855375,0.001953125,512,512.0,1.0,0.001953125,1,1.0,1.0,1.0,0.0,0.0,2.0,0.001953125,1.0,0.15727208024364406,True,128.0,400.0,1,512,False,False,-0.04182620352513103,0.6722462454755563
United_Kingdom,log_beta_process_2034,tempered_smc_rank_and_particle_quality,inf,inf,0.0,0.0,512,65,1.0,358.40000000000003,512.0,0.7000000000000001,1.0,0.013398886039855375,0.001953125,512,512.0,1.0,0.001953125,1,1.0,1.0,1.0,0.0,0.0,2.0,0.001953125,1.0,0.15727208024364406,True,128.0,400.0,1,512,False,False,-0.025389017258823546,0.7016832203041092
United_Kingdom,log_beta_process_2035,tempered_smc_rank_and_particle_quality,inf,inf,0.0,0.0,512,65,1.0,358.40000000000003,512.0,0.7000000000000001,1.0,0.013398886039855375,0.001953125,512,512.0,1.0,0.001953125,1,1.0,1.0,1.0,0.0,0.0,2.0,0.001953125,1.0,0.15727208024364406,True,128.0,400.0,1,512,False,False,0.009292273302381221,0.692587134981988
United_Kingdom,log_beta_process_2036,tempered_smc_rank_and_particle_quality,inf,inf,0.0,0.0,512,65,1.0,358.40000000000003,512.0,0.7000000000000001,1.0,0.013398886039855375,0.001953125,512,512.0,1.0,0.001953125,1,1.0,1.0,1.0,0.0,0.0,2.0,0.001953125,1.0,0.15727208024364406,True,128.0,400.0,1,512,False,False,-0.02229776106500935,0.7036419851370038
United_Kingdom,log_beta_process_2037,tempered_smc_rank_and_particle_quality,inf,inf,0.0,0.0,512,65,1.0,358.40000000000003,512.0,0.7000000000000001,1.0,0.013398886039855375,0.001953125,512,512.0,1.0,0.001953125,1,1.0,1.0,1.0,0.0,0.0,2.0,0.001953125,1.0,0.15727208024364406,True,128.0,400.0,1,512,False,False,0.009731396985538472,0.6941153297853262
United_Kingdom,log_beta_process_2038,tempered_smc_rank_and_particle_quality,inf,inf,0.0,0.0,512,65,1.0,358.40000000000003,512.0,0.7000000000000001,1.0,0.013398886039855375,0.001953125,512,512.0,1.0,0.001953125,1,1.0,1.0,1.0,0.0,0.0,2.0,0.001953125,1.0,0.15727208024364406,True,128.0,400.0,1,512,False,False,0.03742828109413063,0.6624926773934302
United_Kingdom,log_beta_process_2039,tempered_smc_rank_and_particle_quality,inf,inf,0.0,0.0,512,65,1.0,358.40000000000003,512.0,0.7000000000000001,1.0,0.013398886039855375,0.001953125,512,512.0,1.0,0.001953125,1,1.0,1.0,1.0,0.0,0.0,2.0,0.001953125,1.0,0.15727208024364406,True,128.0,400.0,1,512,False,False,0.0008403076771762788,0.6759294268307965
United_Kingdom,log_beta_process_2040,tempered_smc_rank_and_particle_quality,inf,inf,0.0,0.0,512,65,1.0,358.40000000000003,512.0,0.7000000000000001,1.0,0.013398886039855375,0.001953125,512,512.0,1.0,0.001953125,1,1.0,1.0,1.0,0.0,0.0,2.0,0.001953125,1.0,0.15727208024364406,True,128.0,400.0,1,512,False,False,-0.024413864276314742,0.6761104330611496
United_Kingdom,log_beta_process_2041,tempered_smc_rank_and_particle_quality,inf,inf,0.0,0.0,512,65,1.0,358.40000000000003,512.0,0.7000000000000001,1.0,0.013398886039855375,0.001953125,512,512.0,1.0,0.001953125,1,1.0,1.0,1.0,0.0,0.0,2.0,0.001953125,1.0,0.15727208024364406,True,128.0,400.0,1,512,False,False,-0.07483146837716965,0.658308372270359
United_Kingdom,log_beta_process_2042,tempered_smc_rank_and_particle_quality,inf,inf,0.0,0.0,512,65,1.0,358.40000000000003,512.0,0.7000000000000001,1.0,0.013398886039855375,0.001953125,512,512.0,1.0,0.001953125,1,1.0,1.0,1.0,0.0,0.0,2.0,0.001953125,1.0,0.15727208024364406,True,128.0,400.0,1,512,False,False,-0.0427574157430305,0.7040779348501419
United_Kingdom,log_beta_process_2043,tempered_smc_rank_and_particle_quality,inf,inf,0.0,0.0,512,65,1.0,358.40000000000003,512.0,0.7000000000000001,1.0,0.013398886039855375,0.001953125,512,512.0,1.0,0.001953125,1,1.0,1.0,1.0,0.0,0.0,2.0,0.001953125,1.0,0.15727208024364406,True,128.0,400.0,1,512,False,False,-0.024674630247687086,0.683110058452777
United_Kingdom,log_beta_process_2044,tempered_smc_rank_and_particle_quality,inf,inf,0.0,0.0,512,65,1.0,358.40000000000003,512.0,0.7000000000000001,1.0,0.013398886039855375,0.001953125,512,512.0,1.0,0.001953125,1,1.0,1.0,1.0,0.0,0.0,2.0,0.001953125,1.0,0.15727208024364406,True,128.0,400.0,1,512,False,False,-0.04953823665932059,0.7228317699516567
United_Kingdom,log_beta_process_2045,tempered_smc_rank_and_particle_quality,inf,inf,0.0,0.0,512,65,1.0,358.40000000000003,512.0,0.7000000000000001,1.0,0.013398886039855375,0.001953125,512,512.0,1.0,0.001953125,1,1.0,1.0,1.0,0.0,0.0,2.0,0.001953125,1.0,0.15727208024364406,True,128.0,400.0,1,512,False,False,0.020129539064919114,0.7080700431902461
United_Kingdom,log_beta_process_2046,tempered_smc_rank_and_particle_quality,inf,inf,0.0,0.0,512,65,1.0,358.40000000000003,512.0,0.7000000000000001,1.0,0.013398886039855375,0.001953125,512,512.0,1.0,0.001953125,1,1.0,1.0,1.0,0.0,0.0,2.0,0.001953125,1.0,0.15727208024364406,True,128.0,400.0,1,512,False,False,0.005954810960238832,0.7146591731090293
United_Kingdom,log_beta_process_2047,tempered_smc_rank_and_particle_quality,inf,inf,0.0,0.0,512,65,1.0,358.40000000000003,512.0,0.7000000000000001,1.0,0.013398886039855375,0.001953125,512,512.0,1.0,0.001953125,1,1.0,1.0,1.0,0.0,0.0,2.0,0.001953125,1.0,0.15727208024364406,True,128.0,400.0,1,512,False,False,-0.00850783371134984,0.6779271006578341
United_Kingdom,log_beta_process_2048,tempered_smc_rank_and_particle_quality,inf,inf,0.0,0.0,512,65,1.0,358.40000000000003,512.0,0.7000000000000001,1.0,0.013398886039855375,0.001953125,512,512.0,1.0,0.001953125,1,1.0,1.0,1.0,0.0,0.0,2.0,0.001953125,1.0,0.15727208024364406,True,128.0,400.0,1,512,False,False,0.04652854375731645,0.6731456801562403
United_Kingdom,log_beta_process_2049,tempered_smc_rank_and_particle_quality,inf,inf,0.0,0.0,512,65,1.0,358.40000000000003,512.0,0.7000000000000001,1.0,0.013398886039855375,0.001953125,512,512.0,1.0,0.001953125,1,1.0,1.0,1.0,0.0,0.0,2.0,0.001953125,1.0,0.15727208024364406,True,128.0,400.0,1,512,False,False,0.04211015127849972,0.6764515198174468
United_Kingdom,log_beta_process_2050,tempered_smc_rank_and_particle_quality,inf,inf,0.0,0.0,512,65,1.0,358.40000000000003,512.0,0.7000000000000001,1.0,0.013398886039855375,0.001953125,512,512.0,1.0,0.001953125,1,1.0,1.0,1.0,0.0,0.0,2.0,0.001953125,1.0,0.15727208024364406,True,128.0,400.0,1,512,False,False,0.014852936359349471,0.7120829467680512
Japan,VE_sus,tempered_smc_rank_and_particle_quality,inf,inf,0.0,0.0,512,65,1.0,358.40000000000003,512.0,0.7000000000000001,1.0,0.013398886039855375,0.001953125,512,512.0,1.0,0.001953125,1,1.0,1.0,1.0,0.0,0.0,2.0,0.001953125,1.0,0.15727208024364406,True,128.0,400.0,1,512,False,False,0.05636512641406445,0.011383597235483604
Japan,VE_inf,tempered_smc_rank_and_particle_quality,inf,inf,0.0,0.0,512,65,1.0,358.40000000000003,512.0,0.7000000000000001,1.0,0.013398886039855375,0.001953125,512,512.0,1.0,0.001953125,1,1.0,1.0,1.0,0.0,0.0,2.0,0.001953125,1.0,0.15727208024364406,True,128.0,400.0,1,512,False,False,0.284747612085429,0.045967438857458826
Japan,VE_dur,tempered_smc_rank_and_particle_quality,inf,inf,0.0,0.0,512,65,1.0,358.40000000000003,512.0,0.7000000000000001,1.0,0.013398886039855375,0.001953125,512,512.0,1.0,0.001953125,1,1.0,1.0,1.0,0.0,0.0,2.0,0.001953125,1.0,0.15727208024364406,True,128.0,400.0,1,512,False,False,0.04460347403155379,0.005381775777868193
Japan,relative_infectiousness_asymptomatic,tempered_smc_rank_and_particle_quality,inf,inf,0.0,0.0,512,65,1.0,358.40000000000003,512.0,0.7000000000000001,1.0,0.013398886039855375,0.001953125,512,512.0,1.0,0.001953125,1,1.0,1.0,1.0,0.0,0.0,2.0,0.001953125,1.0,0.15727208024364406,True,128.0,400.0,1,512,False,False,0.4131830530143421,0.06364431524267193
Japan,infectious_duration_symptomatic,tempered_smc_rank_and_particle_quality,inf,inf,0.0,0.0,512,65,1.0,358.40000000000003,512.0,0.7000000000000001,1.0,0.013398886039855375,0.001953125,512,512.0,1.0,0.001953125,1,1.0,1.0,1.0,0.0,0.0,2.0,0.001953125,1.0,0.15727208024364406,True,128.0,400.0,1,512,False,False,32.20372715905587,1.8097339558254746
Japan,infectious_duration_asymptomatic,tempered_smc_rank_and_particle_quality,inf,inf,0.0,0.0,512,65,1.0,358.40000000000003,512.0,0.7000000000000001,1.0,0.013398886039855375,0.001953125,512,512.0,1.0,0.001953125,1,1.0,1.0,1.0,0.0,0.0,2.0,0.001953125,1.0,0.15727208024364406,True,128.0,400.0,1,512,False,False,25.582019288973733,0.38849468917449115
Japan,fitness_R,tempered_smc_rank_and_particle_quality,inf,inf,0.0,0.0,512,65,1.0,358.40000000000003,512.0,0.7000000000000001,1.0,0.013398886039855375,0.001953125,512,512.0,1.0,0.001953125,1,1.0,1.0,1.0,0.0,0.0,2.0,0.001953125,1.0,0.15727208024364406,True,128.0,400.0,1,512,False,False,0.8357407393979673,0.014266667027702023
Japan,beta_S,tempered_smc_rank_and_particle_quality,inf,inf,0.0,0.0,512,65,1.0,358.40000000000003,512.0,0.7000000000000001,1.0,0.013398886039855375,0.001953125,512,512.0,1.0,0.001953125,1,1.0,1.0,1.0,0.0,0.0,2.0,0.001953125,1.0,0.15727208024364406,True,128.0,400.0,1,512,False,False,0.027240492008110802,0.0003328818836045143
Japan,reporting_multiplier,tempered_smc_rank_and_particle_quality,inf,inf,0.0,0.0,512,65,1.0,358.40000000000003,512.0,0.7000000000000001,1.0,0.013398886039855375,0.001953125,512,512.0,1.0,0.001953125,1,1.0,1.0,1.0,0.0,0.0,2.0,0.001953125,1.0,0.15727208024364406,True,128.0,400.0,1,512,False,False,0.8347862518699907,0.1367044518741053
Japan,log_beta_process_2021,tempered_smc_rank_and_particle_quality,inf,inf,0.0,0.0,512,65,1.0,358.40000000000003,512.0,0.7000000000000001,1.0,0.013398886039855375,0.001953125,512,512.0,1.0,0.001953125,1,1.0,1.0,1.0,0.0,0.0,2.0,0.001953125,1.0,0.15727208024364406,True,128.0,400.0,1,512,False,False,-0.16308512738684888,0.03810576344771122
Japan,log_beta_process_2022,tempered_smc_rank_and_particle_quality,inf,inf,0.0,0.0,512,65,1.0,358.40000000000003,512.0,0.7000000000000001,1.0,0.013398886039855375,0.001953125,512,512.0,1.0,0.001953125,1,1.0,1.0,1.0,0.0,0.0,2.0,0.001953125,1.0,0.15727208024364406,True,128.0,400.0,1,512,False,False,-0.03271002325099884,0.030794072497378883
Japan,log_beta_process_2023,tempered_smc_rank_and_particle_quality,inf,inf,0.0,0.0,512,65,1.0,358.40000000000003,512.0,0.7000000000000001,1.0,0.013398886039855375,0.001953125,512,512.0,1.0,0.001953125,1,1.0,1.0,1.0,0.0,0.0,2.0,0.001953125,1.0,0.15727208024364406,True,128.0,400.0,1,512,False,False,-0.14583154881198507,0.02023747390419338
Japan,log_beta_process_2024,tempered_smc_rank_and_particle_quality,inf,inf,0.0,0.0,512,65,1.0,358.40000000000003,512.0,0.7000000000000001,1.0,0.013398886039855375,0.001953125,512,512.0,1.0,0.001953125,1,1.0,1.0,1.0,0.0,0.0,2.0,0.001953125,1.0,0.15727208024364406,True,128.0,400.0,1,512,False,False,-0.23964347279692805,0.011586867107230944
Japan,log_beta_process_2025,tempered_smc_rank_and_particle_quality,inf,inf,0.0,0.0,512,65,1.0,358.40000000000003,512.0,0.7000000000000001,1.0,0.013398886039855375,0.001953125,512,512.0,1.0,0.001953125,1,1.0,1.0,1.0,0.0,0.0,2.0,0.001953125,1.0,0.15727208024364406,True,128.0,400.0,1,512,False,False,0.02630705112883666,0.03744846682620588
Japan,log_beta_process_2026,tempered_smc_rank_and_particle_quality,inf,inf,0.0,0.0,512,65,1.0,358.40000000000003,512.0,0.7000000000000001,1.0,0.013398886039855375,0.001953125,512,512.0,1.0,0.001953125,1,1.0,1.0,1.0,0.0,0.0,2.0,0.001953125,1.0,0.15727208024364406,True,128.0,400.0,1,512,False,False,-1.118229081353452,0.3079784123264326
Japan,log_beta_process_2027,tempered_smc_rank_and_particle_quality,inf,inf,0.0,0.0,512,65,1.0,358.40000000000003,512.0,0.7000000000000001,1.0,0.013398886039855375,0.001953125,512,512.0,1.0,0.001953125,1,1.0,1.0,1.0,0.0,0.0,2.0,0.001953125,1.0,0.15727208024364406,True,128.0,400.0,1,512,False,False,-0.5657994276144453,0.6087077822798618
Japan,log_beta_process_2028,tempered_smc_rank_and_particle_quality,inf,inf,0.0,0.0,512,65,1.0,358.40000000000003,512.0,0.7000000000000001,1.0,0.013398886039855375,0.001953125,512,512.0,1.0,0.001953125,1,1.0,1.0,1.0,0.0,0.0,2.0,0.001953125,1.0,0.15727208024364406,True,128.0,400.0,1,512,False,False,-0.29654195078948986,0.6612681824763471
Japan,log_beta_process_2029,tempered_smc_rank_and_particle_quality,inf,inf,0.0,0.0,512,65,1.0,358.40000000000003,512.0,0.7000000000000001,1.0,0.013398886039855375,0.001953125,512,512.0,1.0,0.001953125,1,1.0,1.0,1.0,0.0,0.0,2.0,0.001953125,1.0,0.15727208024364406,True,128.0,400.0,1,512,False,False,-0.16197074423757546,0.6773322199018282
Japan,log_beta_process_2030,tempered_smc_rank_and_particle_quality,inf,inf,0.0,0.0,512,65,1.0,358.40000000000003,512.0,0.7000000000000001,1.0,0.013398886039855375,0.001953125,512,512.0,1.0,0.001953125,1,1.0,1.0,1.0,0.0,0.0,2.0,0.001953125,1.0,0.15727208024364406,True,128.0,400.0,1,512,False,False,-0.06707635950200636,0.6711593910781195
Japan,log_beta_process_2031,tempered_smc_rank_and_particle_quality,inf,inf,0.0,0.0,512,65,1.0,358.40000000000003,512.0,0.7000000000000001,1.0,0.013398886039855375,0.001953125,512,512.0,1.0,0.001953125,1,1.0,1.0,1.0,0.0,0.0,2.0,0.001953125,1.0,0.15727208024364406,True,128.0,400.0,1,512,False,False,-0.05913135331758098,0.7507350125977658
Japan,log_beta_process_2032,tempered_smc_rank_and_particle_quality,inf,inf,0.0,0.0,512,65,1.0,358.40000000000003,512.0,0.7000000000000001,1.0,0.013398886039855375,0.001953125,512,512.0,1.0,0.001953125,1,1.0,1.0,1.0,0.0,0.0,2.0,0.001953125,1.0,0.15727208024364406,True,128.0,400.0,1,512,False,False,-0.019084071526690623,0.7120418903489759
Japan,log_beta_process_2033,tempered_smc_rank_and_particle_quality,inf,inf,0.0,0.0,512,65,1.0,358.40000000000003,512.0,0.7000000000000001,1.0,0.013398886039855375,0.001953125,512,512.0,1.0,0.001953125,1,1.0,1.0,1.0,0.0,0.0,2.0,0.001953125,1.0,0.15727208024364406,True,128.0,400.0,1,512,False,False,0.0038178496324286423,0.7034765524549121
Japan,log_beta_process_2034,tempered_smc_rank_and_particle_quality,inf,inf,0.0,0.0,512,65,1.0,358.40000000000003,512.0,0.7000000000000001,1.0,0.013398886039855375,0.001953125,512,512.0,1.0,0.001953125,1,1.0,1.0,1.0,0.0,0.0,2.0,0.001953125,1.0,0.15727208024364406,True,128.0,400.0,1,512,False,False,0.03249456926183177,0.6851320823902041
Japan,log_beta_process_2035,tempered_smc_rank_and_particle_quality,inf,inf,0.0,0.0,512,65,1.0,358.40000000000003,512.0,0.7000000000000001,1.0,0.013398886039855375,0.001953125,512,512.0,1.0,0.001953125,1,1.0,1.0,1.0,0.0,0.0,2.0,0.001953125,1.0,0.15727208024364406,True,128.0,400.0,1,512,False,False,0.02302496655371272,0.6803421278153728
Japan,log_beta_process_2036,tempered_smc_rank_and_particle_quality,inf,inf,0.0,0.0,512,65,1.0,358.40000000000003,512.0,0.7000000000000001,1.0,0.013398886039855375,0.001953125,512,512.0,1.0,0.001953125,1,1.0,1.0,1.0,0.0,0.0,2.0,0.001953125,1.0,0.15727208024364406,True,128.0,400.0,1,512,False,False,0.04544847762002884,0.6972992496894539
Japan,log_beta_process_2037,tempered_smc_rank_and_particle_quality,inf,inf,0.0,0.0,512,65,1.0,358.40000000000003,512.0,0.7000000000000001,1.0,0.013398886039855375,0.001953125,512,512.0,1.0,0.001953125,1,1.0,1.0,1.0,0.0,0.0,2.0,0.001953125,1.0,0.15727208024364406,True,128.0,400.0,1,512,False,False,-0.006496649231556335,0.6793538666400474
Japan,log_beta_process_2038,tempered_smc_rank_and_particle_quality,inf,inf,0.0,0.0,512,65,1.0,358.40000000000003,512.0,0.7000000000000001,1.0,0.013398886039855375,0.001953125,512,512.0,1.0,0.001953125,1,1.0,1.0,1.0,0.0,0.0,2.0,0.001953125,1.0,0.15727208024364406,True,128.0,400.0,1,512,False,False,0.028804839500337562,0.6997393030580139
Japan,log_beta_process_2039,tempered_smc_rank_and_particle_quality,inf,inf,0.0,0.0,512,65,1.0,358.40000000000003,512.0,0.7000000000000001,1.0,0.013398886039855375,0.001953125,512,512.0,1.0,0.001953125,1,1.0,1.0,1.0,0.0,0.0,2.0,0.001953125,1.0,0.15727208024364406,True,128.0,400.0,1,512,False,False,0.02189379407159378,0.6772492607135394
Japan,log_beta_process_2040,tempered_smc_rank_and_particle_quality,inf,inf,0.0,0.0,512,65,1.0,358.40000000000003,512.0,0.7000000000000001,1.0,0.013398886039855375,0.001953125,512,512.0,1.0,0.001953125,1,1.0,1.0,1.0,0.0,0.0,2.0,0.001953125,1.0,0.15727208024364406,True,128.0,400.0,1,512,False,False,0.00798058905938712,0.708701284369934
Japan,log_beta_process_2041,tempered_smc_rank_and_particle_quality,inf,inf,0.0,0.0,512,65,1.0,358.40000000000003,512.0,0.7000000000000001,1.0,0.013398886039855375,0.001953125,512,512.0,1.0,0.001953125,1,1.0,1.0,1.0,0.0,0.0,2.0,0.001953125,1.0,0.15727208024364406,True,128.0,400.0,1,512,False,False,-0.03591083708187693,0.6964031616243931
Japan,log_beta_process_2042,tempered_smc_rank_and_particle_quality,inf,inf,0.0,0.0,512,65,1.0,358.40000000000003,512.0,0.7000000000000001,1.0,0.013398886039855375,0.001953125,512,512.0,1.0,0.001953125,1,1.0,1.0,1.0,0.0,0.0,2.0,0.001953125,1.0,0.15727208024364406,True,128.0,400.0,1,512,False,False,-0.05538826810007588,0.7052459989646384
Japan,log_beta_process_2043,tempered_smc_rank_and_particle_quality,inf,inf,0.0,0.0,512,65,1.0,358.40000000000003,512.0,0.7000000000000001,1.0,0.013398886039855375,0.001953125,512,512.0,1.0,0.001953125,1,1.0,1.0,1.0,0.0,0.0,2.0,0.001953125,1.0,0.15727208024364406,True,128.0,400.0,1,512,False,False,-0.0315397571647696,0.6737894431848213
Japan,log_beta_process_2044,tempered_smc_rank_and_particle_quality,inf,inf,0.0,0.0,512,65,1.0,358.40000000000003,512.0,0.7000000000000001,1.0,0.013398886039855375,0.001953125,512,512.0,1.0,0.001953125,1,1.0,1.0,1.0,0.0,0.0,2.0,0.001953125,1.0,0.15727208024364406,True,128.0,400.0,1,512,False,False,0.04585715839426162,0.7020468788195611
Japan,log_beta_process_2045,tempered_smc_rank_and_particle_quality,inf,inf,0.0,0.0,512,65,1.0,358.40000000000003,512.0,0.7000000000000001,1.0,0.013398886039855375,0.001953125,512,512.0,1.0,0.001953125,1,1.0,1.0,1.0,0.0,0.0,2.0,0.001953125,1.0,0.15727208024364406,True,128.0,400.0,1,512,False,False,0.0011926709848906689,0.7203974471428704
Japan,log_beta_process_2046,tempered_smc_rank_and_particle_quality,inf,inf,0.0,0.0,512,65,1.0,358.40000000000003,512.0,0.7000000000000001,1.0,0.013398886039855375,0.001953125,512,512.0,1.0,0.001953125,1,1.0,1.0,1.0,0.0,0.0,2.0,0.001953125,1.0,0.15727208024364406,True,128.0,400.0,1,512,False,False,-0.019579678419976487,0.7160803252895852
Japan,log_beta_process_2047,tempered_smc_rank_and_particle_quality,inf,inf,0.0,0.0,512,65,1.0,358.40000000000003,512.0,0.7000000000000001,1.0,0.013398886039855375,0.001953125,512,512.0,1.0,0.001953125,1,1.0,1.0,1.0,0.0,0.0,2.0,0.001953125,1.0,0.15727208024364406,True,128.0,400.0,1,512,False,False,0.05642236002465461,0.6891502394282195
Japan,log_beta_process_2048,tempered_smc_rank_and_particle_quality,inf,inf,0.0,0.0,512,65,1.0,358.40000000000003,512.0,0.7000000000000001,1.0,0.013398886039855375,0.001953125,512,512.0,1.0,0.001953125,1,1.0,1.0,1.0,0.0,0.0,2.0,0.001953125,1.0,0.15727208024364406,True,128.0,400.0,1,512,False,False,-0.014936607977592711,0.7070358646238193
Japan,log_beta_process_2049,tempered_smc_rank_and_particle_quality,inf,inf,0.0,0.0,512,65,1.0,358.40000000000003,512.0,0.7000000000000001,1.0,0.013398886039855375,0.001953125,512,512.0,1.0,0.001953125,1,1.0,1.0,1.0,0.0,0.0,2.0,0.001953125,1.0,0.15727208024364406,True,128.0,400.0,1,512,False,False,-0.011849572870078689,0.7575565328647575
Japan,log_beta_process_2050,tempered_smc_rank_and_particle_quality,inf,inf,0.0,0.0,512,65,1.0,358.40000000000003,512.0,0.7000000000000001,1.0,0.013398886039855375,0.001953125,512,512.0,1.0,0.001953125,1,1.0,1.0,1.0,0.0,0.0,2.0,0.001953125,1.0,0.15727208024364406,True,128.0,400.0,1,512,False,False,0.08117409021006346,0.7178557555726982
New_Zealand,VE_sus,tempered_smc_rank_and_particle_quality,inf,inf,0.0,0.0,512,65,1.0,358.40000000000003,512.0,0.7000000000000001,1.0,0.013398886039855375,0.001953125,512,512.0,1.0,0.001953125,1,1.0,1.0,1.0,0.0,0.0,2.0,0.001953125,1.0,0.15727208024364406,True,128.0,400.0,1,512,False,False,0.05636512641406445,0.011383597235483604
New_Zealand,VE_inf,tempered_smc_rank_and_particle_quality,inf,inf,0.0,0.0,512,65,1.0,358.40000000000003,512.0,0.7000000000000001,1.0,0.013398886039855375,0.001953125,512,512.0,1.0,0.001953125,1,1.0,1.0,1.0,0.0,0.0,2.0,0.001953125,1.0,0.15727208024364406,True,128.0,400.0,1,512,False,False,0.284747612085429,0.045967438857458826
New_Zealand,VE_dur,tempered_smc_rank_and_particle_quality,inf,inf,0.0,0.0,512,65,1.0,358.40000000000003,512.0,0.7000000000000001,1.0,0.013398886039855375,0.001953125,512,512.0,1.0,0.001953125,1,1.0,1.0,1.0,0.0,0.0,2.0,0.001953125,1.0,0.15727208024364406,True,128.0,400.0,1,512,False,False,0.04460347403155379,0.005381775777868193
New_Zealand,relative_infectiousness_asymptomatic,tempered_smc_rank_and_particle_quality,inf,inf,0.0,0.0,512,65,1.0,358.40000000000003,512.0,0.7000000000000001,1.0,0.013398886039855375,0.001953125,512,512.0,1.0,0.001953125,1,1.0,1.0,1.0,0.0,0.0,2.0,0.001953125,1.0,0.15727208024364406,True,128.0,400.0,1,512,False,False,0.4131830530143421,0.06364431524267193
New_Zealand,infectious_duration_symptomatic,tempered_smc_rank_and_particle_quality,inf,inf,0.0,0.0,512,65,1.0,358.40000000000003,512.0,0.7000000000000001,1.0,0.013398886039855375,0.001953125,512,512.0,1.0,0.001953125,1,1.0,1.0,1.0,0.0,0.0,2.0,0.001953125,1.0,0.15727208024364406,True,128.0,400.0,1,512,False,False,32.20372715905587,1.8097339558254746
New_Zealand,infectious_duration_asymptomatic,tempered_smc_rank_and_particle_quality,inf,inf,0.0,0.0,512,65,1.0,358.40000000000003,512.0,0.7000000000000001,1.0,0.013398886039855375,0.001953125,512,512.0,1.0,0.001953125,1,1.0,1.0,1.0,0.0,0.0,2.0,0.001953125,1.0,0.15727208024364406,True,128.0,400.0,1,512,False,False,25.582019288973733,0.38849468917449115
New_Zealand,fitness_R,tempered_smc_rank_and_particle_quality,inf,inf,0.0,0.0,512,65,1.0,358.40000000000003,512.0,0.7000000000000001,1.0,0.013398886039855375,0.001953125,512,512.0,1.0,0.001953125,1,1.0,1.0,1.0,0.0,0.0,2.0,0.001953125,1.0,0.15727208024364406,True,128.0,400.0,1,512,False,False,0.8357407393979673,0.014266667027702023
New_Zealand,beta_S,tempered_smc_rank_and_particle_quality,inf,inf,0.0,0.0,512,65,1.0,358.40000000000003,512.0,0.7000000000000001,1.0,0.013398886039855375,0.001953125,512,512.0,1.0,0.001953125,1,1.0,1.0,1.0,0.0,0.0,2.0,0.001953125,1.0,0.15727208024364406,True,128.0,400.0,1,512,False,False,0.023022932388970203,0.0004428608028190744
New_Zealand,reporting_multiplier,tempered_smc_rank_and_particle_quality,inf,inf,0.0,0.0,512,65,1.0,358.40000000000003,512.0,0.7000000000000001,1.0,0.013398886039855375,0.001953125,512,512.0,1.0,0.001953125,1,1.0,1.0,1.0,0.0,0.0,2.0,0.001953125,1.0,0.15727208024364406,True,128.0,400.0,1,512,False,False,1.7664757198103946,0.2546395714408278
New_Zealand,log_beta_process_2021,tempered_smc_rank_and_particle_quality,inf,inf,0.0,0.0,512,65,1.0,358.40000000000003,512.0,0.7000000000000001,1.0,0.013398886039855375,0.001953125,512,512.0,1.0,0.001953125,1,1.0,1.0,1.0,0.0,0.0,2.0,0.001953125,1.0,0.15727208024364406,True,128.0,400.0,1,512,False,False,0.13967820887422963,0.05397584138295721
New_Zealand,log_beta_process_2022,tempered_smc_rank_and_particle_quality,inf,inf,0.0,0.0,512,65,1.0,358.40000000000003,512.0,0.7000000000000001,1.0,0.013398886039855375,0.001953125,512,512.0,1.0,0.001953125,1,1.0,1.0,1.0,0.0,0.0,2.0,0.001953125,1.0,0.15727208024364406,True,128.0,400.0,1,512,False,False,-0.010563904887011154,0.019922881549693648
New_Zealand,log_beta_process_2023,tempered_smc_rank_and_particle_quality,inf,inf,0.0,0.0,512,65,1.0,358.40000000000003,512.0,0.7000000000000001,1.0,0.013398886039855375,0.001953125,512,512.0,1.0,0.001953125,1,1.0,1.0,1.0,0.0,0.0,2.0,0.001953125,1.0,0.15727208024364406,True,128.0,400.0,1,512,False,False,-0.22827960375238338,0.015066082469897634
New_Zealand,log_beta_process_2024,tempered_smc_rank_and_particle_quality,inf,inf,0.0,0.0,512,65,1.0,358.40000000000003,512.0,0.7000000000000001,1.0,0.013398886039855375,0.001953125,512,512.0,1.0,0.001953125,1,1.0,1.0,1.0,0.0,0.0,2.0,0.001953125,1.0,0.15727208024364406,True,128.0,400.0,1,512,False,False,-0.1627924086546539,0.03954639844870855
New_Zealand,log_beta_process_2025,tempered_smc_rank_and_particle_quality,inf,inf,0.0,0.0,512,65,1.0,358.40000000000003,512.0,0.7000000000000001,1.0,0.013398886039855375,0.001953125,512,512.0,1.0,0.001953125,1,1.0,1.0,1.0,0.0,0.0,2.0,0.001953125,1.0,0.15727208024364406,True,128.0,400.0,1,512,False,False,-0.6903041463228881,0.036919048129369636
New_Zealand,log_beta_process_2026,tempered_smc_rank_and_particle_quality,inf,inf,0.0,0.0,512,65,1.0,358.40000000000003,512.0,0.7000000000000001,1.0,0.013398886039855375,0.001953125,512,512.0,1.0,0.001953125,1,1.0,1.0,1.0,0.0,0.0,2.0,0.001953125,1.0,0.15727208024364406,True,128.0,400.0,1,512,False,False,-0.20949649940353465,0.1131660819813158
New_Zealand,log_beta_process_2027,tempered_smc_rank_and_particle_quality,inf,inf,0.0,0.0,512,65,1.0,358.40000000000003,512.0,0.7000000000000001,1.0,0.013398886039855375,0.001953125,512,512.0,1.0,0.001953125,1,1.0,1.0,1.0,0.0,0.0,2.0,0.001953125,1.0,0.15727208024364406,True,128.0,400.0,1,512,False,False,-0.08600034894264447,0.6016861876876255
New_Zealand,log_beta_process_2028,tempered_smc_rank_and_particle_quality,inf,inf,0.0,0.0,512,65,1.0,358.40000000000003,512.0,0.7000000000000001,1.0,0.013398886039855375,0.001953125,512,512.0,1.0,0.001953125,1,1.0,1.0,1.0,0.0,0.0,2.0,0.001953125,1.0,0.15727208024364406,True,128.0,400.0,1,512,False,False,0.001881053771032726,0.7111553666901049
New_Zealand,log_beta_process_2029,tempered_smc_rank_and_particle_quality,inf,inf,0.0,0.0,512,65,1.0,358.40000000000003,512.0,0.7000000000000001,1.0,0.013398886039855375,0.001953125,512,512.0,1.0,0.001953125,1,1.0,1.0,1.0,0.0,0.0,2.0,0.001953125,1.0,0.15727208024364406,True,128.0,400.0,1,512,False,False,-0.012882746316680741,0.6712572003028535
New_Zealand,log_beta_process_2030,tempered_smc_rank_and_particle_quality,inf,inf,0.0,0.0,512,65,1.0,358.40000000000003,512.0,0.7000000000000001,1.0,0.013398886039855375,0.001953125,512,512.0,1.0,0.001953125,1,1.0,1.0,1.0,0.0,0.0,2.0,0.001953125,1.0,0.15727208024364406,True,128.0,400.0,1,512,False,False,-0.018426992754822243,0.6556888010502376
New_Zealand,log_beta_process_2031,tempered_smc_rank_and_particle_quality,inf,inf,0.0,0.0,512,65,1.0,358.40000000000003,512.0,0.7000000000000001,1.0,0.013398886039855375,0.001953125,512,512.0,1.0,0.001953125,1,1.0,1.0,1.0,0.0,0.0,2.0,0.001953125,1.0,0.15727208024364406,True,128.0,400.0,1,512,False,False,0.0392143675490153,0.7021901896070091
New_Zealand,log_beta_process_2032,tempered_smc_rank_and_particle_quality,inf,inf,0.0,0.0,512,65,1.0,358.40000000000003,512.0,0.7000000000000001,1.0,0.013398886039855375,0.001953125,512,512.0,1.0,0.001953125,1,1.0,1.0,1.0,0.0,0.0,2.0,0.001953125,1.0,0.15727208024364406,True,128.0,400.0,1,512,False,False,-0.015261532679893504,0.7004897687894771
New_Zealand,log_beta_process_2033,tempered_smc_rank_and_particle_quality,inf,inf,0.0,0.0,512,65,1.0,358.40000000000003,512.0,0.7000000000000001,1.0,0.013398886039855375,0.001953125,512,512.0,1.0,0.001953125,1,1.0,1.0,1.0,0.0,0.0,2.0,0.001953125,1.0,0.15727208024364406,True,128.0,400.0,1,512,False,False,-0.010230152379342966,0.6831914082589344
New_Zealand,log_beta_process_2034,tempered_smc_rank_and_particle_quality,inf,inf,0.0,0.0,512,65,1.0,358.40000000000003,512.0,0.7000000000000001,1.0,0.013398886039855375,0.001953125,512,512.0,1.0,0.001953125,1,1.0,1.0,1.0,0.0,0.0,2.0,0.001953125,1.0,0.15727208024364406,True,128.0,400.0,1,512,False,False,-0.013734515114604894,0.6796501379328027
New_Zealand,log_beta_process_2035,tempered_smc_rank_and_particle_quality,inf,inf,0.0,0.0,512,65,1.0,358.40000000000003,512.0,0.7000000000000001,1.0,0.013398886039855375,0.001953125,512,512.0,1.0,0.001953125,1,1.0,1.0,1.0,0.0,0.0,2.0,0.001953125,1.0,0.15727208024364406,True,128.0,400.0,1,512,False,False,-0.01696347946877314,0.7024957480473036
New_Zealand,log_beta_process_2036,tempered_smc_rank_and_particle_quality,inf,inf,0.0,0.0,512,65,1.0,358.40000000000003,512.0,0.7000000000000001,1.0,0.013398886039855375,0.001953125,512,512.0,1.0,0.001953125,1,1.0,1.0,1.0,0.0,0.0,2.0,0.001953125,1.0,0.15727208024364406,True,128.0,400.0,1,512,False,False,0.05076762483378106,0.6898958635306915
New_Zealand,log_beta_process_2037,tempered_smc_rank_and_particle_quality,inf,inf,0.0,0.0,512,65,1.0,358.40000000000003,512.0,0.7000000000000001,1.0,0.013398886039855375,0.001953125,512,512.0,1.0,0.001953125,1,1.0,1.0,1.0,0.0,0.0,2.0,0.001953125,1.0,0.15727208024364406,True,128.0,400.0,1,512,False,False,-0.0007774160379510437,0.7262229570816763
New_Zealand,log_beta_process_2038,tempered_smc_rank_and_particle_quality,inf,inf,0.0,0.0,512,65,1.0,358.40000000000003,512.0,0.7000000000000001,1.0,0.013398886039855375,0.001953125,512,512.0,1.0,0.001953125,1,1.0,1.0,1.0,0.0,0.0,2.0,0.001953125,1.0,0.15727208024364406,True,128.0,400.0,1,512,False,False,-0.009154543340069602,0.6670316602970866
New_Zealand,log_beta_process_2039,tempered_smc_rank_and_particle_quality,inf,inf,0.0,0.0,512,65,1.0,358.40000000000003,512.0,0.7000000000000001,1.0,0.013398886039855375,0.001953125,512,512.0,1.0,0.001953125,1,1.0,1.0,1.0,0.0,0.0,2.0,0.001953125,1.0,0.15727208024364406,True,128.0,400.0,1,512,False,False,0.00292906596125252,0.6807494306281707
New_Zealand,log_beta_process_2040,tempered_smc_rank_and_particle_quality,inf,inf,0.0,0.0,512,65,1.0,358.40000000000003,512.0,0.7000000000000001,1.0,0.013398886039855375,0.001953125,512,512.0,1.0,0.001953125,1,1.0,1.0,1.0,0.0,0.0,2.0,0.001953125,1.0,0.15727208024364406,True,128.0,400.0,1,512,False,False,0.02433589477615651,0.6873156354433817
New_Zealand,log_beta_process_2041,tempered_smc_rank_and_particle_quality,inf,inf,0.0,0.0,512,65,1.0,358.40000000000003,512.0,0.7000000000000001,1.0,0.013398886039855375,0.001953125,512,512.0,1.0,0.001953125,1,1.0,1.0,1.0,0.0,0.0,2.0,0.001953125,1.0,0.15727208024364406,True,128.0,400.0,1,512,False,False,-0.021165757561381577,0.6691950743459542
New_Zealand,log_beta_process_2042,tempered_smc_rank_and_particle_quality,inf,inf,0.0,0.0,512,65,1.0,358.40000000000003,512.0,0.7000000000000001,1.0,0.013398886039855375,0.001953125,512,512.0,1.0,0.001953125,1,1.0,1.0,1.0,0.0,0.0,2.0,0.001953125,1.0,0.15727208024364406,True,128.0,400.0,1,512,False,False,-0.007551479380659358,0.6716138401315578
New_Zealand,log_beta_process_2043,tempered_smc_rank_and_particle_quality,inf,inf,0.0,0.0,512,65,1.0,358.40000000000003,512.0,0.7000000000000001,1.0,0.013398886039855375,0.001953125,512,512.0,1.0,0.001953125,1,1.0,1.0,1.0,0.0,0.0,2.0,0.001953125,1.0,0.15727208024364406,True,128.0,400.0,1,512,False,False,0.0023485931089525184,0.6830754458403826
New_Zealand,log_beta_process_2044,tempered_smc_rank_and_particle_quality,inf,inf,0.0,0.0,512,65,1.0,358.40000000000003,512.0,0.7000000000000001,1.0,0.013398886039855375,0.001953125,512,512.0,1.0,0.001953125,1,1.0,1.0,1.0,0.0,0.0,2.0,0.001953125,1.0,0.15727208024364406,True,128.0,400.0,1,512,False,False,-0.04926278868647739,0.7180602135059758
New_Zealand,log_beta_process_2045,tempered_smc_rank_and_particle_quality,inf,inf,0.0,0.0,512,65,1.0,358.40000000000003,512.0,0.7000000000000001,1.0,0.013398886039855375,0.001953125,512,512.0,1.0,0.001953125,1,1.0,1.0,1.0,0.0,0.0,2.0,0.001953125,1.0,0.15727208024364406,True,128.0,400.0,1,512,False,False,-0.07772241769315952,0.7073928242829303
New_Zealand,log_beta_process_2046,tempered_smc_rank_and_particle_quality,inf,inf,0.0,0.0,512,65,1.0,358.40000000000003,512.0,0.7000000000000001,1.0,0.013398886039855375,0.001953125,512,512.0,1.0,0.001953125,1,1.0,1.0,1.0,0.0,0.0,2.0,0.001953125,1.0,0.15727208024364406,True,128.0,400.0,1,512,False,False,-0.05755736275244134,0.6512474764445528
New_Zealand,log_beta_process_2047,tempered_smc_rank_and_particle_quality,inf,inf,0.0,0.0,512,65,1.0,358.40000000000003,512.0,0.7000000000000001,1.0,0.013398886039855375,0.001953125,512,512.0,1.0,0.001953125,1,1.0,1.0,1.0,0.0,0.0,2.0,0.001953125,1.0,0.15727208024364406,True,128.0,400.0,1,512,False,False,-0.014689530611644162,0.6904668845861832
New_Zealand,log_beta_process_2048,tempered_smc_rank_and_particle_quality,inf,inf,0.0,0.0,512,65,1.0,358.40000000000003,512.0,0.7000000000000001,1.0,0.013398886039855375,0.001953125,512,512.0,1.0,0.001953125,1,1.0,1.0,1.0,0.0,0.0,2.0,0.001953125,1.0,0.15727208024364406,True,128.0,400.0,1,512,False,False,-0.00529464332556509,0.6562647161878484
New_Zealand,log_beta_process_2049,tempered_smc_rank_and_particle_quality,inf,inf,0.0,0.0,512,65,1.0,358.40000000000003,512.0,0.7000000000000001,1.0,0.013398886039855375,0.001953125,512,512.0,1.0,0.001953125,1,1.0,1.0,1.0,0.0,0.0,2.0,0.001953125,1.0,0.15727208024364406,True,128.0,400.0,1,512,False,False,0.010435846839591893,0.6855756049197946
New_Zealand,log_beta_process_2050,tempered_smc_rank_and_particle_quality,inf,inf,0.0,0.0,512,65,1.0,358.40000000000003,512.0,0.7000000000000001,1.0,0.013398886039855375,0.001953125,512,512.0,1.0,0.001953125,1,1.0,1.0,1.0,0.0,0.0,2.0,0.001953125,1.0,0.15727208024364406,True,128.0,400.0,1,512,False,False,0.01754267487348926,0.6568700038103722
Sweden,VE_sus,tempered_smc_rank_and_particle_quality,inf,inf,0.0,0.0,512,65,1.0,358.40000000000003,512.0,0.7000000000000001,1.0,0.013398886039855375,0.001953125,512,512.0,1.0,0.001953125,1,1.0,1.0,1.0,0.0,0.0,2.0,0.001953125,1.0,0.15727208024364406,True,128.0,400.0,1,512,False,False,0.05636512641406445,0.011383597235483604
Sweden,VE_inf,tempered_smc_rank_and_particle_quality,inf,inf,0.0,0.0,512,65,1.0,358.40000000000003,512.0,0.7000000000000001,1.0,0.013398886039855375,0.001953125,512,512.0,1.0,0.001953125,1,1.0,1.0,1.0,0.0,0.0,2.0,0.001953125,1.0,0.15727208024364406,True,128.0,400.0,1,512,False,False,0.284747612085429,0.045967438857458826
Sweden,VE_dur,tempered_smc_rank_and_particle_quality,inf,inf,0.0,0.0,512,65,1.0,358.40000000000003,512.0,0.7000000000000001,1.0,0.013398886039855375,0.001953125,512,512.0,1.0,0.001953125,1,1.0,1.0,1.0,0.0,0.0,2.0,0.001953125,1.0,0.15727208024364406,True,128.0,400.0,1,512,False,False,0.04460347403155379,0.005381775777868193
Sweden,relative_infectiousness_asymptomatic,tempered_smc_rank_and_particle_quality,inf,inf,0.0,0.0,512,65,1.0,358.40000000000003,512.0,0.7000000000000001,1.0,0.013398886039855375,0.001953125,512,512.0,1.0,0.001953125,1,1.0,1.0,1.0,0.0,0.0,2.0,0.001953125,1.0,0.15727208024364406,True,128.0,400.0,1,512,False,False,0.4131830530143421,0.06364431524267193
Sweden,infectious_duration_symptomatic,tempered_smc_rank_and_particle_quality,inf,inf,0.0,0.0,512,65,1.0,358.40000000000003,512.0,0.7000000000000001,1.0,0.013398886039855375,0.001953125,512,512.0,1.0,0.001953125,1,1.0,1.0,1.0,0.0,0.0,2.0,0.001953125,1.0,0.15727208024364406,True,128.0,400.0,1,512,False,False,32.20372715905587,1.8097339558254746
Sweden,infectious_duration_asymptomatic,tempered_smc_rank_and_particle_quality,inf,inf,0.0,0.0,512,65,1.0,358.40000000000003,512.0,0.7000000000000001,1.0,0.013398886039855375,0.001953125,512,512.0,1.0,0.001953125,1,1.0,1.0,1.0,0.0,0.0,2.0,0.001953125,1.0,0.15727208024364406,True,128.0,400.0,1,512,False,False,25.582019288973733,0.38849468917449115
Sweden,fitness_R,tempered_smc_rank_and_particle_quality,inf,inf,0.0,0.0,512,65,1.0,358.40000000000003,512.0,0.7000000000000001,1.0,0.013398886039855375,0.001953125,512,512.0,1.0,0.001953125,1,1.0,1.0,1.0,0.0,0.0,2.0,0.001953125,1.0,0.15727208024364406,True,128.0,400.0,1,512,False,False,0.8357407393979673,0.014266667027702023
Sweden,beta_S,tempered_smc_rank_and_particle_quality,inf,inf,0.0,0.0,512,65,1.0,358.40000000000003,512.0,0.7000000000000001,1.0,0.013398886039855375,0.001953125,512,512.0,1.0,0.001953125,1,1.0,1.0,1.0,0.0,0.0,2.0,0.001953125,1.0,0.15727208024364406,True,128.0,400.0,1,512,False,False,0.019101125789101843,0.0012869583885852314
Sweden,reporting_multiplier,tempered_smc_rank_and_particle_quality,inf,inf,0.0,0.0,512,65,1.0,358.40000000000003,512.0,0.7000000000000001,1.0,0.013398886039855375,0.001953125,512,512.0,1.0,0.001953125,1,1.0,1.0,1.0,0.0,0.0,2.0,0.001953125,1.0,0.15727208024364406,True,128.0,400.0,1,512,False,False,0.4956722961411054,0.025290146085624056
Sweden,log_beta_process_2021,tempered_smc_rank_and_particle_quality,inf,inf,0.0,0.0,512,65,1.0,358.40000000000003,512.0,0.7000000000000001,1.0,0.013398886039855375,0.001953125,512,512.0,1.0,0.001953125,1,1.0,1.0,1.0,0.0,0.0,2.0,0.001953125,1.0,0.15727208024364406,True,128.0,400.0,1,512,False,False,-0.9701076788153394,0.09566623600322831
Sweden,log_beta_process_2022,tempered_smc_rank_and_particle_quality,inf,inf,0.0,0.0,512,65,1.0,358.40000000000003,512.0,0.7000000000000001,1.0,0.013398886039855375,0.001953125,512,512.0,1.0,0.001953125,1,1.0,1.0,1.0,0.0,0.0,2.0,0.001953125,1.0,0.15727208024364406,True,128.0,400.0,1,512,False,False,-0.10898315481536935,0.051249945584833305
Sweden,log_beta_process_2023,tempered_smc_rank_and_particle_quality,inf,inf,0.0,0.0,512,65,1.0,358.40000000000003,512.0,0.7000000000000001,1.0,0.013398886039855375,0.001953125,512,512.0,1.0,0.001953125,1,1.0,1.0,1.0,0.0,0.0,2.0,0.001953125,1.0,0.15727208024364406,True,128.0,400.0,1,512,False,False,-0.0890594863727111,0.05237605132055297
Sweden,log_beta_process_2024,tempered_smc_rank_and_particle_quality,inf,inf,0.0,0.0,512,65,1.0,358.40000000000003,512.0,0.7000000000000001,1.0,0.013398886039855375,0.001953125,512,512.0,1.0,0.001953125,1,1.0,1.0,1.0,0.0,0.0,2.0,0.001953125,1.0,0.15727208024364406,True,128.0,400.0,1,512,False,False,0.02669721572186602,0.03073864873410513
Sweden,log_beta_process_2025,tempered_smc_rank_and_particle_quality,inf,inf,0.0,0.0,512,65,1.0,358.40000000000003,512.0,0.7000000000000001,1.0,0.013398886039855375,0.001953125,512,512.0,1.0,0.001953125,1,1.0,1.0,1.0,0.0,0.0,2.0,0.001953125,1.0,0.15727208024364406,True,128.0,400.0,1,512,False,False,-0.8409904076281774,0.11555717799069082
Sweden,log_beta_process_2026,tempered_smc_rank_and_particle_quality,inf,inf,0.0,0.0,512,65,1.0,358.40000000000003,512.0,0.7000000000000001,1.0,0.013398886039855375,0.001953125,512,512.0,1.0,0.001953125,1,1.0,1.0,1.0,0.0,0.0,2.0,0.001953125,1.0,0.15727208024364406,True,128.0,400.0,1,512,False,False,0.2862436003535139,0.07069877236622021
Sweden,log_beta_process_2027,tempered_smc_rank_and_particle_quality,inf,inf,0.0,0.0,512,65,1.0,358.40000000000003,512.0,0.7000000000000001,1.0,0.013398886039855375,0.001953125,512,512.0,1.0,0.001953125,1,1.0,1.0,1.0,0.0,0.0,2.0,0.001953125,1.0,0.15727208024364406,True,128.0,400.0,1,512,False,False,0.13190064227828874,0.5799662542840851
Sweden,log_beta_process_2028,tempered_smc_rank_and_particle_quality,inf,inf,0.0,0.0,512,65,1.0,358.40000000000003,512.0,0.7000000000000001,1.0,0.013398886039855375,0.001953125,512,512.0,1.0,0.001953125,1,1.0,1.0,1.0,0.0,0.0,2.0,0.001953125,1.0,0.15727208024364406,True,128.0,400.0,1,512,False,False,0.015676139060350397,0.6803035181073561
Sweden,log_beta_process_2029,tempered_smc_rank_and_particle_quality,inf,inf,0.0,0.0,512,65,1.0,358.40000000000003,512.0,0.7000000000000001,1.0,0.013398886039855375,0.001953125,512,512.0,1.0,0.001953125,1,1.0,1.0,1.0,0.0,0.0,2.0,0.001953125,1.0,0.15727208024364406,True,128.0,400.0,1,512,False,False,0.049971264256296694,0.7101583691405821
Sweden,log_beta_process_2030,tempered_smc_rank_and_particle_quality,inf,inf,0.0,0.0,512,65,1.0,358.40000000000003,512.0,0.7000000000000001,1.0,0.013398886039855375,0.001953125,512,512.0,1.0,0.001953125,1,1.0,1.0,1.0,0.0,0.0,2.0,0.001953125,1.0,0.15727208024364406,True,128.0,400.0,1,512,False,False,0.06732481024743592,0.6885156740046949
Sweden,log_beta_process_2031,tempered_smc_rank_and_particle_quality,inf,inf,0.0,0.0,512,65,1.0,358.40000000000003,512.0,0.7000000000000001,1.0,0.013398886039855375,0.001953125,512,512.0,1.0,0.001953125,1,1.0,1.0,1.0,0.0,0.0,2.0,0.001953125,1.0,0.15727208024364406,True,128.0,400.0,1,512,False,False,0.060607954575303574,0.7104911758976784
Sweden,log_beta_process_2032,tempered_smc_rank_and_particle_quality,inf,inf,0.0,0.0,512,65,1.0,358.40000000000003,512.0,0.7000000000000001,1.0,0.013398886039855375,0.001953125,512,512.0,1.0,0.001953125,1,1.0,1.0,1.0,0.0,0.0,2.0,0.001953125,1.0,0.15727208024364406,True,128.0,400.0,1,512,False,False,0.013159871479607545,0.6894992981092042
Sweden,log_beta_process_2033,tempered_smc_rank_and_particle_quality,inf,inf,0.0,0.0,512,65,1.0,358.40000000000003,512.0,0.7000000000000001,1.0,0.013398886039855375,0.001953125,512,512.0,1.0,0.001953125,1,1.0,1.0,1.0,0.0,0.0,2.0,0.001953125,1.0,0.15727208024364406,True,128.0,400.0,1,512,False,False,-0.03482239159690774,0.7040140441105655
Sweden,log_beta_process_2034,tempered_smc_rank_and_particle_quality,inf,inf,0.0,0.0,512,65,1.0,358.40000000000003,512.0,0.7000000000000001,1.0,0.013398886039855375,0.001953125,512,512.0,1.0,0.001953125,1,1.0,1.0,1.0,0.0,0.0,2.0,0.001953125,1.0,0.15727208024364406,True,128.0,400.0,1,512,False,False,0.0014683550695498383,0.7123734483926016
Sweden,log_beta_process_2035,tempered_smc_rank_and_particle_quality,inf,inf,0.0,0.0,512,65,1.0,358.40000000000003,512.0,0.7000000000000001,1.0,0.013398886039855375,0.001953125,512,512.0,1.0,0.001953125,1,1.0,1.0,1.0,0.0,0.0,2.0,0.001953125,1.0,0.15727208024364406,True,128.0,400.0,1,512,False,False,0.018882685229974074,0.7066098443524335
Sweden,log_beta_process_2036,tempered_smc_rank_and_particle_quality,inf,inf,0.0,0.0,512,65,1.0,358.40000000000003,512.0,0.7000000000000001,1.0,0.013398886039855375,0.001953125,512,512.0,1.0,0.001953125,1,1.0,1.0,1.0,0.0,0.0,2.0,0.001953125,1.0,0.15727208024364406,True,128.0,400.0,1,512,False,False,0.0032363470075012857,0.6713082948874924
Sweden,log_beta_process_2037,tempered_smc_rank_and_particle_quality,inf,inf,0.0,0.0,512,65,1.0,358.40000000000003,512.0,0.7000000000000001,1.0,0.013398886039855375,0.001953125,512,512.0,1.0,0.001953125,1,1.0,1.0,1.0,0.0,0.0,2.0,0.001953125,1.0,0.15727208024364406,True,128.0,400.0,1,512,False,False,-0.004047013992252829,0.6921334115659259
Sweden,log_beta_process_2038,tempered_smc_rank_and_particle_quality,inf,inf,0.0,0.0,512,65,1.0,358.40000000000003,512.0,0.7000000000000001,1.0,0.013398886039855375,0.001953125,512,512.0,1.0,0.001953125,1,1.0,1.0,1.0,0.0,0.0,2.0,0.001953125,1.0,0.15727208024364406,True,128.0,400.0,1,512,False,False,-0.01795645945972841,0.7090941035525662
Sweden,log_beta_process_2039,tempered_smc_rank_and_particle_quality,inf,inf,0.0,0.0,512,65,1.0,358.40000000000003,512.0,0.7000000000000001,1.0,0.013398886039855375,0.001953125,512,512.0,1.0,0.001953125,1,1.0,1.0,1.0,0.0,0.0,2.0,0.001953125,1.0,0.15727208024364406,True,128.0,400.0,1,512,False,False,-0.00589915703307596,0.6841544908551233
Sweden,log_beta_process_2040,tempered_smc_rank_and_particle_quality,inf,inf,0.0,0.0,512,65,1.0,358.40000000000003,512.0,0.7000000000000001,1.0,0.013398886039855375,0.001953125,512,512.0,1.0,0.001953125,1,1.0,1.0,1.0,0.0,0.0,2.0,0.001953125,1.0,0.15727208024364406,True,128.0,400.0,1,512,False,False,0.012606073026485004,0.6724594579767056
Sweden,log_beta_process_2041,tempered_smc_rank_and_particle_quality,inf,inf,0.0,0.0,512,65,1.0,358.40000000000003,512.0,0.7000000000000001,1.0,0.013398886039855375,0.001953125,512,512.0,1.0,0.001953125,1,1.0,1.0,1.0,0.0,0.0,2.0,0.001953125,1.0,0.15727208024364406,True,128.0,400.0,1,512,False,False,0.015111079054909942,0.7016915649386085
Sweden,log_beta_process_2042,tempered_smc_rank_and_particle_quality,inf,inf,0.0,0.0,512,65,1.0,358.40000000000003,512.0,0.7000000000000001,1.0,0.013398886039855375,0.001953125,512,512.0,1.0,0.001953125,1,1.0,1.0,1.0,0.0,0.0,2.0,0.001953125,1.0,0.15727208024364406,True,128.0,400.0,1,512,False,False,-0.011585934959156162,0.6892695943593881
Sweden,log_beta_process_2043,tempered_smc_rank_and_particle_quality,inf,inf,0.0,0.0,512,65,1.0,358.40000000000003,512.0,0.7000000000000001,1.0,0.013398886039855375,0.001953125,512,512.0,1.0,0.001953125,1,1.0,1.0,1.0,0.0,0.0,2.0,0.001953125,1.0,0.15727208024364406,True,128.0,400.0,1,512,False,False,0.006111612710909381,0.7065013022598302
Sweden,log_beta_process_2044,tempered_smc_rank_and_particle_quality,inf,inf,0.0,0.0,512,65,1.0,358.40000000000003,512.0,0.7000000000000001,1.0,0.013398886039855375,0.001953125,512,512.0,1.0,0.001953125,1,1.0,1.0,1.0,0.0,0.0,2.0,0.001953125,1.0,0.15727208024364406,True,128.0,400.0,1,512,False,False,-0.011251595748922493,0.6572665464529569
Sweden,log_beta_process_2045,tempered_smc_rank_and_particle_quality,inf,inf,0.0,0.0,512,65,1.0,358.40000000000003,512.0,0.7000000000000001,1.0,0.013398886039855375,0.001953125,512,512.0,1.0,0.001953125,1,1.0,1.0,1.0,0.0,0.0,2.0,0.001953125,1.0,0.15727208024364406,True,128.0,400.0,1,512,False,False,0.0007207856525075843,0.6755543243214707
Sweden,log_beta_process_2046,tempered_smc_rank_and_particle_quality,inf,inf,0.0,0.0,512,65,1.0,358.40000000000003,512.0,0.7000000000000001,1.0,0.013398886039855375,0.001953125,512,512.0,1.0,0.001953125,1,1.0,1.0,1.0,0.0,0.0,2.0,0.001953125,1.0,0.15727208024364406,True,128.0,400.0,1,512,False,False,0.01568966246975454,0.7181219071351551
Sweden,log_beta_process_2047,tempered_smc_rank_and_particle_quality,inf,inf,0.0,0.0,512,65,1.0,358.40000000000003,512.0,0.7000000000000001,1.0,0.013398886039855375,0.001953125,512,512.0,1.0,0.001953125,1,1.0,1.0,1.0,0.0,0.0,2.0,0.001953125,1.0,0.15727208024364406,True,128.0,400.0,1,512,False,False,0.013346035475071977,0.6789294928007521
Sweden,log_beta_process_2048,tempered_smc_rank_and_particle_quality,inf,inf,0.0,0.0,512,65,1.0,358.40000000000003,512.0,0.7000000000000001,1.0,0.013398886039855375,0.001953125,512,512.0,1.0,0.001953125,1,1.0,1.0,1.0,0.0,0.0,2.0,0.001953125,1.0,0.15727208024364406,True,128.0,400.0,1,512,False,False,0.0018805450361840427,0.693429489974808
Sweden,log_beta_process_2049,tempered_smc_rank_and_particle_quality,inf,inf,0.0,0.0,512,65,1.0,358.40000000000003,512.0,0.7000000000000001,1.0,0.013398886039855375,0.001953125,512,512.0,1.0,0.001953125,1,1.0,1.0,1.0,0.0,0.0,2.0,0.001953125,1.0,0.15727208024364406,True,128.0,400.0,1,512,False,False,-0.012638483229249443,0.6851109448474515
Sweden,log_beta_process_2050,tempered_smc_rank_and_particle_quality,inf,inf,0.0,0.0,512,65,1.0,358.40000000000003,512.0,0.7000000000000001,1.0,0.013398886039855375,0.001953125,512,512.0,1.0,0.001953125,1,1.0,1.0,1.0,0.0,0.0,2.0,0.001953125,1.0,0.15727208024364406,True,128.0,400.0,1,512,False,False,-0.02489306282079326,0.7086480512057223
United_States,VE_sus,tempered_smc_rank_and_particle_quality,inf,inf,0.0,0.0,512,65,1.0,358.40000000000003,512.0,0.7000000000000001,1.0,0.013398886039855375,0.001953125,512,512.0,1.0,0.001953125,1,1.0,1.0,1.0,0.0,0.0,2.0,0.001953125,1.0,0.15727208024364406,True,128.0,400.0,1,512,False,False,0.05636512641406445,0.011383597235483604
United_States,VE_inf,tempered_smc_rank_and_particle_quality,inf,inf,0.0,0.0,512,65,1.0,358.40000000000003,512.0,0.7000000000000001,1.0,0.013398886039855375,0.001953125,512,512.0,1.0,0.001953125,1,1.0,1.0,1.0,0.0,0.0,2.0,0.001953125,1.0,0.15727208024364406,True,128.0,400.0,1,512,False,False,0.284747612085429,0.045967438857458826
United_States,VE_dur,tempered_smc_rank_and_particle_quality,inf,inf,0.0,0.0,512,65,1.0,358.40000000000003,512.0,0.7000000000000001,1.0,0.013398886039855375,0.001953125,512,512.0,1.0,0.001953125,1,1.0,1.0,1.0,0.0,0.0,2.0,0.001953125,1.0,0.15727208024364406,True,128.0,400.0,1,512,False,False,0.04460347403155379,0.005381775777868193
United_States,relative_infectiousness_asymptomatic,tempered_smc_rank_and_particle_quality,inf,inf,0.0,0.0,512,65,1.0,358.40000000000003,512.0,0.7000000000000001,1.0,0.013398886039855375,0.001953125,512,512.0,1.0,0.001953125,1,1.0,1.0,1.0,0.0,0.0,2.0,0.001953125,1.0,0.15727208024364406,True,128.0,400.0,1,512,False,False,0.4131830530143421,0.06364431524267193
United_States,infectious_duration_symptomatic,tempered_smc_rank_and_particle_quality,inf,inf,0.0,0.0,512,65,1.0,358.40000000000003,512.0,0.7000000000000001,1.0,0.013398886039855375,0.001953125,512,512.0,1.0,0.001953125,1,1.0,1.0,1.0,0.0,0.0,2.0,0.001953125,1.0,0.15727208024364406,True,128.0,400.0,1,512,False,False,32.20372715905587,1.8097339558254746
United_States,infectious_duration_asymptomatic,tempered_smc_rank_and_particle_quality,inf,inf,0.0,0.0,512,65,1.0,358.40000000000003,512.0,0.7000000000000001,1.0,0.013398886039855375,0.001953125,512,512.0,1.0,0.001953125,1,1.0,1.0,1.0,0.0,0.0,2.0,0.001953125,1.0,0.15727208024364406,True,128.0,400.0,1,512,False,False,25.582019288973733,0.38849468917449115
United_States,fitness_R,tempered_smc_rank_and_particle_quality,inf,inf,0.0,0.0,512,65,1.0,358.40000000000003,512.0,0.7000000000000001,1.0,0.013398886039855375,0.001953125,512,512.0,1.0,0.001953125,1,1.0,1.0,1.0,0.0,0.0,2.0,0.001953125,1.0,0.15727208024364406,True,128.0,400.0,1,512,False,False,0.8357407393979673,0.014266667027702023
United_States,beta_S,tempered_smc_rank_and_particle_quality,inf,inf,0.0,0.0,512,65,1.0,358.40000000000003,512.0,0.7000000000000001,1.0,0.013398886039855375,0.001953125,512,512.0,1.0,0.001953125,1,1.0,1.0,1.0,0.0,0.0,2.0,0.001953125,1.0,0.15727208024364406,True,128.0,400.0,1,512,False,False,0.006967861506720276,0.000290152457805935
United_States,reporting_multiplier,tempered_smc_rank_and_particle_quality,inf,inf,0.0,0.0,512,65,1.0,358.40000000000003,512.0,0.7000000000000001,1.0,0.013398886039855375,0.001953125,512,512.0,1.0,0.001953125,1,1.0,1.0,1.0,0.0,0.0,2.0,0.001953125,1.0,0.15727208024364406,True,128.0,400.0,1,512,False,False,0.9718258250020784,0.02741751025878403
United_States,log_beta_process_2021,tempered_smc_rank_and_particle_quality,inf,inf,0.0,0.0,512,65,1.0,358.40000000000003,512.0,0.7000000000000001,1.0,0.013398886039855375,0.001953125,512,512.0,1.0,0.001953125,1,1.0,1.0,1.0,0.0,0.0,2.0,0.001953125,1.0,0.15727208024364406,True,128.0,400.0,1,512,False,False,-0.03918477751740639,0.03986753534736413
United_States,log_beta_process_2022,tempered_smc_rank_and_particle_quality,inf,inf,0.0,0.0,512,65,1.0,358.40000000000003,512.0,0.7000000000000001,1.0,0.013398886039855375,0.001953125,512,512.0,1.0,0.001953125,1,1.0,1.0,1.0,0.0,0.0,2.0,0.001953125,1.0,0.15727208024364406,True,128.0,400.0,1,512,False,False,-0.12402546985888076,0.01898694894670554
United_States,log_beta_process_2023,tempered_smc_rank_and_particle_quality,inf,inf,0.0,0.0,512,65,1.0,358.40000000000003,512.0,0.7000000000000001,1.0,0.013398886039855375,0.001953125,512,512.0,1.0,0.001953125,1,1.0,1.0,1.0,0.0,0.0,2.0,0.001953125,1.0,0.15727208024364406,True,128.0,400.0,1,512,False,False,-0.027362012967460124,0.03877925640489509
United_States,log_beta_process_2024,tempered_smc_rank_and_particle_quality,inf,inf,0.0,0.0,512,65,1.0,358.40000000000003,512.0,0.7000000000000001,1.0,0.013398886039855375,0.001953125,512,512.0,1.0,0.001953125,1,1.0,1.0,1.0,0.0,0.0,2.0,0.001953125,1.0,0.15727208024364406,True,128.0,400.0,1,512,False,False,0.1369797731606115,0.026068864367658453
United_States,log_beta_process_2025,tempered_smc_rank_and_particle_quality,inf,inf,0.0,0.0,512,65,1.0,358.40000000000003,512.0,0.7000000000000001,1.0,0.013398886039855375,0.001953125,512,512.0,1.0,0.001953125,1,1.0,1.0,1.0,0.0,0.0,2.0,0.001953125,1.0,0.15727208024364406,True,128.0,400.0,1,512,False,False,-0.5183048170016161,0.04512348262901638
United_States,log_beta_process_2026,tempered_smc_rank_and_particle_quality,inf,inf,0.0,0.0,512,65,1.0,358.40000000000003,512.0,0.7000000000000001,1.0,0.013398886039855375,0.001953125,512,512.0,1.0,0.001953125,1,1.0,1.0,1.0,0.0,0.0,2.0,0.001953125,1.0,0.15727208024364406,True,128.0,400.0,1,512,False,False,0.4398157012774335,0.16808559161772452
United_States,log_beta_process_2027,tempered_smc_rank_and_particle_quality,inf,inf,0.0,0.0,512,65,1.0,358.40000000000003,512.0,0.7000000000000001,1.0,0.013398886039855375,0.001953125,512,512.0,1.0,0.001953125,1,1.0,1.0,1.0,0.0,0.0,2.0,0.001953125,1.0,0.15727208024364406,True,128.0,400.0,1,512,False,False,0.1845082809131901,0.5734337870335124
United_States,log_beta_process_2028,tempered_smc_rank_and_particle_quality,inf,inf,0.0,0.0,512,65,1.0,358.40000000000003,512.0,0.7000000000000001,1.0,0.013398886039855375,0.001953125,512,512.0,1.0,0.001953125,1,1.0,1.0,1.0,0.0,0.0,2.0,0.001953125,1.0,0.15727208024364406,True,128.0,400.0,1,512,False,False,0.14478431432989913,0.6424396371192638
United_States,log_beta_process_2029,tempered_smc_rank_and_particle_quality,inf,inf,0.0,0.0,512,65,1.0,358.40000000000003,512.0,0.7000000000000001,1.0,0.013398886039855375,0.001953125,512,512.0,1.0,0.001953125,1,1.0,1.0,1.0,0.0,0.0,2.0,0.001953125,1.0,0.15727208024364406,True,128.0,400.0,1,512,False,False,0.06697282748830734,0.7217520128446799
United_States,log_beta_process_2030,tempered_smc_rank_and_particle_quality,inf,inf,0.0,0.0,512,65,1.0,358.40000000000003,512.0,0.7000000000000001,1.0,0.013398886039855375,0.001953125,512,512.0,1.0,0.001953125,1,1.0,1.0,1.0,0.0,0.0,2.0,0.001953125,1.0,0.15727208024364406,True,128.0,400.0,1,512,False,False,0.04414165478642079,0.6979345578364685
United_States,log_beta_process_2031,tempered_smc_rank_and_particle_quality,inf,inf,0.0,0.0,512,65,1.0,358.40000000000003,512.0,0.7000000000000001,1.0,0.013398886039855375,0.001953125,512,512.0,1.0,0.001953125,1,1.0,1.0,1.0,0.0,0.0,2.0,0.001953125,1.0,0.15727208024364406,True,128.0,400.0,1,512,False,False,0.08256839436534934,0.6840588686370701
United_States,log_beta_process_2032,tempered_smc_rank_and_particle_quality,inf,inf,0.0,0.0,512,65,1.0,358.40000000000003,512.0,0.7000000000000001,1.0,0.013398886039855375,0.001953125,512,512.0,1.0,0.001953125,1,1.0,1.0,1.0,0.0,0.0,2.0,0.001953125,1.0,0.15727208024364406,True,128.0,400.0,1,512,False,False,0.026793551713338505,0.7221840059387526
United_States,log_beta_process_2033,tempered_smc_rank_and_particle_quality,inf,inf,0.0,0.0,512,65,1.0,358.40000000000003,512.0,0.7000000000000001,1.0,0.013398886039855375,0.001953125,512,512.0,1.0,0.001953125,1,1.0,1.0,1.0,0.0,0.0,2.0,0.001953125,1.0,0.15727208024364406,True,128.0,400.0,1,512,False,False,0.0204639073800065,0.6990131679808759
United_States,log_beta_process_2034,tempered_smc_rank_and_particle_quality,inf,inf,0.0,0.0,512,65,1.0,358.40000000000003,512.0,0.7000000000000001,1.0,0.013398886039855375,0.001953125,512,512.0,1.0,0.001953125,1,1.0,1.0,1.0,0.0,0.0,2.0,0.001953125,1.0,0.15727208024364406,True,128.0,400.0,1,512,False,False,-0.013260723612364678,0.7124495538706962
United_States,log_beta_process_2035,tempered_smc_rank_and_particle_quality,inf,inf,0.0,0.0,512,65,1.0,358.40000000000003,512.0,0.7000000000000001,1.0,0.013398886039855375,0.001953125,512,512.0,1.0,0.001953125,1,1.0,1.0,1.0,0.0,0.0,2.0,0.001953125,1.0,0.15727208024364406,True,128.0,400.0,1,512,False,False,-0.005599442924710988,0.6984410136707542
United_States,log_beta_process_2036,tempered_smc_rank_and_particle_quality,inf,inf,0.0,0.0,512,65,1.0,358.40000000000003,512.0,0.7000000000000001,1.0,0.013398886039855375,0.001953125,512,512.0,1.0,0.001953125,1,1.0,1.0,1.0,0.0,0.0,2.0,0.001953125,1.0,0.15727208024364406,True,128.0,400.0,1,512,False,False,-0.013929760342811539,0.7087576144039947
United_States,log_beta_process_2037,tempered_smc_rank_and_particle_quality,inf,inf,0.0,0.0,512,65,1.0,358.40000000000003,512.0,0.7000000000000001,1.0,0.013398886039855375,0.001953125,512,512.0,1.0,0.001953125,1,1.0,1.0,1.0,0.0,0.0,2.0,0.001953125,1.0,0.15727208024364406,True,128.0,400.0,1,512,False,False,-0.007321995746130159,0.671949332900045
United_States,log_beta_process_2038,tempered_smc_rank_and_particle_quality,inf,inf,0.0,0.0,512,65,1.0,358.40000000000003,512.0,0.7000000000000001,1.0,0.013398886039855375,0.001953125,512,512.0,1.0,0.001953125,1,1.0,1.0,1.0,0.0,0.0,2.0,0.001953125,1.0,0.15727208024364406,True,128.0,400.0,1,512,False,False,-0.07089966119626068,0.6792063747201667
United_States,log_beta_process_2039,tempered_smc_rank_and_particle_quality,inf,inf,0.0,0.0,512,65,1.0,358.40000000000003,512.0,0.7000000000000001,1.0,0.013398886039855375,0.001953125,512,512.0,1.0,0.001953125,1,1.0,1.0,1.0,0.0,0.0,2.0,0.001953125,1.0,0.15727208024364406,True,128.0,400.0,1,512,False,False,-0.02884706290735068,0.6811195532158755
United_States,log_beta_process_2040,tempered_smc_rank_and_particle_quality,inf,inf,0.0,0.0,512,65,1.0,358.40000000000003,512.0,0.7000000000000001,1.0,0.013398886039855375,0.001953125,512,512.0,1.0,0.001953125,1,1.0,1.0,1.0,0.0,0.0,2.0,0.001953125,1.0,0.15727208024364406,True,128.0,400.0,1,512,False,False,0.02774095300225718,0.7025176349233637
United_States,log_beta_process_2041,tempered_smc_rank_and_particle_quality,inf,inf,0.0,0.0,512,65,1.0,358.40000000000003,512.0,0.7000000000000001,1.0,0.013398886039855375,0.001953125,512,512.0,1.0,0.001953125,1,1.0,1.0,1.0,0.0,0.0,2.0,0.001953125,1.0,0.15727208024364406,True,128.0,400.0,1,512,False,False,0.018994601309813237,0.727992862774378
United_States,log_beta_process_2042,tempered_smc_rank_and_particle_quality,inf,inf,0.0,0.0,512,65,1.0,358.40000000000003,512.0,0.7000000000000001,1.0,0.013398886039855375,0.001953125,512,512.0,1.0,0.001953125,1,1.0,1.0,1.0,0.0,0.0,2.0,0.001953125,1.0,0.15727208024364406,True,128.0,400.0,1,512,False,False,-0.02655399622112921,0.7304635295575727
United_States,log_beta_process_2043,tempered_smc_rank_and_particle_quality,inf,inf,0.0,0.0,512,65,1.0,358.40000000000003,512.0,0.7000000000000001,1.0,0.013398886039855375,0.001953125,512,512.0,1.0,0.001953125,1,1.0,1.0,1.0,0.0,0.0,2.0,0.001953125,1.0,0.15727208024364406,True,128.0,400.0,1,512,False,False,-0.03408208664823868,0.7095817211074642
United_States,log_beta_process_2044,tempered_smc_rank_and_particle_quality,inf,inf,0.0,0.0,512,65,1.0,358.40000000000003,512.0,0.7000000000000001,1.0,0.013398886039855375,0.001953125,512,512.0,1.0,0.001953125,1,1.0,1.0,1.0,0.0,0.0,2.0,0.001953125,1.0,0.15727208024364406,True,128.0,400.0,1,512,False,False,0.0012797188635052317,0.690860059697455
United_States,log_beta_process_2045,tempered_smc_rank_and_particle_quality,inf,inf,0.0,0.0,512,65,1.0,358.40000000000003,512.0,0.7000000000000001,1.0,0.013398886039855375,0.001953125,512,512.0,1.0,0.001953125,1,1.0,1.0,1.0,0.0,0.0,2.0,0.001953125,1.0,0.15727208024364406,True,128.0,400.0,1,512,False,False,0.020162240830982656,0.7352468345507605
United_States,log_beta_process_2046,tempered_smc_rank_and_particle_quality,inf,inf,0.0,0.0,512,65,1.0,358.40000000000003,512.0,0.7000000000000001,1.0,0.013398886039855375,0.001953125,512,512.0,1.0,0.001953125,1,1.0,1.0,1.0,0.0,0.0,2.0,0.001953125,1.0,0.15727208024364406,True,128.0,400.0,1,512,False,False,0.01513960505213369,0.7345446526612156
United_States,log_beta_process_2047,tempered_smc_rank_and_particle_quality,inf,inf,0.0,0.0,512,65,1.0,358.40000000000003,512.0,0.7000000000000001,1.0,0.013398886039855375,0.001953125,512,512.0,1.0,0.001953125,1,1.0,1.0,1.0,0.0,0.0,2.0,0.001953125,1.0,0.15727208024364406,True,128.0,400.0,1,512,False,False,0.016181817004575348,0.7244158998763153
United_States,log_beta_process_2048,tempered_smc_rank_and_particle_quality,inf,inf,0.0,0.0,512,65,1.0,358.40000000000003,512.0,0.7000000000000001,1.0,0.013398886039855375,0.001953125,512,512.0,1.0,0.001953125,1,1.0,1.0,1.0,0.0,0.0,2.0,0.001953125,1.0,0.15727208024364406,True,128.0,400.0,1,512,False,False,0.027979551331183135,0.6701539013650385
United_States,log_beta_process_2049,tempered_smc_rank_and_particle_quality,inf,inf,0.0,0.0,512,65,1.0,358.40000000000003,512.0,0.7000000000000001,1.0,0.013398886039855375,0.001953125,512,512.0,1.0,0.001953125,1,1.0,1.0,1.0,0.0,0.0,2.0,0.001953125,1.0,0.15727208024364406,True,128.0,400.0,1,512,False,False,-0.005568120247898383,0.6974523790751064
United_States,log_beta_process_2050,tempered_smc_rank_and_particle_quality,inf,inf,0.0,0.0,512,65,1.0,358.40000000000003,512.0,0.7000000000000001,1.0,0.013398886039855375,0.001953125,512,512.0,1.0,0.001953125,1,1.0,1.0,1.0,0.0,0.0,2.0,0.001953125,1.0,0.15727208024364406,True,128.0,400.0,1,512,False,False,0.0313141655922181,0.6735129560533796
Brazil,VE_sus,tempered_smc_rank_and_particle_quality,inf,inf,0.0,0.0,512,65,1.0,358.40000000000003,512.0,0.7000000000000001,1.0,0.013398886039855375,0.001953125,512,512.0,1.0,0.001953125,1,1.0,1.0,1.0,0.0,0.0,2.0,0.001953125,1.0,0.15727208024364406,True,128.0,400.0,1,512,False,False,0.05636512641406445,0.011383597235483604
Brazil,VE_inf,tempered_smc_rank_and_particle_quality,inf,inf,0.0,0.0,512,65,1.0,358.40000000000003,512.0,0.7000000000000001,1.0,0.013398886039855375,0.001953125,512,512.0,1.0,0.001953125,1,1.0,1.0,1.0,0.0,0.0,2.0,0.001953125,1.0,0.15727208024364406,True,128.0,400.0,1,512,False,False,0.284747612085429,0.045967438857458826
Brazil,VE_dur,tempered_smc_rank_and_particle_quality,inf,inf,0.0,0.0,512,65,1.0,358.40000000000003,512.0,0.7000000000000001,1.0,0.013398886039855375,0.001953125,512,512.0,1.0,0.001953125,1,1.0,1.0,1.0,0.0,0.0,2.0,0.001953125,1.0,0.15727208024364406,True,128.0,400.0,1,512,False,False,0.04460347403155379,0.005381775777868193
Brazil,relative_infectiousness_asymptomatic,tempered_smc_rank_and_particle_quality,inf,inf,0.0,0.0,512,65,1.0,358.40000000000003,512.0,0.7000000000000001,1.0,0.013398886039855375,0.001953125,512,512.0,1.0,0.001953125,1,1.0,1.0,1.0,0.0,0.0,2.0,0.001953125,1.0,0.15727208024364406,True,128.0,400.0,1,512,False,False,0.4131830530143421,0.06364431524267193
Brazil,infectious_duration_symptomatic,tempered_smc_rank_and_particle_quality,inf,inf,0.0,0.0,512,65,1.0,358.40000000000003,512.0,0.7000000000000001,1.0,0.013398886039855375,0.001953125,512,512.0,1.0,0.001953125,1,1.0,1.0,1.0,0.0,0.0,2.0,0.001953125,1.0,0.15727208024364406,True,128.0,400.0,1,512,False,False,32.20372715905587,1.8097339558254746
Brazil,infectious_duration_asymptomatic,tempered_smc_rank_and_particle_quality,inf,inf,0.0,0.0,512,65,1.0,358.40000000000003,512.0,0.7000000000000001,1.0,0.013398886039855375,0.001953125,512,512.0,1.0,0.001953125,1,1.0,1.0,1.0,0.0,0.0,2.0,0.001953125,1.0,0.15727208024364406,True,128.0,400.0,1,512,False,False,25.582019288973733,0.38849468917449115
Brazil,fitness_R,tempered_smc_rank_and_particle_quality,inf,inf,0.0,0.0,512,65,1.0,358.40000000000003,512.0,0.7000000000000001,1.0,0.013398886039855375,0.001953125,512,512.0,1.0,0.001953125,1,1.0,1.0,1.0,0.0,0.0,2.0,0.001953125,1.0,0.15727208024364406,True,128.0,400.0,1,512,False,False,0.8357407393979673,0.014266667027702023
Brazil,beta_S,tempered_smc_rank_and_particle_quality,inf,inf,0.0,0.0,512,65,1.0,358.40000000000003,512.0,0.7000000000000001,1.0,0.013398886039855375,0.001953125,512,512.0,1.0,0.001953125,1,1.0,1.0,1.0,0.0,0.0,2.0,0.001953125,1.0,0.15727208024364406,True,128.0,400.0,1,512,False,False,0.00884529453695241,0.0009699930971154741
Brazil,reporting_multiplier,tempered_smc_rank_and_particle_quality,inf,inf,0.0,0.0,512,65,1.0,358.40000000000003,512.0,0.7000000000000001,1.0,0.013398886039855375,0.001953125,512,512.0,1.0,0.001953125,1,1.0,1.0,1.0,0.0,0.0,2.0,0.001953125,1.0,0.15727208024364406,True,128.0,400.0,1,512,False,False,1.1815372926429277,0.07129565195387416
Brazil,log_beta_process_2021,tempered_smc_rank_and_particle_quality,inf,inf,0.0,0.0,512,65,1.0,358.40000000000003,512.0,0.7000000000000001,1.0,0.013398886039855375,0.001953125,512,512.0,1.0,0.001953125,1,1.0,1.0,1.0,0.0,0.0,2.0,0.001953125,1.0,0.15727208024364406,True,128.0,400.0,1,512,False,False,-0.743298006398167,0.21336361360714698
Brazil,log_beta_process_2022,tempered_smc_rank_and_particle_quality,inf,inf,0.0,0.0,512,65,1.0,358.40000000000003,512.0,0.7000000000000001,1.0,0.013398886039855375,0.001953125,512,512.0,1.0,0.001953125,1,1.0,1.0,1.0,0.0,0.0,2.0,0.001953125,1.0,0.15727208024364406,True,128.0,400.0,1,512,False,False,-0.034000444861796486,0.03174758705005585
Brazil,log_beta_process_2023,tempered_smc_rank_and_particle_quality,inf,inf,0.0,0.0,512,65,1.0,358.40000000000003,512.0,0.7000000000000001,1.0,0.013398886039855375,0.001953125,512,512.0,1.0,0.001953125,1,1.0,1.0,1.0,0.0,0.0,2.0,0.001953125,1.0,0.15727208024364406,True,128.0,400.0,1,512,False,False,-0.4242309180933163,0.0830587605440341
Brazil,log_beta_process_2024,tempered_smc_rank_and_particle_quality,inf,inf,0.0,0.0,512,65,1.0,358.40000000000003,512.0,0.7000000000000001,1.0,0.013398886039855375,0.001953125,512,512.0,1.0,0.001953125,1,1.0,1.0,1.0,0.0,0.0,2.0,0.001953125,1.0,0.15727208024364406,True,128.0,400.0,1,512,False,False,0.18148351768908694,0.037378264619653864
Brazil,log_beta_process_2025,tempered_smc_rank_and_particle_quality,inf,inf,0.0,0.0,512,65,1.0,358.40000000000003,512.0,0.7000000000000001,1.0,0.013398886039855375,0.001953125,512,512.0,1.0,0.001953125,1,1.0,1.0,1.0,0.0,0.0,2.0,0.001953125,1.0,0.15727208024364406,True,128.0,400.0,1,512,False,False,-0.869776560559982,0.045080694193510934
Brazil,log_beta_process_2026,tempered_smc_rank_and_particle_quality,inf,inf,0.0,0.0,512,65,1.0,358.40000000000003,512.0,0.7000000000000001,1.0,0.013398886039855375,0.001953125,512,512.0,1.0,0.001953125,1,1.0,1.0,1.0,0.0,0.0,2.0,0.001953125,1.0,0.15727208024364406,True,128.0,400.0,1,512,False,False,0.07620762438372392,0.07418004436025342
Brazil,log_beta_process_2027,tempered_smc_rank_and_particle_quality,inf,inf,0.0,0.0,512,65,1.0,358.40000000000003,512.0,0.7000000000000001,1.0,0.013398886039855375,0.001953125,512,512.0,1.0,0.001953125,1,1.0,1.0,1.0,0.0,0.0,2.0,0.001953125,1.0,0.15727208024364406,True,128.0,400.0,1,512,False,False,-0.00618418406964632,0.6057749457160312
Brazil,log_beta_process_2028,tempered_smc_rank_and_particle_quality,inf,inf,0.0,0.0,512,65,1.0,358.40000000000003,512.0,0.7000000000000001,1.0,0.013398886039855375,0.001953125,512,512.0,1.0,0.001953125,1,1.0,1.0,1.0,0.0,0.0,2.0,0.001953125,1.0,0.15727208024364406,True,128.0,400.0,1,512,False,False,0.0009224301962475548,0.6644050704514707
Brazil,log_beta_process_2029,tempered_smc_rank_and_particle_quality,inf,inf,0.0,0.0,512,65,1.0,358.40000000000003,512.0,0.7000000000000001,1.0,0.013398886039855375,0.001953125,512,512.0,1.0,0.001953125,1,1.0,1.0,1.0,0.0,0.0,2.0,0.001953125,1.0,0.15727208024364406,True,128.0,400.0,1,512,False,False,0.004200420040865157,0.7095126494088428
Brazil,log_beta_process_2030,tempered_smc_rank_and_particle_quality,inf,inf,0.0,0.0,512,65,1.0,358.40000000000003,512.0,0.7000000000000001,1.0,0.013398886039855375,0.001953125,512,512.0,1.0,0.001953125,1,1.0,1.0,1.0,0.0,0.0,2.0,0.001953125,1.0,0.15727208024364406,True,128.0,400.0,1,512,False,False,0.008155780909647374,0.6915353039169263
Brazil,log_beta_process_2031,tempered_smc_rank_and_particle_quality,inf,inf,0.0,0.0,512,65,1.0,358.40000000000003,512.0,0.7000000000000001,1.0,0.013398886039855375,0.001953125,512,512.0,1.0,0.001953125,1,1.0,1.0,1.0,0.0,0.0,2.0,0.001953125,1.0,0.15727208024364406,True,128.0,400.0,1,512,False,False,0.004503521649755272,0.6673920340974441
Brazil,log_beta_process_2032,tempered_smc_rank_and_particle_quality,inf,inf,0.0,0.0,512,65,1.0,358.40000000000003,512.0,0.7000000000000001,1.0,0.013398886039855375,0.001953125,512,512.0,1.0,0.001953125,1,1.0,1.0,1.0,0.0,0.0,2.0,0.001953125,1.0,0.15727208024364406,True,128.0,400.0,1,512,False,False,-0.019844295613219896,0.716286180207089
Brazil,log_beta_process_2033,tempered_smc_rank_and_particle_quality,inf,inf,0.0,0.0,512,65,1.0,358.40000000000003,512.0,0.7000000000000001,1.0,0.013398886039855375,0.001953125,512,512.0,1.0,0.001953125,1,1.0,1.0,1.0,0.0,0.0,2.0,0.001953125,1.0,0.15727208024364406,True,128.0,400.0,1,512,False,False,0.012929733358851654,0.6711181291040608
Brazil,log_beta_process_2034,tempered_smc_rank_and_particle_quality,inf,inf,0.0,0.0,512,65,1.0,358.40000000000003,512.0,0.7000000000000001,1.0,0.013398886039855375,0.001953125,512,512.0,1.0,0.001953125,1,1.0,1.0,1.0,0.0,0.0,2.0,0.001953125,1.0,0.15727208024364406,True,128.0,400.0,1,512,False,False,-0.018487919024090672,0.7175181489653649
Brazil,log_beta_process_2035,tempered_smc_rank_and_particle_quality,inf,inf,0.0,0.0,512,65,1.0,358.40000000000003,512.0,0.7000000000000001,1.0,0.013398886039855375,0.001953125,512,512.0,1.0,0.001953125,1,1.0,1.0,1.0,0.0,0.0,2.0,0.001953125,1.0,0.15727208024364406,True,128.0,400.0,1,512,False,False,0.060031086564126264,0.7026514270085413
Brazil,log_beta_process_2036,tempered_smc_rank_and_particle_quality,inf,inf,0.0,0.0,512,65,1.0,358.40000000000003,512.0,0.7000000000000001,1.0,0.013398886039855375,0.001953125,512,512.0,1.0,0.001953125,1,1.0,1.0,1.0,0.0,0.0,2.0,0.001953125,1.0,0.15727208024364406,True,128.0,400.0,1,512,False,False,0.051858923460410496,0.6886636562328117
Brazil,log_beta_process_2037,tempered_smc_rank_and_particle_quality,inf,inf,0.0,0.0,512,65,1.0,358.40000000000003,512.0,0.7000000000000001,1.0,0.013398886039855375,0.001953125,512,512.0,1.0,0.001953125,1,1.0,1.0,1.0,0.0,0.0,2.0,0.001953125,1.0,0.15727208024364406,True,128.0,400.0,1,512,False,False,-0.016203192296620633,0.6650609534236712
Brazil,log_beta_process_2038,tempered_smc_rank_and_particle_quality,inf,inf,0.0,0.0,512,65,1.0,358.40000000000003,512.0,0.7000000000000001,1.0,0.013398886039855375,0.001953125,512,512.0,1.0,0.001953125,1,1.0,1.0,1.0,0.0,0.0,2.0,0.001953125,1.0,0.15727208024364406,True,128.0,400.0,1,512,False,False,0.007782234409603747,0.6607019550012828
Brazil,log_beta_process_2039,tempered_smc_rank_and_particle_quality,inf,inf,0.0,0.0,512,65,1.0,358.40000000000003,512.0,0.7000000000000001,1.0,0.013398886039855375,0.001953125,512,512.0,1.0,0.001953125,1,1.0,1.0,1.0,0.0,0.0,2.0,0.001953125,1.0,0.15727208024364406,True,128.0,400.0,1,512,False,False,-0.0015977918190167775,0.6909282186501248
Brazil,log_beta_process_2040,tempered_smc_rank_and_particle_quality,inf,inf,0.0,0.0,512,65,1.0,358.40000000000003,512.0,0.7000000000000001,1.0,0.013398886039855375,0.001953125,512,512.0,1.0,0.001953125,1,1.0,1.0,1.0,0.0,0.0,2.0,0.001953125,1.0,0.15727208024364406,True,128.0,400.0,1,512,False,False,-0.007810478295878279,0.6856697455731059
Brazil,log_beta_process_2041,tempered_smc_rank_and_particle_quality,inf,inf,0.0,0.0,512,65,1.0,358.40000000000003,512.0,0.7000000000000001,1.0,0.013398886039855375,0.001953125,512,512.0,1.0,0.001953125,1,1.0,1.0,1.0,0.0,0.0,2.0,0.001953125,1.0,0.15727208024364406,True,128.0,400.0,1,512,False,False,-0.027757735916919865,0.6571382451892085
Brazil,log_beta_process_2042,tempered_smc_rank_and_particle_quality,inf,inf,0.0,0.0,512,65,1.0,358.40000000000003,512.0,0.7000000000000001,1.0,0.013398886039855375,0.001953125,512,512.0,1.0,0.001953125,1,1.0,1.0,1.0,0.0,0.0,2.0,0.001953125,1.0,0.15727208024364406,True,128.0,400.0,1,512,False,False,0.02081626563952684,0.7052708926785005
Brazil,log_beta_process_2043,tempered_smc_rank_and_particle_quality,inf,inf,0.0,0.0,512,65,1.0,358.40000000000003,512.0,0.7000000000000001,1.0,0.013398886039855375,0.001953125,512,512.0,1.0,0.001953125,1,1.0,1.0,1.0,0.0,0.0,2.0,0.001953125,1.0,0.15727208024364406,True,128.0,400.0,1,512,False,False,-0.03354679697460338,0.731323763805091
Brazil,log_beta_process_2044,tempered_smc_rank_and_particle_quality,inf,inf,0.0,0.0,512,65,1.0,358.40000000000003,512.0,0.7000000000000001,1.0,0.013398886039855375,0.001953125,512,512.0,1.0,0.001953125,1,1.0,1.0,1.0,0.0,0.0,2.0,0.001953125,1.0,0.15727208024364406,True,128.0,400.0,1,512,False,False,-0.008182718953296211,0.6872593718058814
Brazil,log_beta_process_2045,tempered_smc_rank_and_particle_quality,inf,inf,0.0,0.0,512,65,1.0,358.40000000000003,512.0,0.7000000000000001,1.0,0.013398886039855375,0.001953125,512,512.0,1.0,0.001953125,1,1.0,1.0,1.0,0.0,0.0,2.0,0.001953125,1.0,0.15727208024364406,True,128.0,400.0,1,512,False,False,0.029292621532217213,0.7044179523476298
Brazil,log_beta_process_2046,tempered_smc_rank_and_particle_quality,inf,inf,0.0,0.0,512,65,1.0,358.40000000000003,512.0,0.7000000000000001,1.0,0.013398886039855375,0.001953125,512,512.0,1.0,0.001953125,1,1.0,1.0,1.0,0.0,0.0,2.0,0.001953125,1.0,0.15727208024364406,True,128.0,400.0,1,512,False,False,0.04277380422632115,0.6844631591709724
Brazil,log_beta_process_2047,tempered_smc_rank_and_particle_quality,inf,inf,0.0,0.0,512,65,1.0,358.40000000000003,512.0,0.7000000000000001,1.0,0.013398886039855375,0.001953125,512,512.0,1.0,0.001953125,1,1.0,1.0,1.0,0.0,0.0,2.0,0.001953125,1.0,0.15727208024364406,True,128.0,400.0,1,512,False,False,0.01683639549456256,0.682877021369726
Brazil,log_beta_process_2048,tempered_smc_rank_and_particle_quality,inf,inf,0.0,0.0,512,65,1.0,358.40000000000003,512.0,0.7000000000000001,1.0,0.013398886039855375,0.001953125,512,512.0,1.0,0.001953125,1,1.0,1.0,1.0,0.0,0.0,2.0,0.001953125,1.0,0.15727208024364406,True,128.0,400.0,1,512,False,False,0.06890432064942444,0.6741626063064297
Brazil,log_beta_process_2049,tempered_smc_rank_and_particle_quality,inf,inf,0.0,0.0,512,65,1.0,358.40000000000003,512.0,0.7000000000000001,1.0,0.013398886039855375,0.001953125,512,512.0,1.0,0.001953125,1,1.0,1.0,1.0,0.0,0.0,2.0,0.001953125,1.0,0.15727208024364406,True,128.0,400.0,1,512,False,False,0.04559773493130521,0.6738181699303851
Brazil,log_beta_process_2050,tempered_smc_rank_and_particle_quality,inf,inf,0.0,0.0,512,65,1.0,358.40000000000003,512.0,0.7000000000000001,1.0,0.013398886039855375,0.001953125,512,512.0,1.0,0.001953125,1,1.0,1.0,1.0,0.0,0.0,2.0,0.001953125,1.0,0.15727208024364406,True,128.0,400.0,1,512,False,False,0.003897952255368424,0.6933343783636875
Thailand,VE_sus,tempered_smc_rank_and_particle_quality,inf,inf,0.0,0.0,512,65,1.0,358.40000000000003,512.0,0.7000000000000001,1.0,0.013398886039855375,0.001953125,512,512.0,1.0,0.001953125,1,1.0,1.0,1.0,0.0,0.0,2.0,0.001953125,1.0,0.15727208024364406,True,128.0,400.0,1,512,False,False,0.05636512641406445,0.011383597235483604
Thailand,VE_inf,tempered_smc_rank_and_particle_quality,inf,inf,0.0,0.0,512,65,1.0,358.40000000000003,512.0,0.7000000000000001,1.0,0.013398886039855375,0.001953125,512,512.0,1.0,0.001953125,1,1.0,1.0,1.0,0.0,0.0,2.0,0.001953125,1.0,0.15727208024364406,True,128.0,400.0,1,512,False,False,0.284747612085429,0.045967438857458826
Thailand,VE_dur,tempered_smc_rank_and_particle_quality,inf,inf,0.0,0.0,512,65,1.0,358.40000000000003,512.0,0.7000000000000001,1.0,0.013398886039855375,0.001953125,512,512.0,1.0,0.001953125,1,1.0,1.0,1.0,0.0,0.0,2.0,0.001953125,1.0,0.15727208024364406,True,128.0,400.0,1,512,False,False,0.04460347403155379,0.005381775777868193
Thailand,relative_infectiousness_asymptomatic,tempered_smc_rank_and_particle_quality,inf,inf,0.0,0.0,512,65,1.0,358.40000000000003,512.0,0.7000000000000001,1.0,0.013398886039855375,0.001953125,512,512.0,1.0,0.001953125,1,1.0,1.0,1.0,0.0,0.0,2.0,0.001953125,1.0,0.15727208024364406,True,128.0,400.0,1,512,False,False,0.4131830530143421,0.06364431524267193
Thailand,infectious_duration_symptomatic,tempered_smc_rank_and_particle_quality,inf,inf,0.0,0.0,512,65,1.0,358.40000000000003,512.0,0.7000000000000001,1.0,0.013398886039855375,0.001953125,512,512.0,1.0,0.001953125,1,1.0,1.0,1.0,0.0,0.0,2.0,0.001953125,1.0,0.15727208024364406,True,128.0,400.0,1,512,False,False,32.20372715905587,1.8097339558254746
Thailand,infectious_duration_asymptomatic,tempered_smc_rank_and_particle_quality,inf,inf,0.0,0.0,512,65,1.0,358.40000000000003,512.0,0.7000000000000001,1.0,0.013398886039855375,0.001953125,512,512.0,1.0,0.001953125,1,1.0,1.0,1.0,0.0,0.0,2.0,0.001953125,1.0,0.15727208024364406,True,128.0,400.0,1,512,False,False,25.582019288973733,0.38849468917449115
Thailand,fitness_R,tempered_smc_rank_and_particle_quality,inf,inf,0.0,0.0,512,65,1.0,358.40000000000003,512.0,0.7000000000000001,1.0,0.013398886039855375,0.001953125,512,512.0,1.0,0.001953125,1,1.0,1.0,1.0,0.0,0.0,2.0,0.001953125,1.0,0.15727208024364406,True,128.0,400.0,1,512,False,False,0.8357407393979673,0.014266667027702023
Thailand,beta_S,tempered_smc_rank_and_particle_quality,inf,inf,0.0,0.0,512,65,1.0,358.40000000000003,512.0,0.7000000000000001,1.0,0.013398886039855375,0.001953125,512,512.0,1.0,0.001953125,1,1.0,1.0,1.0,0.0,0.0,2.0,0.001953125,1.0,0.15727208024364406,True,128.0,400.0,1,512,False,False,0.006177499766754765,0.0010155839203439092
Thailand,reporting_multiplier,tempered_smc_rank_and_particle_quality,inf,inf,0.0,0.0,512,65,1.0,358.40000000000003,512.0,0.7000000000000001,1.0,0.013398886039855375,0.001953125,512,512.0,1.0,0.001953125,1,1.0,1.0,1.0,0.0,0.0,2.0,0.001953125,1.0,0.15727208024364406,True,128.0,400.0,1,512,False,False,0.8502072111388305,0.0717984560226482
Thailand,log_beta_process_2020,tempered_smc_rank_and_particle_quality,inf,inf,0.0,0.0,512,65,1.0,358.40000000000003,512.0,0.7000000000000001,1.0,0.013398886039855375,0.001953125,512,512.0,1.0,0.001953125,1,1.0,1.0,1.0,0.0,0.0,2.0,0.001953125,1.0,0.15727208024364406,True,128.0,400.0,1,512,False,False,-1.8936243768145309,0.36221396425775804
Thailand,log_beta_process_2021,tempered_smc_rank_and_particle_quality,inf,inf,0.0,0.0,512,65,1.0,358.40000000000003,512.0,0.7000000000000001,1.0,0.013398886039855375,0.001953125,512,512.0,1.0,0.001953125,1,1.0,1.0,1.0,0.0,0.0,2.0,0.001953125,1.0,0.15727208024364406,True,128.0,400.0,1,512,False,False,0.39845492977221564,0.14604961426077862
Thailand,log_beta_process_2022,tempered_smc_rank_and_particle_quality,inf,inf,0.0,0.0,512,65,1.0,358.40000000000003,512.0,0.7000000000000001,1.0,0.013398886039855375,0.001953125,512,512.0,1.0,0.001953125,1,1.0,1.0,1.0,0.0,0.0,2.0,0.001953125,1.0,0.15727208024364406,True,128.0,400.0,1,512,False,False,-0.2192016760742979,0.06586187710760885
Thailand,log_beta_process_2023,tempered_smc_rank_and_particle_quality,inf,inf,0.0,0.0,512,65,1.0,358.40000000000003,512.0,0.7000000000000001,1.0,0.013398886039855375,0.001953125,512,512.0,1.0,0.001953125,1,1.0,1.0,1.0,0.0,0.0,2.0,0.001953125,1.0,0.15727208024364406,True,128.0,400.0,1,512,False,False,0.19225903575116987,0.0497449920876052
Thailand,log_beta_process_2024,tempered_smc_rank_and_particle_quality,inf,inf,0.0,0.0,512,65,1.0,358.40000000000003,512.0,0.7000000000000001,1.0,0.013398886039855375,0.001953125,512,512.0,1.0,0.001953125,1,1.0,1.0,1.0,0.0,0.0,2.0,0.001953125,1.0,0.15727208024364406,True,128.0,400.0,1,512,False,False,-0.11878629612923716,0.04945802590721497
Thailand,log_beta_process_2025,tempered_smc_rank_and_particle_quality,inf,inf,0.0,0.0,512,65,1.0,358.40000000000003,512.0,0.7000000000000001,1.0,0.013398886039855375,0.001953125,512,512.0,1.0,0.001953125,1,1.0,1.0,1.0,0.0,0.0,2.0,0.001953125,1.0,0.15727208024364406,True,128.0,400.0,1,512,False,False,-0.2725919791499266,0.058827047753549015
Thailand,log_beta_process_2026,tempered_smc_rank_and_particle_quality,inf,inf,0.0,0.0,512,65,1.0,358.40000000000003,512.0,0.7000000000000001,1.0,0.013398886039855375,0.001953125,512,512.0,1.0,0.001953125,1,1.0,1.0,1.0,0.0,0.0,2.0,0.001953125,1.0,0.15727208024364406,True,128.0,400.0,1,512,False,False,-0.14670677446878347,0.6070313661789434
Thailand,log_beta_process_2027,tempered_smc_rank_and_particle_quality,inf,inf,0.0,0.0,512,65,1.0,358.40000000000003,512.0,0.7000000000000001,1.0,0.013398886039855375,0.001953125,512,512.0,1.0,0.001953125,1,1.0,1.0,1.0,0.0,0.0,2.0,0.001953125,1.0,0.15727208024364406,True,128.0,400.0,1,512,False,False,-0.06981347644658181,0.6847004181266455
Thailand,log_beta_process_2028,tempered_smc_rank_and_particle_quality,inf,inf,0.0,0.0,512,65,1.0,358.40000000000003,512.0,0.7000000000000001,1.0,0.013398886039855375,0.001953125,512,512.0,1.0,0.001953125,1,1.0,1.0,1.0,0.0,0.0,2.0,0.001953125,1.0,0.15727208024364406,True,128.0,400.0,1,512,False,False,-0.059018178656924075,0.6805276111083125
Thailand,log_beta_process_2029,tempered_smc_rank_and_particle_quality,inf,inf,0.0,0.0,512,65,1.0,358.40000000000003,512.0,0.7000000000000001,1.0,0.013398886039855375,0.001953125,512,512.0,1.0,0.001953125,1,1.0,1.0,1.0,0.0,0.0,2.0,0.001953125,1.0,0.15727208024364406,True,128.0,400.0,1,512,False,False,0.016533590927097615,0.7076812788634735
Thailand,log_beta_process_2030,tempered_smc_rank_and_particle_quality,inf,inf,0.0,0.0,512,65,1.0,358.40000000000003,512.0,0.7000000000000001,1.0,0.013398886039855375,0.001953125,512,512.0,1.0,0.001953125,1,1.0,1.0,1.0,0.0,0.0,2.0,0.001953125,1.0,0.15727208024364406,True,128.0,400.0,1,512,False,False,0.02246934119866293,0.7191140507616439
Thailand,log_beta_process_2031,tempered_smc_rank_and_particle_quality,inf,inf,0.0,0.0,512,65,1.0,358.40000000000003,512.0,0.7000000000000001,1.0,0.013398886039855375,0.001953125,512,512.0,1.0,0.001953125,1,1.0,1.0,1.0,0.0,0.0,2.0,0.001953125,1.0,0.15727208024364406,True,128.0,400.0,1,512,False,False,-0.0043654206064925715,0.7129752019135752
Thailand,log_beta_process_2032,tempered_smc_rank_and_particle_quality,inf,inf,0.0,0.0,512,65,1.0,358.40000000000003,512.0,0.7000000000000001,1.0,0.013398886039855375,0.001953125,512,512.0,1.0,0.001953125,1,1.0,1.0,1.0,0.0,0.0,2.0,0.001953125,1.0,0.15727208024364406,True,128.0,400.0,1,512,False,False,0.00571038029706614,0.7110794354491417
Thailand,log_beta_process_2033,tempered_smc_rank_and_particle_quality,inf,inf,0.0,0.0,512,65,1.0,358.40000000000003,512.0,0.7000000000000001,1.0,0.013398886039855375,0.001953125,512,512.0,1.0,0.001953125,1,1.0,1.0,1.0,0.0,0.0,2.0,0.001953125,1.0,0.15727208024364406,True,128.0,400.0,1,512,False,False,-0.02841401415805451,0.7065520492422677
Thailand,log_beta_process_2034,tempered_smc_rank_and_particle_quality,inf,inf,0.0,0.0,512,65,1.0,358.40000000000003,512.0,0.7000000000000001,1.0,0.013398886039855375,0.001953125,512,512.0,1.0,0.001953125,1,1.0,1.0,1.0,0.0,0.0,2.0,0.001953125,1.0,0.15727208024364406,True,128.0,400.0,1,512,False,False,-0.018851245414912312,0.7227000126567779
Thailand,log_beta_process_2035,tempered_smc_rank_and_particle_quality,inf,inf,0.0,0.0,512,65,1.0,358.40000000000003,512.0,0.7000000000000001,1.0,0.013398886039855375,0.001953125,512,512.0,1.0,0.001953125,1,1.0,1.0,1.0,0.0,0.0,2.0,0.001953125,1.0,0.15727208024364406,True,128.0,400.0,1,512,False,False,-0.021628205750514762,0.721840003210709
Thailand,log_beta_process_2036,tempered_smc_rank_and_particle_quality,inf,inf,0.0,0.0,512,65,1.0,358.40000000000003,512.0,0.7000000000000001,1.0,0.013398886039855375,0.001953125,512,512.0,1.0,0.001953125,1,1.0,1.0,1.0,0.0,0.0,2.0,0.001953125,1.0,0.15727208024364406,True,128.0,400.0,1,512,False,False,-0.016143866976286447,0.6619674083115484
Thailand,log_beta_process_2037,tempered_smc_rank_and_particle_quality,inf,inf,0.0,0.0,512,65,1.0,358.40000000000003,512.0,0.7000000000000001,1.0,0.013398886039855375,0.001953125,512,512.0,1.0,0.001953125,1,1.0,1.0,1.0,0.0,0.0,2.0,0.001953125,1.0,0.15727208024364406,True,128.0,400.0,1,512,False,False,0.038555468965644116,0.6953824740535136
Thailand,log_beta_process_2038,tempered_smc_rank_and_particle_quality,inf,inf,0.0,0.0,512,65,1.0,358.40000000000003,512.0,0.7000000000000001,1.0,0.013398886039855375,0.001953125,512,512.0,1.0,0.001953125,1,1.0,1.0,1.0,0.0,0.0,2.0,0.001953125,1.0,0.15727208024364406,True,128.0,400.0,1,512,False,False,0.04667922004186137,0.6924873425350027
Thailand,log_beta_process_2039,tempered_smc_rank_and_particle_quality,inf,inf,0.0,0.0,512,65,1.0,358.40000000000003,512.0,0.7000000000000001,1.0,0.013398886039855375,0.001953125,512,512.0,1.0,0.001953125,1,1.0,1.0,1.0,0.0,0.0,2.0,0.001953125,1.0,0.15727208024364406,True,128.0,400.0,1,512,False,False,0.002877722184006455,0.6704241592084774
Thailand,log_beta_process_2040,tempered_smc_rank_and_particle_quality,inf,inf,0.0,0.0,512,65,1.0,358.40000000000003,512.0,0.7000000000000001,1.0,0.013398886039855375,0.001953125,512,512.0,1.0,0.001953125,1,1.0,1.0,1.0,0.0,0.0,2.0,0.001953125,1.0,0.15727208024364406,True,128.0,400.0,1,512,False,False,-0.03223279759130545,0.6936769351355564
Thailand,log_beta_process_2041,tempered_smc_rank_and_particle_quality,inf,inf,0.0,0.0,512,65,1.0,358.40000000000003,512.0,0.7000000000000001,1.0,0.013398886039855375,0.001953125,512,512.0,1.0,0.001953125,1,1.0,1.0,1.0,0.0,0.0,2.0,0.001953125,1.0,0.15727208024364406,True,128.0,400.0,1,512,False,False,-0.007859996397297748,0.7063072044074356
Thailand,log_beta_process_2042,tempered_smc_rank_and_particle_quality,inf,inf,0.0,0.0,512,65,1.0,358.40000000000003,512.0,0.7000000000000001,1.0,0.013398886039855375,0.001953125,512,512.0,1.0,0.001953125,1,1.0,1.0,1.0,0.0,0.0,2.0,0.001953125,1.0,0.15727208024364406,True,128.0,400.0,1,512,False,False,0.0013181745515834786,0.702398555585625
Thailand,log_beta_process_2043,tempered_smc_rank_and_particle_quality,inf,inf,0.0,0.0,512,65,1.0,358.40000000000003,512.0,0.7000000000000001,1.0,0.013398886039855375,0.001953125,512,512.0,1.0,0.001953125,1,1.0,1.0,1.0,0.0,0.0,2.0,0.001953125,1.0,0.15727208024364406,True,128.0,400.0,1,512,False,False,0.0019321452785592058,0.6511920598737444
Thailand,log_beta_process_2044,tempered_smc_rank_and_particle_quality,inf,inf,0.0,0.0,512,65,1.0,358.40000000000003,512.0,0.7000000000000001,1.0,0.013398886039855375,0.001953125,512,512.0,1.0,0.001953125,1,1.0,1.0,1.0,0.0,0.0,2.0,0.001953125,1.0,0.15727208024364406,True,128.0,400.0,1,512,False,False,-0.019710996280200718,0.7027915674415549
Thailand,log_beta_process_2045,tempered_smc_rank_and_particle_quality,inf,inf,0.0,0.0,512,65,1.0,358.40000000000003,512.0,0.7000000000000001,1.0,0.013398886039855375,0.001953125,512,512.0,1.0,0.001953125,1,1.0,1.0,1.0,0.0,0.0,2.0,0.001953125,1.0,0.15727208024364406,True,128.0,400.0,1,512,False,False,-0.051140102768545935,0.6884347570035911
Thailand,log_beta_process_2046,tempered_smc_rank_and_particle_quality,inf,inf,0.0,0.0,512,65,1.0,358.40000000000003,512.0,0.7000000000000001,1.0,0.013398886039855375,0.001953125,512,512.0,1.0,0.001953125,1,1.0,1.0,1.0,0.0,0.0,2.0,0.001953125,1.0,0.15727208024364406,True,128.0,400.0,1,512,False,False,-0.021158695606452196,0.6782071993671084
Thailand,log_beta_process_2047,tempered_smc_rank_and_particle_quality,inf,inf,0.0,0.0,512,65,1.0,358.40000000000003,512.0,0.7000000000000001,1.0,0.013398886039855375,0.001953125,512,512.0,1.0,0.001953125,1,1.0,1.0,1.0,0.0,0.0,2.0,0.001953125,1.0,0.15727208024364406,True,128.0,400.0,1,512,False,False,-0.002837382290582531,0.6703549532762392
Thailand,log_beta_process_2048,tempered_smc_rank_and_particle_quality,inf,inf,0.0,0.0,512,65,1.0,358.40000000000003,512.0,0.7000000000000001,1.0,0.013398886039855375,0.001953125,512,512.0,1.0,0.001953125,1,1.0,1.0,1.0,0.0,0.0,2.0,0.001953125,1.0,0.15727208024364406,True,128.0,400.0,1,512,False,False,0.0042181991874810955,0.6587816489644999
Thailand,log_beta_process_2049,tempered_smc_rank_and_particle_quality,inf,inf,0.0,0.0,512,65,1.0,358.40000000000003,512.0,0.7000000000000001,1.0,0.013398886039855375,0.001953125,512,512.0,1.0,0.001953125,1,1.0,1.0,1.0,0.0,0.0,2.0,0.001953125,1.0,0.15727208024364406,True,128.0,400.0,1,512,False,False,-0.016607980890282092,0.699806914882408
Thailand,log_beta_process_2050,tempered_smc_rank_and_particle_quality,inf,inf,0.0,0.0,512,65,1.0,358.40000000000003,512.0,0.7000000000000001,1.0,0.013398886039855375,0.001953125,512,512.0,1.0,0.001953125,1,1.0,1.0,1.0,0.0,0.0,2.0,0.001953125,1.0,0.15727208024364406,True,128.0,400.0,1,512,False,False,-0.002281083237007651,0.7009912949402072
