country,parameter,diagnostic_method,rhat,rhat_rank,bulk_ess,tail_ess,smc_particle_count,smc_stage_count,smc_final_temperature,smc_min_ess,smc_final_ess,smc_min_ess_fraction,smc_final_ess_fraction,smc_max_weight,smc_final_max_weight,smc_combined_particle_count,smc_combined_particle_ess,smc_combined_particle_ess_fraction,smc_combined_max_weight,smc_island_count,smc_island_ess,smc_island_ess_fraction,smc_max_island_weight,smc_log_evidence_sd,smc_log_evidence_range,smc_recommended_island_ess_floor,smc_unique_ancestor_fraction,smc_unique_particle_fraction,smc_move_acceptance_fraction,smc_reached_final_temperature,smc_fatal_ess_floor,smc_recommended_ess_floor,n_chains,total_draws,converged,recommended_converged,mean,sd
Australia,VE_sus,tempered_smc_rank_and_particle_quality,inf,inf,0.0,0.0,512,8,1.0,512.0,512.0,1.0,1.0,0.001953125,0.001953125,512,512.0,1.0,0.001953125,1,1.0,1.0,1.0,0.0,0.0,2.0,1.0,1.0,0.032470703125,True,128.0,400.0,1,512,False,False,0.048037017857342997,0.02149539191905899
Australia,VE_inf,tempered_smc_rank_and_particle_quality,inf,inf,0.0,0.0,512,8,1.0,512.0,512.0,1.0,1.0,0.001953125,0.001953125,512,512.0,1.0,0.001953125,1,1.0,1.0,1.0,0.0,0.0,2.0,1.0,1.0,0.032470703125,True,128.0,400.0,1,512,False,False,0.1047932101066909,0.0806108146363688
Australia,VE_dur,tempered_smc_rank_and_particle_quality,inf,inf,0.0,0.0,512,8,1.0,512.0,512.0,1.0,1.0,0.001953125,0.001953125,512,512.0,1.0,0.001953125,1,1.0,1.0,1.0,0.0,0.0,2.0,1.0,1.0,0.032470703125,True,128.0,400.0,1,512,False,False,0.03377672492381208,0.04169194692061824
Australia,relative_infectiousness_asymptomatic,tempered_smc_rank_and_particle_quality,inf,inf,0.0,0.0,512,8,1.0,512.0,512.0,1.0,1.0,0.001953125,0.001953125,512,512.0,1.0,0.001953125,1,1.0,1.0,1.0,0.0,0.0,2.0,1.0,1.0,0.032470703125,True,128.0,400.0,1,512,False,False,0.7164033008890855,0.03356396981821238
Australia,infectious_duration_symptomatic,tempered_smc_rank_and_particle_quality,inf,inf,0.0,0.0,512,8,1.0,512.0,512.0,1.0,1.0,0.001953125,0.001953125,512,512.0,1.0,0.001953125,1,1.0,1.0,1.0,0.0,0.0,2.0,1.0,1.0,0.032470703125,True,128.0,400.0,1,512,False,False,23.974992102260686,1.985087531667173
Australia,infectious_duration_asymptomatic,tempered_smc_rank_and_particle_quality,inf,inf,0.0,0.0,512,8,1.0,512.0,512.0,1.0,1.0,0.001953125,0.001953125,512,512.0,1.0,0.001953125,1,1.0,1.0,1.0,0.0,0.0,2.0,1.0,1.0,0.032470703125,True,128.0,400.0,1,512,False,False,24.76801832799341,2.6819571677881346
Australia,fitness_R,tempered_smc_rank_and_particle_quality,inf,inf,0.0,0.0,512,8,1.0,512.0,512.0,1.0,1.0,0.001953125,0.001953125,512,512.0,1.0,0.001953125,1,1.0,1.0,1.0,0.0,0.0,2.0,1.0,1.0,0.032470703125,True,128.0,400.0,1,512,False,False,0.8787654185069858,0.07345762868703146
Australia,beta_S,tempered_smc_rank_and_particle_quality,inf,inf,0.0,0.0,512,8,1.0,512.0,512.0,1.0,1.0,0.001953125,0.001953125,512,512.0,1.0,0.001953125,1,1.0,1.0,1.0,0.0,0.0,2.0,1.0,1.0,0.032470703125,True,128.0,400.0,1,512,False,False,0.056860809902656344,0.018236492115657123
Australia,reporting_multiplier,tempered_smc_rank_and_particle_quality,inf,inf,0.0,0.0,512,8,1.0,512.0,512.0,1.0,1.0,0.001953125,0.001953125,512,512.0,1.0,0.001953125,1,1.0,1.0,1.0,0.0,0.0,2.0,1.0,1.0,0.032470703125,True,128.0,400.0,1,512,False,False,0.9850248746868696,0.15007388570814623
Australia,log_beta_process_2021,tempered_smc_rank_and_particle_quality,inf,inf,0.0,0.0,512,8,1.0,512.0,512.0,1.0,1.0,0.001953125,0.001953125,512,512.0,1.0,0.001953125,1,1.0,1.0,1.0,0.0,0.0,2.0,1.0,1.0,0.032470703125,True,128.0,400.0,1,512,False,False,0.01418696321479491,0.15580701267542058
Australia,log_beta_process_2022,tempered_smc_rank_and_particle_quality,inf,inf,0.0,0.0,512,8,1.0,512.0,512.0,1.0,1.0,0.001953125,0.001953125,512,512.0,1.0,0.001953125,1,1.0,1.0,1.0,0.0,0.0,2.0,1.0,1.0,0.032470703125,True,128.0,400.0,1,512,False,False,-0.7131042977420707,0.1460049057121374
Australia,log_beta_process_2023,tempered_smc_rank_and_particle_quality,inf,inf,0.0,0.0,512,8,1.0,512.0,512.0,1.0,1.0,0.001953125,0.001953125,512,512.0,1.0,0.001953125,1,1.0,1.0,1.0,0.0,0.0,2.0,1.0,1.0,0.032470703125,True,128.0,400.0,1,512,False,False,-0.4875694414153464,0.25246220511720846
Australia,log_beta_process_2024,tempered_smc_rank_and_particle_quality,inf,inf,0.0,0.0,512,8,1.0,512.0,512.0,1.0,1.0,0.001953125,0.001953125,512,512.0,1.0,0.001953125,1,1.0,1.0,1.0,0.0,0.0,2.0,1.0,1.0,0.032470703125,True,128.0,400.0,1,512,False,False,-0.47447534741623676,0.2903199333458097
Australia,log_beta_process_2025,tempered_smc_rank_and_particle_quality,inf,inf,0.0,0.0,512,8,1.0,512.0,512.0,1.0,1.0,0.001953125,0.001953125,512,512.0,1.0,0.001953125,1,1.0,1.0,1.0,0.0,0.0,2.0,1.0,1.0,0.032470703125,True,128.0,400.0,1,512,False,False,-0.32201332321709364,0.2180568051569863
Australia,log_beta_process_2026,tempered_smc_rank_and_particle_quality,inf,inf,0.0,0.0,512,8,1.0,512.0,512.0,1.0,1.0,0.001953125,0.001953125,512,512.0,1.0,0.001953125,1,1.0,1.0,1.0,0.0,0.0,2.0,1.0,1.0,0.032470703125,True,128.0,400.0,1,512,False,False,-0.28223806886197655,0.2990860287081203
Australia,log_beta_process_2027,tempered_smc_rank_and_particle_quality,inf,inf,0.0,0.0,512,8,1.0,512.0,512.0,1.0,1.0,0.001953125,0.001953125,512,512.0,1.0,0.001953125,1,1.0,1.0,1.0,0.0,0.0,2.0,1.0,1.0,0.032470703125,True,128.0,400.0,1,512,False,False,-0.16910144545373318,0.6220380777297758
Australia,log_beta_process_2028,tempered_smc_rank_and_particle_quality,inf,inf,0.0,0.0,512,8,1.0,512.0,512.0,1.0,1.0,0.001953125,0.001953125,512,512.0,1.0,0.001953125,1,1.0,1.0,1.0,0.0,0.0,2.0,1.0,1.0,0.032470703125,True,128.0,400.0,1,512,False,False,-0.10763054476158415,0.6527037487081409
Australia,log_beta_process_2029,tempered_smc_rank_and_particle_quality,inf,inf,0.0,0.0,512,8,1.0,512.0,512.0,1.0,1.0,0.001953125,0.001953125,512,512.0,1.0,0.001953125,1,1.0,1.0,1.0,0.0,0.0,2.0,1.0,1.0,0.032470703125,True,128.0,400.0,1,512,False,False,-0.0479130538888227,0.7024938082558021
Australia,log_beta_process_2030,tempered_smc_rank_and_particle_quality,inf,inf,0.0,0.0,512,8,1.0,512.0,512.0,1.0,1.0,0.001953125,0.001953125,512,512.0,1.0,0.001953125,1,1.0,1.0,1.0,0.0,0.0,2.0,1.0,1.0,0.032470703125,True,128.0,400.0,1,512,False,False,-0.017021695925517392,0.7073195987064158
Australia,log_beta_process_2031,tempered_smc_rank_and_particle_quality,inf,inf,0.0,0.0,512,8,1.0,512.0,512.0,1.0,1.0,0.001953125,0.001953125,512,512.0,1.0,0.001953125,1,1.0,1.0,1.0,0.0,0.0,2.0,1.0,1.0,0.032470703125,True,128.0,400.0,1,512,False,False,0.02551632727927735,0.6905564050650329
Australia,log_beta_process_2032,tempered_smc_rank_and_particle_quality,inf,inf,0.0,0.0,512,8,1.0,512.0,512.0,1.0,1.0,0.001953125,0.001953125,512,512.0,1.0,0.001953125,1,1.0,1.0,1.0,0.0,0.0,2.0,1.0,1.0,0.032470703125,True,128.0,400.0,1,512,False,False,0.04111849776872208,0.7022921928617475
Australia,log_beta_process_2033,tempered_smc_rank_and_particle_quality,inf,inf,0.0,0.0,512,8,1.0,512.0,512.0,1.0,1.0,0.001953125,0.001953125,512,512.0,1.0,0.001953125,1,1.0,1.0,1.0,0.0,0.0,2.0,1.0,1.0,0.032470703125,True,128.0,400.0,1,512,False,False,0.046539969402650025,0.6949868698679263
Australia,log_beta_process_2034,tempered_smc_rank_and_particle_quality,inf,inf,0.0,0.0,512,8,1.0,512.0,512.0,1.0,1.0,0.001953125,0.001953125,512,512.0,1.0,0.001953125,1,1.0,1.0,1.0,0.0,0.0,2.0,1.0,1.0,0.032470703125,True,128.0,400.0,1,512,False,False,-0.0038746261232941483,0.7162450458427394
Australia,log_beta_process_2035,tempered_smc_rank_and_particle_quality,inf,inf,0.0,0.0,512,8,1.0,512.0,512.0,1.0,1.0,0.001953125,0.001953125,512,512.0,1.0,0.001953125,1,1.0,1.0,1.0,0.0,0.0,2.0,1.0,1.0,0.032470703125,True,128.0,400.0,1,512,False,False,-0.011216899492480687,0.6457244443594059
Australia,log_beta_process_2036,tempered_smc_rank_and_particle_quality,inf,inf,0.0,0.0,512,8,1.0,512.0,512.0,1.0,1.0,0.001953125,0.001953125,512,512.0,1.0,0.001953125,1,1.0,1.0,1.0,0.0,0.0,2.0,1.0,1.0,0.032470703125,True,128.0,400.0,1,512,False,False,-0.015865844648252025,0.6953717836430674
Australia,log_beta_process_2037,tempered_smc_rank_and_particle_quality,inf,inf,0.0,0.0,512,8,1.0,512.0,512.0,1.0,1.0,0.001953125,0.001953125,512,512.0,1.0,0.001953125,1,1.0,1.0,1.0,0.0,0.0,2.0,1.0,1.0,0.032470703125,True,128.0,400.0,1,512,False,False,0.01355162030902968,0.703013121513507
Australia,log_beta_process_2038,tempered_smc_rank_and_particle_quality,inf,inf,0.0,0.0,512,8,1.0,512.0,512.0,1.0,1.0,0.001953125,0.001953125,512,512.0,1.0,0.001953125,1,1.0,1.0,1.0,0.0,0.0,2.0,1.0,1.0,0.032470703125,True,128.0,400.0,1,512,False,False,0.005777611014396528,0.7373058142581742
Australia,log_beta_process_2039,tempered_smc_rank_and_particle_quality,inf,inf,0.0,0.0,512,8,1.0,512.0,512.0,1.0,1.0,0.001953125,0.001953125,512,512.0,1.0,0.001953125,1,1.0,1.0,1.0,0.0,0.0,2.0,1.0,1.0,0.032470703125,True,128.0,400.0,1,512,False,False,0.0310588399259049,0.7215786943327844
Australia,log_beta_process_2040,tempered_smc_rank_and_particle_quality,inf,inf,0.0,0.0,512,8,1.0,512.0,512.0,1.0,1.0,0.001953125,0.001953125,512,512.0,1.0,0.001953125,1,1.0,1.0,1.0,0.0,0.0,2.0,1.0,1.0,0.032470703125,True,128.0,400.0,1,512,False,False,0.016905230244476543,0.6875066245898818
Australia,log_beta_process_2041,tempered_smc_rank_and_particle_quality,inf,inf,0.0,0.0,512,8,1.0,512.0,512.0,1.0,1.0,0.001953125,0.001953125,512,512.0,1.0,0.001953125,1,1.0,1.0,1.0,0.0,0.0,2.0,1.0,1.0,0.032470703125,True,128.0,400.0,1,512,False,False,-0.02424567821201807,0.7234267771670237
Australia,log_beta_process_2042,tempered_smc_rank_and_particle_quality,inf,inf,0.0,0.0,512,8,1.0,512.0,512.0,1.0,1.0,0.001953125,0.001953125,512,512.0,1.0,0.001953125,1,1.0,1.0,1.0,0.0,0.0,2.0,1.0,1.0,0.032470703125,True,128.0,400.0,1,512,False,False,-0.023638734401906218,0.7059589945298658
Australia,log_beta_process_2043,tempered_smc_rank_and_particle_quality,inf,inf,0.0,0.0,512,8,1.0,512.0,512.0,1.0,1.0,0.001953125,0.001953125,512,512.0,1.0,0.001953125,1,1.0,1.0,1.0,0.0,0.0,2.0,1.0,1.0,0.032470703125,True,128.0,400.0,1,512,False,False,-0.0269853301805243,0.7199724743136563
Australia,log_beta_process_2044,tempered_smc_rank_and_particle_quality,inf,inf,0.0,0.0,512,8,1.0,512.0,512.0,1.0,1.0,0.001953125,0.001953125,512,512.0,1.0,0.001953125,1,1.0,1.0,1.0,0.0,0.0,2.0,1.0,1.0,0.032470703125,True,128.0,400.0,1,512,False,False,-0.006818782257143573,0.69813913675353
Australia,log_beta_process_2045,tempered_smc_rank_and_particle_quality,inf,inf,0.0,0.0,512,8,1.0,512.0,512.0,1.0,1.0,0.001953125,0.001953125,512,512.0,1.0,0.001953125,1,1.0,1.0,1.0,0.0,0.0,2.0,1.0,1.0,0.032470703125,True,128.0,400.0,1,512,False,False,0.007458112974189565,0.7351241099713323
Australia,log_beta_process_2046,tempered_smc_rank_and_particle_quality,inf,inf,0.0,0.0,512,8,1.0,512.0,512.0,1.0,1.0,0.001953125,0.001953125,512,512.0,1.0,0.001953125,1,1.0,1.0,1.0,0.0,0.0,2.0,1.0,1.0,0.032470703125,True,128.0,400.0,1,512,False,False,-0.009742267786153702,0.7095953761968653
Australia,log_beta_process_2047,tempered_smc_rank_and_particle_quality,inf,inf,0.0,0.0,512,8,1.0,512.0,512.0,1.0,1.0,0.001953125,0.001953125,512,512.0,1.0,0.001953125,1,1.0,1.0,1.0,0.0,0.0,2.0,1.0,1.0,0.032470703125,True,128.0,400.0,1,512,False,False,0.04311465878984968,0.6789973543588667
Australia,log_beta_process_2048,tempered_smc_rank_and_particle_quality,inf,inf,0.0,0.0,512,8,1.0,512.0,512.0,1.0,1.0,0.001953125,0.001953125,512,512.0,1.0,0.001953125,1,1.0,1.0,1.0,0.0,0.0,2.0,1.0,1.0,0.032470703125,True,128.0,400.0,1,512,False,False,0.026658310425221973,0.6854791379090237
Australia,log_beta_process_2049,tempered_smc_rank_and_particle_quality,inf,inf,0.0,0.0,512,8,1.0,512.0,512.0,1.0,1.0,0.001953125,0.001953125,512,512.0,1.0,0.001953125,1,1.0,1.0,1.0,0.0,0.0,2.0,1.0,1.0,0.032470703125,True,128.0,400.0,1,512,False,False,-0.011259239207467069,0.7042759813685635
Australia,log_beta_process_2050,tempered_smc_rank_and_particle_quality,inf,inf,0.0,0.0,512,8,1.0,512.0,512.0,1.0,1.0,0.001953125,0.001953125,512,512.0,1.0,0.001953125,1,1.0,1.0,1.0,0.0,0.0,2.0,1.0,1.0,0.032470703125,True,128.0,400.0,1,512,False,False,-0.03604505813851274,0.7106619289387951
China,VE_sus,tempered_smc_rank_and_particle_quality,inf,inf,0.0,0.0,512,8,1.0,512.0,512.0,1.0,1.0,0.001953125,0.001953125,512,512.0,1.0,0.001953125,1,1.0,1.0,1.0,0.0,0.0,2.0,1.0,1.0,0.032470703125,True,128.0,400.0,1,512,False,False,0.048037017857342997,0.02149539191905899
China,VE_inf,tempered_smc_rank_and_particle_quality,inf,inf,0.0,0.0,512,8,1.0,512.0,512.0,1.0,1.0,0.001953125,0.001953125,512,512.0,1.0,0.001953125,1,1.0,1.0,1.0,0.0,0.0,2.0,1.0,1.0,0.032470703125,True,128.0,400.0,1,512,False,False,0.1047932101066909,0.0806108146363688
China,VE_dur,tempered_smc_rank_and_particle_quality,inf,inf,0.0,0.0,512,8,1.0,512.0,512.0,1.0,1.0,0.001953125,0.001953125,512,512.0,1.0,0.001953125,1,1.0,1.0,1.0,0.0,0.0,2.0,1.0,1.0,0.032470703125,True,128.0,400.0,1,512,False,False,0.03377672492381208,0.04169194692061824
China,relative_infectiousness_asymptomatic,tempered_smc_rank_and_particle_quality,inf,inf,0.0,0.0,512,8,1.0,512.0,512.0,1.0,1.0,0.001953125,0.001953125,512,512.0,1.0,0.001953125,1,1.0,1.0,1.0,0.0,0.0,2.0,1.0,1.0,0.032470703125,True,128.0,400.0,1,512,False,False,0.7164033008890855,0.03356396981821238
China,infectious_duration_symptomatic,tempered_smc_rank_and_particle_quality,inf,inf,0.0,0.0,512,8,1.0,512.0,512.0,1.0,1.0,0.001953125,0.001953125,512,512.0,1.0,0.001953125,1,1.0,1.0,1.0,0.0,0.0,2.0,1.0,1.0,0.032470703125,True,128.0,400.0,1,512,False,False,23.974992102260686,1.985087531667173
China,infectious_duration_asymptomatic,tempered_smc_rank_and_particle_quality,inf,inf,0.0,0.0,512,8,1.0,512.0,512.0,1.0,1.0,0.001953125,0.001953125,512,512.0,1.0,0.001953125,1,1.0,1.0,1.0,0.0,0.0,2.0,1.0,1.0,0.032470703125,True,128.0,400.0,1,512,False,False,24.76801832799341,2.6819571677881346
China,fitness_R,tempered_smc_rank_and_particle_quality,inf,inf,0.0,0.0,512,8,1.0,512.0,512.0,1.0,1.0,0.001953125,0.001953125,512,512.0,1.0,0.001953125,1,1.0,1.0,1.0,0.0,0.0,2.0,1.0,1.0,0.032470703125,True,128.0,400.0,1,512,False,False,0.8787654185069858,0.07345762868703146
China,beta_S,tempered_smc_rank_and_particle_quality,inf,inf,0.0,0.0,512,8,1.0,512.0,512.0,1.0,1.0,0.001953125,0.001953125,512,512.0,1.0,0.001953125,1,1.0,1.0,1.0,0.0,0.0,2.0,1.0,1.0,0.032470703125,True,128.0,400.0,1,512,False,False,0.009303496047779952,0.001535516288625076
China,reporting_multiplier,tempered_smc_rank_and_particle_quality,inf,inf,0.0,0.0,512,8,1.0,512.0,512.0,1.0,1.0,0.001953125,0.001953125,512,512.0,1.0,0.001953125,1,1.0,1.0,1.0,0.0,0.0,2.0,1.0,1.0,0.032470703125,True,128.0,400.0,1,512,False,False,0.7422125229263444,0.13247212549470105
China,log_beta_process_2021,tempered_smc_rank_and_particle_quality,inf,inf,0.0,0.0,512,8,1.0,512.0,512.0,1.0,1.0,0.001953125,0.001953125,512,512.0,1.0,0.001953125,1,1.0,1.0,1.0,0.0,0.0,2.0,1.0,1.0,0.032470703125,True,128.0,400.0,1,512,False,False,1.5792318972716908,0.02749068861919486
China,log_beta_process_2022,tempered_smc_rank_and_particle_quality,inf,inf,0.0,0.0,512,8,1.0,512.0,512.0,1.0,1.0,0.001953125,0.001953125,512,512.0,1.0,0.001953125,1,1.0,1.0,1.0,0.0,0.0,2.0,1.0,1.0,0.032470703125,True,128.0,400.0,1,512,False,False,0.8439582304506834,0.0842812621280126
China,log_beta_process_2023,tempered_smc_rank_and_particle_quality,inf,inf,0.0,0.0,512,8,1.0,512.0,512.0,1.0,1.0,0.001953125,0.001953125,512,512.0,1.0,0.001953125,1,1.0,1.0,1.0,0.0,0.0,2.0,1.0,1.0,0.032470703125,True,128.0,400.0,1,512,False,False,0.36766499197669034,0.04656373780218009
China,log_beta_process_2024,tempered_smc_rank_and_particle_quality,inf,inf,0.0,0.0,512,8,1.0,512.0,512.0,1.0,1.0,0.001953125,0.001953125,512,512.0,1.0,0.001953125,1,1.0,1.0,1.0,0.0,0.0,2.0,1.0,1.0,0.032470703125,True,128.0,400.0,1,512,False,False,-0.11155393760220203,0.06650390394285983
China,log_beta_process_2025,tempered_smc_rank_and_particle_quality,inf,inf,0.0,0.0,512,8,1.0,512.0,512.0,1.0,1.0,0.001953125,0.001953125,512,512.0,1.0,0.001953125,1,1.0,1.0,1.0,0.0,0.0,2.0,1.0,1.0,0.032470703125,True,128.0,400.0,1,512,False,False,-0.708954126051619,0.17672322573132668
China,log_beta_process_2026,tempered_smc_rank_and_particle_quality,inf,inf,0.0,0.0,512,8,1.0,512.0,512.0,1.0,1.0,0.001953125,0.001953125,512,512.0,1.0,0.001953125,1,1.0,1.0,1.0,0.0,0.0,2.0,1.0,1.0,0.032470703125,True,128.0,400.0,1,512,False,False,0.6556320120655938,0.29725907160378584
China,log_beta_process_2027,tempered_smc_rank_and_particle_quality,inf,inf,0.0,0.0,512,8,1.0,512.0,512.0,1.0,1.0,0.001953125,0.001953125,512,512.0,1.0,0.001953125,1,1.0,1.0,1.0,0.0,0.0,2.0,1.0,1.0,0.032470703125,True,128.0,400.0,1,512,False,False,0.3223814078598475,0.6236562010979692
China,log_beta_process_2028,tempered_smc_rank_and_particle_quality,inf,inf,0.0,0.0,512,8,1.0,512.0,512.0,1.0,1.0,0.001953125,0.001953125,512,512.0,1.0,0.001953125,1,1.0,1.0,1.0,0.0,0.0,2.0,1.0,1.0,0.032470703125,True,128.0,400.0,1,512,False,False,0.1711512740184954,0.6461763200017652
China,log_beta_process_2029,tempered_smc_rank_and_particle_quality,inf,inf,0.0,0.0,512,8,1.0,512.0,512.0,1.0,1.0,0.001953125,0.001953125,512,512.0,1.0,0.001953125,1,1.0,1.0,1.0,0.0,0.0,2.0,1.0,1.0,0.032470703125,True,128.0,400.0,1,512,False,False,0.13910515061533338,0.6751227137500462
China,log_beta_process_2030,tempered_smc_rank_and_particle_quality,inf,inf,0.0,0.0,512,8,1.0,512.0,512.0,1.0,1.0,0.001953125,0.001953125,512,512.0,1.0,0.001953125,1,1.0,1.0,1.0,0.0,0.0,2.0,1.0,1.0,0.032470703125,True,128.0,400.0,1,512,False,False,0.12334493606423115,0.6639178597692135
China,log_beta_process_2031,tempered_smc_rank_and_particle_quality,inf,inf,0.0,0.0,512,8,1.0,512.0,512.0,1.0,1.0,0.001953125,0.001953125,512,512.0,1.0,0.001953125,1,1.0,1.0,1.0,0.0,0.0,2.0,1.0,1.0,0.032470703125,True,128.0,400.0,1,512,False,False,0.04344505188047026,0.6772855896204261
China,log_beta_process_2032,tempered_smc_rank_and_particle_quality,inf,inf,0.0,0.0,512,8,1.0,512.0,512.0,1.0,1.0,0.001953125,0.001953125,512,512.0,1.0,0.001953125,1,1.0,1.0,1.0,0.0,0.0,2.0,1.0,1.0,0.032470703125,True,128.0,400.0,1,512,False,False,0.008617707089343347,0.704510535753818
China,log_beta_process_2033,tempered_smc_rank_and_particle_quality,inf,inf,0.0,0.0,512,8,1.0,512.0,512.0,1.0,1.0,0.001953125,0.001953125,512,512.0,1.0,0.001953125,1,1.0,1.0,1.0,0.0,0.0,2.0,1.0,1.0,0.032470703125,True,128.0,400.0,1,512,False,False,-0.0001770527643544656,0.6955960650179341
China,log_beta_process_2034,tempered_smc_rank_and_particle_quality,inf,inf,0.0,0.0,512,8,1.0,512.0,512.0,1.0,1.0,0.001953125,0.001953125,512,512.0,1.0,0.001953125,1,1.0,1.0,1.0,0.0,0.0,2.0,1.0,1.0,0.032470703125,True,128.0,400.0,1,512,False,False,0.015104352903364229,0.6571805980755471
China,log_beta_process_2035,tempered_smc_rank_and_particle_quality,inf,inf,0.0,0.0,512,8,1.0,512.0,512.0,1.0,1.0,0.001953125,0.001953125,512,512.0,1.0,0.001953125,1,1.0,1.0,1.0,0.0,0.0,2.0,1.0,1.0,0.032470703125,True,128.0,400.0,1,512,False,False,0.03504168384124633,0.6691427258022232
China,log_beta_process_2036,tempered_smc_rank_and_particle_quality,inf,inf,0.0,0.0,512,8,1.0,512.0,512.0,1.0,1.0,0.001953125,0.001953125,512,512.0,1.0,0.001953125,1,1.0,1.0,1.0,0.0,0.0,2.0,1.0,1.0,0.032470703125,True,128.0,400.0,1,512,False,False,-0.01556913025687379,0.6905194055604461
China,log_beta_process_2037,tempered_smc_rank_and_particle_quality,inf,inf,0.0,0.0,512,8,1.0,512.0,512.0,1.0,1.0,0.001953125,0.001953125,512,512.0,1.0,0.001953125,1,1.0,1.0,1.0,0.0,0.0,2.0,1.0,1.0,0.032470703125,True,128.0,400.0,1,512,False,False,-0.0014929580916487883,0.6724470288694687
China,log_beta_process_2038,tempered_smc_rank_and_particle_quality,inf,inf,0.0,0.0,512,8,1.0,512.0,512.0,1.0,1.0,0.001953125,0.001953125,512,512.0,1.0,0.001953125,1,1.0,1.0,1.0,0.0,0.0,2.0,1.0,1.0,0.032470703125,True,128.0,400.0,1,512,False,False,-3.961546155044349e-05,0.6865555608923635
China,log_beta_process_2039,tempered_smc_rank_and_particle_quality,inf,inf,0.0,0.0,512,8,1.0,512.0,512.0,1.0,1.0,0.001953125,0.001953125,512,512.0,1.0,0.001953125,1,1.0,1.0,1.0,0.0,0.0,2.0,1.0,1.0,0.032470703125,True,128.0,400.0,1,512,False,False,0.020350640098182472,0.6571765603327149
China,log_beta_process_2040,tempered_smc_rank_and_particle_quality,inf,inf,0.0,0.0,512,8,1.0,512.0,512.0,1.0,1.0,0.001953125,0.001953125,512,512.0,1.0,0.001953125,1,1.0,1.0,1.0,0.0,0.0,2.0,1.0,1.0,0.032470703125,True,128.0,400.0,1,512,False,False,-0.024755648821510046,0.7052897532203053
China,log_beta_process_2041,tempered_smc_rank_and_particle_quality,inf,inf,0.0,0.0,512,8,1.0,512.0,512.0,1.0,1.0,0.001953125,0.001953125,512,512.0,1.0,0.001953125,1,1.0,1.0,1.0,0.0,0.0,2.0,1.0,1.0,0.032470703125,True,128.0,400.0,1,512,False,False,-0.02062043795859651,0.6921493162649015
China,log_beta_process_2042,tempered_smc_rank_and_particle_quality,inf,inf,0.0,0.0,512,8,1.0,512.0,512.0,1.0,1.0,0.001953125,0.001953125,512,512.0,1.0,0.001953125,1,1.0,1.0,1.0,0.0,0.0,2.0,1.0,1.0,0.032470703125,True,128.0,400.0,1,512,False,False,-0.011157757033258954,0.6807454203273103
China,log_beta_process_2043,tempered_smc_rank_and_particle_quality,inf,inf,0.0,0.0,512,8,1.0,512.0,512.0,1.0,1.0,0.001953125,0.001953125,512,512.0,1.0,0.001953125,1,1.0,1.0,1.0,0.0,0.0,2.0,1.0,1.0,0.032470703125,True,128.0,400.0,1,512,False,False,-0.02357823103070742,0.6931893982123505
China,log_beta_process_2044,tempered_smc_rank_and_particle_quality,inf,inf,0.0,0.0,512,8,1.0,512.0,512.0,1.0,1.0,0.001953125,0.001953125,512,512.0,1.0,0.001953125,1,1.0,1.0,1.0,0.0,0.0,2.0,1.0,1.0,0.032470703125,True,128.0,400.0,1,512,False,False,-0.040163410944670734,0.7188912564310477
China,log_beta_process_2045,tempered_smc_rank_and_particle_quality,inf,inf,0.0,0.0,512,8,1.0,512.0,512.0,1.0,1.0,0.001953125,0.001953125,512,512.0,1.0,0.001953125,1,1.0,1.0,1.0,0.0,0.0,2.0,1.0,1.0,0.032470703125,True,128.0,400.0,1,512,False,False,-0.026568191231591584,0.7301119412198254
China,log_beta_process_2046,tempered_smc_rank_and_particle_quality,inf,inf,0.0,0.0,512,8,1.0,512.0,512.0,1.0,1.0,0.001953125,0.001953125,512,512.0,1.0,0.001953125,1,1.0,1.0,1.0,0.0,0.0,2.0,1.0,1.0,0.032470703125,True,128.0,400.0,1,512,False,False,-0.0028677687476763285,0.708111020996329
China,log_beta_process_2047,tempered_smc_rank_and_particle_quality,inf,inf,0.0,0.0,512,8,1.0,512.0,512.0,1.0,1.0,0.001953125,0.001953125,512,512.0,1.0,0.001953125,1,1.0,1.0,1.0,0.0,0.0,2.0,1.0,1.0,0.032470703125,True,128.0,400.0,1,512,False,False,-0.05367639373856488,0.6881194940039363
China,log_beta_process_2048,tempered_smc_rank_and_particle_quality,inf,inf,0.0,0.0,512,8,1.0,512.0,512.0,1.0,1.0,0.001953125,0.001953125,512,512.0,1.0,0.001953125,1,1.0,1.0,1.0,0.0,0.0,2.0,1.0,1.0,0.032470703125,True,128.0,400.0,1,512,False,False,-0.03773602508066713,0.672157136104154
China,log_beta_process_2049,tempered_smc_rank_and_particle_quality,inf,inf,0.0,0.0,512,8,1.0,512.0,512.0,1.0,1.0,0.001953125,0.001953125,512,512.0,1.0,0.001953125,1,1.0,1.0,1.0,0.0,0.0,2.0,1.0,1.0,0.032470703125,True,128.0,400.0,1,512,False,False,-0.025952979372299748,0.6598291453279616
China,log_beta_process_2050,tempered_smc_rank_and_particle_quality,inf,inf,0.0,0.0,512,8,1.0,512.0,512.0,1.0,1.0,0.001953125,0.001953125,512,512.0,1.0,0.001953125,1,1.0,1.0,1.0,0.0,0.0,2.0,1.0,1.0,0.032470703125,True,128.0,400.0,1,512,False,False,0.013602860694211736,0.7034644453800695
United_Kingdom,VE_sus,tempered_smc_rank_and_particle_quality,inf,inf,0.0,0.0,512,8,1.0,512.0,512.0,1.0,1.0,0.001953125,0.001953125,512,512.0,1.0,0.001953125,1,1.0,1.0,1.0,0.0,0.0,2.0,1.0,1.0,0.032470703125,True,128.0,400.0,1,512,False,False,0.048037017857342997,0.02149539191905899
United_Kingdom,VE_inf,tempered_smc_rank_and_particle_quality,inf,inf,0.0,0.0,512,8,1.0,512.0,512.0,1.0,1.0,0.001953125,0.001953125,512,512.0,1.0,0.001953125,1,1.0,1.0,1.0,0.0,0.0,2.0,1.0,1.0,0.032470703125,True,128.0,400.0,1,512,False,False,0.1047932101066909,0.0806108146363688
United_Kingdom,VE_dur,tempered_smc_rank_and_particle_quality,inf,inf,0.0,0.0,512,8,1.0,512.0,512.0,1.0,1.0,0.001953125,0.001953125,512,512.0,1.0,0.001953125,1,1.0,1.0,1.0,0.0,0.0,2.0,1.0,1.0,0.032470703125,True,128.0,400.0,1,512,False,False,0.03377672492381208,0.04169194692061824
United_Kingdom,relative_infectiousness_asymptomatic,tempered_smc_rank_and_particle_quality,inf,inf,0.0,0.0,512,8,1.0,512.0,512.0,1.0,1.0,0.001953125,0.001953125,512,512.0,1.0,0.001953125,1,1.0,1.0,1.0,0.0,0.0,2.0,1.0,1.0,0.032470703125,True,128.0,400.0,1,512,False,False,0.7164033008890855,0.03356396981821238
United_Kingdom,infectious_duration_symptomatic,tempered_smc_rank_and_particle_quality,inf,inf,0.0,0.0,512,8,1.0,512.0,512.0,1.0,1.0,0.001953125,0.001953125,512,512.0,1.0,0.001953125,1,1.0,1.0,1.0,0.0,0.0,2.0,1.0,1.0,0.032470703125,True,128.0,400.0,1,512,False,False,23.974992102260686,1.985087531667173
United_Kingdom,infectious_duration_asymptomatic,tempered_smc_rank_and_particle_quality,inf,inf,0.0,0.0,512,8,1.0,512.0,512.0,1.0,1.0,0.001953125,0.001953125,512,512.0,1.0,0.001953125,1,1.0,1.0,1.0,0.0,0.0,2.0,1.0,1.0,0.032470703125,True,128.0,400.0,1,512,False,False,24.76801832799341,2.6819571677881346
United_Kingdom,fitness_R,tempered_smc_rank_and_particle_quality,inf,inf,0.0,0.0,512,8,1.0,512.0,512.0,1.0,1.0,0.001953125,0.001953125,512,512.0,1.0,0.001953125,1,1.0,1.0,1.0,0.0,0.0,2.0,1.0,1.0,0.032470703125,True,128.0,400.0,1,512,False,False,0.8787654185069858,0.07345762868703146
United_Kingdom,beta_S,tempered_smc_rank_and_particle_quality,inf,inf,0.0,0.0,512,8,1.0,512.0,512.0,1.0,1.0,0.001953125,0.001953125,512,512.0,1.0,0.001953125,1,1.0,1.0,1.0,0.0,0.0,2.0,1.0,1.0,0.032470703125,True,128.0,400.0,1,512,False,False,0.029594469015236338,0.007252345920852544
United_Kingdom,reporting_multiplier,tempered_smc_rank_and_particle_quality,inf,inf,0.0,0.0,512,8,1.0,512.0,512.0,1.0,1.0,0.001953125,0.001953125,512,512.0,1.0,0.001953125,1,1.0,1.0,1.0,0.0,0.0,2.0,1.0,1.0,0.032470703125,True,128.0,400.0,1,512,False,False,0.26490278348772217,0.08712674073077713
United_Kingdom,log_beta_process_2019,tempered_smc_rank_and_particle_quality,inf,inf,0.0,0.0,512,8,1.0,512.0,512.0,1.0,1.0,0.001953125,0.001953125,512,512.0,1.0,0.001953125,1,1.0,1.0,1.0,0.0,0.0,2.0,1.0,1.0,0.032470703125,True,128.0,400.0,1,512,False,False,1.3404923255349388,0.8256446895105037
United_Kingdom,log_beta_process_2020,tempered_smc_rank_and_particle_quality,inf,inf,0.0,0.0,512,8,1.0,512.0,512.0,1.0,1.0,0.001953125,0.001953125,512,512.0,1.0,0.001953125,1,1.0,1.0,1.0,0.0,0.0,2.0,1.0,1.0,0.032470703125,True,128.0,400.0,1,512,False,False,1.2333130094823657,0.47679727657447174
United_Kingdom,log_beta_process_2021,tempered_smc_rank_and_particle_quality,inf,inf,0.0,0.0,512,8,1.0,512.0,512.0,1.0,1.0,0.001953125,0.001953125,512,512.0,1.0,0.001953125,1,1.0,1.0,1.0,0.0,0.0,2.0,1.0,1.0,0.032470703125,True,128.0,400.0,1,512,False,False,0.7836469849356043,0.2829688548242816
United_Kingdom,log_beta_process_2022,tempered_smc_rank_and_particle_quality,inf,inf,0.0,0.0,512,8,1.0,512.0,512.0,1.0,1.0,0.001953125,0.001953125,512,512.0,1.0,0.001953125,1,1.0,1.0,1.0,0.0,0.0,2.0,1.0,1.0,0.032470703125,True,128.0,400.0,1,512,False,False,0.06852377402226455,0.2129683323145157
United_Kingdom,log_beta_process_2023,tempered_smc_rank_and_particle_quality,inf,inf,0.0,0.0,512,8,1.0,512.0,512.0,1.0,1.0,0.001953125,0.001953125,512,512.0,1.0,0.001953125,1,1.0,1.0,1.0,0.0,0.0,2.0,1.0,1.0,0.032470703125,True,128.0,400.0,1,512,False,False,0.08026324442740025,0.05846343494365631
United_Kingdom,log_beta_process_2024,tempered_smc_rank_and_particle_quality,inf,inf,0.0,0.0,512,8,1.0,512.0,512.0,1.0,1.0,0.001953125,0.001953125,512,512.0,1.0,0.001953125,1,1.0,1.0,1.0,0.0,0.0,2.0,1.0,1.0,0.032470703125,True,128.0,400.0,1,512,False,False,0.01755210777251865,0.05166054904527585
United_Kingdom,log_beta_process_2025,tempered_smc_rank_and_particle_quality,inf,inf,0.0,0.0,512,8,1.0,512.0,512.0,1.0,1.0,0.001953125,0.001953125,512,512.0,1.0,0.001953125,1,1.0,1.0,1.0,0.0,0.0,2.0,1.0,1.0,0.032470703125,True,128.0,400.0,1,512,False,False,-0.9448560122062926,0.09819562570490488
United_Kingdom,log_beta_process_2026,tempered_smc_rank_and_particle_quality,inf,inf,0.0,0.0,512,8,1.0,512.0,512.0,1.0,1.0,0.001953125,0.001953125,512,512.0,1.0,0.001953125,1,1.0,1.0,1.0,0.0,0.0,2.0,1.0,1.0,0.032470703125,True,128.0,400.0,1,512,False,False,-0.4713802734584055,0.5945653963966208
United_Kingdom,log_beta_process_2027,tempered_smc_rank_and_particle_quality,inf,inf,0.0,0.0,512,8,1.0,512.0,512.0,1.0,1.0,0.001953125,0.001953125,512,512.0,1.0,0.001953125,1,1.0,1.0,1.0,0.0,0.0,2.0,1.0,1.0,0.032470703125,True,128.0,400.0,1,512,False,False,-0.2586684928066614,0.657418231884279
United_Kingdom,log_beta_process_2028,tempered_smc_rank_and_particle_quality,inf,inf,0.0,0.0,512,8,1.0,512.0,512.0,1.0,1.0,0.001953125,0.001953125,512,512.0,1.0,0.001953125,1,1.0,1.0,1.0,0.0,0.0,2.0,1.0,1.0,0.032470703125,True,128.0,400.0,1,512,False,False,-0.15624905301169614,0.7049119367430121
United_Kingdom,log_beta_process_2029,tempered_smc_rank_and_particle_quality,inf,inf,0.0,0.0,512,8,1.0,512.0,512.0,1.0,1.0,0.001953125,0.001953125,512,512.0,1.0,0.001953125,1,1.0,1.0,1.0,0.0,0.0,2.0,1.0,1.0,0.032470703125,True,128.0,400.0,1,512,False,False,-0.115857532688096,0.6691474684745514
United_Kingdom,log_beta_process_2030,tempered_smc_rank_and_particle_quality,inf,inf,0.0,0.0,512,8,1.0,512.0,512.0,1.0,1.0,0.001953125,0.001953125,512,512.0,1.0,0.001953125,1,1.0,1.0,1.0,0.0,0.0,2.0,1.0,1.0,0.032470703125,True,128.0,400.0,1,512,False,False,-0.04714030033247288,0.7097769544853764
United_Kingdom,log_beta_process_2031,tempered_smc_rank_and_particle_quality,inf,inf,0.0,0.0,512,8,1.0,512.0,512.0,1.0,1.0,0.001953125,0.001953125,512,512.0,1.0,0.001953125,1,1.0,1.0,1.0,0.0,0.0,2.0,1.0,1.0,0.032470703125,True,128.0,400.0,1,512,False,False,-0.047254423781937005,0.6777754297866049
United_Kingdom,log_beta_process_2032,tempered_smc_rank_and_particle_quality,inf,inf,0.0,0.0,512,8,1.0,512.0,512.0,1.0,1.0,0.001953125,0.001953125,512,512.0,1.0,0.001953125,1,1.0,1.0,1.0,0.0,0.0,2.0,1.0,1.0,0.032470703125,True,128.0,400.0,1,512,False,False,-0.05259127731237838,0.7275305770289375
United_Kingdom,log_beta_process_2033,tempered_smc_rank_and_particle_quality,inf,inf,0.0,0.0,512,8,1.0,512.0,512.0,1.0,1.0,0.001953125,0.001953125,512,512.0,1.0,0.001953125,1,1.0,1.0,1.0,0.0,0.0,2.0,1.0,1.0,0.032470703125,True,128.0,400.0,1,512,False,False,-0.047539364103721934,0.6962372590501188
United_Kingdom,log_beta_process_2034,tempered_smc_rank_and_particle_quality,inf,inf,0.0,0.0,512,8,1.0,512.0,512.0,1.0,1.0,0.001953125,0.001953125,512,512.0,1.0,0.001953125,1,1.0,1.0,1.0,0.0,0.0,2.0,1.0,1.0,0.032470703125,True,128.0,400.0,1,512,False,False,-0.043286475452102256,0.6885680376438076
United_Kingdom,log_beta_process_2035,tempered_smc_rank_and_particle_quality,inf,inf,0.0,0.0,512,8,1.0,512.0,512.0,1.0,1.0,0.001953125,0.001953125,512,512.0,1.0,0.001953125,1,1.0,1.0,1.0,0.0,0.0,2.0,1.0,1.0,0.032470703125,True,128.0,400.0,1,512,False,False,-0.01707934947778721,0.6757229942212283
United_Kingdom,log_beta_process_2036,tempered_smc_rank_and_particle_quality,inf,inf,0.0,0.0,512,8,1.0,512.0,512.0,1.0,1.0,0.001953125,0.001953125,512,512.0,1.0,0.001953125,1,1.0,1.0,1.0,0.0,0.0,2.0,1.0,1.0,0.032470703125,True,128.0,400.0,1,512,False,False,-0.00631365945361291,0.6767545701420014
United_Kingdom,log_beta_process_2037,tempered_smc_rank_and_particle_quality,inf,inf,0.0,0.0,512,8,1.0,512.0,512.0,1.0,1.0,0.001953125,0.001953125,512,512.0,1.0,0.001953125,1,1.0,1.0,1.0,0.0,0.0,2.0,1.0,1.0,0.032470703125,True,128.0,400.0,1,512,False,False,0.027605666514850823,0.7113796993096831
United_Kingdom,log_beta_process_2038,tempered_smc_rank_and_particle_quality,inf,inf,0.0,0.0,512,8,1.0,512.0,512.0,1.0,1.0,0.001953125,0.001953125,512,512.0,1.0,0.001953125,1,1.0,1.0,1.0,0.0,0.0,2.0,1.0,1.0,0.032470703125,True,128.0,400.0,1,512,False,False,0.004028562121715524,0.6751417177059795
United_Kingdom,log_beta_process_2039,tempered_smc_rank_and_particle_quality,inf,inf,0.0,0.0,512,8,1.0,512.0,512.0,1.0,1.0,0.001953125,0.001953125,512,512.0,1.0,0.001953125,1,1.0,1.0,1.0,0.0,0.0,2.0,1.0,1.0,0.032470703125,True,128.0,400.0,1,512,False,False,-0.01163592724402073,0.6883055851867412
United_Kingdom,log_beta_process_2040,tempered_smc_rank_and_particle_quality,inf,inf,0.0,0.0,512,8,1.0,512.0,512.0,1.0,1.0,0.001953125,0.001953125,512,512.0,1.0,0.001953125,1,1.0,1.0,1.0,0.0,0.0,2.0,1.0,1.0,0.032470703125,True,128.0,400.0,1,512,False,False,-0.002108026083960461,0.6808959300326636
United_Kingdom,log_beta_process_2041,tempered_smc_rank_and_particle_quality,inf,inf,0.0,0.0,512,8,1.0,512.0,512.0,1.0,1.0,0.001953125,0.001953125,512,512.0,1.0,0.001953125,1,1.0,1.0,1.0,0.0,0.0,2.0,1.0,1.0,0.032470703125,True,128.0,400.0,1,512,False,False,-0.04891467988556693,0.6713031817104197
United_Kingdom,log_beta_process_2042,tempered_smc_rank_and_particle_quality,inf,inf,0.0,0.0,512,8,1.0,512.0,512.0,1.0,1.0,0.001953125,0.001953125,512,512.0,1.0,0.001953125,1,1.0,1.0,1.0,0.0,0.0,2.0,1.0,1.0,0.032470703125,True,128.0,400.0,1,512,False,False,-0.029646583741578265,0.7302034920384508
United_Kingdom,log_beta_process_2043,tempered_smc_rank_and_particle_quality,inf,inf,0.0,0.0,512,8,1.0,512.0,512.0,1.0,1.0,0.001953125,0.001953125,512,512.0,1.0,0.001953125,1,1.0,1.0,1.0,0.0,0.0,2.0,1.0,1.0,0.032470703125,True,128.0,400.0,1,512,False,False,-0.05878853031881956,0.6834519937322692
United_Kingdom,log_beta_process_2044,tempered_smc_rank_and_particle_quality,inf,inf,0.0,0.0,512,8,1.0,512.0,512.0,1.0,1.0,0.001953125,0.001953125,512,512.0,1.0,0.001953125,1,1.0,1.0,1.0,0.0,0.0,2.0,1.0,1.0,0.032470703125,True,128.0,400.0,1,512,False,False,-0.035332801962272266,0.7096775397215572
United_Kingdom,log_beta_process_2045,tempered_smc_rank_and_particle_quality,inf,inf,0.0,0.0,512,8,1.0,512.0,512.0,1.0,1.0,0.001953125,0.001953125,512,512.0,1.0,0.001953125,1,1.0,1.0,1.0,0.0,0.0,2.0,1.0,1.0,0.032470703125,True,128.0,400.0,1,512,False,False,-0.0027725691442781614,0.6683331511251243
United_Kingdom,log_beta_process_2046,tempered_smc_rank_and_particle_quality,inf,inf,0.0,0.0,512,8,1.0,512.0,512.0,1.0,1.0,0.001953125,0.001953125,512,512.0,1.0,0.001953125,1,1.0,1.0,1.0,0.0,0.0,2.0,1.0,1.0,0.032470703125,True,128.0,400.0,1,512,False,False,-0.02352294377091632,0.6608942912779266
United_Kingdom,log_beta_process_2047,tempered_smc_rank_and_particle_quality,inf,inf,0.0,0.0,512,8,1.0,512.0,512.0,1.0,1.0,0.001953125,0.001953125,512,512.0,1.0,0.001953125,1,1.0,1.0,1.0,0.0,0.0,2.0,1.0,1.0,0.032470703125,True,128.0,400.0,1,512,False,False,0.03765159962032803,0.6663039370323132
United_Kingdom,log_beta_process_2048,tempered_smc_rank_and_particle_quality,inf,inf,0.0,0.0,512,8,1.0,512.0,512.0,1.0,1.0,0.001953125,0.001953125,512,512.0,1.0,0.001953125,1,1.0,1.0,1.0,0.0,0.0,2.0,1.0,1.0,0.032470703125,True,128.0,400.0,1,512,False,False,0.038226855159779936,0.6559706291482036
United_Kingdom,log_beta_process_2049,tempered_smc_rank_and_particle_quality,inf,inf,0.0,0.0,512,8,1.0,512.0,512.0,1.0,1.0,0.001953125,0.001953125,512,512.0,1.0,0.001953125,1,1.0,1.0,1.0,0.0,0.0,2.0,1.0,1.0,0.032470703125,True,128.0,400.0,1,512,False,False,-0.013660717078254954,0.6690019528583313
United_Kingdom,log_beta_process_2050,tempered_smc_rank_and_particle_quality,inf,inf,0.0,0.0,512,8,1.0,512.0,512.0,1.0,1.0,0.001953125,0.001953125,512,512.0,1.0,0.001953125,1,1.0,1.0,1.0,0.0,0.0,2.0,1.0,1.0,0.032470703125,True,128.0,400.0,1,512,False,False,-0.02395473220439206,0.6978863572909996
Japan,VE_sus,tempered_smc_rank_and_particle_quality,inf,inf,0.0,0.0,512,8,1.0,512.0,512.0,1.0,1.0,0.001953125,0.001953125,512,512.0,1.0,0.001953125,1,1.0,1.0,1.0,0.0,0.0,2.0,1.0,1.0,0.032470703125,True,128.0,400.0,1,512,False,False,0.048037017857342997,0.02149539191905899
Japan,VE_inf,tempered_smc_rank_and_particle_quality,inf,inf,0.0,0.0,512,8,1.0,512.0,512.0,1.0,1.0,0.001953125,0.001953125,512,512.0,1.0,0.001953125,1,1.0,1.0,1.0,0.0,0.0,2.0,1.0,1.0,0.032470703125,True,128.0,400.0,1,512,False,False,0.1047932101066909,0.0806108146363688
Japan,VE_dur,tempered_smc_rank_and_particle_quality,inf,inf,0.0,0.0,512,8,1.0,512.0,512.0,1.0,1.0,0.001953125,0.001953125,512,512.0,1.0,0.001953125,1,1.0,1.0,1.0,0.0,0.0,2.0,1.0,1.0,0.032470703125,True,128.0,400.0,1,512,False,False,0.03377672492381208,0.04169194692061824
Japan,relative_infectiousness_asymptomatic,tempered_smc_rank_and_particle_quality,inf,inf,0.0,0.0,512,8,1.0,512.0,512.0,1.0,1.0,0.001953125,0.001953125,512,512.0,1.0,0.001953125,1,1.0,1.0,1.0,0.0,0.0,2.0,1.0,1.0,0.032470703125,True,128.0,400.0,1,512,False,False,0.7164033008890855,0.03356396981821238
Japan,infectious_duration_symptomatic,tempered_smc_rank_and_particle_quality,inf,inf,0.0,0.0,512,8,1.0,512.0,512.0,1.0,1.0,0.001953125,0.001953125,512,512.0,1.0,0.001953125,1,1.0,1.0,1.0,0.0,0.0,2.0,1.0,1.0,0.032470703125,True,128.0,400.0,1,512,False,False,23.974992102260686,1.985087531667173
Japan,infectious_duration_asymptomatic,tempered_smc_rank_and_particle_quality,inf,inf,0.0,0.0,512,8,1.0,512.0,512.0,1.0,1.0,0.001953125,0.001953125,512,512.0,1.0,0.001953125,1,1.0,1.0,1.0,0.0,0.0,2.0,1.0,1.0,0.032470703125,True,128.0,400.0,1,512,False,False,24.76801832799341,2.6819571677881346
Japan,fitness_R,tempered_smc_rank_and_particle_quality,inf,inf,0.0,0.0,512,8,1.0,512.0,512.0,1.0,1.0,0.001953125,0.001953125,512,512.0,1.0,0.001953125,1,1.0,1.0,1.0,0.0,0.0,2.0,1.0,1.0,0.032470703125,True,128.0,400.0,1,512,False,False,0.8787654185069858,0.07345762868703146
Japan,beta_S,tempered_smc_rank_and_particle_quality,inf,inf,0.0,0.0,512,8,1.0,512.0,512.0,1.0,1.0,0.001953125,0.001953125,512,512.0,1.0,0.001953125,1,1.0,1.0,1.0,0.0,0.0,2.0,1.0,1.0,0.032470703125,True,128.0,400.0,1,512,False,False,0.02578224790943656,0.0031486617891175106
Japan,reporting_multiplier,tempered_smc_rank_and_particle_quality,inf,inf,0.0,0.0,512,8,1.0,512.0,512.0,1.0,1.0,0.001953125,0.001953125,512,512.0,1.0,0.001953125,1,1.0,1.0,1.0,0.0,0.0,2.0,1.0,1.0,0.032470703125,True,128.0,400.0,1,512,False,False,0.2395636483875209,0.11821332141513279
Japan,log_beta_process_2021,tempered_smc_rank_and_particle_quality,inf,inf,0.0,0.0,512,8,1.0,512.0,512.0,1.0,1.0,0.001953125,0.001953125,512,512.0,1.0,0.001953125,1,1.0,1.0,1.0,0.0,0.0,2.0,1.0,1.0,0.032470703125,True,128.0,400.0,1,512,False,False,-0.030740547448805222,0.09963554384619791
Japan,log_beta_process_2022,tempered_smc_rank_and_particle_quality,inf,inf,0.0,0.0,512,8,1.0,512.0,512.0,1.0,1.0,0.001953125,0.001953125,512,512.0,1.0,0.001953125,1,1.0,1.0,1.0,0.0,0.0,2.0,1.0,1.0,0.032470703125,True,128.0,400.0,1,512,False,False,-0.17198506053964235,0.06433981708014086
Japan,log_beta_process_2023,tempered_smc_rank_and_particle_quality,inf,inf,0.0,0.0,512,8,1.0,512.0,512.0,1.0,1.0,0.001953125,0.001953125,512,512.0,1.0,0.001953125,1,1.0,1.0,1.0,0.0,0.0,2.0,1.0,1.0,0.032470703125,True,128.0,400.0,1,512,False,False,-0.25850172790709847,0.04276627540626743
Japan,log_beta_process_2024,tempered_smc_rank_and_particle_quality,inf,inf,0.0,0.0,512,8,1.0,512.0,512.0,1.0,1.0,0.001953125,0.001953125,512,512.0,1.0,0.001953125,1,1.0,1.0,1.0,0.0,0.0,2.0,1.0,1.0,0.032470703125,True,128.0,400.0,1,512,False,False,-0.22604835357386055,0.047362950149589085
Japan,log_beta_process_2025,tempered_smc_rank_and_particle_quality,inf,inf,0.0,0.0,512,8,1.0,512.0,512.0,1.0,1.0,0.001953125,0.001953125,512,512.0,1.0,0.001953125,1,1.0,1.0,1.0,0.0,0.0,2.0,1.0,1.0,0.032470703125,True,128.0,400.0,1,512,False,False,0.16566931162749876,0.06557821626082475
Japan,log_beta_process_2026,tempered_smc_rank_and_particle_quality,inf,inf,0.0,0.0,512,8,1.0,512.0,512.0,1.0,1.0,0.001953125,0.001953125,512,512.0,1.0,0.001953125,1,1.0,1.0,1.0,0.0,0.0,2.0,1.0,1.0,0.032470703125,True,128.0,400.0,1,512,False,False,0.04809385165780911,0.6227444027811379
Japan,log_beta_process_2027,tempered_smc_rank_and_particle_quality,inf,inf,0.0,0.0,512,8,1.0,512.0,512.0,1.0,1.0,0.001953125,0.001953125,512,512.0,1.0,0.001953125,1,1.0,1.0,1.0,0.0,0.0,2.0,1.0,1.0,0.032470703125,True,128.0,400.0,1,512,False,False,0.007692326390835606,0.6756288077229489
Japan,log_beta_process_2028,tempered_smc_rank_and_particle_quality,inf,inf,0.0,0.0,512,8,1.0,512.0,512.0,1.0,1.0,0.001953125,0.001953125,512,512.0,1.0,0.001953125,1,1.0,1.0,1.0,0.0,0.0,2.0,1.0,1.0,0.032470703125,True,128.0,400.0,1,512,False,False,0.023264399791718064,0.7013151994421135
Japan,log_beta_process_2029,tempered_smc_rank_and_particle_quality,inf,inf,0.0,0.0,512,8,1.0,512.0,512.0,1.0,1.0,0.001953125,0.001953125,512,512.0,1.0,0.001953125,1,1.0,1.0,1.0,0.0,0.0,2.0,1.0,1.0,0.032470703125,True,128.0,400.0,1,512,False,False,0.022778193978262175,0.6956768038823561
Japan,log_beta_process_2030,tempered_smc_rank_and_particle_quality,inf,inf,0.0,0.0,512,8,1.0,512.0,512.0,1.0,1.0,0.001953125,0.001953125,512,512.0,1.0,0.001953125,1,1.0,1.0,1.0,0.0,0.0,2.0,1.0,1.0,0.032470703125,True,128.0,400.0,1,512,False,False,0.005062245321301433,0.6889616322854594
Japan,log_beta_process_2031,tempered_smc_rank_and_particle_quality,inf,inf,0.0,0.0,512,8,1.0,512.0,512.0,1.0,1.0,0.001953125,0.001953125,512,512.0,1.0,0.001953125,1,1.0,1.0,1.0,0.0,0.0,2.0,1.0,1.0,0.032470703125,True,128.0,400.0,1,512,False,False,0.032124141471949426,0.6766093944034856
Japan,log_beta_process_2032,tempered_smc_rank_and_particle_quality,inf,inf,0.0,0.0,512,8,1.0,512.0,512.0,1.0,1.0,0.001953125,0.001953125,512,512.0,1.0,0.001953125,1,1.0,1.0,1.0,0.0,0.0,2.0,1.0,1.0,0.032470703125,True,128.0,400.0,1,512,False,False,0.04248098155077398,0.6655749287418197
Japan,log_beta_process_2033,tempered_smc_rank_and_particle_quality,inf,inf,0.0,0.0,512,8,1.0,512.0,512.0,1.0,1.0,0.001953125,0.001953125,512,512.0,1.0,0.001953125,1,1.0,1.0,1.0,0.0,0.0,2.0,1.0,1.0,0.032470703125,True,128.0,400.0,1,512,False,False,0.024652768189188688,0.7113660148024837
Japan,log_beta_process_2034,tempered_smc_rank_and_particle_quality,inf,inf,0.0,0.0,512,8,1.0,512.0,512.0,1.0,1.0,0.001953125,0.001953125,512,512.0,1.0,0.001953125,1,1.0,1.0,1.0,0.0,0.0,2.0,1.0,1.0,0.032470703125,True,128.0,400.0,1,512,False,False,0.034956695283289214,0.6588825411502625
Japan,log_beta_process_2035,tempered_smc_rank_and_particle_quality,inf,inf,0.0,0.0,512,8,1.0,512.0,512.0,1.0,1.0,0.001953125,0.001953125,512,512.0,1.0,0.001953125,1,1.0,1.0,1.0,0.0,0.0,2.0,1.0,1.0,0.032470703125,True,128.0,400.0,1,512,False,False,0.05592792251377159,0.6822500860630307
Japan,log_beta_process_2036,tempered_smc_rank_and_particle_quality,inf,inf,0.0,0.0,512,8,1.0,512.0,512.0,1.0,1.0,0.001953125,0.001953125,512,512.0,1.0,0.001953125,1,1.0,1.0,1.0,0.0,0.0,2.0,1.0,1.0,0.032470703125,True,128.0,400.0,1,512,False,False,0.06540470565156035,0.6803999104887372
Japan,log_beta_process_2037,tempered_smc_rank_and_particle_quality,inf,inf,0.0,0.0,512,8,1.0,512.0,512.0,1.0,1.0,0.001953125,0.001953125,512,512.0,1.0,0.001953125,1,1.0,1.0,1.0,0.0,0.0,2.0,1.0,1.0,0.032470703125,True,128.0,400.0,1,512,False,False,0.022978370696829637,0.7112102023281167
Japan,log_beta_process_2038,tempered_smc_rank_and_particle_quality,inf,inf,0.0,0.0,512,8,1.0,512.0,512.0,1.0,1.0,0.001953125,0.001953125,512,512.0,1.0,0.001953125,1,1.0,1.0,1.0,0.0,0.0,2.0,1.0,1.0,0.032470703125,True,128.0,400.0,1,512,False,False,0.01773810500827008,0.7537979714095647
Japan,log_beta_process_2039,tempered_smc_rank_and_particle_quality,inf,inf,0.0,0.0,512,8,1.0,512.0,512.0,1.0,1.0,0.001953125,0.001953125,512,512.0,1.0,0.001953125,1,1.0,1.0,1.0,0.0,0.0,2.0,1.0,1.0,0.032470703125,True,128.0,400.0,1,512,False,False,-0.022011363830254205,0.6913714794544142
Japan,log_beta_process_2040,tempered_smc_rank_and_particle_quality,inf,inf,0.0,0.0,512,8,1.0,512.0,512.0,1.0,1.0,0.001953125,0.001953125,512,512.0,1.0,0.001953125,1,1.0,1.0,1.0,0.0,0.0,2.0,1.0,1.0,0.032470703125,True,128.0,400.0,1,512,False,False,-0.03465283899432194,0.721019460745291
Japan,log_beta_process_2041,tempered_smc_rank_and_particle_quality,inf,inf,0.0,0.0,512,8,1.0,512.0,512.0,1.0,1.0,0.001953125,0.001953125,512,512.0,1.0,0.001953125,1,1.0,1.0,1.0,0.0,0.0,2.0,1.0,1.0,0.032470703125,True,128.0,400.0,1,512,False,False,-0.019118530395882148,0.6943207057440146
Japan,log_beta_process_2042,tempered_smc_rank_and_particle_quality,inf,inf,0.0,0.0,512,8,1.0,512.0,512.0,1.0,1.0,0.001953125,0.001953125,512,512.0,1.0,0.001953125,1,1.0,1.0,1.0,0.0,0.0,2.0,1.0,1.0,0.032470703125,True,128.0,400.0,1,512,False,False,-0.03199924042315053,0.7036613755781186
Japan,log_beta_process_2043,tempered_smc_rank_and_particle_quality,inf,inf,0.0,0.0,512,8,1.0,512.0,512.0,1.0,1.0,0.001953125,0.001953125,512,512.0,1.0,0.001953125,1,1.0,1.0,1.0,0.0,0.0,2.0,1.0,1.0,0.032470703125,True,128.0,400.0,1,512,False,False,0.031152841111164505,0.7109357633019312
Japan,log_beta_process_2044,tempered_smc_rank_and_particle_quality,inf,inf,0.0,0.0,512,8,1.0,512.0,512.0,1.0,1.0,0.001953125,0.001953125,512,512.0,1.0,0.001953125,1,1.0,1.0,1.0,0.0,0.0,2.0,1.0,1.0,0.032470703125,True,128.0,400.0,1,512,False,False,0.014127737995969489,0.727030615379502
Japan,log_beta_process_2045,tempered_smc_rank_and_particle_quality,inf,inf,0.0,0.0,512,8,1.0,512.0,512.0,1.0,1.0,0.001953125,0.001953125,512,512.0,1.0,0.001953125,1,1.0,1.0,1.0,0.0,0.0,2.0,1.0,1.0,0.032470703125,True,128.0,400.0,1,512,False,False,-0.027875264990089976,0.7008046578310485
Japan,log_beta_process_2046,tempered_smc_rank_and_particle_quality,inf,inf,0.0,0.0,512,8,1.0,512.0,512.0,1.0,1.0,0.001953125,0.001953125,512,512.0,1.0,0.001953125,1,1.0,1.0,1.0,0.0,0.0,2.0,1.0,1.0,0.032470703125,True,128.0,400.0,1,512,False,False,0.0019761585187387035,0.6923733342802559
Japan,log_beta_process_2047,tempered_smc_rank_and_particle_quality,inf,inf,0.0,0.0,512,8,1.0,512.0,512.0,1.0,1.0,0.001953125,0.001953125,512,512.0,1.0,0.001953125,1,1.0,1.0,1.0,0.0,0.0,2.0,1.0,1.0,0.032470703125,True,128.0,400.0,1,512,False,False,0.009319975189900452,0.6789424238822404
Japan,log_beta_process_2048,tempered_smc_rank_and_particle_quality,inf,inf,0.0,0.0,512,8,1.0,512.0,512.0,1.0,1.0,0.001953125,0.001953125,512,512.0,1.0,0.001953125,1,1.0,1.0,1.0,0.0,0.0,2.0,1.0,1.0,0.032470703125,True,128.0,400.0,1,512,False,False,0.026021427098080693,0.6607964090799644
Japan,log_beta_process_2049,tempered_smc_rank_and_particle_quality,inf,inf,0.0,0.0,512,8,1.0,512.0,512.0,1.0,1.0,0.001953125,0.001953125,512,512.0,1.0,0.001953125,1,1.0,1.0,1.0,0.0,0.0,2.0,1.0,1.0,0.032470703125,True,128.0,400.0,1,512,False,False,0.024760897072015786,0.6904560715833128
Japan,log_beta_process_2050,tempered_smc_rank_and_particle_quality,inf,inf,0.0,0.0,512,8,1.0,512.0,512.0,1.0,1.0,0.001953125,0.001953125,512,512.0,1.0,0.001953125,1,1.0,1.0,1.0,0.0,0.0,2.0,1.0,1.0,0.032470703125,True,128.0,400.0,1,512,False,False,-0.024130412562178717,0.6756136740056393
New_Zealand,VE_sus,tempered_smc_rank_and_particle_quality,inf,inf,0.0,0.0,512,8,1.0,512.0,512.0,1.0,1.0,0.001953125,0.001953125,512,512.0,1.0,0.001953125,1,1.0,1.0,1.0,0.0,0.0,2.0,1.0,1.0,0.032470703125,True,128.0,400.0,1,512,False,False,0.048037017857342997,0.02149539191905899
New_Zealand,VE_inf,tempered_smc_rank_and_particle_quality,inf,inf,0.0,0.0,512,8,1.0,512.0,512.0,1.0,1.0,0.001953125,0.001953125,512,512.0,1.0,0.001953125,1,1.0,1.0,1.0,0.0,0.0,2.0,1.0,1.0,0.032470703125,True,128.0,400.0,1,512,False,False,0.1047932101066909,0.0806108146363688
New_Zealand,VE_dur,tempered_smc_rank_and_particle_quality,inf,inf,0.0,0.0,512,8,1.0,512.0,512.0,1.0,1.0,0.001953125,0.001953125,512,512.0,1.0,0.001953125,1,1.0,1.0,1.0,0.0,0.0,2.0,1.0,1.0,0.032470703125,True,128.0,400.0,1,512,False,False,0.03377672492381208,0.04169194692061824
New_Zealand,relative_infectiousness_asymptomatic,tempered_smc_rank_and_particle_quality,inf,inf,0.0,0.0,512,8,1.0,512.0,512.0,1.0,1.0,0.001953125,0.001953125,512,512.0,1.0,0.001953125,1,1.0,1.0,1.0,0.0,0.0,2.0,1.0,1.0,0.032470703125,True,128.0,400.0,1,512,False,False,0.7164033008890855,0.03356396981821238
New_Zealand,infectious_duration_symptomatic,tempered_smc_rank_and_particle_quality,inf,inf,0.0,0.0,512,8,1.0,512.0,512.0,1.0,1.0,0.001953125,0.001953125,512,512.0,1.0,0.001953125,1,1.0,1.0,1.0,0.0,0.0,2.0,1.0,1.0,0.032470703125,True,128.0,400.0,1,512,False,False,23.974992102260686,1.985087531667173
New_Zealand,infectious_duration_asymptomatic,tempered_smc_rank_and_particle_quality,inf,inf,0.0,0.0,512,8,1.0,512.0,512.0,1.0,1.0,0.001953125,0.001953125,512,512.0,1.0,0.001953125,1,1.0,1.0,1.0,0.0,0.0,2.0,1.0,1.0,0.032470703125,True,128.0,400.0,1,512,False,False,24.76801832799341,2.6819571677881346
New_Zealand,fitness_R,tempered_smc_rank_and_particle_quality,inf,inf,0.0,0.0,512,8,1.0,512.0,512.0,1.0,1.0,0.001953125,0.001953125,512,512.0,1.0,0.001953125,1,1.0,1.0,1.0,0.0,0.0,2.0,1.0,1.0,0.032470703125,True,128.0,400.0,1,512,False,False,0.8787654185069858,0.07345762868703146
New_Zealand,beta_S,tempered_smc_rank_and_particle_quality,inf,inf,0.0,0.0,512,8,1.0,512.0,512.0,1.0,1.0,0.001953125,0.001953125,512,512.0,1.0,0.001953125,1,1.0,1.0,1.0,0.0,0.0,2.0,1.0,1.0,0.032470703125,True,128.0,400.0,1,512,False,False,0.022783024779281603,0.0022003485956674715
New_Zealand,reporting_multiplier,tempered_smc_rank_and_particle_quality,inf,inf,0.0,0.0,512,8,1.0,512.0,512.0,1.0,1.0,0.001953125,0.001953125,512,512.0,1.0,0.001953125,1,1.0,1.0,1.0,0.0,0.0,2.0,1.0,1.0,0.032470703125,True,128.0,400.0,1,512,False,False,0.8104259957665674,0.4705619999985815
New_Zealand,log_beta_process_2021,tempered_smc_rank_and_particle_quality,inf,inf,0.0,0.0,512,8,1.0,512.0,512.0,1.0,1.0,0.001953125,0.001953125,512,512.0,1.0,0.001953125,1,1.0,1.0,1.0,0.0,0.0,2.0,1.0,1.0,0.032470703125,True,128.0,400.0,1,512,False,False,0.371260619405074,0.05749396377850448
New_Zealand,log_beta_process_2022,tempered_smc_rank_and_particle_quality,inf,inf,0.0,0.0,512,8,1.0,512.0,512.0,1.0,1.0,0.001953125,0.001953125,512,512.0,1.0,0.001953125,1,1.0,1.0,1.0,0.0,0.0,2.0,1.0,1.0,0.032470703125,True,128.0,400.0,1,512,False,False,-0.04897581085099083,0.05031298152309703
New_Zealand,log_beta_process_2023,tempered_smc_rank_and_particle_quality,inf,inf,0.0,0.0,512,8,1.0,512.0,512.0,1.0,1.0,0.001953125,0.001953125,512,512.0,1.0,0.001953125,1,1.0,1.0,1.0,0.0,0.0,2.0,1.0,1.0,0.032470703125,True,128.0,400.0,1,512,False,False,-0.18804791705223972,0.022842373421751636
New_Zealand,log_beta_process_2024,tempered_smc_rank_and_particle_quality,inf,inf,0.0,0.0,512,8,1.0,512.0,512.0,1.0,1.0,0.001953125,0.001953125,512,512.0,1.0,0.001953125,1,1.0,1.0,1.0,0.0,0.0,2.0,1.0,1.0,0.032470703125,True,128.0,400.0,1,512,False,False,-0.29988154166355757,0.04108000458117883
New_Zealand,log_beta_process_2025,tempered_smc_rank_and_particle_quality,inf,inf,0.0,0.0,512,8,1.0,512.0,512.0,1.0,1.0,0.001953125,0.001953125,512,512.0,1.0,0.001953125,1,1.0,1.0,1.0,0.0,0.0,2.0,1.0,1.0,0.032470703125,True,128.0,400.0,1,512,False,False,-0.5259055581875913,0.026400379193482808
New_Zealand,log_beta_process_2026,tempered_smc_rank_and_particle_quality,inf,inf,0.0,0.0,512,8,1.0,512.0,512.0,1.0,1.0,0.001953125,0.001953125,512,512.0,1.0,0.001953125,1,1.0,1.0,1.0,0.0,0.0,2.0,1.0,1.0,0.032470703125,True,128.0,400.0,1,512,False,False,-0.6508058604325078,0.16232410651622398
New_Zealand,log_beta_process_2027,tempered_smc_rank_and_particle_quality,inf,inf,0.0,0.0,512,8,1.0,512.0,512.0,1.0,1.0,0.001953125,0.001953125,512,512.0,1.0,0.001953125,1,1.0,1.0,1.0,0.0,0.0,2.0,1.0,1.0,0.032470703125,True,128.0,400.0,1,512,False,False,-0.3270591722291887,0.593645554671149
New_Zealand,log_beta_process_2028,tempered_smc_rank_and_particle_quality,inf,inf,0.0,0.0,512,8,1.0,512.0,512.0,1.0,1.0,0.001953125,0.001953125,512,512.0,1.0,0.001953125,1,1.0,1.0,1.0,0.0,0.0,2.0,1.0,1.0,0.032470703125,True,128.0,400.0,1,512,False,False,-0.13405494803554321,0.6660999491691992
New_Zealand,log_beta_process_2029,tempered_smc_rank_and_particle_quality,inf,inf,0.0,0.0,512,8,1.0,512.0,512.0,1.0,1.0,0.001953125,0.001953125,512,512.0,1.0,0.001953125,1,1.0,1.0,1.0,0.0,0.0,2.0,1.0,1.0,0.032470703125,True,128.0,400.0,1,512,False,False,-0.12020714562142684,0.6842729688779919
New_Zealand,log_beta_process_2030,tempered_smc_rank_and_particle_quality,inf,inf,0.0,0.0,512,8,1.0,512.0,512.0,1.0,1.0,0.001953125,0.001953125,512,512.0,1.0,0.001953125,1,1.0,1.0,1.0,0.0,0.0,2.0,1.0,1.0,0.032470703125,True,128.0,400.0,1,512,False,False,-0.06486350464881294,0.6444179490025252
New_Zealand,log_beta_process_2031,tempered_smc_rank_and_particle_quality,inf,inf,0.0,0.0,512,8,1.0,512.0,512.0,1.0,1.0,0.001953125,0.001953125,512,512.0,1.0,0.001953125,1,1.0,1.0,1.0,0.0,0.0,2.0,1.0,1.0,0.032470703125,True,128.0,400.0,1,512,False,False,-0.014278068633009504,0.7182970562098169
New_Zealand,log_beta_process_2032,tempered_smc_rank_and_particle_quality,inf,inf,0.0,0.0,512,8,1.0,512.0,512.0,1.0,1.0,0.001953125,0.001953125,512,512.0,1.0,0.001953125,1,1.0,1.0,1.0,0.0,0.0,2.0,1.0,1.0,0.032470703125,True,128.0,400.0,1,512,False,False,-0.009576859786313074,0.6934469160568167
New_Zealand,log_beta_process_2033,tempered_smc_rank_and_particle_quality,inf,inf,0.0,0.0,512,8,1.0,512.0,512.0,1.0,1.0,0.001953125,0.001953125,512,512.0,1.0,0.001953125,1,1.0,1.0,1.0,0.0,0.0,2.0,1.0,1.0,0.032470703125,True,128.0,400.0,1,512,False,False,0.006814838999978187,0.6781730305457295
New_Zealand,log_beta_process_2034,tempered_smc_rank_and_particle_quality,inf,inf,0.0,0.0,512,8,1.0,512.0,512.0,1.0,1.0,0.001953125,0.001953125,512,512.0,1.0,0.001953125,1,1.0,1.0,1.0,0.0,0.0,2.0,1.0,1.0,0.032470703125,True,128.0,400.0,1,512,False,False,0.02020869696701154,0.6649515619866053
New_Zealand,log_beta_process_2035,tempered_smc_rank_and_particle_quality,inf,inf,0.0,0.0,512,8,1.0,512.0,512.0,1.0,1.0,0.001953125,0.001953125,512,512.0,1.0,0.001953125,1,1.0,1.0,1.0,0.0,0.0,2.0,1.0,1.0,0.032470703125,True,128.0,400.0,1,512,False,False,0.0052362961962383065,0.6697958708509884
New_Zealand,log_beta_process_2036,tempered_smc_rank_and_particle_quality,inf,inf,0.0,0.0,512,8,1.0,512.0,512.0,1.0,1.0,0.001953125,0.001953125,512,512.0,1.0,0.001953125,1,1.0,1.0,1.0,0.0,0.0,2.0,1.0,1.0,0.032470703125,True,128.0,400.0,1,512,False,False,-0.037775526687281284,0.688282377885284
New_Zealand,log_beta_process_2037,tempered_smc_rank_and_particle_quality,inf,inf,0.0,0.0,512,8,1.0,512.0,512.0,1.0,1.0,0.001953125,0.001953125,512,512.0,1.0,0.001953125,1,1.0,1.0,1.0,0.0,0.0,2.0,1.0,1.0,0.032470703125,True,128.0,400.0,1,512,False,False,-0.022422583322593212,0.7013520497594392
New_Zealand,log_beta_process_2038,tempered_smc_rank_and_particle_quality,inf,inf,0.0,0.0,512,8,1.0,512.0,512.0,1.0,1.0,0.001953125,0.001953125,512,512.0,1.0,0.001953125,1,1.0,1.0,1.0,0.0,0.0,2.0,1.0,1.0,0.032470703125,True,128.0,400.0,1,512,False,False,-0.021212932012635105,0.6759049933331178
New_Zealand,log_beta_process_2039,tempered_smc_rank_and_particle_quality,inf,inf,0.0,0.0,512,8,1.0,512.0,512.0,1.0,1.0,0.001953125,0.001953125,512,512.0,1.0,0.001953125,1,1.0,1.0,1.0,0.0,0.0,2.0,1.0,1.0,0.032470703125,True,128.0,400.0,1,512,False,False,-0.01764843090555718,0.7020316318971096
New_Zealand,log_beta_process_2040,tempered_smc_rank_and_particle_quality,inf,inf,0.0,0.0,512,8,1.0,512.0,512.0,1.0,1.0,0.001953125,0.001953125,512,512.0,1.0,0.001953125,1,1.0,1.0,1.0,0.0,0.0,2.0,1.0,1.0,0.032470703125,True,128.0,400.0,1,512,False,False,0.0042681327494760255,0.6682437815556685
New_Zealand,log_beta_process_2041,tempered_smc_rank_and_particle_quality,inf,inf,0.0,0.0,512,8,1.0,512.0,512.0,1.0,1.0,0.001953125,0.001953125,512,512.0,1.0,0.001953125,1,1.0,1.0,1.0,0.0,0.0,2.0,1.0,1.0,0.032470703125,True,128.0,400.0,1,512,False,False,0.006356110356422015,0.6925035903463805
New_Zealand,log_beta_process_2042,tempered_smc_rank_and_particle_quality,inf,inf,0.0,0.0,512,8,1.0,512.0,512.0,1.0,1.0,0.001953125,0.001953125,512,512.0,1.0,0.001953125,1,1.0,1.0,1.0,0.0,0.0,2.0,1.0,1.0,0.032470703125,True,128.0,400.0,1,512,False,False,0.00705505384018509,0.7202035023569622
New_Zealand,log_beta_process_2043,tempered_smc_rank_and_particle_quality,inf,inf,0.0,0.0,512,8,1.0,512.0,512.0,1.0,1.0,0.001953125,0.001953125,512,512.0,1.0,0.001953125,1,1.0,1.0,1.0,0.0,0.0,2.0,1.0,1.0,0.032470703125,True,128.0,400.0,1,512,False,False,-0.002324637125584273,0.7062062483909141
New_Zealand,log_beta_process_2044,tempered_smc_rank_and_particle_quality,inf,inf,0.0,0.0,512,8,1.0,512.0,512.0,1.0,1.0,0.001953125,0.001953125,512,512.0,1.0,0.001953125,1,1.0,1.0,1.0,0.0,0.0,2.0,1.0,1.0,0.032470703125,True,128.0,400.0,1,512,False,False,-0.00540520955883984,0.6608097758095356
New_Zealand,log_beta_process_2045,tempered_smc_rank_and_particle_quality,inf,inf,0.0,0.0,512,8,1.0,512.0,512.0,1.0,1.0,0.001953125,0.001953125,512,512.0,1.0,0.001953125,1,1.0,1.0,1.0,0.0,0.0,2.0,1.0,1.0,0.032470703125,True,128.0,400.0,1,512,False,False,0.010642215067976744,0.6963422982947619
New_Zealand,log_beta_process_2046,tempered_smc_rank_and_particle_quality,inf,inf,0.0,0.0,512,8,1.0,512.0,512.0,1.0,1.0,0.001953125,0.001953125,512,512.0,1.0,0.001953125,1,1.0,1.0,1.0,0.0,0.0,2.0,1.0,1.0,0.032470703125,True,128.0,400.0,1,512,False,False,0.048284046468486774,0.7158636158706362
New_Zealand,log_beta_process_2047,tempered_smc_rank_and_particle_quality,inf,inf,0.0,0.0,512,8,1.0,512.0,512.0,1.0,1.0,0.001953125,0.001953125,512,512.0,1.0,0.001953125,1,1.0,1.0,1.0,0.0,0.0,2.0,1.0,1.0,0.032470703125,True,128.0,400.0,1,512,False,False,0.07482660216711434,0.6879251011747026
New_Zealand,log_beta_process_2048,tempered_smc_rank_and_particle_quality,inf,inf,0.0,0.0,512,8,1.0,512.0,512.0,1.0,1.0,0.001953125,0.001953125,512,512.0,1.0,0.001953125,1,1.0,1.0,1.0,0.0,0.0,2.0,1.0,1.0,0.032470703125,True,128.0,400.0,1,512,False,False,0.01943539877840218,0.714489019297052
New_Zealand,log_beta_process_2049,tempered_smc_rank_and_particle_quality,inf,inf,0.0,0.0,512,8,1.0,512.0,512.0,1.0,1.0,0.001953125,0.001953125,512,512.0,1.0,0.001953125,1,1.0,1.0,1.0,0.0,0.0,2.0,1.0,1.0,0.032470703125,True,128.0,400.0,1,512,False,False,-0.006087286740285705,0.7387032250628879
New_Zealand,log_beta_process_2050,tempered_smc_rank_and_particle_quality,inf,inf,0.0,0.0,512,8,1.0,512.0,512.0,1.0,1.0,0.001953125,0.001953125,512,512.0,1.0,0.001953125,1,1.0,1.0,1.0,0.0,0.0,2.0,1.0,1.0,0.032470703125,True,128.0,400.0,1,512,False,False,-0.035594537045507746,0.6773288459113062
Sweden,VE_sus,tempered_smc_rank_and_particle_quality,inf,inf,0.0,0.0,512,8,1.0,512.0,512.0,1.0,1.0,0.001953125,0.001953125,512,512.0,1.0,0.001953125,1,1.0,1.0,1.0,0.0,0.0,2.0,1.0,1.0,0.032470703125,True,128.0,400.0,1,512,False,False,0.048037017857342997,0.02149539191905899
Sweden,VE_inf,tempered_smc_rank_and_particle_quality,inf,inf,0.0,0.0,512,8,1.0,512.0,512.0,1.0,1.0,0.001953125,0.001953125,512,512.0,1.0,0.001953125,1,1.0,1.0,1.0,0.0,0.0,2.0,1.0,1.0,0.032470703125,True,128.0,400.0,1,512,False,False,0.1047932101066909,0.0806108146363688
Sweden,VE_dur,tempered_smc_rank_and_particle_quality,inf,inf,0.0,0.0,512,8,1.0,512.0,512.0,1.0,1.0,0.001953125,0.001953125,512,512.0,1.0,0.001953125,1,1.0,1.0,1.0,0.0,0.0,2.0,1.0,1.0,0.032470703125,True,128.0,400.0,1,512,False,False,0.03377672492381208,0.04169194692061824
Sweden,relative_infectiousness_asymptomatic,tempered_smc_rank_and_particle_quality,inf,inf,0.0,0.0,512,8,1.0,512.0,512.0,1.0,1.0,0.001953125,0.001953125,512,512.0,1.0,0.001953125,1,1.0,1.0,1.0,0.0,0.0,2.0,1.0,1.0,0.032470703125,True,128.0,400.0,1,512,False,False,0.7164033008890855,0.03356396981821238
Sweden,infectious_duration_symptomatic,tempered_smc_rank_and_particle_quality,inf,inf,0.0,0.0,512,8,1.0,512.0,512.0,1.0,1.0,0.001953125,0.001953125,512,512.0,1.0,0.001953125,1,1.0,1.0,1.0,0.0,0.0,2.0,1.0,1.0,0.032470703125,True,128.0,400.0,1,512,False,False,23.974992102260686,1.985087531667173
Sweden,infectious_duration_asymptomatic,tempered_smc_rank_and_particle_quality,inf,inf,0.0,0.0,512,8,1.0,512.0,512.0,1.0,1.0,0.001953125,0.001953125,512,512.0,1.0,0.001953125,1,1.0,1.0,1.0,0.0,0.0,2.0,1.0,1.0,0.032470703125,True,128.0,400.0,1,512,False,False,24.76801832799341,2.6819571677881346
Sweden,fitness_R,tempered_smc_rank_and_particle_quality,inf,inf,0.0,0.0,512,8,1.0,512.0,512.0,1.0,1.0,0.001953125,0.001953125,512,512.0,1.0,0.001953125,1,1.0,1.0,1.0,0.0,0.0,2.0,1.0,1.0,0.032470703125,True,128.0,400.0,1,512,False,False,0.8787654185069858,0.07345762868703146
Sweden,beta_S,tempered_smc_rank_and_particle_quality,inf,inf,0.0,0.0,512,8,1.0,512.0,512.0,1.0,1.0,0.001953125,0.001953125,512,512.0,1.0,0.001953125,1,1.0,1.0,1.0,0.0,0.0,2.0,1.0,1.0,0.032470703125,True,128.0,400.0,1,512,False,False,0.013876928117973478,0.003629744272559338
Sweden,reporting_multiplier,tempered_smc_rank_and_particle_quality,inf,inf,0.0,0.0,512,8,1.0,512.0,512.0,1.0,1.0,0.001953125,0.001953125,512,512.0,1.0,0.001953125,1,1.0,1.0,1.0,0.0,0.0,2.0,1.0,1.0,0.032470703125,True,128.0,400.0,1,512,False,False,0.6936871541247107,0.44594168813305096
Sweden,log_beta_process_2021,tempered_smc_rank_and_particle_quality,inf,inf,0.0,0.0,512,8,1.0,512.0,512.0,1.0,1.0,0.001953125,0.001953125,512,512.0,1.0,0.001953125,1,1.0,1.0,1.0,0.0,0.0,2.0,1.0,1.0,0.032470703125,True,128.0,400.0,1,512,False,False,-1.3879903128229027,0.1855635815025024
Sweden,log_beta_process_2022,tempered_smc_rank_and_particle_quality,inf,inf,0.0,0.0,512,8,1.0,512.0,512.0,1.0,1.0,0.001953125,0.001953125,512,512.0,1.0,0.001953125,1,1.0,1.0,1.0,0.0,0.0,2.0,1.0,1.0,0.032470703125,True,128.0,400.0,1,512,False,False,0.045010752112680366,0.09615945054286952
Sweden,log_beta_process_2023,tempered_smc_rank_and_particle_quality,inf,inf,0.0,0.0,512,8,1.0,512.0,512.0,1.0,1.0,0.001953125,0.001953125,512,512.0,1.0,0.001953125,1,1.0,1.0,1.0,0.0,0.0,2.0,1.0,1.0,0.032470703125,True,128.0,400.0,1,512,False,False,-0.21072546144072335,0.11605173298591734
Sweden,log_beta_process_2024,tempered_smc_rank_and_particle_quality,inf,inf,0.0,0.0,512,8,1.0,512.0,512.0,1.0,1.0,0.001953125,0.001953125,512,512.0,1.0,0.001953125,1,1.0,1.0,1.0,0.0,0.0,2.0,1.0,1.0,0.032470703125,True,128.0,400.0,1,512,False,False,0.06874290500930197,0.05130728823522512
Sweden,log_beta_process_2025,tempered_smc_rank_and_particle_quality,inf,inf,0.0,0.0,512,8,1.0,512.0,512.0,1.0,1.0,0.001953125,0.001953125,512,512.0,1.0,0.001953125,1,1.0,1.0,1.0,0.0,0.0,2.0,1.0,1.0,0.032470703125,True,128.0,400.0,1,512,False,False,-1.26233968139156,0.447749316846889
Sweden,log_beta_process_2026,tempered_smc_rank_and_particle_quality,inf,inf,0.0,0.0,512,8,1.0,512.0,512.0,1.0,1.0,0.001953125,0.001953125,512,512.0,1.0,0.001953125,1,1.0,1.0,1.0,0.0,0.0,2.0,1.0,1.0,0.032470703125,True,128.0,400.0,1,512,False,False,0.4269710557165166,0.5436038579474453
Sweden,log_beta_process_2027,tempered_smc_rank_and_particle_quality,inf,inf,0.0,0.0,512,8,1.0,512.0,512.0,1.0,1.0,0.001953125,0.001953125,512,512.0,1.0,0.001953125,1,1.0,1.0,1.0,0.0,0.0,2.0,1.0,1.0,0.032470703125,True,128.0,400.0,1,512,False,False,0.20966903596814196,0.6328464507210054
Sweden,log_beta_process_2028,tempered_smc_rank_and_particle_quality,inf,inf,0.0,0.0,512,8,1.0,512.0,512.0,1.0,1.0,0.001953125,0.001953125,512,512.0,1.0,0.001953125,1,1.0,1.0,1.0,0.0,0.0,2.0,1.0,1.0,0.032470703125,True,128.0,400.0,1,512,False,False,0.11008225903562313,0.6623678719590917
Sweden,log_beta_process_2029,tempered_smc_rank_and_particle_quality,inf,inf,0.0,0.0,512,8,1.0,512.0,512.0,1.0,1.0,0.001953125,0.001953125,512,512.0,1.0,0.001953125,1,1.0,1.0,1.0,0.0,0.0,2.0,1.0,1.0,0.032470703125,True,128.0,400.0,1,512,False,False,0.09403561669047393,0.6772554401334078
Sweden,log_beta_process_2030,tempered_smc_rank_and_particle_quality,inf,inf,0.0,0.0,512,8,1.0,512.0,512.0,1.0,1.0,0.001953125,0.001953125,512,512.0,1.0,0.001953125,1,1.0,1.0,1.0,0.0,0.0,2.0,1.0,1.0,0.032470703125,True,128.0,400.0,1,512,False,False,0.04724593425576435,0.6988861022035551
Sweden,log_beta_process_2031,tempered_smc_rank_and_particle_quality,inf,inf,0.0,0.0,512,8,1.0,512.0,512.0,1.0,1.0,0.001953125,0.001953125,512,512.0,1.0,0.001953125,1,1.0,1.0,1.0,0.0,0.0,2.0,1.0,1.0,0.032470703125,True,128.0,400.0,1,512,False,False,0.034868248463993314,0.7085946999276358
Sweden,log_beta_process_2032,tempered_smc_rank_and_particle_quality,inf,inf,0.0,0.0,512,8,1.0,512.0,512.0,1.0,1.0,0.001953125,0.001953125,512,512.0,1.0,0.001953125,1,1.0,1.0,1.0,0.0,0.0,2.0,1.0,1.0,0.032470703125,True,128.0,400.0,1,512,False,False,0.02887331022011058,0.7065777648674725
Sweden,log_beta_process_2033,tempered_smc_rank_and_particle_quality,inf,inf,0.0,0.0,512,8,1.0,512.0,512.0,1.0,1.0,0.001953125,0.001953125,512,512.0,1.0,0.001953125,1,1.0,1.0,1.0,0.0,0.0,2.0,1.0,1.0,0.032470703125,True,128.0,400.0,1,512,False,False,0.040213360461158115,0.7018262241230895
Sweden,log_beta_process_2034,tempered_smc_rank_and_particle_quality,inf,inf,0.0,0.0,512,8,1.0,512.0,512.0,1.0,1.0,0.001953125,0.001953125,512,512.0,1.0,0.001953125,1,1.0,1.0,1.0,0.0,0.0,2.0,1.0,1.0,0.032470703125,True,128.0,400.0,1,512,False,False,0.0121085742519683,0.6850130859490945
Sweden,log_beta_process_2035,tempered_smc_rank_and_particle_quality,inf,inf,0.0,0.0,512,8,1.0,512.0,512.0,1.0,1.0,0.001953125,0.001953125,512,512.0,1.0,0.001953125,1,1.0,1.0,1.0,0.0,0.0,2.0,1.0,1.0,0.032470703125,True,128.0,400.0,1,512,False,False,-0.027413580024051615,0.68635639877804
Sweden,log_beta_process_2036,tempered_smc_rank_and_particle_quality,inf,inf,0.0,0.0,512,8,1.0,512.0,512.0,1.0,1.0,0.001953125,0.001953125,512,512.0,1.0,0.001953125,1,1.0,1.0,1.0,0.0,0.0,2.0,1.0,1.0,0.032470703125,True,128.0,400.0,1,512,False,False,0.005749273929192077,0.6631397037870724
Sweden,log_beta_process_2037,tempered_smc_rank_and_particle_quality,inf,inf,0.0,0.0,512,8,1.0,512.0,512.0,1.0,1.0,0.001953125,0.001953125,512,512.0,1.0,0.001953125,1,1.0,1.0,1.0,0.0,0.0,2.0,1.0,1.0,0.032470703125,True,128.0,400.0,1,512,False,False,0.05499416583654894,0.7187873320779373
Sweden,log_beta_process_2038,tempered_smc_rank_and_particle_quality,inf,inf,0.0,0.0,512,8,1.0,512.0,512.0,1.0,1.0,0.001953125,0.001953125,512,512.0,1.0,0.001953125,1,1.0,1.0,1.0,0.0,0.0,2.0,1.0,1.0,0.032470703125,True,128.0,400.0,1,512,False,False,0.03354792227602732,0.6754206380963811
Sweden,log_beta_process_2039,tempered_smc_rank_and_particle_quality,inf,inf,0.0,0.0,512,8,1.0,512.0,512.0,1.0,1.0,0.001953125,0.001953125,512,512.0,1.0,0.001953125,1,1.0,1.0,1.0,0.0,0.0,2.0,1.0,1.0,0.032470703125,True,128.0,400.0,1,512,False,False,0.0455864051461584,0.6680540230921206
Sweden,log_beta_process_2040,tempered_smc_rank_and_particle_quality,inf,inf,0.0,0.0,512,8,1.0,512.0,512.0,1.0,1.0,0.001953125,0.001953125,512,512.0,1.0,0.001953125,1,1.0,1.0,1.0,0.0,0.0,2.0,1.0,1.0,0.032470703125,True,128.0,400.0,1,512,False,False,0.025825730212621762,0.6775346736784411
Sweden,log_beta_process_2041,tempered_smc_rank_and_particle_quality,inf,inf,0.0,0.0,512,8,1.0,512.0,512.0,1.0,1.0,0.001953125,0.001953125,512,512.0,1.0,0.001953125,1,1.0,1.0,1.0,0.0,0.0,2.0,1.0,1.0,0.032470703125,True,128.0,400.0,1,512,False,False,0.0010229436722867854,0.6865938089529757
Sweden,log_beta_process_2042,tempered_smc_rank_and_particle_quality,inf,inf,0.0,0.0,512,8,1.0,512.0,512.0,1.0,1.0,0.001953125,0.001953125,512,512.0,1.0,0.001953125,1,1.0,1.0,1.0,0.0,0.0,2.0,1.0,1.0,0.032470703125,True,128.0,400.0,1,512,False,False,-0.015523895364058023,0.6698257553447894
Sweden,log_beta_process_2043,tempered_smc_rank_and_particle_quality,inf,inf,0.0,0.0,512,8,1.0,512.0,512.0,1.0,1.0,0.001953125,0.001953125,512,512.0,1.0,0.001953125,1,1.0,1.0,1.0,0.0,0.0,2.0,1.0,1.0,0.032470703125,True,128.0,400.0,1,512,False,False,-0.026433681476775592,0.662352957544837
Sweden,log_beta_process_2044,tempered_smc_rank_and_particle_quality,inf,inf,0.0,0.0,512,8,1.0,512.0,512.0,1.0,1.0,0.001953125,0.001953125,512,512.0,1.0,0.001953125,1,1.0,1.0,1.0,0.0,0.0,2.0,1.0,1.0,0.032470703125,True,128.0,400.0,1,512,False,False,-0.005827896003422473,0.6914523856392266
Sweden,log_beta_process_2045,tempered_smc_rank_and_particle_quality,inf,inf,0.0,0.0,512,8,1.0,512.0,512.0,1.0,1.0,0.001953125,0.001953125,512,512.0,1.0,0.001953125,1,1.0,1.0,1.0,0.0,0.0,2.0,1.0,1.0,0.032470703125,True,128.0,400.0,1,512,False,False,-0.020331635895483223,0.6774317754055497
Sweden,log_beta_process_2046,tempered_smc_rank_and_particle_quality,inf,inf,0.0,0.0,512,8,1.0,512.0,512.0,1.0,1.0,0.001953125,0.001953125,512,512.0,1.0,0.001953125,1,1.0,1.0,1.0,0.0,0.0,2.0,1.0,1.0,0.032470703125,True,128.0,400.0,1,512,False,False,-0.006880646227798522,0.6874529168661307
Sweden,log_beta_process_2047,tempered_smc_rank_and_particle_quality,inf,inf,0.0,0.0,512,8,1.0,512.0,512.0,1.0,1.0,0.001953125,0.001953125,512,512.0,1.0,0.001953125,1,1.0,1.0,1.0,0.0,0.0,2.0,1.0,1.0,0.032470703125,True,128.0,400.0,1,512,False,False,-0.022350403622955754,0.7270000097685196
Sweden,log_beta_process_2048,tempered_smc_rank_and_particle_quality,inf,inf,0.0,0.0,512,8,1.0,512.0,512.0,1.0,1.0,0.001953125,0.001953125,512,512.0,1.0,0.001953125,1,1.0,1.0,1.0,0.0,0.0,2.0,1.0,1.0,0.032470703125,True,128.0,400.0,1,512,False,False,-0.024874440855383338,0.7078903438273287
Sweden,log_beta_process_2049,tempered_smc_rank_and_particle_quality,inf,inf,0.0,0.0,512,8,1.0,512.0,512.0,1.0,1.0,0.001953125,0.001953125,512,512.0,1.0,0.001953125,1,1.0,1.0,1.0,0.0,0.0,2.0,1.0,1.0,0.032470703125,True,128.0,400.0,1,512,False,False,-0.017302051709140842,0.7076149104829266
Sweden,log_beta_process_2050,tempered_smc_rank_and_particle_quality,inf,inf,0.0,0.0,512,8,1.0,512.0,512.0,1.0,1.0,0.001953125,0.001953125,512,512.0,1.0,0.001953125,1,1.0,1.0,1.0,0.0,0.0,2.0,1.0,1.0,0.032470703125,True,128.0,400.0,1,512,False,False,-0.02147871958278797,0.6799209949650356
United_States,VE_sus,tempered_smc_rank_and_particle_quality,inf,inf,0.0,0.0,512,8,1.0,512.0,512.0,1.0,1.0,0.001953125,0.001953125,512,512.0,1.0,0.001953125,1,1.0,1.0,1.0,0.0,0.0,2.0,1.0,1.0,0.032470703125,True,128.0,400.0,1,512,False,False,0.048037017857342997,0.02149539191905899
United_States,VE_inf,tempered_smc_rank_and_particle_quality,inf,inf,0.0,0.0,512,8,1.0,512.0,512.0,1.0,1.0,0.001953125,0.001953125,512,512.0,1.0,0.001953125,1,1.0,1.0,1.0,0.0,0.0,2.0,1.0,1.0,0.032470703125,True,128.0,400.0,1,512,False,False,0.1047932101066909,0.0806108146363688
United_States,VE_dur,tempered_smc_rank_and_particle_quality,inf,inf,0.0,0.0,512,8,1.0,512.0,512.0,1.0,1.0,0.001953125,0.001953125,512,512.0,1.0,0.001953125,1,1.0,1.0,1.0,0.0,0.0,2.0,1.0,1.0,0.032470703125,True,128.0,400.0,1,512,False,False,0.03377672492381208,0.04169194692061824
United_States,relative_infectiousness_asymptomatic,tempered_smc_rank_and_particle_quality,inf,inf,0.0,0.0,512,8,1.0,512.0,512.0,1.0,1.0,0.001953125,0.001953125,512,512.0,1.0,0.001953125,1,1.0,1.0,1.0,0.0,0.0,2.0,1.0,1.0,0.032470703125,True,128.0,400.0,1,512,False,False,0.7164033008890855,0.03356396981821238
United_States,infectious_duration_symptomatic,tempered_smc_rank_and_particle_quality,inf,inf,0.0,0.0,512,8,1.0,512.0,512.0,1.0,1.0,0.001953125,0.001953125,512,512.0,1.0,0.001953125,1,1.0,1.0,1.0,0.0,0.0,2.0,1.0,1.0,0.032470703125,True,128.0,400.0,1,512,False,False,23.974992102260686,1.985087531667173
United_States,infectious_duration_asymptomatic,tempered_smc_rank_and_particle_quality,inf,inf,0.0,0.0,512,8,1.0,512.0,512.0,1.0,1.0,0.001953125,0.001953125,512,512.0,1.0,0.001953125,1,1.0,1.0,1.0,0.0,0.0,2.0,1.0,1.0,0.032470703125,True,128.0,400.0,1,512,False,False,24.76801832799341,2.6819571677881346
United_States,fitness_R,tempered_smc_rank_and_particle_quality,inf,inf,0.0,0.0,512,8,1.0,512.0,512.0,1.0,1.0,0.001953125,0.001953125,512,512.0,1.0,0.001953125,1,1.0,1.0,1.0,0.0,0.0,2.0,1.0,1.0,0.032470703125,True,128.0,400.0,1,512,False,False,0.8787654185069858,0.07345762868703146
United_States,beta_S,tempered_smc_rank_and_particle_quality,inf,inf,0.0,0.0,512,8,1.0,512.0,512.0,1.0,1.0,0.001953125,0.001953125,512,512.0,1.0,0.001953125,1,1.0,1.0,1.0,0.0,0.0,2.0,1.0,1.0,0.032470703125,True,128.0,400.0,1,512,False,False,0.006818902083176346,0.0017654839203269793
United_States,reporting_multiplier,tempered_smc_rank_and_particle_quality,inf,inf,0.0,0.0,512,8,1.0,512.0,512.0,1.0,1.0,0.001953125,0.001953125,512,512.0,1.0,0.001953125,1,1.0,1.0,1.0,0.0,0.0,2.0,1.0,1.0,0.032470703125,True,128.0,400.0,1,512,False,False,0.8751832032049334,0.14641967494567062
United_States,log_beta_process_2021,tempered_smc_rank_and_particle_quality,inf,inf,0.0,0.0,512,8,1.0,512.0,512.0,1.0,1.0,0.001953125,0.001953125,512,512.0,1.0,0.001953125,1,1.0,1.0,1.0,0.0,0.0,2.0,1.0,1.0,0.032470703125,True,128.0,400.0,1,512,False,False,-0.22918140772145698,0.11022755100724274
United_States,log_beta_process_2022,tempered_smc_rank_and_particle_quality,inf,inf,0.0,0.0,512,8,1.0,512.0,512.0,1.0,1.0,0.001953125,0.001953125,512,512.0,1.0,0.001953125,1,1.0,1.0,1.0,0.0,0.0,2.0,1.0,1.0,0.032470703125,True,128.0,400.0,1,512,False,False,-0.09980524462281679,0.0686619144071779
United_States,log_beta_process_2023,tempered_smc_rank_and_particle_quality,inf,inf,0.0,0.0,512,8,1.0,512.0,512.0,1.0,1.0,0.001953125,0.001953125,512,512.0,1.0,0.001953125,1,1.0,1.0,1.0,0.0,0.0,2.0,1.0,1.0,0.032470703125,True,128.0,400.0,1,512,False,False,-0.2034413506376134,0.02882313336037883
United_States,log_beta_process_2024,tempered_smc_rank_and_particle_quality,inf,inf,0.0,0.0,512,8,1.0,512.0,512.0,1.0,1.0,0.001953125,0.001953125,512,512.0,1.0,0.001953125,1,1.0,1.0,1.0,0.0,0.0,2.0,1.0,1.0,0.032470703125,True,128.0,400.0,1,512,False,False,0.0002425549908122715,0.05996026025336006
United_States,log_beta_process_2025,tempered_smc_rank_and_particle_quality,inf,inf,0.0,0.0,512,8,1.0,512.0,512.0,1.0,1.0,0.001953125,0.001953125,512,512.0,1.0,0.001953125,1,1.0,1.0,1.0,0.0,0.0,2.0,1.0,1.0,0.032470703125,True,128.0,400.0,1,512,False,False,-0.3351665919771758,0.04469695677506679
United_States,log_beta_process_2026,tempered_smc_rank_and_particle_quality,inf,inf,0.0,0.0,512,8,1.0,512.0,512.0,1.0,1.0,0.001953125,0.001953125,512,512.0,1.0,0.001953125,1,1.0,1.0,1.0,0.0,0.0,2.0,1.0,1.0,0.032470703125,True,128.0,400.0,1,512,False,False,-0.33301987059545535,0.050006706704457615
United_States,log_beta_process_2027,tempered_smc_rank_and_particle_quality,inf,inf,0.0,0.0,512,8,1.0,512.0,512.0,1.0,1.0,0.001953125,0.001953125,512,512.0,1.0,0.001953125,1,1.0,1.0,1.0,0.0,0.0,2.0,1.0,1.0,0.032470703125,True,128.0,400.0,1,512,False,False,-0.155424447038987,0.6175873068219215
United_States,log_beta_process_2028,tempered_smc_rank_and_particle_quality,inf,inf,0.0,0.0,512,8,1.0,512.0,512.0,1.0,1.0,0.001953125,0.001953125,512,512.0,1.0,0.001953125,1,1.0,1.0,1.0,0.0,0.0,2.0,1.0,1.0,0.032470703125,True,128.0,400.0,1,512,False,False,-0.07726772462870152,0.6885271583169528
United_States,log_beta_process_2029,tempered_smc_rank_and_particle_quality,inf,inf,0.0,0.0,512,8,1.0,512.0,512.0,1.0,1.0,0.001953125,0.001953125,512,512.0,1.0,0.001953125,1,1.0,1.0,1.0,0.0,0.0,2.0,1.0,1.0,0.032470703125,True,128.0,400.0,1,512,False,False,-0.038493095766461,0.691591486740807
United_States,log_beta_process_2030,tempered_smc_rank_and_particle_quality,inf,inf,0.0,0.0,512,8,1.0,512.0,512.0,1.0,1.0,0.001953125,0.001953125,512,512.0,1.0,0.001953125,1,1.0,1.0,1.0,0.0,0.0,2.0,1.0,1.0,0.032470703125,True,128.0,400.0,1,512,False,False,0.02173464733506948,0.6940227463132888
United_States,log_beta_process_2031,tempered_smc_rank_and_particle_quality,inf,inf,0.0,0.0,512,8,1.0,512.0,512.0,1.0,1.0,0.001953125,0.001953125,512,512.0,1.0,0.001953125,1,1.0,1.0,1.0,0.0,0.0,2.0,1.0,1.0,0.032470703125,True,128.0,400.0,1,512,False,False,0.05891089221513464,0.6943979892855746
United_States,log_beta_process_2032,tempered_smc_rank_and_particle_quality,inf,inf,0.0,0.0,512,8,1.0,512.0,512.0,1.0,1.0,0.001953125,0.001953125,512,512.0,1.0,0.001953125,1,1.0,1.0,1.0,0.0,0.0,2.0,1.0,1.0,0.032470703125,True,128.0,400.0,1,512,False,False,0.022746438967785144,0.6475168760831886
United_States,log_beta_process_2033,tempered_smc_rank_and_particle_quality,inf,inf,0.0,0.0,512,8,1.0,512.0,512.0,1.0,1.0,0.001953125,0.001953125,512,512.0,1.0,0.001953125,1,1.0,1.0,1.0,0.0,0.0,2.0,1.0,1.0,0.032470703125,True,128.0,400.0,1,512,False,False,0.04528506319365469,0.6764687429148072
United_States,log_beta_process_2034,tempered_smc_rank_and_particle_quality,inf,inf,0.0,0.0,512,8,1.0,512.0,512.0,1.0,1.0,0.001953125,0.001953125,512,512.0,1.0,0.001953125,1,1.0,1.0,1.0,0.0,0.0,2.0,1.0,1.0,0.032470703125,True,128.0,400.0,1,512,False,False,0.016273810958107555,0.6726221714345646
United_States,log_beta_process_2035,tempered_smc_rank_and_particle_quality,inf,inf,0.0,0.0,512,8,1.0,512.0,512.0,1.0,1.0,0.001953125,0.001953125,512,512.0,1.0,0.001953125,1,1.0,1.0,1.0,0.0,0.0,2.0,1.0,1.0,0.032470703125,True,128.0,400.0,1,512,False,False,0.045401920745332836,0.7391346582359982
United_States,log_beta_process_2036,tempered_smc_rank_and_particle_quality,inf,inf,0.0,0.0,512,8,1.0,512.0,512.0,1.0,1.0,0.001953125,0.001953125,512,512.0,1.0,0.001953125,1,1.0,1.0,1.0,0.0,0.0,2.0,1.0,1.0,0.032470703125,True,128.0,400.0,1,512,False,False,0.027444350422360694,0.7164690820953455
United_States,log_beta_process_2037,tempered_smc_rank_and_particle_quality,inf,inf,0.0,0.0,512,8,1.0,512.0,512.0,1.0,1.0,0.001953125,0.001953125,512,512.0,1.0,0.001953125,1,1.0,1.0,1.0,0.0,0.0,2.0,1.0,1.0,0.032470703125,True,128.0,400.0,1,512,False,False,-0.0041729782949992255,0.675178929367024
United_States,log_beta_process_2038,tempered_smc_rank_and_particle_quality,inf,inf,0.0,0.0,512,8,1.0,512.0,512.0,1.0,1.0,0.001953125,0.001953125,512,512.0,1.0,0.001953125,1,1.0,1.0,1.0,0.0,0.0,2.0,1.0,1.0,0.032470703125,True,128.0,400.0,1,512,False,False,-0.02011188876380589,0.6677048564300829
United_States,log_beta_process_2039,tempered_smc_rank_and_particle_quality,inf,inf,0.0,0.0,512,8,1.0,512.0,512.0,1.0,1.0,0.001953125,0.001953125,512,512.0,1.0,0.001953125,1,1.0,1.0,1.0,0.0,0.0,2.0,1.0,1.0,0.032470703125,True,128.0,400.0,1,512,False,False,0.010194894996728255,0.6936077100368588
United_States,log_beta_process_2040,tempered_smc_rank_and_particle_quality,inf,inf,0.0,0.0,512,8,1.0,512.0,512.0,1.0,1.0,0.001953125,0.001953125,512,512.0,1.0,0.001953125,1,1.0,1.0,1.0,0.0,0.0,2.0,1.0,1.0,0.032470703125,True,128.0,400.0,1,512,False,False,-0.0009662527101707615,0.7067261189797726
United_States,log_beta_process_2041,tempered_smc_rank_and_particle_quality,inf,inf,0.0,0.0,512,8,1.0,512.0,512.0,1.0,1.0,0.001953125,0.001953125,512,512.0,1.0,0.001953125,1,1.0,1.0,1.0,0.0,0.0,2.0,1.0,1.0,0.032470703125,True,128.0,400.0,1,512,False,False,0.03204354886686218,0.6992926535927851
United_States,log_beta_process_2042,tempered_smc_rank_and_particle_quality,inf,inf,0.0,0.0,512,8,1.0,512.0,512.0,1.0,1.0,0.001953125,0.001953125,512,512.0,1.0,0.001953125,1,1.0,1.0,1.0,0.0,0.0,2.0,1.0,1.0,0.032470703125,True,128.0,400.0,1,512,False,False,-0.01103370079614745,0.6967056016225718
United_States,log_beta_process_2043,tempered_smc_rank_and_particle_quality,inf,inf,0.0,0.0,512,8,1.0,512.0,512.0,1.0,1.0,0.001953125,0.001953125,512,512.0,1.0,0.001953125,1,1.0,1.0,1.0,0.0,0.0,2.0,1.0,1.0,0.032470703125,True,128.0,400.0,1,512,False,False,0.007564339981766389,0.6597377926362321
United_States,log_beta_process_2044,tempered_smc_rank_and_particle_quality,inf,inf,0.0,0.0,512,8,1.0,512.0,512.0,1.0,1.0,0.001953125,0.001953125,512,512.0,1.0,0.001953125,1,1.0,1.0,1.0,0.0,0.0,2.0,1.0,1.0,0.032470703125,True,128.0,400.0,1,512,False,False,0.01712575509671627,0.6508007956506039
United_States,log_beta_process_2045,tempered_smc_rank_and_particle_quality,inf,inf,0.0,0.0,512,8,1.0,512.0,512.0,1.0,1.0,0.001953125,0.001953125,512,512.0,1.0,0.001953125,1,1.0,1.0,1.0,0.0,0.0,2.0,1.0,1.0,0.032470703125,True,128.0,400.0,1,512,False,False,0.026959481038446656,0.6705250317375182
United_States,log_beta_process_2046,tempered_smc_rank_and_particle_quality,inf,inf,0.0,0.0,512,8,1.0,512.0,512.0,1.0,1.0,0.001953125,0.001953125,512,512.0,1.0,0.001953125,1,1.0,1.0,1.0,0.0,0.0,2.0,1.0,1.0,0.032470703125,True,128.0,400.0,1,512,False,False,0.03437354697645159,0.6639441669284536
United_States,log_beta_process_2047,tempered_smc_rank_and_particle_quality,inf,inf,0.0,0.0,512,8,1.0,512.0,512.0,1.0,1.0,0.001953125,0.001953125,512,512.0,1.0,0.001953125,1,1.0,1.0,1.0,0.0,0.0,2.0,1.0,1.0,0.032470703125,True,128.0,400.0,1,512,False,False,-0.004976212266977446,0.6672736848745762
United_States,log_beta_process_2048,tempered_smc_rank_and_particle_quality,inf,inf,0.0,0.0,512,8,1.0,512.0,512.0,1.0,1.0,0.001953125,0.001953125,512,512.0,1.0,0.001953125,1,1.0,1.0,1.0,0.0,0.0,2.0,1.0,1.0,0.032470703125,True,128.0,400.0,1,512,False,False,-0.049349136701360194,0.6775233319085786
United_States,log_beta_process_2049,tempered_smc_rank_and_particle_quality,inf,inf,0.0,0.0,512,8,1.0,512.0,512.0,1.0,1.0,0.001953125,0.001953125,512,512.0,1.0,0.001953125,1,1.0,1.0,1.0,0.0,0.0,2.0,1.0,1.0,0.032470703125,True,128.0,400.0,1,512,False,False,-0.04899025054874063,0.7316027712026677
United_States,log_beta_process_2050,tempered_smc_rank_and_particle_quality,inf,inf,0.0,0.0,512,8,1.0,512.0,512.0,1.0,1.0,0.001953125,0.001953125,512,512.0,1.0,0.001953125,1,1.0,1.0,1.0,0.0,0.0,2.0,1.0,1.0,0.032470703125,True,128.0,400.0,1,512,False,False,-0.008779926116434186,0.7234036131745208
Brazil,VE_sus,tempered_smc_rank_and_particle_quality,inf,inf,0.0,0.0,512,8,1.0,512.0,512.0,1.0,1.0,0.001953125,0.001953125,512,512.0,1.0,0.001953125,1,1.0,1.0,1.0,0.0,0.0,2.0,1.0,1.0,0.032470703125,True,128.0,400.0,1,512,False,False,0.048037017857342997,0.02149539191905899
Brazil,VE_inf,tempered_smc_rank_and_particle_quality,inf,inf,0.0,0.0,512,8,1.0,512.0,512.0,1.0,1.0,0.001953125,0.001953125,512,512.0,1.0,0.001953125,1,1.0,1.0,1.0,0.0,0.0,2.0,1.0,1.0,0.032470703125,True,128.0,400.0,1,512,False,False,0.1047932101066909,0.0806108146363688
Brazil,VE_dur,tempered_smc_rank_and_particle_quality,inf,inf,0.0,0.0,512,8,1.0,512.0,512.0,1.0,1.0,0.001953125,0.001953125,512,512.0,1.0,0.001953125,1,1.0,1.0,1.0,0.0,0.0,2.0,1.0,1.0,0.032470703125,True,128.0,400.0,1,512,False,False,0.03377672492381208,0.04169194692061824
Brazil,relative_infectiousness_asymptomatic,tempered_smc_rank_and_particle_quality,inf,inf,0.0,0.0,512,8,1.0,512.0,512.0,1.0,1.0,0.001953125,0.001953125,512,512.0,1.0,0.001953125,1,1.0,1.0,1.0,0.0,0.0,2.0,1.0,1.0,0.032470703125,True,128.0,400.0,1,512,False,False,0.7164033008890855,0.03356396981821238
Brazil,infectious_duration_symptomatic,tempered_smc_rank_and_particle_quality,inf,inf,0.0,0.0,512,8,1.0,512.0,512.0,1.0,1.0,0.001953125,0.001953125,512,512.0,1.0,0.001953125,1,1.0,1.0,1.0,0.0,0.0,2.0,1.0,1.0,0.032470703125,True,128.0,400.0,1,512,False,False,23.974992102260686,1.985087531667173
Brazil,infectious_duration_asymptomatic,tempered_smc_rank_and_particle_quality,inf,inf,0.0,0.0,512,8,1.0,512.0,512.0,1.0,1.0,0.001953125,0.001953125,512,512.0,1.0,0.001953125,1,1.0,1.0,1.0,0.0,0.0,2.0,1.0,1.0,0.032470703125,True,128.0,400.0,1,512,False,False,24.76801832799341,2.6819571677881346
Brazil,fitness_R,tempered_smc_rank_and_particle_quality,inf,inf,0.0,0.0,512,8,1.0,512.0,512.0,1.0,1.0,0.001953125,0.001953125,512,512.0,1.0,0.001953125,1,1.0,1.0,1.0,0.0,0.0,2.0,1.0,1.0,0.032470703125,True,128.0,400.0,1,512,False,False,0.8787654185069858,0.07345762868703146
Brazil,beta_S,tempered_smc_rank_and_particle_quality,inf,inf,0.0,0.0,512,8,1.0,512.0,512.0,1.0,1.0,0.001953125,0.001953125,512,512.0,1.0,0.001953125,1,1.0,1.0,1.0,0.0,0.0,2.0,1.0,1.0,0.032470703125,True,128.0,400.0,1,512,False,False,0.004447916316623777,0.00041256434078604644
Brazil,reporting_multiplier,tempered_smc_rank_and_particle_quality,inf,inf,0.0,0.0,512,8,1.0,512.0,512.0,1.0,1.0,0.001953125,0.001953125,512,512.0,1.0,0.001953125,1,1.0,1.0,1.0,0.0,0.0,2.0,1.0,1.0,0.032470703125,True,128.0,400.0,1,512,False,False,0.8646156966944729,0.09868140415154551
Brazil,log_beta_process_2021,tempered_smc_rank_and_particle_quality,inf,inf,0.0,0.0,512,8,1.0,512.0,512.0,1.0,1.0,0.001953125,0.001953125,512,512.0,1.0,0.001953125,1,1.0,1.0,1.0,0.0,0.0,2.0,1.0,1.0,0.032470703125,True,128.0,400.0,1,512,False,False,0.318895705170685,0.18285266471838543
Brazil,log_beta_process_2022,tempered_smc_rank_and_particle_quality,inf,inf,0.0,0.0,512,8,1.0,512.0,512.0,1.0,1.0,0.001953125,0.001953125,512,512.0,1.0,0.001953125,1,1.0,1.0,1.0,0.0,0.0,2.0,1.0,1.0,0.032470703125,True,128.0,400.0,1,512,False,False,-0.0493703409249253,0.1508205481923114
Brazil,log_beta_process_2023,tempered_smc_rank_and_particle_quality,inf,inf,0.0,0.0,512,8,1.0,512.0,512.0,1.0,1.0,0.001953125,0.001953125,512,512.0,1.0,0.001953125,1,1.0,1.0,1.0,0.0,0.0,2.0,1.0,1.0,0.032470703125,True,128.0,400.0,1,512,False,False,-0.032314283236610564,0.06776512603507852
Brazil,log_beta_process_2024,tempered_smc_rank_and_particle_quality,inf,inf,0.0,0.0,512,8,1.0,512.0,512.0,1.0,1.0,0.001953125,0.001953125,512,512.0,1.0,0.001953125,1,1.0,1.0,1.0,0.0,0.0,2.0,1.0,1.0,0.032470703125,True,128.0,400.0,1,512,False,False,0.40355517606348834,0.15462367398795346
Brazil,log_beta_process_2025,tempered_smc_rank_and_particle_quality,inf,inf,0.0,0.0,512,8,1.0,512.0,512.0,1.0,1.0,0.001953125,0.001953125,512,512.0,1.0,0.001953125,1,1.0,1.0,1.0,0.0,0.0,2.0,1.0,1.0,0.032470703125,True,128.0,400.0,1,512,False,False,-0.6104106941090968,0.18032363154204692
Brazil,log_beta_process_2026,tempered_smc_rank_and_particle_quality,inf,inf,0.0,0.0,512,8,1.0,512.0,512.0,1.0,1.0,0.001953125,0.001953125,512,512.0,1.0,0.001953125,1,1.0,1.0,1.0,0.0,0.0,2.0,1.0,1.0,0.032470703125,True,128.0,400.0,1,512,False,False,0.4110528521405775,0.0448701671760762
Brazil,log_beta_process_2027,tempered_smc_rank_and_particle_quality,inf,inf,0.0,0.0,512,8,1.0,512.0,512.0,1.0,1.0,0.001953125,0.001953125,512,512.0,1.0,0.001953125,1,1.0,1.0,1.0,0.0,0.0,2.0,1.0,1.0,0.032470703125,True,128.0,400.0,1,512,False,False,0.21460083529414642,0.604418600915388
Brazil,log_beta_process_2028,tempered_smc_rank_and_particle_quality,inf,inf,0.0,0.0,512,8,1.0,512.0,512.0,1.0,1.0,0.001953125,0.001953125,512,512.0,1.0,0.001953125,1,1.0,1.0,1.0,0.0,0.0,2.0,1.0,1.0,0.032470703125,True,128.0,400.0,1,512,False,False,0.07891007785935625,0.6828433104319568
Brazil,log_beta_process_2029,tempered_smc_rank_and_particle_quality,inf,inf,0.0,0.0,512,8,1.0,512.0,512.0,1.0,1.0,0.001953125,0.001953125,512,512.0,1.0,0.001953125,1,1.0,1.0,1.0,0.0,0.0,2.0,1.0,1.0,0.032470703125,True,128.0,400.0,1,512,False,False,0.05339751466780689,0.6702248757032675
Brazil,log_beta_process_2030,tempered_smc_rank_and_particle_quality,inf,inf,0.0,0.0,512,8,1.0,512.0,512.0,1.0,1.0,0.001953125,0.001953125,512,512.0,1.0,0.001953125,1,1.0,1.0,1.0,0.0,0.0,2.0,1.0,1.0,0.032470703125,True,128.0,400.0,1,512,False,False,0.04331131067464694,0.6222448549765128
Brazil,log_beta_process_2031,tempered_smc_rank_and_particle_quality,inf,inf,0.0,0.0,512,8,1.0,512.0,512.0,1.0,1.0,0.001953125,0.001953125,512,512.0,1.0,0.001953125,1,1.0,1.0,1.0,0.0,0.0,2.0,1.0,1.0,0.032470703125,True,128.0,400.0,1,512,False,False,0.05889074989713912,0.6669311949682012
Brazil,log_beta_process_2032,tempered_smc_rank_and_particle_quality,inf,inf,0.0,0.0,512,8,1.0,512.0,512.0,1.0,1.0,0.001953125,0.001953125,512,512.0,1.0,0.001953125,1,1.0,1.0,1.0,0.0,0.0,2.0,1.0,1.0,0.032470703125,True,128.0,400.0,1,512,False,False,0.05813791596333311,0.6760017398014215
Brazil,log_beta_process_2033,tempered_smc_rank_and_particle_quality,inf,inf,0.0,0.0,512,8,1.0,512.0,512.0,1.0,1.0,0.001953125,0.001953125,512,512.0,1.0,0.001953125,1,1.0,1.0,1.0,0.0,0.0,2.0,1.0,1.0,0.032470703125,True,128.0,400.0,1,512,False,False,0.00489610604220278,0.7003738407440603
Brazil,log_beta_process_2034,tempered_smc_rank_and_particle_quality,inf,inf,0.0,0.0,512,8,1.0,512.0,512.0,1.0,1.0,0.001953125,0.001953125,512,512.0,1.0,0.001953125,1,1.0,1.0,1.0,0.0,0.0,2.0,1.0,1.0,0.032470703125,True,128.0,400.0,1,512,False,False,0.03553579737529802,0.7078311295777744
Brazil,log_beta_process_2035,tempered_smc_rank_and_particle_quality,inf,inf,0.0,0.0,512,8,1.0,512.0,512.0,1.0,1.0,0.001953125,0.001953125,512,512.0,1.0,0.001953125,1,1.0,1.0,1.0,0.0,0.0,2.0,1.0,1.0,0.032470703125,True,128.0,400.0,1,512,False,False,0.021832841441515163,0.7272781610039377
Brazil,log_beta_process_2036,tempered_smc_rank_and_particle_quality,inf,inf,0.0,0.0,512,8,1.0,512.0,512.0,1.0,1.0,0.001953125,0.001953125,512,512.0,1.0,0.001953125,1,1.0,1.0,1.0,0.0,0.0,2.0,1.0,1.0,0.032470703125,True,128.0,400.0,1,512,False,False,0.037101990020358425,0.7274648431449573
Brazil,log_beta_process_2037,tempered_smc_rank_and_particle_quality,inf,inf,0.0,0.0,512,8,1.0,512.0,512.0,1.0,1.0,0.001953125,0.001953125,512,512.0,1.0,0.001953125,1,1.0,1.0,1.0,0.0,0.0,2.0,1.0,1.0,0.032470703125,True,128.0,400.0,1,512,False,False,0.006593573766590283,0.6757157854436867
Brazil,log_beta_process_2038,tempered_smc_rank_and_particle_quality,inf,inf,0.0,0.0,512,8,1.0,512.0,512.0,1.0,1.0,0.001953125,0.001953125,512,512.0,1.0,0.001953125,1,1.0,1.0,1.0,0.0,0.0,2.0,1.0,1.0,0.032470703125,True,128.0,400.0,1,512,False,False,0.021024070046714687,0.704831741383886
Brazil,log_beta_process_2039,tempered_smc_rank_and_particle_quality,inf,inf,0.0,0.0,512,8,1.0,512.0,512.0,1.0,1.0,0.001953125,0.001953125,512,512.0,1.0,0.001953125,1,1.0,1.0,1.0,0.0,0.0,2.0,1.0,1.0,0.032470703125,True,128.0,400.0,1,512,False,False,0.0008526074669585985,0.6592939916379588
Brazil,log_beta_process_2040,tempered_smc_rank_and_particle_quality,inf,inf,0.0,0.0,512,8,1.0,512.0,512.0,1.0,1.0,0.001953125,0.001953125,512,512.0,1.0,0.001953125,1,1.0,1.0,1.0,0.0,0.0,2.0,1.0,1.0,0.032470703125,True,128.0,400.0,1,512,False,False,0.006430458984512909,0.6693987095789075
Brazil,log_beta_process_2041,tempered_smc_rank_and_particle_quality,inf,inf,0.0,0.0,512,8,1.0,512.0,512.0,1.0,1.0,0.001953125,0.001953125,512,512.0,1.0,0.001953125,1,1.0,1.0,1.0,0.0,0.0,2.0,1.0,1.0,0.032470703125,True,128.0,400.0,1,512,False,False,-0.039925478315248564,0.6798297539916628
Brazil,log_beta_process_2042,tempered_smc_rank_and_particle_quality,inf,inf,0.0,0.0,512,8,1.0,512.0,512.0,1.0,1.0,0.001953125,0.001953125,512,512.0,1.0,0.001953125,1,1.0,1.0,1.0,0.0,0.0,2.0,1.0,1.0,0.032470703125,True,128.0,400.0,1,512,False,False,-0.029804468715007262,0.6660504884176013
Brazil,log_beta_process_2043,tempered_smc_rank_and_particle_quality,inf,inf,0.0,0.0,512,8,1.0,512.0,512.0,1.0,1.0,0.001953125,0.001953125,512,512.0,1.0,0.001953125,1,1.0,1.0,1.0,0.0,0.0,2.0,1.0,1.0,0.032470703125,True,128.0,400.0,1,512,False,False,-0.019979203714034294,0.7208625554976523
Brazil,log_beta_process_2044,tempered_smc_rank_and_particle_quality,inf,inf,0.0,0.0,512,8,1.0,512.0,512.0,1.0,1.0,0.001953125,0.001953125,512,512.0,1.0,0.001953125,1,1.0,1.0,1.0,0.0,0.0,2.0,1.0,1.0,0.032470703125,True,128.0,400.0,1,512,False,False,0.00401353619888448,0.7220390605315773
Brazil,log_beta_process_2045,tempered_smc_rank_and_particle_quality,inf,inf,0.0,0.0,512,8,1.0,512.0,512.0,1.0,1.0,0.001953125,0.001953125,512,512.0,1.0,0.001953125,1,1.0,1.0,1.0,0.0,0.0,2.0,1.0,1.0,0.032470703125,True,128.0,400.0,1,512,False,False,-0.0004148661959818417,0.6970227716584474
Brazil,log_beta_process_2046,tempered_smc_rank_and_particle_quality,inf,inf,0.0,0.0,512,8,1.0,512.0,512.0,1.0,1.0,0.001953125,0.001953125,512,512.0,1.0,0.001953125,1,1.0,1.0,1.0,0.0,0.0,2.0,1.0,1.0,0.032470703125,True,128.0,400.0,1,512,False,False,0.017302373664780955,0.6851281755385895
Brazil,log_beta_process_2047,tempered_smc_rank_and_particle_quality,inf,inf,0.0,0.0,512,8,1.0,512.0,512.0,1.0,1.0,0.001953125,0.001953125,512,512.0,1.0,0.001953125,1,1.0,1.0,1.0,0.0,0.0,2.0,1.0,1.0,0.032470703125,True,128.0,400.0,1,512,False,False,-0.03364892404019115,0.6801603523914617
Brazil,log_beta_process_2048,tempered_smc_rank_and_particle_quality,inf,inf,0.0,0.0,512,8,1.0,512.0,512.0,1.0,1.0,0.001953125,0.001953125,512,512.0,1.0,0.001953125,1,1.0,1.0,1.0,0.0,0.0,2.0,1.0,1.0,0.032470703125,True,128.0,400.0,1,512,False,False,0.03550135842097125,0.7224247483932394
Brazil,log_beta_process_2049,tempered_smc_rank_and_particle_quality,inf,inf,0.0,0.0,512,8,1.0,512.0,512.0,1.0,1.0,0.001953125,0.001953125,512,512.0,1.0,0.001953125,1,1.0,1.0,1.0,0.0,0.0,2.0,1.0,1.0,0.032470703125,True,128.0,400.0,1,512,False,False,0.012495476627889291,0.7007596803276342
Brazil,log_beta_process_2050,tempered_smc_rank_and_particle_quality,inf,inf,0.0,0.0,512,8,1.0,512.0,512.0,1.0,1.0,0.001953125,0.001953125,512,512.0,1.0,0.001953125,1,1.0,1.0,1.0,0.0,0.0,2.0,1.0,1.0,0.032470703125,True,128.0,400.0,1,512,False,False,0.007910820687378264,0.67714820706864
Thailand,VE_sus,tempered_smc_rank_and_particle_quality,inf,inf,0.0,0.0,512,8,1.0,512.0,512.0,1.0,1.0,0.001953125,0.001953125,512,512.0,1.0,0.001953125,1,1.0,1.0,1.0,0.0,0.0,2.0,1.0,1.0,0.032470703125,True,128.0,400.0,1,512,False,False,0.048037017857342997,0.02149539191905899
Thailand,VE_inf,tempered_smc_rank_and_particle_quality,inf,inf,0.0,0.0,512,8,1.0,512.0,512.0,1.0,1.0,0.001953125,0.001953125,512,512.0,1.0,0.001953125,1,1.0,1.0,1.0,0.0,0.0,2.0,1.0,1.0,0.032470703125,True,128.0,400.0,1,512,False,False,0.1047932101066909,0.0806108146363688
Thailand,VE_dur,tempered_smc_rank_and_particle_quality,inf,inf,0.0,0.0,512,8,1.0,512.0,512.0,1.0,1.0,0.001953125,0.001953125,512,512.0,1.0,0.001953125,1,1.0,1.0,1.0,0.0,0.0,2.0,1.0,1.0,0.032470703125,True,128.0,400.0,1,512,False,False,0.03377672492381208,0.04169194692061824
Thailand,relative_infectiousness_asymptomatic,tempered_smc_rank_and_particle_quality,inf,inf,0.0,0.0,512,8,1.0,512.0,512.0,1.0,1.0,0.001953125,0.001953125,512,512.0,1.0,0.001953125,1,1.0,1.0,1.0,0.0,0.0,2.0,1.0,1.0,0.032470703125,True,128.0,400.0,1,512,False,False,0.7164033008890855,0.03356396981821238
Thailand,infectious_duration_symptomatic,tempered_smc_rank_and_particle_quality,inf,inf,0.0,0.0,512,8,1.0,512.0,512.0,1.0,1.0,0.001953125,0.001953125,512,512.0,1.0,0.001953125,1,1.0,1.0,1.0,0.0,0.0,2.0,1.0,1.0,0.032470703125,True,128.0,400.0,1,512,False,False,23.974992102260686,1.985087531667173
Thailand,infectious_duration_asymptomatic,tempered_smc_rank_and_particle_quality,inf,inf,0.0,0.0,512,8,1.0,512.0,512.0,1.0,1.0,0.001953125,0.001953125,512,512.0,1.0,0.001953125,1,1.0,1.0,1.0,0.0,0.0,2.0,1.0,1.0,0.032470703125,True,128.0,400.0,1,512,False,False,24.76801832799341,2.6819571677881346
Thailand,fitness_R,tempered_smc_rank_and_particle_quality,inf,inf,0.0,0.0,512,8,1.0,512.0,512.0,1.0,1.0,0.001953125,0.001953125,512,512.0,1.0,0.001953125,1,1.0,1.0,1.0,0.0,0.0,2.0,1.0,1.0,0.032470703125,True,128.0,400.0,1,512,False,False,0.8787654185069858,0.07345762868703146
Thailand,beta_S,tempered_smc_rank_and_particle_quality,inf,inf,0.0,0.0,512,8,1.0,512.0,512.0,1.0,1.0,0.001953125,0.001953125,512,512.0,1.0,0.001953125,1,1.0,1.0,1.0,0.0,0.0,2.0,1.0,1.0,0.032470703125,True,128.0,400.0,1,512,False,False,0.004861000785160543,0.00011765909170475926
Thailand,reporting_multiplier,tempered_smc_rank_and_particle_quality,inf,inf,0.0,0.0,512,8,1.0,512.0,512.0,1.0,1.0,0.001953125,0.001953125,512,512.0,1.0,0.001953125,1,1.0,1.0,1.0,0.0,0.0,2.0,1.0,1.0,0.032470703125,True,128.0,400.0,1,512,False,False,1.0376185999467191,0.0765511797765846
Thailand,log_beta_process_2020,tempered_smc_rank_and_particle_quality,inf,inf,0.0,0.0,512,8,1.0,512.0,512.0,1.0,1.0,0.001953125,0.001953125,512,512.0,1.0,0.001953125,1,1.0,1.0,1.0,0.0,0.0,2.0,1.0,1.0,0.032470703125,True,128.0,400.0,1,512,False,False,-0.6007427521330144,0.1191462260500619
Thailand,log_beta_process_2021,tempered_smc_rank_and_particle_quality,inf,inf,0.0,0.0,512,8,1.0,512.0,512.0,1.0,1.0,0.001953125,0.001953125,512,512.0,1.0,0.001953125,1,1.0,1.0,1.0,0.0,0.0,2.0,1.0,1.0,0.032470703125,True,128.0,400.0,1,512,False,False,-0.21557577274791234,0.10882190109355806
Thailand,log_beta_process_2022,tempered_smc_rank_and_particle_quality,inf,inf,0.0,0.0,512,8,1.0,512.0,512.0,1.0,1.0,0.001953125,0.001953125,512,512.0,1.0,0.001953125,1,1.0,1.0,1.0,0.0,0.0,2.0,1.0,1.0,0.032470703125,True,128.0,400.0,1,512,False,False,0.05032474040157706,0.034282367841094494
Thailand,log_beta_process_2023,tempered_smc_rank_and_particle_quality,inf,inf,0.0,0.0,512,8,1.0,512.0,512.0,1.0,1.0,0.001953125,0.001953125,512,512.0,1.0,0.001953125,1,1.0,1.0,1.0,0.0,0.0,2.0,1.0,1.0,0.032470703125,True,128.0,400.0,1,512,False,False,0.18716716543900375,0.05988383172154844
Thailand,log_beta_process_2024,tempered_smc_rank_and_particle_quality,inf,inf,0.0,0.0,512,8,1.0,512.0,512.0,1.0,1.0,0.001953125,0.001953125,512,512.0,1.0,0.001953125,1,1.0,1.0,1.0,0.0,0.0,2.0,1.0,1.0,0.032470703125,True,128.0,400.0,1,512,False,False,-0.07558703231150288,0.07162222043420263
Thailand,log_beta_process_2025,tempered_smc_rank_and_particle_quality,inf,inf,0.0,0.0,512,8,1.0,512.0,512.0,1.0,1.0,0.001953125,0.001953125,512,512.0,1.0,0.001953125,1,1.0,1.0,1.0,0.0,0.0,2.0,1.0,1.0,0.032470703125,True,128.0,400.0,1,512,False,False,-0.30633177402662826,0.03733733147657098
Thailand,log_beta_process_2026,tempered_smc_rank_and_particle_quality,inf,inf,0.0,0.0,512,8,1.0,512.0,512.0,1.0,1.0,0.001953125,0.001953125,512,512.0,1.0,0.001953125,1,1.0,1.0,1.0,0.0,0.0,2.0,1.0,1.0,0.032470703125,True,128.0,400.0,1,512,False,False,-0.16910996926564195,0.616450211161351
Thailand,log_beta_process_2027,tempered_smc_rank_and_particle_quality,inf,inf,0.0,0.0,512,8,1.0,512.0,512.0,1.0,1.0,0.001953125,0.001953125,512,512.0,1.0,0.001953125,1,1.0,1.0,1.0,0.0,0.0,2.0,1.0,1.0,0.032470703125,True,128.0,400.0,1,512,False,False,-0.15760040468562786,0.6900006537029024
Thailand,log_beta_process_2028,tempered_smc_rank_and_particle_quality,inf,inf,0.0,0.0,512,8,1.0,512.0,512.0,1.0,1.0,0.001953125,0.001953125,512,512.0,1.0,0.001953125,1,1.0,1.0,1.0,0.0,0.0,2.0,1.0,1.0,0.032470703125,True,128.0,400.0,1,512,False,False,-0.07004843746627716,0.669745575414622
Thailand,log_beta_process_2029,tempered_smc_rank_and_particle_quality,inf,inf,0.0,0.0,512,8,1.0,512.0,512.0,1.0,1.0,0.001953125,0.001953125,512,512.0,1.0,0.001953125,1,1.0,1.0,1.0,0.0,0.0,2.0,1.0,1.0,0.032470703125,True,128.0,400.0,1,512,False,False,-0.05133989903981867,0.6882912382650086
Thailand,log_beta_process_2030,tempered_smc_rank_and_particle_quality,inf,inf,0.0,0.0,512,8,1.0,512.0,512.0,1.0,1.0,0.001953125,0.001953125,512,512.0,1.0,0.001953125,1,1.0,1.0,1.0,0.0,0.0,2.0,1.0,1.0,0.032470703125,True,128.0,400.0,1,512,False,False,-0.040038090954767735,0.6948139621743019
Thailand,log_beta_process_2031,tempered_smc_rank_and_particle_quality,inf,inf,0.0,0.0,512,8,1.0,512.0,512.0,1.0,1.0,0.001953125,0.001953125,512,512.0,1.0,0.001953125,1,1.0,1.0,1.0,0.0,0.0,2.0,1.0,1.0,0.032470703125,True,128.0,400.0,1,512,False,False,-0.0231044301657707,0.704234864157755
Thailand,log_beta_process_2032,tempered_smc_rank_and_particle_quality,inf,inf,0.0,0.0,512,8,1.0,512.0,512.0,1.0,1.0,0.001953125,0.001953125,512,512.0,1.0,0.001953125,1,1.0,1.0,1.0,0.0,0.0,2.0,1.0,1.0,0.032470703125,True,128.0,400.0,1,512,False,False,0.013613489062578608,0.7056858418941133
Thailand,log_beta_process_2033,tempered_smc_rank_and_particle_quality,inf,inf,0.0,0.0,512,8,1.0,512.0,512.0,1.0,1.0,0.001953125,0.001953125,512,512.0,1.0,0.001953125,1,1.0,1.0,1.0,0.0,0.0,2.0,1.0,1.0,0.032470703125,True,128.0,400.0,1,512,False,False,0.013319126554236544,0.6640472338309442
Thailand,log_beta_process_2034,tempered_smc_rank_and_particle_quality,inf,inf,0.0,0.0,512,8,1.0,512.0,512.0,1.0,1.0,0.001953125,0.001953125,512,512.0,1.0,0.001953125,1,1.0,1.0,1.0,0.0,0.0,2.0,1.0,1.0,0.032470703125,True,128.0,400.0,1,512,False,False,0.014063105008708048,0.7198662833689429
Thailand,log_beta_process_2035,tempered_smc_rank_and_particle_quality,inf,inf,0.0,0.0,512,8,1.0,512.0,512.0,1.0,1.0,0.001953125,0.001953125,512,512.0,1.0,0.001953125,1,1.0,1.0,1.0,0.0,0.0,2.0,1.0,1.0,0.032470703125,True,128.0,400.0,1,512,False,False,-0.0011266159008909843,0.7111703724132235
Thailand,log_beta_process_2036,tempered_smc_rank_and_particle_quality,inf,inf,0.0,0.0,512,8,1.0,512.0,512.0,1.0,1.0,0.001953125,0.001953125,512,512.0,1.0,0.001953125,1,1.0,1.0,1.0,0.0,0.0,2.0,1.0,1.0,0.032470703125,True,128.0,400.0,1,512,False,False,0.03125117132693606,0.7006353918192834
Thailand,log_beta_process_2037,tempered_smc_rank_and_particle_quality,inf,inf,0.0,0.0,512,8,1.0,512.0,512.0,1.0,1.0,0.001953125,0.001953125,512,512.0,1.0,0.001953125,1,1.0,1.0,1.0,0.0,0.0,2.0,1.0,1.0,0.032470703125,True,128.0,400.0,1,512,False,False,0.051348567537288003,0.7030125514941651
Thailand,log_beta_process_2038,tempered_smc_rank_and_particle_quality,inf,inf,0.0,0.0,512,8,1.0,512.0,512.0,1.0,1.0,0.001953125,0.001953125,512,512.0,1.0,0.001953125,1,1.0,1.0,1.0,0.0,0.0,2.0,1.0,1.0,0.032470703125,True,128.0,400.0,1,512,False,False,0.05470220907849392,0.6880537410143469
Thailand,log_beta_process_2039,tempered_smc_rank_and_particle_quality,inf,inf,0.0,0.0,512,8,1.0,512.0,512.0,1.0,1.0,0.001953125,0.001953125,512,512.0,1.0,0.001953125,1,1.0,1.0,1.0,0.0,0.0,2.0,1.0,1.0,0.032470703125,True,128.0,400.0,1,512,False,False,0.01191416003417412,0.6853329422036984
Thailand,log_beta_process_2040,tempered_smc_rank_and_particle_quality,inf,inf,0.0,0.0,512,8,1.0,512.0,512.0,1.0,1.0,0.001953125,0.001953125,512,512.0,1.0,0.001953125,1,1.0,1.0,1.0,0.0,0.0,2.0,1.0,1.0,0.032470703125,True,128.0,400.0,1,512,False,False,-0.012480588802833831,0.6787558136559334
Thailand,log_beta_process_2041,tempered_smc_rank_and_particle_quality,inf,inf,0.0,0.0,512,8,1.0,512.0,512.0,1.0,1.0,0.001953125,0.001953125,512,512.0,1.0,0.001953125,1,1.0,1.0,1.0,0.0,0.0,2.0,1.0,1.0,0.032470703125,True,128.0,400.0,1,512,False,False,-0.016334593027655286,0.6497048542236271
Thailand,log_beta_process_2042,tempered_smc_rank_and_particle_quality,inf,inf,0.0,0.0,512,8,1.0,512.0,512.0,1.0,1.0,0.001953125,0.001953125,512,512.0,1.0,0.001953125,1,1.0,1.0,1.0,0.0,0.0,2.0,1.0,1.0,0.032470703125,True,128.0,400.0,1,512,False,False,-0.01496990560288079,0.665926559560649
Thailand,log_beta_process_2043,tempered_smc_rank_and_particle_quality,inf,inf,0.0,0.0,512,8,1.0,512.0,512.0,1.0,1.0,0.001953125,0.001953125,512,512.0,1.0,0.001953125,1,1.0,1.0,1.0,0.0,0.0,2.0,1.0,1.0,0.032470703125,True,128.0,400.0,1,512,False,False,-0.017256364095857176,0.7027619869536003
Thailand,log_beta_process_2044,tempered_smc_rank_and_particle_quality,inf,inf,0.0,0.0,512,8,1.0,512.0,512.0,1.0,1.0,0.001953125,0.001953125,512,512.0,1.0,0.001953125,1,1.0,1.0,1.0,0.0,0.0,2.0,1.0,1.0,0.032470703125,True,128.0,400.0,1,512,False,False,-0.04807546419750431,0.6827409486437337
Thailand,log_beta_process_2045,tempered_smc_rank_and_particle_quality,inf,inf,0.0,0.0,512,8,1.0,512.0,512.0,1.0,1.0,0.001953125,0.001953125,512,512.0,1.0,0.001953125,1,1.0,1.0,1.0,0.0,0.0,2.0,1.0,1.0,0.032470703125,True,128.0,400.0,1,512,False,False,-0.05696959499517887,0.6613446487664463
Thailand,log_beta_process_2046,tempered_smc_rank_and_particle_quality,inf,inf,0.0,0.0,512,8,1.0,512.0,512.0,1.0,1.0,0.001953125,0.001953125,512,512.0,1.0,0.001953125,1,1.0,1.0,1.0,0.0,0.0,2.0,1.0,1.0,0.032470703125,True,128.0,400.0,1,512,False,False,0.009401040576462148,0.7269224157957875
Thailand,log_beta_process_2047,tempered_smc_rank_and_particle_quality,inf,inf,0.0,0.0,512,8,1.0,512.0,512.0,1.0,1.0,0.001953125,0.001953125,512,512.0,1.0,0.001953125,1,1.0,1.0,1.0,0.0,0.0,2.0,1.0,1.0,0.032470703125,True,128.0,400.0,1,512,False,False,0.03504810688037428,0.6909818296513768
Thailand,log_beta_process_2048,tempered_smc_rank_and_particle_quality,inf,inf,0.0,0.0,512,8,1.0,512.0,512.0,1.0,1.0,0.001953125,0.001953125,512,512.0,1.0,0.001953125,1,1.0,1.0,1.0,0.0,0.0,2.0,1.0,1.0,0.032470703125,True,128.0,400.0,1,512,False,False,0.045258431973484184,0.6609812915347335
Thailand,log_beta_process_2049,tempered_smc_rank_and_particle_quality,inf,inf,0.0,0.0,512,8,1.0,512.0,512.0,1.0,1.0,0.001953125,0.001953125,512,512.0,1.0,0.001953125,1,1.0,1.0,1.0,0.0,0.0,2.0,1.0,1.0,0.032470703125,True,128.0,400.0,1,512,False,False,-0.005616105828111531,0.6742989582618215
Thailand,log_beta_process_2050,tempered_smc_rank_and_particle_quality,inf,inf,0.0,0.0,512,8,1.0,512.0,512.0,1.0,1.0,0.001953125,0.001953125,512,512.0,1.0,0.001953125,1,1.0,1.0,1.0,0.0,0.0,2.0,1.0,1.0,0.032470703125,True,128.0,400.0,1,512,False,False,0.023356149254384652,0.6716386221897155
