country,parameter,diagnostic_method,rhat,rhat_rank,bulk_ess,tail_ess,smc_particle_count,smc_stage_count,smc_final_temperature,smc_min_ess,smc_final_ess,smc_min_ess_fraction,smc_final_ess_fraction,smc_max_weight,smc_final_max_weight,smc_combined_particle_count,smc_combined_particle_ess,smc_combined_particle_ess_fraction,smc_combined_max_weight,smc_island_count,smc_island_ess,smc_island_ess_fraction,smc_max_island_weight,smc_log_evidence_sd,smc_log_evidence_range,smc_recommended_island_ess_floor,smc_unique_ancestor_fraction,smc_unique_particle_fraction,smc_move_acceptance_fraction,smc_reached_final_temperature,smc_fatal_ess_floor,smc_recommended_ess_floor,n_chains,total_draws,converged,recommended_converged,mean,sd
Australia,VE_sus,tempered_smc_rank_and_particle_quality,inf,inf,0.0,0.0,512,8,1.0,512.0,512.0,1.0,1.0,0.001953125,0.001953125,512,512.0,1.0,0.001953125,1,1.0,1.0,1.0,0.0,0.0,2.0,1.0,1.0,0.017578125,True,128.0,400.0,1,512,False,False,0.06576635245831357,0.021064041955179077
Australia,VE_inf,tempered_smc_rank_and_particle_quality,inf,inf,0.0,0.0,512,8,1.0,512.0,512.0,1.0,1.0,0.001953125,0.001953125,512,512.0,1.0,0.001953125,1,1.0,1.0,1.0,0.0,0.0,2.0,1.0,1.0,0.017578125,True,128.0,400.0,1,512,False,False,0.214821216079977,0.04211237762120977
Australia,VE_dur,tempered_smc_rank_and_particle_quality,inf,inf,0.0,0.0,512,8,1.0,512.0,512.0,1.0,1.0,0.001953125,0.001953125,512,512.0,1.0,0.001953125,1,1.0,1.0,1.0,0.0,0.0,2.0,1.0,1.0,0.017578125,True,128.0,400.0,1,512,False,False,0.07178878522212473,0.02828512852828745
Australia,relative_infectiousness_asymptomatic,tempered_smc_rank_and_particle_quality,inf,inf,0.0,0.0,512,8,1.0,512.0,512.0,1.0,1.0,0.001953125,0.001953125,512,512.0,1.0,0.001953125,1,1.0,1.0,1.0,0.0,0.0,2.0,1.0,1.0,0.017578125,True,128.0,400.0,1,512,False,False,0.6753723866018241,0.028543787938727742
Australia,infectious_duration_symptomatic,tempered_smc_rank_and_particle_quality,inf,inf,0.0,0.0,512,8,1.0,512.0,512.0,1.0,1.0,0.001953125,0.001953125,512,512.0,1.0,0.001953125,1,1.0,1.0,1.0,0.0,0.0,2.0,1.0,1.0,0.017578125,True,128.0,400.0,1,512,False,False,27.237643220563626,2.215416296194178
Australia,infectious_duration_asymptomatic,tempered_smc_rank_and_particle_quality,inf,inf,0.0,0.0,512,8,1.0,512.0,512.0,1.0,1.0,0.001953125,0.001953125,512,512.0,1.0,0.001953125,1,1.0,1.0,1.0,0.0,0.0,2.0,1.0,1.0,0.017578125,True,128.0,400.0,1,512,False,False,18.798005208202845,1.2611581586579057
Australia,fitness_R,tempered_smc_rank_and_particle_quality,inf,inf,0.0,0.0,512,8,1.0,512.0,512.0,1.0,1.0,0.001953125,0.001953125,512,512.0,1.0,0.001953125,1,1.0,1.0,1.0,0.0,0.0,2.0,1.0,1.0,0.017578125,True,128.0,400.0,1,512,False,False,0.709413435083571,0.00999350774830845
Australia,beta_S,tempered_smc_rank_and_particle_quality,inf,inf,0.0,0.0,512,8,1.0,512.0,512.0,1.0,1.0,0.001953125,0.001953125,512,512.0,1.0,0.001953125,1,1.0,1.0,1.0,0.0,0.0,2.0,1.0,1.0,0.017578125,True,128.0,400.0,1,512,False,False,0.015613152982950034,0.0032460895921140173
Australia,reporting_multiplier,tempered_smc_rank_and_particle_quality,inf,inf,0.0,0.0,512,8,1.0,512.0,512.0,1.0,1.0,0.001953125,0.001953125,512,512.0,1.0,0.001953125,1,1.0,1.0,1.0,0.0,0.0,2.0,1.0,1.0,0.017578125,True,128.0,400.0,1,512,False,False,1.284104722743704,0.048533194452687466
Australia,log_beta_process_2021,tempered_smc_rank_and_particle_quality,inf,inf,0.0,0.0,512,8,1.0,512.0,512.0,1.0,1.0,0.001953125,0.001953125,512,512.0,1.0,0.001953125,1,1.0,1.0,1.0,0.0,0.0,2.0,1.0,1.0,0.017578125,True,128.0,400.0,1,512,False,False,0.3686689016955604,0.03203334070448328
Australia,log_beta_process_2022,tempered_smc_rank_and_particle_quality,inf,inf,0.0,0.0,512,8,1.0,512.0,512.0,1.0,1.0,0.001953125,0.001953125,512,512.0,1.0,0.001953125,1,1.0,1.0,1.0,0.0,0.0,2.0,1.0,1.0,0.017578125,True,128.0,400.0,1,512,False,False,-0.3869785283354284,0.01766234983647153
Australia,log_beta_process_2023,tempered_smc_rank_and_particle_quality,inf,inf,0.0,0.0,512,8,1.0,512.0,512.0,1.0,1.0,0.001953125,0.001953125,512,512.0,1.0,0.001953125,1,1.0,1.0,1.0,0.0,0.0,2.0,1.0,1.0,0.017578125,True,128.0,400.0,1,512,False,False,0.08785725566930591,0.0412712692399356
Australia,log_beta_process_2024,tempered_smc_rank_and_particle_quality,inf,inf,0.0,0.0,512,8,1.0,512.0,512.0,1.0,1.0,0.001953125,0.001953125,512,512.0,1.0,0.001953125,1,1.0,1.0,1.0,0.0,0.0,2.0,1.0,1.0,0.017578125,True,128.0,400.0,1,512,False,False,0.10951888044902283,0.02695590765904192
Australia,log_beta_process_2025,tempered_smc_rank_and_particle_quality,inf,inf,0.0,0.0,512,8,1.0,512.0,512.0,1.0,1.0,0.001953125,0.001953125,512,512.0,1.0,0.001953125,1,1.0,1.0,1.0,0.0,0.0,2.0,1.0,1.0,0.017578125,True,128.0,400.0,1,512,False,False,-0.24331471737001037,0.08011751112980482
Australia,log_beta_process_2026,tempered_smc_rank_and_particle_quality,inf,inf,0.0,0.0,512,8,1.0,512.0,512.0,1.0,1.0,0.001953125,0.001953125,512,512.0,1.0,0.001953125,1,1.0,1.0,1.0,0.0,0.0,2.0,1.0,1.0,0.017578125,True,128.0,400.0,1,512,False,False,0.37520262962325973,0.023881218304336135
Australia,log_beta_process_2027,tempered_smc_rank_and_particle_quality,inf,inf,0.0,0.0,512,8,1.0,512.0,512.0,1.0,1.0,0.001953125,0.001953125,512,512.0,1.0,0.001953125,1,1.0,1.0,1.0,0.0,0.0,2.0,1.0,1.0,0.017578125,True,128.0,400.0,1,512,False,False,0.18388486689198952,0.5903710599812998
Australia,log_beta_process_2028,tempered_smc_rank_and_particle_quality,inf,inf,0.0,0.0,512,8,1.0,512.0,512.0,1.0,1.0,0.001953125,0.001953125,512,512.0,1.0,0.001953125,1,1.0,1.0,1.0,0.0,0.0,2.0,1.0,1.0,0.017578125,True,128.0,400.0,1,512,False,False,0.15514457983797855,0.6578205924220207
Australia,log_beta_process_2029,tempered_smc_rank_and_particle_quality,inf,inf,0.0,0.0,512,8,1.0,512.0,512.0,1.0,1.0,0.001953125,0.001953125,512,512.0,1.0,0.001953125,1,1.0,1.0,1.0,0.0,0.0,2.0,1.0,1.0,0.017578125,True,128.0,400.0,1,512,False,False,0.10310593163491781,0.6944419622090892
Australia,log_beta_process_2030,tempered_smc_rank_and_particle_quality,inf,inf,0.0,0.0,512,8,1.0,512.0,512.0,1.0,1.0,0.001953125,0.001953125,512,512.0,1.0,0.001953125,1,1.0,1.0,1.0,0.0,0.0,2.0,1.0,1.0,0.017578125,True,128.0,400.0,1,512,False,False,0.06684932057013532,0.6838464701588602
Australia,log_beta_process_2031,tempered_smc_rank_and_particle_quality,inf,inf,0.0,0.0,512,8,1.0,512.0,512.0,1.0,1.0,0.001953125,0.001953125,512,512.0,1.0,0.001953125,1,1.0,1.0,1.0,0.0,0.0,2.0,1.0,1.0,0.017578125,True,128.0,400.0,1,512,False,False,0.0691810494636843,0.6856842713939957
Australia,log_beta_process_2032,tempered_smc_rank_and_particle_quality,inf,inf,0.0,0.0,512,8,1.0,512.0,512.0,1.0,1.0,0.001953125,0.001953125,512,512.0,1.0,0.001953125,1,1.0,1.0,1.0,0.0,0.0,2.0,1.0,1.0,0.017578125,True,128.0,400.0,1,512,False,False,0.0646934139331436,0.7098298880047903
Australia,log_beta_process_2033,tempered_smc_rank_and_particle_quality,inf,inf,0.0,0.0,512,8,1.0,512.0,512.0,1.0,1.0,0.001953125,0.001953125,512,512.0,1.0,0.001953125,1,1.0,1.0,1.0,0.0,0.0,2.0,1.0,1.0,0.017578125,True,128.0,400.0,1,512,False,False,0.05994085126790319,0.6826152907843803
Australia,log_beta_process_2034,tempered_smc_rank_and_particle_quality,inf,inf,0.0,0.0,512,8,1.0,512.0,512.0,1.0,1.0,0.001953125,0.001953125,512,512.0,1.0,0.001953125,1,1.0,1.0,1.0,0.0,0.0,2.0,1.0,1.0,0.017578125,True,128.0,400.0,1,512,False,False,0.0513770805914949,0.7089399826818255
Australia,log_beta_process_2035,tempered_smc_rank_and_particle_quality,inf,inf,0.0,0.0,512,8,1.0,512.0,512.0,1.0,1.0,0.001953125,0.001953125,512,512.0,1.0,0.001953125,1,1.0,1.0,1.0,0.0,0.0,2.0,1.0,1.0,0.017578125,True,128.0,400.0,1,512,False,False,0.0022937848294526837,0.7397340953898875
Australia,log_beta_process_2036,tempered_smc_rank_and_particle_quality,inf,inf,0.0,0.0,512,8,1.0,512.0,512.0,1.0,1.0,0.001953125,0.001953125,512,512.0,1.0,0.001953125,1,1.0,1.0,1.0,0.0,0.0,2.0,1.0,1.0,0.017578125,True,128.0,400.0,1,512,False,False,-0.036001075248094504,0.6886463331521868
Australia,log_beta_process_2037,tempered_smc_rank_and_particle_quality,inf,inf,0.0,0.0,512,8,1.0,512.0,512.0,1.0,1.0,0.001953125,0.001953125,512,512.0,1.0,0.001953125,1,1.0,1.0,1.0,0.0,0.0,2.0,1.0,1.0,0.017578125,True,128.0,400.0,1,512,False,False,-0.006658695809268242,0.6563523505415879
Australia,log_beta_process_2038,tempered_smc_rank_and_particle_quality,inf,inf,0.0,0.0,512,8,1.0,512.0,512.0,1.0,1.0,0.001953125,0.001953125,512,512.0,1.0,0.001953125,1,1.0,1.0,1.0,0.0,0.0,2.0,1.0,1.0,0.017578125,True,128.0,400.0,1,512,False,False,-0.034790922279696546,0.6605702546631883
Australia,log_beta_process_2039,tempered_smc_rank_and_particle_quality,inf,inf,0.0,0.0,512,8,1.0,512.0,512.0,1.0,1.0,0.001953125,0.001953125,512,512.0,1.0,0.001953125,1,1.0,1.0,1.0,0.0,0.0,2.0,1.0,1.0,0.017578125,True,128.0,400.0,1,512,False,False,0.01731620945532565,0.6824475330281932
Australia,log_beta_process_2040,tempered_smc_rank_and_particle_quality,inf,inf,0.0,0.0,512,8,1.0,512.0,512.0,1.0,1.0,0.001953125,0.001953125,512,512.0,1.0,0.001953125,1,1.0,1.0,1.0,0.0,0.0,2.0,1.0,1.0,0.017578125,True,128.0,400.0,1,512,False,False,-0.0057175248435978624,0.6808040926938829
Australia,log_beta_process_2041,tempered_smc_rank_and_particle_quality,inf,inf,0.0,0.0,512,8,1.0,512.0,512.0,1.0,1.0,0.001953125,0.001953125,512,512.0,1.0,0.001953125,1,1.0,1.0,1.0,0.0,0.0,2.0,1.0,1.0,0.017578125,True,128.0,400.0,1,512,False,False,0.04906552320341647,0.6748458740088185
Australia,log_beta_process_2042,tempered_smc_rank_and_particle_quality,inf,inf,0.0,0.0,512,8,1.0,512.0,512.0,1.0,1.0,0.001953125,0.001953125,512,512.0,1.0,0.001953125,1,1.0,1.0,1.0,0.0,0.0,2.0,1.0,1.0,0.017578125,True,128.0,400.0,1,512,False,False,0.013445052105443644,0.6916437367462991
Australia,log_beta_process_2043,tempered_smc_rank_and_particle_quality,inf,inf,0.0,0.0,512,8,1.0,512.0,512.0,1.0,1.0,0.001953125,0.001953125,512,512.0,1.0,0.001953125,1,1.0,1.0,1.0,0.0,0.0,2.0,1.0,1.0,0.017578125,True,128.0,400.0,1,512,False,False,0.04259003601101774,0.6461806642848144
Australia,log_beta_process_2044,tempered_smc_rank_and_particle_quality,inf,inf,0.0,0.0,512,8,1.0,512.0,512.0,1.0,1.0,0.001953125,0.001953125,512,512.0,1.0,0.001953125,1,1.0,1.0,1.0,0.0,0.0,2.0,1.0,1.0,0.017578125,True,128.0,400.0,1,512,False,False,0.008286532737428786,0.6263111522372811
Australia,log_beta_process_2045,tempered_smc_rank_and_particle_quality,inf,inf,0.0,0.0,512,8,1.0,512.0,512.0,1.0,1.0,0.001953125,0.001953125,512,512.0,1.0,0.001953125,1,1.0,1.0,1.0,0.0,0.0,2.0,1.0,1.0,0.017578125,True,128.0,400.0,1,512,False,False,0.03537162720931761,0.6974773669137518
Australia,log_beta_process_2046,tempered_smc_rank_and_particle_quality,inf,inf,0.0,0.0,512,8,1.0,512.0,512.0,1.0,1.0,0.001953125,0.001953125,512,512.0,1.0,0.001953125,1,1.0,1.0,1.0,0.0,0.0,2.0,1.0,1.0,0.017578125,True,128.0,400.0,1,512,False,False,0.009120872325997759,0.7031361755625375
Australia,log_beta_process_2047,tempered_smc_rank_and_particle_quality,inf,inf,0.0,0.0,512,8,1.0,512.0,512.0,1.0,1.0,0.001953125,0.001953125,512,512.0,1.0,0.001953125,1,1.0,1.0,1.0,0.0,0.0,2.0,1.0,1.0,0.017578125,True,128.0,400.0,1,512,False,False,0.05400709892502337,0.6813384302063726
Australia,log_beta_process_2048,tempered_smc_rank_and_particle_quality,inf,inf,0.0,0.0,512,8,1.0,512.0,512.0,1.0,1.0,0.001953125,0.001953125,512,512.0,1.0,0.001953125,1,1.0,1.0,1.0,0.0,0.0,2.0,1.0,1.0,0.017578125,True,128.0,400.0,1,512,False,False,0.033526346756014166,0.6791690275196415
Australia,log_beta_process_2049,tempered_smc_rank_and_particle_quality,inf,inf,0.0,0.0,512,8,1.0,512.0,512.0,1.0,1.0,0.001953125,0.001953125,512,512.0,1.0,0.001953125,1,1.0,1.0,1.0,0.0,0.0,2.0,1.0,1.0,0.017578125,True,128.0,400.0,1,512,False,False,0.07582132713862413,0.6770877855678383
Australia,log_beta_process_2050,tempered_smc_rank_and_particle_quality,inf,inf,0.0,0.0,512,8,1.0,512.0,512.0,1.0,1.0,0.001953125,0.001953125,512,512.0,1.0,0.001953125,1,1.0,1.0,1.0,0.0,0.0,2.0,1.0,1.0,0.017578125,True,128.0,400.0,1,512,False,False,0.012936775357549661,0.7006711683638768
China,VE_sus,tempered_smc_rank_and_particle_quality,inf,inf,0.0,0.0,512,8,1.0,512.0,512.0,1.0,1.0,0.001953125,0.001953125,512,512.0,1.0,0.001953125,1,1.0,1.0,1.0,0.0,0.0,2.0,1.0,1.0,0.017578125,True,128.0,400.0,1,512,False,False,0.06576635245831357,0.021064041955179077
China,VE_inf,tempered_smc_rank_and_particle_quality,inf,inf,0.0,0.0,512,8,1.0,512.0,512.0,1.0,1.0,0.001953125,0.001953125,512,512.0,1.0,0.001953125,1,1.0,1.0,1.0,0.0,0.0,2.0,1.0,1.0,0.017578125,True,128.0,400.0,1,512,False,False,0.214821216079977,0.04211237762120977
China,VE_dur,tempered_smc_rank_and_particle_quality,inf,inf,0.0,0.0,512,8,1.0,512.0,512.0,1.0,1.0,0.001953125,0.001953125,512,512.0,1.0,0.001953125,1,1.0,1.0,1.0,0.0,0.0,2.0,1.0,1.0,0.017578125,True,128.0,400.0,1,512,False,False,0.07178878522212473,0.02828512852828745
China,relative_infectiousness_asymptomatic,tempered_smc_rank_and_particle_quality,inf,inf,0.0,0.0,512,8,1.0,512.0,512.0,1.0,1.0,0.001953125,0.001953125,512,512.0,1.0,0.001953125,1,1.0,1.0,1.0,0.0,0.0,2.0,1.0,1.0,0.017578125,True,128.0,400.0,1,512,False,False,0.6753723866018241,0.028543787938727742
China,infectious_duration_symptomatic,tempered_smc_rank_and_particle_quality,inf,inf,0.0,0.0,512,8,1.0,512.0,512.0,1.0,1.0,0.001953125,0.001953125,512,512.0,1.0,0.001953125,1,1.0,1.0,1.0,0.0,0.0,2.0,1.0,1.0,0.017578125,True,128.0,400.0,1,512,False,False,27.237643220563626,2.215416296194178
China,infectious_duration_asymptomatic,tempered_smc_rank_and_particle_quality,inf,inf,0.0,0.0,512,8,1.0,512.0,512.0,1.0,1.0,0.001953125,0.001953125,512,512.0,1.0,0.001953125,1,1.0,1.0,1.0,0.0,0.0,2.0,1.0,1.0,0.017578125,True,128.0,400.0,1,512,False,False,18.798005208202845,1.2611581586579057
China,fitness_R,tempered_smc_rank_and_particle_quality,inf,inf,0.0,0.0,512,8,1.0,512.0,512.0,1.0,1.0,0.001953125,0.001953125,512,512.0,1.0,0.001953125,1,1.0,1.0,1.0,0.0,0.0,2.0,1.0,1.0,0.017578125,True,128.0,400.0,1,512,False,False,0.709413435083571,0.00999350774830845
China,beta_S,tempered_smc_rank_and_particle_quality,inf,inf,0.0,0.0,512,8,1.0,512.0,512.0,1.0,1.0,0.001953125,0.001953125,512,512.0,1.0,0.001953125,1,1.0,1.0,1.0,0.0,0.0,2.0,1.0,1.0,0.017578125,True,128.0,400.0,1,512,False,False,0.006058501855392081,0.00012119911665777604
China,reporting_multiplier,tempered_smc_rank_and_particle_quality,inf,inf,0.0,0.0,512,8,1.0,512.0,512.0,1.0,1.0,0.001953125,0.001953125,512,512.0,1.0,0.001953125,1,1.0,1.0,1.0,0.0,0.0,2.0,1.0,1.0,0.017578125,True,128.0,400.0,1,512,False,False,0.7643475094390124,0.039547215359346626
China,log_beta_process_2021,tempered_smc_rank_and_particle_quality,inf,inf,0.0,0.0,512,8,1.0,512.0,512.0,1.0,1.0,0.001953125,0.001953125,512,512.0,1.0,0.001953125,1,1.0,1.0,1.0,0.0,0.0,2.0,1.0,1.0,0.017578125,True,128.0,400.0,1,512,False,False,1.6320664316453608,0.012351062395815298
China,log_beta_process_2022,tempered_smc_rank_and_particle_quality,inf,inf,0.0,0.0,512,8,1.0,512.0,512.0,1.0,1.0,0.001953125,0.001953125,512,512.0,1.0,0.001953125,1,1.0,1.0,1.0,0.0,0.0,2.0,1.0,1.0,0.017578125,True,128.0,400.0,1,512,False,False,1.0367441932528938,0.01696112938266758
China,log_beta_process_2023,tempered_smc_rank_and_particle_quality,inf,inf,0.0,0.0,512,8,1.0,512.0,512.0,1.0,1.0,0.001953125,0.001953125,512,512.0,1.0,0.001953125,1,1.0,1.0,1.0,0.0,0.0,2.0,1.0,1.0,0.017578125,True,128.0,400.0,1,512,False,False,0.26440461574876817,0.014186011059487426
China,log_beta_process_2024,tempered_smc_rank_and_particle_quality,inf,inf,0.0,0.0,512,8,1.0,512.0,512.0,1.0,1.0,0.001953125,0.001953125,512,512.0,1.0,0.001953125,1,1.0,1.0,1.0,0.0,0.0,2.0,1.0,1.0,0.017578125,True,128.0,400.0,1,512,False,False,0.04018827217341257,0.014283082874045847
China,log_beta_process_2025,tempered_smc_rank_and_particle_quality,inf,inf,0.0,0.0,512,8,1.0,512.0,512.0,1.0,1.0,0.001953125,0.001953125,512,512.0,1.0,0.001953125,1,1.0,1.0,1.0,0.0,0.0,2.0,1.0,1.0,0.017578125,True,128.0,400.0,1,512,False,False,-0.3208165997872441,0.01210405884214975
China,log_beta_process_2026,tempered_smc_rank_and_particle_quality,inf,inf,0.0,0.0,512,8,1.0,512.0,512.0,1.0,1.0,0.001953125,0.001953125,512,512.0,1.0,0.001953125,1,1.0,1.0,1.0,0.0,0.0,2.0,1.0,1.0,0.017578125,True,128.0,400.0,1,512,False,False,-0.00835896082917148,0.018292305048819516
China,log_beta_process_2027,tempered_smc_rank_and_particle_quality,inf,inf,0.0,0.0,512,8,1.0,512.0,512.0,1.0,1.0,0.001953125,0.001953125,512,512.0,1.0,0.001953125,1,1.0,1.0,1.0,0.0,0.0,2.0,1.0,1.0,0.017578125,True,128.0,400.0,1,512,False,False,-0.033408635285382154,0.5810675877367029
China,log_beta_process_2028,tempered_smc_rank_and_particle_quality,inf,inf,0.0,0.0,512,8,1.0,512.0,512.0,1.0,1.0,0.001953125,0.001953125,512,512.0,1.0,0.001953125,1,1.0,1.0,1.0,0.0,0.0,2.0,1.0,1.0,0.017578125,True,128.0,400.0,1,512,False,False,-0.0078112524437009105,0.6711135533560613
China,log_beta_process_2029,tempered_smc_rank_and_particle_quality,inf,inf,0.0,0.0,512,8,1.0,512.0,512.0,1.0,1.0,0.001953125,0.001953125,512,512.0,1.0,0.001953125,1,1.0,1.0,1.0,0.0,0.0,2.0,1.0,1.0,0.017578125,True,128.0,400.0,1,512,False,False,0.037641114024028054,0.701034985498781
China,log_beta_process_2030,tempered_smc_rank_and_particle_quality,inf,inf,0.0,0.0,512,8,1.0,512.0,512.0,1.0,1.0,0.001953125,0.001953125,512,512.0,1.0,0.001953125,1,1.0,1.0,1.0,0.0,0.0,2.0,1.0,1.0,0.017578125,True,128.0,400.0,1,512,False,False,-0.03088960494646933,0.6599884762518915
China,log_beta_process_2031,tempered_smc_rank_and_particle_quality,inf,inf,0.0,0.0,512,8,1.0,512.0,512.0,1.0,1.0,0.001953125,0.001953125,512,512.0,1.0,0.001953125,1,1.0,1.0,1.0,0.0,0.0,2.0,1.0,1.0,0.017578125,True,128.0,400.0,1,512,False,False,0.024987681212600744,0.6765163099909804
China,log_beta_process_2032,tempered_smc_rank_and_particle_quality,inf,inf,0.0,0.0,512,8,1.0,512.0,512.0,1.0,1.0,0.001953125,0.001953125,512,512.0,1.0,0.001953125,1,1.0,1.0,1.0,0.0,0.0,2.0,1.0,1.0,0.017578125,True,128.0,400.0,1,512,False,False,0.011732040895565352,0.6895738771745923
China,log_beta_process_2033,tempered_smc_rank_and_particle_quality,inf,inf,0.0,0.0,512,8,1.0,512.0,512.0,1.0,1.0,0.001953125,0.001953125,512,512.0,1.0,0.001953125,1,1.0,1.0,1.0,0.0,0.0,2.0,1.0,1.0,0.017578125,True,128.0,400.0,1,512,False,False,0.05058537657763774,0.6702240858214555
China,log_beta_process_2034,tempered_smc_rank_and_particle_quality,inf,inf,0.0,0.0,512,8,1.0,512.0,512.0,1.0,1.0,0.001953125,0.001953125,512,512.0,1.0,0.001953125,1,1.0,1.0,1.0,0.0,0.0,2.0,1.0,1.0,0.017578125,True,128.0,400.0,1,512,False,False,0.020959980672040947,0.6832664329788465
China,log_beta_process_2035,tempered_smc_rank_and_particle_quality,inf,inf,0.0,0.0,512,8,1.0,512.0,512.0,1.0,1.0,0.001953125,0.001953125,512,512.0,1.0,0.001953125,1,1.0,1.0,1.0,0.0,0.0,2.0,1.0,1.0,0.017578125,True,128.0,400.0,1,512,False,False,0.012452598143033863,0.6543440702745794
China,log_beta_process_2036,tempered_smc_rank_and_particle_quality,inf,inf,0.0,0.0,512,8,1.0,512.0,512.0,1.0,1.0,0.001953125,0.001953125,512,512.0,1.0,0.001953125,1,1.0,1.0,1.0,0.0,0.0,2.0,1.0,1.0,0.017578125,True,128.0,400.0,1,512,False,False,0.014198580308896012,0.6795743919852232
China,log_beta_process_2037,tempered_smc_rank_and_particle_quality,inf,inf,0.0,0.0,512,8,1.0,512.0,512.0,1.0,1.0,0.001953125,0.001953125,512,512.0,1.0,0.001953125,1,1.0,1.0,1.0,0.0,0.0,2.0,1.0,1.0,0.017578125,True,128.0,400.0,1,512,False,False,0.022250336501720674,0.6596141674486548
China,log_beta_process_2038,tempered_smc_rank_and_particle_quality,inf,inf,0.0,0.0,512,8,1.0,512.0,512.0,1.0,1.0,0.001953125,0.001953125,512,512.0,1.0,0.001953125,1,1.0,1.0,1.0,0.0,0.0,2.0,1.0,1.0,0.017578125,True,128.0,400.0,1,512,False,False,0.03189275386188274,0.6778818186288013
China,log_beta_process_2039,tempered_smc_rank_and_particle_quality,inf,inf,0.0,0.0,512,8,1.0,512.0,512.0,1.0,1.0,0.001953125,0.001953125,512,512.0,1.0,0.001953125,1,1.0,1.0,1.0,0.0,0.0,2.0,1.0,1.0,0.017578125,True,128.0,400.0,1,512,False,False,0.033383194395667226,0.7232606398901343
China,log_beta_process_2040,tempered_smc_rank_and_particle_quality,inf,inf,0.0,0.0,512,8,1.0,512.0,512.0,1.0,1.0,0.001953125,0.001953125,512,512.0,1.0,0.001953125,1,1.0,1.0,1.0,0.0,0.0,2.0,1.0,1.0,0.017578125,True,128.0,400.0,1,512,False,False,-0.005544955628697347,0.7032876273278272
China,log_beta_process_2041,tempered_smc_rank_and_particle_quality,inf,inf,0.0,0.0,512,8,1.0,512.0,512.0,1.0,1.0,0.001953125,0.001953125,512,512.0,1.0,0.001953125,1,1.0,1.0,1.0,0.0,0.0,2.0,1.0,1.0,0.017578125,True,128.0,400.0,1,512,False,False,-0.022442295947869964,0.700982299036163
China,log_beta_process_2042,tempered_smc_rank_and_particle_quality,inf,inf,0.0,0.0,512,8,1.0,512.0,512.0,1.0,1.0,0.001953125,0.001953125,512,512.0,1.0,0.001953125,1,1.0,1.0,1.0,0.0,0.0,2.0,1.0,1.0,0.017578125,True,128.0,400.0,1,512,False,False,-0.005468589562024992,0.6963466881935788
China,log_beta_process_2043,tempered_smc_rank_and_particle_quality,inf,inf,0.0,0.0,512,8,1.0,512.0,512.0,1.0,1.0,0.001953125,0.001953125,512,512.0,1.0,0.001953125,1,1.0,1.0,1.0,0.0,0.0,2.0,1.0,1.0,0.017578125,True,128.0,400.0,1,512,False,False,-0.023537319659030175,0.6897331920872597
China,log_beta_process_2044,tempered_smc_rank_and_particle_quality,inf,inf,0.0,0.0,512,8,1.0,512.0,512.0,1.0,1.0,0.001953125,0.001953125,512,512.0,1.0,0.001953125,1,1.0,1.0,1.0,0.0,0.0,2.0,1.0,1.0,0.017578125,True,128.0,400.0,1,512,False,False,-0.015453251787537868,0.706239981416765
China,log_beta_process_2045,tempered_smc_rank_and_particle_quality,inf,inf,0.0,0.0,512,8,1.0,512.0,512.0,1.0,1.0,0.001953125,0.001953125,512,512.0,1.0,0.001953125,1,1.0,1.0,1.0,0.0,0.0,2.0,1.0,1.0,0.017578125,True,128.0,400.0,1,512,False,False,0.015491809874276669,0.6997477045358191
China,log_beta_process_2046,tempered_smc_rank_and_particle_quality,inf,inf,0.0,0.0,512,8,1.0,512.0,512.0,1.0,1.0,0.001953125,0.001953125,512,512.0,1.0,0.001953125,1,1.0,1.0,1.0,0.0,0.0,2.0,1.0,1.0,0.017578125,True,128.0,400.0,1,512,False,False,0.04562632553576362,0.6982817634653717
China,log_beta_process_2047,tempered_smc_rank_and_particle_quality,inf,inf,0.0,0.0,512,8,1.0,512.0,512.0,1.0,1.0,0.001953125,0.001953125,512,512.0,1.0,0.001953125,1,1.0,1.0,1.0,0.0,0.0,2.0,1.0,1.0,0.017578125,True,128.0,400.0,1,512,False,False,0.06932746921137922,0.7224035058140238
China,log_beta_process_2048,tempered_smc_rank_and_particle_quality,inf,inf,0.0,0.0,512,8,1.0,512.0,512.0,1.0,1.0,0.001953125,0.001953125,512,512.0,1.0,0.001953125,1,1.0,1.0,1.0,0.0,0.0,2.0,1.0,1.0,0.017578125,True,128.0,400.0,1,512,False,False,0.06246049591789202,0.7180041939538228
China,log_beta_process_2049,tempered_smc_rank_and_particle_quality,inf,inf,0.0,0.0,512,8,1.0,512.0,512.0,1.0,1.0,0.001953125,0.001953125,512,512.0,1.0,0.001953125,1,1.0,1.0,1.0,0.0,0.0,2.0,1.0,1.0,0.017578125,True,128.0,400.0,1,512,False,False,-0.022528788841382437,0.7294905055223261
China,log_beta_process_2050,tempered_smc_rank_and_particle_quality,inf,inf,0.0,0.0,512,8,1.0,512.0,512.0,1.0,1.0,0.001953125,0.001953125,512,512.0,1.0,0.001953125,1,1.0,1.0,1.0,0.0,0.0,2.0,1.0,1.0,0.017578125,True,128.0,400.0,1,512,False,False,-0.06652027022504867,0.6949000797416764
United_Kingdom,VE_sus,tempered_smc_rank_and_particle_quality,inf,inf,0.0,0.0,512,8,1.0,512.0,512.0,1.0,1.0,0.001953125,0.001953125,512,512.0,1.0,0.001953125,1,1.0,1.0,1.0,0.0,0.0,2.0,1.0,1.0,0.017578125,True,128.0,400.0,1,512,False,False,0.06576635245831357,0.021064041955179077
United_Kingdom,VE_inf,tempered_smc_rank_and_particle_quality,inf,inf,0.0,0.0,512,8,1.0,512.0,512.0,1.0,1.0,0.001953125,0.001953125,512,512.0,1.0,0.001953125,1,1.0,1.0,1.0,0.0,0.0,2.0,1.0,1.0,0.017578125,True,128.0,400.0,1,512,False,False,0.214821216079977,0.04211237762120977
United_Kingdom,VE_dur,tempered_smc_rank_and_particle_quality,inf,inf,0.0,0.0,512,8,1.0,512.0,512.0,1.0,1.0,0.001953125,0.001953125,512,512.0,1.0,0.001953125,1,1.0,1.0,1.0,0.0,0.0,2.0,1.0,1.0,0.017578125,True,128.0,400.0,1,512,False,False,0.07178878522212473,0.02828512852828745
United_Kingdom,relative_infectiousness_asymptomatic,tempered_smc_rank_and_particle_quality,inf,inf,0.0,0.0,512,8,1.0,512.0,512.0,1.0,1.0,0.001953125,0.001953125,512,512.0,1.0,0.001953125,1,1.0,1.0,1.0,0.0,0.0,2.0,1.0,1.0,0.017578125,True,128.0,400.0,1,512,False,False,0.6753723866018241,0.028543787938727742
United_Kingdom,infectious_duration_symptomatic,tempered_smc_rank_and_particle_quality,inf,inf,0.0,0.0,512,8,1.0,512.0,512.0,1.0,1.0,0.001953125,0.001953125,512,512.0,1.0,0.001953125,1,1.0,1.0,1.0,0.0,0.0,2.0,1.0,1.0,0.017578125,True,128.0,400.0,1,512,False,False,27.237643220563626,2.215416296194178
United_Kingdom,infectious_duration_asymptomatic,tempered_smc_rank_and_particle_quality,inf,inf,0.0,0.0,512,8,1.0,512.0,512.0,1.0,1.0,0.001953125,0.001953125,512,512.0,1.0,0.001953125,1,1.0,1.0,1.0,0.0,0.0,2.0,1.0,1.0,0.017578125,True,128.0,400.0,1,512,False,False,18.798005208202845,1.2611581586579057
United_Kingdom,fitness_R,tempered_smc_rank_and_particle_quality,inf,inf,0.0,0.0,512,8,1.0,512.0,512.0,1.0,1.0,0.001953125,0.001953125,512,512.0,1.0,0.001953125,1,1.0,1.0,1.0,0.0,0.0,2.0,1.0,1.0,0.017578125,True,128.0,400.0,1,512,False,False,0.709413435083571,0.00999350774830845
United_Kingdom,beta_S,tempered_smc_rank_and_particle_quality,inf,inf,0.0,0.0,512,8,1.0,512.0,512.0,1.0,1.0,0.001953125,0.001953125,512,512.0,1.0,0.001953125,1,1.0,1.0,1.0,0.0,0.0,2.0,1.0,1.0,0.017578125,True,128.0,400.0,1,512,False,False,0.015199331249025599,0.0006991360718676151
United_Kingdom,reporting_multiplier,tempered_smc_rank_and_particle_quality,inf,inf,0.0,0.0,512,8,1.0,512.0,512.0,1.0,1.0,0.001953125,0.001953125,512,512.0,1.0,0.001953125,1,1.0,1.0,1.0,0.0,0.0,2.0,1.0,1.0,0.017578125,True,128.0,400.0,1,512,False,False,0.45490994751732383,0.009301361233974363
United_Kingdom,log_beta_process_2019,tempered_smc_rank_and_particle_quality,inf,inf,0.0,0.0,512,8,1.0,512.0,512.0,1.0,1.0,0.001953125,0.001953125,512,512.0,1.0,0.001953125,1,1.0,1.0,1.0,0.0,0.0,2.0,1.0,1.0,0.017578125,True,128.0,400.0,1,512,False,False,-0.518497114567382,0.053162282846112206
United_Kingdom,log_beta_process_2020,tempered_smc_rank_and_particle_quality,inf,inf,0.0,0.0,512,8,1.0,512.0,512.0,1.0,1.0,0.001953125,0.001953125,512,512.0,1.0,0.001953125,1,1.0,1.0,1.0,0.0,0.0,2.0,1.0,1.0,0.017578125,True,128.0,400.0,1,512,False,False,0.44911118734158817,0.06986371164130978
United_Kingdom,log_beta_process_2021,tempered_smc_rank_and_particle_quality,inf,inf,0.0,0.0,512,8,1.0,512.0,512.0,1.0,1.0,0.001953125,0.001953125,512,512.0,1.0,0.001953125,1,1.0,1.0,1.0,0.0,0.0,2.0,1.0,1.0,0.017578125,True,128.0,400.0,1,512,False,False,0.13507149241542588,0.030896473152168733
United_Kingdom,log_beta_process_2022,tempered_smc_rank_and_particle_quality,inf,inf,0.0,0.0,512,8,1.0,512.0,512.0,1.0,1.0,0.001953125,0.001953125,512,512.0,1.0,0.001953125,1,1.0,1.0,1.0,0.0,0.0,2.0,1.0,1.0,0.017578125,True,128.0,400.0,1,512,False,False,-0.3848668591321707,0.017630041741717777
United_Kingdom,log_beta_process_2023,tempered_smc_rank_and_particle_quality,inf,inf,0.0,0.0,512,8,1.0,512.0,512.0,1.0,1.0,0.001953125,0.001953125,512,512.0,1.0,0.001953125,1,1.0,1.0,1.0,0.0,0.0,2.0,1.0,1.0,0.017578125,True,128.0,400.0,1,512,False,False,-0.01983647798847158,0.016584740593830496
United_Kingdom,log_beta_process_2024,tempered_smc_rank_and_particle_quality,inf,inf,0.0,0.0,512,8,1.0,512.0,512.0,1.0,1.0,0.001953125,0.001953125,512,512.0,1.0,0.001953125,1,1.0,1.0,1.0,0.0,0.0,2.0,1.0,1.0,0.017578125,True,128.0,400.0,1,512,False,False,-0.07045708449150724,0.022600427249644096
United_Kingdom,log_beta_process_2025,tempered_smc_rank_and_particle_quality,inf,inf,0.0,0.0,512,8,1.0,512.0,512.0,1.0,1.0,0.001953125,0.001953125,512,512.0,1.0,0.001953125,1,1.0,1.0,1.0,0.0,0.0,2.0,1.0,1.0,0.017578125,True,128.0,400.0,1,512,False,False,-0.7342680067628915,0.03170085955891136
United_Kingdom,log_beta_process_2026,tempered_smc_rank_and_particle_quality,inf,inf,0.0,0.0,512,8,1.0,512.0,512.0,1.0,1.0,0.001953125,0.001953125,512,512.0,1.0,0.001953125,1,1.0,1.0,1.0,0.0,0.0,2.0,1.0,1.0,0.017578125,True,128.0,400.0,1,512,False,False,-0.36341537080261094,0.5957252536368385
United_Kingdom,log_beta_process_2027,tempered_smc_rank_and_particle_quality,inf,inf,0.0,0.0,512,8,1.0,512.0,512.0,1.0,1.0,0.001953125,0.001953125,512,512.0,1.0,0.001953125,1,1.0,1.0,1.0,0.0,0.0,2.0,1.0,1.0,0.017578125,True,128.0,400.0,1,512,False,False,-0.16994044027900695,0.7159281982889388
United_Kingdom,log_beta_process_2028,tempered_smc_rank_and_particle_quality,inf,inf,0.0,0.0,512,8,1.0,512.0,512.0,1.0,1.0,0.001953125,0.001953125,512,512.0,1.0,0.001953125,1,1.0,1.0,1.0,0.0,0.0,2.0,1.0,1.0,0.017578125,True,128.0,400.0,1,512,False,False,-0.05469766669539453,0.6798401578774892
United_Kingdom,log_beta_process_2029,tempered_smc_rank_and_particle_quality,inf,inf,0.0,0.0,512,8,1.0,512.0,512.0,1.0,1.0,0.001953125,0.001953125,512,512.0,1.0,0.001953125,1,1.0,1.0,1.0,0.0,0.0,2.0,1.0,1.0,0.017578125,True,128.0,400.0,1,512,False,False,-0.01408797744248757,0.6815976220342838
United_Kingdom,log_beta_process_2030,tempered_smc_rank_and_particle_quality,inf,inf,0.0,0.0,512,8,1.0,512.0,512.0,1.0,1.0,0.001953125,0.001953125,512,512.0,1.0,0.001953125,1,1.0,1.0,1.0,0.0,0.0,2.0,1.0,1.0,0.017578125,True,128.0,400.0,1,512,False,False,-0.05402667853580296,0.680395943204269
United_Kingdom,log_beta_process_2031,tempered_smc_rank_and_particle_quality,inf,inf,0.0,0.0,512,8,1.0,512.0,512.0,1.0,1.0,0.001953125,0.001953125,512,512.0,1.0,0.001953125,1,1.0,1.0,1.0,0.0,0.0,2.0,1.0,1.0,0.017578125,True,128.0,400.0,1,512,False,False,-0.08996166075649985,0.6911609575249614
United_Kingdom,log_beta_process_2032,tempered_smc_rank_and_particle_quality,inf,inf,0.0,0.0,512,8,1.0,512.0,512.0,1.0,1.0,0.001953125,0.001953125,512,512.0,1.0,0.001953125,1,1.0,1.0,1.0,0.0,0.0,2.0,1.0,1.0,0.017578125,True,128.0,400.0,1,512,False,False,-0.03203325549541105,0.6888886556182109
United_Kingdom,log_beta_process_2033,tempered_smc_rank_and_particle_quality,inf,inf,0.0,0.0,512,8,1.0,512.0,512.0,1.0,1.0,0.001953125,0.001953125,512,512.0,1.0,0.001953125,1,1.0,1.0,1.0,0.0,0.0,2.0,1.0,1.0,0.017578125,True,128.0,400.0,1,512,False,False,0.02741068566219942,0.6932400677803953
United_Kingdom,log_beta_process_2034,tempered_smc_rank_and_particle_quality,inf,inf,0.0,0.0,512,8,1.0,512.0,512.0,1.0,1.0,0.001953125,0.001953125,512,512.0,1.0,0.001953125,1,1.0,1.0,1.0,0.0,0.0,2.0,1.0,1.0,0.017578125,True,128.0,400.0,1,512,False,False,0.0017633683943619341,0.711184857096478
United_Kingdom,log_beta_process_2035,tempered_smc_rank_and_particle_quality,inf,inf,0.0,0.0,512,8,1.0,512.0,512.0,1.0,1.0,0.001953125,0.001953125,512,512.0,1.0,0.001953125,1,1.0,1.0,1.0,0.0,0.0,2.0,1.0,1.0,0.017578125,True,128.0,400.0,1,512,False,False,0.004042184824006031,0.6526527610976081
United_Kingdom,log_beta_process_2036,tempered_smc_rank_and_particle_quality,inf,inf,0.0,0.0,512,8,1.0,512.0,512.0,1.0,1.0,0.001953125,0.001953125,512,512.0,1.0,0.001953125,1,1.0,1.0,1.0,0.0,0.0,2.0,1.0,1.0,0.017578125,True,128.0,400.0,1,512,False,False,-0.00734792523628983,0.6819600634787569
United_Kingdom,log_beta_process_2037,tempered_smc_rank_and_particle_quality,inf,inf,0.0,0.0,512,8,1.0,512.0,512.0,1.0,1.0,0.001953125,0.001953125,512,512.0,1.0,0.001953125,1,1.0,1.0,1.0,0.0,0.0,2.0,1.0,1.0,0.017578125,True,128.0,400.0,1,512,False,False,-0.01062210123502481,0.6717128800065472
United_Kingdom,log_beta_process_2038,tempered_smc_rank_and_particle_quality,inf,inf,0.0,0.0,512,8,1.0,512.0,512.0,1.0,1.0,0.001953125,0.001953125,512,512.0,1.0,0.001953125,1,1.0,1.0,1.0,0.0,0.0,2.0,1.0,1.0,0.017578125,True,128.0,400.0,1,512,False,False,-0.05124066545766332,0.6621639751922327
United_Kingdom,log_beta_process_2039,tempered_smc_rank_and_particle_quality,inf,inf,0.0,0.0,512,8,1.0,512.0,512.0,1.0,1.0,0.001953125,0.001953125,512,512.0,1.0,0.001953125,1,1.0,1.0,1.0,0.0,0.0,2.0,1.0,1.0,0.017578125,True,128.0,400.0,1,512,False,False,-0.014735542964249695,0.6904430791212199
United_Kingdom,log_beta_process_2040,tempered_smc_rank_and_particle_quality,inf,inf,0.0,0.0,512,8,1.0,512.0,512.0,1.0,1.0,0.001953125,0.001953125,512,512.0,1.0,0.001953125,1,1.0,1.0,1.0,0.0,0.0,2.0,1.0,1.0,0.017578125,True,128.0,400.0,1,512,False,False,-0.011520307886342944,0.7217613489408351
United_Kingdom,log_beta_process_2041,tempered_smc_rank_and_particle_quality,inf,inf,0.0,0.0,512,8,1.0,512.0,512.0,1.0,1.0,0.001953125,0.001953125,512,512.0,1.0,0.001953125,1,1.0,1.0,1.0,0.0,0.0,2.0,1.0,1.0,0.017578125,True,128.0,400.0,1,512,False,False,0.023752114800927395,0.6927846014903964
United_Kingdom,log_beta_process_2042,tempered_smc_rank_and_particle_quality,inf,inf,0.0,0.0,512,8,1.0,512.0,512.0,1.0,1.0,0.001953125,0.001953125,512,512.0,1.0,0.001953125,1,1.0,1.0,1.0,0.0,0.0,2.0,1.0,1.0,0.017578125,True,128.0,400.0,1,512,False,False,0.005899131281677459,0.7186209522728563
United_Kingdom,log_beta_process_2043,tempered_smc_rank_and_particle_quality,inf,inf,0.0,0.0,512,8,1.0,512.0,512.0,1.0,1.0,0.001953125,0.001953125,512,512.0,1.0,0.001953125,1,1.0,1.0,1.0,0.0,0.0,2.0,1.0,1.0,0.017578125,True,128.0,400.0,1,512,False,False,-0.024380814114314385,0.7135696096825517
United_Kingdom,log_beta_process_2044,tempered_smc_rank_and_particle_quality,inf,inf,0.0,0.0,512,8,1.0,512.0,512.0,1.0,1.0,0.001953125,0.001953125,512,512.0,1.0,0.001953125,1,1.0,1.0,1.0,0.0,0.0,2.0,1.0,1.0,0.017578125,True,128.0,400.0,1,512,False,False,0.02569558327469649,0.7122328422455144
United_Kingdom,log_beta_process_2045,tempered_smc_rank_and_particle_quality,inf,inf,0.0,0.0,512,8,1.0,512.0,512.0,1.0,1.0,0.001953125,0.001953125,512,512.0,1.0,0.001953125,1,1.0,1.0,1.0,0.0,0.0,2.0,1.0,1.0,0.017578125,True,128.0,400.0,1,512,False,False,0.037477500417713416,0.6807861102782357
United_Kingdom,log_beta_process_2046,tempered_smc_rank_and_particle_quality,inf,inf,0.0,0.0,512,8,1.0,512.0,512.0,1.0,1.0,0.001953125,0.001953125,512,512.0,1.0,0.001953125,1,1.0,1.0,1.0,0.0,0.0,2.0,1.0,1.0,0.017578125,True,128.0,400.0,1,512,False,False,0.017410245568085122,0.6784264022735805
United_Kingdom,log_beta_process_2047,tempered_smc_rank_and_particle_quality,inf,inf,0.0,0.0,512,8,1.0,512.0,512.0,1.0,1.0,0.001953125,0.001953125,512,512.0,1.0,0.001953125,1,1.0,1.0,1.0,0.0,0.0,2.0,1.0,1.0,0.017578125,True,128.0,400.0,1,512,False,False,-0.0041206011506677315,0.7004619561044059
United_Kingdom,log_beta_process_2048,tempered_smc_rank_and_particle_quality,inf,inf,0.0,0.0,512,8,1.0,512.0,512.0,1.0,1.0,0.001953125,0.001953125,512,512.0,1.0,0.001953125,1,1.0,1.0,1.0,0.0,0.0,2.0,1.0,1.0,0.017578125,True,128.0,400.0,1,512,False,False,-0.04538097417699326,0.6812478846241792
United_Kingdom,log_beta_process_2049,tempered_smc_rank_and_particle_quality,inf,inf,0.0,0.0,512,8,1.0,512.0,512.0,1.0,1.0,0.001953125,0.001953125,512,512.0,1.0,0.001953125,1,1.0,1.0,1.0,0.0,0.0,2.0,1.0,1.0,0.017578125,True,128.0,400.0,1,512,False,False,-0.027240099662316254,0.6796165365514019
United_Kingdom,log_beta_process_2050,tempered_smc_rank_and_particle_quality,inf,inf,0.0,0.0,512,8,1.0,512.0,512.0,1.0,1.0,0.001953125,0.001953125,512,512.0,1.0,0.001953125,1,1.0,1.0,1.0,0.0,0.0,2.0,1.0,1.0,0.017578125,True,128.0,400.0,1,512,False,False,-0.005308417219487563,0.6935427031500763
Japan,VE_sus,tempered_smc_rank_and_particle_quality,inf,inf,0.0,0.0,512,8,1.0,512.0,512.0,1.0,1.0,0.001953125,0.001953125,512,512.0,1.0,0.001953125,1,1.0,1.0,1.0,0.0,0.0,2.0,1.0,1.0,0.017578125,True,128.0,400.0,1,512,False,False,0.06576635245831357,0.021064041955179077
Japan,VE_inf,tempered_smc_rank_and_particle_quality,inf,inf,0.0,0.0,512,8,1.0,512.0,512.0,1.0,1.0,0.001953125,0.001953125,512,512.0,1.0,0.001953125,1,1.0,1.0,1.0,0.0,0.0,2.0,1.0,1.0,0.017578125,True,128.0,400.0,1,512,False,False,0.214821216079977,0.04211237762120977
Japan,VE_dur,tempered_smc_rank_and_particle_quality,inf,inf,0.0,0.0,512,8,1.0,512.0,512.0,1.0,1.0,0.001953125,0.001953125,512,512.0,1.0,0.001953125,1,1.0,1.0,1.0,0.0,0.0,2.0,1.0,1.0,0.017578125,True,128.0,400.0,1,512,False,False,0.07178878522212473,0.02828512852828745
Japan,relative_infectiousness_asymptomatic,tempered_smc_rank_and_particle_quality,inf,inf,0.0,0.0,512,8,1.0,512.0,512.0,1.0,1.0,0.001953125,0.001953125,512,512.0,1.0,0.001953125,1,1.0,1.0,1.0,0.0,0.0,2.0,1.0,1.0,0.017578125,True,128.0,400.0,1,512,False,False,0.6753723866018241,0.028543787938727742
Japan,infectious_duration_symptomatic,tempered_smc_rank_and_particle_quality,inf,inf,0.0,0.0,512,8,1.0,512.0,512.0,1.0,1.0,0.001953125,0.001953125,512,512.0,1.0,0.001953125,1,1.0,1.0,1.0,0.0,0.0,2.0,1.0,1.0,0.017578125,True,128.0,400.0,1,512,False,False,27.237643220563626,2.215416296194178
Japan,infectious_duration_asymptomatic,tempered_smc_rank_and_particle_quality,inf,inf,0.0,0.0,512,8,1.0,512.0,512.0,1.0,1.0,0.001953125,0.001953125,512,512.0,1.0,0.001953125,1,1.0,1.0,1.0,0.0,0.0,2.0,1.0,1.0,0.017578125,True,128.0,400.0,1,512,False,False,18.798005208202845,1.2611581586579057
Japan,fitness_R,tempered_smc_rank_and_particle_quality,inf,inf,0.0,0.0,512,8,1.0,512.0,512.0,1.0,1.0,0.001953125,0.001953125,512,512.0,1.0,0.001953125,1,1.0,1.0,1.0,0.0,0.0,2.0,1.0,1.0,0.017578125,True,128.0,400.0,1,512,False,False,0.709413435083571,0.00999350774830845
Japan,beta_S,tempered_smc_rank_and_particle_quality,inf,inf,0.0,0.0,512,8,1.0,512.0,512.0,1.0,1.0,0.001953125,0.001953125,512,512.0,1.0,0.001953125,1,1.0,1.0,1.0,0.0,0.0,2.0,1.0,1.0,0.017578125,True,128.0,400.0,1,512,False,False,0.019292422200804484,0.0008289697320604687
Japan,reporting_multiplier,tempered_smc_rank_and_particle_quality,inf,inf,0.0,0.0,512,8,1.0,512.0,512.0,1.0,1.0,0.001953125,0.001953125,512,512.0,1.0,0.001953125,1,1.0,1.0,1.0,0.0,0.0,2.0,1.0,1.0,0.017578125,True,128.0,400.0,1,512,False,False,0.3420306606674671,0.03895808193859036
Japan,log_beta_process_2021,tempered_smc_rank_and_particle_quality,inf,inf,0.0,0.0,512,8,1.0,512.0,512.0,1.0,1.0,0.001953125,0.001953125,512,512.0,1.0,0.001953125,1,1.0,1.0,1.0,0.0,0.0,2.0,1.0,1.0,0.017578125,True,128.0,400.0,1,512,False,False,-0.19501123515692267,0.02830717950116051
Japan,log_beta_process_2022,tempered_smc_rank_and_particle_quality,inf,inf,0.0,0.0,512,8,1.0,512.0,512.0,1.0,1.0,0.001953125,0.001953125,512,512.0,1.0,0.001953125,1,1.0,1.0,1.0,0.0,0.0,2.0,1.0,1.0,0.017578125,True,128.0,400.0,1,512,False,False,-0.20834354722504994,0.02991833124619104
Japan,log_beta_process_2023,tempered_smc_rank_and_particle_quality,inf,inf,0.0,0.0,512,8,1.0,512.0,512.0,1.0,1.0,0.001953125,0.001953125,512,512.0,1.0,0.001953125,1,1.0,1.0,1.0,0.0,0.0,2.0,1.0,1.0,0.017578125,True,128.0,400.0,1,512,False,False,-0.34613656980855734,0.026646094616646684
Japan,log_beta_process_2024,tempered_smc_rank_and_particle_quality,inf,inf,0.0,0.0,512,8,1.0,512.0,512.0,1.0,1.0,0.001953125,0.001953125,512,512.0,1.0,0.001953125,1,1.0,1.0,1.0,0.0,0.0,2.0,1.0,1.0,0.017578125,True,128.0,400.0,1,512,False,False,-0.27478342322539295,0.04008463748209282
Japan,log_beta_process_2025,tempered_smc_rank_and_particle_quality,inf,inf,0.0,0.0,512,8,1.0,512.0,512.0,1.0,1.0,0.001953125,0.001953125,512,512.0,1.0,0.001953125,1,1.0,1.0,1.0,0.0,0.0,2.0,1.0,1.0,0.017578125,True,128.0,400.0,1,512,False,False,0.06417570361492436,0.07802349303779238
Japan,log_beta_process_2026,tempered_smc_rank_and_particle_quality,inf,inf,0.0,0.0,512,8,1.0,512.0,512.0,1.0,1.0,0.001953125,0.001953125,512,512.0,1.0,0.001953125,1,1.0,1.0,1.0,0.0,0.0,2.0,1.0,1.0,0.017578125,True,128.0,400.0,1,512,False,False,-1.2924118350748666,0.1475170146732938
Japan,log_beta_process_2027,tempered_smc_rank_and_particle_quality,inf,inf,0.0,0.0,512,8,1.0,512.0,512.0,1.0,1.0,0.001953125,0.001953125,512,512.0,1.0,0.001953125,1,1.0,1.0,1.0,0.0,0.0,2.0,1.0,1.0,0.017578125,True,128.0,400.0,1,512,False,False,-0.6406603323782589,0.6208344252755794
Japan,log_beta_process_2028,tempered_smc_rank_and_particle_quality,inf,inf,0.0,0.0,512,8,1.0,512.0,512.0,1.0,1.0,0.001953125,0.001953125,512,512.0,1.0,0.001953125,1,1.0,1.0,1.0,0.0,0.0,2.0,1.0,1.0,0.017578125,True,128.0,400.0,1,512,False,False,-0.32652616703711496,0.6512433093064521
Japan,log_beta_process_2029,tempered_smc_rank_and_particle_quality,inf,inf,0.0,0.0,512,8,1.0,512.0,512.0,1.0,1.0,0.001953125,0.001953125,512,512.0,1.0,0.001953125,1,1.0,1.0,1.0,0.0,0.0,2.0,1.0,1.0,0.017578125,True,128.0,400.0,1,512,False,False,-0.22809739133151274,0.6311822368693124
Japan,log_beta_process_2030,tempered_smc_rank_and_particle_quality,inf,inf,0.0,0.0,512,8,1.0,512.0,512.0,1.0,1.0,0.001953125,0.001953125,512,512.0,1.0,0.001953125,1,1.0,1.0,1.0,0.0,0.0,2.0,1.0,1.0,0.017578125,True,128.0,400.0,1,512,False,False,-0.11607592902030536,0.6903110205513867
Japan,log_beta_process_2031,tempered_smc_rank_and_particle_quality,inf,inf,0.0,0.0,512,8,1.0,512.0,512.0,1.0,1.0,0.001953125,0.001953125,512,512.0,1.0,0.001953125,1,1.0,1.0,1.0,0.0,0.0,2.0,1.0,1.0,0.017578125,True,128.0,400.0,1,512,False,False,-0.06315489874731656,0.6856225324098487
Japan,log_beta_process_2032,tempered_smc_rank_and_particle_quality,inf,inf,0.0,0.0,512,8,1.0,512.0,512.0,1.0,1.0,0.001953125,0.001953125,512,512.0,1.0,0.001953125,1,1.0,1.0,1.0,0.0,0.0,2.0,1.0,1.0,0.017578125,True,128.0,400.0,1,512,False,False,-0.046811630620785555,0.6740320665023741
Japan,log_beta_process_2033,tempered_smc_rank_and_particle_quality,inf,inf,0.0,0.0,512,8,1.0,512.0,512.0,1.0,1.0,0.001953125,0.001953125,512,512.0,1.0,0.001953125,1,1.0,1.0,1.0,0.0,0.0,2.0,1.0,1.0,0.017578125,True,128.0,400.0,1,512,False,False,0.006888191970362556,0.7194635270204165
Japan,log_beta_process_2034,tempered_smc_rank_and_particle_quality,inf,inf,0.0,0.0,512,8,1.0,512.0,512.0,1.0,1.0,0.001953125,0.001953125,512,512.0,1.0,0.001953125,1,1.0,1.0,1.0,0.0,0.0,2.0,1.0,1.0,0.017578125,True,128.0,400.0,1,512,False,False,0.015948770074700316,0.7648591632705503
Japan,log_beta_process_2035,tempered_smc_rank_and_particle_quality,inf,inf,0.0,0.0,512,8,1.0,512.0,512.0,1.0,1.0,0.001953125,0.001953125,512,512.0,1.0,0.001953125,1,1.0,1.0,1.0,0.0,0.0,2.0,1.0,1.0,0.017578125,True,128.0,400.0,1,512,False,False,0.014014842666152388,0.747437525800127
Japan,log_beta_process_2036,tempered_smc_rank_and_particle_quality,inf,inf,0.0,0.0,512,8,1.0,512.0,512.0,1.0,1.0,0.001953125,0.001953125,512,512.0,1.0,0.001953125,1,1.0,1.0,1.0,0.0,0.0,2.0,1.0,1.0,0.017578125,True,128.0,400.0,1,512,False,False,-0.010862581936971408,0.6950595569317711
Japan,log_beta_process_2037,tempered_smc_rank_and_particle_quality,inf,inf,0.0,0.0,512,8,1.0,512.0,512.0,1.0,1.0,0.001953125,0.001953125,512,512.0,1.0,0.001953125,1,1.0,1.0,1.0,0.0,0.0,2.0,1.0,1.0,0.017578125,True,128.0,400.0,1,512,False,False,-0.049524014726214094,0.7042107813449034
Japan,log_beta_process_2038,tempered_smc_rank_and_particle_quality,inf,inf,0.0,0.0,512,8,1.0,512.0,512.0,1.0,1.0,0.001953125,0.001953125,512,512.0,1.0,0.001953125,1,1.0,1.0,1.0,0.0,0.0,2.0,1.0,1.0,0.017578125,True,128.0,400.0,1,512,False,False,-0.02025994277386652,0.6253630528213359
Japan,log_beta_process_2039,tempered_smc_rank_and_particle_quality,inf,inf,0.0,0.0,512,8,1.0,512.0,512.0,1.0,1.0,0.001953125,0.001953125,512,512.0,1.0,0.001953125,1,1.0,1.0,1.0,0.0,0.0,2.0,1.0,1.0,0.017578125,True,128.0,400.0,1,512,False,False,-0.0006360874351624907,0.6800096958511559
Japan,log_beta_process_2040,tempered_smc_rank_and_particle_quality,inf,inf,0.0,0.0,512,8,1.0,512.0,512.0,1.0,1.0,0.001953125,0.001953125,512,512.0,1.0,0.001953125,1,1.0,1.0,1.0,0.0,0.0,2.0,1.0,1.0,0.017578125,True,128.0,400.0,1,512,False,False,-0.05181992771904553,0.6954665228933083
Japan,log_beta_process_2041,tempered_smc_rank_and_particle_quality,inf,inf,0.0,0.0,512,8,1.0,512.0,512.0,1.0,1.0,0.001953125,0.001953125,512,512.0,1.0,0.001953125,1,1.0,1.0,1.0,0.0,0.0,2.0,1.0,1.0,0.017578125,True,128.0,400.0,1,512,False,False,-0.01958003431616643,0.7048317031577784
Japan,log_beta_process_2042,tempered_smc_rank_and_particle_quality,inf,inf,0.0,0.0,512,8,1.0,512.0,512.0,1.0,1.0,0.001953125,0.001953125,512,512.0,1.0,0.001953125,1,1.0,1.0,1.0,0.0,0.0,2.0,1.0,1.0,0.017578125,True,128.0,400.0,1,512,False,False,-0.020660100377742074,0.6719702220336169
Japan,log_beta_process_2043,tempered_smc_rank_and_particle_quality,inf,inf,0.0,0.0,512,8,1.0,512.0,512.0,1.0,1.0,0.001953125,0.001953125,512,512.0,1.0,0.001953125,1,1.0,1.0,1.0,0.0,0.0,2.0,1.0,1.0,0.017578125,True,128.0,400.0,1,512,False,False,0.0009694988567599313,0.6929176995726909
Japan,log_beta_process_2044,tempered_smc_rank_and_particle_quality,inf,inf,0.0,0.0,512,8,1.0,512.0,512.0,1.0,1.0,0.001953125,0.001953125,512,512.0,1.0,0.001953125,1,1.0,1.0,1.0,0.0,0.0,2.0,1.0,1.0,0.017578125,True,128.0,400.0,1,512,False,False,-0.003140558167418178,0.6947905813071169
Japan,log_beta_process_2045,tempered_smc_rank_and_particle_quality,inf,inf,0.0,0.0,512,8,1.0,512.0,512.0,1.0,1.0,0.001953125,0.001953125,512,512.0,1.0,0.001953125,1,1.0,1.0,1.0,0.0,0.0,2.0,1.0,1.0,0.017578125,True,128.0,400.0,1,512,False,False,0.019520844740218805,0.6980554281756399
Japan,log_beta_process_2046,tempered_smc_rank_and_particle_quality,inf,inf,0.0,0.0,512,8,1.0,512.0,512.0,1.0,1.0,0.001953125,0.001953125,512,512.0,1.0,0.001953125,1,1.0,1.0,1.0,0.0,0.0,2.0,1.0,1.0,0.017578125,True,128.0,400.0,1,512,False,False,0.02209913907079135,0.6834597642958299
Japan,log_beta_process_2047,tempered_smc_rank_and_particle_quality,inf,inf,0.0,0.0,512,8,1.0,512.0,512.0,1.0,1.0,0.001953125,0.001953125,512,512.0,1.0,0.001953125,1,1.0,1.0,1.0,0.0,0.0,2.0,1.0,1.0,0.017578125,True,128.0,400.0,1,512,False,False,-0.008973481067071859,0.7071004593319432
Japan,log_beta_process_2048,tempered_smc_rank_and_particle_quality,inf,inf,0.0,0.0,512,8,1.0,512.0,512.0,1.0,1.0,0.001953125,0.001953125,512,512.0,1.0,0.001953125,1,1.0,1.0,1.0,0.0,0.0,2.0,1.0,1.0,0.017578125,True,128.0,400.0,1,512,False,False,-0.027610460158259312,0.6911922542421762
Japan,log_beta_process_2049,tempered_smc_rank_and_particle_quality,inf,inf,0.0,0.0,512,8,1.0,512.0,512.0,1.0,1.0,0.001953125,0.001953125,512,512.0,1.0,0.001953125,1,1.0,1.0,1.0,0.0,0.0,2.0,1.0,1.0,0.017578125,True,128.0,400.0,1,512,False,False,-0.017382655180322882,0.678472764411903
Japan,log_beta_process_2050,tempered_smc_rank_and_particle_quality,inf,inf,0.0,0.0,512,8,1.0,512.0,512.0,1.0,1.0,0.001953125,0.001953125,512,512.0,1.0,0.001953125,1,1.0,1.0,1.0,0.0,0.0,2.0,1.0,1.0,0.017578125,True,128.0,400.0,1,512,False,False,-0.012860465251199979,0.6669142970825249
New_Zealand,VE_sus,tempered_smc_rank_and_particle_quality,inf,inf,0.0,0.0,512,8,1.0,512.0,512.0,1.0,1.0,0.001953125,0.001953125,512,512.0,1.0,0.001953125,1,1.0,1.0,1.0,0.0,0.0,2.0,1.0,1.0,0.017578125,True,128.0,400.0,1,512,False,False,0.06576635245831357,0.021064041955179077
New_Zealand,VE_inf,tempered_smc_rank_and_particle_quality,inf,inf,0.0,0.0,512,8,1.0,512.0,512.0,1.0,1.0,0.001953125,0.001953125,512,512.0,1.0,0.001953125,1,1.0,1.0,1.0,0.0,0.0,2.0,1.0,1.0,0.017578125,True,128.0,400.0,1,512,False,False,0.214821216079977,0.04211237762120977
New_Zealand,VE_dur,tempered_smc_rank_and_particle_quality,inf,inf,0.0,0.0,512,8,1.0,512.0,512.0,1.0,1.0,0.001953125,0.001953125,512,512.0,1.0,0.001953125,1,1.0,1.0,1.0,0.0,0.0,2.0,1.0,1.0,0.017578125,True,128.0,400.0,1,512,False,False,0.07178878522212473,0.02828512852828745
New_Zealand,relative_infectiousness_asymptomatic,tempered_smc_rank_and_particle_quality,inf,inf,0.0,0.0,512,8,1.0,512.0,512.0,1.0,1.0,0.001953125,0.001953125,512,512.0,1.0,0.001953125,1,1.0,1.0,1.0,0.0,0.0,2.0,1.0,1.0,0.017578125,True,128.0,400.0,1,512,False,False,0.6753723866018241,0.028543787938727742
New_Zealand,infectious_duration_symptomatic,tempered_smc_rank_and_particle_quality,inf,inf,0.0,0.0,512,8,1.0,512.0,512.0,1.0,1.0,0.001953125,0.001953125,512,512.0,1.0,0.001953125,1,1.0,1.0,1.0,0.0,0.0,2.0,1.0,1.0,0.017578125,True,128.0,400.0,1,512,False,False,27.237643220563626,2.215416296194178
New_Zealand,infectious_duration_asymptomatic,tempered_smc_rank_and_particle_quality,inf,inf,0.0,0.0,512,8,1.0,512.0,512.0,1.0,1.0,0.001953125,0.001953125,512,512.0,1.0,0.001953125,1,1.0,1.0,1.0,0.0,0.0,2.0,1.0,1.0,0.017578125,True,128.0,400.0,1,512,False,False,18.798005208202845,1.2611581586579057
New_Zealand,fitness_R,tempered_smc_rank_and_particle_quality,inf,inf,0.0,0.0,512,8,1.0,512.0,512.0,1.0,1.0,0.001953125,0.001953125,512,512.0,1.0,0.001953125,1,1.0,1.0,1.0,0.0,0.0,2.0,1.0,1.0,0.017578125,True,128.0,400.0,1,512,False,False,0.709413435083571,0.00999350774830845
New_Zealand,beta_S,tempered_smc_rank_and_particle_quality,inf,inf,0.0,0.0,512,8,1.0,512.0,512.0,1.0,1.0,0.001953125,0.001953125,512,512.0,1.0,0.001953125,1,1.0,1.0,1.0,0.0,0.0,2.0,1.0,1.0,0.017578125,True,128.0,400.0,1,512,False,False,0.020315251887970648,0.000859252820539475
New_Zealand,reporting_multiplier,tempered_smc_rank_and_particle_quality,inf,inf,0.0,0.0,512,8,1.0,512.0,512.0,1.0,1.0,0.001953125,0.001953125,512,512.0,1.0,0.001953125,1,1.0,1.0,1.0,0.0,0.0,2.0,1.0,1.0,0.017578125,True,128.0,400.0,1,512,False,False,1.874934020654007,0.057679190266329346
New_Zealand,log_beta_process_2021,tempered_smc_rank_and_particle_quality,inf,inf,0.0,0.0,512,8,1.0,512.0,512.0,1.0,1.0,0.001953125,0.001953125,512,512.0,1.0,0.001953125,1,1.0,1.0,1.0,0.0,0.0,2.0,1.0,1.0,0.017578125,True,128.0,400.0,1,512,False,False,0.26231923106184596,0.028049466472050824
New_Zealand,log_beta_process_2022,tempered_smc_rank_and_particle_quality,inf,inf,0.0,0.0,512,8,1.0,512.0,512.0,1.0,1.0,0.001953125,0.001953125,512,512.0,1.0,0.001953125,1,1.0,1.0,1.0,0.0,0.0,2.0,1.0,1.0,0.017578125,True,128.0,400.0,1,512,False,False,-0.09553942980747497,0.027354238608490723
New_Zealand,log_beta_process_2023,tempered_smc_rank_and_particle_quality,inf,inf,0.0,0.0,512,8,1.0,512.0,512.0,1.0,1.0,0.001953125,0.001953125,512,512.0,1.0,0.001953125,1,1.0,1.0,1.0,0.0,0.0,2.0,1.0,1.0,0.017578125,True,128.0,400.0,1,512,False,False,-0.16112586430781212,0.01820307359380544
New_Zealand,log_beta_process_2024,tempered_smc_rank_and_particle_quality,inf,inf,0.0,0.0,512,8,1.0,512.0,512.0,1.0,1.0,0.001953125,0.001953125,512,512.0,1.0,0.001953125,1,1.0,1.0,1.0,0.0,0.0,2.0,1.0,1.0,0.017578125,True,128.0,400.0,1,512,False,False,-0.25975934808915424,0.016345338446596223
New_Zealand,log_beta_process_2025,tempered_smc_rank_and_particle_quality,inf,inf,0.0,0.0,512,8,1.0,512.0,512.0,1.0,1.0,0.001953125,0.001953125,512,512.0,1.0,0.001953125,1,1.0,1.0,1.0,0.0,0.0,2.0,1.0,1.0,0.017578125,True,128.0,400.0,1,512,False,False,-0.5272181016415338,0.02217439557029647
New_Zealand,log_beta_process_2026,tempered_smc_rank_and_particle_quality,inf,inf,0.0,0.0,512,8,1.0,512.0,512.0,1.0,1.0,0.001953125,0.001953125,512,512.0,1.0,0.001953125,1,1.0,1.0,1.0,0.0,0.0,2.0,1.0,1.0,0.017578125,True,128.0,400.0,1,512,False,False,-0.33061430312433193,0.029970397843082235
New_Zealand,log_beta_process_2027,tempered_smc_rank_and_particle_quality,inf,inf,0.0,0.0,512,8,1.0,512.0,512.0,1.0,1.0,0.001953125,0.001953125,512,512.0,1.0,0.001953125,1,1.0,1.0,1.0,0.0,0.0,2.0,1.0,1.0,0.017578125,True,128.0,400.0,1,512,False,False,-0.12028641834069444,0.6055242480438305
New_Zealand,log_beta_process_2028,tempered_smc_rank_and_particle_quality,inf,inf,0.0,0.0,512,8,1.0,512.0,512.0,1.0,1.0,0.001953125,0.001953125,512,512.0,1.0,0.001953125,1,1.0,1.0,1.0,0.0,0.0,2.0,1.0,1.0,0.017578125,True,128.0,400.0,1,512,False,False,-0.0998147919050334,0.6823523346346082
New_Zealand,log_beta_process_2029,tempered_smc_rank_and_particle_quality,inf,inf,0.0,0.0,512,8,1.0,512.0,512.0,1.0,1.0,0.001953125,0.001953125,512,512.0,1.0,0.001953125,1,1.0,1.0,1.0,0.0,0.0,2.0,1.0,1.0,0.017578125,True,128.0,400.0,1,512,False,False,-0.05251996541969166,0.6998483634593693
New_Zealand,log_beta_process_2030,tempered_smc_rank_and_particle_quality,inf,inf,0.0,0.0,512,8,1.0,512.0,512.0,1.0,1.0,0.001953125,0.001953125,512,512.0,1.0,0.001953125,1,1.0,1.0,1.0,0.0,0.0,2.0,1.0,1.0,0.017578125,True,128.0,400.0,1,512,False,False,-0.026730368615077982,0.695435937714371
New_Zealand,log_beta_process_2031,tempered_smc_rank_and_particle_quality,inf,inf,0.0,0.0,512,8,1.0,512.0,512.0,1.0,1.0,0.001953125,0.001953125,512,512.0,1.0,0.001953125,1,1.0,1.0,1.0,0.0,0.0,2.0,1.0,1.0,0.017578125,True,128.0,400.0,1,512,False,False,-0.042557918430829664,0.7083560456449479
New_Zealand,log_beta_process_2032,tempered_smc_rank_and_particle_quality,inf,inf,0.0,0.0,512,8,1.0,512.0,512.0,1.0,1.0,0.001953125,0.001953125,512,512.0,1.0,0.001953125,1,1.0,1.0,1.0,0.0,0.0,2.0,1.0,1.0,0.017578125,True,128.0,400.0,1,512,False,False,-0.01093332200949987,0.6954770192595157
New_Zealand,log_beta_process_2033,tempered_smc_rank_and_particle_quality,inf,inf,0.0,0.0,512,8,1.0,512.0,512.0,1.0,1.0,0.001953125,0.001953125,512,512.0,1.0,0.001953125,1,1.0,1.0,1.0,0.0,0.0,2.0,1.0,1.0,0.017578125,True,128.0,400.0,1,512,False,False,0.014627699311854338,0.6864580853990154
New_Zealand,log_beta_process_2034,tempered_smc_rank_and_particle_quality,inf,inf,0.0,0.0,512,8,1.0,512.0,512.0,1.0,1.0,0.001953125,0.001953125,512,512.0,1.0,0.001953125,1,1.0,1.0,1.0,0.0,0.0,2.0,1.0,1.0,0.017578125,True,128.0,400.0,1,512,False,False,-0.011527513732156694,0.7078599678039794
New_Zealand,log_beta_process_2035,tempered_smc_rank_and_particle_quality,inf,inf,0.0,0.0,512,8,1.0,512.0,512.0,1.0,1.0,0.001953125,0.001953125,512,512.0,1.0,0.001953125,1,1.0,1.0,1.0,0.0,0.0,2.0,1.0,1.0,0.017578125,True,128.0,400.0,1,512,False,False,0.002874175822333524,0.6841698301074914
New_Zealand,log_beta_process_2036,tempered_smc_rank_and_particle_quality,inf,inf,0.0,0.0,512,8,1.0,512.0,512.0,1.0,1.0,0.001953125,0.001953125,512,512.0,1.0,0.001953125,1,1.0,1.0,1.0,0.0,0.0,2.0,1.0,1.0,0.017578125,True,128.0,400.0,1,512,False,False,0.001627012757766312,0.7084037068347249
New_Zealand,log_beta_process_2037,tempered_smc_rank_and_particle_quality,inf,inf,0.0,0.0,512,8,1.0,512.0,512.0,1.0,1.0,0.001953125,0.001953125,512,512.0,1.0,0.001953125,1,1.0,1.0,1.0,0.0,0.0,2.0,1.0,1.0,0.017578125,True,128.0,400.0,1,512,False,False,-0.007537740567614536,0.7227652515196792
New_Zealand,log_beta_process_2038,tempered_smc_rank_and_particle_quality,inf,inf,0.0,0.0,512,8,1.0,512.0,512.0,1.0,1.0,0.001953125,0.001953125,512,512.0,1.0,0.001953125,1,1.0,1.0,1.0,0.0,0.0,2.0,1.0,1.0,0.017578125,True,128.0,400.0,1,512,False,False,-0.0023038898170857887,0.6717407916826735
New_Zealand,log_beta_process_2039,tempered_smc_rank_and_particle_quality,inf,inf,0.0,0.0,512,8,1.0,512.0,512.0,1.0,1.0,0.001953125,0.001953125,512,512.0,1.0,0.001953125,1,1.0,1.0,1.0,0.0,0.0,2.0,1.0,1.0,0.017578125,True,128.0,400.0,1,512,False,False,-0.014625616388923176,0.7089881860106274
New_Zealand,log_beta_process_2040,tempered_smc_rank_and_particle_quality,inf,inf,0.0,0.0,512,8,1.0,512.0,512.0,1.0,1.0,0.001953125,0.001953125,512,512.0,1.0,0.001953125,1,1.0,1.0,1.0,0.0,0.0,2.0,1.0,1.0,0.017578125,True,128.0,400.0,1,512,False,False,0.0004497951303547845,0.6606015151659814
New_Zealand,log_beta_process_2041,tempered_smc_rank_and_particle_quality,inf,inf,0.0,0.0,512,8,1.0,512.0,512.0,1.0,1.0,0.001953125,0.001953125,512,512.0,1.0,0.001953125,1,1.0,1.0,1.0,0.0,0.0,2.0,1.0,1.0,0.017578125,True,128.0,400.0,1,512,False,False,0.006408912608984522,0.6809411949998231
New_Zealand,log_beta_process_2042,tempered_smc_rank_and_particle_quality,inf,inf,0.0,0.0,512,8,1.0,512.0,512.0,1.0,1.0,0.001953125,0.001953125,512,512.0,1.0,0.001953125,1,1.0,1.0,1.0,0.0,0.0,2.0,1.0,1.0,0.017578125,True,128.0,400.0,1,512,False,False,-0.01493871038577149,0.7091681221043018
New_Zealand,log_beta_process_2043,tempered_smc_rank_and_particle_quality,inf,inf,0.0,0.0,512,8,1.0,512.0,512.0,1.0,1.0,0.001953125,0.001953125,512,512.0,1.0,0.001953125,1,1.0,1.0,1.0,0.0,0.0,2.0,1.0,1.0,0.017578125,True,128.0,400.0,1,512,False,False,-0.04936465832715168,0.6623796114424471
New_Zealand,log_beta_process_2044,tempered_smc_rank_and_particle_quality,inf,inf,0.0,0.0,512,8,1.0,512.0,512.0,1.0,1.0,0.001953125,0.001953125,512,512.0,1.0,0.001953125,1,1.0,1.0,1.0,0.0,0.0,2.0,1.0,1.0,0.017578125,True,128.0,400.0,1,512,False,False,0.013674449250685854,0.6942374039304018
New_Zealand,log_beta_process_2045,tempered_smc_rank_and_particle_quality,inf,inf,0.0,0.0,512,8,1.0,512.0,512.0,1.0,1.0,0.001953125,0.001953125,512,512.0,1.0,0.001953125,1,1.0,1.0,1.0,0.0,0.0,2.0,1.0,1.0,0.017578125,True,128.0,400.0,1,512,False,False,0.01674126652084327,0.6678977073525171
New_Zealand,log_beta_process_2046,tempered_smc_rank_and_particle_quality,inf,inf,0.0,0.0,512,8,1.0,512.0,512.0,1.0,1.0,0.001953125,0.001953125,512,512.0,1.0,0.001953125,1,1.0,1.0,1.0,0.0,0.0,2.0,1.0,1.0,0.017578125,True,128.0,400.0,1,512,False,False,-0.00032586790854340075,0.6921936354996379
New_Zealand,log_beta_process_2047,tempered_smc_rank_and_particle_quality,inf,inf,0.0,0.0,512,8,1.0,512.0,512.0,1.0,1.0,0.001953125,0.001953125,512,512.0,1.0,0.001953125,1,1.0,1.0,1.0,0.0,0.0,2.0,1.0,1.0,0.017578125,True,128.0,400.0,1,512,False,False,-0.0355833475847067,0.6898127994210175
New_Zealand,log_beta_process_2048,tempered_smc_rank_and_particle_quality,inf,inf,0.0,0.0,512,8,1.0,512.0,512.0,1.0,1.0,0.001953125,0.001953125,512,512.0,1.0,0.001953125,1,1.0,1.0,1.0,0.0,0.0,2.0,1.0,1.0,0.017578125,True,128.0,400.0,1,512,False,False,-0.02603261683930318,0.6936302395547248
New_Zealand,log_beta_process_2049,tempered_smc_rank_and_particle_quality,inf,inf,0.0,0.0,512,8,1.0,512.0,512.0,1.0,1.0,0.001953125,0.001953125,512,512.0,1.0,0.001953125,1,1.0,1.0,1.0,0.0,0.0,2.0,1.0,1.0,0.017578125,True,128.0,400.0,1,512,False,False,-0.010373998874207677,0.6981376914612267
New_Zealand,log_beta_process_2050,tempered_smc_rank_and_particle_quality,inf,inf,0.0,0.0,512,8,1.0,512.0,512.0,1.0,1.0,0.001953125,0.001953125,512,512.0,1.0,0.001953125,1,1.0,1.0,1.0,0.0,0.0,2.0,1.0,1.0,0.017578125,True,128.0,400.0,1,512,False,False,-0.010752607968349346,0.6923467134033375
Sweden,VE_sus,tempered_smc_rank_and_particle_quality,inf,inf,0.0,0.0,512,8,1.0,512.0,512.0,1.0,1.0,0.001953125,0.001953125,512,512.0,1.0,0.001953125,1,1.0,1.0,1.0,0.0,0.0,2.0,1.0,1.0,0.017578125,True,128.0,400.0,1,512,False,False,0.06576635245831357,0.021064041955179077
Sweden,VE_inf,tempered_smc_rank_and_particle_quality,inf,inf,0.0,0.0,512,8,1.0,512.0,512.0,1.0,1.0,0.001953125,0.001953125,512,512.0,1.0,0.001953125,1,1.0,1.0,1.0,0.0,0.0,2.0,1.0,1.0,0.017578125,True,128.0,400.0,1,512,False,False,0.214821216079977,0.04211237762120977
Sweden,VE_dur,tempered_smc_rank_and_particle_quality,inf,inf,0.0,0.0,512,8,1.0,512.0,512.0,1.0,1.0,0.001953125,0.001953125,512,512.0,1.0,0.001953125,1,1.0,1.0,1.0,0.0,0.0,2.0,1.0,1.0,0.017578125,True,128.0,400.0,1,512,False,False,0.07178878522212473,0.02828512852828745
Sweden,relative_infectiousness_asymptomatic,tempered_smc_rank_and_particle_quality,inf,inf,0.0,0.0,512,8,1.0,512.0,512.0,1.0,1.0,0.001953125,0.001953125,512,512.0,1.0,0.001953125,1,1.0,1.0,1.0,0.0,0.0,2.0,1.0,1.0,0.017578125,True,128.0,400.0,1,512,False,False,0.6753723866018241,0.028543787938727742
Sweden,infectious_duration_symptomatic,tempered_smc_rank_and_particle_quality,inf,inf,0.0,0.0,512,8,1.0,512.0,512.0,1.0,1.0,0.001953125,0.001953125,512,512.0,1.0,0.001953125,1,1.0,1.0,1.0,0.0,0.0,2.0,1.0,1.0,0.017578125,True,128.0,400.0,1,512,False,False,27.237643220563626,2.215416296194178
Sweden,infectious_duration_asymptomatic,tempered_smc_rank_and_particle_quality,inf,inf,0.0,0.0,512,8,1.0,512.0,512.0,1.0,1.0,0.001953125,0.001953125,512,512.0,1.0,0.001953125,1,1.0,1.0,1.0,0.0,0.0,2.0,1.0,1.0,0.017578125,True,128.0,400.0,1,512,False,False,18.798005208202845,1.2611581586579057
Sweden,fitness_R,tempered_smc_rank_and_particle_quality,inf,inf,0.0,0.0,512,8,1.0,512.0,512.0,1.0,1.0,0.001953125,0.001953125,512,512.0,1.0,0.001953125,1,1.0,1.0,1.0,0.0,0.0,2.0,1.0,1.0,0.017578125,True,128.0,400.0,1,512,False,False,0.709413435083571,0.00999350774830845
Sweden,beta_S,tempered_smc_rank_and_particle_quality,inf,inf,0.0,0.0,512,8,1.0,512.0,512.0,1.0,1.0,0.001953125,0.001953125,512,512.0,1.0,0.001953125,1,1.0,1.0,1.0,0.0,0.0,2.0,1.0,1.0,0.017578125,True,128.0,400.0,1,512,False,False,0.008036533553613334,0.00046715723725202776
Sweden,reporting_multiplier,tempered_smc_rank_and_particle_quality,inf,inf,0.0,0.0,512,8,1.0,512.0,512.0,1.0,1.0,0.001953125,0.001953125,512,512.0,1.0,0.001953125,1,1.0,1.0,1.0,0.0,0.0,2.0,1.0,1.0,0.017578125,True,128.0,400.0,1,512,False,False,1.5982221093165823,0.04417205484728735
Sweden,log_beta_process_2021,tempered_smc_rank_and_particle_quality,inf,inf,0.0,0.0,512,8,1.0,512.0,512.0,1.0,1.0,0.001953125,0.001953125,512,512.0,1.0,0.001953125,1,1.0,1.0,1.0,0.0,0.0,2.0,1.0,1.0,0.017578125,True,128.0,400.0,1,512,False,False,-1.3757710463984,0.06271841736726509
Sweden,log_beta_process_2022,tempered_smc_rank_and_particle_quality,inf,inf,0.0,0.0,512,8,1.0,512.0,512.0,1.0,1.0,0.001953125,0.001953125,512,512.0,1.0,0.001953125,1,1.0,1.0,1.0,0.0,0.0,2.0,1.0,1.0,0.017578125,True,128.0,400.0,1,512,False,False,-0.129336090173877,0.023451866664631518
Sweden,log_beta_process_2023,tempered_smc_rank_and_particle_quality,inf,inf,0.0,0.0,512,8,1.0,512.0,512.0,1.0,1.0,0.001953125,0.001953125,512,512.0,1.0,0.001953125,1,1.0,1.0,1.0,0.0,0.0,2.0,1.0,1.0,0.017578125,True,128.0,400.0,1,512,False,False,-0.046419483051212955,0.02457565346754666
Sweden,log_beta_process_2024,tempered_smc_rank_and_particle_quality,inf,inf,0.0,0.0,512,8,1.0,512.0,512.0,1.0,1.0,0.001953125,0.001953125,512,512.0,1.0,0.001953125,1,1.0,1.0,1.0,0.0,0.0,2.0,1.0,1.0,0.017578125,True,128.0,400.0,1,512,False,False,0.09720625251581987,0.031816227494368875
Sweden,log_beta_process_2025,tempered_smc_rank_and_particle_quality,inf,inf,0.0,0.0,512,8,1.0,512.0,512.0,1.0,1.0,0.001953125,0.001953125,512,512.0,1.0,0.001953125,1,1.0,1.0,1.0,0.0,0.0,2.0,1.0,1.0,0.017578125,True,128.0,400.0,1,512,False,False,-0.32470290845814903,0.028316404112768343
Sweden,log_beta_process_2026,tempered_smc_rank_and_particle_quality,inf,inf,0.0,0.0,512,8,1.0,512.0,512.0,1.0,1.0,0.001953125,0.001953125,512,512.0,1.0,0.001953125,1,1.0,1.0,1.0,0.0,0.0,2.0,1.0,1.0,0.017578125,True,128.0,400.0,1,512,False,False,-0.8064375935779717,0.06976915865178747
Sweden,log_beta_process_2027,tempered_smc_rank_and_particle_quality,inf,inf,0.0,0.0,512,8,1.0,512.0,512.0,1.0,1.0,0.001953125,0.001953125,512,512.0,1.0,0.001953125,1,1.0,1.0,1.0,0.0,0.0,2.0,1.0,1.0,0.017578125,True,128.0,400.0,1,512,False,False,-0.4462070169864296,0.6106234563702125
Sweden,log_beta_process_2028,tempered_smc_rank_and_particle_quality,inf,inf,0.0,0.0,512,8,1.0,512.0,512.0,1.0,1.0,0.001953125,0.001953125,512,512.0,1.0,0.001953125,1,1.0,1.0,1.0,0.0,0.0,2.0,1.0,1.0,0.017578125,True,128.0,400.0,1,512,False,False,-0.2483999389687008,0.6822743919600271
Sweden,log_beta_process_2029,tempered_smc_rank_and_particle_quality,inf,inf,0.0,0.0,512,8,1.0,512.0,512.0,1.0,1.0,0.001953125,0.001953125,512,512.0,1.0,0.001953125,1,1.0,1.0,1.0,0.0,0.0,2.0,1.0,1.0,0.017578125,True,128.0,400.0,1,512,False,False,-0.13812702923101064,0.6472628317143857
Sweden,log_beta_process_2030,tempered_smc_rank_and_particle_quality,inf,inf,0.0,0.0,512,8,1.0,512.0,512.0,1.0,1.0,0.001953125,0.001953125,512,512.0,1.0,0.001953125,1,1.0,1.0,1.0,0.0,0.0,2.0,1.0,1.0,0.017578125,True,128.0,400.0,1,512,False,False,-0.07961670441589107,0.6736089292748874
Sweden,log_beta_process_2031,tempered_smc_rank_and_particle_quality,inf,inf,0.0,0.0,512,8,1.0,512.0,512.0,1.0,1.0,0.001953125,0.001953125,512,512.0,1.0,0.001953125,1,1.0,1.0,1.0,0.0,0.0,2.0,1.0,1.0,0.017578125,True,128.0,400.0,1,512,False,False,-0.010454046869220968,0.6615177679536622
Sweden,log_beta_process_2032,tempered_smc_rank_and_particle_quality,inf,inf,0.0,0.0,512,8,1.0,512.0,512.0,1.0,1.0,0.001953125,0.001953125,512,512.0,1.0,0.001953125,1,1.0,1.0,1.0,0.0,0.0,2.0,1.0,1.0,0.017578125,True,128.0,400.0,1,512,False,False,-0.0027183263695032857,0.7120703074795798
Sweden,log_beta_process_2033,tempered_smc_rank_and_particle_quality,inf,inf,0.0,0.0,512,8,1.0,512.0,512.0,1.0,1.0,0.001953125,0.001953125,512,512.0,1.0,0.001953125,1,1.0,1.0,1.0,0.0,0.0,2.0,1.0,1.0,0.017578125,True,128.0,400.0,1,512,False,False,-0.03002813800920053,0.6601606806716963
Sweden,log_beta_process_2034,tempered_smc_rank_and_particle_quality,inf,inf,0.0,0.0,512,8,1.0,512.0,512.0,1.0,1.0,0.001953125,0.001953125,512,512.0,1.0,0.001953125,1,1.0,1.0,1.0,0.0,0.0,2.0,1.0,1.0,0.017578125,True,128.0,400.0,1,512,False,False,-0.017923034400275182,0.6590554037076883
Sweden,log_beta_process_2035,tempered_smc_rank_and_particle_quality,inf,inf,0.0,0.0,512,8,1.0,512.0,512.0,1.0,1.0,0.001953125,0.001953125,512,512.0,1.0,0.001953125,1,1.0,1.0,1.0,0.0,0.0,2.0,1.0,1.0,0.017578125,True,128.0,400.0,1,512,False,False,-0.019793060940724062,0.6501794042676328
Sweden,log_beta_process_2036,tempered_smc_rank_and_particle_quality,inf,inf,0.0,0.0,512,8,1.0,512.0,512.0,1.0,1.0,0.001953125,0.001953125,512,512.0,1.0,0.001953125,1,1.0,1.0,1.0,0.0,0.0,2.0,1.0,1.0,0.017578125,True,128.0,400.0,1,512,False,False,-0.020543406644360707,0.6839434945749545
Sweden,log_beta_process_2037,tempered_smc_rank_and_particle_quality,inf,inf,0.0,0.0,512,8,1.0,512.0,512.0,1.0,1.0,0.001953125,0.001953125,512,512.0,1.0,0.001953125,1,1.0,1.0,1.0,0.0,0.0,2.0,1.0,1.0,0.017578125,True,128.0,400.0,1,512,False,False,-0.05992673715046479,0.6984574213017956
Sweden,log_beta_process_2038,tempered_smc_rank_and_particle_quality,inf,inf,0.0,0.0,512,8,1.0,512.0,512.0,1.0,1.0,0.001953125,0.001953125,512,512.0,1.0,0.001953125,1,1.0,1.0,1.0,0.0,0.0,2.0,1.0,1.0,0.017578125,True,128.0,400.0,1,512,False,False,-0.01281749763057844,0.6919204622530497
Sweden,log_beta_process_2039,tempered_smc_rank_and_particle_quality,inf,inf,0.0,0.0,512,8,1.0,512.0,512.0,1.0,1.0,0.001953125,0.001953125,512,512.0,1.0,0.001953125,1,1.0,1.0,1.0,0.0,0.0,2.0,1.0,1.0,0.017578125,True,128.0,400.0,1,512,False,False,0.03292295067259432,0.724803651547178
Sweden,log_beta_process_2040,tempered_smc_rank_and_particle_quality,inf,inf,0.0,0.0,512,8,1.0,512.0,512.0,1.0,1.0,0.001953125,0.001953125,512,512.0,1.0,0.001953125,1,1.0,1.0,1.0,0.0,0.0,2.0,1.0,1.0,0.017578125,True,128.0,400.0,1,512,False,False,0.07246425745584145,0.6932312265907404
Sweden,log_beta_process_2041,tempered_smc_rank_and_particle_quality,inf,inf,0.0,0.0,512,8,1.0,512.0,512.0,1.0,1.0,0.001953125,0.001953125,512,512.0,1.0,0.001953125,1,1.0,1.0,1.0,0.0,0.0,2.0,1.0,1.0,0.017578125,True,128.0,400.0,1,512,False,False,0.09972875710413301,0.6758453909276916
Sweden,log_beta_process_2042,tempered_smc_rank_and_particle_quality,inf,inf,0.0,0.0,512,8,1.0,512.0,512.0,1.0,1.0,0.001953125,0.001953125,512,512.0,1.0,0.001953125,1,1.0,1.0,1.0,0.0,0.0,2.0,1.0,1.0,0.017578125,True,128.0,400.0,1,512,False,False,0.02130377124275931,0.6863505502455983
Sweden,log_beta_process_2043,tempered_smc_rank_and_particle_quality,inf,inf,0.0,0.0,512,8,1.0,512.0,512.0,1.0,1.0,0.001953125,0.001953125,512,512.0,1.0,0.001953125,1,1.0,1.0,1.0,0.0,0.0,2.0,1.0,1.0,0.017578125,True,128.0,400.0,1,512,False,False,0.038436166627367964,0.6859545427060053
Sweden,log_beta_process_2044,tempered_smc_rank_and_particle_quality,inf,inf,0.0,0.0,512,8,1.0,512.0,512.0,1.0,1.0,0.001953125,0.001953125,512,512.0,1.0,0.001953125,1,1.0,1.0,1.0,0.0,0.0,2.0,1.0,1.0,0.017578125,True,128.0,400.0,1,512,False,False,0.029534085466123624,0.692319478936206
Sweden,log_beta_process_2045,tempered_smc_rank_and_particle_quality,inf,inf,0.0,0.0,512,8,1.0,512.0,512.0,1.0,1.0,0.001953125,0.001953125,512,512.0,1.0,0.001953125,1,1.0,1.0,1.0,0.0,0.0,2.0,1.0,1.0,0.017578125,True,128.0,400.0,1,512,False,False,0.027063839046659714,0.6496524197525877
Sweden,log_beta_process_2046,tempered_smc_rank_and_particle_quality,inf,inf,0.0,0.0,512,8,1.0,512.0,512.0,1.0,1.0,0.001953125,0.001953125,512,512.0,1.0,0.001953125,1,1.0,1.0,1.0,0.0,0.0,2.0,1.0,1.0,0.017578125,True,128.0,400.0,1,512,False,False,0.00516045187027145,0.6970596201328244
Sweden,log_beta_process_2047,tempered_smc_rank_and_particle_quality,inf,inf,0.0,0.0,512,8,1.0,512.0,512.0,1.0,1.0,0.001953125,0.001953125,512,512.0,1.0,0.001953125,1,1.0,1.0,1.0,0.0,0.0,2.0,1.0,1.0,0.017578125,True,128.0,400.0,1,512,False,False,0.005612004139412439,0.6585427496412064
Sweden,log_beta_process_2048,tempered_smc_rank_and_particle_quality,inf,inf,0.0,0.0,512,8,1.0,512.0,512.0,1.0,1.0,0.001953125,0.001953125,512,512.0,1.0,0.001953125,1,1.0,1.0,1.0,0.0,0.0,2.0,1.0,1.0,0.017578125,True,128.0,400.0,1,512,False,False,0.029529161145277254,0.6666748093557572
Sweden,log_beta_process_2049,tempered_smc_rank_and_particle_quality,inf,inf,0.0,0.0,512,8,1.0,512.0,512.0,1.0,1.0,0.001953125,0.001953125,512,512.0,1.0,0.001953125,1,1.0,1.0,1.0,0.0,0.0,2.0,1.0,1.0,0.017578125,True,128.0,400.0,1,512,False,False,-0.001309621051333025,0.6995632909007061
Sweden,log_beta_process_2050,tempered_smc_rank_and_particle_quality,inf,inf,0.0,0.0,512,8,1.0,512.0,512.0,1.0,1.0,0.001953125,0.001953125,512,512.0,1.0,0.001953125,1,1.0,1.0,1.0,0.0,0.0,2.0,1.0,1.0,0.017578125,True,128.0,400.0,1,512,False,False,-0.007268171633912626,0.6619603680673718
United_States,VE_sus,tempered_smc_rank_and_particle_quality,inf,inf,0.0,0.0,512,8,1.0,512.0,512.0,1.0,1.0,0.001953125,0.001953125,512,512.0,1.0,0.001953125,1,1.0,1.0,1.0,0.0,0.0,2.0,1.0,1.0,0.017578125,True,128.0,400.0,1,512,False,False,0.06576635245831357,0.021064041955179077
United_States,VE_inf,tempered_smc_rank_and_particle_quality,inf,inf,0.0,0.0,512,8,1.0,512.0,512.0,1.0,1.0,0.001953125,0.001953125,512,512.0,1.0,0.001953125,1,1.0,1.0,1.0,0.0,0.0,2.0,1.0,1.0,0.017578125,True,128.0,400.0,1,512,False,False,0.214821216079977,0.04211237762120977
United_States,VE_dur,tempered_smc_rank_and_particle_quality,inf,inf,0.0,0.0,512,8,1.0,512.0,512.0,1.0,1.0,0.001953125,0.001953125,512,512.0,1.0,0.001953125,1,1.0,1.0,1.0,0.0,0.0,2.0,1.0,1.0,0.017578125,True,128.0,400.0,1,512,False,False,0.07178878522212473,0.02828512852828745
United_States,relative_infectiousness_asymptomatic,tempered_smc_rank_and_particle_quality,inf,inf,0.0,0.0,512,8,1.0,512.0,512.0,1.0,1.0,0.001953125,0.001953125,512,512.0,1.0,0.001953125,1,1.0,1.0,1.0,0.0,0.0,2.0,1.0,1.0,0.017578125,True,128.0,400.0,1,512,False,False,0.6753723866018241,0.028543787938727742
United_States,infectious_duration_symptomatic,tempered_smc_rank_and_particle_quality,inf,inf,0.0,0.0,512,8,1.0,512.0,512.0,1.0,1.0,0.001953125,0.001953125,512,512.0,1.0,0.001953125,1,1.0,1.0,1.0,0.0,0.0,2.0,1.0,1.0,0.017578125,True,128.0,400.0,1,512,False,False,27.237643220563626,2.215416296194178
United_States,infectious_duration_asymptomatic,tempered_smc_rank_and_particle_quality,inf,inf,0.0,0.0,512,8,1.0,512.0,512.0,1.0,1.0,0.001953125,0.001953125,512,512.0,1.0,0.001953125,1,1.0,1.0,1.0,0.0,0.0,2.0,1.0,1.0,0.017578125,True,128.0,400.0,1,512,False,False,18.798005208202845,1.2611581586579057
United_States,fitness_R,tempered_smc_rank_and_particle_quality,inf,inf,0.0,0.0,512,8,1.0,512.0,512.0,1.0,1.0,0.001953125,0.001953125,512,512.0,1.0,0.001953125,1,1.0,1.0,1.0,0.0,0.0,2.0,1.0,1.0,0.017578125,True,128.0,400.0,1,512,False,False,0.709413435083571,0.00999350774830845
United_States,beta_S,tempered_smc_rank_and_particle_quality,inf,inf,0.0,0.0,512,8,1.0,512.0,512.0,1.0,1.0,0.001953125,0.001953125,512,512.0,1.0,0.001953125,1,1.0,1.0,1.0,0.0,0.0,2.0,1.0,1.0,0.017578125,True,128.0,400.0,1,512,False,False,0.009587412216831074,0.0005297767166735442
United_States,reporting_multiplier,tempered_smc_rank_and_particle_quality,inf,inf,0.0,0.0,512,8,1.0,512.0,512.0,1.0,1.0,0.001953125,0.001953125,512,512.0,1.0,0.001953125,1,1.0,1.0,1.0,0.0,0.0,2.0,1.0,1.0,0.017578125,True,128.0,400.0,1,512,False,False,0.7734087149987003,0.06460151604152825
United_States,log_beta_process_2021,tempered_smc_rank_and_particle_quality,inf,inf,0.0,0.0,512,8,1.0,512.0,512.0,1.0,1.0,0.001953125,0.001953125,512,512.0,1.0,0.001953125,1,1.0,1.0,1.0,0.0,0.0,2.0,1.0,1.0,0.017578125,True,128.0,400.0,1,512,False,False,-0.20264670257797962,0.05576297512507675
United_States,log_beta_process_2022,tempered_smc_rank_and_particle_quality,inf,inf,0.0,0.0,512,8,1.0,512.0,512.0,1.0,1.0,0.001953125,0.001953125,512,512.0,1.0,0.001953125,1,1.0,1.0,1.0,0.0,0.0,2.0,1.0,1.0,0.017578125,True,128.0,400.0,1,512,False,False,-0.2502312646288599,0.023386428574982986
United_States,log_beta_process_2023,tempered_smc_rank_and_particle_quality,inf,inf,0.0,0.0,512,8,1.0,512.0,512.0,1.0,1.0,0.001953125,0.001953125,512,512.0,1.0,0.001953125,1,1.0,1.0,1.0,0.0,0.0,2.0,1.0,1.0,0.017578125,True,128.0,400.0,1,512,False,False,-0.1621690338214201,0.03264147563822511
United_States,log_beta_process_2024,tempered_smc_rank_and_particle_quality,inf,inf,0.0,0.0,512,8,1.0,512.0,512.0,1.0,1.0,0.001953125,0.001953125,512,512.0,1.0,0.001953125,1,1.0,1.0,1.0,0.0,0.0,2.0,1.0,1.0,0.017578125,True,128.0,400.0,1,512,False,False,-0.10321375093599221,0.027190569294626113
United_States,log_beta_process_2025,tempered_smc_rank_and_particle_quality,inf,inf,0.0,0.0,512,8,1.0,512.0,512.0,1.0,1.0,0.001953125,0.001953125,512,512.0,1.0,0.001953125,1,1.0,1.0,1.0,0.0,0.0,2.0,1.0,1.0,0.017578125,True,128.0,400.0,1,512,False,False,-0.40041547315190257,0.030408807220883793
United_States,log_beta_process_2026,tempered_smc_rank_and_particle_quality,inf,inf,0.0,0.0,512,8,1.0,512.0,512.0,1.0,1.0,0.001953125,0.001953125,512,512.0,1.0,0.001953125,1,1.0,1.0,1.0,0.0,0.0,2.0,1.0,1.0,0.017578125,True,128.0,400.0,1,512,False,False,-0.29201559927466425,0.04704364539923071
United_States,log_beta_process_2027,tempered_smc_rank_and_particle_quality,inf,inf,0.0,0.0,512,8,1.0,512.0,512.0,1.0,1.0,0.001953125,0.001953125,512,512.0,1.0,0.001953125,1,1.0,1.0,1.0,0.0,0.0,2.0,1.0,1.0,0.017578125,True,128.0,400.0,1,512,False,False,-0.11825651356759033,0.5707533769965996
United_States,log_beta_process_2028,tempered_smc_rank_and_particle_quality,inf,inf,0.0,0.0,512,8,1.0,512.0,512.0,1.0,1.0,0.001953125,0.001953125,512,512.0,1.0,0.001953125,1,1.0,1.0,1.0,0.0,0.0,2.0,1.0,1.0,0.017578125,True,128.0,400.0,1,512,False,False,-0.06583471944367789,0.6446321797215242
United_States,log_beta_process_2029,tempered_smc_rank_and_particle_quality,inf,inf,0.0,0.0,512,8,1.0,512.0,512.0,1.0,1.0,0.001953125,0.001953125,512,512.0,1.0,0.001953125,1,1.0,1.0,1.0,0.0,0.0,2.0,1.0,1.0,0.017578125,True,128.0,400.0,1,512,False,False,-0.023133231997859785,0.6609648409076323
United_States,log_beta_process_2030,tempered_smc_rank_and_particle_quality,inf,inf,0.0,0.0,512,8,1.0,512.0,512.0,1.0,1.0,0.001953125,0.001953125,512,512.0,1.0,0.001953125,1,1.0,1.0,1.0,0.0,0.0,2.0,1.0,1.0,0.017578125,True,128.0,400.0,1,512,False,False,0.011651098826001374,0.6928105382865213
United_States,log_beta_process_2031,tempered_smc_rank_and_particle_quality,inf,inf,0.0,0.0,512,8,1.0,512.0,512.0,1.0,1.0,0.001953125,0.001953125,512,512.0,1.0,0.001953125,1,1.0,1.0,1.0,0.0,0.0,2.0,1.0,1.0,0.017578125,True,128.0,400.0,1,512,False,False,-0.013597768054800839,0.7151244875710318
United_States,log_beta_process_2032,tempered_smc_rank_and_particle_quality,inf,inf,0.0,0.0,512,8,1.0,512.0,512.0,1.0,1.0,0.001953125,0.001953125,512,512.0,1.0,0.001953125,1,1.0,1.0,1.0,0.0,0.0,2.0,1.0,1.0,0.017578125,True,128.0,400.0,1,512,False,False,-0.022945719220000903,0.6823663075436646
United_States,log_beta_process_2033,tempered_smc_rank_and_particle_quality,inf,inf,0.0,0.0,512,8,1.0,512.0,512.0,1.0,1.0,0.001953125,0.001953125,512,512.0,1.0,0.001953125,1,1.0,1.0,1.0,0.0,0.0,2.0,1.0,1.0,0.017578125,True,128.0,400.0,1,512,False,False,0.00907697525609633,0.7111218536687912
United_States,log_beta_process_2034,tempered_smc_rank_and_particle_quality,inf,inf,0.0,0.0,512,8,1.0,512.0,512.0,1.0,1.0,0.001953125,0.001953125,512,512.0,1.0,0.001953125,1,1.0,1.0,1.0,0.0,0.0,2.0,1.0,1.0,0.017578125,True,128.0,400.0,1,512,False,False,-0.018921758103663634,0.6896622078787551
United_States,log_beta_process_2035,tempered_smc_rank_and_particle_quality,inf,inf,0.0,0.0,512,8,1.0,512.0,512.0,1.0,1.0,0.001953125,0.001953125,512,512.0,1.0,0.001953125,1,1.0,1.0,1.0,0.0,0.0,2.0,1.0,1.0,0.017578125,True,128.0,400.0,1,512,False,False,-0.012605861595916767,0.6903526549657725
United_States,log_beta_process_2036,tempered_smc_rank_and_particle_quality,inf,inf,0.0,0.0,512,8,1.0,512.0,512.0,1.0,1.0,0.001953125,0.001953125,512,512.0,1.0,0.001953125,1,1.0,1.0,1.0,0.0,0.0,2.0,1.0,1.0,0.017578125,True,128.0,400.0,1,512,False,False,-0.07086757046311432,0.6796154434314068
United_States,log_beta_process_2037,tempered_smc_rank_and_particle_quality,inf,inf,0.0,0.0,512,8,1.0,512.0,512.0,1.0,1.0,0.001953125,0.001953125,512,512.0,1.0,0.001953125,1,1.0,1.0,1.0,0.0,0.0,2.0,1.0,1.0,0.017578125,True,128.0,400.0,1,512,False,False,-0.04179003385548613,0.6602419948888029
United_States,log_beta_process_2038,tempered_smc_rank_and_particle_quality,inf,inf,0.0,0.0,512,8,1.0,512.0,512.0,1.0,1.0,0.001953125,0.001953125,512,512.0,1.0,0.001953125,1,1.0,1.0,1.0,0.0,0.0,2.0,1.0,1.0,0.017578125,True,128.0,400.0,1,512,False,False,-0.041427359831610375,0.655077705374452
United_States,log_beta_process_2039,tempered_smc_rank_and_particle_quality,inf,inf,0.0,0.0,512,8,1.0,512.0,512.0,1.0,1.0,0.001953125,0.001953125,512,512.0,1.0,0.001953125,1,1.0,1.0,1.0,0.0,0.0,2.0,1.0,1.0,0.017578125,True,128.0,400.0,1,512,False,False,-0.0010504617829856736,0.699045457577838
United_States,log_beta_process_2040,tempered_smc_rank_and_particle_quality,inf,inf,0.0,0.0,512,8,1.0,512.0,512.0,1.0,1.0,0.001953125,0.001953125,512,512.0,1.0,0.001953125,1,1.0,1.0,1.0,0.0,0.0,2.0,1.0,1.0,0.017578125,True,128.0,400.0,1,512,False,False,-0.0010750071321116196,0.6942087452275268
United_States,log_beta_process_2041,tempered_smc_rank_and_particle_quality,inf,inf,0.0,0.0,512,8,1.0,512.0,512.0,1.0,1.0,0.001953125,0.001953125,512,512.0,1.0,0.001953125,1,1.0,1.0,1.0,0.0,0.0,2.0,1.0,1.0,0.017578125,True,128.0,400.0,1,512,False,False,-0.021490323916812624,0.721589594783249
United_States,log_beta_process_2042,tempered_smc_rank_and_particle_quality,inf,inf,0.0,0.0,512,8,1.0,512.0,512.0,1.0,1.0,0.001953125,0.001953125,512,512.0,1.0,0.001953125,1,1.0,1.0,1.0,0.0,0.0,2.0,1.0,1.0,0.017578125,True,128.0,400.0,1,512,False,False,-0.025101058637991207,0.6877312566875206
United_States,log_beta_process_2043,tempered_smc_rank_and_particle_quality,inf,inf,0.0,0.0,512,8,1.0,512.0,512.0,1.0,1.0,0.001953125,0.001953125,512,512.0,1.0,0.001953125,1,1.0,1.0,1.0,0.0,0.0,2.0,1.0,1.0,0.017578125,True,128.0,400.0,1,512,False,False,-0.09054745748350285,0.6906521707791282
United_States,log_beta_process_2044,tempered_smc_rank_and_particle_quality,inf,inf,0.0,0.0,512,8,1.0,512.0,512.0,1.0,1.0,0.001953125,0.001953125,512,512.0,1.0,0.001953125,1,1.0,1.0,1.0,0.0,0.0,2.0,1.0,1.0,0.017578125,True,128.0,400.0,1,512,False,False,-0.030724804283855302,0.701397570173033
United_States,log_beta_process_2045,tempered_smc_rank_and_particle_quality,inf,inf,0.0,0.0,512,8,1.0,512.0,512.0,1.0,1.0,0.001953125,0.001953125,512,512.0,1.0,0.001953125,1,1.0,1.0,1.0,0.0,0.0,2.0,1.0,1.0,0.017578125,True,128.0,400.0,1,512,False,False,-0.006535594447845447,0.659315284718424
United_States,log_beta_process_2046,tempered_smc_rank_and_particle_quality,inf,inf,0.0,0.0,512,8,1.0,512.0,512.0,1.0,1.0,0.001953125,0.001953125,512,512.0,1.0,0.001953125,1,1.0,1.0,1.0,0.0,0.0,2.0,1.0,1.0,0.017578125,True,128.0,400.0,1,512,False,False,-0.038629999531952425,0.6919100520576617
United_States,log_beta_process_2047,tempered_smc_rank_and_particle_quality,inf,inf,0.0,0.0,512,8,1.0,512.0,512.0,1.0,1.0,0.001953125,0.001953125,512,512.0,1.0,0.001953125,1,1.0,1.0,1.0,0.0,0.0,2.0,1.0,1.0,0.017578125,True,128.0,400.0,1,512,False,False,-0.023403331333925873,0.7161549573856631
United_States,log_beta_process_2048,tempered_smc_rank_and_particle_quality,inf,inf,0.0,0.0,512,8,1.0,512.0,512.0,1.0,1.0,0.001953125,0.001953125,512,512.0,1.0,0.001953125,1,1.0,1.0,1.0,0.0,0.0,2.0,1.0,1.0,0.017578125,True,128.0,400.0,1,512,False,False,-0.052779498028619795,0.7093531674892501
United_States,log_beta_process_2049,tempered_smc_rank_and_particle_quality,inf,inf,0.0,0.0,512,8,1.0,512.0,512.0,1.0,1.0,0.001953125,0.001953125,512,512.0,1.0,0.001953125,1,1.0,1.0,1.0,0.0,0.0,2.0,1.0,1.0,0.017578125,True,128.0,400.0,1,512,False,False,-0.0389698038532785,0.7063817469868005
United_States,log_beta_process_2050,tempered_smc_rank_and_particle_quality,inf,inf,0.0,0.0,512,8,1.0,512.0,512.0,1.0,1.0,0.001953125,0.001953125,512,512.0,1.0,0.001953125,1,1.0,1.0,1.0,0.0,0.0,2.0,1.0,1.0,0.017578125,True,128.0,400.0,1,512,False,False,-0.016350287361630626,0.7006071032241737
Brazil,VE_sus,tempered_smc_rank_and_particle_quality,inf,inf,0.0,0.0,512,8,1.0,512.0,512.0,1.0,1.0,0.001953125,0.001953125,512,512.0,1.0,0.001953125,1,1.0,1.0,1.0,0.0,0.0,2.0,1.0,1.0,0.017578125,True,128.0,400.0,1,512,False,False,0.06576635245831357,0.021064041955179077
Brazil,VE_inf,tempered_smc_rank_and_particle_quality,inf,inf,0.0,0.0,512,8,1.0,512.0,512.0,1.0,1.0,0.001953125,0.001953125,512,512.0,1.0,0.001953125,1,1.0,1.0,1.0,0.0,0.0,2.0,1.0,1.0,0.017578125,True,128.0,400.0,1,512,False,False,0.214821216079977,0.04211237762120977
Brazil,VE_dur,tempered_smc_rank_and_particle_quality,inf,inf,0.0,0.0,512,8,1.0,512.0,512.0,1.0,1.0,0.001953125,0.001953125,512,512.0,1.0,0.001953125,1,1.0,1.0,1.0,0.0,0.0,2.0,1.0,1.0,0.017578125,True,128.0,400.0,1,512,False,False,0.07178878522212473,0.02828512852828745
Brazil,relative_infectiousness_asymptomatic,tempered_smc_rank_and_particle_quality,inf,inf,0.0,0.0,512,8,1.0,512.0,512.0,1.0,1.0,0.001953125,0.001953125,512,512.0,1.0,0.001953125,1,1.0,1.0,1.0,0.0,0.0,2.0,1.0,1.0,0.017578125,True,128.0,400.0,1,512,False,False,0.6753723866018241,0.028543787938727742
Brazil,infectious_duration_symptomatic,tempered_smc_rank_and_particle_quality,inf,inf,0.0,0.0,512,8,1.0,512.0,512.0,1.0,1.0,0.001953125,0.001953125,512,512.0,1.0,0.001953125,1,1.0,1.0,1.0,0.0,0.0,2.0,1.0,1.0,0.017578125,True,128.0,400.0,1,512,False,False,27.237643220563626,2.215416296194178
Brazil,infectious_duration_asymptomatic,tempered_smc_rank_and_particle_quality,inf,inf,0.0,0.0,512,8,1.0,512.0,512.0,1.0,1.0,0.001953125,0.001953125,512,512.0,1.0,0.001953125,1,1.0,1.0,1.0,0.0,0.0,2.0,1.0,1.0,0.017578125,True,128.0,400.0,1,512,False,False,18.798005208202845,1.2611581586579057
Brazil,fitness_R,tempered_smc_rank_and_particle_quality,inf,inf,0.0,0.0,512,8,1.0,512.0,512.0,1.0,1.0,0.001953125,0.001953125,512,512.0,1.0,0.001953125,1,1.0,1.0,1.0,0.0,0.0,2.0,1.0,1.0,0.017578125,True,128.0,400.0,1,512,False,False,0.709413435083571,0.00999350774830845
Brazil,beta_S,tempered_smc_rank_and_particle_quality,inf,inf,0.0,0.0,512,8,1.0,512.0,512.0,1.0,1.0,0.001953125,0.001953125,512,512.0,1.0,0.001953125,1,1.0,1.0,1.0,0.0,0.0,2.0,1.0,1.0,0.017578125,True,128.0,400.0,1,512,False,False,0.0035580628701399075,3.9544011412115854e-05
Brazil,reporting_multiplier,tempered_smc_rank_and_particle_quality,inf,inf,0.0,0.0,512,8,1.0,512.0,512.0,1.0,1.0,0.001953125,0.001953125,512,512.0,1.0,0.001953125,1,1.0,1.0,1.0,0.0,0.0,2.0,1.0,1.0,0.017578125,True,128.0,400.0,1,512,False,False,0.751883759316617,0.036269063903253504
Brazil,log_beta_process_2021,tempered_smc_rank_and_particle_quality,inf,inf,0.0,0.0,512,8,1.0,512.0,512.0,1.0,1.0,0.001953125,0.001953125,512,512.0,1.0,0.001953125,1,1.0,1.0,1.0,0.0,0.0,2.0,1.0,1.0,0.017578125,True,128.0,400.0,1,512,False,False,0.7317262246722681,0.03984262996597458
Brazil,log_beta_process_2022,tempered_smc_rank_and_particle_quality,inf,inf,0.0,0.0,512,8,1.0,512.0,512.0,1.0,1.0,0.001953125,0.001953125,512,512.0,1.0,0.001953125,1,1.0,1.0,1.0,0.0,0.0,2.0,1.0,1.0,0.017578125,True,128.0,400.0,1,512,False,False,0.2936252150220008,0.02168507400506044
Brazil,log_beta_process_2023,tempered_smc_rank_and_particle_quality,inf,inf,0.0,0.0,512,8,1.0,512.0,512.0,1.0,1.0,0.001953125,0.001953125,512,512.0,1.0,0.001953125,1,1.0,1.0,1.0,0.0,0.0,2.0,1.0,1.0,0.017578125,True,128.0,400.0,1,512,False,False,0.10558322435330508,0.025245087087132627
Brazil,log_beta_process_2024,tempered_smc_rank_and_particle_quality,inf,inf,0.0,0.0,512,8,1.0,512.0,512.0,1.0,1.0,0.001953125,0.001953125,512,512.0,1.0,0.001953125,1,1.0,1.0,1.0,0.0,0.0,2.0,1.0,1.0,0.017578125,True,128.0,400.0,1,512,False,False,0.7602535598423126,0.021148454638693172
Brazil,log_beta_process_2025,tempered_smc_rank_and_particle_quality,inf,inf,0.0,0.0,512,8,1.0,512.0,512.0,1.0,1.0,0.001953125,0.001953125,512,512.0,1.0,0.001953125,1,1.0,1.0,1.0,0.0,0.0,2.0,1.0,1.0,0.017578125,True,128.0,400.0,1,512,False,False,-0.19588205749577636,0.02710457419801348
Brazil,log_beta_process_2026,tempered_smc_rank_and_particle_quality,inf,inf,0.0,0.0,512,8,1.0,512.0,512.0,1.0,1.0,0.001953125,0.001953125,512,512.0,1.0,0.001953125,1,1.0,1.0,1.0,0.0,0.0,2.0,1.0,1.0,0.017578125,True,128.0,400.0,1,512,False,False,0.5005547193415754,0.02176544471089785
Brazil,log_beta_process_2027,tempered_smc_rank_and_particle_quality,inf,inf,0.0,0.0,512,8,1.0,512.0,512.0,1.0,1.0,0.001953125,0.001953125,512,512.0,1.0,0.001953125,1,1.0,1.0,1.0,0.0,0.0,2.0,1.0,1.0,0.017578125,True,128.0,400.0,1,512,False,False,0.2622974339799686,0.6040608133340806
Brazil,log_beta_process_2028,tempered_smc_rank_and_particle_quality,inf,inf,0.0,0.0,512,8,1.0,512.0,512.0,1.0,1.0,0.001953125,0.001953125,512,512.0,1.0,0.001953125,1,1.0,1.0,1.0,0.0,0.0,2.0,1.0,1.0,0.017578125,True,128.0,400.0,1,512,False,False,0.059450987764234915,0.6225861893408692
Brazil,log_beta_process_2029,tempered_smc_rank_and_particle_quality,inf,inf,0.0,0.0,512,8,1.0,512.0,512.0,1.0,1.0,0.001953125,0.001953125,512,512.0,1.0,0.001953125,1,1.0,1.0,1.0,0.0,0.0,2.0,1.0,1.0,0.017578125,True,128.0,400.0,1,512,False,False,0.030067090843941845,0.6477211788770257
Brazil,log_beta_process_2030,tempered_smc_rank_and_particle_quality,inf,inf,0.0,0.0,512,8,1.0,512.0,512.0,1.0,1.0,0.001953125,0.001953125,512,512.0,1.0,0.001953125,1,1.0,1.0,1.0,0.0,0.0,2.0,1.0,1.0,0.017578125,True,128.0,400.0,1,512,False,False,-0.013963988839882775,0.7081489458633619
Brazil,log_beta_process_2031,tempered_smc_rank_and_particle_quality,inf,inf,0.0,0.0,512,8,1.0,512.0,512.0,1.0,1.0,0.001953125,0.001953125,512,512.0,1.0,0.001953125,1,1.0,1.0,1.0,0.0,0.0,2.0,1.0,1.0,0.017578125,True,128.0,400.0,1,512,False,False,-0.039392379991675976,0.6646195860090046
Brazil,log_beta_process_2032,tempered_smc_rank_and_particle_quality,inf,inf,0.0,0.0,512,8,1.0,512.0,512.0,1.0,1.0,0.001953125,0.001953125,512,512.0,1.0,0.001953125,1,1.0,1.0,1.0,0.0,0.0,2.0,1.0,1.0,0.017578125,True,128.0,400.0,1,512,False,False,0.032799897749801146,0.6852328558198753
Brazil,log_beta_process_2033,tempered_smc_rank_and_particle_quality,inf,inf,0.0,0.0,512,8,1.0,512.0,512.0,1.0,1.0,0.001953125,0.001953125,512,512.0,1.0,0.001953125,1,1.0,1.0,1.0,0.0,0.0,2.0,1.0,1.0,0.017578125,True,128.0,400.0,1,512,False,False,0.0013644672087443563,0.648648337940621
Brazil,log_beta_process_2034,tempered_smc_rank_and_particle_quality,inf,inf,0.0,0.0,512,8,1.0,512.0,512.0,1.0,1.0,0.001953125,0.001953125,512,512.0,1.0,0.001953125,1,1.0,1.0,1.0,0.0,0.0,2.0,1.0,1.0,0.017578125,True,128.0,400.0,1,512,False,False,0.023416918462309068,0.6872444330134472
Brazil,log_beta_process_2035,tempered_smc_rank_and_particle_quality,inf,inf,0.0,0.0,512,8,1.0,512.0,512.0,1.0,1.0,0.001953125,0.001953125,512,512.0,1.0,0.001953125,1,1.0,1.0,1.0,0.0,0.0,2.0,1.0,1.0,0.017578125,True,128.0,400.0,1,512,False,False,0.02677148381127748,0.6769897411714471
Brazil,log_beta_process_2036,tempered_smc_rank_and_particle_quality,inf,inf,0.0,0.0,512,8,1.0,512.0,512.0,1.0,1.0,0.001953125,0.001953125,512,512.0,1.0,0.001953125,1,1.0,1.0,1.0,0.0,0.0,2.0,1.0,1.0,0.017578125,True,128.0,400.0,1,512,False,False,0.06282961793359466,0.6732774315066407
Brazil,log_beta_process_2037,tempered_smc_rank_and_particle_quality,inf,inf,0.0,0.0,512,8,1.0,512.0,512.0,1.0,1.0,0.001953125,0.001953125,512,512.0,1.0,0.001953125,1,1.0,1.0,1.0,0.0,0.0,2.0,1.0,1.0,0.017578125,True,128.0,400.0,1,512,False,False,-0.004495833149153194,0.6856043845100017
Brazil,log_beta_process_2038,tempered_smc_rank_and_particle_quality,inf,inf,0.0,0.0,512,8,1.0,512.0,512.0,1.0,1.0,0.001953125,0.001953125,512,512.0,1.0,0.001953125,1,1.0,1.0,1.0,0.0,0.0,2.0,1.0,1.0,0.017578125,True,128.0,400.0,1,512,False,False,0.01578282504963382,0.7021274678867927
Brazil,log_beta_process_2039,tempered_smc_rank_and_particle_quality,inf,inf,0.0,0.0,512,8,1.0,512.0,512.0,1.0,1.0,0.001953125,0.001953125,512,512.0,1.0,0.001953125,1,1.0,1.0,1.0,0.0,0.0,2.0,1.0,1.0,0.017578125,True,128.0,400.0,1,512,False,False,0.02424336273028261,0.6761607896672591
Brazil,log_beta_process_2040,tempered_smc_rank_and_particle_quality,inf,inf,0.0,0.0,512,8,1.0,512.0,512.0,1.0,1.0,0.001953125,0.001953125,512,512.0,1.0,0.001953125,1,1.0,1.0,1.0,0.0,0.0,2.0,1.0,1.0,0.017578125,True,128.0,400.0,1,512,False,False,-0.04768450286004206,0.7045467661991502
Brazil,log_beta_process_2041,tempered_smc_rank_and_particle_quality,inf,inf,0.0,0.0,512,8,1.0,512.0,512.0,1.0,1.0,0.001953125,0.001953125,512,512.0,1.0,0.001953125,1,1.0,1.0,1.0,0.0,0.0,2.0,1.0,1.0,0.017578125,True,128.0,400.0,1,512,False,False,0.012232032427829508,0.6972889949390974
Brazil,log_beta_process_2042,tempered_smc_rank_and_particle_quality,inf,inf,0.0,0.0,512,8,1.0,512.0,512.0,1.0,1.0,0.001953125,0.001953125,512,512.0,1.0,0.001953125,1,1.0,1.0,1.0,0.0,0.0,2.0,1.0,1.0,0.017578125,True,128.0,400.0,1,512,False,False,0.00786307223360018,0.7258856405282321
Brazil,log_beta_process_2043,tempered_smc_rank_and_particle_quality,inf,inf,0.0,0.0,512,8,1.0,512.0,512.0,1.0,1.0,0.001953125,0.001953125,512,512.0,1.0,0.001953125,1,1.0,1.0,1.0,0.0,0.0,2.0,1.0,1.0,0.017578125,True,128.0,400.0,1,512,False,False,-0.024365333886930445,0.6667015637348905
Brazil,log_beta_process_2044,tempered_smc_rank_and_particle_quality,inf,inf,0.0,0.0,512,8,1.0,512.0,512.0,1.0,1.0,0.001953125,0.001953125,512,512.0,1.0,0.001953125,1,1.0,1.0,1.0,0.0,0.0,2.0,1.0,1.0,0.017578125,True,128.0,400.0,1,512,False,False,0.026911605676993876,0.6679172914723969
Brazil,log_beta_process_2045,tempered_smc_rank_and_particle_quality,inf,inf,0.0,0.0,512,8,1.0,512.0,512.0,1.0,1.0,0.001953125,0.001953125,512,512.0,1.0,0.001953125,1,1.0,1.0,1.0,0.0,0.0,2.0,1.0,1.0,0.017578125,True,128.0,400.0,1,512,False,False,0.03823600926627598,0.6876620228581147
Brazil,log_beta_process_2046,tempered_smc_rank_and_particle_quality,inf,inf,0.0,0.0,512,8,1.0,512.0,512.0,1.0,1.0,0.001953125,0.001953125,512,512.0,1.0,0.001953125,1,1.0,1.0,1.0,0.0,0.0,2.0,1.0,1.0,0.017578125,True,128.0,400.0,1,512,False,False,-0.02301653335138519,0.7043293752061773
Brazil,log_beta_process_2047,tempered_smc_rank_and_particle_quality,inf,inf,0.0,0.0,512,8,1.0,512.0,512.0,1.0,1.0,0.001953125,0.001953125,512,512.0,1.0,0.001953125,1,1.0,1.0,1.0,0.0,0.0,2.0,1.0,1.0,0.017578125,True,128.0,400.0,1,512,False,False,-0.04638869033113033,0.7496562629864888
Brazil,log_beta_process_2048,tempered_smc_rank_and_particle_quality,inf,inf,0.0,0.0,512,8,1.0,512.0,512.0,1.0,1.0,0.001953125,0.001953125,512,512.0,1.0,0.001953125,1,1.0,1.0,1.0,0.0,0.0,2.0,1.0,1.0,0.017578125,True,128.0,400.0,1,512,False,False,-0.013732622805777795,0.6734619515414767
Brazil,log_beta_process_2049,tempered_smc_rank_and_particle_quality,inf,inf,0.0,0.0,512,8,1.0,512.0,512.0,1.0,1.0,0.001953125,0.001953125,512,512.0,1.0,0.001953125,1,1.0,1.0,1.0,0.0,0.0,2.0,1.0,1.0,0.017578125,True,128.0,400.0,1,512,False,False,-0.05188625359822553,0.6983307608380501
Brazil,log_beta_process_2050,tempered_smc_rank_and_particle_quality,inf,inf,0.0,0.0,512,8,1.0,512.0,512.0,1.0,1.0,0.001953125,0.001953125,512,512.0,1.0,0.001953125,1,1.0,1.0,1.0,0.0,0.0,2.0,1.0,1.0,0.017578125,True,128.0,400.0,1,512,False,False,-0.07040380484993138,0.6926123200034835
Thailand,VE_sus,tempered_smc_rank_and_particle_quality,inf,inf,0.0,0.0,512,8,1.0,512.0,512.0,1.0,1.0,0.001953125,0.001953125,512,512.0,1.0,0.001953125,1,1.0,1.0,1.0,0.0,0.0,2.0,1.0,1.0,0.017578125,True,128.0,400.0,1,512,False,False,0.06576635245831357,0.021064041955179077
Thailand,VE_inf,tempered_smc_rank_and_particle_quality,inf,inf,0.0,0.0,512,8,1.0,512.0,512.0,1.0,1.0,0.001953125,0.001953125,512,512.0,1.0,0.001953125,1,1.0,1.0,1.0,0.0,0.0,2.0,1.0,1.0,0.017578125,True,128.0,400.0,1,512,False,False,0.214821216079977,0.04211237762120977
Thailand,VE_dur,tempered_smc_rank_and_particle_quality,inf,inf,0.0,0.0,512,8,1.0,512.0,512.0,1.0,1.0,0.001953125,0.001953125,512,512.0,1.0,0.001953125,1,1.0,1.0,1.0,0.0,0.0,2.0,1.0,1.0,0.017578125,True,128.0,400.0,1,512,False,False,0.07178878522212473,0.02828512852828745
Thailand,relative_infectiousness_asymptomatic,tempered_smc_rank_and_particle_quality,inf,inf,0.0,0.0,512,8,1.0,512.0,512.0,1.0,1.0,0.001953125,0.001953125,512,512.0,1.0,0.001953125,1,1.0,1.0,1.0,0.0,0.0,2.0,1.0,1.0,0.017578125,True,128.0,400.0,1,512,False,False,0.6753723866018241,0.028543787938727742
Thailand,infectious_duration_symptomatic,tempered_smc_rank_and_particle_quality,inf,inf,0.0,0.0,512,8,1.0,512.0,512.0,1.0,1.0,0.001953125,0.001953125,512,512.0,1.0,0.001953125,1,1.0,1.0,1.0,0.0,0.0,2.0,1.0,1.0,0.017578125,True,128.0,400.0,1,512,False,False,27.237643220563626,2.215416296194178
Thailand,infectious_duration_asymptomatic,tempered_smc_rank_and_particle_quality,inf,inf,0.0,0.0,512,8,1.0,512.0,512.0,1.0,1.0,0.001953125,0.001953125,512,512.0,1.0,0.001953125,1,1.0,1.0,1.0,0.0,0.0,2.0,1.0,1.0,0.017578125,True,128.0,400.0,1,512,False,False,18.798005208202845,1.2611581586579057
Thailand,fitness_R,tempered_smc_rank_and_particle_quality,inf,inf,0.0,0.0,512,8,1.0,512.0,512.0,1.0,1.0,0.001953125,0.001953125,512,512.0,1.0,0.001953125,1,1.0,1.0,1.0,0.0,0.0,2.0,1.0,1.0,0.017578125,True,128.0,400.0,1,512,False,False,0.709413435083571,0.00999350774830845
Thailand,beta_S,tempered_smc_rank_and_particle_quality,inf,inf,0.0,0.0,512,8,1.0,512.0,512.0,1.0,1.0,0.001953125,0.001953125,512,512.0,1.0,0.001953125,1,1.0,1.0,1.0,0.0,0.0,2.0,1.0,1.0,0.017578125,True,128.0,400.0,1,512,False,False,0.004699207478601545,8.85117572235534e-05
Thailand,reporting_multiplier,tempered_smc_rank_and_particle_quality,inf,inf,0.0,0.0,512,8,1.0,512.0,512.0,1.0,1.0,0.001953125,0.001953125,512,512.0,1.0,0.001953125,1,1.0,1.0,1.0,0.0,0.0,2.0,1.0,1.0,0.017578125,True,128.0,400.0,1,512,False,False,0.8798372967213467,0.028286422844974124
Thailand,log_beta_process_2020,tempered_smc_rank_and_particle_quality,inf,inf,0.0,0.0,512,8,1.0,512.0,512.0,1.0,1.0,0.001953125,0.001953125,512,512.0,1.0,0.001953125,1,1.0,1.0,1.0,0.0,0.0,2.0,1.0,1.0,0.017578125,True,128.0,400.0,1,512,False,False,-0.36112422515568354,0.0404191119949952
Thailand,log_beta_process_2021,tempered_smc_rank_and_particle_quality,inf,inf,0.0,0.0,512,8,1.0,512.0,512.0,1.0,1.0,0.001953125,0.001953125,512,512.0,1.0,0.001953125,1,1.0,1.0,1.0,0.0,0.0,2.0,1.0,1.0,0.017578125,True,128.0,400.0,1,512,False,False,-0.4057067191369981,0.043037546363022594
Thailand,log_beta_process_2022,tempered_smc_rank_and_particle_quality,inf,inf,0.0,0.0,512,8,1.0,512.0,512.0,1.0,1.0,0.001953125,0.001953125,512,512.0,1.0,0.001953125,1,1.0,1.0,1.0,0.0,0.0,2.0,1.0,1.0,0.017578125,True,128.0,400.0,1,512,False,False,0.06529750558515621,0.030035728483203794
Thailand,log_beta_process_2023,tempered_smc_rank_and_particle_quality,inf,inf,0.0,0.0,512,8,1.0,512.0,512.0,1.0,1.0,0.001953125,0.001953125,512,512.0,1.0,0.001953125,1,1.0,1.0,1.0,0.0,0.0,2.0,1.0,1.0,0.017578125,True,128.0,400.0,1,512,False,False,0.3133020968940916,0.024425204527019316
Thailand,log_beta_process_2024,tempered_smc_rank_and_particle_quality,inf,inf,0.0,0.0,512,8,1.0,512.0,512.0,1.0,1.0,0.001953125,0.001953125,512,512.0,1.0,0.001953125,1,1.0,1.0,1.0,0.0,0.0,2.0,1.0,1.0,0.017578125,True,128.0,400.0,1,512,False,False,0.08084475342046607,0.024072930550252954
Thailand,log_beta_process_2025,tempered_smc_rank_and_particle_quality,inf,inf,0.0,0.0,512,8,1.0,512.0,512.0,1.0,1.0,0.001953125,0.001953125,512,512.0,1.0,0.001953125,1,1.0,1.0,1.0,0.0,0.0,2.0,1.0,1.0,0.017578125,True,128.0,400.0,1,512,False,False,-0.34156183692338504,0.03623607647509249
Thailand,log_beta_process_2026,tempered_smc_rank_and_particle_quality,inf,inf,0.0,0.0,512,8,1.0,512.0,512.0,1.0,1.0,0.001953125,0.001953125,512,512.0,1.0,0.001953125,1,1.0,1.0,1.0,0.0,0.0,2.0,1.0,1.0,0.017578125,True,128.0,400.0,1,512,False,False,-0.1796559483953034,0.5677782795383766
Thailand,log_beta_process_2027,tempered_smc_rank_and_particle_quality,inf,inf,0.0,0.0,512,8,1.0,512.0,512.0,1.0,1.0,0.001953125,0.001953125,512,512.0,1.0,0.001953125,1,1.0,1.0,1.0,0.0,0.0,2.0,1.0,1.0,0.017578125,True,128.0,400.0,1,512,False,False,-0.07181232605920232,0.6894384014207972
Thailand,log_beta_process_2028,tempered_smc_rank_and_particle_quality,inf,inf,0.0,0.0,512,8,1.0,512.0,512.0,1.0,1.0,0.001953125,0.001953125,512,512.0,1.0,0.001953125,1,1.0,1.0,1.0,0.0,0.0,2.0,1.0,1.0,0.017578125,True,128.0,400.0,1,512,False,False,-0.014359057675923007,0.6889963968383803
Thailand,log_beta_process_2029,tempered_smc_rank_and_particle_quality,inf,inf,0.0,0.0,512,8,1.0,512.0,512.0,1.0,1.0,0.001953125,0.001953125,512,512.0,1.0,0.001953125,1,1.0,1.0,1.0,0.0,0.0,2.0,1.0,1.0,0.017578125,True,128.0,400.0,1,512,False,False,-0.029397745639496018,0.6910573636657381
Thailand,log_beta_process_2030,tempered_smc_rank_and_particle_quality,inf,inf,0.0,0.0,512,8,1.0,512.0,512.0,1.0,1.0,0.001953125,0.001953125,512,512.0,1.0,0.001953125,1,1.0,1.0,1.0,0.0,0.0,2.0,1.0,1.0,0.017578125,True,128.0,400.0,1,512,False,False,-0.047738795320663815,0.6818477288798778
Thailand,log_beta_process_2031,tempered_smc_rank_and_particle_quality,inf,inf,0.0,0.0,512,8,1.0,512.0,512.0,1.0,1.0,0.001953125,0.001953125,512,512.0,1.0,0.001953125,1,1.0,1.0,1.0,0.0,0.0,2.0,1.0,1.0,0.017578125,True,128.0,400.0,1,512,False,False,-0.023278591173078244,0.6994610903624853
Thailand,log_beta_process_2032,tempered_smc_rank_and_particle_quality,inf,inf,0.0,0.0,512,8,1.0,512.0,512.0,1.0,1.0,0.001953125,0.001953125,512,512.0,1.0,0.001953125,1,1.0,1.0,1.0,0.0,0.0,2.0,1.0,1.0,0.017578125,True,128.0,400.0,1,512,False,False,-0.029516144482417236,0.6820761761347646
Thailand,log_beta_process_2033,tempered_smc_rank_and_particle_quality,inf,inf,0.0,0.0,512,8,1.0,512.0,512.0,1.0,1.0,0.001953125,0.001953125,512,512.0,1.0,0.001953125,1,1.0,1.0,1.0,0.0,0.0,2.0,1.0,1.0,0.017578125,True,128.0,400.0,1,512,False,False,0.03431434817590097,0.6724163010741
Thailand,log_beta_process_2034,tempered_smc_rank_and_particle_quality,inf,inf,0.0,0.0,512,8,1.0,512.0,512.0,1.0,1.0,0.001953125,0.001953125,512,512.0,1.0,0.001953125,1,1.0,1.0,1.0,0.0,0.0,2.0,1.0,1.0,0.017578125,True,128.0,400.0,1,512,False,False,0.013356461748678498,0.6567713167146783
Thailand,log_beta_process_2035,tempered_smc_rank_and_particle_quality,inf,inf,0.0,0.0,512,8,1.0,512.0,512.0,1.0,1.0,0.001953125,0.001953125,512,512.0,1.0,0.001953125,1,1.0,1.0,1.0,0.0,0.0,2.0,1.0,1.0,0.017578125,True,128.0,400.0,1,512,False,False,-0.02063004287503327,0.6880155452181526
Thailand,log_beta_process_2036,tempered_smc_rank_and_particle_quality,inf,inf,0.0,0.0,512,8,1.0,512.0,512.0,1.0,1.0,0.001953125,0.001953125,512,512.0,1.0,0.001953125,1,1.0,1.0,1.0,0.0,0.0,2.0,1.0,1.0,0.017578125,True,128.0,400.0,1,512,False,False,-0.01990800340056303,0.6578371016870576
Thailand,log_beta_process_2037,tempered_smc_rank_and_particle_quality,inf,inf,0.0,0.0,512,8,1.0,512.0,512.0,1.0,1.0,0.001953125,0.001953125,512,512.0,1.0,0.001953125,1,1.0,1.0,1.0,0.0,0.0,2.0,1.0,1.0,0.017578125,True,128.0,400.0,1,512,False,False,-0.010523460677840553,0.6683190672643383
Thailand,log_beta_process_2038,tempered_smc_rank_and_particle_quality,inf,inf,0.0,0.0,512,8,1.0,512.0,512.0,1.0,1.0,0.001953125,0.001953125,512,512.0,1.0,0.001953125,1,1.0,1.0,1.0,0.0,0.0,2.0,1.0,1.0,0.017578125,True,128.0,400.0,1,512,False,False,0.009041149870246606,0.6615898680823411
Thailand,log_beta_process_2039,tempered_smc_rank_and_particle_quality,inf,inf,0.0,0.0,512,8,1.0,512.0,512.0,1.0,1.0,0.001953125,0.001953125,512,512.0,1.0,0.001953125,1,1.0,1.0,1.0,0.0,0.0,2.0,1.0,1.0,0.017578125,True,128.0,400.0,1,512,False,False,0.0427236712913108,0.6570983236387046
Thailand,log_beta_process_2040,tempered_smc_rank_and_particle_quality,inf,inf,0.0,0.0,512,8,1.0,512.0,512.0,1.0,1.0,0.001953125,0.001953125,512,512.0,1.0,0.001953125,1,1.0,1.0,1.0,0.0,0.0,2.0,1.0,1.0,0.017578125,True,128.0,400.0,1,512,False,False,0.03789782996190434,0.6636915246565871
Thailand,log_beta_process_2041,tempered_smc_rank_and_particle_quality,inf,inf,0.0,0.0,512,8,1.0,512.0,512.0,1.0,1.0,0.001953125,0.001953125,512,512.0,1.0,0.001953125,1,1.0,1.0,1.0,0.0,0.0,2.0,1.0,1.0,0.017578125,True,128.0,400.0,1,512,False,False,-0.019170610055748875,0.6469681314690557
Thailand,log_beta_process_2042,tempered_smc_rank_and_particle_quality,inf,inf,0.0,0.0,512,8,1.0,512.0,512.0,1.0,1.0,0.001953125,0.001953125,512,512.0,1.0,0.001953125,1,1.0,1.0,1.0,0.0,0.0,2.0,1.0,1.0,0.017578125,True,128.0,400.0,1,512,False,False,-0.016523766138835137,0.7058488611887869
Thailand,log_beta_process_2043,tempered_smc_rank_and_particle_quality,inf,inf,0.0,0.0,512,8,1.0,512.0,512.0,1.0,1.0,0.001953125,0.001953125,512,512.0,1.0,0.001953125,1,1.0,1.0,1.0,0.0,0.0,2.0,1.0,1.0,0.017578125,True,128.0,400.0,1,512,False,False,-0.023566522968791054,0.6859645375443052
Thailand,log_beta_process_2044,tempered_smc_rank_and_particle_quality,inf,inf,0.0,0.0,512,8,1.0,512.0,512.0,1.0,1.0,0.001953125,0.001953125,512,512.0,1.0,0.001953125,1,1.0,1.0,1.0,0.0,0.0,2.0,1.0,1.0,0.017578125,True,128.0,400.0,1,512,False,False,0.007146282383916205,0.6960111412991975
Thailand,log_beta_process_2045,tempered_smc_rank_and_particle_quality,inf,inf,0.0,0.0,512,8,1.0,512.0,512.0,1.0,1.0,0.001953125,0.001953125,512,512.0,1.0,0.001953125,1,1.0,1.0,1.0,0.0,0.0,2.0,1.0,1.0,0.017578125,True,128.0,400.0,1,512,False,False,-0.011571612246701444,0.6615994826279769
Thailand,log_beta_process_2046,tempered_smc_rank_and_particle_quality,inf,inf,0.0,0.0,512,8,1.0,512.0,512.0,1.0,1.0,0.001953125,0.001953125,512,512.0,1.0,0.001953125,1,1.0,1.0,1.0,0.0,0.0,2.0,1.0,1.0,0.017578125,True,128.0,400.0,1,512,False,False,0.00047708901376911084,0.6499400205231093
Thailand,log_beta_process_2047,tempered_smc_rank_and_particle_quality,inf,inf,0.0,0.0,512,8,1.0,512.0,512.0,1.0,1.0,0.001953125,0.001953125,512,512.0,1.0,0.001953125,1,1.0,1.0,1.0,0.0,0.0,2.0,1.0,1.0,0.017578125,True,128.0,400.0,1,512,False,False,0.003957934670941552,0.6779029266182863
Thailand,log_beta_process_2048,tempered_smc_rank_and_particle_quality,inf,inf,0.0,0.0,512,8,1.0,512.0,512.0,1.0,1.0,0.001953125,0.001953125,512,512.0,1.0,0.001953125,1,1.0,1.0,1.0,0.0,0.0,2.0,1.0,1.0,0.017578125,True,128.0,400.0,1,512,False,False,-0.015099441615386323,0.7077381854397146
Thailand,log_beta_process_2049,tempered_smc_rank_and_particle_quality,inf,inf,0.0,0.0,512,8,1.0,512.0,512.0,1.0,1.0,0.001953125,0.001953125,512,512.0,1.0,0.001953125,1,1.0,1.0,1.0,0.0,0.0,2.0,1.0,1.0,0.017578125,True,128.0,400.0,1,512,False,False,-0.02593205162644259,0.7295870785092171
Thailand,log_beta_process_2050,tempered_smc_rank_and_particle_quality,inf,inf,0.0,0.0,512,8,1.0,512.0,512.0,1.0,1.0,0.001953125,0.001953125,512,512.0,1.0,0.001953125,1,1.0,1.0,1.0,0.0,0.0,2.0,1.0,1.0,0.017578125,True,128.0,400.0,1,512,False,False,-0.007868341279985116,0.6726592789361922
