country,parameter,diagnostic_method,rhat,rhat_rank,bulk_ess,tail_ess,smc_particle_count,smc_stage_count,smc_final_temperature,smc_min_ess,smc_final_ess,smc_min_ess_fraction,smc_final_ess_fraction,smc_max_weight,smc_final_max_weight,smc_combined_particle_count,smc_combined_particle_ess,smc_combined_particle_ess_fraction,smc_combined_max_weight,smc_island_count,smc_island_ess,smc_island_ess_fraction,smc_max_island_weight,smc_log_evidence_sd,smc_log_evidence_range,smc_recommended_island_ess_floor,smc_unique_ancestor_fraction,smc_unique_particle_fraction,smc_move_acceptance_fraction,smc_reached_final_temperature,smc_fatal_ess_floor,smc_recommended_ess_floor,n_chains,total_draws,converged,recommended_converged,mean,sd
Australia,VE_sus,tempered_smc_rank_and_particle_quality,inf,inf,0.0,0.0,512,67,1.0,358.4000000000004,512.0,0.7000000000000007,1.0,0.01623975807165812,0.001953125,512,512.0,1.0,0.001953125,1,1.0,1.0,1.0,0.0,0.0,2.0,0.001953125,1.0,0.16441430512422361,True,128.0,400.0,1,512,False,False,0.042627626537489305,0.00976028086206791
Australia,VE_inf,tempered_smc_rank_and_particle_quality,inf,inf,0.0,0.0,512,67,1.0,358.4000000000004,512.0,0.7000000000000007,1.0,0.01623975807165812,0.001953125,512,512.0,1.0,0.001953125,1,1.0,1.0,1.0,0.0,0.0,2.0,0.001953125,1.0,0.16441430512422361,True,128.0,400.0,1,512,False,False,0.07458173548436564,0.01066418907967471
Australia,VE_dur,tempered_smc_rank_and_particle_quality,inf,inf,0.0,0.0,512,67,1.0,358.4000000000004,512.0,0.7000000000000007,1.0,0.01623975807165812,0.001953125,512,512.0,1.0,0.001953125,1,1.0,1.0,1.0,0.0,0.0,2.0,0.001953125,1.0,0.16441430512422361,True,128.0,400.0,1,512,False,False,0.02050234301775682,0.008900470651004537
Australia,relative_infectiousness_asymptomatic,tempered_smc_rank_and_particle_quality,inf,inf,0.0,0.0,512,67,1.0,358.4000000000004,512.0,0.7000000000000007,1.0,0.01623975807165812,0.001953125,512,512.0,1.0,0.001953125,1,1.0,1.0,1.0,0.0,0.0,2.0,0.001953125,1.0,0.16441430512422361,True,128.0,400.0,1,512,False,False,0.7205483369164183,0.011903077309121142
Australia,infectious_duration_symptomatic,tempered_smc_rank_and_particle_quality,inf,inf,0.0,0.0,512,67,1.0,358.4000000000004,512.0,0.7000000000000007,1.0,0.01623975807165812,0.001953125,512,512.0,1.0,0.001953125,1,1.0,1.0,1.0,0.0,0.0,2.0,0.001953125,1.0,0.16441430512422361,True,128.0,400.0,1,512,False,False,23.34086924554034,1.1087249042223009
Australia,infectious_duration_asymptomatic,tempered_smc_rank_and_particle_quality,inf,inf,0.0,0.0,512,67,1.0,358.4000000000004,512.0,0.7000000000000007,1.0,0.01623975807165812,0.001953125,512,512.0,1.0,0.001953125,1,1.0,1.0,1.0,0.0,0.0,2.0,0.001953125,1.0,0.16441430512422361,True,128.0,400.0,1,512,False,False,25.8544440906702,0.5369289296886472
Australia,fitness_R,tempered_smc_rank_and_particle_quality,inf,inf,0.0,0.0,512,67,1.0,358.4000000000004,512.0,0.7000000000000007,1.0,0.01623975807165812,0.001953125,512,512.0,1.0,0.001953125,1,1.0,1.0,1.0,0.0,0.0,2.0,0.001953125,1.0,0.16441430512422361,True,128.0,400.0,1,512,False,False,0.9104055859463241,0.00522493194194408
Australia,beta_S,tempered_smc_rank_and_particle_quality,inf,inf,0.0,0.0,512,67,1.0,358.4000000000004,512.0,0.7000000000000007,1.0,0.01623975807165812,0.001953125,512,512.0,1.0,0.001953125,1,1.0,1.0,1.0,0.0,0.0,2.0,0.001953125,1.0,0.16441430512422361,True,128.0,400.0,1,512,False,False,0.06407219070746065,0.002308266064859398
Australia,reporting_multiplier,tempered_smc_rank_and_particle_quality,inf,inf,0.0,0.0,512,67,1.0,358.4000000000004,512.0,0.7000000000000007,1.0,0.01623975807165812,0.001953125,512,512.0,1.0,0.001953125,1,1.0,1.0,1.0,0.0,0.0,2.0,0.001953125,1.0,0.16441430512422361,True,128.0,400.0,1,512,False,False,0.9416538404703629,0.02191611831691278
Australia,log_beta_process_2021,tempered_smc_rank_and_particle_quality,inf,inf,0.0,0.0,512,67,1.0,358.4000000000004,512.0,0.7000000000000007,1.0,0.01623975807165812,0.001953125,512,512.0,1.0,0.001953125,1,1.0,1.0,1.0,0.0,0.0,2.0,0.001953125,1.0,0.16441430512422361,True,128.0,400.0,1,512,False,False,-0.0501226123458792,0.02509435497651411
Australia,log_beta_process_2022,tempered_smc_rank_and_particle_quality,inf,inf,0.0,0.0,512,67,1.0,358.4000000000004,512.0,0.7000000000000007,1.0,0.01623975807165812,0.001953125,512,512.0,1.0,0.001953125,1,1.0,1.0,1.0,0.0,0.0,2.0,0.001953125,1.0,0.16441430512422361,True,128.0,400.0,1,512,False,False,-0.7793830337734038,0.027102415668677875
Australia,log_beta_process_2023,tempered_smc_rank_and_particle_quality,inf,inf,0.0,0.0,512,67,1.0,358.4000000000004,512.0,0.7000000000000007,1.0,0.01623975807165812,0.001953125,512,512.0,1.0,0.001953125,1,1.0,1.0,1.0,0.0,0.0,2.0,0.001953125,1.0,0.16441430512422361,True,128.0,400.0,1,512,False,False,-0.5894341158216966,0.030510246097201738
Australia,log_beta_process_2024,tempered_smc_rank_and_particle_quality,inf,inf,0.0,0.0,512,67,1.0,358.4000000000004,512.0,0.7000000000000007,1.0,0.01623975807165812,0.001953125,512,512.0,1.0,0.001953125,1,1.0,1.0,1.0,0.0,0.0,2.0,0.001953125,1.0,0.16441430512422361,True,128.0,400.0,1,512,False,False,-0.6047551535904347,0.028322451360012876
Australia,log_beta_process_2025,tempered_smc_rank_and_particle_quality,inf,inf,0.0,0.0,512,67,1.0,358.4000000000004,512.0,0.7000000000000007,1.0,0.01623975807165812,0.001953125,512,512.0,1.0,0.001953125,1,1.0,1.0,1.0,0.0,0.0,2.0,0.001953125,1.0,0.16441430512422361,True,128.0,400.0,1,512,False,False,-0.3702907806731578,0.032232576388074426
Australia,log_beta_process_2026,tempered_smc_rank_and_particle_quality,inf,inf,0.0,0.0,512,67,1.0,358.4000000000004,512.0,0.7000000000000007,1.0,0.01623975807165812,0.001953125,512,512.0,1.0,0.001953125,1,1.0,1.0,1.0,0.0,0.0,2.0,0.001953125,1.0,0.16441430512422361,True,128.0,400.0,1,512,False,False,-0.4192599122910202,0.0225364981489654
Australia,log_beta_process_2027,tempered_smc_rank_and_particle_quality,inf,inf,0.0,0.0,512,67,1.0,358.4000000000004,512.0,0.7000000000000007,1.0,0.01623975807165812,0.001953125,512,512.0,1.0,0.001953125,1,1.0,1.0,1.0,0.0,0.0,2.0,0.001953125,1.0,0.16441430512422361,True,128.0,400.0,1,512,False,False,-0.22438838732066535,0.5990402914275649
Australia,log_beta_process_2028,tempered_smc_rank_and_particle_quality,inf,inf,0.0,0.0,512,67,1.0,358.4000000000004,512.0,0.7000000000000007,1.0,0.01623975807165812,0.001953125,512,512.0,1.0,0.001953125,1,1.0,1.0,1.0,0.0,0.0,2.0,0.001953125,1.0,0.16441430512422361,True,128.0,400.0,1,512,False,False,-0.1432490756816699,0.6629944215570124
Australia,log_beta_process_2029,tempered_smc_rank_and_particle_quality,inf,inf,0.0,0.0,512,67,1.0,358.4000000000004,512.0,0.7000000000000007,1.0,0.01623975807165812,0.001953125,512,512.0,1.0,0.001953125,1,1.0,1.0,1.0,0.0,0.0,2.0,0.001953125,1.0,0.16441430512422361,True,128.0,400.0,1,512,False,False,-0.11690320318043454,0.6582802391747802
Australia,log_beta_process_2030,tempered_smc_rank_and_particle_quality,inf,inf,0.0,0.0,512,67,1.0,358.4000000000004,512.0,0.7000000000000007,1.0,0.01623975807165812,0.001953125,512,512.0,1.0,0.001953125,1,1.0,1.0,1.0,0.0,0.0,2.0,0.001953125,1.0,0.16441430512422361,True,128.0,400.0,1,512,False,False,-0.07479495458604413,0.6682437010291842
Australia,log_beta_process_2031,tempered_smc_rank_and_particle_quality,inf,inf,0.0,0.0,512,67,1.0,358.4000000000004,512.0,0.7000000000000007,1.0,0.01623975807165812,0.001953125,512,512.0,1.0,0.001953125,1,1.0,1.0,1.0,0.0,0.0,2.0,0.001953125,1.0,0.16441430512422361,True,128.0,400.0,1,512,False,False,-0.044499041408270566,0.7128855925873242
Australia,log_beta_process_2032,tempered_smc_rank_and_particle_quality,inf,inf,0.0,0.0,512,67,1.0,358.4000000000004,512.0,0.7000000000000007,1.0,0.01623975807165812,0.001953125,512,512.0,1.0,0.001953125,1,1.0,1.0,1.0,0.0,0.0,2.0,0.001953125,1.0,0.16441430512422361,True,128.0,400.0,1,512,False,False,-0.001807450037426021,0.6612333007594459
Australia,log_beta_process_2033,tempered_smc_rank_and_particle_quality,inf,inf,0.0,0.0,512,67,1.0,358.4000000000004,512.0,0.7000000000000007,1.0,0.01623975807165812,0.001953125,512,512.0,1.0,0.001953125,1,1.0,1.0,1.0,0.0,0.0,2.0,0.001953125,1.0,0.16441430512422361,True,128.0,400.0,1,512,False,False,-0.01628695555937076,0.6896983217630858
Australia,log_beta_process_2034,tempered_smc_rank_and_particle_quality,inf,inf,0.0,0.0,512,67,1.0,358.4000000000004,512.0,0.7000000000000007,1.0,0.01623975807165812,0.001953125,512,512.0,1.0,0.001953125,1,1.0,1.0,1.0,0.0,0.0,2.0,0.001953125,1.0,0.16441430512422361,True,128.0,400.0,1,512,False,False,0.003933968412312784,0.731638100249874
Australia,log_beta_process_2035,tempered_smc_rank_and_particle_quality,inf,inf,0.0,0.0,512,67,1.0,358.4000000000004,512.0,0.7000000000000007,1.0,0.01623975807165812,0.001953125,512,512.0,1.0,0.001953125,1,1.0,1.0,1.0,0.0,0.0,2.0,0.001953125,1.0,0.16441430512422361,True,128.0,400.0,1,512,False,False,0.012706477277066013,0.7295572846175374
Australia,log_beta_process_2036,tempered_smc_rank_and_particle_quality,inf,inf,0.0,0.0,512,67,1.0,358.4000000000004,512.0,0.7000000000000007,1.0,0.01623975807165812,0.001953125,512,512.0,1.0,0.001953125,1,1.0,1.0,1.0,0.0,0.0,2.0,0.001953125,1.0,0.16441430512422361,True,128.0,400.0,1,512,False,False,0.022532775752937148,0.7470244984518928
Australia,log_beta_process_2037,tempered_smc_rank_and_particle_quality,inf,inf,0.0,0.0,512,67,1.0,358.4000000000004,512.0,0.7000000000000007,1.0,0.01623975807165812,0.001953125,512,512.0,1.0,0.001953125,1,1.0,1.0,1.0,0.0,0.0,2.0,0.001953125,1.0,0.16441430512422361,True,128.0,400.0,1,512,False,False,0.010427670867363367,0.7079257908510133
Australia,log_beta_process_2038,tempered_smc_rank_and_particle_quality,inf,inf,0.0,0.0,512,67,1.0,358.4000000000004,512.0,0.7000000000000007,1.0,0.01623975807165812,0.001953125,512,512.0,1.0,0.001953125,1,1.0,1.0,1.0,0.0,0.0,2.0,0.001953125,1.0,0.16441430512422361,True,128.0,400.0,1,512,False,False,-0.0169657334147154,0.7073483145437115
Australia,log_beta_process_2039,tempered_smc_rank_and_particle_quality,inf,inf,0.0,0.0,512,67,1.0,358.4000000000004,512.0,0.7000000000000007,1.0,0.01623975807165812,0.001953125,512,512.0,1.0,0.001953125,1,1.0,1.0,1.0,0.0,0.0,2.0,0.001953125,1.0,0.16441430512422361,True,128.0,400.0,1,512,False,False,-0.04171082074881753,0.6976052920524203
Australia,log_beta_process_2040,tempered_smc_rank_and_particle_quality,inf,inf,0.0,0.0,512,67,1.0,358.4000000000004,512.0,0.7000000000000007,1.0,0.01623975807165812,0.001953125,512,512.0,1.0,0.001953125,1,1.0,1.0,1.0,0.0,0.0,2.0,0.001953125,1.0,0.16441430512422361,True,128.0,400.0,1,512,False,False,-0.030708896471180545,0.6873692779836094
Australia,log_beta_process_2041,tempered_smc_rank_and_particle_quality,inf,inf,0.0,0.0,512,67,1.0,358.4000000000004,512.0,0.7000000000000007,1.0,0.01623975807165812,0.001953125,512,512.0,1.0,0.001953125,1,1.0,1.0,1.0,0.0,0.0,2.0,0.001953125,1.0,0.16441430512422361,True,128.0,400.0,1,512,False,False,0.02131815910044023,0.7250731001495693
Australia,log_beta_process_2042,tempered_smc_rank_and_particle_quality,inf,inf,0.0,0.0,512,67,1.0,358.4000000000004,512.0,0.7000000000000007,1.0,0.01623975807165812,0.001953125,512,512.0,1.0,0.001953125,1,1.0,1.0,1.0,0.0,0.0,2.0,0.001953125,1.0,0.16441430512422361,True,128.0,400.0,1,512,False,False,0.004045793399880204,0.685157104469166
Australia,log_beta_process_2043,tempered_smc_rank_and_particle_quality,inf,inf,0.0,0.0,512,67,1.0,358.4000000000004,512.0,0.7000000000000007,1.0,0.01623975807165812,0.001953125,512,512.0,1.0,0.001953125,1,1.0,1.0,1.0,0.0,0.0,2.0,0.001953125,1.0,0.16441430512422361,True,128.0,400.0,1,512,False,False,-0.007031406165490398,0.6856069388422809
Australia,log_beta_process_2044,tempered_smc_rank_and_particle_quality,inf,inf,0.0,0.0,512,67,1.0,358.4000000000004,512.0,0.7000000000000007,1.0,0.01623975807165812,0.001953125,512,512.0,1.0,0.001953125,1,1.0,1.0,1.0,0.0,0.0,2.0,0.001953125,1.0,0.16441430512422361,True,128.0,400.0,1,512,False,False,0.015983334080824425,0.6974402721764873
Australia,log_beta_process_2045,tempered_smc_rank_and_particle_quality,inf,inf,0.0,0.0,512,67,1.0,358.4000000000004,512.0,0.7000000000000007,1.0,0.01623975807165812,0.001953125,512,512.0,1.0,0.001953125,1,1.0,1.0,1.0,0.0,0.0,2.0,0.001953125,1.0,0.16441430512422361,True,128.0,400.0,1,512,False,False,-0.007527490202838718,0.6801493071822948
Australia,log_beta_process_2046,tempered_smc_rank_and_particle_quality,inf,inf,0.0,0.0,512,67,1.0,358.4000000000004,512.0,0.7000000000000007,1.0,0.01623975807165812,0.001953125,512,512.0,1.0,0.001953125,1,1.0,1.0,1.0,0.0,0.0,2.0,0.001953125,1.0,0.16441430512422361,True,128.0,400.0,1,512,False,False,0.02492576184725363,0.6953726226544706
Australia,log_beta_process_2047,tempered_smc_rank_and_particle_quality,inf,inf,0.0,0.0,512,67,1.0,358.4000000000004,512.0,0.7000000000000007,1.0,0.01623975807165812,0.001953125,512,512.0,1.0,0.001953125,1,1.0,1.0,1.0,0.0,0.0,2.0,0.001953125,1.0,0.16441430512422361,True,128.0,400.0,1,512,False,False,-0.01591015424028816,0.7009157846475165
Australia,log_beta_process_2048,tempered_smc_rank_and_particle_quality,inf,inf,0.0,0.0,512,67,1.0,358.4000000000004,512.0,0.7000000000000007,1.0,0.01623975807165812,0.001953125,512,512.0,1.0,0.001953125,1,1.0,1.0,1.0,0.0,0.0,2.0,0.001953125,1.0,0.16441430512422361,True,128.0,400.0,1,512,False,False,-0.03240977546652182,0.7049765523649161
Australia,log_beta_process_2049,tempered_smc_rank_and_particle_quality,inf,inf,0.0,0.0,512,67,1.0,358.4000000000004,512.0,0.7000000000000007,1.0,0.01623975807165812,0.001953125,512,512.0,1.0,0.001953125,1,1.0,1.0,1.0,0.0,0.0,2.0,0.001953125,1.0,0.16441430512422361,True,128.0,400.0,1,512,False,False,-0.030940409917081323,0.7276144918637533
Australia,log_beta_process_2050,tempered_smc_rank_and_particle_quality,inf,inf,0.0,0.0,512,67,1.0,358.4000000000004,512.0,0.7000000000000007,1.0,0.01623975807165812,0.001953125,512,512.0,1.0,0.001953125,1,1.0,1.0,1.0,0.0,0.0,2.0,0.001953125,1.0,0.16441430512422361,True,128.0,400.0,1,512,False,False,-0.03093662732602382,0.6932699105912925
China,VE_sus,tempered_smc_rank_and_particle_quality,inf,inf,0.0,0.0,512,67,1.0,358.4000000000004,512.0,0.7000000000000007,1.0,0.01623975807165812,0.001953125,512,512.0,1.0,0.001953125,1,1.0,1.0,1.0,0.0,0.0,2.0,0.001953125,1.0,0.16441430512422361,True,128.0,400.0,1,512,False,False,0.042627626537489305,0.00976028086206791
China,VE_inf,tempered_smc_rank_and_particle_quality,inf,inf,0.0,0.0,512,67,1.0,358.4000000000004,512.0,0.7000000000000007,1.0,0.01623975807165812,0.001953125,512,512.0,1.0,0.001953125,1,1.0,1.0,1.0,0.0,0.0,2.0,0.001953125,1.0,0.16441430512422361,True,128.0,400.0,1,512,False,False,0.07458173548436564,0.01066418907967471
China,VE_dur,tempered_smc_rank_and_particle_quality,inf,inf,0.0,0.0,512,67,1.0,358.4000000000004,512.0,0.7000000000000007,1.0,0.01623975807165812,0.001953125,512,512.0,1.0,0.001953125,1,1.0,1.0,1.0,0.0,0.0,2.0,0.001953125,1.0,0.16441430512422361,True,128.0,400.0,1,512,False,False,0.02050234301775682,0.008900470651004537
China,relative_infectiousness_asymptomatic,tempered_smc_rank_and_particle_quality,inf,inf,0.0,0.0,512,67,1.0,358.4000000000004,512.0,0.7000000000000007,1.0,0.01623975807165812,0.001953125,512,512.0,1.0,0.001953125,1,1.0,1.0,1.0,0.0,0.0,2.0,0.001953125,1.0,0.16441430512422361,True,128.0,400.0,1,512,False,False,0.7205483369164183,0.011903077309121142
China,infectious_duration_symptomatic,tempered_smc_rank_and_particle_quality,inf,inf,0.0,0.0,512,67,1.0,358.4000000000004,512.0,0.7000000000000007,1.0,0.01623975807165812,0.001953125,512,512.0,1.0,0.001953125,1,1.0,1.0,1.0,0.0,0.0,2.0,0.001953125,1.0,0.16441430512422361,True,128.0,400.0,1,512,False,False,23.34086924554034,1.1087249042223009
China,infectious_duration_asymptomatic,tempered_smc_rank_and_particle_quality,inf,inf,0.0,0.0,512,67,1.0,358.4000000000004,512.0,0.7000000000000007,1.0,0.01623975807165812,0.001953125,512,512.0,1.0,0.001953125,1,1.0,1.0,1.0,0.0,0.0,2.0,0.001953125,1.0,0.16441430512422361,True,128.0,400.0,1,512,False,False,25.8544440906702,0.5369289296886472
China,fitness_R,tempered_smc_rank_and_particle_quality,inf,inf,0.0,0.0,512,67,1.0,358.4000000000004,512.0,0.7000000000000007,1.0,0.01623975807165812,0.001953125,512,512.0,1.0,0.001953125,1,1.0,1.0,1.0,0.0,0.0,2.0,0.001953125,1.0,0.16441430512422361,True,128.0,400.0,1,512,False,False,0.9104055859463241,0.00522493194194408
China,beta_S,tempered_smc_rank_and_particle_quality,inf,inf,0.0,0.0,512,67,1.0,358.4000000000004,512.0,0.7000000000000007,1.0,0.01623975807165812,0.001953125,512,512.0,1.0,0.001953125,1,1.0,1.0,1.0,0.0,0.0,2.0,0.001953125,1.0,0.16441430512422361,True,128.0,400.0,1,512,False,False,0.010010303084507724,0.00016552193111328092
China,reporting_multiplier,tempered_smc_rank_and_particle_quality,inf,inf,0.0,0.0,512,67,1.0,358.4000000000004,512.0,0.7000000000000007,1.0,0.01623975807165812,0.001953125,512,512.0,1.0,0.001953125,1,1.0,1.0,1.0,0.0,0.0,2.0,0.001953125,1.0,0.16441430512422361,True,128.0,400.0,1,512,False,False,0.716586212040533,0.009483800276521395
China,log_beta_process_2021,tempered_smc_rank_and_particle_quality,inf,inf,0.0,0.0,512,67,1.0,358.4000000000004,512.0,0.7000000000000007,1.0,0.01623975807165812,0.001953125,512,512.0,1.0,0.001953125,1,1.0,1.0,1.0,0.0,0.0,2.0,0.001953125,1.0,0.16441430512422361,True,128.0,400.0,1,512,False,False,1.5705420918906734,0.013087710419683414
China,log_beta_process_2022,tempered_smc_rank_and_particle_quality,inf,inf,0.0,0.0,512,67,1.0,358.4000000000004,512.0,0.7000000000000007,1.0,0.01623975807165812,0.001953125,512,512.0,1.0,0.001953125,1,1.0,1.0,1.0,0.0,0.0,2.0,0.001953125,1.0,0.16441430512422361,True,128.0,400.0,1,512,False,False,0.8090079255645634,0.011048084002020613
China,log_beta_process_2023,tempered_smc_rank_and_particle_quality,inf,inf,0.0,0.0,512,67,1.0,358.4000000000004,512.0,0.7000000000000007,1.0,0.01623975807165812,0.001953125,512,512.0,1.0,0.001953125,1,1.0,1.0,1.0,0.0,0.0,2.0,0.001953125,1.0,0.16441430512422361,True,128.0,400.0,1,512,False,False,0.38750576381044516,0.012918122995501338
China,log_beta_process_2024,tempered_smc_rank_and_particle_quality,inf,inf,0.0,0.0,512,67,1.0,358.4000000000004,512.0,0.7000000000000007,1.0,0.01623975807165812,0.001953125,512,512.0,1.0,0.001953125,1,1.0,1.0,1.0,0.0,0.0,2.0,0.001953125,1.0,0.16441430512422361,True,128.0,400.0,1,512,False,False,-0.14000759580608596,0.014368080039244254
China,log_beta_process_2025,tempered_smc_rank_and_particle_quality,inf,inf,0.0,0.0,512,67,1.0,358.4000000000004,512.0,0.7000000000000007,1.0,0.01623975807165812,0.001953125,512,512.0,1.0,0.001953125,1,1.0,1.0,1.0,0.0,0.0,2.0,0.001953125,1.0,0.16441430512422361,True,128.0,400.0,1,512,False,False,-0.790078185391609,0.012744425661567995
China,log_beta_process_2026,tempered_smc_rank_and_particle_quality,inf,inf,0.0,0.0,512,67,1.0,358.4000000000004,512.0,0.7000000000000007,1.0,0.01623975807165812,0.001953125,512,512.0,1.0,0.001953125,1,1.0,1.0,1.0,0.0,0.0,2.0,0.001953125,1.0,0.16441430512422361,True,128.0,400.0,1,512,False,False,0.7923241030613584,0.013008397991876605
China,log_beta_process_2027,tempered_smc_rank_and_particle_quality,inf,inf,0.0,0.0,512,67,1.0,358.4000000000004,512.0,0.7000000000000007,1.0,0.01623975807165812,0.001953125,512,512.0,1.0,0.001953125,1,1.0,1.0,1.0,0.0,0.0,2.0,0.001953125,1.0,0.16441430512422361,True,128.0,400.0,1,512,False,False,0.3852422775838329,0.5893590801779665
China,log_beta_process_2028,tempered_smc_rank_and_particle_quality,inf,inf,0.0,0.0,512,67,1.0,358.4000000000004,512.0,0.7000000000000007,1.0,0.01623975807165812,0.001953125,512,512.0,1.0,0.001953125,1,1.0,1.0,1.0,0.0,0.0,2.0,0.001953125,1.0,0.16441430512422361,True,128.0,400.0,1,512,False,False,0.18160466106712508,0.6554000791465783
China,log_beta_process_2029,tempered_smc_rank_and_particle_quality,inf,inf,0.0,0.0,512,67,1.0,358.4000000000004,512.0,0.7000000000000007,1.0,0.01623975807165812,0.001953125,512,512.0,1.0,0.001953125,1,1.0,1.0,1.0,0.0,0.0,2.0,0.001953125,1.0,0.16441430512422361,True,128.0,400.0,1,512,False,False,0.11545685112174849,0.6486066503809722
China,log_beta_process_2030,tempered_smc_rank_and_particle_quality,inf,inf,0.0,0.0,512,67,1.0,358.4000000000004,512.0,0.7000000000000007,1.0,0.01623975807165812,0.001953125,512,512.0,1.0,0.001953125,1,1.0,1.0,1.0,0.0,0.0,2.0,0.001953125,1.0,0.16441430512422361,True,128.0,400.0,1,512,False,False,0.06644763992511983,0.6412352548852248
China,log_beta_process_2031,tempered_smc_rank_and_particle_quality,inf,inf,0.0,0.0,512,67,1.0,358.4000000000004,512.0,0.7000000000000007,1.0,0.01623975807165812,0.001953125,512,512.0,1.0,0.001953125,1,1.0,1.0,1.0,0.0,0.0,2.0,0.001953125,1.0,0.16441430512422361,True,128.0,400.0,1,512,False,False,-0.0062195609702575,0.6540774158762669
China,log_beta_process_2032,tempered_smc_rank_and_particle_quality,inf,inf,0.0,0.0,512,67,1.0,358.4000000000004,512.0,0.7000000000000007,1.0,0.01623975807165812,0.001953125,512,512.0,1.0,0.001953125,1,1.0,1.0,1.0,0.0,0.0,2.0,0.001953125,1.0,0.16441430512422361,True,128.0,400.0,1,512,False,False,-0.008402475346287411,0.6978509945089335
China,log_beta_process_2033,tempered_smc_rank_and_particle_quality,inf,inf,0.0,0.0,512,67,1.0,358.4000000000004,512.0,0.7000000000000007,1.0,0.01623975807165812,0.001953125,512,512.0,1.0,0.001953125,1,1.0,1.0,1.0,0.0,0.0,2.0,0.001953125,1.0,0.16441430512422361,True,128.0,400.0,1,512,False,False,0.07043122461723236,0.6964492718830936
China,log_beta_process_2034,tempered_smc_rank_and_particle_quality,inf,inf,0.0,0.0,512,67,1.0,358.4000000000004,512.0,0.7000000000000007,1.0,0.01623975807165812,0.001953125,512,512.0,1.0,0.001953125,1,1.0,1.0,1.0,0.0,0.0,2.0,0.001953125,1.0,0.16441430512422361,True,128.0,400.0,1,512,False,False,0.055959465923753955,0.6907513020181101
China,log_beta_process_2035,tempered_smc_rank_and_particle_quality,inf,inf,0.0,0.0,512,67,1.0,358.4000000000004,512.0,0.7000000000000007,1.0,0.01623975807165812,0.001953125,512,512.0,1.0,0.001953125,1,1.0,1.0,1.0,0.0,0.0,2.0,0.001953125,1.0,0.16441430512422361,True,128.0,400.0,1,512,False,False,0.06988380161726589,0.6827298322686921
China,log_beta_process_2036,tempered_smc_rank_and_particle_quality,inf,inf,0.0,0.0,512,67,1.0,358.4000000000004,512.0,0.7000000000000007,1.0,0.01623975807165812,0.001953125,512,512.0,1.0,0.001953125,1,1.0,1.0,1.0,0.0,0.0,2.0,0.001953125,1.0,0.16441430512422361,True,128.0,400.0,1,512,False,False,0.024017510068314953,0.6632407472158987
China,log_beta_process_2037,tempered_smc_rank_and_particle_quality,inf,inf,0.0,0.0,512,67,1.0,358.4000000000004,512.0,0.7000000000000007,1.0,0.01623975807165812,0.001953125,512,512.0,1.0,0.001953125,1,1.0,1.0,1.0,0.0,0.0,2.0,0.001953125,1.0,0.16441430512422361,True,128.0,400.0,1,512,False,False,0.03623687769742946,0.6704814347100768
China,log_beta_process_2038,tempered_smc_rank_and_particle_quality,inf,inf,0.0,0.0,512,67,1.0,358.4000000000004,512.0,0.7000000000000007,1.0,0.01623975807165812,0.001953125,512,512.0,1.0,0.001953125,1,1.0,1.0,1.0,0.0,0.0,2.0,0.001953125,1.0,0.16441430512422361,True,128.0,400.0,1,512,False,False,0.02956416029171464,0.6876805320455724
China,log_beta_process_2039,tempered_smc_rank_and_particle_quality,inf,inf,0.0,0.0,512,67,1.0,358.4000000000004,512.0,0.7000000000000007,1.0,0.01623975807165812,0.001953125,512,512.0,1.0,0.001953125,1,1.0,1.0,1.0,0.0,0.0,2.0,0.001953125,1.0,0.16441430512422361,True,128.0,400.0,1,512,False,False,-0.012737582783152696,0.6685505891327597
China,log_beta_process_2040,tempered_smc_rank_and_particle_quality,inf,inf,0.0,0.0,512,67,1.0,358.4000000000004,512.0,0.7000000000000007,1.0,0.01623975807165812,0.001953125,512,512.0,1.0,0.001953125,1,1.0,1.0,1.0,0.0,0.0,2.0,0.001953125,1.0,0.16441430512422361,True,128.0,400.0,1,512,False,False,-0.0037631532612359764,0.684422872747094
China,log_beta_process_2041,tempered_smc_rank_and_particle_quality,inf,inf,0.0,0.0,512,67,1.0,358.4000000000004,512.0,0.7000000000000007,1.0,0.01623975807165812,0.001953125,512,512.0,1.0,0.001953125,1,1.0,1.0,1.0,0.0,0.0,2.0,0.001953125,1.0,0.16441430512422361,True,128.0,400.0,1,512,False,False,0.021320447442780485,0.6953032508930813
China,log_beta_process_2042,tempered_smc_rank_and_particle_quality,inf,inf,0.0,0.0,512,67,1.0,358.4000000000004,512.0,0.7000000000000007,1.0,0.01623975807165812,0.001953125,512,512.0,1.0,0.001953125,1,1.0,1.0,1.0,0.0,0.0,2.0,0.001953125,1.0,0.16441430512422361,True,128.0,400.0,1,512,False,False,0.013265340341287547,0.7481360460562926
China,log_beta_process_2043,tempered_smc_rank_and_particle_quality,inf,inf,0.0,0.0,512,67,1.0,358.4000000000004,512.0,0.7000000000000007,1.0,0.01623975807165812,0.001953125,512,512.0,1.0,0.001953125,1,1.0,1.0,1.0,0.0,0.0,2.0,0.001953125,1.0,0.16441430512422361,True,128.0,400.0,1,512,False,False,-0.017168552981972434,0.6907154326637001
China,log_beta_process_2044,tempered_smc_rank_and_particle_quality,inf,inf,0.0,0.0,512,67,1.0,358.4000000000004,512.0,0.7000000000000007,1.0,0.01623975807165812,0.001953125,512,512.0,1.0,0.001953125,1,1.0,1.0,1.0,0.0,0.0,2.0,0.001953125,1.0,0.16441430512422361,True,128.0,400.0,1,512,False,False,-0.040847872733169796,0.7023284786493166
China,log_beta_process_2045,tempered_smc_rank_and_particle_quality,inf,inf,0.0,0.0,512,67,1.0,358.4000000000004,512.0,0.7000000000000007,1.0,0.01623975807165812,0.001953125,512,512.0,1.0,0.001953125,1,1.0,1.0,1.0,0.0,0.0,2.0,0.001953125,1.0,0.16441430512422361,True,128.0,400.0,1,512,False,False,-0.011979407518636256,0.7164234245517753
China,log_beta_process_2046,tempered_smc_rank_and_particle_quality,inf,inf,0.0,0.0,512,67,1.0,358.4000000000004,512.0,0.7000000000000007,1.0,0.01623975807165812,0.001953125,512,512.0,1.0,0.001953125,1,1.0,1.0,1.0,0.0,0.0,2.0,0.001953125,1.0,0.16441430512422361,True,128.0,400.0,1,512,False,False,-0.022635388199037744,0.7072476399072513
China,log_beta_process_2047,tempered_smc_rank_and_particle_quality,inf,inf,0.0,0.0,512,67,1.0,358.4000000000004,512.0,0.7000000000000007,1.0,0.01623975807165812,0.001953125,512,512.0,1.0,0.001953125,1,1.0,1.0,1.0,0.0,0.0,2.0,0.001953125,1.0,0.16441430512422361,True,128.0,400.0,1,512,False,False,0.04534632598734903,0.6960506760244984
China,log_beta_process_2048,tempered_smc_rank_and_particle_quality,inf,inf,0.0,0.0,512,67,1.0,358.4000000000004,512.0,0.7000000000000007,1.0,0.01623975807165812,0.001953125,512,512.0,1.0,0.001953125,1,1.0,1.0,1.0,0.0,0.0,2.0,0.001953125,1.0,0.16441430512422361,True,128.0,400.0,1,512,False,False,-0.007204188364373235,0.6940251165281661
China,log_beta_process_2049,tempered_smc_rank_and_particle_quality,inf,inf,0.0,0.0,512,67,1.0,358.4000000000004,512.0,0.7000000000000007,1.0,0.01623975807165812,0.001953125,512,512.0,1.0,0.001953125,1,1.0,1.0,1.0,0.0,0.0,2.0,0.001953125,1.0,0.16441430512422361,True,128.0,400.0,1,512,False,False,0.0173393225382368,0.6684439368824817
China,log_beta_process_2050,tempered_smc_rank_and_particle_quality,inf,inf,0.0,0.0,512,67,1.0,358.4000000000004,512.0,0.7000000000000007,1.0,0.01623975807165812,0.001953125,512,512.0,1.0,0.001953125,1,1.0,1.0,1.0,0.0,0.0,2.0,0.001953125,1.0,0.16441430512422361,True,128.0,400.0,1,512,False,False,0.004638074963388352,0.6597223469676747
United_Kingdom,VE_sus,tempered_smc_rank_and_particle_quality,inf,inf,0.0,0.0,512,67,1.0,358.4000000000004,512.0,0.7000000000000007,1.0,0.01623975807165812,0.001953125,512,512.0,1.0,0.001953125,1,1.0,1.0,1.0,0.0,0.0,2.0,0.001953125,1.0,0.16441430512422361,True,128.0,400.0,1,512,False,False,0.042627626537489305,0.00976028086206791
United_Kingdom,VE_inf,tempered_smc_rank_and_particle_quality,inf,inf,0.0,0.0,512,67,1.0,358.4000000000004,512.0,0.7000000000000007,1.0,0.01623975807165812,0.001953125,512,512.0,1.0,0.001953125,1,1.0,1.0,1.0,0.0,0.0,2.0,0.001953125,1.0,0.16441430512422361,True,128.0,400.0,1,512,False,False,0.07458173548436564,0.01066418907967471
United_Kingdom,VE_dur,tempered_smc_rank_and_particle_quality,inf,inf,0.0,0.0,512,67,1.0,358.4000000000004,512.0,0.7000000000000007,1.0,0.01623975807165812,0.001953125,512,512.0,1.0,0.001953125,1,1.0,1.0,1.0,0.0,0.0,2.0,0.001953125,1.0,0.16441430512422361,True,128.0,400.0,1,512,False,False,0.02050234301775682,0.008900470651004537
United_Kingdom,relative_infectiousness_asymptomatic,tempered_smc_rank_and_particle_quality,inf,inf,0.0,0.0,512,67,1.0,358.4000000000004,512.0,0.7000000000000007,1.0,0.01623975807165812,0.001953125,512,512.0,1.0,0.001953125,1,1.0,1.0,1.0,0.0,0.0,2.0,0.001953125,1.0,0.16441430512422361,True,128.0,400.0,1,512,False,False,0.7205483369164183,0.011903077309121142
United_Kingdom,infectious_duration_symptomatic,tempered_smc_rank_and_particle_quality,inf,inf,0.0,0.0,512,67,1.0,358.4000000000004,512.0,0.7000000000000007,1.0,0.01623975807165812,0.001953125,512,512.0,1.0,0.001953125,1,1.0,1.0,1.0,0.0,0.0,2.0,0.001953125,1.0,0.16441430512422361,True,128.0,400.0,1,512,False,False,23.34086924554034,1.1087249042223009
United_Kingdom,infectious_duration_asymptomatic,tempered_smc_rank_and_particle_quality,inf,inf,0.0,0.0,512,67,1.0,358.4000000000004,512.0,0.7000000000000007,1.0,0.01623975807165812,0.001953125,512,512.0,1.0,0.001953125,1,1.0,1.0,1.0,0.0,0.0,2.0,0.001953125,1.0,0.16441430512422361,True,128.0,400.0,1,512,False,False,25.8544440906702,0.5369289296886472
United_Kingdom,fitness_R,tempered_smc_rank_and_particle_quality,inf,inf,0.0,0.0,512,67,1.0,358.4000000000004,512.0,0.7000000000000007,1.0,0.01623975807165812,0.001953125,512,512.0,1.0,0.001953125,1,1.0,1.0,1.0,0.0,0.0,2.0,0.001953125,1.0,0.16441430512422361,True,128.0,400.0,1,512,False,False,0.9104055859463241,0.00522493194194408
United_Kingdom,beta_S,tempered_smc_rank_and_particle_quality,inf,inf,0.0,0.0,512,67,1.0,358.4000000000004,512.0,0.7000000000000007,1.0,0.01623975807165812,0.001953125,512,512.0,1.0,0.001953125,1,1.0,1.0,1.0,0.0,0.0,2.0,0.001953125,1.0,0.16441430512422361,True,128.0,400.0,1,512,False,False,0.032867734424522545,0.0014073478326099439
United_Kingdom,reporting_multiplier,tempered_smc_rank_and_particle_quality,inf,inf,0.0,0.0,512,67,1.0,358.4000000000004,512.0,0.7000000000000007,1.0,0.01623975807165812,0.001953125,512,512.0,1.0,0.001953125,1,1.0,1.0,1.0,0.0,0.0,2.0,0.001953125,1.0,0.16441430512422361,True,128.0,400.0,1,512,False,False,0.22505061801388881,0.005560261723181551
United_Kingdom,log_beta_process_2019,tempered_smc_rank_and_particle_quality,inf,inf,0.0,0.0,512,67,1.0,358.4000000000004,512.0,0.7000000000000007,1.0,0.01623975807165812,0.001953125,512,512.0,1.0,0.001953125,1,1.0,1.0,1.0,0.0,0.0,2.0,0.001953125,1.0,0.16441430512422361,True,128.0,400.0,1,512,False,False,1.7170131688892754,0.046148860688283874
United_Kingdom,log_beta_process_2020,tempered_smc_rank_and_particle_quality,inf,inf,0.0,0.0,512,67,1.0,358.4000000000004,512.0,0.7000000000000007,1.0,0.01623975807165812,0.001953125,512,512.0,1.0,0.001953125,1,1.0,1.0,1.0,0.0,0.0,2.0,0.001953125,1.0,0.16441430512422361,True,128.0,400.0,1,512,False,False,1.4328547915188121,0.05624253631704013
United_Kingdom,log_beta_process_2021,tempered_smc_rank_and_particle_quality,inf,inf,0.0,0.0,512,67,1.0,358.4000000000004,512.0,0.7000000000000007,1.0,0.01623975807165812,0.001953125,512,512.0,1.0,0.001953125,1,1.0,1.0,1.0,0.0,0.0,2.0,0.001953125,1.0,0.16441430512422361,True,128.0,400.0,1,512,False,False,0.9084488504861579,0.030256958257471312
United_Kingdom,log_beta_process_2022,tempered_smc_rank_and_particle_quality,inf,inf,0.0,0.0,512,67,1.0,358.4000000000004,512.0,0.7000000000000007,1.0,0.01623975807165812,0.001953125,512,512.0,1.0,0.001953125,1,1.0,1.0,1.0,0.0,0.0,2.0,0.001953125,1.0,0.16441430512422361,True,128.0,400.0,1,512,False,False,0.16610141405097384,0.03405524669379206
United_Kingdom,log_beta_process_2023,tempered_smc_rank_and_particle_quality,inf,inf,0.0,0.0,512,67,1.0,358.4000000000004,512.0,0.7000000000000007,1.0,0.01623975807165812,0.001953125,512,512.0,1.0,0.001953125,1,1.0,1.0,1.0,0.0,0.0,2.0,0.001953125,1.0,0.16441430512422361,True,128.0,400.0,1,512,False,False,0.09575425711199376,0.040843794931690804
United_Kingdom,log_beta_process_2024,tempered_smc_rank_and_particle_quality,inf,inf,0.0,0.0,512,67,1.0,358.4000000000004,512.0,0.7000000000000007,1.0,0.01623975807165812,0.001953125,512,512.0,1.0,0.001953125,1,1.0,1.0,1.0,0.0,0.0,2.0,0.001953125,1.0,0.16441430512422361,True,128.0,400.0,1,512,False,False,0.030230498403454886,0.03530440159903824
United_Kingdom,log_beta_process_2025,tempered_smc_rank_and_particle_quality,inf,inf,0.0,0.0,512,67,1.0,358.4000000000004,512.0,0.7000000000000007,1.0,0.01623975807165812,0.001953125,512,512.0,1.0,0.001953125,1,1.0,1.0,1.0,0.0,0.0,2.0,0.001953125,1.0,0.16441430512422361,True,128.0,400.0,1,512,False,False,-0.984595513424288,0.032086222646405205
United_Kingdom,log_beta_process_2026,tempered_smc_rank_and_particle_quality,inf,inf,0.0,0.0,512,67,1.0,358.4000000000004,512.0,0.7000000000000007,1.0,0.01623975807165812,0.001953125,512,512.0,1.0,0.001953125,1,1.0,1.0,1.0,0.0,0.0,2.0,0.001953125,1.0,0.16441430512422361,True,128.0,400.0,1,512,False,False,-0.5005943187227445,0.5831298934568262
United_Kingdom,log_beta_process_2027,tempered_smc_rank_and_particle_quality,inf,inf,0.0,0.0,512,67,1.0,358.4000000000004,512.0,0.7000000000000007,1.0,0.01623975807165812,0.001953125,512,512.0,1.0,0.001953125,1,1.0,1.0,1.0,0.0,0.0,2.0,0.001953125,1.0,0.16441430512422361,True,128.0,400.0,1,512,False,False,-0.241338607899161,0.6860276606092763
United_Kingdom,log_beta_process_2028,tempered_smc_rank_and_particle_quality,inf,inf,0.0,0.0,512,67,1.0,358.4000000000004,512.0,0.7000000000000007,1.0,0.01623975807165812,0.001953125,512,512.0,1.0,0.001953125,1,1.0,1.0,1.0,0.0,0.0,2.0,0.001953125,1.0,0.16441430512422361,True,128.0,400.0,1,512,False,False,-0.08026616818130063,0.6705248118394451
United_Kingdom,log_beta_process_2029,tempered_smc_rank_and_particle_quality,inf,inf,0.0,0.0,512,67,1.0,358.4000000000004,512.0,0.7000000000000007,1.0,0.01623975807165812,0.001953125,512,512.0,1.0,0.001953125,1,1.0,1.0,1.0,0.0,0.0,2.0,0.001953125,1.0,0.16441430512422361,True,128.0,400.0,1,512,False,False,-0.04420624353068646,0.6932070151270429
United_Kingdom,log_beta_process_2030,tempered_smc_rank_and_particle_quality,inf,inf,0.0,0.0,512,67,1.0,358.4000000000004,512.0,0.7000000000000007,1.0,0.01623975807165812,0.001953125,512,512.0,1.0,0.001953125,1,1.0,1.0,1.0,0.0,0.0,2.0,0.001953125,1.0,0.16441430512422361,True,128.0,400.0,1,512,False,False,-0.032574546436621526,0.6607644267676217
United_Kingdom,log_beta_process_2031,tempered_smc_rank_and_particle_quality,inf,inf,0.0,0.0,512,67,1.0,358.4000000000004,512.0,0.7000000000000007,1.0,0.01623975807165812,0.001953125,512,512.0,1.0,0.001953125,1,1.0,1.0,1.0,0.0,0.0,2.0,0.001953125,1.0,0.16441430512422361,True,128.0,400.0,1,512,False,False,-0.005485333453387169,0.6781643273634952
United_Kingdom,log_beta_process_2032,tempered_smc_rank_and_particle_quality,inf,inf,0.0,0.0,512,67,1.0,358.4000000000004,512.0,0.7000000000000007,1.0,0.01623975807165812,0.001953125,512,512.0,1.0,0.001953125,1,1.0,1.0,1.0,0.0,0.0,2.0,0.001953125,1.0,0.16441430512422361,True,128.0,400.0,1,512,False,False,-0.06092075422004772,0.6926603516365142
United_Kingdom,log_beta_process_2033,tempered_smc_rank_and_particle_quality,inf,inf,0.0,0.0,512,67,1.0,358.4000000000004,512.0,0.7000000000000007,1.0,0.01623975807165812,0.001953125,512,512.0,1.0,0.001953125,1,1.0,1.0,1.0,0.0,0.0,2.0,0.001953125,1.0,0.16441430512422361,True,128.0,400.0,1,512,False,False,-0.027993746246584482,0.7163635070422324
United_Kingdom,log_beta_process_2034,tempered_smc_rank_and_particle_quality,inf,inf,0.0,0.0,512,67,1.0,358.4000000000004,512.0,0.7000000000000007,1.0,0.01623975807165812,0.001953125,512,512.0,1.0,0.001953125,1,1.0,1.0,1.0,0.0,0.0,2.0,0.001953125,1.0,0.16441430512422361,True,128.0,400.0,1,512,False,False,-0.008140321209641352,0.6966452494698573
United_Kingdom,log_beta_process_2035,tempered_smc_rank_and_particle_quality,inf,inf,0.0,0.0,512,67,1.0,358.4000000000004,512.0,0.7000000000000007,1.0,0.01623975807165812,0.001953125,512,512.0,1.0,0.001953125,1,1.0,1.0,1.0,0.0,0.0,2.0,0.001953125,1.0,0.16441430512422361,True,128.0,400.0,1,512,False,False,0.010811365793520307,0.6945353627695807
United_Kingdom,log_beta_process_2036,tempered_smc_rank_and_particle_quality,inf,inf,0.0,0.0,512,67,1.0,358.4000000000004,512.0,0.7000000000000007,1.0,0.01623975807165812,0.001953125,512,512.0,1.0,0.001953125,1,1.0,1.0,1.0,0.0,0.0,2.0,0.001953125,1.0,0.16441430512422361,True,128.0,400.0,1,512,False,False,0.007476482763865172,0.6620916639794217
United_Kingdom,log_beta_process_2037,tempered_smc_rank_and_particle_quality,inf,inf,0.0,0.0,512,67,1.0,358.4000000000004,512.0,0.7000000000000007,1.0,0.01623975807165812,0.001953125,512,512.0,1.0,0.001953125,1,1.0,1.0,1.0,0.0,0.0,2.0,0.001953125,1.0,0.16441430512422361,True,128.0,400.0,1,512,False,False,0.01049758138000751,0.7006226553380126
United_Kingdom,log_beta_process_2038,tempered_smc_rank_and_particle_quality,inf,inf,0.0,0.0,512,67,1.0,358.4000000000004,512.0,0.7000000000000007,1.0,0.01623975807165812,0.001953125,512,512.0,1.0,0.001953125,1,1.0,1.0,1.0,0.0,0.0,2.0,0.001953125,1.0,0.16441430512422361,True,128.0,400.0,1,512,False,False,0.04362125121377253,0.724600726399852
United_Kingdom,log_beta_process_2039,tempered_smc_rank_and_particle_quality,inf,inf,0.0,0.0,512,67,1.0,358.4000000000004,512.0,0.7000000000000007,1.0,0.01623975807165812,0.001953125,512,512.0,1.0,0.001953125,1,1.0,1.0,1.0,0.0,0.0,2.0,0.001953125,1.0,0.16441430512422361,True,128.0,400.0,1,512,False,False,0.033877441800669594,0.7096909295312483
United_Kingdom,log_beta_process_2040,tempered_smc_rank_and_particle_quality,inf,inf,0.0,0.0,512,67,1.0,358.4000000000004,512.0,0.7000000000000007,1.0,0.01623975807165812,0.001953125,512,512.0,1.0,0.001953125,1,1.0,1.0,1.0,0.0,0.0,2.0,0.001953125,1.0,0.16441430512422361,True,128.0,400.0,1,512,False,False,0.03134335226580087,0.7292642941398044
United_Kingdom,log_beta_process_2041,tempered_smc_rank_and_particle_quality,inf,inf,0.0,0.0,512,67,1.0,358.4000000000004,512.0,0.7000000000000007,1.0,0.01623975807165812,0.001953125,512,512.0,1.0,0.001953125,1,1.0,1.0,1.0,0.0,0.0,2.0,0.001953125,1.0,0.16441430512422361,True,128.0,400.0,1,512,False,False,0.006883671291494101,0.7153119585936657
United_Kingdom,log_beta_process_2042,tempered_smc_rank_and_particle_quality,inf,inf,0.0,0.0,512,67,1.0,358.4000000000004,512.0,0.7000000000000007,1.0,0.01623975807165812,0.001953125,512,512.0,1.0,0.001953125,1,1.0,1.0,1.0,0.0,0.0,2.0,0.001953125,1.0,0.16441430512422361,True,128.0,400.0,1,512,False,False,0.018162951242736265,0.6891834249449862
United_Kingdom,log_beta_process_2043,tempered_smc_rank_and_particle_quality,inf,inf,0.0,0.0,512,67,1.0,358.4000000000004,512.0,0.7000000000000007,1.0,0.01623975807165812,0.001953125,512,512.0,1.0,0.001953125,1,1.0,1.0,1.0,0.0,0.0,2.0,0.001953125,1.0,0.16441430512422361,True,128.0,400.0,1,512,False,False,0.02035534084194792,0.7044437291051798
United_Kingdom,log_beta_process_2044,tempered_smc_rank_and_particle_quality,inf,inf,0.0,0.0,512,67,1.0,358.4000000000004,512.0,0.7000000000000007,1.0,0.01623975807165812,0.001953125,512,512.0,1.0,0.001953125,1,1.0,1.0,1.0,0.0,0.0,2.0,0.001953125,1.0,0.16441430512422361,True,128.0,400.0,1,512,False,False,0.021331023221031628,0.72712707574154
United_Kingdom,log_beta_process_2045,tempered_smc_rank_and_particle_quality,inf,inf,0.0,0.0,512,67,1.0,358.4000000000004,512.0,0.7000000000000007,1.0,0.01623975807165812,0.001953125,512,512.0,1.0,0.001953125,1,1.0,1.0,1.0,0.0,0.0,2.0,0.001953125,1.0,0.16441430512422361,True,128.0,400.0,1,512,False,False,0.011482789988618196,0.6809545637322205
United_Kingdom,log_beta_process_2046,tempered_smc_rank_and_particle_quality,inf,inf,0.0,0.0,512,67,1.0,358.4000000000004,512.0,0.7000000000000007,1.0,0.01623975807165812,0.001953125,512,512.0,1.0,0.001953125,1,1.0,1.0,1.0,0.0,0.0,2.0,0.001953125,1.0,0.16441430512422361,True,128.0,400.0,1,512,False,False,-0.007888599247906945,0.719313810967488
United_Kingdom,log_beta_process_2047,tempered_smc_rank_and_particle_quality,inf,inf,0.0,0.0,512,67,1.0,358.4000000000004,512.0,0.7000000000000007,1.0,0.01623975807165812,0.001953125,512,512.0,1.0,0.001953125,1,1.0,1.0,1.0,0.0,0.0,2.0,0.001953125,1.0,0.16441430512422361,True,128.0,400.0,1,512,False,False,-0.0017215257990680043,0.6937078828641682
United_Kingdom,log_beta_process_2048,tempered_smc_rank_and_particle_quality,inf,inf,0.0,0.0,512,67,1.0,358.4000000000004,512.0,0.7000000000000007,1.0,0.01623975807165812,0.001953125,512,512.0,1.0,0.001953125,1,1.0,1.0,1.0,0.0,0.0,2.0,0.001953125,1.0,0.16441430512422361,True,128.0,400.0,1,512,False,False,0.039294655671060746,0.7326671571205577
United_Kingdom,log_beta_process_2049,tempered_smc_rank_and_particle_quality,inf,inf,0.0,0.0,512,67,1.0,358.4000000000004,512.0,0.7000000000000007,1.0,0.01623975807165812,0.001953125,512,512.0,1.0,0.001953125,1,1.0,1.0,1.0,0.0,0.0,2.0,0.001953125,1.0,0.16441430512422361,True,128.0,400.0,1,512,False,False,0.00018677232520225746,0.6912240096400285
United_Kingdom,log_beta_process_2050,tempered_smc_rank_and_particle_quality,inf,inf,0.0,0.0,512,67,1.0,358.4000000000004,512.0,0.7000000000000007,1.0,0.01623975807165812,0.001953125,512,512.0,1.0,0.001953125,1,1.0,1.0,1.0,0.0,0.0,2.0,0.001953125,1.0,0.16441430512422361,True,128.0,400.0,1,512,False,False,0.01643680668135388,0.6787431765991054
Japan,VE_sus,tempered_smc_rank_and_particle_quality,inf,inf,0.0,0.0,512,67,1.0,358.4000000000004,512.0,0.7000000000000007,1.0,0.01623975807165812,0.001953125,512,512.0,1.0,0.001953125,1,1.0,1.0,1.0,0.0,0.0,2.0,0.001953125,1.0,0.16441430512422361,True,128.0,400.0,1,512,False,False,0.042627626537489305,0.00976028086206791
Japan,VE_inf,tempered_smc_rank_and_particle_quality,inf,inf,0.0,0.0,512,67,1.0,358.4000000000004,512.0,0.7000000000000007,1.0,0.01623975807165812,0.001953125,512,512.0,1.0,0.001953125,1,1.0,1.0,1.0,0.0,0.0,2.0,0.001953125,1.0,0.16441430512422361,True,128.0,400.0,1,512,False,False,0.07458173548436564,0.01066418907967471
Japan,VE_dur,tempered_smc_rank_and_particle_quality,inf,inf,0.0,0.0,512,67,1.0,358.4000000000004,512.0,0.7000000000000007,1.0,0.01623975807165812,0.001953125,512,512.0,1.0,0.001953125,1,1.0,1.0,1.0,0.0,0.0,2.0,0.001953125,1.0,0.16441430512422361,True,128.0,400.0,1,512,False,False,0.02050234301775682,0.008900470651004537
Japan,relative_infectiousness_asymptomatic,tempered_smc_rank_and_particle_quality,inf,inf,0.0,0.0,512,67,1.0,358.4000000000004,512.0,0.7000000000000007,1.0,0.01623975807165812,0.001953125,512,512.0,1.0,0.001953125,1,1.0,1.0,1.0,0.0,0.0,2.0,0.001953125,1.0,0.16441430512422361,True,128.0,400.0,1,512,False,False,0.7205483369164183,0.011903077309121142
Japan,infectious_duration_symptomatic,tempered_smc_rank_and_particle_quality,inf,inf,0.0,0.0,512,67,1.0,358.4000000000004,512.0,0.7000000000000007,1.0,0.01623975807165812,0.001953125,512,512.0,1.0,0.001953125,1,1.0,1.0,1.0,0.0,0.0,2.0,0.001953125,1.0,0.16441430512422361,True,128.0,400.0,1,512,False,False,23.34086924554034,1.1087249042223009
Japan,infectious_duration_asymptomatic,tempered_smc_rank_and_particle_quality,inf,inf,0.0,0.0,512,67,1.0,358.4000000000004,512.0,0.7000000000000007,1.0,0.01623975807165812,0.001953125,512,512.0,1.0,0.001953125,1,1.0,1.0,1.0,0.0,0.0,2.0,0.001953125,1.0,0.16441430512422361,True,128.0,400.0,1,512,False,False,25.8544440906702,0.5369289296886472
Japan,fitness_R,tempered_smc_rank_and_particle_quality,inf,inf,0.0,0.0,512,67,1.0,358.4000000000004,512.0,0.7000000000000007,1.0,0.01623975807165812,0.001953125,512,512.0,1.0,0.001953125,1,1.0,1.0,1.0,0.0,0.0,2.0,0.001953125,1.0,0.16441430512422361,True,128.0,400.0,1,512,False,False,0.9104055859463241,0.00522493194194408
Japan,beta_S,tempered_smc_rank_and_particle_quality,inf,inf,0.0,0.0,512,67,1.0,358.4000000000004,512.0,0.7000000000000007,1.0,0.01623975807165812,0.001953125,512,512.0,1.0,0.001953125,1,1.0,1.0,1.0,0.0,0.0,2.0,0.001953125,1.0,0.16441430512422361,True,128.0,400.0,1,512,False,False,0.027238239917793,0.0004962452722053648
Japan,reporting_multiplier,tempered_smc_rank_and_particle_quality,inf,inf,0.0,0.0,512,67,1.0,358.4000000000004,512.0,0.7000000000000007,1.0,0.01623975807165812,0.001953125,512,512.0,1.0,0.001953125,1,1.0,1.0,1.0,0.0,0.0,2.0,0.001953125,1.0,0.16441430512422361,True,128.0,400.0,1,512,False,False,0.20353991444359,0.008100691509723092
Japan,log_beta_process_2021,tempered_smc_rank_and_particle_quality,inf,inf,0.0,0.0,512,67,1.0,358.4000000000004,512.0,0.7000000000000007,1.0,0.01623975807165812,0.001953125,512,512.0,1.0,0.001953125,1,1.0,1.0,1.0,0.0,0.0,2.0,0.001953125,1.0,0.16441430512422361,True,128.0,400.0,1,512,False,False,0.011871575978413264,0.014939747314078614
Japan,log_beta_process_2022,tempered_smc_rank_and_particle_quality,inf,inf,0.0,0.0,512,67,1.0,358.4000000000004,512.0,0.7000000000000007,1.0,0.01623975807165812,0.001953125,512,512.0,1.0,0.001953125,1,1.0,1.0,1.0,0.0,0.0,2.0,0.001953125,1.0,0.16441430512422361,True,128.0,400.0,1,512,False,False,-0.1732896156900535,0.013679127139106753
Japan,log_beta_process_2023,tempered_smc_rank_and_particle_quality,inf,inf,0.0,0.0,512,67,1.0,358.4000000000004,512.0,0.7000000000000007,1.0,0.01623975807165812,0.001953125,512,512.0,1.0,0.001953125,1,1.0,1.0,1.0,0.0,0.0,2.0,0.001953125,1.0,0.16441430512422361,True,128.0,400.0,1,512,False,False,-0.23956919715234232,0.013870012198199675
Japan,log_beta_process_2024,tempered_smc_rank_and_particle_quality,inf,inf,0.0,0.0,512,67,1.0,358.4000000000004,512.0,0.7000000000000007,1.0,0.01623975807165812,0.001953125,512,512.0,1.0,0.001953125,1,1.0,1.0,1.0,0.0,0.0,2.0,0.001953125,1.0,0.16441430512422361,True,128.0,400.0,1,512,False,False,-0.22346443129538096,0.010163372176933052
Japan,log_beta_process_2025,tempered_smc_rank_and_particle_quality,inf,inf,0.0,0.0,512,67,1.0,358.4000000000004,512.0,0.7000000000000007,1.0,0.01623975807165812,0.001953125,512,512.0,1.0,0.001953125,1,1.0,1.0,1.0,0.0,0.0,2.0,0.001953125,1.0,0.16441430512422361,True,128.0,400.0,1,512,False,False,0.19237028017013091,0.011174488903495365
Japan,log_beta_process_2026,tempered_smc_rank_and_particle_quality,inf,inf,0.0,0.0,512,67,1.0,358.4000000000004,512.0,0.7000000000000007,1.0,0.01623975807165812,0.001953125,512,512.0,1.0,0.001953125,1,1.0,1.0,1.0,0.0,0.0,2.0,0.001953125,1.0,0.16441430512422361,True,128.0,400.0,1,512,False,False,0.3337250916811804,0.030404225367469114
Japan,log_beta_process_2027,tempered_smc_rank_and_particle_quality,inf,inf,0.0,0.0,512,67,1.0,358.4000000000004,512.0,0.7000000000000007,1.0,0.01623975807165812,0.001953125,512,512.0,1.0,0.001953125,1,1.0,1.0,1.0,0.0,0.0,2.0,0.001953125,1.0,0.16441430512422361,True,128.0,400.0,1,512,False,False,0.1255294837620194,0.5932996854372824
Japan,log_beta_process_2028,tempered_smc_rank_and_particle_quality,inf,inf,0.0,0.0,512,67,1.0,358.4000000000004,512.0,0.7000000000000007,1.0,0.01623975807165812,0.001953125,512,512.0,1.0,0.001953125,1,1.0,1.0,1.0,0.0,0.0,2.0,0.001953125,1.0,0.16441430512422361,True,128.0,400.0,1,512,False,False,0.0009815071838085547,0.6548835677204838
Japan,log_beta_process_2029,tempered_smc_rank_and_particle_quality,inf,inf,0.0,0.0,512,67,1.0,358.4000000000004,512.0,0.7000000000000007,1.0,0.01623975807165812,0.001953125,512,512.0,1.0,0.001953125,1,1.0,1.0,1.0,0.0,0.0,2.0,0.001953125,1.0,0.16441430512422361,True,128.0,400.0,1,512,False,False,0.06068138502356961,0.6586149521843921
Japan,log_beta_process_2030,tempered_smc_rank_and_particle_quality,inf,inf,0.0,0.0,512,67,1.0,358.4000000000004,512.0,0.7000000000000007,1.0,0.01623975807165812,0.001953125,512,512.0,1.0,0.001953125,1,1.0,1.0,1.0,0.0,0.0,2.0,0.001953125,1.0,0.16441430512422361,True,128.0,400.0,1,512,False,False,0.032730470038902025,0.6699285939847629
Japan,log_beta_process_2031,tempered_smc_rank_and_particle_quality,inf,inf,0.0,0.0,512,67,1.0,358.4000000000004,512.0,0.7000000000000007,1.0,0.01623975807165812,0.001953125,512,512.0,1.0,0.001953125,1,1.0,1.0,1.0,0.0,0.0,2.0,0.001953125,1.0,0.16441430512422361,True,128.0,400.0,1,512,False,False,0.005512131718299132,0.6807304370874061
Japan,log_beta_process_2032,tempered_smc_rank_and_particle_quality,inf,inf,0.0,0.0,512,67,1.0,358.4000000000004,512.0,0.7000000000000007,1.0,0.01623975807165812,0.001953125,512,512.0,1.0,0.001953125,1,1.0,1.0,1.0,0.0,0.0,2.0,0.001953125,1.0,0.16441430512422361,True,128.0,400.0,1,512,False,False,0.04738924665297127,0.6988109455640479
Japan,log_beta_process_2033,tempered_smc_rank_and_particle_quality,inf,inf,0.0,0.0,512,67,1.0,358.4000000000004,512.0,0.7000000000000007,1.0,0.01623975807165812,0.001953125,512,512.0,1.0,0.001953125,1,1.0,1.0,1.0,0.0,0.0,2.0,0.001953125,1.0,0.16441430512422361,True,128.0,400.0,1,512,False,False,-0.01760676315008327,0.6918484912881596
Japan,log_beta_process_2034,tempered_smc_rank_and_particle_quality,inf,inf,0.0,0.0,512,67,1.0,358.4000000000004,512.0,0.7000000000000007,1.0,0.01623975807165812,0.001953125,512,512.0,1.0,0.001953125,1,1.0,1.0,1.0,0.0,0.0,2.0,0.001953125,1.0,0.16441430512422361,True,128.0,400.0,1,512,False,False,-0.002480418436253175,0.750103237047018
Japan,log_beta_process_2035,tempered_smc_rank_and_particle_quality,inf,inf,0.0,0.0,512,67,1.0,358.4000000000004,512.0,0.7000000000000007,1.0,0.01623975807165812,0.001953125,512,512.0,1.0,0.001953125,1,1.0,1.0,1.0,0.0,0.0,2.0,0.001953125,1.0,0.16441430512422361,True,128.0,400.0,1,512,False,False,0.021749653697509704,0.6670114481611975
Japan,log_beta_process_2036,tempered_smc_rank_and_particle_quality,inf,inf,0.0,0.0,512,67,1.0,358.4000000000004,512.0,0.7000000000000007,1.0,0.01623975807165812,0.001953125,512,512.0,1.0,0.001953125,1,1.0,1.0,1.0,0.0,0.0,2.0,0.001953125,1.0,0.16441430512422361,True,128.0,400.0,1,512,False,False,0.028745127056743383,0.7164600622476137
Japan,log_beta_process_2037,tempered_smc_rank_and_particle_quality,inf,inf,0.0,0.0,512,67,1.0,358.4000000000004,512.0,0.7000000000000007,1.0,0.01623975807165812,0.001953125,512,512.0,1.0,0.001953125,1,1.0,1.0,1.0,0.0,0.0,2.0,0.001953125,1.0,0.16441430512422361,True,128.0,400.0,1,512,False,False,0.012618859307153002,0.6888759573646001
Japan,log_beta_process_2038,tempered_smc_rank_and_particle_quality,inf,inf,0.0,0.0,512,67,1.0,358.4000000000004,512.0,0.7000000000000007,1.0,0.01623975807165812,0.001953125,512,512.0,1.0,0.001953125,1,1.0,1.0,1.0,0.0,0.0,2.0,0.001953125,1.0,0.16441430512422361,True,128.0,400.0,1,512,False,False,0.005904300174640359,0.7047352372986063
Japan,log_beta_process_2039,tempered_smc_rank_and_particle_quality,inf,inf,0.0,0.0,512,67,1.0,358.4000000000004,512.0,0.7000000000000007,1.0,0.01623975807165812,0.001953125,512,512.0,1.0,0.001953125,1,1.0,1.0,1.0,0.0,0.0,2.0,0.001953125,1.0,0.16441430512422361,True,128.0,400.0,1,512,False,False,-0.0016299755722730472,0.7199584612145529
Japan,log_beta_process_2040,tempered_smc_rank_and_particle_quality,inf,inf,0.0,0.0,512,67,1.0,358.4000000000004,512.0,0.7000000000000007,1.0,0.01623975807165812,0.001953125,512,512.0,1.0,0.001953125,1,1.0,1.0,1.0,0.0,0.0,2.0,0.001953125,1.0,0.16441430512422361,True,128.0,400.0,1,512,False,False,0.020254401224237654,0.6581470100776183
Japan,log_beta_process_2041,tempered_smc_rank_and_particle_quality,inf,inf,0.0,0.0,512,67,1.0,358.4000000000004,512.0,0.7000000000000007,1.0,0.01623975807165812,0.001953125,512,512.0,1.0,0.001953125,1,1.0,1.0,1.0,0.0,0.0,2.0,0.001953125,1.0,0.16441430512422361,True,128.0,400.0,1,512,False,False,0.006546633916290262,0.6672080906180936
Japan,log_beta_process_2042,tempered_smc_rank_and_particle_quality,inf,inf,0.0,0.0,512,67,1.0,358.4000000000004,512.0,0.7000000000000007,1.0,0.01623975807165812,0.001953125,512,512.0,1.0,0.001953125,1,1.0,1.0,1.0,0.0,0.0,2.0,0.001953125,1.0,0.16441430512422361,True,128.0,400.0,1,512,False,False,-0.013591685228248832,0.6853550453195467
Japan,log_beta_process_2043,tempered_smc_rank_and_particle_quality,inf,inf,0.0,0.0,512,67,1.0,358.4000000000004,512.0,0.7000000000000007,1.0,0.01623975807165812,0.001953125,512,512.0,1.0,0.001953125,1,1.0,1.0,1.0,0.0,0.0,2.0,0.001953125,1.0,0.16441430512422361,True,128.0,400.0,1,512,False,False,0.02968694050120519,0.7254593505625706
Japan,log_beta_process_2044,tempered_smc_rank_and_particle_quality,inf,inf,0.0,0.0,512,67,1.0,358.4000000000004,512.0,0.7000000000000007,1.0,0.01623975807165812,0.001953125,512,512.0,1.0,0.001953125,1,1.0,1.0,1.0,0.0,0.0,2.0,0.001953125,1.0,0.16441430512422361,True,128.0,400.0,1,512,False,False,-0.0031832313963154222,0.7138754601430629
Japan,log_beta_process_2045,tempered_smc_rank_and_particle_quality,inf,inf,0.0,0.0,512,67,1.0,358.4000000000004,512.0,0.7000000000000007,1.0,0.01623975807165812,0.001953125,512,512.0,1.0,0.001953125,1,1.0,1.0,1.0,0.0,0.0,2.0,0.001953125,1.0,0.16441430512422361,True,128.0,400.0,1,512,False,False,-0.00846693441158488,0.7131569008575924
Japan,log_beta_process_2046,tempered_smc_rank_and_particle_quality,inf,inf,0.0,0.0,512,67,1.0,358.4000000000004,512.0,0.7000000000000007,1.0,0.01623975807165812,0.001953125,512,512.0,1.0,0.001953125,1,1.0,1.0,1.0,0.0,0.0,2.0,0.001953125,1.0,0.16441430512422361,True,128.0,400.0,1,512,False,False,-0.05969301613988065,0.6647531198585361
Japan,log_beta_process_2047,tempered_smc_rank_and_particle_quality,inf,inf,0.0,0.0,512,67,1.0,358.4000000000004,512.0,0.7000000000000007,1.0,0.01623975807165812,0.001953125,512,512.0,1.0,0.001953125,1,1.0,1.0,1.0,0.0,0.0,2.0,0.001953125,1.0,0.16441430512422361,True,128.0,400.0,1,512,False,False,-0.01650683542722815,0.7035076013535771
Japan,log_beta_process_2048,tempered_smc_rank_and_particle_quality,inf,inf,0.0,0.0,512,67,1.0,358.4000000000004,512.0,0.7000000000000007,1.0,0.01623975807165812,0.001953125,512,512.0,1.0,0.001953125,1,1.0,1.0,1.0,0.0,0.0,2.0,0.001953125,1.0,0.16441430512422361,True,128.0,400.0,1,512,False,False,-0.02383645830282559,0.69830924187053
Japan,log_beta_process_2049,tempered_smc_rank_and_particle_quality,inf,inf,0.0,0.0,512,67,1.0,358.4000000000004,512.0,0.7000000000000007,1.0,0.01623975807165812,0.001953125,512,512.0,1.0,0.001953125,1,1.0,1.0,1.0,0.0,0.0,2.0,0.001953125,1.0,0.16441430512422361,True,128.0,400.0,1,512,False,False,-0.014142789001294984,0.6914944783995289
Japan,log_beta_process_2050,tempered_smc_rank_and_particle_quality,inf,inf,0.0,0.0,512,67,1.0,358.4000000000004,512.0,0.7000000000000007,1.0,0.01623975807165812,0.001953125,512,512.0,1.0,0.001953125,1,1.0,1.0,1.0,0.0,0.0,2.0,0.001953125,1.0,0.16441430512422361,True,128.0,400.0,1,512,False,False,0.021848111650502038,0.6878193981309593
New_Zealand,VE_sus,tempered_smc_rank_and_particle_quality,inf,inf,0.0,0.0,512,67,1.0,358.4000000000004,512.0,0.7000000000000007,1.0,0.01623975807165812,0.001953125,512,512.0,1.0,0.001953125,1,1.0,1.0,1.0,0.0,0.0,2.0,0.001953125,1.0,0.16441430512422361,True,128.0,400.0,1,512,False,False,0.042627626537489305,0.00976028086206791
New_Zealand,VE_inf,tempered_smc_rank_and_particle_quality,inf,inf,0.0,0.0,512,67,1.0,358.4000000000004,512.0,0.7000000000000007,1.0,0.01623975807165812,0.001953125,512,512.0,1.0,0.001953125,1,1.0,1.0,1.0,0.0,0.0,2.0,0.001953125,1.0,0.16441430512422361,True,128.0,400.0,1,512,False,False,0.07458173548436564,0.01066418907967471
New_Zealand,VE_dur,tempered_smc_rank_and_particle_quality,inf,inf,0.0,0.0,512,67,1.0,358.4000000000004,512.0,0.7000000000000007,1.0,0.01623975807165812,0.001953125,512,512.0,1.0,0.001953125,1,1.0,1.0,1.0,0.0,0.0,2.0,0.001953125,1.0,0.16441430512422361,True,128.0,400.0,1,512,False,False,0.02050234301775682,0.008900470651004537
New_Zealand,relative_infectiousness_asymptomatic,tempered_smc_rank_and_particle_quality,inf,inf,0.0,0.0,512,67,1.0,358.4000000000004,512.0,0.7000000000000007,1.0,0.01623975807165812,0.001953125,512,512.0,1.0,0.001953125,1,1.0,1.0,1.0,0.0,0.0,2.0,0.001953125,1.0,0.16441430512422361,True,128.0,400.0,1,512,False,False,0.7205483369164183,0.011903077309121142
New_Zealand,infectious_duration_symptomatic,tempered_smc_rank_and_particle_quality,inf,inf,0.0,0.0,512,67,1.0,358.4000000000004,512.0,0.7000000000000007,1.0,0.01623975807165812,0.001953125,512,512.0,1.0,0.001953125,1,1.0,1.0,1.0,0.0,0.0,2.0,0.001953125,1.0,0.16441430512422361,True,128.0,400.0,1,512,False,False,23.34086924554034,1.1087249042223009
New_Zealand,infectious_duration_asymptomatic,tempered_smc_rank_and_particle_quality,inf,inf,0.0,0.0,512,67,1.0,358.4000000000004,512.0,0.7000000000000007,1.0,0.01623975807165812,0.001953125,512,512.0,1.0,0.001953125,1,1.0,1.0,1.0,0.0,0.0,2.0,0.001953125,1.0,0.16441430512422361,True,128.0,400.0,1,512,False,False,25.8544440906702,0.5369289296886472
New_Zealand,fitness_R,tempered_smc_rank_and_particle_quality,inf,inf,0.0,0.0,512,67,1.0,358.4000000000004,512.0,0.7000000000000007,1.0,0.01623975807165812,0.001953125,512,512.0,1.0,0.001953125,1,1.0,1.0,1.0,0.0,0.0,2.0,0.001953125,1.0,0.16441430512422361,True,128.0,400.0,1,512,False,False,0.9104055859463241,0.00522493194194408
New_Zealand,beta_S,tempered_smc_rank_and_particle_quality,inf,inf,0.0,0.0,512,67,1.0,358.4000000000004,512.0,0.7000000000000007,1.0,0.01623975807165812,0.001953125,512,512.0,1.0,0.001953125,1,1.0,1.0,1.0,0.0,0.0,2.0,0.001953125,1.0,0.16441430512422361,True,128.0,400.0,1,512,False,False,0.023544123775812727,0.0006267962250479062
New_Zealand,reporting_multiplier,tempered_smc_rank_and_particle_quality,inf,inf,0.0,0.0,512,67,1.0,358.4000000000004,512.0,0.7000000000000007,1.0,0.01623975807165812,0.001953125,512,512.0,1.0,0.001953125,1,1.0,1.0,1.0,0.0,0.0,2.0,0.001953125,1.0,0.16441430512422361,True,128.0,400.0,1,512,False,False,0.5955522669057536,0.012850600258417914
New_Zealand,log_beta_process_2021,tempered_smc_rank_and_particle_quality,inf,inf,0.0,0.0,512,67,1.0,358.4000000000004,512.0,0.7000000000000007,1.0,0.01623975807165812,0.001953125,512,512.0,1.0,0.001953125,1,1.0,1.0,1.0,0.0,0.0,2.0,0.001953125,1.0,0.16441430512422361,True,128.0,400.0,1,512,False,False,0.39644130659244897,0.024272398439312483
New_Zealand,log_beta_process_2022,tempered_smc_rank_and_particle_quality,inf,inf,0.0,0.0,512,67,1.0,358.4000000000004,512.0,0.7000000000000007,1.0,0.01623975807165812,0.001953125,512,512.0,1.0,0.001953125,1,1.0,1.0,1.0,0.0,0.0,2.0,0.001953125,1.0,0.16441430512422361,True,128.0,400.0,1,512,False,False,-0.04550877570163182,0.02675756601479539
New_Zealand,log_beta_process_2023,tempered_smc_rank_and_particle_quality,inf,inf,0.0,0.0,512,67,1.0,358.4000000000004,512.0,0.7000000000000007,1.0,0.01623975807165812,0.001953125,512,512.0,1.0,0.001953125,1,1.0,1.0,1.0,0.0,0.0,2.0,0.001953125,1.0,0.16441430512422361,True,128.0,400.0,1,512,False,False,-0.19110602257850673,0.018743832177325923
New_Zealand,log_beta_process_2024,tempered_smc_rank_and_particle_quality,inf,inf,0.0,0.0,512,67,1.0,358.4000000000004,512.0,0.7000000000000007,1.0,0.01623975807165812,0.001953125,512,512.0,1.0,0.001953125,1,1.0,1.0,1.0,0.0,0.0,2.0,0.001953125,1.0,0.16441430512422361,True,128.0,400.0,1,512,False,False,-0.3127878667569246,0.01758530102907542
New_Zealand,log_beta_process_2025,tempered_smc_rank_and_particle_quality,inf,inf,0.0,0.0,512,67,1.0,358.4000000000004,512.0,0.7000000000000007,1.0,0.01623975807165812,0.001953125,512,512.0,1.0,0.001953125,1,1.0,1.0,1.0,0.0,0.0,2.0,0.001953125,1.0,0.16441430512422361,True,128.0,400.0,1,512,False,False,-0.5267443668686105,0.020643670523048337
New_Zealand,log_beta_process_2026,tempered_smc_rank_and_particle_quality,inf,inf,0.0,0.0,512,67,1.0,358.4000000000004,512.0,0.7000000000000007,1.0,0.01623975807165812,0.001953125,512,512.0,1.0,0.001953125,1,1.0,1.0,1.0,0.0,0.0,2.0,0.001953125,1.0,0.16441430512422361,True,128.0,400.0,1,512,False,False,-0.7223351329192051,0.03209747663862776
New_Zealand,log_beta_process_2027,tempered_smc_rank_and_particle_quality,inf,inf,0.0,0.0,512,67,1.0,358.4000000000004,512.0,0.7000000000000007,1.0,0.01623975807165812,0.001953125,512,512.0,1.0,0.001953125,1,1.0,1.0,1.0,0.0,0.0,2.0,0.001953125,1.0,0.16441430512422361,True,128.0,400.0,1,512,False,False,-0.365335202276758,0.607108885593231
New_Zealand,log_beta_process_2028,tempered_smc_rank_and_particle_quality,inf,inf,0.0,0.0,512,67,1.0,358.4000000000004,512.0,0.7000000000000007,1.0,0.01623975807165812,0.001953125,512,512.0,1.0,0.001953125,1,1.0,1.0,1.0,0.0,0.0,2.0,0.001953125,1.0,0.16441430512422361,True,128.0,400.0,1,512,False,False,-0.2015639814381524,0.6978118819565192
New_Zealand,log_beta_process_2029,tempered_smc_rank_and_particle_quality,inf,inf,0.0,0.0,512,67,1.0,358.4000000000004,512.0,0.7000000000000007,1.0,0.01623975807165812,0.001953125,512,512.0,1.0,0.001953125,1,1.0,1.0,1.0,0.0,0.0,2.0,0.001953125,1.0,0.16441430512422361,True,128.0,400.0,1,512,False,False,-0.0850230107648969,0.7075443130356406
New_Zealand,log_beta_process_2030,tempered_smc_rank_and_particle_quality,inf,inf,0.0,0.0,512,67,1.0,358.4000000000004,512.0,0.7000000000000007,1.0,0.01623975807165812,0.001953125,512,512.0,1.0,0.001953125,1,1.0,1.0,1.0,0.0,0.0,2.0,0.001953125,1.0,0.16441430512422361,True,128.0,400.0,1,512,False,False,-0.08358082958428947,0.7071879302627376
New_Zealand,log_beta_process_2031,tempered_smc_rank_and_particle_quality,inf,inf,0.0,0.0,512,67,1.0,358.4000000000004,512.0,0.7000000000000007,1.0,0.01623975807165812,0.001953125,512,512.0,1.0,0.001953125,1,1.0,1.0,1.0,0.0,0.0,2.0,0.001953125,1.0,0.16441430512422361,True,128.0,400.0,1,512,False,False,-0.05533645838462552,0.6590726155675644
New_Zealand,log_beta_process_2032,tempered_smc_rank_and_particle_quality,inf,inf,0.0,0.0,512,67,1.0,358.4000000000004,512.0,0.7000000000000007,1.0,0.01623975807165812,0.001953125,512,512.0,1.0,0.001953125,1,1.0,1.0,1.0,0.0,0.0,2.0,0.001953125,1.0,0.16441430512422361,True,128.0,400.0,1,512,False,False,-0.0492929573966369,0.6860035305820583
New_Zealand,log_beta_process_2033,tempered_smc_rank_and_particle_quality,inf,inf,0.0,0.0,512,67,1.0,358.4000000000004,512.0,0.7000000000000007,1.0,0.01623975807165812,0.001953125,512,512.0,1.0,0.001953125,1,1.0,1.0,1.0,0.0,0.0,2.0,0.001953125,1.0,0.16441430512422361,True,128.0,400.0,1,512,False,False,-0.0025787940094096178,0.6896056225681922
New_Zealand,log_beta_process_2034,tempered_smc_rank_and_particle_quality,inf,inf,0.0,0.0,512,67,1.0,358.4000000000004,512.0,0.7000000000000007,1.0,0.01623975807165812,0.001953125,512,512.0,1.0,0.001953125,1,1.0,1.0,1.0,0.0,0.0,2.0,0.001953125,1.0,0.16441430512422361,True,128.0,400.0,1,512,False,False,-0.016083146926466077,0.7095685507591578
New_Zealand,log_beta_process_2035,tempered_smc_rank_and_particle_quality,inf,inf,0.0,0.0,512,67,1.0,358.4000000000004,512.0,0.7000000000000007,1.0,0.01623975807165812,0.001953125,512,512.0,1.0,0.001953125,1,1.0,1.0,1.0,0.0,0.0,2.0,0.001953125,1.0,0.16441430512422361,True,128.0,400.0,1,512,False,False,-0.03457403742907235,0.6910247804824415
New_Zealand,log_beta_process_2036,tempered_smc_rank_and_particle_quality,inf,inf,0.0,0.0,512,67,1.0,358.4000000000004,512.0,0.7000000000000007,1.0,0.01623975807165812,0.001953125,512,512.0,1.0,0.001953125,1,1.0,1.0,1.0,0.0,0.0,2.0,0.001953125,1.0,0.16441430512422361,True,128.0,400.0,1,512,False,False,-0.03212461327766722,0.7094867376945979
New_Zealand,log_beta_process_2037,tempered_smc_rank_and_particle_quality,inf,inf,0.0,0.0,512,67,1.0,358.4000000000004,512.0,0.7000000000000007,1.0,0.01623975807165812,0.001953125,512,512.0,1.0,0.001953125,1,1.0,1.0,1.0,0.0,0.0,2.0,0.001953125,1.0,0.16441430512422361,True,128.0,400.0,1,512,False,False,-0.0012184844617423377,0.7187138194952758
New_Zealand,log_beta_process_2038,tempered_smc_rank_and_particle_quality,inf,inf,0.0,0.0,512,67,1.0,358.4000000000004,512.0,0.7000000000000007,1.0,0.01623975807165812,0.001953125,512,512.0,1.0,0.001953125,1,1.0,1.0,1.0,0.0,0.0,2.0,0.001953125,1.0,0.16441430512422361,True,128.0,400.0,1,512,False,False,0.005840984597072024,0.7307529867394316
New_Zealand,log_beta_process_2039,tempered_smc_rank_and_particle_quality,inf,inf,0.0,0.0,512,67,1.0,358.4000000000004,512.0,0.7000000000000007,1.0,0.01623975807165812,0.001953125,512,512.0,1.0,0.001953125,1,1.0,1.0,1.0,0.0,0.0,2.0,0.001953125,1.0,0.16441430512422361,True,128.0,400.0,1,512,False,False,-0.010630077489814828,0.7240427730792931
New_Zealand,log_beta_process_2040,tempered_smc_rank_and_particle_quality,inf,inf,0.0,0.0,512,67,1.0,358.4000000000004,512.0,0.7000000000000007,1.0,0.01623975807165812,0.001953125,512,512.0,1.0,0.001953125,1,1.0,1.0,1.0,0.0,0.0,2.0,0.001953125,1.0,0.16441430512422361,True,128.0,400.0,1,512,False,False,-0.015663595402072805,0.7055415760353406
New_Zealand,log_beta_process_2041,tempered_smc_rank_and_particle_quality,inf,inf,0.0,0.0,512,67,1.0,358.4000000000004,512.0,0.7000000000000007,1.0,0.01623975807165812,0.001953125,512,512.0,1.0,0.001953125,1,1.0,1.0,1.0,0.0,0.0,2.0,0.001953125,1.0,0.16441430512422361,True,128.0,400.0,1,512,False,False,-0.001883571075655652,0.7019977738372218
New_Zealand,log_beta_process_2042,tempered_smc_rank_and_particle_quality,inf,inf,0.0,0.0,512,67,1.0,358.4000000000004,512.0,0.7000000000000007,1.0,0.01623975807165812,0.001953125,512,512.0,1.0,0.001953125,1,1.0,1.0,1.0,0.0,0.0,2.0,0.001953125,1.0,0.16441430512422361,True,128.0,400.0,1,512,False,False,-0.0448007736493901,0.685939462912664
New_Zealand,log_beta_process_2043,tempered_smc_rank_and_particle_quality,inf,inf,0.0,0.0,512,67,1.0,358.4000000000004,512.0,0.7000000000000007,1.0,0.01623975807165812,0.001953125,512,512.0,1.0,0.001953125,1,1.0,1.0,1.0,0.0,0.0,2.0,0.001953125,1.0,0.16441430512422361,True,128.0,400.0,1,512,False,False,-0.0003017290710517831,0.6775456718119461
New_Zealand,log_beta_process_2044,tempered_smc_rank_and_particle_quality,inf,inf,0.0,0.0,512,67,1.0,358.4000000000004,512.0,0.7000000000000007,1.0,0.01623975807165812,0.001953125,512,512.0,1.0,0.001953125,1,1.0,1.0,1.0,0.0,0.0,2.0,0.001953125,1.0,0.16441430512422361,True,128.0,400.0,1,512,False,False,0.024228665093424,0.6722728041672638
New_Zealand,log_beta_process_2045,tempered_smc_rank_and_particle_quality,inf,inf,0.0,0.0,512,67,1.0,358.4000000000004,512.0,0.7000000000000007,1.0,0.01623975807165812,0.001953125,512,512.0,1.0,0.001953125,1,1.0,1.0,1.0,0.0,0.0,2.0,0.001953125,1.0,0.16441430512422361,True,128.0,400.0,1,512,False,False,-0.006502712719068478,0.695811569240114
New_Zealand,log_beta_process_2046,tempered_smc_rank_and_particle_quality,inf,inf,0.0,0.0,512,67,1.0,358.4000000000004,512.0,0.7000000000000007,1.0,0.01623975807165812,0.001953125,512,512.0,1.0,0.001953125,1,1.0,1.0,1.0,0.0,0.0,2.0,0.001953125,1.0,0.16441430512422361,True,128.0,400.0,1,512,False,False,0.029931866152027232,0.6687167543443832
New_Zealand,log_beta_process_2047,tempered_smc_rank_and_particle_quality,inf,inf,0.0,0.0,512,67,1.0,358.4000000000004,512.0,0.7000000000000007,1.0,0.01623975807165812,0.001953125,512,512.0,1.0,0.001953125,1,1.0,1.0,1.0,0.0,0.0,2.0,0.001953125,1.0,0.16441430512422361,True,128.0,400.0,1,512,False,False,0.06573687569770821,0.6676029586313867
New_Zealand,log_beta_process_2048,tempered_smc_rank_and_particle_quality,inf,inf,0.0,0.0,512,67,1.0,358.4000000000004,512.0,0.7000000000000007,1.0,0.01623975807165812,0.001953125,512,512.0,1.0,0.001953125,1,1.0,1.0,1.0,0.0,0.0,2.0,0.001953125,1.0,0.16441430512422361,True,128.0,400.0,1,512,False,False,0.05720297980976172,0.667127678629121
New_Zealand,log_beta_process_2049,tempered_smc_rank_and_particle_quality,inf,inf,0.0,0.0,512,67,1.0,358.4000000000004,512.0,0.7000000000000007,1.0,0.01623975807165812,0.001953125,512,512.0,1.0,0.001953125,1,1.0,1.0,1.0,0.0,0.0,2.0,0.001953125,1.0,0.16441430512422361,True,128.0,400.0,1,512,False,False,0.017632464079174286,0.6959372182776045
New_Zealand,log_beta_process_2050,tempered_smc_rank_and_particle_quality,inf,inf,0.0,0.0,512,67,1.0,358.4000000000004,512.0,0.7000000000000007,1.0,0.01623975807165812,0.001953125,512,512.0,1.0,0.001953125,1,1.0,1.0,1.0,0.0,0.0,2.0,0.001953125,1.0,0.16441430512422361,True,128.0,400.0,1,512,False,False,-0.013054398502759072,0.6613482154676851
Sweden,VE_sus,tempered_smc_rank_and_particle_quality,inf,inf,0.0,0.0,512,67,1.0,358.4000000000004,512.0,0.7000000000000007,1.0,0.01623975807165812,0.001953125,512,512.0,1.0,0.001953125,1,1.0,1.0,1.0,0.0,0.0,2.0,0.001953125,1.0,0.16441430512422361,True,128.0,400.0,1,512,False,False,0.042627626537489305,0.00976028086206791
Sweden,VE_inf,tempered_smc_rank_and_particle_quality,inf,inf,0.0,0.0,512,67,1.0,358.4000000000004,512.0,0.7000000000000007,1.0,0.01623975807165812,0.001953125,512,512.0,1.0,0.001953125,1,1.0,1.0,1.0,0.0,0.0,2.0,0.001953125,1.0,0.16441430512422361,True,128.0,400.0,1,512,False,False,0.07458173548436564,0.01066418907967471
Sweden,VE_dur,tempered_smc_rank_and_particle_quality,inf,inf,0.0,0.0,512,67,1.0,358.4000000000004,512.0,0.7000000000000007,1.0,0.01623975807165812,0.001953125,512,512.0,1.0,0.001953125,1,1.0,1.0,1.0,0.0,0.0,2.0,0.001953125,1.0,0.16441430512422361,True,128.0,400.0,1,512,False,False,0.02050234301775682,0.008900470651004537
Sweden,relative_infectiousness_asymptomatic,tempered_smc_rank_and_particle_quality,inf,inf,0.0,0.0,512,67,1.0,358.4000000000004,512.0,0.7000000000000007,1.0,0.01623975807165812,0.001953125,512,512.0,1.0,0.001953125,1,1.0,1.0,1.0,0.0,0.0,2.0,0.001953125,1.0,0.16441430512422361,True,128.0,400.0,1,512,False,False,0.7205483369164183,0.011903077309121142
Sweden,infectious_duration_symptomatic,tempered_smc_rank_and_particle_quality,inf,inf,0.0,0.0,512,67,1.0,358.4000000000004,512.0,0.7000000000000007,1.0,0.01623975807165812,0.001953125,512,512.0,1.0,0.001953125,1,1.0,1.0,1.0,0.0,0.0,2.0,0.001953125,1.0,0.16441430512422361,True,128.0,400.0,1,512,False,False,23.34086924554034,1.1087249042223009
Sweden,infectious_duration_asymptomatic,tempered_smc_rank_and_particle_quality,inf,inf,0.0,0.0,512,67,1.0,358.4000000000004,512.0,0.7000000000000007,1.0,0.01623975807165812,0.001953125,512,512.0,1.0,0.001953125,1,1.0,1.0,1.0,0.0,0.0,2.0,0.001953125,1.0,0.16441430512422361,True,128.0,400.0,1,512,False,False,25.8544440906702,0.5369289296886472
Sweden,fitness_R,tempered_smc_rank_and_particle_quality,inf,inf,0.0,0.0,512,67,1.0,358.4000000000004,512.0,0.7000000000000007,1.0,0.01623975807165812,0.001953125,512,512.0,1.0,0.001953125,1,1.0,1.0,1.0,0.0,0.0,2.0,0.001953125,1.0,0.16441430512422361,True,128.0,400.0,1,512,False,False,0.9104055859463241,0.00522493194194408
Sweden,beta_S,tempered_smc_rank_and_particle_quality,inf,inf,0.0,0.0,512,67,1.0,358.4000000000004,512.0,0.7000000000000007,1.0,0.01623975807165812,0.001953125,512,512.0,1.0,0.001953125,1,1.0,1.0,1.0,0.0,0.0,2.0,0.001953125,1.0,0.16441430512422361,True,128.0,400.0,1,512,False,False,0.015327592271581973,0.0023788505172634045
Sweden,reporting_multiplier,tempered_smc_rank_and_particle_quality,inf,inf,0.0,0.0,512,67,1.0,358.4000000000004,512.0,0.7000000000000007,1.0,0.01623975807165812,0.001953125,512,512.0,1.0,0.001953125,1,1.0,1.0,1.0,0.0,0.0,2.0,0.001953125,1.0,0.16441430512422361,True,128.0,400.0,1,512,False,False,0.4974639947016509,0.08772003610712353
Sweden,log_beta_process_2021,tempered_smc_rank_and_particle_quality,inf,inf,0.0,0.0,512,67,1.0,358.4000000000004,512.0,0.7000000000000007,1.0,0.01623975807165812,0.001953125,512,512.0,1.0,0.001953125,1,1.0,1.0,1.0,0.0,0.0,2.0,0.001953125,1.0,0.16441430512422361,True,128.0,400.0,1,512,False,False,-1.4208531983984996,0.08512544208236862
Sweden,log_beta_process_2022,tempered_smc_rank_and_particle_quality,inf,inf,0.0,0.0,512,67,1.0,358.4000000000004,512.0,0.7000000000000007,1.0,0.01623975807165812,0.001953125,512,512.0,1.0,0.001953125,1,1.0,1.0,1.0,0.0,0.0,2.0,0.001953125,1.0,0.16441430512422361,True,128.0,400.0,1,512,False,False,0.08383511155074785,0.05636938736659195
Sweden,log_beta_process_2023,tempered_smc_rank_and_particle_quality,inf,inf,0.0,0.0,512,67,1.0,358.4000000000004,512.0,0.7000000000000007,1.0,0.01623975807165812,0.001953125,512,512.0,1.0,0.001953125,1,1.0,1.0,1.0,0.0,0.0,2.0,0.001953125,1.0,0.16441430512422361,True,128.0,400.0,1,512,False,False,-0.2555155783973747,0.07008432997651633
Sweden,log_beta_process_2024,tempered_smc_rank_and_particle_quality,inf,inf,0.0,0.0,512,67,1.0,358.4000000000004,512.0,0.7000000000000007,1.0,0.01623975807165812,0.001953125,512,512.0,1.0,0.001953125,1,1.0,1.0,1.0,0.0,0.0,2.0,0.001953125,1.0,0.16441430512422361,True,128.0,400.0,1,512,False,False,0.0566641869837993,0.022792286668375315
Sweden,log_beta_process_2025,tempered_smc_rank_and_particle_quality,inf,inf,0.0,0.0,512,67,1.0,358.4000000000004,512.0,0.7000000000000007,1.0,0.01623975807165812,0.001953125,512,512.0,1.0,0.001953125,1,1.0,1.0,1.0,0.0,0.0,2.0,0.001953125,1.0,0.16441430512422361,True,128.0,400.0,1,512,False,False,-1.4636562119287775,0.17466098971329605
Sweden,log_beta_process_2026,tempered_smc_rank_and_particle_quality,inf,inf,0.0,0.0,512,67,1.0,358.4000000000004,512.0,0.7000000000000007,1.0,0.01623975807165812,0.001953125,512,512.0,1.0,0.001953125,1,1.0,1.0,1.0,0.0,0.0,2.0,0.001953125,1.0,0.16441430512422361,True,128.0,400.0,1,512,False,False,0.6627699105393299,0.121414554110654
Sweden,log_beta_process_2027,tempered_smc_rank_and_particle_quality,inf,inf,0.0,0.0,512,67,1.0,358.4000000000004,512.0,0.7000000000000007,1.0,0.01623975807165812,0.001953125,512,512.0,1.0,0.001953125,1,1.0,1.0,1.0,0.0,0.0,2.0,0.001953125,1.0,0.16441430512422361,True,128.0,400.0,1,512,False,False,0.3082939125040865,0.5813184668522384
Sweden,log_beta_process_2028,tempered_smc_rank_and_particle_quality,inf,inf,0.0,0.0,512,67,1.0,358.4000000000004,512.0,0.7000000000000007,1.0,0.01623975807165812,0.001953125,512,512.0,1.0,0.001953125,1,1.0,1.0,1.0,0.0,0.0,2.0,0.001953125,1.0,0.16441430512422361,True,128.0,400.0,1,512,False,False,0.16740500696192404,0.6469047437948514
Sweden,log_beta_process_2029,tempered_smc_rank_and_particle_quality,inf,inf,0.0,0.0,512,67,1.0,358.4000000000004,512.0,0.7000000000000007,1.0,0.01623975807165812,0.001953125,512,512.0,1.0,0.001953125,1,1.0,1.0,1.0,0.0,0.0,2.0,0.001953125,1.0,0.16441430512422361,True,128.0,400.0,1,512,False,False,0.07820051437378975,0.6663745878221945
Sweden,log_beta_process_2030,tempered_smc_rank_and_particle_quality,inf,inf,0.0,0.0,512,67,1.0,358.4000000000004,512.0,0.7000000000000007,1.0,0.01623975807165812,0.001953125,512,512.0,1.0,0.001953125,1,1.0,1.0,1.0,0.0,0.0,2.0,0.001953125,1.0,0.16441430512422361,True,128.0,400.0,1,512,False,False,0.05580579463710697,0.6762814316563963
Sweden,log_beta_process_2031,tempered_smc_rank_and_particle_quality,inf,inf,0.0,0.0,512,67,1.0,358.4000000000004,512.0,0.7000000000000007,1.0,0.01623975807165812,0.001953125,512,512.0,1.0,0.001953125,1,1.0,1.0,1.0,0.0,0.0,2.0,0.001953125,1.0,0.16441430512422361,True,128.0,400.0,1,512,False,False,0.024084489308570853,0.7472264650895251
Sweden,log_beta_process_2032,tempered_smc_rank_and_particle_quality,inf,inf,0.0,0.0,512,67,1.0,358.4000000000004,512.0,0.7000000000000007,1.0,0.01623975807165812,0.001953125,512,512.0,1.0,0.001953125,1,1.0,1.0,1.0,0.0,0.0,2.0,0.001953125,1.0,0.16441430512422361,True,128.0,400.0,1,512,False,False,0.07495729007605972,0.6827506518229336
Sweden,log_beta_process_2033,tempered_smc_rank_and_particle_quality,inf,inf,0.0,0.0,512,67,1.0,358.4000000000004,512.0,0.7000000000000007,1.0,0.01623975807165812,0.001953125,512,512.0,1.0,0.001953125,1,1.0,1.0,1.0,0.0,0.0,2.0,0.001953125,1.0,0.16441430512422361,True,128.0,400.0,1,512,False,False,0.04648970036348633,0.6600024111637165
Sweden,log_beta_process_2034,tempered_smc_rank_and_particle_quality,inf,inf,0.0,0.0,512,67,1.0,358.4000000000004,512.0,0.7000000000000007,1.0,0.01623975807165812,0.001953125,512,512.0,1.0,0.001953125,1,1.0,1.0,1.0,0.0,0.0,2.0,0.001953125,1.0,0.16441430512422361,True,128.0,400.0,1,512,False,False,0.006097304268084122,0.6853324686465072
Sweden,log_beta_process_2035,tempered_smc_rank_and_particle_quality,inf,inf,0.0,0.0,512,67,1.0,358.4000000000004,512.0,0.7000000000000007,1.0,0.01623975807165812,0.001953125,512,512.0,1.0,0.001953125,1,1.0,1.0,1.0,0.0,0.0,2.0,0.001953125,1.0,0.16441430512422361,True,128.0,400.0,1,512,False,False,0.0289387696342135,0.7226401523965562
Sweden,log_beta_process_2036,tempered_smc_rank_and_particle_quality,inf,inf,0.0,0.0,512,67,1.0,358.4000000000004,512.0,0.7000000000000007,1.0,0.01623975807165812,0.001953125,512,512.0,1.0,0.001953125,1,1.0,1.0,1.0,0.0,0.0,2.0,0.001953125,1.0,0.16441430512422361,True,128.0,400.0,1,512,False,False,-0.04098569535537263,0.6740861301063664
Sweden,log_beta_process_2037,tempered_smc_rank_and_particle_quality,inf,inf,0.0,0.0,512,67,1.0,358.4000000000004,512.0,0.7000000000000007,1.0,0.01623975807165812,0.001953125,512,512.0,1.0,0.001953125,1,1.0,1.0,1.0,0.0,0.0,2.0,0.001953125,1.0,0.16441430512422361,True,128.0,400.0,1,512,False,False,-0.040081638658154554,0.6787161616138078
Sweden,log_beta_process_2038,tempered_smc_rank_and_particle_quality,inf,inf,0.0,0.0,512,67,1.0,358.4000000000004,512.0,0.7000000000000007,1.0,0.01623975807165812,0.001953125,512,512.0,1.0,0.001953125,1,1.0,1.0,1.0,0.0,0.0,2.0,0.001953125,1.0,0.16441430512422361,True,128.0,400.0,1,512,False,False,0.023683575890086635,0.6815601884825631
Sweden,log_beta_process_2039,tempered_smc_rank_and_particle_quality,inf,inf,0.0,0.0,512,67,1.0,358.4000000000004,512.0,0.7000000000000007,1.0,0.01623975807165812,0.001953125,512,512.0,1.0,0.001953125,1,1.0,1.0,1.0,0.0,0.0,2.0,0.001953125,1.0,0.16441430512422361,True,128.0,400.0,1,512,False,False,-0.0021167489409813786,0.7377868446897569
Sweden,log_beta_process_2040,tempered_smc_rank_and_particle_quality,inf,inf,0.0,0.0,512,67,1.0,358.4000000000004,512.0,0.7000000000000007,1.0,0.01623975807165812,0.001953125,512,512.0,1.0,0.001953125,1,1.0,1.0,1.0,0.0,0.0,2.0,0.001953125,1.0,0.16441430512422361,True,128.0,400.0,1,512,False,False,-4.52361359426761e-05,0.6957025889448619
Sweden,log_beta_process_2041,tempered_smc_rank_and_particle_quality,inf,inf,0.0,0.0,512,67,1.0,358.4000000000004,512.0,0.7000000000000007,1.0,0.01623975807165812,0.001953125,512,512.0,1.0,0.001953125,1,1.0,1.0,1.0,0.0,0.0,2.0,0.001953125,1.0,0.16441430512422361,True,128.0,400.0,1,512,False,False,-0.01920749028716661,0.6388909056436248
Sweden,log_beta_process_2042,tempered_smc_rank_and_particle_quality,inf,inf,0.0,0.0,512,67,1.0,358.4000000000004,512.0,0.7000000000000007,1.0,0.01623975807165812,0.001953125,512,512.0,1.0,0.001953125,1,1.0,1.0,1.0,0.0,0.0,2.0,0.001953125,1.0,0.16441430512422361,True,128.0,400.0,1,512,False,False,-0.01131057852398053,0.7032947461998197
Sweden,log_beta_process_2043,tempered_smc_rank_and_particle_quality,inf,inf,0.0,0.0,512,67,1.0,358.4000000000004,512.0,0.7000000000000007,1.0,0.01623975807165812,0.001953125,512,512.0,1.0,0.001953125,1,1.0,1.0,1.0,0.0,0.0,2.0,0.001953125,1.0,0.16441430512422361,True,128.0,400.0,1,512,False,False,0.028254423766632304,0.6996308263398138
Sweden,log_beta_process_2044,tempered_smc_rank_and_particle_quality,inf,inf,0.0,0.0,512,67,1.0,358.4000000000004,512.0,0.7000000000000007,1.0,0.01623975807165812,0.001953125,512,512.0,1.0,0.001953125,1,1.0,1.0,1.0,0.0,0.0,2.0,0.001953125,1.0,0.16441430512422361,True,128.0,400.0,1,512,False,False,0.0012558347825854937,0.7229384115629367
Sweden,log_beta_process_2045,tempered_smc_rank_and_particle_quality,inf,inf,0.0,0.0,512,67,1.0,358.4000000000004,512.0,0.7000000000000007,1.0,0.01623975807165812,0.001953125,512,512.0,1.0,0.001953125,1,1.0,1.0,1.0,0.0,0.0,2.0,0.001953125,1.0,0.16441430512422361,True,128.0,400.0,1,512,False,False,0.03950075996024392,0.68496708291521
Sweden,log_beta_process_2046,tempered_smc_rank_and_particle_quality,inf,inf,0.0,0.0,512,67,1.0,358.4000000000004,512.0,0.7000000000000007,1.0,0.01623975807165812,0.001953125,512,512.0,1.0,0.001953125,1,1.0,1.0,1.0,0.0,0.0,2.0,0.001953125,1.0,0.16441430512422361,True,128.0,400.0,1,512,False,False,0.02231796822133167,0.7024001228210779
Sweden,log_beta_process_2047,tempered_smc_rank_and_particle_quality,inf,inf,0.0,0.0,512,67,1.0,358.4000000000004,512.0,0.7000000000000007,1.0,0.01623975807165812,0.001953125,512,512.0,1.0,0.001953125,1,1.0,1.0,1.0,0.0,0.0,2.0,0.001953125,1.0,0.16441430512422361,True,128.0,400.0,1,512,False,False,0.013550407448929555,0.6724804798430586
Sweden,log_beta_process_2048,tempered_smc_rank_and_particle_quality,inf,inf,0.0,0.0,512,67,1.0,358.4000000000004,512.0,0.7000000000000007,1.0,0.01623975807165812,0.001953125,512,512.0,1.0,0.001953125,1,1.0,1.0,1.0,0.0,0.0,2.0,0.001953125,1.0,0.16441430512422361,True,128.0,400.0,1,512,False,False,0.03926860456557505,0.6887750493330536
Sweden,log_beta_process_2049,tempered_smc_rank_and_particle_quality,inf,inf,0.0,0.0,512,67,1.0,358.4000000000004,512.0,0.7000000000000007,1.0,0.01623975807165812,0.001953125,512,512.0,1.0,0.001953125,1,1.0,1.0,1.0,0.0,0.0,2.0,0.001953125,1.0,0.16441430512422361,True,128.0,400.0,1,512,False,False,0.056270826275833186,0.6905683155377594
Sweden,log_beta_process_2050,tempered_smc_rank_and_particle_quality,inf,inf,0.0,0.0,512,67,1.0,358.4000000000004,512.0,0.7000000000000007,1.0,0.01623975807165812,0.001953125,512,512.0,1.0,0.001953125,1,1.0,1.0,1.0,0.0,0.0,2.0,0.001953125,1.0,0.16441430512422361,True,128.0,400.0,1,512,False,False,0.053992991139243114,0.6907442933359516
United_States,VE_sus,tempered_smc_rank_and_particle_quality,inf,inf,0.0,0.0,512,67,1.0,358.4000000000004,512.0,0.7000000000000007,1.0,0.01623975807165812,0.001953125,512,512.0,1.0,0.001953125,1,1.0,1.0,1.0,0.0,0.0,2.0,0.001953125,1.0,0.16441430512422361,True,128.0,400.0,1,512,False,False,0.042627626537489305,0.00976028086206791
United_States,VE_inf,tempered_smc_rank_and_particle_quality,inf,inf,0.0,0.0,512,67,1.0,358.4000000000004,512.0,0.7000000000000007,1.0,0.01623975807165812,0.001953125,512,512.0,1.0,0.001953125,1,1.0,1.0,1.0,0.0,0.0,2.0,0.001953125,1.0,0.16441430512422361,True,128.0,400.0,1,512,False,False,0.07458173548436564,0.01066418907967471
United_States,VE_dur,tempered_smc_rank_and_particle_quality,inf,inf,0.0,0.0,512,67,1.0,358.4000000000004,512.0,0.7000000000000007,1.0,0.01623975807165812,0.001953125,512,512.0,1.0,0.001953125,1,1.0,1.0,1.0,0.0,0.0,2.0,0.001953125,1.0,0.16441430512422361,True,128.0,400.0,1,512,False,False,0.02050234301775682,0.008900470651004537
United_States,relative_infectiousness_asymptomatic,tempered_smc_rank_and_particle_quality,inf,inf,0.0,0.0,512,67,1.0,358.4000000000004,512.0,0.7000000000000007,1.0,0.01623975807165812,0.001953125,512,512.0,1.0,0.001953125,1,1.0,1.0,1.0,0.0,0.0,2.0,0.001953125,1.0,0.16441430512422361,True,128.0,400.0,1,512,False,False,0.7205483369164183,0.011903077309121142
United_States,infectious_duration_symptomatic,tempered_smc_rank_and_particle_quality,inf,inf,0.0,0.0,512,67,1.0,358.4000000000004,512.0,0.7000000000000007,1.0,0.01623975807165812,0.001953125,512,512.0,1.0,0.001953125,1,1.0,1.0,1.0,0.0,0.0,2.0,0.001953125,1.0,0.16441430512422361,True,128.0,400.0,1,512,False,False,23.34086924554034,1.1087249042223009
United_States,infectious_duration_asymptomatic,tempered_smc_rank_and_particle_quality,inf,inf,0.0,0.0,512,67,1.0,358.4000000000004,512.0,0.7000000000000007,1.0,0.01623975807165812,0.001953125,512,512.0,1.0,0.001953125,1,1.0,1.0,1.0,0.0,0.0,2.0,0.001953125,1.0,0.16441430512422361,True,128.0,400.0,1,512,False,False,25.8544440906702,0.5369289296886472
United_States,fitness_R,tempered_smc_rank_and_particle_quality,inf,inf,0.0,0.0,512,67,1.0,358.4000000000004,512.0,0.7000000000000007,1.0,0.01623975807165812,0.001953125,512,512.0,1.0,0.001953125,1,1.0,1.0,1.0,0.0,0.0,2.0,0.001953125,1.0,0.16441430512422361,True,128.0,400.0,1,512,False,False,0.9104055859463241,0.00522493194194408
United_States,beta_S,tempered_smc_rank_and_particle_quality,inf,inf,0.0,0.0,512,67,1.0,358.4000000000004,512.0,0.7000000000000007,1.0,0.01623975807165812,0.001953125,512,512.0,1.0,0.001953125,1,1.0,1.0,1.0,0.0,0.0,2.0,0.001953125,1.0,0.16441430512422361,True,128.0,400.0,1,512,False,False,0.006086091543722142,0.00011503541333297414
United_States,reporting_multiplier,tempered_smc_rank_and_particle_quality,inf,inf,0.0,0.0,512,67,1.0,358.4000000000004,512.0,0.7000000000000007,1.0,0.01623975807165812,0.001953125,512,512.0,1.0,0.001953125,1,1.0,1.0,1.0,0.0,0.0,2.0,0.001953125,1.0,0.16441430512422361,True,128.0,400.0,1,512,False,False,0.8716803288479036,0.018249330791046896
United_States,log_beta_process_2021,tempered_smc_rank_and_particle_quality,inf,inf,0.0,0.0,512,67,1.0,358.4000000000004,512.0,0.7000000000000007,1.0,0.01623975807165812,0.001953125,512,512.0,1.0,0.001953125,1,1.0,1.0,1.0,0.0,0.0,2.0,0.001953125,1.0,0.16441430512422361,True,128.0,400.0,1,512,False,False,-0.21550222982171152,0.024027166987568998
United_States,log_beta_process_2022,tempered_smc_rank_and_particle_quality,inf,inf,0.0,0.0,512,67,1.0,358.4000000000004,512.0,0.7000000000000007,1.0,0.01623975807165812,0.001953125,512,512.0,1.0,0.001953125,1,1.0,1.0,1.0,0.0,0.0,2.0,0.001953125,1.0,0.16441430512422361,True,128.0,400.0,1,512,False,False,-0.0707401594334667,0.015655139516802228
United_States,log_beta_process_2023,tempered_smc_rank_and_particle_quality,inf,inf,0.0,0.0,512,67,1.0,358.4000000000004,512.0,0.7000000000000007,1.0,0.01623975807165812,0.001953125,512,512.0,1.0,0.001953125,1,1.0,1.0,1.0,0.0,0.0,2.0,0.001953125,1.0,0.16441430512422361,True,128.0,400.0,1,512,False,False,-0.208476379074118,0.01692870905513553
United_States,log_beta_process_2024,tempered_smc_rank_and_particle_quality,inf,inf,0.0,0.0,512,67,1.0,358.4000000000004,512.0,0.7000000000000007,1.0,0.01623975807165812,0.001953125,512,512.0,1.0,0.001953125,1,1.0,1.0,1.0,0.0,0.0,2.0,0.001953125,1.0,0.16441430512422361,True,128.0,400.0,1,512,False,False,0.025609566182411635,0.01841018676783527
United_States,log_beta_process_2025,tempered_smc_rank_and_particle_quality,inf,inf,0.0,0.0,512,67,1.0,358.4000000000004,512.0,0.7000000000000007,1.0,0.01623975807165812,0.001953125,512,512.0,1.0,0.001953125,1,1.0,1.0,1.0,0.0,0.0,2.0,0.001953125,1.0,0.16441430512422361,True,128.0,400.0,1,512,False,False,-0.31788704723385014,0.014680654819495738
United_States,log_beta_process_2026,tempered_smc_rank_and_particle_quality,inf,inf,0.0,0.0,512,67,1.0,358.4000000000004,512.0,0.7000000000000007,1.0,0.01623975807165812,0.001953125,512,512.0,1.0,0.001953125,1,1.0,1.0,1.0,0.0,0.0,2.0,0.001953125,1.0,0.16441430512422361,True,128.0,400.0,1,512,False,False,-0.33197027044934646,0.015965765564649043
United_States,log_beta_process_2027,tempered_smc_rank_and_particle_quality,inf,inf,0.0,0.0,512,67,1.0,358.4000000000004,512.0,0.7000000000000007,1.0,0.01623975807165812,0.001953125,512,512.0,1.0,0.001953125,1,1.0,1.0,1.0,0.0,0.0,2.0,0.001953125,1.0,0.16441430512422361,True,128.0,400.0,1,512,False,False,-0.13972445165178515,0.6116402747800218
United_States,log_beta_process_2028,tempered_smc_rank_and_particle_quality,inf,inf,0.0,0.0,512,67,1.0,358.4000000000004,512.0,0.7000000000000007,1.0,0.01623975807165812,0.001953125,512,512.0,1.0,0.001953125,1,1.0,1.0,1.0,0.0,0.0,2.0,0.001953125,1.0,0.16441430512422361,True,128.0,400.0,1,512,False,False,-0.03673813965447541,0.6367184900766836
United_States,log_beta_process_2029,tempered_smc_rank_and_particle_quality,inf,inf,0.0,0.0,512,67,1.0,358.4000000000004,512.0,0.7000000000000007,1.0,0.01623975807165812,0.001953125,512,512.0,1.0,0.001953125,1,1.0,1.0,1.0,0.0,0.0,2.0,0.001953125,1.0,0.16441430512422361,True,128.0,400.0,1,512,False,False,-0.03931483780033068,0.6916883030059383
United_States,log_beta_process_2030,tempered_smc_rank_and_particle_quality,inf,inf,0.0,0.0,512,67,1.0,358.4000000000004,512.0,0.7000000000000007,1.0,0.01623975807165812,0.001953125,512,512.0,1.0,0.001953125,1,1.0,1.0,1.0,0.0,0.0,2.0,0.001953125,1.0,0.16441430512422361,True,128.0,400.0,1,512,False,False,-0.05566283825053117,0.6847827883882448
United_States,log_beta_process_2031,tempered_smc_rank_and_particle_quality,inf,inf,0.0,0.0,512,67,1.0,358.4000000000004,512.0,0.7000000000000007,1.0,0.01623975807165812,0.001953125,512,512.0,1.0,0.001953125,1,1.0,1.0,1.0,0.0,0.0,2.0,0.001953125,1.0,0.16441430512422361,True,128.0,400.0,1,512,False,False,-0.021769693296653545,0.6728131230499127
United_States,log_beta_process_2032,tempered_smc_rank_and_particle_quality,inf,inf,0.0,0.0,512,67,1.0,358.4000000000004,512.0,0.7000000000000007,1.0,0.01623975807165812,0.001953125,512,512.0,1.0,0.001953125,1,1.0,1.0,1.0,0.0,0.0,2.0,0.001953125,1.0,0.16441430512422361,True,128.0,400.0,1,512,False,False,-0.004546295531223382,0.6780278520623199
United_States,log_beta_process_2033,tempered_smc_rank_and_particle_quality,inf,inf,0.0,0.0,512,67,1.0,358.4000000000004,512.0,0.7000000000000007,1.0,0.01623975807165812,0.001953125,512,512.0,1.0,0.001953125,1,1.0,1.0,1.0,0.0,0.0,2.0,0.001953125,1.0,0.16441430512422361,True,128.0,400.0,1,512,False,False,-0.01516894861904906,0.6666876102993663
United_States,log_beta_process_2034,tempered_smc_rank_and_particle_quality,inf,inf,0.0,0.0,512,67,1.0,358.4000000000004,512.0,0.7000000000000007,1.0,0.01623975807165812,0.001953125,512,512.0,1.0,0.001953125,1,1.0,1.0,1.0,0.0,0.0,2.0,0.001953125,1.0,0.16441430512422361,True,128.0,400.0,1,512,False,False,0.013115389085571152,0.65588131198148
United_States,log_beta_process_2035,tempered_smc_rank_and_particle_quality,inf,inf,0.0,0.0,512,67,1.0,358.4000000000004,512.0,0.7000000000000007,1.0,0.01623975807165812,0.001953125,512,512.0,1.0,0.001953125,1,1.0,1.0,1.0,0.0,0.0,2.0,0.001953125,1.0,0.16441430512422361,True,128.0,400.0,1,512,False,False,0.03405193199118258,0.6486744895974395
United_States,log_beta_process_2036,tempered_smc_rank_and_particle_quality,inf,inf,0.0,0.0,512,67,1.0,358.4000000000004,512.0,0.7000000000000007,1.0,0.01623975807165812,0.001953125,512,512.0,1.0,0.001953125,1,1.0,1.0,1.0,0.0,0.0,2.0,0.001953125,1.0,0.16441430512422361,True,128.0,400.0,1,512,False,False,0.06403030258770818,0.6636115366864035
United_States,log_beta_process_2037,tempered_smc_rank_and_particle_quality,inf,inf,0.0,0.0,512,67,1.0,358.4000000000004,512.0,0.7000000000000007,1.0,0.01623975807165812,0.001953125,512,512.0,1.0,0.001953125,1,1.0,1.0,1.0,0.0,0.0,2.0,0.001953125,1.0,0.16441430512422361,True,128.0,400.0,1,512,False,False,0.002909316300023279,0.6929418959105634
United_States,log_beta_process_2038,tempered_smc_rank_and_particle_quality,inf,inf,0.0,0.0,512,67,1.0,358.4000000000004,512.0,0.7000000000000007,1.0,0.01623975807165812,0.001953125,512,512.0,1.0,0.001953125,1,1.0,1.0,1.0,0.0,0.0,2.0,0.001953125,1.0,0.16441430512422361,True,128.0,400.0,1,512,False,False,0.03652970767452736,0.7167963302369238
United_States,log_beta_process_2039,tempered_smc_rank_and_particle_quality,inf,inf,0.0,0.0,512,67,1.0,358.4000000000004,512.0,0.7000000000000007,1.0,0.01623975807165812,0.001953125,512,512.0,1.0,0.001953125,1,1.0,1.0,1.0,0.0,0.0,2.0,0.001953125,1.0,0.16441430512422361,True,128.0,400.0,1,512,False,False,-0.0020281818223091067,0.6773614633822245
United_States,log_beta_process_2040,tempered_smc_rank_and_particle_quality,inf,inf,0.0,0.0,512,67,1.0,358.4000000000004,512.0,0.7000000000000007,1.0,0.01623975807165812,0.001953125,512,512.0,1.0,0.001953125,1,1.0,1.0,1.0,0.0,0.0,2.0,0.001953125,1.0,0.16441430512422361,True,128.0,400.0,1,512,False,False,0.02677241089224805,0.67442818550627
United_States,log_beta_process_2041,tempered_smc_rank_and_particle_quality,inf,inf,0.0,0.0,512,67,1.0,358.4000000000004,512.0,0.7000000000000007,1.0,0.01623975807165812,0.001953125,512,512.0,1.0,0.001953125,1,1.0,1.0,1.0,0.0,0.0,2.0,0.001953125,1.0,0.16441430512422361,True,128.0,400.0,1,512,False,False,0.00386131107409907,0.6946734734352447
United_States,log_beta_process_2042,tempered_smc_rank_and_particle_quality,inf,inf,0.0,0.0,512,67,1.0,358.4000000000004,512.0,0.7000000000000007,1.0,0.01623975807165812,0.001953125,512,512.0,1.0,0.001953125,1,1.0,1.0,1.0,0.0,0.0,2.0,0.001953125,1.0,0.16441430512422361,True,128.0,400.0,1,512,False,False,0.0501373644950741,0.6727208880051625
United_States,log_beta_process_2043,tempered_smc_rank_and_particle_quality,inf,inf,0.0,0.0,512,67,1.0,358.4000000000004,512.0,0.7000000000000007,1.0,0.01623975807165812,0.001953125,512,512.0,1.0,0.001953125,1,1.0,1.0,1.0,0.0,0.0,2.0,0.001953125,1.0,0.16441430512422361,True,128.0,400.0,1,512,False,False,0.019083990665884593,0.6735856489497867
United_States,log_beta_process_2044,tempered_smc_rank_and_particle_quality,inf,inf,0.0,0.0,512,67,1.0,358.4000000000004,512.0,0.7000000000000007,1.0,0.01623975807165812,0.001953125,512,512.0,1.0,0.001953125,1,1.0,1.0,1.0,0.0,0.0,2.0,0.001953125,1.0,0.16441430512422361,True,128.0,400.0,1,512,False,False,-0.014569958924686568,0.6538975684683456
United_States,log_beta_process_2045,tempered_smc_rank_and_particle_quality,inf,inf,0.0,0.0,512,67,1.0,358.4000000000004,512.0,0.7000000000000007,1.0,0.01623975807165812,0.001953125,512,512.0,1.0,0.001953125,1,1.0,1.0,1.0,0.0,0.0,2.0,0.001953125,1.0,0.16441430512422361,True,128.0,400.0,1,512,False,False,-0.03873200875681907,0.7075251442494727
United_States,log_beta_process_2046,tempered_smc_rank_and_particle_quality,inf,inf,0.0,0.0,512,67,1.0,358.4000000000004,512.0,0.7000000000000007,1.0,0.01623975807165812,0.001953125,512,512.0,1.0,0.001953125,1,1.0,1.0,1.0,0.0,0.0,2.0,0.001953125,1.0,0.16441430512422361,True,128.0,400.0,1,512,False,False,-0.07083671917856957,0.697181445291629
United_States,log_beta_process_2047,tempered_smc_rank_and_particle_quality,inf,inf,0.0,0.0,512,67,1.0,358.4000000000004,512.0,0.7000000000000007,1.0,0.01623975807165812,0.001953125,512,512.0,1.0,0.001953125,1,1.0,1.0,1.0,0.0,0.0,2.0,0.001953125,1.0,0.16441430512422361,True,128.0,400.0,1,512,False,False,-0.018533012980145553,0.685222831938306
United_States,log_beta_process_2048,tempered_smc_rank_and_particle_quality,inf,inf,0.0,0.0,512,67,1.0,358.4000000000004,512.0,0.7000000000000007,1.0,0.01623975807165812,0.001953125,512,512.0,1.0,0.001953125,1,1.0,1.0,1.0,0.0,0.0,2.0,0.001953125,1.0,0.16441430512422361,True,128.0,400.0,1,512,False,False,0.0008997893990664342,0.7557496978516267
United_States,log_beta_process_2049,tempered_smc_rank_and_particle_quality,inf,inf,0.0,0.0,512,67,1.0,358.4000000000004,512.0,0.7000000000000007,1.0,0.01623975807165812,0.001953125,512,512.0,1.0,0.001953125,1,1.0,1.0,1.0,0.0,0.0,2.0,0.001953125,1.0,0.16441430512422361,True,128.0,400.0,1,512,False,False,-0.0003892553348021355,0.6873944611644541
United_States,log_beta_process_2050,tempered_smc_rank_and_particle_quality,inf,inf,0.0,0.0,512,67,1.0,358.4000000000004,512.0,0.7000000000000007,1.0,0.01623975807165812,0.001953125,512,512.0,1.0,0.001953125,1,1.0,1.0,1.0,0.0,0.0,2.0,0.001953125,1.0,0.16441430512422361,True,128.0,400.0,1,512,False,False,-0.03204144120048594,0.7181314454452694
Brazil,VE_sus,tempered_smc_rank_and_particle_quality,inf,inf,0.0,0.0,512,67,1.0,358.4000000000004,512.0,0.7000000000000007,1.0,0.01623975807165812,0.001953125,512,512.0,1.0,0.001953125,1,1.0,1.0,1.0,0.0,0.0,2.0,0.001953125,1.0,0.16441430512422361,True,128.0,400.0,1,512,False,False,0.042627626537489305,0.00976028086206791
Brazil,VE_inf,tempered_smc_rank_and_particle_quality,inf,inf,0.0,0.0,512,67,1.0,358.4000000000004,512.0,0.7000000000000007,1.0,0.01623975807165812,0.001953125,512,512.0,1.0,0.001953125,1,1.0,1.0,1.0,0.0,0.0,2.0,0.001953125,1.0,0.16441430512422361,True,128.0,400.0,1,512,False,False,0.07458173548436564,0.01066418907967471
Brazil,VE_dur,tempered_smc_rank_and_particle_quality,inf,inf,0.0,0.0,512,67,1.0,358.4000000000004,512.0,0.7000000000000007,1.0,0.01623975807165812,0.001953125,512,512.0,1.0,0.001953125,1,1.0,1.0,1.0,0.0,0.0,2.0,0.001953125,1.0,0.16441430512422361,True,128.0,400.0,1,512,False,False,0.02050234301775682,0.008900470651004537
Brazil,relative_infectiousness_asymptomatic,tempered_smc_rank_and_particle_quality,inf,inf,0.0,0.0,512,67,1.0,358.4000000000004,512.0,0.7000000000000007,1.0,0.01623975807165812,0.001953125,512,512.0,1.0,0.001953125,1,1.0,1.0,1.0,0.0,0.0,2.0,0.001953125,1.0,0.16441430512422361,True,128.0,400.0,1,512,False,False,0.7205483369164183,0.011903077309121142
Brazil,infectious_duration_symptomatic,tempered_smc_rank_and_particle_quality,inf,inf,0.0,0.0,512,67,1.0,358.4000000000004,512.0,0.7000000000000007,1.0,0.01623975807165812,0.001953125,512,512.0,1.0,0.001953125,1,1.0,1.0,1.0,0.0,0.0,2.0,0.001953125,1.0,0.16441430512422361,True,128.0,400.0,1,512,False,False,23.34086924554034,1.1087249042223009
Brazil,infectious_duration_asymptomatic,tempered_smc_rank_and_particle_quality,inf,inf,0.0,0.0,512,67,1.0,358.4000000000004,512.0,0.7000000000000007,1.0,0.01623975807165812,0.001953125,512,512.0,1.0,0.001953125,1,1.0,1.0,1.0,0.0,0.0,2.0,0.001953125,1.0,0.16441430512422361,True,128.0,400.0,1,512,False,False,25.8544440906702,0.5369289296886472
Brazil,fitness_R,tempered_smc_rank_and_particle_quality,inf,inf,0.0,0.0,512,67,1.0,358.4000000000004,512.0,0.7000000000000007,1.0,0.01623975807165812,0.001953125,512,512.0,1.0,0.001953125,1,1.0,1.0,1.0,0.0,0.0,2.0,0.001953125,1.0,0.16441430512422361,True,128.0,400.0,1,512,False,False,0.9104055859463241,0.00522493194194408
Brazil,beta_S,tempered_smc_rank_and_particle_quality,inf,inf,0.0,0.0,512,67,1.0,358.4000000000004,512.0,0.7000000000000007,1.0,0.01623975807165812,0.001953125,512,512.0,1.0,0.001953125,1,1.0,1.0,1.0,0.0,0.0,2.0,0.001953125,1.0,0.16441430512422361,True,128.0,400.0,1,512,False,False,0.004636293097347437,6.53324334549248e-05
Brazil,reporting_multiplier,tempered_smc_rank_and_particle_quality,inf,inf,0.0,0.0,512,67,1.0,358.4000000000004,512.0,0.7000000000000007,1.0,0.01623975807165812,0.001953125,512,512.0,1.0,0.001953125,1,1.0,1.0,1.0,0.0,0.0,2.0,0.001953125,1.0,0.16441430512422361,True,128.0,400.0,1,512,False,False,0.8714058097498465,0.01428837788751832
Brazil,log_beta_process_2021,tempered_smc_rank_and_particle_quality,inf,inf,0.0,0.0,512,67,1.0,358.4000000000004,512.0,0.7000000000000007,1.0,0.01623975807165812,0.001953125,512,512.0,1.0,0.001953125,1,1.0,1.0,1.0,0.0,0.0,2.0,0.001953125,1.0,0.16441430512422361,True,128.0,400.0,1,512,False,False,0.247823057096515,0.017531993908002332
Brazil,log_beta_process_2022,tempered_smc_rank_and_particle_quality,inf,inf,0.0,0.0,512,67,1.0,358.4000000000004,512.0,0.7000000000000007,1.0,0.01623975807165812,0.001953125,512,512.0,1.0,0.001953125,1,1.0,1.0,1.0,0.0,0.0,2.0,0.001953125,1.0,0.16441430512422361,True,128.0,400.0,1,512,False,False,-0.1169882466278981,0.015253464001080099
Brazil,log_beta_process_2023,tempered_smc_rank_and_particle_quality,inf,inf,0.0,0.0,512,67,1.0,358.4000000000004,512.0,0.7000000000000007,1.0,0.01623975807165812,0.001953125,512,512.0,1.0,0.001953125,1,1.0,1.0,1.0,0.0,0.0,2.0,0.001953125,1.0,0.16441430512422361,True,128.0,400.0,1,512,False,False,-0.05232035285059592,0.01822706861305346
Brazil,log_beta_process_2024,tempered_smc_rank_and_particle_quality,inf,inf,0.0,0.0,512,67,1.0,358.4000000000004,512.0,0.7000000000000007,1.0,0.01623975807165812,0.001953125,512,512.0,1.0,0.001953125,1,1.0,1.0,1.0,0.0,0.0,2.0,0.001953125,1.0,0.16441430512422361,True,128.0,400.0,1,512,False,False,0.33535088764976145,0.012294505715589595
Brazil,log_beta_process_2025,tempered_smc_rank_and_particle_quality,inf,inf,0.0,0.0,512,67,1.0,358.4000000000004,512.0,0.7000000000000007,1.0,0.01623975807165812,0.001953125,512,512.0,1.0,0.001953125,1,1.0,1.0,1.0,0.0,0.0,2.0,0.001953125,1.0,0.16441430512422361,True,128.0,400.0,1,512,False,False,-0.6888442169777589,0.014271055987839603
Brazil,log_beta_process_2026,tempered_smc_rank_and_particle_quality,inf,inf,0.0,0.0,512,67,1.0,358.4000000000004,512.0,0.7000000000000007,1.0,0.01623975807165812,0.001953125,512,512.0,1.0,0.001953125,1,1.0,1.0,1.0,0.0,0.0,2.0,0.001953125,1.0,0.16441430512422361,True,128.0,400.0,1,512,False,False,0.3931549117845945,0.017061116223160734
Brazil,log_beta_process_2027,tempered_smc_rank_and_particle_quality,inf,inf,0.0,0.0,512,67,1.0,358.4000000000004,512.0,0.7000000000000007,1.0,0.01623975807165812,0.001953125,512,512.0,1.0,0.001953125,1,1.0,1.0,1.0,0.0,0.0,2.0,0.001953125,1.0,0.16441430512422361,True,128.0,400.0,1,512,False,False,0.23924895780337757,0.6148242864565964
Brazil,log_beta_process_2028,tempered_smc_rank_and_particle_quality,inf,inf,0.0,0.0,512,67,1.0,358.4000000000004,512.0,0.7000000000000007,1.0,0.01623975807165812,0.001953125,512,512.0,1.0,0.001953125,1,1.0,1.0,1.0,0.0,0.0,2.0,0.001953125,1.0,0.16441430512422361,True,128.0,400.0,1,512,False,False,0.10188739404485996,0.6821350928460651
Brazil,log_beta_process_2029,tempered_smc_rank_and_particle_quality,inf,inf,0.0,0.0,512,67,1.0,358.4000000000004,512.0,0.7000000000000007,1.0,0.01623975807165812,0.001953125,512,512.0,1.0,0.001953125,1,1.0,1.0,1.0,0.0,0.0,2.0,0.001953125,1.0,0.16441430512422361,True,128.0,400.0,1,512,False,False,0.06943855918010713,0.7080347349139987
Brazil,log_beta_process_2030,tempered_smc_rank_and_particle_quality,inf,inf,0.0,0.0,512,67,1.0,358.4000000000004,512.0,0.7000000000000007,1.0,0.01623975807165812,0.001953125,512,512.0,1.0,0.001953125,1,1.0,1.0,1.0,0.0,0.0,2.0,0.001953125,1.0,0.16441430512422361,True,128.0,400.0,1,512,False,False,0.0480898048354607,0.6784277947356401
Brazil,log_beta_process_2031,tempered_smc_rank_and_particle_quality,inf,inf,0.0,0.0,512,67,1.0,358.4000000000004,512.0,0.7000000000000007,1.0,0.01623975807165812,0.001953125,512,512.0,1.0,0.001953125,1,1.0,1.0,1.0,0.0,0.0,2.0,0.001953125,1.0,0.16441430512422361,True,128.0,400.0,1,512,False,False,0.012173822027503459,0.6588188979809123
Brazil,log_beta_process_2032,tempered_smc_rank_and_particle_quality,inf,inf,0.0,0.0,512,67,1.0,358.4000000000004,512.0,0.7000000000000007,1.0,0.01623975807165812,0.001953125,512,512.0,1.0,0.001953125,1,1.0,1.0,1.0,0.0,0.0,2.0,0.001953125,1.0,0.16441430512422361,True,128.0,400.0,1,512,False,False,0.016565080644512085,0.6873430635727728
Brazil,log_beta_process_2033,tempered_smc_rank_and_particle_quality,inf,inf,0.0,0.0,512,67,1.0,358.4000000000004,512.0,0.7000000000000007,1.0,0.01623975807165812,0.001953125,512,512.0,1.0,0.001953125,1,1.0,1.0,1.0,0.0,0.0,2.0,0.001953125,1.0,0.16441430512422361,True,128.0,400.0,1,512,False,False,0.011493283169782773,0.666640681559516
Brazil,log_beta_process_2034,tempered_smc_rank_and_particle_quality,inf,inf,0.0,0.0,512,67,1.0,358.4000000000004,512.0,0.7000000000000007,1.0,0.01623975807165812,0.001953125,512,512.0,1.0,0.001953125,1,1.0,1.0,1.0,0.0,0.0,2.0,0.001953125,1.0,0.16441430512422361,True,128.0,400.0,1,512,False,False,-0.05653008027963691,0.6656697833711135
Brazil,log_beta_process_2035,tempered_smc_rank_and_particle_quality,inf,inf,0.0,0.0,512,67,1.0,358.4000000000004,512.0,0.7000000000000007,1.0,0.01623975807165812,0.001953125,512,512.0,1.0,0.001953125,1,1.0,1.0,1.0,0.0,0.0,2.0,0.001953125,1.0,0.16441430512422361,True,128.0,400.0,1,512,False,False,-0.07087282487042604,0.6751591053722521
Brazil,log_beta_process_2036,tempered_smc_rank_and_particle_quality,inf,inf,0.0,0.0,512,67,1.0,358.4000000000004,512.0,0.7000000000000007,1.0,0.01623975807165812,0.001953125,512,512.0,1.0,0.001953125,1,1.0,1.0,1.0,0.0,0.0,2.0,0.001953125,1.0,0.16441430512422361,True,128.0,400.0,1,512,False,False,-0.06324873298098976,0.7141209538009529
Brazil,log_beta_process_2037,tempered_smc_rank_and_particle_quality,inf,inf,0.0,0.0,512,67,1.0,358.4000000000004,512.0,0.7000000000000007,1.0,0.01623975807165812,0.001953125,512,512.0,1.0,0.001953125,1,1.0,1.0,1.0,0.0,0.0,2.0,0.001953125,1.0,0.16441430512422361,True,128.0,400.0,1,512,False,False,-0.042644913140173366,0.6910757766703022
Brazil,log_beta_process_2038,tempered_smc_rank_and_particle_quality,inf,inf,0.0,0.0,512,67,1.0,358.4000000000004,512.0,0.7000000000000007,1.0,0.01623975807165812,0.001953125,512,512.0,1.0,0.001953125,1,1.0,1.0,1.0,0.0,0.0,2.0,0.001953125,1.0,0.16441430512422361,True,128.0,400.0,1,512,False,False,-0.029952894472907842,0.7221714931742503
Brazil,log_beta_process_2039,tempered_smc_rank_and_particle_quality,inf,inf,0.0,0.0,512,67,1.0,358.4000000000004,512.0,0.7000000000000007,1.0,0.01623975807165812,0.001953125,512,512.0,1.0,0.001953125,1,1.0,1.0,1.0,0.0,0.0,2.0,0.001953125,1.0,0.16441430512422361,True,128.0,400.0,1,512,False,False,-0.030339121558562818,0.7146042078648112
Brazil,log_beta_process_2040,tempered_smc_rank_and_particle_quality,inf,inf,0.0,0.0,512,67,1.0,358.4000000000004,512.0,0.7000000000000007,1.0,0.01623975807165812,0.001953125,512,512.0,1.0,0.001953125,1,1.0,1.0,1.0,0.0,0.0,2.0,0.001953125,1.0,0.16441430512422361,True,128.0,400.0,1,512,False,False,0.005010876191428135,0.7131218614609066
Brazil,log_beta_process_2041,tempered_smc_rank_and_particle_quality,inf,inf,0.0,0.0,512,67,1.0,358.4000000000004,512.0,0.7000000000000007,1.0,0.01623975807165812,0.001953125,512,512.0,1.0,0.001953125,1,1.0,1.0,1.0,0.0,0.0,2.0,0.001953125,1.0,0.16441430512422361,True,128.0,400.0,1,512,False,False,0.010433404711828614,0.6863506906346517
Brazil,log_beta_process_2042,tempered_smc_rank_and_particle_quality,inf,inf,0.0,0.0,512,67,1.0,358.4000000000004,512.0,0.7000000000000007,1.0,0.01623975807165812,0.001953125,512,512.0,1.0,0.001953125,1,1.0,1.0,1.0,0.0,0.0,2.0,0.001953125,1.0,0.16441430512422361,True,128.0,400.0,1,512,False,False,-0.018790133354360458,0.6812323196976245
Brazil,log_beta_process_2043,tempered_smc_rank_and_particle_quality,inf,inf,0.0,0.0,512,67,1.0,358.4000000000004,512.0,0.7000000000000007,1.0,0.01623975807165812,0.001953125,512,512.0,1.0,0.001953125,1,1.0,1.0,1.0,0.0,0.0,2.0,0.001953125,1.0,0.16441430512422361,True,128.0,400.0,1,512,False,False,-0.022490607254926836,0.6849047188603252
Brazil,log_beta_process_2044,tempered_smc_rank_and_particle_quality,inf,inf,0.0,0.0,512,67,1.0,358.4000000000004,512.0,0.7000000000000007,1.0,0.01623975807165812,0.001953125,512,512.0,1.0,0.001953125,1,1.0,1.0,1.0,0.0,0.0,2.0,0.001953125,1.0,0.16441430512422361,True,128.0,400.0,1,512,False,False,0.046558673196944074,0.6690256595332509
Brazil,log_beta_process_2045,tempered_smc_rank_and_particle_quality,inf,inf,0.0,0.0,512,67,1.0,358.4000000000004,512.0,0.7000000000000007,1.0,0.01623975807165812,0.001953125,512,512.0,1.0,0.001953125,1,1.0,1.0,1.0,0.0,0.0,2.0,0.001953125,1.0,0.16441430512422361,True,128.0,400.0,1,512,False,False,0.033207884835527945,0.6921126315266547
Brazil,log_beta_process_2046,tempered_smc_rank_and_particle_quality,inf,inf,0.0,0.0,512,67,1.0,358.4000000000004,512.0,0.7000000000000007,1.0,0.01623975807165812,0.001953125,512,512.0,1.0,0.001953125,1,1.0,1.0,1.0,0.0,0.0,2.0,0.001953125,1.0,0.16441430512422361,True,128.0,400.0,1,512,False,False,0.06346129590346847,0.6873799087392829
Brazil,log_beta_process_2047,tempered_smc_rank_and_particle_quality,inf,inf,0.0,0.0,512,67,1.0,358.4000000000004,512.0,0.7000000000000007,1.0,0.01623975807165812,0.001953125,512,512.0,1.0,0.001953125,1,1.0,1.0,1.0,0.0,0.0,2.0,0.001953125,1.0,0.16441430512422361,True,128.0,400.0,1,512,False,False,0.005448796662214276,0.6734593872136261
Brazil,log_beta_process_2048,tempered_smc_rank_and_particle_quality,inf,inf,0.0,0.0,512,67,1.0,358.4000000000004,512.0,0.7000000000000007,1.0,0.01623975807165812,0.001953125,512,512.0,1.0,0.001953125,1,1.0,1.0,1.0,0.0,0.0,2.0,0.001953125,1.0,0.16441430512422361,True,128.0,400.0,1,512,False,False,0.024802607620824764,0.7052498703029352
Brazil,log_beta_process_2049,tempered_smc_rank_and_particle_quality,inf,inf,0.0,0.0,512,67,1.0,358.4000000000004,512.0,0.7000000000000007,1.0,0.01623975807165812,0.001953125,512,512.0,1.0,0.001953125,1,1.0,1.0,1.0,0.0,0.0,2.0,0.001953125,1.0,0.16441430512422361,True,128.0,400.0,1,512,False,False,-0.022377462664311645,0.718122077922413
Brazil,log_beta_process_2050,tempered_smc_rank_and_particle_quality,inf,inf,0.0,0.0,512,67,1.0,358.4000000000004,512.0,0.7000000000000007,1.0,0.01623975807165812,0.001953125,512,512.0,1.0,0.001953125,1,1.0,1.0,1.0,0.0,0.0,2.0,0.001953125,1.0,0.16441430512422361,True,128.0,400.0,1,512,False,False,-0.017334862182736985,0.6947136149623395
Thailand,VE_sus,tempered_smc_rank_and_particle_quality,inf,inf,0.0,0.0,512,67,1.0,358.4000000000004,512.0,0.7000000000000007,1.0,0.01623975807165812,0.001953125,512,512.0,1.0,0.001953125,1,1.0,1.0,1.0,0.0,0.0,2.0,0.001953125,1.0,0.16441430512422361,True,128.0,400.0,1,512,False,False,0.042627626537489305,0.00976028086206791
Thailand,VE_inf,tempered_smc_rank_and_particle_quality,inf,inf,0.0,0.0,512,67,1.0,358.4000000000004,512.0,0.7000000000000007,1.0,0.01623975807165812,0.001953125,512,512.0,1.0,0.001953125,1,1.0,1.0,1.0,0.0,0.0,2.0,0.001953125,1.0,0.16441430512422361,True,128.0,400.0,1,512,False,False,0.07458173548436564,0.01066418907967471
Thailand,VE_dur,tempered_smc_rank_and_particle_quality,inf,inf,0.0,0.0,512,67,1.0,358.4000000000004,512.0,0.7000000000000007,1.0,0.01623975807165812,0.001953125,512,512.0,1.0,0.001953125,1,1.0,1.0,1.0,0.0,0.0,2.0,0.001953125,1.0,0.16441430512422361,True,128.0,400.0,1,512,False,False,0.02050234301775682,0.008900470651004537
Thailand,relative_infectiousness_asymptomatic,tempered_smc_rank_and_particle_quality,inf,inf,0.0,0.0,512,67,1.0,358.4000000000004,512.0,0.7000000000000007,1.0,0.01623975807165812,0.001953125,512,512.0,1.0,0.001953125,1,1.0,1.0,1.0,0.0,0.0,2.0,0.001953125,1.0,0.16441430512422361,True,128.0,400.0,1,512,False,False,0.7205483369164183,0.011903077309121142
Thailand,infectious_duration_symptomatic,tempered_smc_rank_and_particle_quality,inf,inf,0.0,0.0,512,67,1.0,358.4000000000004,512.0,0.7000000000000007,1.0,0.01623975807165812,0.001953125,512,512.0,1.0,0.001953125,1,1.0,1.0,1.0,0.0,0.0,2.0,0.001953125,1.0,0.16441430512422361,True,128.0,400.0,1,512,False,False,23.34086924554034,1.1087249042223009
Thailand,infectious_duration_asymptomatic,tempered_smc_rank_and_particle_quality,inf,inf,0.0,0.0,512,67,1.0,358.4000000000004,512.0,0.7000000000000007,1.0,0.01623975807165812,0.001953125,512,512.0,1.0,0.001953125,1,1.0,1.0,1.0,0.0,0.0,2.0,0.001953125,1.0,0.16441430512422361,True,128.0,400.0,1,512,False,False,25.8544440906702,0.5369289296886472
Thailand,fitness_R,tempered_smc_rank_and_particle_quality,inf,inf,0.0,0.0,512,67,1.0,358.4000000000004,512.0,0.7000000000000007,1.0,0.01623975807165812,0.001953125,512,512.0,1.0,0.001953125,1,1.0,1.0,1.0,0.0,0.0,2.0,0.001953125,1.0,0.16441430512422361,True,128.0,400.0,1,512,False,False,0.9104055859463241,0.00522493194194408
Thailand,beta_S,tempered_smc_rank_and_particle_quality,inf,inf,0.0,0.0,512,67,1.0,358.4000000000004,512.0,0.7000000000000007,1.0,0.01623975807165812,0.001953125,512,512.0,1.0,0.001953125,1,1.0,1.0,1.0,0.0,0.0,2.0,0.001953125,1.0,0.16441430512422361,True,128.0,400.0,1,512,False,False,0.004893330041677723,9.58100242664372e-05
Thailand,reporting_multiplier,tempered_smc_rank_and_particle_quality,inf,inf,0.0,0.0,512,67,1.0,358.4000000000004,512.0,0.7000000000000007,1.0,0.01623975807165812,0.001953125,512,512.0,1.0,0.001953125,1,1.0,1.0,1.0,0.0,0.0,2.0,0.001953125,1.0,0.16441430512422361,True,128.0,400.0,1,512,False,False,1.070005694455017,0.02225222927362064
Thailand,log_beta_process_2020,tempered_smc_rank_and_particle_quality,inf,inf,0.0,0.0,512,67,1.0,358.4000000000004,512.0,0.7000000000000007,1.0,0.01623975807165812,0.001953125,512,512.0,1.0,0.001953125,1,1.0,1.0,1.0,0.0,0.0,2.0,0.001953125,1.0,0.16441430512422361,True,128.0,400.0,1,512,False,False,-0.6376443044041804,0.034214042129863495
Thailand,log_beta_process_2021,tempered_smc_rank_and_particle_quality,inf,inf,0.0,0.0,512,67,1.0,358.4000000000004,512.0,0.7000000000000007,1.0,0.01623975807165812,0.001953125,512,512.0,1.0,0.001953125,1,1.0,1.0,1.0,0.0,0.0,2.0,0.001953125,1.0,0.16441430512422361,True,128.0,400.0,1,512,False,False,-0.16812172361816996,0.026755603087950417
Thailand,log_beta_process_2022,tempered_smc_rank_and_particle_quality,inf,inf,0.0,0.0,512,67,1.0,358.4000000000004,512.0,0.7000000000000007,1.0,0.01623975807165812,0.001953125,512,512.0,1.0,0.001953125,1,1.0,1.0,1.0,0.0,0.0,2.0,0.001953125,1.0,0.16441430512422361,True,128.0,400.0,1,512,False,False,0.05145941186468188,0.026897900585795186
Thailand,log_beta_process_2023,tempered_smc_rank_and_particle_quality,inf,inf,0.0,0.0,512,67,1.0,358.4000000000004,512.0,0.7000000000000007,1.0,0.01623975807165812,0.001953125,512,512.0,1.0,0.001953125,1,1.0,1.0,1.0,0.0,0.0,2.0,0.001953125,1.0,0.16441430512422361,True,128.0,400.0,1,512,False,False,0.1623047729702048,0.02451010653273294
Thailand,log_beta_process_2024,tempered_smc_rank_and_particle_quality,inf,inf,0.0,0.0,512,67,1.0,358.4000000000004,512.0,0.7000000000000007,1.0,0.01623975807165812,0.001953125,512,512.0,1.0,0.001953125,1,1.0,1.0,1.0,0.0,0.0,2.0,0.001953125,1.0,0.16441430512422361,True,128.0,400.0,1,512,False,False,-0.10309055979793834,0.018114209350514235
Thailand,log_beta_process_2025,tempered_smc_rank_and_particle_quality,inf,inf,0.0,0.0,512,67,1.0,358.4000000000004,512.0,0.7000000000000007,1.0,0.01623975807165812,0.001953125,512,512.0,1.0,0.001953125,1,1.0,1.0,1.0,0.0,0.0,2.0,0.001953125,1.0,0.16441430512422361,True,128.0,400.0,1,512,False,False,-0.2992795076221748,0.03106502416823867
Thailand,log_beta_process_2026,tempered_smc_rank_and_particle_quality,inf,inf,0.0,0.0,512,67,1.0,358.4000000000004,512.0,0.7000000000000007,1.0,0.01623975807165812,0.001953125,512,512.0,1.0,0.001953125,1,1.0,1.0,1.0,0.0,0.0,2.0,0.001953125,1.0,0.16441430512422361,True,128.0,400.0,1,512,False,False,-0.16132428655334036,0.6234884630347307
Thailand,log_beta_process_2027,tempered_smc_rank_and_particle_quality,inf,inf,0.0,0.0,512,67,1.0,358.4000000000004,512.0,0.7000000000000007,1.0,0.01623975807165812,0.001953125,512,512.0,1.0,0.001953125,1,1.0,1.0,1.0,0.0,0.0,2.0,0.001953125,1.0,0.16441430512422361,True,128.0,400.0,1,512,False,False,-0.08559774561559207,0.6594338388107431
Thailand,log_beta_process_2028,tempered_smc_rank_and_particle_quality,inf,inf,0.0,0.0,512,67,1.0,358.4000000000004,512.0,0.7000000000000007,1.0,0.01623975807165812,0.001953125,512,512.0,1.0,0.001953125,1,1.0,1.0,1.0,0.0,0.0,2.0,0.001953125,1.0,0.16441430512422361,True,128.0,400.0,1,512,False,False,-0.036242442281436096,0.6862535283937858
Thailand,log_beta_process_2029,tempered_smc_rank_and_particle_quality,inf,inf,0.0,0.0,512,67,1.0,358.4000000000004,512.0,0.7000000000000007,1.0,0.01623975807165812,0.001953125,512,512.0,1.0,0.001953125,1,1.0,1.0,1.0,0.0,0.0,2.0,0.001953125,1.0,0.16441430512422361,True,128.0,400.0,1,512,False,False,-0.015078370537653017,0.6852874907083037
Thailand,log_beta_process_2030,tempered_smc_rank_and_particle_quality,inf,inf,0.0,0.0,512,67,1.0,358.4000000000004,512.0,0.7000000000000007,1.0,0.01623975807165812,0.001953125,512,512.0,1.0,0.001953125,1,1.0,1.0,1.0,0.0,0.0,2.0,0.001953125,1.0,0.16441430512422361,True,128.0,400.0,1,512,False,False,0.017877155524761927,0.6504075729458104
Thailand,log_beta_process_2031,tempered_smc_rank_and_particle_quality,inf,inf,0.0,0.0,512,67,1.0,358.4000000000004,512.0,0.7000000000000007,1.0,0.01623975807165812,0.001953125,512,512.0,1.0,0.001953125,1,1.0,1.0,1.0,0.0,0.0,2.0,0.001953125,1.0,0.16441430512422361,True,128.0,400.0,1,512,False,False,-0.007938038791492998,0.6497269157867721
Thailand,log_beta_process_2032,tempered_smc_rank_and_particle_quality,inf,inf,0.0,0.0,512,67,1.0,358.4000000000004,512.0,0.7000000000000007,1.0,0.01623975807165812,0.001953125,512,512.0,1.0,0.001953125,1,1.0,1.0,1.0,0.0,0.0,2.0,0.001953125,1.0,0.16441430512422361,True,128.0,400.0,1,512,False,False,0.02781046614627945,0.6754543112953303
Thailand,log_beta_process_2033,tempered_smc_rank_and_particle_quality,inf,inf,0.0,0.0,512,67,1.0,358.4000000000004,512.0,0.7000000000000007,1.0,0.01623975807165812,0.001953125,512,512.0,1.0,0.001953125,1,1.0,1.0,1.0,0.0,0.0,2.0,0.001953125,1.0,0.16441430512422361,True,128.0,400.0,1,512,False,False,0.013489384094889619,0.7227109731207799
Thailand,log_beta_process_2034,tempered_smc_rank_and_particle_quality,inf,inf,0.0,0.0,512,67,1.0,358.4000000000004,512.0,0.7000000000000007,1.0,0.01623975807165812,0.001953125,512,512.0,1.0,0.001953125,1,1.0,1.0,1.0,0.0,0.0,2.0,0.001953125,1.0,0.16441430512422361,True,128.0,400.0,1,512,False,False,0.011443716711354537,0.6739531947768943
Thailand,log_beta_process_2035,tempered_smc_rank_and_particle_quality,inf,inf,0.0,0.0,512,67,1.0,358.4000000000004,512.0,0.7000000000000007,1.0,0.01623975807165812,0.001953125,512,512.0,1.0,0.001953125,1,1.0,1.0,1.0,0.0,0.0,2.0,0.001953125,1.0,0.16441430512422361,True,128.0,400.0,1,512,False,False,0.02205454495000919,0.6499495597669932
Thailand,log_beta_process_2036,tempered_smc_rank_and_particle_quality,inf,inf,0.0,0.0,512,67,1.0,358.4000000000004,512.0,0.7000000000000007,1.0,0.01623975807165812,0.001953125,512,512.0,1.0,0.001953125,1,1.0,1.0,1.0,0.0,0.0,2.0,0.001953125,1.0,0.16441430512422361,True,128.0,400.0,1,512,False,False,0.004865481647284207,0.6568353639201008
Thailand,log_beta_process_2037,tempered_smc_rank_and_particle_quality,inf,inf,0.0,0.0,512,67,1.0,358.4000000000004,512.0,0.7000000000000007,1.0,0.01623975807165812,0.001953125,512,512.0,1.0,0.001953125,1,1.0,1.0,1.0,0.0,0.0,2.0,0.001953125,1.0,0.16441430512422361,True,128.0,400.0,1,512,False,False,0.03732734585608961,0.6769835224343858
Thailand,log_beta_process_2038,tempered_smc_rank_and_particle_quality,inf,inf,0.0,0.0,512,67,1.0,358.4000000000004,512.0,0.7000000000000007,1.0,0.01623975807165812,0.001953125,512,512.0,1.0,0.001953125,1,1.0,1.0,1.0,0.0,0.0,2.0,0.001953125,1.0,0.16441430512422361,True,128.0,400.0,1,512,False,False,0.017566262200544323,0.6813453834402834
Thailand,log_beta_process_2039,tempered_smc_rank_and_particle_quality,inf,inf,0.0,0.0,512,67,1.0,358.4000000000004,512.0,0.7000000000000007,1.0,0.01623975807165812,0.001953125,512,512.0,1.0,0.001953125,1,1.0,1.0,1.0,0.0,0.0,2.0,0.001953125,1.0,0.16441430512422361,True,128.0,400.0,1,512,False,False,0.023294969283101707,0.710675542780055
Thailand,log_beta_process_2040,tempered_smc_rank_and_particle_quality,inf,inf,0.0,0.0,512,67,1.0,358.4000000000004,512.0,0.7000000000000007,1.0,0.01623975807165812,0.001953125,512,512.0,1.0,0.001953125,1,1.0,1.0,1.0,0.0,0.0,2.0,0.001953125,1.0,0.16441430512422361,True,128.0,400.0,1,512,False,False,0.029602705863761368,0.7054737262177897
Thailand,log_beta_process_2041,tempered_smc_rank_and_particle_quality,inf,inf,0.0,0.0,512,67,1.0,358.4000000000004,512.0,0.7000000000000007,1.0,0.01623975807165812,0.001953125,512,512.0,1.0,0.001953125,1,1.0,1.0,1.0,0.0,0.0,2.0,0.001953125,1.0,0.16441430512422361,True,128.0,400.0,1,512,False,False,0.04313798182925464,0.7008124148937812
Thailand,log_beta_process_2042,tempered_smc_rank_and_particle_quality,inf,inf,0.0,0.0,512,67,1.0,358.4000000000004,512.0,0.7000000000000007,1.0,0.01623975807165812,0.001953125,512,512.0,1.0,0.001953125,1,1.0,1.0,1.0,0.0,0.0,2.0,0.001953125,1.0,0.16441430512422361,True,128.0,400.0,1,512,False,False,0.03871371523397348,0.658898911851734
Thailand,log_beta_process_2043,tempered_smc_rank_and_particle_quality,inf,inf,0.0,0.0,512,67,1.0,358.4000000000004,512.0,0.7000000000000007,1.0,0.01623975807165812,0.001953125,512,512.0,1.0,0.001953125,1,1.0,1.0,1.0,0.0,0.0,2.0,0.001953125,1.0,0.16441430512422361,True,128.0,400.0,1,512,False,False,0.008973527365128003,0.6592046074386758
Thailand,log_beta_process_2044,tempered_smc_rank_and_particle_quality,inf,inf,0.0,0.0,512,67,1.0,358.4000000000004,512.0,0.7000000000000007,1.0,0.01623975807165812,0.001953125,512,512.0,1.0,0.001953125,1,1.0,1.0,1.0,0.0,0.0,2.0,0.001953125,1.0,0.16441430512422361,True,128.0,400.0,1,512,False,False,0.012800330599806238,0.6900399425957384
Thailand,log_beta_process_2045,tempered_smc_rank_and_particle_quality,inf,inf,0.0,0.0,512,67,1.0,358.4000000000004,512.0,0.7000000000000007,1.0,0.01623975807165812,0.001953125,512,512.0,1.0,0.001953125,1,1.0,1.0,1.0,0.0,0.0,2.0,0.001953125,1.0,0.16441430512422361,True,128.0,400.0,1,512,False,False,0.013616980874472355,0.7096538519182632
Thailand,log_beta_process_2046,tempered_smc_rank_and_particle_quality,inf,inf,0.0,0.0,512,67,1.0,358.4000000000004,512.0,0.7000000000000007,1.0,0.01623975807165812,0.001953125,512,512.0,1.0,0.001953125,1,1.0,1.0,1.0,0.0,0.0,2.0,0.001953125,1.0,0.16441430512422361,True,128.0,400.0,1,512,False,False,0.021083015051106026,0.6963504008508247
Thailand,log_beta_process_2047,tempered_smc_rank_and_particle_quality,inf,inf,0.0,0.0,512,67,1.0,358.4000000000004,512.0,0.7000000000000007,1.0,0.01623975807165812,0.001953125,512,512.0,1.0,0.001953125,1,1.0,1.0,1.0,0.0,0.0,2.0,0.001953125,1.0,0.16441430512422361,True,128.0,400.0,1,512,False,False,-0.0024162023155544846,0.6996569228641598
Thailand,log_beta_process_2048,tempered_smc_rank_and_particle_quality,inf,inf,0.0,0.0,512,67,1.0,358.4000000000004,512.0,0.7000000000000007,1.0,0.01623975807165812,0.001953125,512,512.0,1.0,0.001953125,1,1.0,1.0,1.0,0.0,0.0,2.0,0.001953125,1.0,0.16441430512422361,True,128.0,400.0,1,512,False,False,-0.010192436955582137,0.6861756609746925
Thailand,log_beta_process_2049,tempered_smc_rank_and_particle_quality,inf,inf,0.0,0.0,512,67,1.0,358.4000000000004,512.0,0.7000000000000007,1.0,0.01623975807165812,0.001953125,512,512.0,1.0,0.001953125,1,1.0,1.0,1.0,0.0,0.0,2.0,0.001953125,1.0,0.16441430512422361,True,128.0,400.0,1,512,False,False,0.0015464878804699982,0.7003890738937716
Thailand,log_beta_process_2050,tempered_smc_rank_and_particle_quality,inf,inf,0.0,0.0,512,67,1.0,358.4000000000004,512.0,0.7000000000000007,1.0,0.01623975807165812,0.001953125,512,512.0,1.0,0.001953125,1,1.0,1.0,1.0,0.0,0.0,2.0,0.001953125,1.0,0.16441430512422361,True,128.0,400.0,1,512,False,False,0.03982257699709558,0.7074496691635556
