country,parameter,diagnostic_method,rhat,rhat_rank,bulk_ess,tail_ess,smc_particle_count,smc_stage_count,smc_final_temperature,smc_min_ess,smc_final_ess,smc_min_ess_fraction,smc_final_ess_fraction,smc_max_weight,smc_final_max_weight,smc_combined_particle_count,smc_combined_particle_ess,smc_combined_particle_ess_fraction,smc_combined_max_weight,smc_island_count,smc_island_ess,smc_island_ess_fraction,smc_max_island_weight,smc_log_evidence_sd,smc_log_evidence_range,smc_recommended_island_ess_floor,smc_unique_ancestor_fraction,smc_unique_particle_fraction,smc_move_acceptance_fraction,smc_reached_final_temperature,smc_fatal_ess_floor,smc_recommended_ess_floor,n_chains,total_draws,converged,recommended_converged,mean,sd
Australia,VE_sus,tempered_smc_rank_and_particle_quality,1.0084632786329608,1.0041279651223631,64.0,64.0,64,8,1.0,64.0,64.0,1.0,1.0,0.015625,0.015625,64,64.0,1.0,0.015625,1,1.0,1.0,1.0,0.0,0.0,2.0,1.0,1.0,0.072265625,True,100.0,400.0,4,256,False,False,0.0702219497913234,0.029619861770128212
Australia,VE_inf,tempered_smc_rank_and_particle_quality,1.0325099715923758,1.002005832933576,64.0,64.0,64,8,1.0,64.0,64.0,1.0,1.0,0.015625,0.015625,64,64.0,1.0,0.015625,1,1.0,1.0,1.0,0.0,0.0,2.0,1.0,1.0,0.072265625,True,100.0,400.0,4,256,False,False,0.2256208041982327,0.08356892509968443
Australia,VE_dur,tempered_smc_rank_and_particle_quality,1.0375540556521836,1.00917547859582,64.0,64.0,64,8,1.0,64.0,64.0,1.0,1.0,0.015625,0.015625,64,64.0,1.0,0.015625,1,1.0,1.0,1.0,0.0,0.0,2.0,1.0,1.0,0.072265625,True,100.0,400.0,4,256,False,False,0.0812054488674196,0.05541674231316246
Australia,relative_infectiousness_asymptomatic,tempered_smc_rank_and_particle_quality,1.0416231681447792,1.01483747888435,64.0,64.0,64,8,1.0,64.0,64.0,1.0,1.0,0.015625,0.015625,64,64.0,1.0,0.015625,1,1.0,1.0,1.0,0.0,0.0,2.0,1.0,1.0,0.072265625,True,100.0,400.0,4,256,False,False,0.6821405687994437,0.057603341264158184
Australia,infectious_duration_symptomatic,tempered_smc_rank_and_particle_quality,1.0068532641724501,1.0060951060294874,64.0,64.0,64,8,1.0,64.0,64.0,1.0,1.0,0.015625,0.015625,64,64.0,1.0,0.015625,1,1.0,1.0,1.0,0.0,0.0,2.0,1.0,1.0,0.072265625,True,100.0,400.0,4,256,False,False,27.034656115438253,2.355773910928803
Australia,infectious_duration_asymptomatic,tempered_smc_rank_and_particle_quality,1.0207077521380523,1.0071531341669495,64.0,64.0,64,8,1.0,64.0,64.0,1.0,1.0,0.015625,0.015625,64,64.0,1.0,0.015625,1,1.0,1.0,1.0,0.0,0.0,2.0,1.0,1.0,0.072265625,True,100.0,400.0,4,256,False,False,19.343014552755847,2.0874911569166112
Australia,fitness_R,tempered_smc_rank_and_particle_quality,1.0345887926133035,1.0043542755598442,64.0,64.0,64,8,1.0,64.0,64.0,1.0,1.0,0.015625,0.015625,64,64.0,1.0,0.015625,1,1.0,1.0,1.0,0.0,0.0,2.0,1.0,1.0,0.072265625,True,100.0,400.0,4,256,False,False,0.7213734507463029,0.047201754286691544
Australia,beta_S,tempered_smc_rank_and_particle_quality,1.0473795700429611,1.0156414211200324,64.0,64.0,64,8,1.0,64.0,64.0,1.0,1.0,0.015625,0.015625,64,64.0,1.0,0.015625,1,1.0,1.0,1.0,0.0,0.0,2.0,1.0,1.0,0.072265625,True,100.0,400.0,4,256,False,False,0.019612843410668705,0.016451558668555712
Australia,reporting_multiplier,tempered_smc_rank_and_particle_quality,1.057153111492007,1.019705326109231,64.0,64.0,64,8,1.0,64.0,64.0,1.0,1.0,0.015625,0.015625,64,64.0,1.0,0.015625,1,1.0,1.0,1.0,0.0,0.0,2.0,1.0,1.0,0.072265625,True,100.0,400.0,4,256,False,False,1.2340123936707132,0.19358682593631987
Australia,log_beta_process_2021,tempered_smc_rank_and_particle_quality,1.040171023435751,1.0073656312865544,64.0,64.0,64,8,1.0,64.0,64.0,1.0,1.0,0.015625,0.015625,64,64.0,1.0,0.015625,1,1.0,1.0,1.0,0.0,0.0,2.0,1.0,1.0,0.072265625,True,100.0,400.0,4,256,False,False,0.34006778830565076,0.12326916775839548
Australia,log_beta_process_2022,tempered_smc_rank_and_particle_quality,1.0256131681889054,1.0362387760310492,64.0,64.0,64,8,1.0,64.0,64.0,1.0,1.0,0.015625,0.015625,64,64.0,1.0,0.015625,1,1.0,1.0,1.0,0.0,0.0,2.0,1.0,1.0,0.072265625,True,100.0,400.0,4,256,False,False,-0.4022651816140291,0.0688758409787512
Australia,log_beta_process_2023,tempered_smc_rank_and_particle_quality,1.041118779995459,1.0017716970618062,64.0,64.0,64,8,1.0,64.0,64.0,1.0,1.0,0.015625,0.015625,64,64.0,1.0,0.015625,1,1.0,1.0,1.0,0.0,0.0,2.0,1.0,1.0,0.072265625,True,100.0,400.0,4,256,False,False,0.03706693872181063,0.20118449433296315
Australia,log_beta_process_2024,tempered_smc_rank_and_particle_quality,1.0272764862669548,1.0162749488336413,64.0,64.0,64,8,1.0,64.0,64.0,1.0,1.0,0.015625,0.015625,64,64.0,1.0,0.015625,1,1.0,1.0,1.0,0.0,0.0,2.0,1.0,1.0,0.072265625,True,100.0,400.0,4,256,False,False,0.1169068597467775,0.11035990133284392
Australia,log_beta_process_2025,tempered_smc_rank_and_particle_quality,1.059513005737537,1.0251514569369498,64.0,64.0,64,8,1.0,64.0,64.0,1.0,1.0,0.015625,0.015625,64,64.0,1.0,0.015625,1,1.0,1.0,1.0,0.0,0.0,2.0,1.0,1.0,0.072265625,True,100.0,400.0,4,256,False,False,-0.17972860706090288,0.30610700699943827
Australia,log_beta_process_2026,tempered_smc_rank_and_particle_quality,1.0053739716016934,1.0060595609325558,64.0,64.0,64,8,1.0,64.0,64.0,1.0,1.0,0.015625,0.015625,64,64.0,1.0,0.015625,1,1.0,1.0,1.0,0.0,0.0,2.0,1.0,1.0,0.072265625,True,100.0,400.0,4,256,False,False,0.3536428238845968,0.10860582551095328
Australia,log_beta_process_2027,tempered_smc_rank_and_particle_quality,0.9909283054131655,0.9910021518494838,64.0,64.0,64,8,1.0,64.0,64.0,1.0,1.0,0.015625,0.015625,64,64.0,1.0,0.015625,1,1.0,1.0,1.0,0.0,0.0,2.0,1.0,1.0,0.072265625,True,100.0,400.0,4,256,False,False,0.20499517495111147,0.634632207165736
Australia,log_beta_process_2028,tempered_smc_rank_and_particle_quality,1.0032878200622593,1.0027623319951653,64.0,64.0,64,8,1.0,64.0,64.0,1.0,1.0,0.015625,0.015625,64,64.0,1.0,0.015625,1,1.0,1.0,1.0,0.0,0.0,2.0,1.0,1.0,0.072265625,True,100.0,400.0,4,256,False,False,0.1404934632503188,0.6708048004187637
Australia,log_beta_process_2029,tempered_smc_rank_and_particle_quality,1.0006948129420834,1.0004626728602326,64.0,64.0,64,8,1.0,64.0,64.0,1.0,1.0,0.015625,0.015625,64,64.0,1.0,0.015625,1,1.0,1.0,1.0,0.0,0.0,2.0,1.0,1.0,0.072265625,True,100.0,400.0,4,256,False,False,0.041519339213372995,0.6942834700117299
Australia,log_beta_process_2030,tempered_smc_rank_and_particle_quality,1.0060438526926285,1.0052708866256264,64.0,64.0,64,8,1.0,64.0,64.0,1.0,1.0,0.015625,0.015625,64,64.0,1.0,0.015625,1,1.0,1.0,1.0,0.0,0.0,2.0,1.0,1.0,0.072265625,True,100.0,400.0,4,256,False,False,0.02916952757336129,0.7053087961664326
Australia,log_beta_process_2031,tempered_smc_rank_and_particle_quality,0.9958596685608233,0.9953565127602858,64.0,64.0,64,8,1.0,64.0,64.0,1.0,1.0,0.015625,0.015625,64,64.0,1.0,0.015625,1,1.0,1.0,1.0,0.0,0.0,2.0,1.0,1.0,0.072265625,True,100.0,400.0,4,256,False,False,0.023977633112044518,0.7268240872111458
Australia,log_beta_process_2032,tempered_smc_rank_and_particle_quality,0.991118392634665,0.9907237485685707,64.0,46.43789497224766,64,8,1.0,64.0,64.0,1.0,1.0,0.015625,0.015625,64,64.0,1.0,0.015625,1,1.0,1.0,1.0,0.0,0.0,2.0,1.0,1.0,0.072265625,True,100.0,400.0,4,256,False,False,-0.0018517784421124388,0.7154951269130779
Australia,log_beta_process_2033,tempered_smc_rank_and_particle_quality,0.9912417552720191,0.9912178868517475,64.0,64.0,64,8,1.0,64.0,64.0,1.0,1.0,0.015625,0.015625,64,64.0,1.0,0.015625,1,1.0,1.0,1.0,0.0,0.0,2.0,1.0,1.0,0.072265625,True,100.0,400.0,4,256,False,False,0.06443489858569444,0.7059071358013942
Australia,log_beta_process_2034,tempered_smc_rank_and_particle_quality,1.0098841830029177,1.010278137577305,64.0,64.0,64,8,1.0,64.0,64.0,1.0,1.0,0.015625,0.015625,64,64.0,1.0,0.015625,1,1.0,1.0,1.0,0.0,0.0,2.0,1.0,1.0,0.072265625,True,100.0,400.0,4,256,False,False,0.04958824266611255,0.6795854660995254
Australia,log_beta_process_2035,tempered_smc_rank_and_particle_quality,0.9915776157852197,0.9919257527244707,64.0,64.0,64,8,1.0,64.0,64.0,1.0,1.0,0.015625,0.015625,64,64.0,1.0,0.015625,1,1.0,1.0,1.0,0.0,0.0,2.0,1.0,1.0,0.072265625,True,100.0,400.0,4,256,False,False,0.07156139619476776,0.6879472044506212
Australia,log_beta_process_2036,tempered_smc_rank_and_particle_quality,0.9890413632192685,0.9893651517918025,64.0,44.97479133140422,64,8,1.0,64.0,64.0,1.0,1.0,0.015625,0.015625,64,64.0,1.0,0.015625,1,1.0,1.0,1.0,0.0,0.0,2.0,1.0,1.0,0.072265625,True,100.0,400.0,4,256,False,False,0.027012474218134776,0.682126669350734
Australia,log_beta_process_2037,tempered_smc_rank_and_particle_quality,0.9957558482039881,0.9952227548589622,64.0,64.0,64,8,1.0,64.0,64.0,1.0,1.0,0.015625,0.015625,64,64.0,1.0,0.015625,1,1.0,1.0,1.0,0.0,0.0,2.0,1.0,1.0,0.072265625,True,100.0,400.0,4,256,False,False,0.019716468528971538,0.7116007901174194
Australia,log_beta_process_2038,tempered_smc_rank_and_particle_quality,0.9925689798109563,0.9929564970194592,64.0,64.0,64,8,1.0,64.0,64.0,1.0,1.0,0.015625,0.015625,64,64.0,1.0,0.015625,1,1.0,1.0,1.0,0.0,0.0,2.0,1.0,1.0,0.072265625,True,100.0,400.0,4,256,False,False,0.01922969139859821,0.7260662714660177
Australia,log_beta_process_2039,tempered_smc_rank_and_particle_quality,1.0147892340848976,1.0152634412345476,64.0,64.0,64,8,1.0,64.0,64.0,1.0,1.0,0.015625,0.015625,64,64.0,1.0,0.015625,1,1.0,1.0,1.0,0.0,0.0,2.0,1.0,1.0,0.072265625,True,100.0,400.0,4,256,False,False,0.052702041710175784,0.7282888692519679
Australia,log_beta_process_2040,tempered_smc_rank_and_particle_quality,1.0057520417247099,1.006017430437348,64.0,64.0,64,8,1.0,64.0,64.0,1.0,1.0,0.015625,0.015625,64,64.0,1.0,0.015625,1,1.0,1.0,1.0,0.0,0.0,2.0,1.0,1.0,0.072265625,True,100.0,400.0,4,256,False,False,0.021881367441163674,0.6894220910653464
Australia,log_beta_process_2041,tempered_smc_rank_and_particle_quality,1.0089575275458669,1.0092059671114617,64.0,64.0,64,8,1.0,64.0,64.0,1.0,1.0,0.015625,0.015625,64,64.0,1.0,0.015625,1,1.0,1.0,1.0,0.0,0.0,2.0,1.0,1.0,0.072265625,True,100.0,400.0,4,256,False,False,0.03918198865311265,0.6808104035006385
Australia,log_beta_process_2042,tempered_smc_rank_and_particle_quality,1.0080685771475746,1.008226231223717,64.0,64.0,64,8,1.0,64.0,64.0,1.0,1.0,0.015625,0.015625,64,64.0,1.0,0.015625,1,1.0,1.0,1.0,0.0,0.0,2.0,1.0,1.0,0.072265625,True,100.0,400.0,4,256,False,False,-0.006103297651331163,0.7113544070489448
Australia,log_beta_process_2043,tempered_smc_rank_and_particle_quality,0.9874584741213481,0.9872763746379052,64.0,64.0,64,8,1.0,64.0,64.0,1.0,1.0,0.015625,0.015625,64,64.0,1.0,0.015625,1,1.0,1.0,1.0,0.0,0.0,2.0,1.0,1.0,0.072265625,True,100.0,400.0,4,256,False,False,0.05103895804650103,0.6726804990682191
Australia,log_beta_process_2044,tempered_smc_rank_and_particle_quality,0.9900168590919303,0.9902401098562006,64.0,64.0,64,8,1.0,64.0,64.0,1.0,1.0,0.015625,0.015625,64,64.0,1.0,0.015625,1,1.0,1.0,1.0,0.0,0.0,2.0,1.0,1.0,0.072265625,True,100.0,400.0,4,256,False,False,-0.029479219564417087,0.7095073500428783
Australia,log_beta_process_2045,tempered_smc_rank_and_particle_quality,1.034170895824277,1.0340684795801798,50.17086587847036,64.0,64,8,1.0,64.0,64.0,1.0,1.0,0.015625,0.015625,64,64.0,1.0,0.015625,1,1.0,1.0,1.0,0.0,0.0,2.0,1.0,1.0,0.072265625,True,100.0,400.0,4,256,False,False,0.006771677251393196,0.7164858884099808
Australia,log_beta_process_2046,tempered_smc_rank_and_particle_quality,0.9979928360722231,0.9979847851778613,64.0,60.60464651833734,64,8,1.0,64.0,64.0,1.0,1.0,0.015625,0.015625,64,64.0,1.0,0.015625,1,1.0,1.0,1.0,0.0,0.0,2.0,1.0,1.0,0.072265625,True,100.0,400.0,4,256,False,False,-0.027993095835902024,0.7293480731318129
Australia,log_beta_process_2047,tempered_smc_rank_and_particle_quality,1.0081737686376502,1.0080894410959251,64.0,64.0,64,8,1.0,64.0,64.0,1.0,1.0,0.015625,0.015625,64,64.0,1.0,0.015625,1,1.0,1.0,1.0,0.0,0.0,2.0,1.0,1.0,0.072265625,True,100.0,400.0,4,256,False,False,0.019982290606920645,0.6783917826366801
Australia,log_beta_process_2048,tempered_smc_rank_and_particle_quality,0.9894520722826669,0.9893755706204265,64.0,64.0,64,8,1.0,64.0,64.0,1.0,1.0,0.015625,0.015625,64,64.0,1.0,0.015625,1,1.0,1.0,1.0,0.0,0.0,2.0,1.0,1.0,0.072265625,True,100.0,400.0,4,256,False,False,-0.010472846637169632,0.719901431146889
Australia,log_beta_process_2049,tempered_smc_rank_and_particle_quality,1.0005164791873289,0.9986209869502581,64.0,64.0,64,8,1.0,64.0,64.0,1.0,1.0,0.015625,0.015625,64,64.0,1.0,0.015625,1,1.0,1.0,1.0,0.0,0.0,2.0,1.0,1.0,0.072265625,True,100.0,400.0,4,256,False,False,0.03416043213748782,0.6712137948291304
Australia,log_beta_process_2050,tempered_smc_rank_and_particle_quality,0.9910413842029006,0.990789694460518,64.0,64.0,64,8,1.0,64.0,64.0,1.0,1.0,0.015625,0.015625,64,64.0,1.0,0.015625,1,1.0,1.0,1.0,0.0,0.0,2.0,1.0,1.0,0.072265625,True,100.0,400.0,4,256,False,False,0.07346436949445681,0.7086714410829683
China,VE_sus,tempered_smc_rank_and_particle_quality,1.0084632786329608,1.0041279651223631,64.0,64.0,64,8,1.0,64.0,64.0,1.0,1.0,0.015625,0.015625,64,64.0,1.0,0.015625,1,1.0,1.0,1.0,0.0,0.0,2.0,1.0,1.0,0.072265625,True,100.0,400.0,4,256,False,False,0.0702219497913234,0.029619861770128212
China,VE_inf,tempered_smc_rank_and_particle_quality,1.0325099715923758,1.002005832933576,64.0,64.0,64,8,1.0,64.0,64.0,1.0,1.0,0.015625,0.015625,64,64.0,1.0,0.015625,1,1.0,1.0,1.0,0.0,0.0,2.0,1.0,1.0,0.072265625,True,100.0,400.0,4,256,False,False,0.2256208041982327,0.08356892509968443
China,VE_dur,tempered_smc_rank_and_particle_quality,1.0375540556521836,1.00917547859582,64.0,64.0,64,8,1.0,64.0,64.0,1.0,1.0,0.015625,0.015625,64,64.0,1.0,0.015625,1,1.0,1.0,1.0,0.0,0.0,2.0,1.0,1.0,0.072265625,True,100.0,400.0,4,256,False,False,0.0812054488674196,0.05541674231316246
China,relative_infectiousness_asymptomatic,tempered_smc_rank_and_particle_quality,1.0416231681447792,1.01483747888435,64.0,64.0,64,8,1.0,64.0,64.0,1.0,1.0,0.015625,0.015625,64,64.0,1.0,0.015625,1,1.0,1.0,1.0,0.0,0.0,2.0,1.0,1.0,0.072265625,True,100.0,400.0,4,256,False,False,0.6821405687994437,0.057603341264158184
China,infectious_duration_symptomatic,tempered_smc_rank_and_particle_quality,1.0068532641724501,1.0060951060294874,64.0,64.0,64,8,1.0,64.0,64.0,1.0,1.0,0.015625,0.015625,64,64.0,1.0,0.015625,1,1.0,1.0,1.0,0.0,0.0,2.0,1.0,1.0,0.072265625,True,100.0,400.0,4,256,False,False,27.034656115438253,2.355773910928803
China,infectious_duration_asymptomatic,tempered_smc_rank_and_particle_quality,1.0207077521380523,1.0071531341669495,64.0,64.0,64,8,1.0,64.0,64.0,1.0,1.0,0.015625,0.015625,64,64.0,1.0,0.015625,1,1.0,1.0,1.0,0.0,0.0,2.0,1.0,1.0,0.072265625,True,100.0,400.0,4,256,False,False,19.343014552755847,2.0874911569166112
China,fitness_R,tempered_smc_rank_and_particle_quality,1.0345887926133035,1.0043542755598442,64.0,64.0,64,8,1.0,64.0,64.0,1.0,1.0,0.015625,0.015625,64,64.0,1.0,0.015625,1,1.0,1.0,1.0,0.0,0.0,2.0,1.0,1.0,0.072265625,True,100.0,400.0,4,256,False,False,0.7213734507463029,0.047201754286691544
China,beta_S,tempered_smc_rank_and_particle_quality,1.0004159571611213,1.0105525931367136,64.0,64.0,64,8,1.0,64.0,64.0,1.0,1.0,0.015625,0.015625,64,64.0,1.0,0.015625,1,1.0,1.0,1.0,0.0,0.0,2.0,1.0,1.0,0.072265625,True,100.0,400.0,4,256,False,False,0.006099174972416984,0.0007165247573747265
China,reporting_multiplier,tempered_smc_rank_and_particle_quality,1.0490003818103781,1.0052387052593053,64.0,64.0,64,8,1.0,64.0,64.0,1.0,1.0,0.015625,0.015625,64,64.0,1.0,0.015625,1,1.0,1.0,1.0,0.0,0.0,2.0,1.0,1.0,0.072265625,True,100.0,400.0,4,256,False,False,0.8103731412519586,0.19769803188028864
China,log_beta_process_2021,tempered_smc_rank_and_particle_quality,1.0079639463159995,1.0109225437156255,64.0,64.0,64,8,1.0,64.0,64.0,1.0,1.0,0.015625,0.015625,64,64.0,1.0,0.015625,1,1.0,1.0,1.0,0.0,0.0,2.0,1.0,1.0,0.072265625,True,100.0,400.0,4,256,False,False,1.625267409172463,0.04291072725660921
China,log_beta_process_2022,tempered_smc_rank_and_particle_quality,1.035198748755603,1.001697510779945,64.0,52.671125927031405,64,8,1.0,64.0,64.0,1.0,1.0,0.015625,0.015625,64,64.0,1.0,0.015625,1,1.0,1.0,1.0,0.0,0.0,2.0,1.0,1.0,0.072265625,True,100.0,400.0,4,256,False,False,1.0191298935504465,0.06614795011599767
China,log_beta_process_2023,tempered_smc_rank_and_particle_quality,1.035623769211889,1.0283296377074087,56.66170293980148,64.0,64,8,1.0,64.0,64.0,1.0,1.0,0.015625,0.015625,64,64.0,1.0,0.015625,1,1.0,1.0,1.0,0.0,0.0,2.0,1.0,1.0,0.072265625,True,100.0,400.0,4,256,False,False,0.27071144863013086,0.03665926207257862
China,log_beta_process_2024,tempered_smc_rank_and_particle_quality,1.0328537933380053,1.0126997480135458,64.0,64.0,64,8,1.0,64.0,64.0,1.0,1.0,0.015625,0.015625,64,64.0,1.0,0.015625,1,1.0,1.0,1.0,0.0,0.0,2.0,1.0,1.0,0.072265625,True,100.0,400.0,4,256,False,False,0.02799748534250275,0.046747103337982425
China,log_beta_process_2025,tempered_smc_rank_and_particle_quality,0.9915818774890882,0.9998145701110658,64.0,64.0,64,8,1.0,64.0,64.0,1.0,1.0,0.015625,0.015625,64,64.0,1.0,0.015625,1,1.0,1.0,1.0,0.0,0.0,2.0,1.0,1.0,0.072265625,True,100.0,400.0,4,256,False,False,-0.33622667172440857,0.09661280371398051
China,log_beta_process_2026,tempered_smc_rank_and_particle_quality,0.9965795345262348,1.02648945083156,64.0,56.85712722359348,64,8,1.0,64.0,64.0,1.0,1.0,0.015625,0.015625,64,64.0,1.0,0.015625,1,1.0,1.0,1.0,0.0,0.0,2.0,1.0,1.0,0.072265625,True,100.0,400.0,4,256,False,False,0.01588190005036613,0.11625249421307632
China,log_beta_process_2027,tempered_smc_rank_and_particle_quality,0.9998659845746539,0.999526827259484,64.0,64.0,64,8,1.0,64.0,64.0,1.0,1.0,0.015625,0.015625,64,64.0,1.0,0.015625,1,1.0,1.0,1.0,0.0,0.0,2.0,1.0,1.0,0.072265625,True,100.0,400.0,4,256,False,False,-0.011488484068572564,0.6501498148739127
China,log_beta_process_2028,tempered_smc_rank_and_particle_quality,0.9987031774238024,0.9983568379865135,64.0,64.0,64,8,1.0,64.0,64.0,1.0,1.0,0.015625,0.015625,64,64.0,1.0,0.015625,1,1.0,1.0,1.0,0.0,0.0,2.0,1.0,1.0,0.072265625,True,100.0,400.0,4,256,False,False,0.011120223733209436,0.693222543415918
China,log_beta_process_2029,tempered_smc_rank_and_particle_quality,0.9935353843262815,0.9932958116071162,64.0,64.0,64,8,1.0,64.0,64.0,1.0,1.0,0.015625,0.015625,64,64.0,1.0,0.015625,1,1.0,1.0,1.0,0.0,0.0,2.0,1.0,1.0,0.072265625,True,100.0,400.0,4,256,False,False,-0.01684187152885265,0.7044330714481686
China,log_beta_process_2030,tempered_smc_rank_and_particle_quality,0.9947844738974044,0.9939156559570879,64.0,64.0,64,8,1.0,64.0,64.0,1.0,1.0,0.015625,0.015625,64,64.0,1.0,0.015625,1,1.0,1.0,1.0,0.0,0.0,2.0,1.0,1.0,0.072265625,True,100.0,400.0,4,256,False,False,-0.03253820059094611,0.7235699900921111
China,log_beta_process_2031,tempered_smc_rank_and_particle_quality,1.007547170403561,1.0061053293334945,64.0,64.0,64,8,1.0,64.0,64.0,1.0,1.0,0.015625,0.015625,64,64.0,1.0,0.015625,1,1.0,1.0,1.0,0.0,0.0,2.0,1.0,1.0,0.072265625,True,100.0,400.0,4,256,False,False,-0.05087987049405564,0.7483485957593452
China,log_beta_process_2032,tempered_smc_rank_and_particle_quality,0.9891637918775777,0.9896445831491076,64.0,64.0,64,8,1.0,64.0,64.0,1.0,1.0,0.015625,0.015625,64,64.0,1.0,0.015625,1,1.0,1.0,1.0,0.0,0.0,2.0,1.0,1.0,0.072265625,True,100.0,400.0,4,256,False,False,-0.026122775855487723,0.7176447385193362
China,log_beta_process_2033,tempered_smc_rank_and_particle_quality,0.9900812153397088,0.9901792220576017,64.0,64.0,64,8,1.0,64.0,64.0,1.0,1.0,0.015625,0.015625,64,64.0,1.0,0.015625,1,1.0,1.0,1.0,0.0,0.0,2.0,1.0,1.0,0.072265625,True,100.0,400.0,4,256,False,False,0.021789470734452834,0.7025601192644932
China,log_beta_process_2034,tempered_smc_rank_and_particle_quality,1.0084007893019882,1.008657095120937,64.0,64.0,64,8,1.0,64.0,64.0,1.0,1.0,0.015625,0.015625,64,64.0,1.0,0.015625,1,1.0,1.0,1.0,0.0,0.0,2.0,1.0,1.0,0.072265625,True,100.0,400.0,4,256,False,False,0.0378426378884887,0.6517583950528809
China,log_beta_process_2035,tempered_smc_rank_and_particle_quality,1.000453097850183,1.001892346817,64.0,64.0,64,8,1.0,64.0,64.0,1.0,1.0,0.015625,0.015625,64,64.0,1.0,0.015625,1,1.0,1.0,1.0,0.0,0.0,2.0,1.0,1.0,0.072265625,True,100.0,400.0,4,256,False,False,0.03453965471878501,0.7005401268363453
China,log_beta_process_2036,tempered_smc_rank_and_particle_quality,0.9966203253953083,0.9960210634404483,64.0,64.0,64,8,1.0,64.0,64.0,1.0,1.0,0.015625,0.015625,64,64.0,1.0,0.015625,1,1.0,1.0,1.0,0.0,0.0,2.0,1.0,1.0,0.072265625,True,100.0,400.0,4,256,False,False,0.008791306239007857,0.6695403601564571
China,log_beta_process_2037,tempered_smc_rank_and_particle_quality,1.006492258020208,1.0032958685319748,64.0,64.0,64,8,1.0,64.0,64.0,1.0,1.0,0.015625,0.015625,64,64.0,1.0,0.015625,1,1.0,1.0,1.0,0.0,0.0,2.0,1.0,1.0,0.072265625,True,100.0,400.0,4,256,False,False,-0.020648160349982833,0.7137506573950588
China,log_beta_process_2038,tempered_smc_rank_and_particle_quality,0.9897276167813591,0.9889411233406075,64.0,64.0,64,8,1.0,64.0,64.0,1.0,1.0,0.015625,0.015625,64,64.0,1.0,0.015625,1,1.0,1.0,1.0,0.0,0.0,2.0,1.0,1.0,0.072265625,True,100.0,400.0,4,256,False,False,0.008196282258392307,0.7266875971676104
China,log_beta_process_2039,tempered_smc_rank_and_particle_quality,0.9990705289630533,0.9991057061295323,64.0,64.0,64,8,1.0,64.0,64.0,1.0,1.0,0.015625,0.015625,64,64.0,1.0,0.015625,1,1.0,1.0,1.0,0.0,0.0,2.0,1.0,1.0,0.072265625,True,100.0,400.0,4,256,False,False,0.041111175037122555,0.7353387410310706
China,log_beta_process_2040,tempered_smc_rank_and_particle_quality,1.0052829167998798,1.0054151472995285,64.0,64.0,64,8,1.0,64.0,64.0,1.0,1.0,0.015625,0.015625,64,64.0,1.0,0.015625,1,1.0,1.0,1.0,0.0,0.0,2.0,1.0,1.0,0.072265625,True,100.0,400.0,4,256,False,False,0.008239366994884006,0.690895173059787
China,log_beta_process_2041,tempered_smc_rank_and_particle_quality,1.0148028294506308,1.0130658438638618,64.0,64.0,64,8,1.0,64.0,64.0,1.0,1.0,0.015625,0.015625,64,64.0,1.0,0.015625,1,1.0,1.0,1.0,0.0,0.0,2.0,1.0,1.0,0.072265625,True,100.0,400.0,4,256,False,False,0.04197993860866209,0.6880439913895042
China,log_beta_process_2042,tempered_smc_rank_and_particle_quality,1.0057330248757466,1.0049844706178512,64.0,64.0,64,8,1.0,64.0,64.0,1.0,1.0,0.015625,0.015625,64,64.0,1.0,0.015625,1,1.0,1.0,1.0,0.0,0.0,2.0,1.0,1.0,0.072265625,True,100.0,400.0,4,256,False,False,-0.026274228100270997,0.692152827816261
China,log_beta_process_2043,tempered_smc_rank_and_particle_quality,0.999910395209797,0.9987903757970678,64.0,64.0,64,8,1.0,64.0,64.0,1.0,1.0,0.015625,0.015625,64,64.0,1.0,0.015625,1,1.0,1.0,1.0,0.0,0.0,2.0,1.0,1.0,0.072265625,True,100.0,400.0,4,256,False,False,0.014814076067032828,0.6518418678817941
China,log_beta_process_2044,tempered_smc_rank_and_particle_quality,0.9976604653075186,0.9973645698221555,64.0,64.0,64,8,1.0,64.0,64.0,1.0,1.0,0.015625,0.015625,64,64.0,1.0,0.015625,1,1.0,1.0,1.0,0.0,0.0,2.0,1.0,1.0,0.072265625,True,100.0,400.0,4,256,False,False,-0.02768615934604885,0.691632977448476
China,log_beta_process_2045,tempered_smc_rank_and_particle_quality,1.0140458696053707,1.013310817501499,64.0,64.0,64,8,1.0,64.0,64.0,1.0,1.0,0.015625,0.015625,64,64.0,1.0,0.015625,1,1.0,1.0,1.0,0.0,0.0,2.0,1.0,1.0,0.072265625,True,100.0,400.0,4,256,False,False,0.0023579308202501467,0.7146920198034634
China,log_beta_process_2046,tempered_smc_rank_and_particle_quality,0.9921347593182035,0.9917441217716113,64.0,64.0,64,8,1.0,64.0,64.0,1.0,1.0,0.015625,0.015625,64,64.0,1.0,0.015625,1,1.0,1.0,1.0,0.0,0.0,2.0,1.0,1.0,0.072265625,True,100.0,400.0,4,256,False,False,-0.017379595397269135,0.7086097488929581
China,log_beta_process_2047,tempered_smc_rank_and_particle_quality,1.0050838208648054,1.0052019043805946,64.0,46.818606778894306,64,8,1.0,64.0,64.0,1.0,1.0,0.015625,0.015625,64,64.0,1.0,0.015625,1,1.0,1.0,1.0,0.0,0.0,2.0,1.0,1.0,0.072265625,True,100.0,400.0,4,256,False,False,0.018294926066984622,0.6745697251091083
China,log_beta_process_2048,tempered_smc_rank_and_particle_quality,0.9926517823411417,0.9929703324613551,64.0,62.906888324124715,64,8,1.0,64.0,64.0,1.0,1.0,0.015625,0.015625,64,64.0,1.0,0.015625,1,1.0,1.0,1.0,0.0,0.0,2.0,1.0,1.0,0.072265625,True,100.0,400.0,4,256,False,False,-0.0365346976398738,0.7159683957020777
China,log_beta_process_2049,tempered_smc_rank_and_particle_quality,1.0017972663154897,1.0014085055630852,64.0,42.64879364125298,64,8,1.0,64.0,64.0,1.0,1.0,0.015625,0.015625,64,64.0,1.0,0.015625,1,1.0,1.0,1.0,0.0,0.0,2.0,1.0,1.0,0.072265625,True,100.0,400.0,4,256,False,False,-0.00031966048652873336,0.6898122911909342
China,log_beta_process_2050,tempered_smc_rank_and_particle_quality,1.0026170519349615,1.0032730524092914,64.0,64.0,64,8,1.0,64.0,64.0,1.0,1.0,0.015625,0.015625,64,64.0,1.0,0.015625,1,1.0,1.0,1.0,0.0,0.0,2.0,1.0,1.0,0.072265625,True,100.0,400.0,4,256,False,False,0.030953717484713445,0.7203661774078718
United_Kingdom,VE_sus,tempered_smc_rank_and_particle_quality,1.0084632786329608,1.0041279651223631,64.0,64.0,64,8,1.0,64.0,64.0,1.0,1.0,0.015625,0.015625,64,64.0,1.0,0.015625,1,1.0,1.0,1.0,0.0,0.0,2.0,1.0,1.0,0.072265625,True,100.0,400.0,4,256,False,False,0.0702219497913234,0.029619861770128212
United_Kingdom,VE_inf,tempered_smc_rank_and_particle_quality,1.0325099715923758,1.002005832933576,64.0,64.0,64,8,1.0,64.0,64.0,1.0,1.0,0.015625,0.015625,64,64.0,1.0,0.015625,1,1.0,1.0,1.0,0.0,0.0,2.0,1.0,1.0,0.072265625,True,100.0,400.0,4,256,False,False,0.2256208041982327,0.08356892509968443
United_Kingdom,VE_dur,tempered_smc_rank_and_particle_quality,1.0375540556521836,1.00917547859582,64.0,64.0,64,8,1.0,64.0,64.0,1.0,1.0,0.015625,0.015625,64,64.0,1.0,0.015625,1,1.0,1.0,1.0,0.0,0.0,2.0,1.0,1.0,0.072265625,True,100.0,400.0,4,256,False,False,0.0812054488674196,0.05541674231316246
United_Kingdom,relative_infectiousness_asymptomatic,tempered_smc_rank_and_particle_quality,1.0416231681447792,1.01483747888435,64.0,64.0,64,8,1.0,64.0,64.0,1.0,1.0,0.015625,0.015625,64,64.0,1.0,0.015625,1,1.0,1.0,1.0,0.0,0.0,2.0,1.0,1.0,0.072265625,True,100.0,400.0,4,256,False,False,0.6821405687994437,0.057603341264158184
United_Kingdom,infectious_duration_symptomatic,tempered_smc_rank_and_particle_quality,1.0068532641724501,1.0060951060294874,64.0,64.0,64,8,1.0,64.0,64.0,1.0,1.0,0.015625,0.015625,64,64.0,1.0,0.015625,1,1.0,1.0,1.0,0.0,0.0,2.0,1.0,1.0,0.072265625,True,100.0,400.0,4,256,False,False,27.034656115438253,2.355773910928803
United_Kingdom,infectious_duration_asymptomatic,tempered_smc_rank_and_particle_quality,1.0207077521380523,1.0071531341669495,64.0,64.0,64,8,1.0,64.0,64.0,1.0,1.0,0.015625,0.015625,64,64.0,1.0,0.015625,1,1.0,1.0,1.0,0.0,0.0,2.0,1.0,1.0,0.072265625,True,100.0,400.0,4,256,False,False,19.343014552755847,2.0874911569166112
United_Kingdom,fitness_R,tempered_smc_rank_and_particle_quality,1.0345887926133035,1.0043542755598442,64.0,64.0,64,8,1.0,64.0,64.0,1.0,1.0,0.015625,0.015625,64,64.0,1.0,0.015625,1,1.0,1.0,1.0,0.0,0.0,2.0,1.0,1.0,0.072265625,True,100.0,400.0,4,256,False,False,0.7213734507463029,0.047201754286691544
United_Kingdom,beta_S,tempered_smc_rank_and_particle_quality,1.0310001014865722,1.0114729300493648,64.0,62.77523980484757,64,8,1.0,64.0,64.0,1.0,1.0,0.015625,0.015625,64,64.0,1.0,0.015625,1,1.0,1.0,1.0,0.0,0.0,2.0,1.0,1.0,0.072265625,True,100.0,400.0,4,256,False,False,0.015047643519583619,0.0027826242203416824
United_Kingdom,reporting_multiplier,tempered_smc_rank_and_particle_quality,1.0026772315043875,1.010906139566722,64.0,50.09360517572458,64,8,1.0,64.0,64.0,1.0,1.0,0.015625,0.015625,64,64.0,1.0,0.015625,1,1.0,1.0,1.0,0.0,0.0,2.0,1.0,1.0,0.072265625,True,100.0,400.0,4,256,False,False,0.45523604303873766,0.07082644949785614
United_Kingdom,log_beta_process_2019,tempered_smc_rank_and_particle_quality,1.0113526594224598,1.0111035082899316,64.0,64.0,64,8,1.0,64.0,64.0,1.0,1.0,0.015625,0.015625,64,64.0,1.0,0.015625,1,1.0,1.0,1.0,0.0,0.0,2.0,1.0,1.0,0.072265625,True,100.0,400.0,4,256,False,False,-0.4570297002579916,0.3044328665285745
United_Kingdom,log_beta_process_2020,tempered_smc_rank_and_particle_quality,1.056199373597637,0.9993624385790193,64.0,64.0,64,8,1.0,64.0,64.0,1.0,1.0,0.015625,0.015625,64,64.0,1.0,0.015625,1,1.0,1.0,1.0,0.0,0.0,2.0,1.0,1.0,0.072265625,True,100.0,400.0,4,256,False,False,0.39308603542616183,0.33594302214003535
United_Kingdom,log_beta_process_2021,tempered_smc_rank_and_particle_quality,1.0291139597124201,1.0012053357548882,64.0,64.0,64,8,1.0,64.0,64.0,1.0,1.0,0.015625,0.015625,64,64.0,1.0,0.015625,1,1.0,1.0,1.0,0.0,0.0,2.0,1.0,1.0,0.072265625,True,100.0,400.0,4,256,False,False,0.17090739373964633,0.14817104038794643
United_Kingdom,log_beta_process_2022,tempered_smc_rank_and_particle_quality,0.9931124218575659,0.999931607031176,64.0,64.0,64,8,1.0,64.0,64.0,1.0,1.0,0.015625,0.015625,64,64.0,1.0,0.015625,1,1.0,1.0,1.0,0.0,0.0,2.0,1.0,1.0,0.072265625,True,100.0,400.0,4,256,False,False,-0.3827915110527234,0.056972749488881855
United_Kingdom,log_beta_process_2023,tempered_smc_rank_and_particle_quality,1.0487812863295534,1.032092590528658,64.0,62.77523980484757,64,8,1.0,64.0,64.0,1.0,1.0,0.015625,0.015625,64,64.0,1.0,0.015625,1,1.0,1.0,1.0,0.0,0.0,2.0,1.0,1.0,0.072265625,True,100.0,400.0,4,256,False,False,-0.008473903194820793,0.047795407210813656
United_Kingdom,log_beta_process_2024,tempered_smc_rank_and_particle_quality,1.0323399058448972,1.0028063544295125,64.0,62.77523980484757,64,8,1.0,64.0,64.0,1.0,1.0,0.015625,0.015625,64,64.0,1.0,0.015625,1,1.0,1.0,1.0,0.0,0.0,2.0,1.0,1.0,0.072265625,True,100.0,400.0,4,256,False,False,-0.05980641084298149,0.050907420844632865
United_Kingdom,log_beta_process_2025,tempered_smc_rank_and_particle_quality,1.002959663502251,0.9940298179083522,64.0,64.0,64,8,1.0,64.0,64.0,1.0,1.0,0.015625,0.015625,64,64.0,1.0,0.015625,1,1.0,1.0,1.0,0.0,0.0,2.0,1.0,1.0,0.072265625,True,100.0,400.0,4,256,False,False,-0.7453002644978468,0.08230851136963518
United_Kingdom,log_beta_process_2026,tempered_smc_rank_and_particle_quality,1.000070544929562,0.9996128629966725,64.0,64.0,64,8,1.0,64.0,64.0,1.0,1.0,0.015625,0.015625,64,64.0,1.0,0.015625,1,1.0,1.0,1.0,0.0,0.0,2.0,1.0,1.0,0.072265625,True,100.0,400.0,4,256,False,False,-0.3654106852478963,0.6391665366619615
United_Kingdom,log_beta_process_2027,tempered_smc_rank_and_particle_quality,0.9949522021486802,0.9948312740472904,64.0,64.0,64,8,1.0,64.0,64.0,1.0,1.0,0.015625,0.015625,64,64.0,1.0,0.015625,1,1.0,1.0,1.0,0.0,0.0,2.0,1.0,1.0,0.072265625,True,100.0,400.0,4,256,False,False,-0.1974322788619831,0.6523327154068216
United_Kingdom,log_beta_process_2028,tempered_smc_rank_and_particle_quality,1.0001409725190555,1.000317762758545,64.0,64.0,64,8,1.0,64.0,64.0,1.0,1.0,0.015625,0.015625,64,64.0,1.0,0.015625,1,1.0,1.0,1.0,0.0,0.0,2.0,1.0,1.0,0.072265625,True,100.0,400.0,4,256,False,False,-0.10697737266389235,0.6807449601165332
United_Kingdom,log_beta_process_2029,tempered_smc_rank_and_particle_quality,0.9981268075688631,0.9970684235031911,64.0,64.0,64,8,1.0,64.0,64.0,1.0,1.0,0.015625,0.015625,64,64.0,1.0,0.015625,1,1.0,1.0,1.0,0.0,0.0,2.0,1.0,1.0,0.072265625,True,100.0,400.0,4,256,False,False,-0.09680845749711635,0.6909889360181422
United_Kingdom,log_beta_process_2030,tempered_smc_rank_and_particle_quality,1.008171139932314,1.0076054526047429,64.0,64.0,64,8,1.0,64.0,64.0,1.0,1.0,0.015625,0.015625,64,64.0,1.0,0.015625,1,1.0,1.0,1.0,0.0,0.0,2.0,1.0,1.0,0.072265625,True,100.0,400.0,4,256,False,False,-0.06562338446704828,0.7166048096865931
United_Kingdom,log_beta_process_2031,tempered_smc_rank_and_particle_quality,0.9924641908087066,0.9912090851063723,64.0,64.0,64,8,1.0,64.0,64.0,1.0,1.0,0.015625,0.015625,64,64.0,1.0,0.015625,1,1.0,1.0,1.0,0.0,0.0,2.0,1.0,1.0,0.072265625,True,100.0,400.0,4,256,False,False,-5.058558561610478e-05,0.7280180269158183
United_Kingdom,log_beta_process_2032,tempered_smc_rank_and_particle_quality,0.9894140423300688,0.9893771740700978,64.0,64.0,64,8,1.0,64.0,64.0,1.0,1.0,0.015625,0.015625,64,64.0,1.0,0.015625,1,1.0,1.0,1.0,0.0,0.0,2.0,1.0,1.0,0.072265625,True,100.0,400.0,4,256,False,False,0.00864303196710785,0.7029624369336749
United_Kingdom,log_beta_process_2033,tempered_smc_rank_and_particle_quality,1.003799258047371,1.0035019905053468,64.0,64.0,64,8,1.0,64.0,64.0,1.0,1.0,0.015625,0.015625,64,64.0,1.0,0.015625,1,1.0,1.0,1.0,0.0,0.0,2.0,1.0,1.0,0.072265625,True,100.0,400.0,4,256,False,False,0.017684509193144897,0.6486418245119198
United_Kingdom,log_beta_process_2034,tempered_smc_rank_and_particle_quality,0.9986676603934095,0.99768105115157,64.0,64.0,64,8,1.0,64.0,64.0,1.0,1.0,0.015625,0.015625,64,64.0,1.0,0.015625,1,1.0,1.0,1.0,0.0,0.0,2.0,1.0,1.0,0.072265625,True,100.0,400.0,4,256,False,False,0.003935519535620231,0.6969362371868589
United_Kingdom,log_beta_process_2035,tempered_smc_rank_and_particle_quality,0.9965944024680256,0.9950890877556362,64.0,64.0,64,8,1.0,64.0,64.0,1.0,1.0,0.015625,0.015625,64,64.0,1.0,0.015625,1,1.0,1.0,1.0,0.0,0.0,2.0,1.0,1.0,0.072265625,True,100.0,400.0,4,256,False,False,-0.015319283116788398,0.6539083707670371
United_Kingdom,log_beta_process_2036,tempered_smc_rank_and_particle_quality,1.0070638106418939,1.0053634873530335,64.0,64.0,64,8,1.0,64.0,64.0,1.0,1.0,0.015625,0.015625,64,64.0,1.0,0.015625,1,1.0,1.0,1.0,0.0,0.0,2.0,1.0,1.0,0.072265625,True,100.0,400.0,4,256,False,False,-0.012490028964177238,0.6866988362856323
United_Kingdom,log_beta_process_2037,tempered_smc_rank_and_particle_quality,0.9995412370156425,0.9979759684932413,64.0,64.0,64,8,1.0,64.0,64.0,1.0,1.0,0.015625,0.015625,64,64.0,1.0,0.015625,1,1.0,1.0,1.0,0.0,0.0,2.0,1.0,1.0,0.072265625,True,100.0,400.0,4,256,False,False,-0.012487041362922828,0.708067815868555
United_Kingdom,log_beta_process_2038,tempered_smc_rank_and_particle_quality,1.006099410103282,1.0058320869283088,64.0,64.0,64,8,1.0,64.0,64.0,1.0,1.0,0.015625,0.015625,64,64.0,1.0,0.015625,1,1.0,1.0,1.0,0.0,0.0,2.0,1.0,1.0,0.072265625,True,100.0,400.0,4,256,False,False,-0.07419933273988273,0.6965792738585981
United_Kingdom,log_beta_process_2039,tempered_smc_rank_and_particle_quality,1.003815190377648,1.0029287270685407,64.0,64.0,64,8,1.0,64.0,64.0,1.0,1.0,0.015625,0.015625,64,64.0,1.0,0.015625,1,1.0,1.0,1.0,0.0,0.0,2.0,1.0,1.0,0.072265625,True,100.0,400.0,4,256,False,False,-0.04009422832174349,0.6824624226698385
United_Kingdom,log_beta_process_2040,tempered_smc_rank_and_particle_quality,1.0176460078980876,1.017824971586638,64.0,60.441106328506514,64,8,1.0,64.0,64.0,1.0,1.0,0.015625,0.015625,64,64.0,1.0,0.015625,1,1.0,1.0,1.0,0.0,0.0,2.0,1.0,1.0,0.072265625,True,100.0,400.0,4,256,False,False,0.01136457306957555,0.6998152839342766
United_Kingdom,log_beta_process_2041,tempered_smc_rank_and_particle_quality,1.0062514584364821,1.0060980188334332,64.0,64.0,64,8,1.0,64.0,64.0,1.0,1.0,0.015625,0.015625,64,64.0,1.0,0.015625,1,1.0,1.0,1.0,0.0,0.0,2.0,1.0,1.0,0.072265625,True,100.0,400.0,4,256,False,False,-0.037503644362865,0.6799643372064391
United_Kingdom,log_beta_process_2042,tempered_smc_rank_and_particle_quality,1.006269425018901,1.005371961057702,64.0,64.0,64,8,1.0,64.0,64.0,1.0,1.0,0.015625,0.015625,64,64.0,1.0,0.015625,1,1.0,1.0,1.0,0.0,0.0,2.0,1.0,1.0,0.072265625,True,100.0,400.0,4,256,False,False,-0.014858361964222161,0.6325199301703054
United_Kingdom,log_beta_process_2043,tempered_smc_rank_and_particle_quality,0.9962109954579756,0.9951849171185115,64.0,64.0,64,8,1.0,64.0,64.0,1.0,1.0,0.015625,0.015625,64,64.0,1.0,0.015625,1,1.0,1.0,1.0,0.0,0.0,2.0,1.0,1.0,0.072265625,True,100.0,400.0,4,256,False,False,-0.005107870328417401,0.669246332299004
United_Kingdom,log_beta_process_2044,tempered_smc_rank_and_particle_quality,1.0074748810514003,1.0064742581853556,64.0,64.0,64,8,1.0,64.0,64.0,1.0,1.0,0.015625,0.015625,64,64.0,1.0,0.015625,1,1.0,1.0,1.0,0.0,0.0,2.0,1.0,1.0,0.072265625,True,100.0,400.0,4,256,False,False,-0.034984454339784206,0.7070463846995501
United_Kingdom,log_beta_process_2045,tempered_smc_rank_and_particle_quality,0.9929101268276523,0.9937448809473903,64.0,64.0,64,8,1.0,64.0,64.0,1.0,1.0,0.015625,0.015625,64,64.0,1.0,0.015625,1,1.0,1.0,1.0,0.0,0.0,2.0,1.0,1.0,0.072265625,True,100.0,400.0,4,256,False,False,-0.0035925003331847526,0.7277634323389804
United_Kingdom,log_beta_process_2046,tempered_smc_rank_and_particle_quality,0.99831992615644,0.9985317022506381,64.0,64.0,64,8,1.0,64.0,64.0,1.0,1.0,0.015625,0.015625,64,64.0,1.0,0.015625,1,1.0,1.0,1.0,0.0,0.0,2.0,1.0,1.0,0.072265625,True,100.0,400.0,4,256,False,False,-0.037821005526459284,0.698475326108642
United_Kingdom,log_beta_process_2047,tempered_smc_rank_and_particle_quality,0.99431032039099,0.9939843494653499,64.0,54.13334074121399,64,8,1.0,64.0,64.0,1.0,1.0,0.015625,0.015625,64,64.0,1.0,0.015625,1,1.0,1.0,1.0,0.0,0.0,2.0,1.0,1.0,0.072265625,True,100.0,400.0,4,256,False,False,-0.0296018588463064,0.6905791652469524
United_Kingdom,log_beta_process_2048,tempered_smc_rank_and_particle_quality,1.0097189856554833,1.009250225219548,64.0,64.0,64,8,1.0,64.0,64.0,1.0,1.0,0.015625,0.015625,64,64.0,1.0,0.015625,1,1.0,1.0,1.0,0.0,0.0,2.0,1.0,1.0,0.072265625,True,100.0,400.0,4,256,False,False,0.0026146825780932696,0.6517334592251818
United_Kingdom,log_beta_process_2049,tempered_smc_rank_and_particle_quality,0.9983566420787378,0.9989549262716011,64.0,64.0,64,8,1.0,64.0,64.0,1.0,1.0,0.015625,0.015625,64,64.0,1.0,0.015625,1,1.0,1.0,1.0,0.0,0.0,2.0,1.0,1.0,0.072265625,True,100.0,400.0,4,256,False,False,0.0011911736393747548,0.7230975404509306
United_Kingdom,log_beta_process_2050,tempered_smc_rank_and_particle_quality,0.9934207624751298,0.9930228779569026,64.0,64.0,64,8,1.0,64.0,64.0,1.0,1.0,0.015625,0.015625,64,64.0,1.0,0.015625,1,1.0,1.0,1.0,0.0,0.0,2.0,1.0,1.0,0.072265625,True,100.0,400.0,4,256,False,False,-0.025404414459327798,0.7196449850307406
Japan,VE_sus,tempered_smc_rank_and_particle_quality,1.0084632786329608,1.0041279651223631,64.0,64.0,64,8,1.0,64.0,64.0,1.0,1.0,0.015625,0.015625,64,64.0,1.0,0.015625,1,1.0,1.0,1.0,0.0,0.0,2.0,1.0,1.0,0.072265625,True,100.0,400.0,4,256,False,False,0.0702219497913234,0.029619861770128212
Japan,VE_inf,tempered_smc_rank_and_particle_quality,1.0325099715923758,1.002005832933576,64.0,64.0,64,8,1.0,64.0,64.0,1.0,1.0,0.015625,0.015625,64,64.0,1.0,0.015625,1,1.0,1.0,1.0,0.0,0.0,2.0,1.0,1.0,0.072265625,True,100.0,400.0,4,256,False,False,0.2256208041982327,0.08356892509968443
Japan,VE_dur,tempered_smc_rank_and_particle_quality,1.0375540556521836,1.00917547859582,64.0,64.0,64,8,1.0,64.0,64.0,1.0,1.0,0.015625,0.015625,64,64.0,1.0,0.015625,1,1.0,1.0,1.0,0.0,0.0,2.0,1.0,1.0,0.072265625,True,100.0,400.0,4,256,False,False,0.0812054488674196,0.05541674231316246
Japan,relative_infectiousness_asymptomatic,tempered_smc_rank_and_particle_quality,1.0416231681447792,1.01483747888435,64.0,64.0,64,8,1.0,64.0,64.0,1.0,1.0,0.015625,0.015625,64,64.0,1.0,0.015625,1,1.0,1.0,1.0,0.0,0.0,2.0,1.0,1.0,0.072265625,True,100.0,400.0,4,256,False,False,0.6821405687994437,0.057603341264158184
Japan,infectious_duration_symptomatic,tempered_smc_rank_and_particle_quality,1.0068532641724501,1.0060951060294874,64.0,64.0,64,8,1.0,64.0,64.0,1.0,1.0,0.015625,0.015625,64,64.0,1.0,0.015625,1,1.0,1.0,1.0,0.0,0.0,2.0,1.0,1.0,0.072265625,True,100.0,400.0,4,256,False,False,27.034656115438253,2.355773910928803
Japan,infectious_duration_asymptomatic,tempered_smc_rank_and_particle_quality,1.0207077521380523,1.0071531341669495,64.0,64.0,64,8,1.0,64.0,64.0,1.0,1.0,0.015625,0.015625,64,64.0,1.0,0.015625,1,1.0,1.0,1.0,0.0,0.0,2.0,1.0,1.0,0.072265625,True,100.0,400.0,4,256,False,False,19.343014552755847,2.0874911569166112
Japan,fitness_R,tempered_smc_rank_and_particle_quality,1.0345887926133035,1.0043542755598442,64.0,64.0,64,8,1.0,64.0,64.0,1.0,1.0,0.015625,0.015625,64,64.0,1.0,0.015625,1,1.0,1.0,1.0,0.0,0.0,2.0,1.0,1.0,0.072265625,True,100.0,400.0,4,256,False,False,0.7213734507463029,0.047201754286691544
Japan,beta_S,tempered_smc_rank_and_particle_quality,0.9997590205509569,1.0001813755038103,64.0,64.0,64,8,1.0,64.0,64.0,1.0,1.0,0.015625,0.015625,64,64.0,1.0,0.015625,1,1.0,1.0,1.0,0.0,0.0,2.0,1.0,1.0,0.072265625,True,100.0,400.0,4,256,False,False,0.019207233242139403,0.0011955714790278587
Japan,reporting_multiplier,tempered_smc_rank_and_particle_quality,1.044706938750155,0.9964218653308606,64.0,64.0,64,8,1.0,64.0,64.0,1.0,1.0,0.015625,0.015625,64,64.0,1.0,0.015625,1,1.0,1.0,1.0,0.0,0.0,2.0,1.0,1.0,0.072265625,True,100.0,400.0,4,256,False,False,0.36844713777236415,0.15233288631514394
Japan,log_beta_process_2021,tempered_smc_rank_and_particle_quality,1.0318713906691066,0.998571480794598,64.0,64.0,64,8,1.0,64.0,64.0,1.0,1.0,0.015625,0.015625,64,64.0,1.0,0.015625,1,1.0,1.0,1.0,0.0,0.0,2.0,1.0,1.0,0.072265625,True,100.0,400.0,4,256,False,False,-0.20529941344574312,0.06798372102516168
Japan,log_beta_process_2022,tempered_smc_rank_and_particle_quality,1.047409476044114,1.0084026209351757,64.0,64.0,64,8,1.0,64.0,64.0,1.0,1.0,0.015625,0.015625,64,64.0,1.0,0.015625,1,1.0,1.0,1.0,0.0,0.0,2.0,1.0,1.0,0.072265625,True,100.0,400.0,4,256,False,False,-0.1885620153993153,0.10688362778188362
Japan,log_beta_process_2023,tempered_smc_rank_and_particle_quality,1.0036250553583252,1.0083721696403865,64.0,64.0,64,8,1.0,64.0,64.0,1.0,1.0,0.015625,0.015625,64,64.0,1.0,0.015625,1,1.0,1.0,1.0,0.0,0.0,2.0,1.0,1.0,0.072265625,True,100.0,400.0,4,256,False,False,-0.3403307289606995,0.03204015446094485
Japan,log_beta_process_2024,tempered_smc_rank_and_particle_quality,1.0350703516734796,1.0001709771418317,64.0,64.0,64,8,1.0,64.0,64.0,1.0,1.0,0.015625,0.015625,64,64.0,1.0,0.015625,1,1.0,1.0,1.0,0.0,0.0,2.0,1.0,1.0,0.072265625,True,100.0,400.0,4,256,False,False,-0.2611054516102128,0.0826232184763179
Japan,log_beta_process_2025,tempered_smc_rank_and_particle_quality,1.0188957664076308,1.0196071887242757,64.0,59.747740126555286,64,8,1.0,64.0,64.0,1.0,1.0,0.015625,0.015625,64,64.0,1.0,0.015625,1,1.0,1.0,1.0,0.0,0.0,2.0,1.0,1.0,0.072265625,True,100.0,400.0,4,256,False,False,0.038405580516774354,0.06945290654580684
Japan,log_beta_process_2026,tempered_smc_rank_and_particle_quality,0.9964213935933102,0.9956532484675052,64.0,64.0,64,8,1.0,64.0,64.0,1.0,1.0,0.015625,0.015625,64,64.0,1.0,0.015625,1,1.0,1.0,1.0,0.0,0.0,2.0,1.0,1.0,0.072265625,True,100.0,400.0,4,256,False,False,-1.3036257746374833,0.21963771554410036
Japan,log_beta_process_2027,tempered_smc_rank_and_particle_quality,1.0014711212940726,1.002193665990515,64.0,64.0,64,8,1.0,64.0,64.0,1.0,1.0,0.015625,0.015625,64,64.0,1.0,0.015625,1,1.0,1.0,1.0,0.0,0.0,2.0,1.0,1.0,0.072265625,True,100.0,400.0,4,256,False,False,-0.6282231516220109,0.636138014816033
Japan,log_beta_process_2028,tempered_smc_rank_and_particle_quality,1.0187299847122728,1.0183975142130666,64.0,64.0,64,8,1.0,64.0,64.0,1.0,1.0,0.015625,0.015625,64,64.0,1.0,0.015625,1,1.0,1.0,1.0,0.0,0.0,2.0,1.0,1.0,0.072265625,True,100.0,400.0,4,256,False,False,-0.28058525962142833,0.6856657983690054
Japan,log_beta_process_2029,tempered_smc_rank_and_particle_quality,1.0114250903827204,1.012401098768553,64.0,64.0,64,8,1.0,64.0,64.0,1.0,1.0,0.015625,0.015625,64,64.0,1.0,0.015625,1,1.0,1.0,1.0,0.0,0.0,2.0,1.0,1.0,0.072265625,True,100.0,400.0,4,256,False,False,-0.14570059061839125,0.6831041368398107
Japan,log_beta_process_2030,tempered_smc_rank_and_particle_quality,0.9972706849488129,0.9967168953681095,64.0,64.0,64,8,1.0,64.0,64.0,1.0,1.0,0.015625,0.015625,64,64.0,1.0,0.015625,1,1.0,1.0,1.0,0.0,0.0,2.0,1.0,1.0,0.072265625,True,100.0,400.0,4,256,False,False,-0.13402031334682063,0.6997578776809112
Japan,log_beta_process_2031,tempered_smc_rank_and_particle_quality,1.0057239580857709,1.0048976504160347,64.0,64.0,64,8,1.0,64.0,64.0,1.0,1.0,0.015625,0.015625,64,64.0,1.0,0.015625,1,1.0,1.0,1.0,0.0,0.0,2.0,1.0,1.0,0.072265625,True,100.0,400.0,4,256,False,False,-0.09193019424838944,0.706488735524522
Japan,log_beta_process_2032,tempered_smc_rank_and_particle_quality,0.9961503989022992,0.9957855649904499,64.0,64.0,64,8,1.0,64.0,64.0,1.0,1.0,0.015625,0.015625,64,64.0,1.0,0.015625,1,1.0,1.0,1.0,0.0,0.0,2.0,1.0,1.0,0.072265625,True,100.0,400.0,4,256,False,False,-0.011936956302288101,0.7045367342330099
Japan,log_beta_process_2033,tempered_smc_rank_and_particle_quality,0.9884121151085612,0.9881719784386096,64.0,64.0,64,8,1.0,64.0,64.0,1.0,1.0,0.015625,0.015625,64,64.0,1.0,0.015625,1,1.0,1.0,1.0,0.0,0.0,2.0,1.0,1.0,0.072265625,True,100.0,400.0,4,256,False,False,-0.006296302481723054,0.679536867088026
Japan,log_beta_process_2034,tempered_smc_rank_and_particle_quality,0.9899880752530342,0.9899084291157807,64.0,64.0,64,8,1.0,64.0,64.0,1.0,1.0,0.015625,0.015625,64,64.0,1.0,0.015625,1,1.0,1.0,1.0,0.0,0.0,2.0,1.0,1.0,0.072265625,True,100.0,400.0,4,256,False,False,0.043647405330925,0.648639267855973
Japan,log_beta_process_2035,tempered_smc_rank_and_particle_quality,0.9943861012786659,0.9930547625606283,64.0,64.0,64,8,1.0,64.0,64.0,1.0,1.0,0.015625,0.015625,64,64.0,1.0,0.015625,1,1.0,1.0,1.0,0.0,0.0,2.0,1.0,1.0,0.072265625,True,100.0,400.0,4,256,False,False,0.0014891317393200022,0.7201883900696059
Japan,log_beta_process_2036,tempered_smc_rank_and_particle_quality,1.005708289610657,1.0059257094299912,64.0,64.0,64,8,1.0,64.0,64.0,1.0,1.0,0.015625,0.015625,64,64.0,1.0,0.015625,1,1.0,1.0,1.0,0.0,0.0,2.0,1.0,1.0,0.072265625,True,100.0,400.0,4,256,False,False,0.022995505360084524,0.6639371195398865
Japan,log_beta_process_2037,tempered_smc_rank_and_particle_quality,1.0159424629155733,1.0162420412079756,64.0,64.0,64,8,1.0,64.0,64.0,1.0,1.0,0.015625,0.015625,64,64.0,1.0,0.015625,1,1.0,1.0,1.0,0.0,0.0,2.0,1.0,1.0,0.072265625,True,100.0,400.0,4,256,False,False,0.045903572910586415,0.7018353216153366
Japan,log_beta_process_2038,tempered_smc_rank_and_particle_quality,0.9984245941524698,0.9969038817715526,64.0,64.0,64,8,1.0,64.0,64.0,1.0,1.0,0.015625,0.015625,64,64.0,1.0,0.015625,1,1.0,1.0,1.0,0.0,0.0,2.0,1.0,1.0,0.072265625,True,100.0,400.0,4,256,False,False,0.016382876761224165,0.6805783282851459
Japan,log_beta_process_2039,tempered_smc_rank_and_particle_quality,1.0126769808451346,1.0105358938311206,64.0,64.0,64,8,1.0,64.0,64.0,1.0,1.0,0.015625,0.015625,64,64.0,1.0,0.015625,1,1.0,1.0,1.0,0.0,0.0,2.0,1.0,1.0,0.072265625,True,100.0,400.0,4,256,False,False,-0.08383302491086235,0.7127136891277608
Japan,log_beta_process_2040,tempered_smc_rank_and_particle_quality,1.0107352995241081,1.0072579025938209,64.0,64.0,64,8,1.0,64.0,64.0,1.0,1.0,0.015625,0.015625,64,64.0,1.0,0.015625,1,1.0,1.0,1.0,0.0,0.0,2.0,1.0,1.0,0.072265625,True,100.0,400.0,4,256,False,False,-0.07103082384320766,0.6688098430268982
Japan,log_beta_process_2041,tempered_smc_rank_and_particle_quality,0.9907461901603474,0.9915522613003237,64.0,64.0,64,8,1.0,64.0,64.0,1.0,1.0,0.015625,0.015625,64,64.0,1.0,0.015625,1,1.0,1.0,1.0,0.0,0.0,2.0,1.0,1.0,0.072265625,True,100.0,400.0,4,256,False,False,-0.0682982996765069,0.7085536728302764
Japan,log_beta_process_2042,tempered_smc_rank_and_particle_quality,0.9929747270400554,0.9929101558888235,64.0,54.782972456756866,64,8,1.0,64.0,64.0,1.0,1.0,0.015625,0.015625,64,64.0,1.0,0.015625,1,1.0,1.0,1.0,0.0,0.0,2.0,1.0,1.0,0.072265625,True,100.0,400.0,4,256,False,False,-0.07955924090499833,0.6869186969974033
Japan,log_beta_process_2043,tempered_smc_rank_and_particle_quality,1.0086925988336302,1.007931074978913,64.0,64.0,64,8,1.0,64.0,64.0,1.0,1.0,0.015625,0.015625,64,64.0,1.0,0.015625,1,1.0,1.0,1.0,0.0,0.0,2.0,1.0,1.0,0.072265625,True,100.0,400.0,4,256,False,False,-0.028182555278180553,0.6596605977184664
Japan,log_beta_process_2044,tempered_smc_rank_and_particle_quality,1.02253967725612,1.0221712569526527,64.0,64.0,64,8,1.0,64.0,64.0,1.0,1.0,0.015625,0.015625,64,64.0,1.0,0.015625,1,1.0,1.0,1.0,0.0,0.0,2.0,1.0,1.0,0.072265625,True,100.0,400.0,4,256,False,False,0.016505041176367377,0.7003272793562242
Japan,log_beta_process_2045,tempered_smc_rank_and_particle_quality,1.0255020146346117,1.0233924521528026,64.0,64.0,64,8,1.0,64.0,64.0,1.0,1.0,0.015625,0.015625,64,64.0,1.0,0.015625,1,1.0,1.0,1.0,0.0,0.0,2.0,1.0,1.0,0.072265625,True,100.0,400.0,4,256,False,False,0.004620645404520802,0.6925704514704235
Japan,log_beta_process_2046,tempered_smc_rank_and_particle_quality,1.017021132396438,1.0184633790418385,64.0,64.0,64,8,1.0,64.0,64.0,1.0,1.0,0.015625,0.015625,64,64.0,1.0,0.015625,1,1.0,1.0,1.0,0.0,0.0,2.0,1.0,1.0,0.072265625,True,100.0,400.0,4,256,False,False,0.0323001018263816,0.7137751018845416
Japan,log_beta_process_2047,tempered_smc_rank_and_particle_quality,1.0109035566362408,1.0112545148099652,64.0,64.0,64,8,1.0,64.0,64.0,1.0,1.0,0.015625,0.015625,64,64.0,1.0,0.015625,1,1.0,1.0,1.0,0.0,0.0,2.0,1.0,1.0,0.072265625,True,100.0,400.0,4,256,False,False,0.022353403791034076,0.7333520201415439
Japan,log_beta_process_2048,tempered_smc_rank_and_particle_quality,1.001153976021744,1.000318986132877,64.0,64.0,64,8,1.0,64.0,64.0,1.0,1.0,0.015625,0.015625,64,64.0,1.0,0.015625,1,1.0,1.0,1.0,0.0,0.0,2.0,1.0,1.0,0.072265625,True,100.0,400.0,4,256,False,False,-0.042825282338055964,0.7204815745359666
Japan,log_beta_process_2049,tempered_smc_rank_and_particle_quality,1.007569750388256,1.007804569522228,64.0,64.0,64,8,1.0,64.0,64.0,1.0,1.0,0.015625,0.015625,64,64.0,1.0,0.015625,1,1.0,1.0,1.0,0.0,0.0,2.0,1.0,1.0,0.072265625,True,100.0,400.0,4,256,False,False,0.015751104084062363,0.6613642117950523
Japan,log_beta_process_2050,tempered_smc_rank_and_particle_quality,0.9919707510268082,0.9919535269290183,64.0,64.0,64,8,1.0,64.0,64.0,1.0,1.0,0.015625,0.015625,64,64.0,1.0,0.015625,1,1.0,1.0,1.0,0.0,0.0,2.0,1.0,1.0,0.072265625,True,100.0,400.0,4,256,False,False,-0.006200206152750316,0.7319196378712306
New_Zealand,VE_sus,tempered_smc_rank_and_particle_quality,1.0084632786329608,1.0041279651223631,64.0,64.0,64,8,1.0,64.0,64.0,1.0,1.0,0.015625,0.015625,64,64.0,1.0,0.015625,1,1.0,1.0,1.0,0.0,0.0,2.0,1.0,1.0,0.072265625,True,100.0,400.0,4,256,False,False,0.0702219497913234,0.029619861770128212
New_Zealand,VE_inf,tempered_smc_rank_and_particle_quality,1.0325099715923758,1.002005832933576,64.0,64.0,64,8,1.0,64.0,64.0,1.0,1.0,0.015625,0.015625,64,64.0,1.0,0.015625,1,1.0,1.0,1.0,0.0,0.0,2.0,1.0,1.0,0.072265625,True,100.0,400.0,4,256,False,False,0.2256208041982327,0.08356892509968443
New_Zealand,VE_dur,tempered_smc_rank_and_particle_quality,1.0375540556521836,1.00917547859582,64.0,64.0,64,8,1.0,64.0,64.0,1.0,1.0,0.015625,0.015625,64,64.0,1.0,0.015625,1,1.0,1.0,1.0,0.0,0.0,2.0,1.0,1.0,0.072265625,True,100.0,400.0,4,256,False,False,0.0812054488674196,0.05541674231316246
New_Zealand,relative_infectiousness_asymptomatic,tempered_smc_rank_and_particle_quality,1.0416231681447792,1.01483747888435,64.0,64.0,64,8,1.0,64.0,64.0,1.0,1.0,0.015625,0.015625,64,64.0,1.0,0.015625,1,1.0,1.0,1.0,0.0,0.0,2.0,1.0,1.0,0.072265625,True,100.0,400.0,4,256,False,False,0.6821405687994437,0.057603341264158184
New_Zealand,infectious_duration_symptomatic,tempered_smc_rank_and_particle_quality,1.0068532641724501,1.0060951060294874,64.0,64.0,64,8,1.0,64.0,64.0,1.0,1.0,0.015625,0.015625,64,64.0,1.0,0.015625,1,1.0,1.0,1.0,0.0,0.0,2.0,1.0,1.0,0.072265625,True,100.0,400.0,4,256,False,False,27.034656115438253,2.355773910928803
New_Zealand,infectious_duration_asymptomatic,tempered_smc_rank_and_particle_quality,1.0207077521380523,1.0071531341669495,64.0,64.0,64,8,1.0,64.0,64.0,1.0,1.0,0.015625,0.015625,64,64.0,1.0,0.015625,1,1.0,1.0,1.0,0.0,0.0,2.0,1.0,1.0,0.072265625,True,100.0,400.0,4,256,False,False,19.343014552755847,2.0874911569166112
New_Zealand,fitness_R,tempered_smc_rank_and_particle_quality,1.0345887926133035,1.0043542755598442,64.0,64.0,64,8,1.0,64.0,64.0,1.0,1.0,0.015625,0.015625,64,64.0,1.0,0.015625,1,1.0,1.0,1.0,0.0,0.0,2.0,1.0,1.0,0.072265625,True,100.0,400.0,4,256,False,False,0.7213734507463029,0.047201754286691544
New_Zealand,beta_S,tempered_smc_rank_and_particle_quality,1.0598700028838126,1.0222007826822213,64.0,64.0,64,8,1.0,64.0,64.0,1.0,1.0,0.015625,0.015625,64,64.0,1.0,0.015625,1,1.0,1.0,1.0,0.0,0.0,2.0,1.0,1.0,0.072265625,True,100.0,400.0,4,256,False,False,0.019926018568731406,0.0022971807617055383
New_Zealand,reporting_multiplier,tempered_smc_rank_and_particle_quality,1.016766557010555,1.0144686308340998,64.0,64.0,64,8,1.0,64.0,64.0,1.0,1.0,0.015625,0.015625,64,64.0,1.0,0.015625,1,1.0,1.0,1.0,0.0,0.0,2.0,1.0,1.0,0.072265625,True,100.0,400.0,4,256,False,False,1.8332694930022275,0.19638047259054928
New_Zealand,log_beta_process_2021,tempered_smc_rank_and_particle_quality,0.9982568217267681,1.00312568572206,64.0,64.0,64,8,1.0,64.0,64.0,1.0,1.0,0.015625,0.015625,64,64.0,1.0,0.015625,1,1.0,1.0,1.0,0.0,0.0,2.0,1.0,1.0,0.072265625,True,100.0,400.0,4,256,False,False,0.2609744371149954,0.034876438574800266
New_Zealand,log_beta_process_2022,tempered_smc_rank_and_particle_quality,1.0574410554734213,1.0283298248355122,64.0,47.16935731334861,64,8,1.0,64.0,64.0,1.0,1.0,0.015625,0.015625,64,64.0,1.0,0.015625,1,1.0,1.0,1.0,0.0,0.0,2.0,1.0,1.0,0.072265625,True,100.0,400.0,4,256,False,False,-0.07865728302428884,0.07360538254073845
New_Zealand,log_beta_process_2023,tempered_smc_rank_and_particle_quality,1.013082007972035,1.0104479148602004,64.0,64.0,64,8,1.0,64.0,64.0,1.0,1.0,0.015625,0.015625,64,64.0,1.0,0.015625,1,1.0,1.0,1.0,0.0,0.0,2.0,1.0,1.0,0.072265625,True,100.0,400.0,4,256,False,False,-0.1636797894199799,0.025741309604256492
New_Zealand,log_beta_process_2024,tempered_smc_rank_and_particle_quality,1.0680236588282852,1.0383056313598682,20.68265517669726,64.0,64,8,1.0,64.0,64.0,1.0,1.0,0.015625,0.015625,64,64.0,1.0,0.015625,1,1.0,1.0,1.0,0.0,0.0,2.0,1.0,1.0,0.072265625,True,100.0,400.0,4,256,False,False,-0.2483508324391856,0.043391990423373696
New_Zealand,log_beta_process_2025,tempered_smc_rank_and_particle_quality,1.0205274392032373,0.9964898105861256,64.0,60.17422187274971,64,8,1.0,64.0,64.0,1.0,1.0,0.015625,0.015625,64,64.0,1.0,0.015625,1,1.0,1.0,1.0,0.0,0.0,2.0,1.0,1.0,0.072265625,True,100.0,400.0,4,256,False,False,-0.5235034111848464,0.03301731674467029
New_Zealand,log_beta_process_2026,tempered_smc_rank_and_particle_quality,1.025427511424065,0.9997090209739716,64.0,64.0,64,8,1.0,64.0,64.0,1.0,1.0,0.015625,0.015625,64,64.0,1.0,0.015625,1,1.0,1.0,1.0,0.0,0.0,2.0,1.0,1.0,0.072265625,True,100.0,400.0,4,256,False,False,-0.324825693575164,0.07282475152517684
New_Zealand,log_beta_process_2027,tempered_smc_rank_and_particle_quality,0.999047943678379,1.0003181360444646,64.0,64.0,64,8,1.0,64.0,64.0,1.0,1.0,0.015625,0.015625,64,64.0,1.0,0.015625,1,1.0,1.0,1.0,0.0,0.0,2.0,1.0,1.0,0.072265625,True,100.0,400.0,4,256,False,False,-0.15583314027277229,0.5997639288486193
New_Zealand,log_beta_process_2028,tempered_smc_rank_and_particle_quality,1.0129770392987718,1.013313294534281,64.0,64.0,64,8,1.0,64.0,64.0,1.0,1.0,0.015625,0.015625,64,64.0,1.0,0.015625,1,1.0,1.0,1.0,0.0,0.0,2.0,1.0,1.0,0.072265625,True,100.0,400.0,4,256,False,False,-0.053975356320387816,0.6750239230778051
New_Zealand,log_beta_process_2029,tempered_smc_rank_and_particle_quality,1.0076327218801822,1.0062937128618041,64.0,64.0,64,8,1.0,64.0,64.0,1.0,1.0,0.015625,0.015625,64,64.0,1.0,0.015625,1,1.0,1.0,1.0,0.0,0.0,2.0,1.0,1.0,0.072265625,True,100.0,400.0,4,256,False,False,-0.005585816987164548,0.6636973531871121
New_Zealand,log_beta_process_2030,tempered_smc_rank_and_particle_quality,0.9971045919221041,0.9972470542366209,64.0,64.0,64,8,1.0,64.0,64.0,1.0,1.0,0.015625,0.015625,64,64.0,1.0,0.015625,1,1.0,1.0,1.0,0.0,0.0,2.0,1.0,1.0,0.072265625,True,100.0,400.0,4,256,False,False,-0.07441864725968442,0.664388658268156
New_Zealand,log_beta_process_2031,tempered_smc_rank_and_particle_quality,1.0074126951432567,1.007209497914444,64.0,64.0,64,8,1.0,64.0,64.0,1.0,1.0,0.015625,0.015625,64,64.0,1.0,0.015625,1,1.0,1.0,1.0,0.0,0.0,2.0,1.0,1.0,0.072265625,True,100.0,400.0,4,256,False,False,-0.04813019256887781,0.7215172133736208
New_Zealand,log_beta_process_2032,tempered_smc_rank_and_particle_quality,0.9963590125609455,0.9961091760251439,64.0,64.0,64,8,1.0,64.0,64.0,1.0,1.0,0.015625,0.015625,64,64.0,1.0,0.015625,1,1.0,1.0,1.0,0.0,0.0,2.0,1.0,1.0,0.072265625,True,100.0,400.0,4,256,False,False,0.014963541790432976,0.7362784725001611
New_Zealand,log_beta_process_2033,tempered_smc_rank_and_particle_quality,0.9897074019942242,0.9903542423315813,64.0,64.0,64,8,1.0,64.0,64.0,1.0,1.0,0.015625,0.015625,64,64.0,1.0,0.015625,1,1.0,1.0,1.0,0.0,0.0,2.0,1.0,1.0,0.072265625,True,100.0,400.0,4,256,False,False,0.0014601324352432289,0.7148627210254536
New_Zealand,log_beta_process_2034,tempered_smc_rank_and_particle_quality,0.9922195744815282,0.9915021665129586,64.0,64.0,64,8,1.0,64.0,64.0,1.0,1.0,0.015625,0.015625,64,64.0,1.0,0.015625,1,1.0,1.0,1.0,0.0,0.0,2.0,1.0,1.0,0.072265625,True,100.0,400.0,4,256,False,False,0.048459294654802296,0.6693627508226823
New_Zealand,log_beta_process_2035,tempered_smc_rank_and_particle_quality,0.9921637939908597,0.991737215635094,64.0,64.0,64,8,1.0,64.0,64.0,1.0,1.0,0.015625,0.015625,64,64.0,1.0,0.015625,1,1.0,1.0,1.0,0.0,0.0,2.0,1.0,1.0,0.072265625,True,100.0,400.0,4,256,False,False,-0.01779165752001534,0.7080552781336725
New_Zealand,log_beta_process_2036,tempered_smc_rank_and_particle_quality,1.0118255563131895,1.0124505808748607,64.0,64.0,64,8,1.0,64.0,64.0,1.0,1.0,0.015625,0.015625,64,64.0,1.0,0.015625,1,1.0,1.0,1.0,0.0,0.0,2.0,1.0,1.0,0.072265625,True,100.0,400.0,4,256,False,False,0.01994031894839029,0.6648276005142508
New_Zealand,log_beta_process_2037,tempered_smc_rank_and_particle_quality,1.0275417950815902,1.0296306391943653,64.0,64.0,64,8,1.0,64.0,64.0,1.0,1.0,0.015625,0.015625,64,64.0,1.0,0.015625,1,1.0,1.0,1.0,0.0,0.0,2.0,1.0,1.0,0.072265625,True,100.0,400.0,4,256,False,False,-0.027930885465973273,0.6802868405378703
New_Zealand,log_beta_process_2038,tempered_smc_rank_and_particle_quality,1.010396069779935,1.0094729483095555,64.0,64.0,64,8,1.0,64.0,64.0,1.0,1.0,0.015625,0.015625,64,64.0,1.0,0.015625,1,1.0,1.0,1.0,0.0,0.0,2.0,1.0,1.0,0.072265625,True,100.0,400.0,4,256,False,False,-0.03240896592844138,0.6564790264343693
New_Zealand,log_beta_process_2039,tempered_smc_rank_and_particle_quality,1.0140987622522555,1.0153769121647962,64.0,64.0,64,8,1.0,64.0,64.0,1.0,1.0,0.015625,0.015625,64,64.0,1.0,0.015625,1,1.0,1.0,1.0,0.0,0.0,2.0,1.0,1.0,0.072265625,True,100.0,400.0,4,256,False,False,-0.10536406963059838,0.6922339309758502
New_Zealand,log_beta_process_2040,tempered_smc_rank_and_particle_quality,1.0137412654223412,1.010724694578681,64.0,64.0,64,8,1.0,64.0,64.0,1.0,1.0,0.015625,0.015625,64,64.0,1.0,0.015625,1,1.0,1.0,1.0,0.0,0.0,2.0,1.0,1.0,0.072265625,True,100.0,400.0,4,256,False,False,-0.051780397457779626,0.6440619841368206
New_Zealand,log_beta_process_2041,tempered_smc_rank_and_particle_quality,1.0079830350456203,1.0080094750541417,64.0,64.0,64,8,1.0,64.0,64.0,1.0,1.0,0.015625,0.015625,64,64.0,1.0,0.015625,1,1.0,1.0,1.0,0.0,0.0,2.0,1.0,1.0,0.072265625,True,100.0,400.0,4,256,False,False,-0.054883171807802486,0.6807458824788002
New_Zealand,log_beta_process_2042,tempered_smc_rank_and_particle_quality,0.9919010620615448,0.9917960624225984,64.0,64.0,64,8,1.0,64.0,64.0,1.0,1.0,0.015625,0.015625,64,64.0,1.0,0.015625,1,1.0,1.0,1.0,0.0,0.0,2.0,1.0,1.0,0.072265625,True,100.0,400.0,4,256,False,False,-0.04162515395448615,0.7015146910991944
New_Zealand,log_beta_process_2043,tempered_smc_rank_and_particle_quality,0.9920382441002216,0.9920401676324143,64.0,64.0,64,8,1.0,64.0,64.0,1.0,1.0,0.015625,0.015625,64,64.0,1.0,0.015625,1,1.0,1.0,1.0,0.0,0.0,2.0,1.0,1.0,0.072265625,True,100.0,400.0,4,256,False,False,-0.0919619851917921,0.6917325923710049
New_Zealand,log_beta_process_2044,tempered_smc_rank_and_particle_quality,1.0057230621677493,1.005717818944433,64.0,64.0,64,8,1.0,64.0,64.0,1.0,1.0,0.015625,0.015625,64,64.0,1.0,0.015625,1,1.0,1.0,1.0,0.0,0.0,2.0,1.0,1.0,0.072265625,True,100.0,400.0,4,256,False,False,-0.038838379205036674,0.6769276587440713
New_Zealand,log_beta_process_2045,tempered_smc_rank_and_particle_quality,0.9947301989831986,0.9949071419156992,64.0,64.0,64,8,1.0,64.0,64.0,1.0,1.0,0.015625,0.015625,64,64.0,1.0,0.015625,1,1.0,1.0,1.0,0.0,0.0,2.0,1.0,1.0,0.072265625,True,100.0,400.0,4,256,False,False,-0.016521800735229294,0.6930227428882446
New_Zealand,log_beta_process_2046,tempered_smc_rank_and_particle_quality,0.9953371389141523,0.9954960850164399,64.0,64.0,64,8,1.0,64.0,64.0,1.0,1.0,0.015625,0.015625,64,64.0,1.0,0.015625,1,1.0,1.0,1.0,0.0,0.0,2.0,1.0,1.0,0.072265625,True,100.0,400.0,4,256,False,False,0.02301996608030153,0.7087077434624937
New_Zealand,log_beta_process_2047,tempered_smc_rank_and_particle_quality,1.0098535006187144,1.010027442614586,64.0,64.0,64,8,1.0,64.0,64.0,1.0,1.0,0.015625,0.015625,64,64.0,1.0,0.015625,1,1.0,1.0,1.0,0.0,0.0,2.0,1.0,1.0,0.072265625,True,100.0,400.0,4,256,False,False,0.0026334814428407675,0.743720205272035
New_Zealand,log_beta_process_2048,tempered_smc_rank_and_particle_quality,0.9978001774836694,0.9979234076823541,64.0,64.0,64,8,1.0,64.0,64.0,1.0,1.0,0.015625,0.015625,64,64.0,1.0,0.015625,1,1.0,1.0,1.0,0.0,0.0,2.0,1.0,1.0,0.072265625,True,100.0,400.0,4,256,False,False,-0.025984245236594136,0.6945337689564036
New_Zealand,log_beta_process_2049,tempered_smc_rank_and_particle_quality,0.9999416444278656,1.000456105070369,64.0,64.0,64,8,1.0,64.0,64.0,1.0,1.0,0.015625,0.015625,64,64.0,1.0,0.015625,1,1.0,1.0,1.0,0.0,0.0,2.0,1.0,1.0,0.072265625,True,100.0,400.0,4,256,False,False,0.01826667325596306,0.6821819022718273
New_Zealand,log_beta_process_2050,tempered_smc_rank_and_particle_quality,1.001232031047429,0.999864198100074,64.0,64.0,64,8,1.0,64.0,64.0,1.0,1.0,0.015625,0.015625,64,64.0,1.0,0.015625,1,1.0,1.0,1.0,0.0,0.0,2.0,1.0,1.0,0.072265625,True,100.0,400.0,4,256,False,False,-0.05804156751645767,0.6997722616580447
Sweden,VE_sus,tempered_smc_rank_and_particle_quality,1.0084632786329608,1.0041279651223631,64.0,64.0,64,8,1.0,64.0,64.0,1.0,1.0,0.015625,0.015625,64,64.0,1.0,0.015625,1,1.0,1.0,1.0,0.0,0.0,2.0,1.0,1.0,0.072265625,True,100.0,400.0,4,256,False,False,0.0702219497913234,0.029619861770128212
Sweden,VE_inf,tempered_smc_rank_and_particle_quality,1.0325099715923758,1.002005832933576,64.0,64.0,64,8,1.0,64.0,64.0,1.0,1.0,0.015625,0.015625,64,64.0,1.0,0.015625,1,1.0,1.0,1.0,0.0,0.0,2.0,1.0,1.0,0.072265625,True,100.0,400.0,4,256,False,False,0.2256208041982327,0.08356892509968443
Sweden,VE_dur,tempered_smc_rank_and_particle_quality,1.0375540556521836,1.00917547859582,64.0,64.0,64,8,1.0,64.0,64.0,1.0,1.0,0.015625,0.015625,64,64.0,1.0,0.015625,1,1.0,1.0,1.0,0.0,0.0,2.0,1.0,1.0,0.072265625,True,100.0,400.0,4,256,False,False,0.0812054488674196,0.05541674231316246
Sweden,relative_infectiousness_asymptomatic,tempered_smc_rank_and_particle_quality,1.0416231681447792,1.01483747888435,64.0,64.0,64,8,1.0,64.0,64.0,1.0,1.0,0.015625,0.015625,64,64.0,1.0,0.015625,1,1.0,1.0,1.0,0.0,0.0,2.0,1.0,1.0,0.072265625,True,100.0,400.0,4,256,False,False,0.6821405687994437,0.057603341264158184
Sweden,infectious_duration_symptomatic,tempered_smc_rank_and_particle_quality,1.0068532641724501,1.0060951060294874,64.0,64.0,64,8,1.0,64.0,64.0,1.0,1.0,0.015625,0.015625,64,64.0,1.0,0.015625,1,1.0,1.0,1.0,0.0,0.0,2.0,1.0,1.0,0.072265625,True,100.0,400.0,4,256,False,False,27.034656115438253,2.355773910928803
Sweden,infectious_duration_asymptomatic,tempered_smc_rank_and_particle_quality,1.0207077521380523,1.0071531341669495,64.0,64.0,64,8,1.0,64.0,64.0,1.0,1.0,0.015625,0.015625,64,64.0,1.0,0.015625,1,1.0,1.0,1.0,0.0,0.0,2.0,1.0,1.0,0.072265625,True,100.0,400.0,4,256,False,False,19.343014552755847,2.0874911569166112
Sweden,fitness_R,tempered_smc_rank_and_particle_quality,1.0345887926133035,1.0043542755598442,64.0,64.0,64,8,1.0,64.0,64.0,1.0,1.0,0.015625,0.015625,64,64.0,1.0,0.015625,1,1.0,1.0,1.0,0.0,0.0,2.0,1.0,1.0,0.072265625,True,100.0,400.0,4,256,False,False,0.7213734507463029,0.047201754286691544
Sweden,beta_S,tempered_smc_rank_and_particle_quality,1.0359192702669573,1.029778264195355,64.0,64.0,64,8,1.0,64.0,64.0,1.0,1.0,0.015625,0.015625,64,64.0,1.0,0.015625,1,1.0,1.0,1.0,0.0,0.0,2.0,1.0,1.0,0.072265625,True,100.0,400.0,4,256,False,False,0.007934458711338212,0.0014459009494781647
Sweden,reporting_multiplier,tempered_smc_rank_and_particle_quality,1.0106368283152818,1.0139832931636725,64.0,64.0,64,8,1.0,64.0,64.0,1.0,1.0,0.015625,0.015625,64,64.0,1.0,0.015625,1,1.0,1.0,1.0,0.0,0.0,2.0,1.0,1.0,0.072265625,True,100.0,400.0,4,256,False,False,1.5982931813115395,0.1597541617000743
Sweden,log_beta_process_2021,tempered_smc_rank_and_particle_quality,1.0603227431176572,1.0344802982876196,64.0,64.0,64,8,1.0,64.0,64.0,1.0,1.0,0.015625,0.015625,64,64.0,1.0,0.015625,1,1.0,1.0,1.0,0.0,0.0,2.0,1.0,1.0,0.072265625,True,100.0,400.0,4,256,False,False,-1.3212967050815196,0.2647379272151096
Sweden,log_beta_process_2022,tempered_smc_rank_and_particle_quality,1.0153321525277108,1.015381161705489,64.0,64.0,64,8,1.0,64.0,64.0,1.0,1.0,0.015625,0.015625,64,64.0,1.0,0.015625,1,1.0,1.0,1.0,0.0,0.0,2.0,1.0,1.0,0.072265625,True,100.0,400.0,4,256,False,False,-0.12511522499568437,0.033555471051518564
Sweden,log_beta_process_2023,tempered_smc_rank_and_particle_quality,1.053465895633239,1.0139438984117113,64.0,64.0,64,8,1.0,64.0,64.0,1.0,1.0,0.015625,0.015625,64,64.0,1.0,0.015625,1,1.0,1.0,1.0,0.0,0.0,2.0,1.0,1.0,0.072265625,True,100.0,400.0,4,256,False,False,-0.03565913617631658,0.07046356461149945
Sweden,log_beta_process_2024,tempered_smc_rank_and_particle_quality,1.0642087939970437,1.0305601687818842,24.20668956161898,64.0,64,8,1.0,64.0,64.0,1.0,1.0,0.015625,0.015625,64,64.0,1.0,0.015625,1,1.0,1.0,1.0,0.0,0.0,2.0,1.0,1.0,0.072265625,True,100.0,400.0,4,256,False,False,0.11275710197922975,0.0659452828805776
Sweden,log_beta_process_2025,tempered_smc_rank_and_particle_quality,0.9967004532115129,1.001061084119371,64.0,64.0,64,8,1.0,64.0,64.0,1.0,1.0,0.015625,0.015625,64,64.0,1.0,0.015625,1,1.0,1.0,1.0,0.0,0.0,2.0,1.0,1.0,0.072265625,True,100.0,400.0,4,256,False,False,-0.3523355711202022,0.1318446973417558
Sweden,log_beta_process_2026,tempered_smc_rank_and_particle_quality,1.0345998650296406,1.017135089285166,64.0,64.0,64,8,1.0,64.0,64.0,1.0,1.0,0.015625,0.015625,64,64.0,1.0,0.015625,1,1.0,1.0,1.0,0.0,0.0,2.0,1.0,1.0,0.072265625,True,100.0,400.0,4,256,False,False,-0.7203119023485222,0.3507763685965253
Sweden,log_beta_process_2027,tempered_smc_rank_and_particle_quality,0.9883020679175466,0.9883993608063747,64.0,64.0,64,8,1.0,64.0,64.0,1.0,1.0,0.015625,0.015625,64,64.0,1.0,0.015625,1,1.0,1.0,1.0,0.0,0.0,2.0,1.0,1.0,0.072265625,True,100.0,400.0,4,256,False,False,-0.3225663818023248,0.5750441261792828
Sweden,log_beta_process_2028,tempered_smc_rank_and_particle_quality,1.0096715024235448,1.0096939205466446,64.0,64.0,64,8,1.0,64.0,64.0,1.0,1.0,0.015625,0.015625,64,64.0,1.0,0.015625,1,1.0,1.0,1.0,0.0,0.0,2.0,1.0,1.0,0.072265625,True,100.0,400.0,4,256,False,False,-0.13293188087767188,0.671644936109763
Sweden,log_beta_process_2029,tempered_smc_rank_and_particle_quality,0.9883194602412926,0.9884068146326006,64.0,64.0,64,8,1.0,64.0,64.0,1.0,1.0,0.015625,0.015625,64,64.0,1.0,0.015625,1,1.0,1.0,1.0,0.0,0.0,2.0,1.0,1.0,0.072265625,True,100.0,400.0,4,256,False,False,0.008736612680490146,0.6663188763348272
Sweden,log_beta_process_2030,tempered_smc_rank_and_particle_quality,0.9921067379725176,0.992845457073786,64.0,64.0,64,8,1.0,64.0,64.0,1.0,1.0,0.015625,0.015625,64,64.0,1.0,0.015625,1,1.0,1.0,1.0,0.0,0.0,2.0,1.0,1.0,0.072265625,True,100.0,400.0,4,256,False,False,-0.037405838505591336,0.6690938506167229
Sweden,log_beta_process_2031,tempered_smc_rank_and_particle_quality,1.0048192801472522,1.003629731430543,64.0,64.0,64,8,1.0,64.0,64.0,1.0,1.0,0.015625,0.015625,64,64.0,1.0,0.015625,1,1.0,1.0,1.0,0.0,0.0,2.0,1.0,1.0,0.072265625,True,100.0,400.0,4,256,False,False,0.00719316446599743,0.7068919127770813
Sweden,log_beta_process_2032,tempered_smc_rank_and_particle_quality,1.009571843548101,1.0098557927073142,64.0,64.0,64,8,1.0,64.0,64.0,1.0,1.0,0.015625,0.015625,64,64.0,1.0,0.015625,1,1.0,1.0,1.0,0.0,0.0,2.0,1.0,1.0,0.072265625,True,100.0,400.0,4,256,False,False,0.063917838067058,0.7222696716176809
Sweden,log_beta_process_2033,tempered_smc_rank_and_particle_quality,0.9985500126899874,1.0002387173323068,64.0,64.0,64,8,1.0,64.0,64.0,1.0,1.0,0.015625,0.015625,64,64.0,1.0,0.015625,1,1.0,1.0,1.0,0.0,0.0,2.0,1.0,1.0,0.072265625,True,100.0,400.0,4,256,False,False,-0.013869733121642015,0.673900405145394
Sweden,log_beta_process_2034,tempered_smc_rank_and_particle_quality,0.9936375690358167,0.9935578668364855,64.0,64.0,64,8,1.0,64.0,64.0,1.0,1.0,0.015625,0.015625,64,64.0,1.0,0.015625,1,1.0,1.0,1.0,0.0,0.0,2.0,1.0,1.0,0.072265625,True,100.0,400.0,4,256,False,False,0.03180078942634276,0.6745139445919518
Sweden,log_beta_process_2035,tempered_smc_rank_and_particle_quality,0.9913594088376269,0.9917246653882943,64.0,64.0,64,8,1.0,64.0,64.0,1.0,1.0,0.015625,0.015625,64,64.0,1.0,0.015625,1,1.0,1.0,1.0,0.0,0.0,2.0,1.0,1.0,0.072265625,True,100.0,400.0,4,256,False,False,-0.020649051541616534,0.691689921627918
Sweden,log_beta_process_2036,tempered_smc_rank_and_particle_quality,1.0161891868134023,1.0160491708220794,64.0,64.0,64,8,1.0,64.0,64.0,1.0,1.0,0.015625,0.015625,64,64.0,1.0,0.015625,1,1.0,1.0,1.0,0.0,0.0,2.0,1.0,1.0,0.072265625,True,100.0,400.0,4,256,False,False,0.0023239163032651826,0.6631734073488538
Sweden,log_beta_process_2037,tempered_smc_rank_and_particle_quality,1.0181127025241214,1.018691694078635,64.0,64.0,64,8,1.0,64.0,64.0,1.0,1.0,0.015625,0.015625,64,64.0,1.0,0.015625,1,1.0,1.0,1.0,0.0,0.0,2.0,1.0,1.0,0.072265625,True,100.0,400.0,4,256,False,False,0.00904924432723711,0.6792260155894395
Sweden,log_beta_process_2038,tempered_smc_rank_and_particle_quality,0.9974281146632203,0.9980670082443935,64.0,64.0,64,8,1.0,64.0,64.0,1.0,1.0,0.015625,0.015625,64,64.0,1.0,0.015625,1,1.0,1.0,1.0,0.0,0.0,2.0,1.0,1.0,0.072265625,True,100.0,400.0,4,256,False,False,-0.04842071659222333,0.65430081231277
Sweden,log_beta_process_2039,tempered_smc_rank_and_particle_quality,0.9990945968381928,0.998140417585262,64.0,64.0,64,8,1.0,64.0,64.0,1.0,1.0,0.015625,0.015625,64,64.0,1.0,0.015625,1,1.0,1.0,1.0,0.0,0.0,2.0,1.0,1.0,0.072265625,True,100.0,400.0,4,256,False,False,-0.13663843585870203,0.6934441189898081
Sweden,log_beta_process_2040,tempered_smc_rank_and_particle_quality,1.0160465952910656,1.0145972631382851,64.0,64.0,64,8,1.0,64.0,64.0,1.0,1.0,0.015625,0.015625,64,64.0,1.0,0.015625,1,1.0,1.0,1.0,0.0,0.0,2.0,1.0,1.0,0.072265625,True,100.0,400.0,4,256,False,False,-0.1037748601446797,0.6062089942436582
Sweden,log_beta_process_2041,tempered_smc_rank_and_particle_quality,0.9967923002788973,0.9947369156676444,64.0,64.0,64,8,1.0,64.0,64.0,1.0,1.0,0.015625,0.015625,64,64.0,1.0,0.015625,1,1.0,1.0,1.0,0.0,0.0,2.0,1.0,1.0,0.072265625,True,100.0,400.0,4,256,False,False,-0.09966879917488689,0.6719816679390366
Sweden,log_beta_process_2042,tempered_smc_rank_and_particle_quality,0.9917422947991644,0.9916020352585052,64.0,64.0,64,8,1.0,64.0,64.0,1.0,1.0,0.015625,0.015625,64,64.0,1.0,0.015625,1,1.0,1.0,1.0,0.0,0.0,2.0,1.0,1.0,0.072265625,True,100.0,400.0,4,256,False,False,-0.04668432756067077,0.7077981496398688
Sweden,log_beta_process_2043,tempered_smc_rank_and_particle_quality,0.9930384677950886,0.9929202729372334,64.0,64.0,64,8,1.0,64.0,64.0,1.0,1.0,0.015625,0.015625,64,64.0,1.0,0.015625,1,1.0,1.0,1.0,0.0,0.0,2.0,1.0,1.0,0.072265625,True,100.0,400.0,4,256,False,False,-0.07643453401857059,0.7089859201157669
Sweden,log_beta_process_2044,tempered_smc_rank_and_particle_quality,1.0102030534099955,1.0112380166198192,64.0,64.0,64,8,1.0,64.0,64.0,1.0,1.0,0.015625,0.015625,64,64.0,1.0,0.015625,1,1.0,1.0,1.0,0.0,0.0,2.0,1.0,1.0,0.072265625,True,100.0,400.0,4,256,False,False,0.0051519741631705605,0.7111513279397184
Sweden,log_beta_process_2045,tempered_smc_rank_and_particle_quality,0.9939987184883191,0.9943246688006814,64.0,64.0,64,8,1.0,64.0,64.0,1.0,1.0,0.015625,0.015625,64,64.0,1.0,0.015625,1,1.0,1.0,1.0,0.0,0.0,2.0,1.0,1.0,0.072265625,True,100.0,400.0,4,256,False,False,0.07217155802864712,0.6922055981306369
Sweden,log_beta_process_2046,tempered_smc_rank_and_particle_quality,1.0070965372329763,1.0073809125881046,64.0,64.0,64,8,1.0,64.0,64.0,1.0,1.0,0.015625,0.015625,64,64.0,1.0,0.015625,1,1.0,1.0,1.0,0.0,0.0,2.0,1.0,1.0,0.072265625,True,100.0,400.0,4,256,False,False,0.04992433426311068,0.7147593091200386
Sweden,log_beta_process_2047,tempered_smc_rank_and_particle_quality,1.0030934200425055,1.0045082907207774,64.0,64.0,64,8,1.0,64.0,64.0,1.0,1.0,0.015625,0.015625,64,64.0,1.0,0.015625,1,1.0,1.0,1.0,0.0,0.0,2.0,1.0,1.0,0.072265625,True,100.0,400.0,4,256,False,False,0.02817250676716636,0.755365277032901
Sweden,log_beta_process_2048,tempered_smc_rank_and_particle_quality,0.9952922977075819,0.9949634678006257,64.0,64.0,64,8,1.0,64.0,64.0,1.0,1.0,0.015625,0.015625,64,64.0,1.0,0.015625,1,1.0,1.0,1.0,0.0,0.0,2.0,1.0,1.0,0.072265625,True,100.0,400.0,4,256,False,False,0.04911274922894946,0.7066492545237425
Sweden,log_beta_process_2049,tempered_smc_rank_and_particle_quality,0.9927055012685458,0.9928883003192066,64.0,64.0,64,8,1.0,64.0,64.0,1.0,1.0,0.015625,0.015625,64,64.0,1.0,0.015625,1,1.0,1.0,1.0,0.0,0.0,2.0,1.0,1.0,0.072265625,True,100.0,400.0,4,256,False,False,0.07939439345207336,0.6700242018313156
Sweden,log_beta_process_2050,tempered_smc_rank_and_particle_quality,0.9951480560609919,0.9948568893124977,64.0,64.0,64,8,1.0,64.0,64.0,1.0,1.0,0.015625,0.015625,64,64.0,1.0,0.015625,1,1.0,1.0,1.0,0.0,0.0,2.0,1.0,1.0,0.072265625,True,100.0,400.0,4,256,False,False,-0.001240304496122978,0.7090319074014779
United_States,VE_sus,tempered_smc_rank_and_particle_quality,1.0084632786329608,1.0041279651223631,64.0,64.0,64,8,1.0,64.0,64.0,1.0,1.0,0.015625,0.015625,64,64.0,1.0,0.015625,1,1.0,1.0,1.0,0.0,0.0,2.0,1.0,1.0,0.072265625,True,100.0,400.0,4,256,False,False,0.0702219497913234,0.029619861770128212
United_States,VE_inf,tempered_smc_rank_and_particle_quality,1.0325099715923758,1.002005832933576,64.0,64.0,64,8,1.0,64.0,64.0,1.0,1.0,0.015625,0.015625,64,64.0,1.0,0.015625,1,1.0,1.0,1.0,0.0,0.0,2.0,1.0,1.0,0.072265625,True,100.0,400.0,4,256,False,False,0.2256208041982327,0.08356892509968443
United_States,VE_dur,tempered_smc_rank_and_particle_quality,1.0375540556521836,1.00917547859582,64.0,64.0,64,8,1.0,64.0,64.0,1.0,1.0,0.015625,0.015625,64,64.0,1.0,0.015625,1,1.0,1.0,1.0,0.0,0.0,2.0,1.0,1.0,0.072265625,True,100.0,400.0,4,256,False,False,0.0812054488674196,0.05541674231316246
United_States,relative_infectiousness_asymptomatic,tempered_smc_rank_and_particle_quality,1.0416231681447792,1.01483747888435,64.0,64.0,64,8,1.0,64.0,64.0,1.0,1.0,0.015625,0.015625,64,64.0,1.0,0.015625,1,1.0,1.0,1.0,0.0,0.0,2.0,1.0,1.0,0.072265625,True,100.0,400.0,4,256,False,False,0.6821405687994437,0.057603341264158184
United_States,infectious_duration_symptomatic,tempered_smc_rank_and_particle_quality,1.0068532641724501,1.0060951060294874,64.0,64.0,64,8,1.0,64.0,64.0,1.0,1.0,0.015625,0.015625,64,64.0,1.0,0.015625,1,1.0,1.0,1.0,0.0,0.0,2.0,1.0,1.0,0.072265625,True,100.0,400.0,4,256,False,False,27.034656115438253,2.355773910928803
United_States,infectious_duration_asymptomatic,tempered_smc_rank_and_particle_quality,1.0207077521380523,1.0071531341669495,64.0,64.0,64,8,1.0,64.0,64.0,1.0,1.0,0.015625,0.015625,64,64.0,1.0,0.015625,1,1.0,1.0,1.0,0.0,0.0,2.0,1.0,1.0,0.072265625,True,100.0,400.0,4,256,False,False,19.343014552755847,2.0874911569166112
United_States,fitness_R,tempered_smc_rank_and_particle_quality,1.0345887926133035,1.0043542755598442,64.0,64.0,64,8,1.0,64.0,64.0,1.0,1.0,0.015625,0.015625,64,64.0,1.0,0.015625,1,1.0,1.0,1.0,0.0,0.0,2.0,1.0,1.0,0.072265625,True,100.0,400.0,4,256,False,False,0.7213734507463029,0.047201754286691544
United_States,beta_S,tempered_smc_rank_and_particle_quality,1.0639030258329298,1.0277928351408678,64.0,64.0,64,8,1.0,64.0,64.0,1.0,1.0,0.015625,0.015625,64,64.0,1.0,0.015625,1,1.0,1.0,1.0,0.0,0.0,2.0,1.0,1.0,0.072265625,True,100.0,400.0,4,256,False,False,0.00984307188795002,0.0013781889801174878
United_States,reporting_multiplier,tempered_smc_rank_and_particle_quality,1.0510281443976501,0.9934295963565717,64.0,64.0,64,8,1.0,64.0,64.0,1.0,1.0,0.015625,0.015625,64,64.0,1.0,0.015625,1,1.0,1.0,1.0,0.0,0.0,2.0,1.0,1.0,0.072265625,True,100.0,400.0,4,256,False,False,0.8240091961371303,0.2473727837206096
United_States,log_beta_process_2021,tempered_smc_rank_and_particle_quality,1.0702927607961494,1.0273207038421586,60.9048472833919,64.0,64,8,1.0,64.0,64.0,1.0,1.0,0.015625,0.015625,64,64.0,1.0,0.015625,1,1.0,1.0,1.0,0.0,0.0,2.0,1.0,1.0,0.072265625,True,100.0,400.0,4,256,False,False,-0.2443148455584141,0.17840597137883166
United_States,log_beta_process_2022,tempered_smc_rank_and_particle_quality,1.0269193543692763,1.0147206455618705,64.0,64.0,64,8,1.0,64.0,64.0,1.0,1.0,0.015625,0.015625,64,64.0,1.0,0.015625,1,1.0,1.0,1.0,0.0,0.0,2.0,1.0,1.0,0.072265625,True,100.0,400.0,4,256,False,False,-0.2372517247127664,0.04899464368802287
United_States,log_beta_process_2023,tempered_smc_rank_and_particle_quality,1.0303670535553358,1.021717500700178,64.0,64.0,64,8,1.0,64.0,64.0,1.0,1.0,0.015625,0.015625,64,64.0,1.0,0.015625,1,1.0,1.0,1.0,0.0,0.0,2.0,1.0,1.0,0.072265625,True,100.0,400.0,4,256,False,False,-0.1721191593623141,0.040446709135002985
United_States,log_beta_process_2024,tempered_smc_rank_and_particle_quality,1.0397567695297714,1.0215606204920733,64.0,64.0,64,8,1.0,64.0,64.0,1.0,1.0,0.015625,0.015625,64,64.0,1.0,0.015625,1,1.0,1.0,1.0,0.0,0.0,2.0,1.0,1.0,0.072265625,True,100.0,400.0,4,256,False,False,-0.10799844700933846,0.0428206400165539
United_States,log_beta_process_2025,tempered_smc_rank_and_particle_quality,1.0425504734020463,1.0237659815864566,64.0,64.0,64,8,1.0,64.0,64.0,1.0,1.0,0.015625,0.015625,64,64.0,1.0,0.015625,1,1.0,1.0,1.0,0.0,0.0,2.0,1.0,1.0,0.072265625,True,100.0,400.0,4,256,False,False,-0.40678748267713827,0.04118424613378139
United_States,log_beta_process_2026,tempered_smc_rank_and_particle_quality,1.0478657677933911,1.026785185085528,48.076949417405906,64.0,64,8,1.0,64.0,64.0,1.0,1.0,0.015625,0.015625,64,64.0,1.0,0.015625,1,1.0,1.0,1.0,0.0,0.0,2.0,1.0,1.0,0.072265625,True,100.0,400.0,4,256,False,False,-0.3101567011540136,0.09665838676679275
United_States,log_beta_process_2027,tempered_smc_rank_and_particle_quality,0.9938106150341979,0.9940756490689865,64.0,64.0,64,8,1.0,64.0,64.0,1.0,1.0,0.015625,0.015625,64,64.0,1.0,0.015625,1,1.0,1.0,1.0,0.0,0.0,2.0,1.0,1.0,0.072265625,True,100.0,400.0,4,256,False,False,-0.11965270638940886,0.5794559772665716
United_States,log_beta_process_2028,tempered_smc_rank_and_particle_quality,1.007984655574643,1.007575297306682,64.0,64.0,64,8,1.0,64.0,64.0,1.0,1.0,0.015625,0.015625,64,64.0,1.0,0.015625,1,1.0,1.0,1.0,0.0,0.0,2.0,1.0,1.0,0.072265625,True,100.0,400.0,4,256,False,False,-0.011821628812775107,0.6749079370302133
United_States,log_beta_process_2029,tempered_smc_rank_and_particle_quality,0.9923198301550313,0.9914207672684906,64.0,64.0,64,8,1.0,64.0,64.0,1.0,1.0,0.015625,0.015625,64,64.0,1.0,0.015625,1,1.0,1.0,1.0,0.0,0.0,2.0,1.0,1.0,0.072265625,True,100.0,400.0,4,256,False,False,0.04588800739057833,0.6570344199472686
United_States,log_beta_process_2030,tempered_smc_rank_and_particle_quality,0.9878294554010929,0.9871812883032245,64.0,64.0,64,8,1.0,64.0,64.0,1.0,1.0,0.015625,0.015625,64,64.0,1.0,0.015625,1,1.0,1.0,1.0,0.0,0.0,2.0,1.0,1.0,0.072265625,True,100.0,400.0,4,256,False,False,0.01853482036726299,0.6675173600602179
United_States,log_beta_process_2031,tempered_smc_rank_and_particle_quality,0.9934507831051254,0.9933690629363421,64.0,64.0,64,8,1.0,64.0,64.0,1.0,1.0,0.015625,0.015625,64,64.0,1.0,0.015625,1,1.0,1.0,1.0,0.0,0.0,2.0,1.0,1.0,0.072265625,True,100.0,400.0,4,256,False,False,0.05410932497044427,0.6865234512175443
United_States,log_beta_process_2032,tempered_smc_rank_and_particle_quality,0.9878741810225641,0.9875724091387007,64.0,64.0,64,8,1.0,64.0,64.0,1.0,1.0,0.015625,0.015625,64,64.0,1.0,0.015625,1,1.0,1.0,1.0,0.0,0.0,2.0,1.0,1.0,0.072265625,True,100.0,400.0,4,256,False,False,0.04703739779215088,0.6886518109959298
United_States,log_beta_process_2033,tempered_smc_rank_and_particle_quality,0.9914196297474399,0.9910059693397677,64.0,43.76388844587907,64,8,1.0,64.0,64.0,1.0,1.0,0.015625,0.015625,64,64.0,1.0,0.015625,1,1.0,1.0,1.0,0.0,0.0,2.0,1.0,1.0,0.072265625,True,100.0,400.0,4,256,False,False,-0.05059269124033325,0.6527376664176336
United_States,log_beta_process_2034,tempered_smc_rank_and_particle_quality,0.9944574470454906,0.9940391466496107,64.0,64.0,64,8,1.0,64.0,64.0,1.0,1.0,0.015625,0.015625,64,64.0,1.0,0.015625,1,1.0,1.0,1.0,0.0,0.0,2.0,1.0,1.0,0.072265625,True,100.0,400.0,4,256,False,False,-0.01459908088987279,0.6829626854067812
United_States,log_beta_process_2035,tempered_smc_rank_and_particle_quality,0.9980574017535158,0.9974285562310847,64.0,64.0,64,8,1.0,64.0,64.0,1.0,1.0,0.015625,0.015625,64,64.0,1.0,0.015625,1,1.0,1.0,1.0,0.0,0.0,2.0,1.0,1.0,0.072265625,True,100.0,400.0,4,256,False,False,-0.05453562574029866,0.6657719911263702
United_States,log_beta_process_2036,tempered_smc_rank_and_particle_quality,1.0294170647417384,1.0280403262388516,64.0,64.0,64,8,1.0,64.0,64.0,1.0,1.0,0.015625,0.015625,64,64.0,1.0,0.015625,1,1.0,1.0,1.0,0.0,0.0,2.0,1.0,1.0,0.072265625,True,100.0,400.0,4,256,False,False,-0.005384141713542262,0.6994437661943964
United_States,log_beta_process_2037,tempered_smc_rank_and_particle_quality,1.0188342228988423,1.017717717715222,64.0,64.0,64,8,1.0,64.0,64.0,1.0,1.0,0.015625,0.015625,64,64.0,1.0,0.015625,1,1.0,1.0,1.0,0.0,0.0,2.0,1.0,1.0,0.072265625,True,100.0,400.0,4,256,False,False,-0.02050822736719486,0.7131039201860737
United_States,log_beta_process_2038,tempered_smc_rank_and_particle_quality,0.9956020901302758,0.9948586810902119,64.0,64.0,64,8,1.0,64.0,64.0,1.0,1.0,0.015625,0.015625,64,64.0,1.0,0.015625,1,1.0,1.0,1.0,0.0,0.0,2.0,1.0,1.0,0.072265625,True,100.0,400.0,4,256,False,False,-0.036716728745172865,0.6843042092579074
United_States,log_beta_process_2039,tempered_smc_rank_and_particle_quality,0.9898488737490393,0.9907766510791546,64.0,64.0,64,8,1.0,64.0,64.0,1.0,1.0,0.015625,0.015625,64,64.0,1.0,0.015625,1,1.0,1.0,1.0,0.0,0.0,2.0,1.0,1.0,0.072265625,True,100.0,400.0,4,256,False,False,-0.058005381202629706,0.7196372058934062
United_States,log_beta_process_2040,tempered_smc_rank_and_particle_quality,1.0100401324698975,1.0108153215162576,64.0,55.032127495913016,64,8,1.0,64.0,64.0,1.0,1.0,0.015625,0.015625,64,64.0,1.0,0.015625,1,1.0,1.0,1.0,0.0,0.0,2.0,1.0,1.0,0.072265625,True,100.0,400.0,4,256,False,False,-0.013410687741652178,0.6558003912170755
United_States,log_beta_process_2041,tempered_smc_rank_and_particle_quality,0.9959804852779505,0.9963176040529123,64.0,64.0,64,8,1.0,64.0,64.0,1.0,1.0,0.015625,0.015625,64,64.0,1.0,0.015625,1,1.0,1.0,1.0,0.0,0.0,2.0,1.0,1.0,0.072265625,True,100.0,400.0,4,256,False,False,-0.05963968236016909,0.7099918795098297
United_States,log_beta_process_2042,tempered_smc_rank_and_particle_quality,0.9965323335511488,0.9955287003744893,64.0,64.0,64,8,1.0,64.0,64.0,1.0,1.0,0.015625,0.015625,64,64.0,1.0,0.015625,1,1.0,1.0,1.0,0.0,0.0,2.0,1.0,1.0,0.072265625,True,100.0,400.0,4,256,False,False,-0.019469685009943283,0.7202829333344902
United_States,log_beta_process_2043,tempered_smc_rank_and_particle_quality,1.0296853228510323,1.0290268436386028,54.15013893983394,64.0,64,8,1.0,64.0,64.0,1.0,1.0,0.015625,0.015625,64,64.0,1.0,0.015625,1,1.0,1.0,1.0,0.0,0.0,2.0,1.0,1.0,0.072265625,True,100.0,400.0,4,256,False,False,-0.009171509767217291,0.746771096431941
United_States,log_beta_process_2044,tempered_smc_rank_and_particle_quality,1.0190525553893048,1.018287584823308,64.0,64.0,64,8,1.0,64.0,64.0,1.0,1.0,0.015625,0.015625,64,64.0,1.0,0.015625,1,1.0,1.0,1.0,0.0,0.0,2.0,1.0,1.0,0.072265625,True,100.0,400.0,4,256,False,False,-0.014415837881158099,0.7519783145458779
United_States,log_beta_process_2045,tempered_smc_rank_and_particle_quality,1.00633069395051,1.0069507277083063,64.0,64.0,64,8,1.0,64.0,64.0,1.0,1.0,0.015625,0.015625,64,64.0,1.0,0.015625,1,1.0,1.0,1.0,0.0,0.0,2.0,1.0,1.0,0.072265625,True,100.0,400.0,4,256,False,False,0.09382049698151151,0.7153664932156983
United_States,log_beta_process_2046,tempered_smc_rank_and_particle_quality,0.9964446233836675,0.9958093190206987,64.0,64.0,64,8,1.0,64.0,64.0,1.0,1.0,0.015625,0.015625,64,64.0,1.0,0.015625,1,1.0,1.0,1.0,0.0,0.0,2.0,1.0,1.0,0.072265625,True,100.0,400.0,4,256,False,False,0.04438722281862239,0.7091631814848459
United_States,log_beta_process_2047,tempered_smc_rank_and_particle_quality,1.015562437217428,1.0169204523466828,64.0,64.0,64,8,1.0,64.0,64.0,1.0,1.0,0.015625,0.015625,64,64.0,1.0,0.015625,1,1.0,1.0,1.0,0.0,0.0,2.0,1.0,1.0,0.072265625,True,100.0,400.0,4,256,False,False,0.02568316875805516,0.7143169392776617
United_States,log_beta_process_2048,tempered_smc_rank_and_particle_quality,1.0010282638247316,1.001555005553104,64.0,64.0,64,8,1.0,64.0,64.0,1.0,1.0,0.015625,0.015625,64,64.0,1.0,0.015625,1,1.0,1.0,1.0,0.0,0.0,2.0,1.0,1.0,0.072265625,True,100.0,400.0,4,256,False,False,0.021950681563299185,0.7034516968667558
United_States,log_beta_process_2049,tempered_smc_rank_and_particle_quality,0.9955022449255362,0.9957042410318137,64.0,64.0,64,8,1.0,64.0,64.0,1.0,1.0,0.015625,0.015625,64,64.0,1.0,0.015625,1,1.0,1.0,1.0,0.0,0.0,2.0,1.0,1.0,0.072265625,True,100.0,400.0,4,256,False,False,0.04195900900191753,0.6679985380873363
United_States,log_beta_process_2050,tempered_smc_rank_and_particle_quality,0.9946103379902776,0.9939621472272903,64.0,64.0,64,8,1.0,64.0,64.0,1.0,1.0,0.015625,0.015625,64,64.0,1.0,0.015625,1,1.0,1.0,1.0,0.0,0.0,2.0,1.0,1.0,0.072265625,True,100.0,400.0,4,256,False,False,-0.0005317846951357896,0.6844846123370307
Brazil,VE_sus,tempered_smc_rank_and_particle_quality,1.0084632786329608,1.0041279651223631,64.0,64.0,64,8,1.0,64.0,64.0,1.0,1.0,0.015625,0.015625,64,64.0,1.0,0.015625,1,1.0,1.0,1.0,0.0,0.0,2.0,1.0,1.0,0.072265625,True,100.0,400.0,4,256,False,False,0.0702219497913234,0.029619861770128212
Brazil,VE_inf,tempered_smc_rank_and_particle_quality,1.0325099715923758,1.002005832933576,64.0,64.0,64,8,1.0,64.0,64.0,1.0,1.0,0.015625,0.015625,64,64.0,1.0,0.015625,1,1.0,1.0,1.0,0.0,0.0,2.0,1.0,1.0,0.072265625,True,100.0,400.0,4,256,False,False,0.2256208041982327,0.08356892509968443
Brazil,VE_dur,tempered_smc_rank_and_particle_quality,1.0375540556521836,1.00917547859582,64.0,64.0,64,8,1.0,64.0,64.0,1.0,1.0,0.015625,0.015625,64,64.0,1.0,0.015625,1,1.0,1.0,1.0,0.0,0.0,2.0,1.0,1.0,0.072265625,True,100.0,400.0,4,256,False,False,0.0812054488674196,0.05541674231316246
Brazil,relative_infectiousness_asymptomatic,tempered_smc_rank_and_particle_quality,1.0416231681447792,1.01483747888435,64.0,64.0,64,8,1.0,64.0,64.0,1.0,1.0,0.015625,0.015625,64,64.0,1.0,0.015625,1,1.0,1.0,1.0,0.0,0.0,2.0,1.0,1.0,0.072265625,True,100.0,400.0,4,256,False,False,0.6821405687994437,0.057603341264158184
Brazil,infectious_duration_symptomatic,tempered_smc_rank_and_particle_quality,1.0068532641724501,1.0060951060294874,64.0,64.0,64,8,1.0,64.0,64.0,1.0,1.0,0.015625,0.015625,64,64.0,1.0,0.015625,1,1.0,1.0,1.0,0.0,0.0,2.0,1.0,1.0,0.072265625,True,100.0,400.0,4,256,False,False,27.034656115438253,2.355773910928803
Brazil,infectious_duration_asymptomatic,tempered_smc_rank_and_particle_quality,1.0207077521380523,1.0071531341669495,64.0,64.0,64,8,1.0,64.0,64.0,1.0,1.0,0.015625,0.015625,64,64.0,1.0,0.015625,1,1.0,1.0,1.0,0.0,0.0,2.0,1.0,1.0,0.072265625,True,100.0,400.0,4,256,False,False,19.343014552755847,2.0874911569166112
Brazil,fitness_R,tempered_smc_rank_and_particle_quality,1.0345887926133035,1.0043542755598442,64.0,64.0,64,8,1.0,64.0,64.0,1.0,1.0,0.015625,0.015625,64,64.0,1.0,0.015625,1,1.0,1.0,1.0,0.0,0.0,2.0,1.0,1.0,0.072265625,True,100.0,400.0,4,256,False,False,0.7213734507463029,0.047201754286691544
Brazil,beta_S,tempered_smc_rank_and_particle_quality,0.9970304315474999,1.0019369116910937,64.0,64.0,64,8,1.0,64.0,64.0,1.0,1.0,0.015625,0.015625,64,64.0,1.0,0.015625,1,1.0,1.0,1.0,0.0,0.0,2.0,1.0,1.0,0.072265625,True,100.0,400.0,4,256,False,False,0.003599472006849817,0.0003871701781874534
Brazil,reporting_multiplier,tempered_smc_rank_and_particle_quality,1.0538844179893307,1.0479829739960977,64.0,64.0,64,8,1.0,64.0,64.0,1.0,1.0,0.015625,0.015625,64,64.0,1.0,0.015625,1,1.0,1.0,1.0,0.0,0.0,2.0,1.0,1.0,0.072265625,True,100.0,400.0,4,256,False,False,0.7938625244940827,0.16496473589549723
Brazil,log_beta_process_2021,tempered_smc_rank_and_particle_quality,1.0256222182692247,0.9945557953893327,64.0,59.162621582983626,64,8,1.0,64.0,64.0,1.0,1.0,0.015625,0.015625,64,64.0,1.0,0.015625,1,1.0,1.0,1.0,0.0,0.0,2.0,1.0,1.0,0.072265625,True,100.0,400.0,4,256,False,False,0.684680088841686,0.19917229258077057
Brazil,log_beta_process_2022,tempered_smc_rank_and_particle_quality,1.0102792556553772,1.0017031761427433,64.0,64.0,64,8,1.0,64.0,64.0,1.0,1.0,0.015625,0.015625,64,64.0,1.0,0.015625,1,1.0,1.0,1.0,0.0,0.0,2.0,1.0,1.0,0.072265625,True,100.0,400.0,4,256,False,False,0.2728129652421942,0.06943804319076635
Brazil,log_beta_process_2023,tempered_smc_rank_and_particle_quality,1.0389929076985838,1.0144799753844354,64.0,64.0,64,8,1.0,64.0,64.0,1.0,1.0,0.015625,0.015625,64,64.0,1.0,0.015625,1,1.0,1.0,1.0,0.0,0.0,2.0,1.0,1.0,0.072265625,True,100.0,400.0,4,256,False,False,0.08090690602428052,0.09041748749164605
Brazil,log_beta_process_2024,tempered_smc_rank_and_particle_quality,1.018359452284624,0.9955109419065298,64.0,64.0,64,8,1.0,64.0,64.0,1.0,1.0,0.015625,0.015625,64,64.0,1.0,0.015625,1,1.0,1.0,1.0,0.0,0.0,2.0,1.0,1.0,0.072265625,True,100.0,400.0,4,256,False,False,0.7363367125145595,0.0969590729746804
Brazil,log_beta_process_2025,tempered_smc_rank_and_particle_quality,1.0202912059761986,1.0017245228674423,64.0,64.0,64,8,1.0,64.0,64.0,1.0,1.0,0.015625,0.015625,64,64.0,1.0,0.015625,1,1.0,1.0,1.0,0.0,0.0,2.0,1.0,1.0,0.072265625,True,100.0,400.0,4,256,False,False,-0.22384376924932428,0.11508347357605468
Brazil,log_beta_process_2026,tempered_smc_rank_and_particle_quality,1.0017775686088939,1.001957160652853,64.0,64.0,64,8,1.0,64.0,64.0,1.0,1.0,0.015625,0.015625,64,64.0,1.0,0.015625,1,1.0,1.0,1.0,0.0,0.0,2.0,1.0,1.0,0.072265625,True,100.0,400.0,4,256,False,False,0.49266454589248115,0.04708799593166571
Brazil,log_beta_process_2027,tempered_smc_rank_and_particle_quality,0.9927038920693468,0.9932727789775443,64.0,64.0,64,8,1.0,64.0,64.0,1.0,1.0,0.015625,0.015625,64,64.0,1.0,0.015625,1,1.0,1.0,1.0,0.0,0.0,2.0,1.0,1.0,0.072265625,True,100.0,400.0,4,256,False,False,0.24312641120078898,0.5721839850935548
Brazil,log_beta_process_2028,tempered_smc_rank_and_particle_quality,0.9887224051520638,0.9889500643734218,64.0,64.0,64,8,1.0,64.0,64.0,1.0,1.0,0.015625,0.015625,64,64.0,1.0,0.015625,1,1.0,1.0,1.0,0.0,0.0,2.0,1.0,1.0,0.072265625,True,100.0,400.0,4,256,False,False,0.13974823183110102,0.6751446055420343
Brazil,log_beta_process_2029,tempered_smc_rank_and_particle_quality,0.998538862265638,0.9980351655544211,64.0,64.0,64,8,1.0,64.0,64.0,1.0,1.0,0.015625,0.015625,64,64.0,1.0,0.015625,1,1.0,1.0,1.0,0.0,0.0,2.0,1.0,1.0,0.072265625,True,100.0,400.0,4,256,False,False,0.11447870645873603,0.6614950567760489
Brazil,log_beta_process_2030,tempered_smc_rank_and_particle_quality,1.011342114830381,1.012747670749459,64.0,64.0,64,8,1.0,64.0,64.0,1.0,1.0,0.015625,0.015625,64,64.0,1.0,0.015625,1,1.0,1.0,1.0,0.0,0.0,2.0,1.0,1.0,0.072265625,True,100.0,400.0,4,256,False,False,0.0644976072738927,0.6765560482271692
Brazil,log_beta_process_2031,tempered_smc_rank_and_particle_quality,1.011293545127957,1.012171561859668,64.0,64.0,64,8,1.0,64.0,64.0,1.0,1.0,0.015625,0.015625,64,64.0,1.0,0.015625,1,1.0,1.0,1.0,0.0,0.0,2.0,1.0,1.0,0.072265625,True,100.0,400.0,4,256,False,False,0.08631868004946192,0.6903447765434022
Brazil,log_beta_process_2032,tempered_smc_rank_and_particle_quality,0.9901563696736981,0.9909700476751097,64.0,64.0,64,8,1.0,64.0,64.0,1.0,1.0,0.015625,0.015625,64,64.0,1.0,0.015625,1,1.0,1.0,1.0,0.0,0.0,2.0,1.0,1.0,0.072265625,True,100.0,400.0,4,256,False,False,0.0941413676414086,0.694393305468481
Brazil,log_beta_process_2033,tempered_smc_rank_and_particle_quality,1.0087760502701604,1.0072467815099955,64.0,64.0,64,8,1.0,64.0,64.0,1.0,1.0,0.015625,0.015625,64,64.0,1.0,0.015625,1,1.0,1.0,1.0,0.0,0.0,2.0,1.0,1.0,0.072265625,True,100.0,400.0,4,256,False,False,-0.023110564651837535,0.6561414668460441
Brazil,log_beta_process_2034,tempered_smc_rank_and_particle_quality,0.9907920509415179,0.9914245081651535,64.0,64.0,64,8,1.0,64.0,64.0,1.0,1.0,0.015625,0.015625,64,64.0,1.0,0.015625,1,1.0,1.0,1.0,0.0,0.0,2.0,1.0,1.0,0.072265625,True,100.0,400.0,4,256,False,False,0.004753176275071799,0.6641520513681676
Brazil,log_beta_process_2035,tempered_smc_rank_and_particle_quality,1.0011317329339577,0.999659126392459,64.0,64.0,64,8,1.0,64.0,64.0,1.0,1.0,0.015625,0.015625,64,64.0,1.0,0.015625,1,1.0,1.0,1.0,0.0,0.0,2.0,1.0,1.0,0.072265625,True,100.0,400.0,4,256,False,False,-0.014272149889358036,0.6629033225346364
Brazil,log_beta_process_2036,tempered_smc_rank_and_particle_quality,1.0143084535234057,1.0134922114847895,64.0,64.0,64,8,1.0,64.0,64.0,1.0,1.0,0.015625,0.015625,64,64.0,1.0,0.015625,1,1.0,1.0,1.0,0.0,0.0,2.0,1.0,1.0,0.072265625,True,100.0,400.0,4,256,False,False,0.022282553204384027,0.7392652442037279
Brazil,log_beta_process_2037,tempered_smc_rank_and_particle_quality,1.0286110482212263,1.0275239517559671,64.0,64.0,64,8,1.0,64.0,64.0,1.0,1.0,0.015625,0.015625,64,64.0,1.0,0.015625,1,1.0,1.0,1.0,0.0,0.0,2.0,1.0,1.0,0.072265625,True,100.0,400.0,4,256,False,False,-0.021195743124546692,0.6951220671752713
Brazil,log_beta_process_2038,tempered_smc_rank_and_particle_quality,1.0027557507523226,1.002190180001523,64.0,64.0,64,8,1.0,64.0,64.0,1.0,1.0,0.015625,0.015625,64,64.0,1.0,0.015625,1,1.0,1.0,1.0,0.0,0.0,2.0,1.0,1.0,0.072265625,True,100.0,400.0,4,256,False,False,-0.03201575860341719,0.6934313716594439
Brazil,log_beta_process_2039,tempered_smc_rank_and_particle_quality,1.0031105912360376,1.002942652861386,64.0,64.0,64,8,1.0,64.0,64.0,1.0,1.0,0.015625,0.015625,64,64.0,1.0,0.015625,1,1.0,1.0,1.0,0.0,0.0,2.0,1.0,1.0,0.072265625,True,100.0,400.0,4,256,False,False,-0.009828201234140882,0.7151353026884351
Brazil,log_beta_process_2040,tempered_smc_rank_and_particle_quality,1.0077432210276853,1.0090041925489064,64.0,64.0,64,8,1.0,64.0,64.0,1.0,1.0,0.015625,0.015625,64,64.0,1.0,0.015625,1,1.0,1.0,1.0,0.0,0.0,2.0,1.0,1.0,0.072265625,True,100.0,400.0,4,256,False,False,0.022206611064059942,0.6730759885772586
Brazil,log_beta_process_2041,tempered_smc_rank_and_particle_quality,0.9932602581445095,0.9934705620365529,64.0,64.0,64,8,1.0,64.0,64.0,1.0,1.0,0.015625,0.015625,64,64.0,1.0,0.015625,1,1.0,1.0,1.0,0.0,0.0,2.0,1.0,1.0,0.072265625,True,100.0,400.0,4,256,False,False,-0.0495262109526884,0.7351604001404907
Brazil,log_beta_process_2042,tempered_smc_rank_and_particle_quality,0.9964207902337592,0.9972018722381724,64.0,64.0,64,8,1.0,64.0,64.0,1.0,1.0,0.015625,0.015625,64,64.0,1.0,0.015625,1,1.0,1.0,1.0,0.0,0.0,2.0,1.0,1.0,0.072265625,True,100.0,400.0,4,256,False,False,-0.035868995019642996,0.7043835677621922
Brazil,log_beta_process_2043,tempered_smc_rank_and_particle_quality,1.008306494483183,1.0090212043962767,64.0,64.0,64,8,1.0,64.0,64.0,1.0,1.0,0.015625,0.015625,64,64.0,1.0,0.015625,1,1.0,1.0,1.0,0.0,0.0,2.0,1.0,1.0,0.072265625,True,100.0,400.0,4,256,False,False,0.005777924846864291,0.7282216382415843
Brazil,log_beta_process_2044,tempered_smc_rank_and_particle_quality,1.0102254069214935,1.0119414380941596,64.0,64.0,64,8,1.0,64.0,64.0,1.0,1.0,0.015625,0.015625,64,64.0,1.0,0.015625,1,1.0,1.0,1.0,0.0,0.0,2.0,1.0,1.0,0.072265625,True,100.0,400.0,4,256,False,False,0.031101078110372292,0.716628106698363
Brazil,log_beta_process_2045,tempered_smc_rank_and_particle_quality,0.9927457523744294,0.9934585607216515,64.0,64.0,64,8,1.0,64.0,64.0,1.0,1.0,0.015625,0.015625,64,64.0,1.0,0.015625,1,1.0,1.0,1.0,0.0,0.0,2.0,1.0,1.0,0.072265625,True,100.0,400.0,4,256,False,False,0.12369614228428613,0.7234930791275263
Brazil,log_beta_process_2046,tempered_smc_rank_and_particle_quality,0.9941481743206485,0.9938225452476686,64.0,64.0,64,8,1.0,64.0,64.0,1.0,1.0,0.015625,0.015625,64,64.0,1.0,0.015625,1,1.0,1.0,1.0,0.0,0.0,2.0,1.0,1.0,0.072265625,True,100.0,400.0,4,256,False,False,0.013069443878961057,0.7135442020719156
Brazil,log_beta_process_2047,tempered_smc_rank_and_particle_quality,0.9994125684121913,1.000634863001214,64.0,64.0,64,8,1.0,64.0,64.0,1.0,1.0,0.015625,0.015625,64,64.0,1.0,0.015625,1,1.0,1.0,1.0,0.0,0.0,2.0,1.0,1.0,0.072265625,True,100.0,400.0,4,256,False,False,-0.019453248169583506,0.7370078821884373
Brazil,log_beta_process_2048,tempered_smc_rank_and_particle_quality,1.0087031072905017,1.0082122962935984,64.0,64.0,64,8,1.0,64.0,64.0,1.0,1.0,0.015625,0.015625,64,64.0,1.0,0.015625,1,1.0,1.0,1.0,0.0,0.0,2.0,1.0,1.0,0.072265625,True,100.0,400.0,4,256,False,False,0.012102510533552907,0.6810171530450989
Brazil,log_beta_process_2049,tempered_smc_rank_and_particle_quality,0.9912631195039903,0.9910947771174273,64.0,64.0,64,8,1.0,64.0,64.0,1.0,1.0,0.015625,0.015625,64,64.0,1.0,0.015625,1,1.0,1.0,1.0,0.0,0.0,2.0,1.0,1.0,0.072265625,True,100.0,400.0,4,256,False,False,0.005545996341525108,0.6713316113961445
Brazil,log_beta_process_2050,tempered_smc_rank_and_particle_quality,1.0060983553196081,1.0060145831782432,64.0,64.0,64,8,1.0,64.0,64.0,1.0,1.0,0.015625,0.015625,64,64.0,1.0,0.015625,1,1.0,1.0,1.0,0.0,0.0,2.0,1.0,1.0,0.072265625,True,100.0,400.0,4,256,False,False,-0.010524257817568671,0.6955666272817042
Thailand,VE_sus,tempered_smc_rank_and_particle_quality,1.0084632786329608,1.0041279651223631,64.0,64.0,64,8,1.0,64.0,64.0,1.0,1.0,0.015625,0.015625,64,64.0,1.0,0.015625,1,1.0,1.0,1.0,0.0,0.0,2.0,1.0,1.0,0.072265625,True,100.0,400.0,4,256,False,False,0.0702219497913234,0.029619861770128212
Thailand,VE_inf,tempered_smc_rank_and_particle_quality,1.0325099715923758,1.002005832933576,64.0,64.0,64,8,1.0,64.0,64.0,1.0,1.0,0.015625,0.015625,64,64.0,1.0,0.015625,1,1.0,1.0,1.0,0.0,0.0,2.0,1.0,1.0,0.072265625,True,100.0,400.0,4,256,False,False,0.2256208041982327,0.08356892509968443
Thailand,VE_dur,tempered_smc_rank_and_particle_quality,1.0375540556521836,1.00917547859582,64.0,64.0,64,8,1.0,64.0,64.0,1.0,1.0,0.015625,0.015625,64,64.0,1.0,0.015625,1,1.0,1.0,1.0,0.0,0.0,2.0,1.0,1.0,0.072265625,True,100.0,400.0,4,256,False,False,0.0812054488674196,0.05541674231316246
Thailand,relative_infectiousness_asymptomatic,tempered_smc_rank_and_particle_quality,1.0416231681447792,1.01483747888435,64.0,64.0,64,8,1.0,64.0,64.0,1.0,1.0,0.015625,0.015625,64,64.0,1.0,0.015625,1,1.0,1.0,1.0,0.0,0.0,2.0,1.0,1.0,0.072265625,True,100.0,400.0,4,256,False,False,0.6821405687994437,0.057603341264158184
Thailand,infectious_duration_symptomatic,tempered_smc_rank_and_particle_quality,1.0068532641724501,1.0060951060294874,64.0,64.0,64,8,1.0,64.0,64.0,1.0,1.0,0.015625,0.015625,64,64.0,1.0,0.015625,1,1.0,1.0,1.0,0.0,0.0,2.0,1.0,1.0,0.072265625,True,100.0,400.0,4,256,False,False,27.034656115438253,2.355773910928803
Thailand,infectious_duration_asymptomatic,tempered_smc_rank_and_particle_quality,1.0207077521380523,1.0071531341669495,64.0,64.0,64,8,1.0,64.0,64.0,1.0,1.0,0.015625,0.015625,64,64.0,1.0,0.015625,1,1.0,1.0,1.0,0.0,0.0,2.0,1.0,1.0,0.072265625,True,100.0,400.0,4,256,False,False,19.343014552755847,2.0874911569166112
Thailand,fitness_R,tempered_smc_rank_and_particle_quality,1.0345887926133035,1.0043542755598442,64.0,64.0,64,8,1.0,64.0,64.0,1.0,1.0,0.015625,0.015625,64,64.0,1.0,0.015625,1,1.0,1.0,1.0,0.0,0.0,2.0,1.0,1.0,0.072265625,True,100.0,400.0,4,256,False,False,0.7213734507463029,0.047201754286691544
Thailand,beta_S,tempered_smc_rank_and_particle_quality,0.9997831375419706,1.0010884930203172,64.0,64.0,64,8,1.0,64.0,64.0,1.0,1.0,0.015625,0.015625,64,64.0,1.0,0.015625,1,1.0,1.0,1.0,0.0,0.0,2.0,1.0,1.0,0.072265625,True,100.0,400.0,4,256,False,False,0.00475508127551686,0.0005068238403623499
Thailand,reporting_multiplier,tempered_smc_rank_and_particle_quality,1.002953814895345,0.9970999623281018,64.0,64.0,64,8,1.0,64.0,64.0,1.0,1.0,0.015625,0.015625,64,64.0,1.0,0.015625,1,1.0,1.0,1.0,0.0,0.0,2.0,1.0,1.0,0.072265625,True,100.0,400.0,4,256,False,False,0.8797649451876615,0.043596142103168284
Thailand,log_beta_process_2020,tempered_smc_rank_and_particle_quality,1.047504695335287,1.0154401308209393,64.0,64.0,64,8,1.0,64.0,64.0,1.0,1.0,0.015625,0.015625,64,64.0,1.0,0.015625,1,1.0,1.0,1.0,0.0,0.0,2.0,1.0,1.0,0.072265625,True,100.0,400.0,4,256,False,False,-0.4016811653733146,0.16488752402755824
Thailand,log_beta_process_2021,tempered_smc_rank_and_particle_quality,1.0428152135522897,1.0251457381132427,64.0,64.0,64,8,1.0,64.0,64.0,1.0,1.0,0.015625,0.015625,64,64.0,1.0,0.015625,1,1.0,1.0,1.0,0.0,0.0,2.0,1.0,1.0,0.072265625,True,100.0,400.0,4,256,False,False,-0.4219631436096275,0.08434580181557041
Thailand,log_beta_process_2022,tempered_smc_rank_and_particle_quality,1.0441678160646815,1.031121610111982,64.0,64.0,64,8,1.0,64.0,64.0,1.0,1.0,0.015625,0.015625,64,64.0,1.0,0.015625,1,1.0,1.0,1.0,0.0,0.0,2.0,1.0,1.0,0.072265625,True,100.0,400.0,4,256,False,False,0.04751503314741917,0.05975017167199331
Thailand,log_beta_process_2023,tempered_smc_rank_and_particle_quality,1.0013575120698845,1.0092016731566062,64.0,64.0,64,8,1.0,64.0,64.0,1.0,1.0,0.015625,0.015625,64,64.0,1.0,0.015625,1,1.0,1.0,1.0,0.0,0.0,2.0,1.0,1.0,0.072265625,True,100.0,400.0,4,256,False,False,0.30526170345496056,0.042264349788917605
Thailand,log_beta_process_2024,tempered_smc_rank_and_particle_quality,1.03402610322161,1.01413270137523,64.0,64.0,64,8,1.0,64.0,64.0,1.0,1.0,0.015625,0.015625,64,64.0,1.0,0.015625,1,1.0,1.0,1.0,0.0,0.0,2.0,1.0,1.0,0.072265625,True,100.0,400.0,4,256,False,False,0.061120185596186795,0.07347568691076124
Thailand,log_beta_process_2025,tempered_smc_rank_and_particle_quality,0.9960014081831884,0.9938506743238531,64.0,64.0,64,8,1.0,64.0,64.0,1.0,1.0,0.015625,0.015625,64,64.0,1.0,0.015625,1,1.0,1.0,1.0,0.0,0.0,2.0,1.0,1.0,0.072265625,True,100.0,400.0,4,256,False,False,-0.3432214648734573,0.04432736579080038
Thailand,log_beta_process_2026,tempered_smc_rank_and_particle_quality,0.9909887447693798,0.9919226852570412,64.0,64.0,64,8,1.0,64.0,64.0,1.0,1.0,0.015625,0.015625,64,64.0,1.0,0.015625,1,1.0,1.0,1.0,0.0,0.0,2.0,1.0,1.0,0.072265625,True,100.0,400.0,4,256,False,False,-0.16935077908457496,0.5929751949088921
Thailand,log_beta_process_2027,tempered_smc_rank_and_particle_quality,1.0098000016724287,1.0116938376302005,64.0,64.0,64,8,1.0,64.0,64.0,1.0,1.0,0.015625,0.015625,64,64.0,1.0,0.015625,1,1.0,1.0,1.0,0.0,0.0,2.0,1.0,1.0,0.072265625,True,100.0,400.0,4,256,False,False,-0.09420211656558669,0.661194961905123
Thailand,log_beta_process_2028,tempered_smc_rank_and_particle_quality,0.993736315046523,0.9939083739404947,64.0,64.0,64,8,1.0,64.0,64.0,1.0,1.0,0.015625,0.015625,64,64.0,1.0,0.015625,1,1.0,1.0,1.0,0.0,0.0,2.0,1.0,1.0,0.072265625,True,100.0,400.0,4,256,False,False,-0.007937966462766073,0.6392496416627667
Thailand,log_beta_process_2029,tempered_smc_rank_and_particle_quality,0.9895480850497442,0.9891148107165565,64.0,64.0,64,8,1.0,64.0,64.0,1.0,1.0,0.015625,0.015625,64,64.0,1.0,0.015625,1,1.0,1.0,1.0,0.0,0.0,2.0,1.0,1.0,0.072265625,True,100.0,400.0,4,256,False,False,0.0030600673247232896,0.6788601401308507
Thailand,log_beta_process_2030,tempered_smc_rank_and_particle_quality,0.9883528960325307,0.9881040751722597,64.0,64.0,64,8,1.0,64.0,64.0,1.0,1.0,0.015625,0.015625,64,64.0,1.0,0.015625,1,1.0,1.0,1.0,0.0,0.0,2.0,1.0,1.0,0.072265625,True,100.0,400.0,4,256,False,False,0.04107277841723894,0.660873212326168
Thailand,log_beta_process_2031,tempered_smc_rank_and_particle_quality,0.9897456721563854,0.9896681840465285,64.0,64.0,64,8,1.0,64.0,64.0,1.0,1.0,0.015625,0.015625,64,64.0,1.0,0.015625,1,1.0,1.0,1.0,0.0,0.0,2.0,1.0,1.0,0.072265625,True,100.0,400.0,4,256,False,False,0.08989679858357874,0.6828753193724783
Thailand,log_beta_process_2032,tempered_smc_rank_and_particle_quality,1.0070030625002147,1.0079494841221315,64.0,64.0,64,8,1.0,64.0,64.0,1.0,1.0,0.015625,0.015625,64,64.0,1.0,0.015625,1,1.0,1.0,1.0,0.0,0.0,2.0,1.0,1.0,0.072265625,True,100.0,400.0,4,256,False,False,-0.014016461875477046,0.6130847000383168
Thailand,log_beta_process_2033,tempered_smc_rank_and_particle_quality,1.00039208027437,1.0015897780305703,64.0,64.0,64,8,1.0,64.0,64.0,1.0,1.0,0.015625,0.015625,64,64.0,1.0,0.015625,1,1.0,1.0,1.0,0.0,0.0,2.0,1.0,1.0,0.072265625,True,100.0,400.0,4,256,False,False,0.0041426548921132365,0.651660646227527
Thailand,log_beta_process_2034,tempered_smc_rank_and_particle_quality,1.0054446122583447,1.0037067117942573,64.0,64.0,64,8,1.0,64.0,64.0,1.0,1.0,0.015625,0.015625,64,64.0,1.0,0.015625,1,1.0,1.0,1.0,0.0,0.0,2.0,1.0,1.0,0.072265625,True,100.0,400.0,4,256,False,False,-0.011761373280044646,0.6700572631364231
Thailand,log_beta_process_2035,tempered_smc_rank_and_particle_quality,1.023948951229377,1.0254426140192696,64.0,64.0,64,8,1.0,64.0,64.0,1.0,1.0,0.015625,0.015625,64,64.0,1.0,0.015625,1,1.0,1.0,1.0,0.0,0.0,2.0,1.0,1.0,0.072265625,True,100.0,400.0,4,256,False,False,0.022716127102399418,0.7582629802616024
Thailand,log_beta_process_2036,tempered_smc_rank_and_particle_quality,1.0166327735336793,1.0160031549619695,64.0,64.0,64,8,1.0,64.0,64.0,1.0,1.0,0.015625,0.015625,64,64.0,1.0,0.015625,1,1.0,1.0,1.0,0.0,0.0,2.0,1.0,1.0,0.072265625,True,100.0,400.0,4,256,False,False,0.022685708592709505,0.7133921022127756
Thailand,log_beta_process_2037,tempered_smc_rank_and_particle_quality,1.004200424893941,1.0042188833004515,64.0,64.0,64,8,1.0,64.0,64.0,1.0,1.0,0.015625,0.015625,64,64.0,1.0,0.015625,1,1.0,1.0,1.0,0.0,0.0,2.0,1.0,1.0,0.072265625,True,100.0,400.0,4,256,False,False,-0.026585320556251776,0.7305420228202608
Thailand,log_beta_process_2038,tempered_smc_rank_and_particle_quality,1.010811155599202,1.0109581257318936,64.0,64.0,64,8,1.0,64.0,64.0,1.0,1.0,0.015625,0.015625,64,64.0,1.0,0.015625,1,1.0,1.0,1.0,0.0,0.0,2.0,1.0,1.0,0.072265625,True,100.0,400.0,4,256,False,False,-0.009834917267189467,0.7193040362889683
Thailand,log_beta_process_2039,tempered_smc_rank_and_particle_quality,1.0204262304258356,1.0172273416437212,64.0,54.6027752728572,64,8,1.0,64.0,64.0,1.0,1.0,0.015625,0.015625,64,64.0,1.0,0.015625,1,1.0,1.0,1.0,0.0,0.0,2.0,1.0,1.0,0.072265625,True,100.0,400.0,4,256,False,False,0.024406302435846836,0.6938244547635259
Thailand,log_beta_process_2040,tempered_smc_rank_and_particle_quality,1.0112589493060171,1.0105250587226835,64.0,64.0,64,8,1.0,64.0,64.0,1.0,1.0,0.015625,0.015625,64,64.0,1.0,0.015625,1,1.0,1.0,1.0,0.0,0.0,2.0,1.0,1.0,0.072265625,True,100.0,400.0,4,256,False,False,-0.033168440280655145,0.7748565973250318
Thailand,log_beta_process_2041,tempered_smc_rank_and_particle_quality,0.9980154855009846,0.9984785758018228,64.0,64.0,64,8,1.0,64.0,64.0,1.0,1.0,0.015625,0.015625,64,64.0,1.0,0.015625,1,1.0,1.0,1.0,0.0,0.0,2.0,1.0,1.0,0.072265625,True,100.0,400.0,4,256,False,False,-0.01355923794745144,0.7309828228350773
Thailand,log_beta_process_2042,tempered_smc_rank_and_particle_quality,1.0144446410603924,1.014969493883417,64.0,64.0,64,8,1.0,64.0,64.0,1.0,1.0,0.015625,0.015625,64,64.0,1.0,0.015625,1,1.0,1.0,1.0,0.0,0.0,2.0,1.0,1.0,0.072265625,True,100.0,400.0,4,256,False,False,0.09831647033913238,0.7333700228551105
Thailand,log_beta_process_2043,tempered_smc_rank_and_particle_quality,0.9970507524060747,0.9978805055298607,64.0,64.0,64,8,1.0,64.0,64.0,1.0,1.0,0.015625,0.015625,64,64.0,1.0,0.015625,1,1.0,1.0,1.0,0.0,0.0,2.0,1.0,1.0,0.072265625,True,100.0,400.0,4,256,False,False,0.09454236551250822,0.7352542189575985
Thailand,log_beta_process_2044,tempered_smc_rank_and_particle_quality,1.0064723794296133,1.005377582466406,64.0,64.0,64,8,1.0,64.0,64.0,1.0,1.0,0.015625,0.015625,64,64.0,1.0,0.015625,1,1.0,1.0,1.0,0.0,0.0,2.0,1.0,1.0,0.072265625,True,100.0,400.0,4,256,False,False,0.08738132676782105,0.700851446070269
Thailand,log_beta_process_2045,tempered_smc_rank_and_particle_quality,0.9956931252395083,0.9947459753586594,64.0,64.0,64,8,1.0,64.0,64.0,1.0,1.0,0.015625,0.015625,64,64.0,1.0,0.015625,1,1.0,1.0,1.0,0.0,0.0,2.0,1.0,1.0,0.072265625,True,100.0,400.0,4,256,False,False,0.025824608695007946,0.7011190290484882
Thailand,log_beta_process_2046,tempered_smc_rank_and_particle_quality,1.0062297638566537,1.0074956757508788,64.0,64.0,64,8,1.0,64.0,64.0,1.0,1.0,0.015625,0.015625,64,64.0,1.0,0.015625,1,1.0,1.0,1.0,0.0,0.0,2.0,1.0,1.0,0.072265625,True,100.0,400.0,4,256,False,False,0.015915994127148708,0.7174713511163897
Thailand,log_beta_process_2047,tempered_smc_rank_and_particle_quality,1.0086770434141805,1.0071631345595895,64.0,64.0,64,8,1.0,64.0,64.0,1.0,1.0,0.015625,0.015625,64,64.0,1.0,0.015625,1,1.0,1.0,1.0,0.0,0.0,2.0,1.0,1.0,0.072265625,True,100.0,400.0,4,256,False,False,0.010095680817117966,0.6523137379846183
Thailand,log_beta_process_2048,tempered_smc_rank_and_particle_quality,1.0039137669856428,1.0046143754512937,64.0,64.0,64,8,1.0,64.0,64.0,1.0,1.0,0.015625,0.015625,64,64.0,1.0,0.015625,1,1.0,1.0,1.0,0.0,0.0,2.0,1.0,1.0,0.072265625,True,100.0,400.0,4,256,False,False,-0.005184433240332353,0.635570046171976
Thailand,log_beta_process_2049,tempered_smc_rank_and_particle_quality,1.0054927106564857,1.004844050057126,64.0,64.0,64,8,1.0,64.0,64.0,1.0,1.0,0.015625,0.015625,64,64.0,1.0,0.015625,1,1.0,1.0,1.0,0.0,0.0,2.0,1.0,1.0,0.072265625,True,100.0,400.0,4,256,False,False,0.015094533269062092,0.686905537419606
Thailand,log_beta_process_2050,tempered_smc_rank_and_particle_quality,0.997260845646967,0.9999630348635851,64.0,64.0,64,8,1.0,64.0,64.0,1.0,1.0,0.015625,0.015625,64,64.0,1.0,0.015625,1,1.0,1.0,1.0,0.0,0.0,2.0,1.0,1.0,0.072265625,True,100.0,400.0,4,256,False,False,0.010632307897331592,0.7190513809343664
