country,parameter,diagnostic_method,rhat,rhat_rank,bulk_ess,tail_ess,smc_particle_count,smc_stage_count,smc_final_temperature,smc_min_ess,smc_final_ess,smc_min_ess_fraction,smc_final_ess_fraction,smc_max_weight,smc_final_max_weight,smc_combined_particle_count,smc_combined_particle_ess,smc_combined_particle_ess_fraction,smc_combined_max_weight,smc_island_count,smc_island_ess,smc_island_ess_fraction,smc_max_island_weight,smc_log_evidence_sd,smc_log_evidence_range,smc_recommended_island_ess_floor,smc_unique_ancestor_fraction,smc_unique_particle_fraction,smc_move_acceptance_fraction,smc_reached_final_temperature,smc_fatal_ess_floor,smc_recommended_ess_floor,n_chains,total_draws,converged,recommended_converged,mean,sd
Australia,VE_sus,tempered_smc_rank_and_particle_quality,1.0075232451952025,1.0079491123005246,64.0,47.6288974904235,64,8,1.0,64.0,64.0,1.0,1.0,0.015625,0.015625,64,64.0,1.0,0.015625,1,1.0,1.0,1.0,0.0,0.0,2.0,1.0,1.0,0.1103515625,True,100.0,400.0,4,256,False,False,0.06990305116902862,0.029020306411226934
Australia,VE_inf,tempered_smc_rank_and_particle_quality,1.0023884910938816,1.000808374325142,64.0,64.0,64,8,1.0,64.0,64.0,1.0,1.0,0.015625,0.015625,64,64.0,1.0,0.015625,1,1.0,1.0,1.0,0.0,0.0,2.0,1.0,1.0,0.1103515625,True,100.0,400.0,4,256,False,False,0.2153608171020546,0.06423526112340712
Australia,VE_dur,tempered_smc_rank_and_particle_quality,1.0075189127899227,0.9978951421509358,60.28311675362302,64.0,64,8,1.0,64.0,64.0,1.0,1.0,0.015625,0.015625,64,64.0,1.0,0.015625,1,1.0,1.0,1.0,0.0,0.0,2.0,1.0,1.0,0.1103515625,True,100.0,400.0,4,256,False,False,0.07550671827665176,0.04175816149138103
Australia,relative_infectiousness_asymptomatic,tempered_smc_rank_and_particle_quality,1.014312711125728,1.0065235416564742,58.05431344896848,50.50380831855522,64,8,1.0,64.0,64.0,1.0,1.0,0.015625,0.015625,64,64.0,1.0,0.015625,1,1.0,1.0,1.0,0.0,0.0,2.0,1.0,1.0,0.1103515625,True,100.0,400.0,4,256,False,False,0.6774688684595278,0.04448725356729948
Australia,infectious_duration_symptomatic,tempered_smc_rank_and_particle_quality,1.0048120639687912,1.0042844560611557,64.0,64.0,64,8,1.0,64.0,64.0,1.0,1.0,0.015625,0.015625,64,64.0,1.0,0.015625,1,1.0,1.0,1.0,0.0,0.0,2.0,1.0,1.0,0.1103515625,True,100.0,400.0,4,256,False,False,27.076798245933478,2.1148912550270054
Australia,infectious_duration_asymptomatic,tempered_smc_rank_and_particle_quality,0.9931169489861711,0.9941898692047931,64.0,64.0,64,8,1.0,64.0,64.0,1.0,1.0,0.015625,0.015625,64,64.0,1.0,0.015625,1,1.0,1.0,1.0,0.0,0.0,2.0,1.0,1.0,0.1103515625,True,100.0,400.0,4,256,False,False,19.06446668425525,1.6332109309777318
Australia,fitness_R,tempered_smc_rank_and_particle_quality,1.0027662076612618,1.0087536259411976,63.77721582560209,50.17015097312416,64,8,1.0,64.0,64.0,1.0,1.0,0.015625,0.015625,64,64.0,1.0,0.015625,1,1.0,1.0,1.0,0.0,0.0,2.0,1.0,1.0,0.1103515625,True,100.0,400.0,4,256,False,False,0.7141772684557877,0.032956969803471695
Australia,beta_S,tempered_smc_rank_and_particle_quality,1.0029966421457466,1.0076710649076448,64.0,58.99703153427834,64,8,1.0,64.0,64.0,1.0,1.0,0.015625,0.015625,64,64.0,1.0,0.015625,1,1.0,1.0,1.0,0.0,0.0,2.0,1.0,1.0,0.1103515625,True,100.0,400.0,4,256,False,False,0.017238788426823862,0.01058133634675519
Australia,reporting_multiplier,tempered_smc_rank_and_particle_quality,1.004644999814038,0.9992828503302136,62.159434649842524,64.0,64,8,1.0,64.0,64.0,1.0,1.0,0.015625,0.015625,64,64.0,1.0,0.015625,1,1.0,1.0,1.0,0.0,0.0,2.0,1.0,1.0,0.1103515625,True,100.0,400.0,4,256,False,False,1.2608519678883918,0.13573986747421168
Australia,log_beta_process_2021,tempered_smc_rank_and_particle_quality,1.0006025383477735,1.0003350949558176,64.0,64.0,64,8,1.0,64.0,64.0,1.0,1.0,0.015625,0.015625,64,64.0,1.0,0.015625,1,1.0,1.0,1.0,0.0,0.0,2.0,1.0,1.0,0.1103515625,True,100.0,400.0,4,256,False,False,0.3574769656761756,0.07842707252753806
Australia,log_beta_process_2022,tempered_smc_rank_and_particle_quality,0.9972469644210886,1.005370542700034,64.0,64.0,64,8,1.0,64.0,64.0,1.0,1.0,0.015625,0.015625,64,64.0,1.0,0.015625,1,1.0,1.0,1.0,0.0,0.0,2.0,1.0,1.0,0.1103515625,True,100.0,400.0,4,256,False,False,-0.392784373243136,0.04493006003625533
Australia,log_beta_process_2023,tempered_smc_rank_and_particle_quality,1.0038132122066652,1.01379725731607,64.0,63.64940103510351,64,8,1.0,64.0,64.0,1.0,1.0,0.015625,0.015625,64,64.0,1.0,0.015625,1,1.0,1.0,1.0,0.0,0.0,2.0,1.0,1.0,0.1103515625,True,100.0,400.0,4,256,False,False,0.06621742197767894,0.1340129971171859
Australia,log_beta_process_2024,tempered_smc_rank_and_particle_quality,1.0061887267437264,1.005512017581992,64.0,64.0,64,8,1.0,64.0,64.0,1.0,1.0,0.015625,0.015625,64,64.0,1.0,0.015625,1,1.0,1.0,1.0,0.0,0.0,2.0,1.0,1.0,0.1103515625,True,100.0,400.0,4,256,False,False,0.1133466040529818,0.06932712962106954
Australia,log_beta_process_2025,tempered_smc_rank_and_particle_quality,1.0046159071498704,1.00047766127344,64.0,64.0,64,8,1.0,64.0,64.0,1.0,1.0,0.015625,0.015625,64,64.0,1.0,0.015625,1,1.0,1.0,1.0,0.0,0.0,2.0,1.0,1.0,0.1103515625,True,100.0,400.0,4,256,False,False,-0.21700470856012,0.2051175320192634
Australia,log_beta_process_2026,tempered_smc_rank_and_particle_quality,1.000661537460452,0.9911618963660451,50.97836723711497,51.86961424960245,64,8,1.0,64.0,64.0,1.0,1.0,0.015625,0.015625,64,64.0,1.0,0.015625,1,1.0,1.0,1.0,0.0,0.0,2.0,1.0,1.0,0.1103515625,True,100.0,400.0,4,256,False,False,0.36488321837506504,0.08282824838873248
Australia,log_beta_process_2027,tempered_smc_rank_and_particle_quality,0.9959190524991482,0.995625986187874,64.0,64.0,64,8,1.0,64.0,64.0,1.0,1.0,0.015625,0.015625,64,64.0,1.0,0.015625,1,1.0,1.0,1.0,0.0,0.0,2.0,1.0,1.0,0.1103515625,True,100.0,400.0,4,256,False,False,0.23742568718293994,0.6245530420986669
Australia,log_beta_process_2028,tempered_smc_rank_and_particle_quality,1.0061538090496915,1.0074020805657034,64.0,64.0,64,8,1.0,64.0,64.0,1.0,1.0,0.015625,0.015625,64,64.0,1.0,0.015625,1,1.0,1.0,1.0,0.0,0.0,2.0,1.0,1.0,0.1103515625,True,100.0,400.0,4,256,False,False,0.08708868629494602,0.6757451857391092
Australia,log_beta_process_2029,tempered_smc_rank_and_particle_quality,1.0037116438329738,1.0029628723198505,64.0,64.0,64,8,1.0,64.0,64.0,1.0,1.0,0.015625,0.015625,64,64.0,1.0,0.015625,1,1.0,1.0,1.0,0.0,0.0,2.0,1.0,1.0,0.1103515625,True,100.0,400.0,4,256,False,False,0.09328356224197415,0.6839159657351758
Australia,log_beta_process_2030,tempered_smc_rank_and_particle_quality,0.9924146613919063,0.9922012314792636,64.0,64.0,64,8,1.0,64.0,64.0,1.0,1.0,0.015625,0.015625,64,64.0,1.0,0.015625,1,1.0,1.0,1.0,0.0,0.0,2.0,1.0,1.0,0.1103515625,True,100.0,400.0,4,256,False,False,0.08618619398639889,0.7282180300753739
Australia,log_beta_process_2031,tempered_smc_rank_and_particle_quality,1.0074640077492043,1.0072866477331448,64.0,64.0,64,8,1.0,64.0,64.0,1.0,1.0,0.015625,0.015625,64,64.0,1.0,0.015625,1,1.0,1.0,1.0,0.0,0.0,2.0,1.0,1.0,0.1103515625,True,100.0,400.0,4,256,False,False,0.06074931308460155,0.7116782925515589
Australia,log_beta_process_2032,tempered_smc_rank_and_particle_quality,0.9876175613319982,0.9881379278882574,64.0,64.0,64,8,1.0,64.0,64.0,1.0,1.0,0.015625,0.015625,64,64.0,1.0,0.015625,1,1.0,1.0,1.0,0.0,0.0,2.0,1.0,1.0,0.1103515625,True,100.0,400.0,4,256,False,False,0.01532227263325199,0.6849110271292839
Australia,log_beta_process_2033,tempered_smc_rank_and_particle_quality,0.9991874714983299,0.999478333653507,64.0,64.0,64,8,1.0,64.0,64.0,1.0,1.0,0.015625,0.015625,64,64.0,1.0,0.015625,1,1.0,1.0,1.0,0.0,0.0,2.0,1.0,1.0,0.1103515625,True,100.0,400.0,4,256,False,False,-0.007591476936240828,0.6712432996493439
Australia,log_beta_process_2034,tempered_smc_rank_and_particle_quality,0.9972459993576095,0.9960434783783155,64.0,64.0,64,8,1.0,64.0,64.0,1.0,1.0,0.015625,0.015625,64,64.0,1.0,0.015625,1,1.0,1.0,1.0,0.0,0.0,2.0,1.0,1.0,0.1103515625,True,100.0,400.0,4,256,False,False,-0.016430051043656253,0.6810931061213947
Australia,log_beta_process_2035,tempered_smc_rank_and_particle_quality,0.9916755014882727,0.9919031344622884,64.0,64.0,64,8,1.0,64.0,64.0,1.0,1.0,0.015625,0.015625,64,64.0,1.0,0.015625,1,1.0,1.0,1.0,0.0,0.0,2.0,1.0,1.0,0.1103515625,True,100.0,400.0,4,256,False,False,-0.024344996906691528,0.6464586909404305
Australia,log_beta_process_2036,tempered_smc_rank_and_particle_quality,0.9991179126673885,0.9989013362491064,64.0,64.0,64,8,1.0,64.0,64.0,1.0,1.0,0.015625,0.015625,64,64.0,1.0,0.015625,1,1.0,1.0,1.0,0.0,0.0,2.0,1.0,1.0,0.1103515625,True,100.0,400.0,4,256,False,False,0.02479072302750729,0.7175530162851136
Australia,log_beta_process_2037,tempered_smc_rank_and_particle_quality,0.9946619994333813,0.9943693968319031,64.0,64.0,64,8,1.0,64.0,64.0,1.0,1.0,0.015625,0.015625,64,64.0,1.0,0.015625,1,1.0,1.0,1.0,0.0,0.0,2.0,1.0,1.0,0.1103515625,True,100.0,400.0,4,256,False,False,0.007182529115742653,0.666361837243077
Australia,log_beta_process_2038,tempered_smc_rank_and_particle_quality,1.014233403130393,1.014885486178144,64.0,64.0,64,8,1.0,64.0,64.0,1.0,1.0,0.015625,0.015625,64,64.0,1.0,0.015625,1,1.0,1.0,1.0,0.0,0.0,2.0,1.0,1.0,0.1103515625,True,100.0,400.0,4,256,False,False,0.010575390668444984,0.6672244507356848
Australia,log_beta_process_2039,tempered_smc_rank_and_particle_quality,0.9971593896409919,0.9963680067419759,64.0,64.0,64,8,1.0,64.0,64.0,1.0,1.0,0.015625,0.015625,64,64.0,1.0,0.015625,1,1.0,1.0,1.0,0.0,0.0,2.0,1.0,1.0,0.1103515625,True,100.0,400.0,4,256,False,False,-0.029998434480418612,0.7035944022635428
Australia,log_beta_process_2040,tempered_smc_rank_and_particle_quality,0.9979023676723326,0.998897846167975,64.0,64.0,64,8,1.0,64.0,64.0,1.0,1.0,0.015625,0.015625,64,64.0,1.0,0.015625,1,1.0,1.0,1.0,0.0,0.0,2.0,1.0,1.0,0.1103515625,True,100.0,400.0,4,256,False,False,-0.015076111395301375,0.7193529082539828
Australia,log_beta_process_2041,tempered_smc_rank_and_particle_quality,1.0056438352562453,1.0055734642381065,64.0,64.0,64,8,1.0,64.0,64.0,1.0,1.0,0.015625,0.015625,64,64.0,1.0,0.015625,1,1.0,1.0,1.0,0.0,0.0,2.0,1.0,1.0,0.1103515625,True,100.0,400.0,4,256,False,False,-0.0027286094290619248,0.6962750896484389
Australia,log_beta_process_2042,tempered_smc_rank_and_particle_quality,1.006691405200887,1.0070604131421712,64.0,64.0,64,8,1.0,64.0,64.0,1.0,1.0,0.015625,0.015625,64,64.0,1.0,0.015625,1,1.0,1.0,1.0,0.0,0.0,2.0,1.0,1.0,0.1103515625,True,100.0,400.0,4,256,False,False,0.004357369935623922,0.7355018886886595
Australia,log_beta_process_2043,tempered_smc_rank_and_particle_quality,0.9951759722228454,0.9957676772233393,64.0,64.0,64,8,1.0,64.0,64.0,1.0,1.0,0.015625,0.015625,64,64.0,1.0,0.015625,1,1.0,1.0,1.0,0.0,0.0,2.0,1.0,1.0,0.1103515625,True,100.0,400.0,4,256,False,False,0.07052746165168347,0.6740249215993347
Australia,log_beta_process_2044,tempered_smc_rank_and_particle_quality,0.9969602567954022,0.9966099801353262,64.0,64.0,64,8,1.0,64.0,64.0,1.0,1.0,0.015625,0.015625,64,64.0,1.0,0.015625,1,1.0,1.0,1.0,0.0,0.0,2.0,1.0,1.0,0.1103515625,True,100.0,400.0,4,256,False,False,0.011216921350081566,0.7104302239411381
Australia,log_beta_process_2045,tempered_smc_rank_and_particle_quality,0.9963688130941962,0.9969144773624437,64.0,64.0,64,8,1.0,64.0,64.0,1.0,1.0,0.015625,0.015625,64,64.0,1.0,0.015625,1,1.0,1.0,1.0,0.0,0.0,2.0,1.0,1.0,0.1103515625,True,100.0,400.0,4,256,False,False,-0.03619992770279283,0.670913127554137
Australia,log_beta_process_2046,tempered_smc_rank_and_particle_quality,0.9986128134243996,0.9986491890910799,64.0,64.0,64,8,1.0,64.0,64.0,1.0,1.0,0.015625,0.015625,64,64.0,1.0,0.015625,1,1.0,1.0,1.0,0.0,0.0,2.0,1.0,1.0,0.1103515625,True,100.0,400.0,4,256,False,False,-0.06567569778753155,0.6842584836793927
Australia,log_beta_process_2047,tempered_smc_rank_and_particle_quality,0.9860153971280603,0.9872962820147712,64.0,64.0,64,8,1.0,64.0,64.0,1.0,1.0,0.015625,0.015625,64,64.0,1.0,0.015625,1,1.0,1.0,1.0,0.0,0.0,2.0,1.0,1.0,0.1103515625,True,100.0,400.0,4,256,False,False,-0.030194812581538985,0.7058126007645048
Australia,log_beta_process_2048,tempered_smc_rank_and_particle_quality,0.9997333692436097,0.998949788774785,64.0,64.0,64,8,1.0,64.0,64.0,1.0,1.0,0.015625,0.015625,64,64.0,1.0,0.015625,1,1.0,1.0,1.0,0.0,0.0,2.0,1.0,1.0,0.1103515625,True,100.0,400.0,4,256,False,False,0.02285036010415431,0.6718883827102251
Australia,log_beta_process_2049,tempered_smc_rank_and_particle_quality,1.016305772676983,1.0162257818200753,64.0,64.0,64,8,1.0,64.0,64.0,1.0,1.0,0.015625,0.015625,64,64.0,1.0,0.015625,1,1.0,1.0,1.0,0.0,0.0,2.0,1.0,1.0,0.1103515625,True,100.0,400.0,4,256,False,False,0.018817401951751696,0.697747302868838
Australia,log_beta_process_2050,tempered_smc_rank_and_particle_quality,1.0282950354320608,1.027056630323698,64.0,64.0,64,8,1.0,64.0,64.0,1.0,1.0,0.015625,0.015625,64,64.0,1.0,0.015625,1,1.0,1.0,1.0,0.0,0.0,2.0,1.0,1.0,0.1103515625,True,100.0,400.0,4,256,False,False,0.01703561095792671,0.6558256649604929
China,VE_sus,tempered_smc_rank_and_particle_quality,1.0075232451952025,1.0079491123005246,64.0,47.6288974904235,64,8,1.0,64.0,64.0,1.0,1.0,0.015625,0.015625,64,64.0,1.0,0.015625,1,1.0,1.0,1.0,0.0,0.0,2.0,1.0,1.0,0.1103515625,True,100.0,400.0,4,256,False,False,0.06990305116902862,0.029020306411226934
China,VE_inf,tempered_smc_rank_and_particle_quality,1.0023884910938816,1.000808374325142,64.0,64.0,64,8,1.0,64.0,64.0,1.0,1.0,0.015625,0.015625,64,64.0,1.0,0.015625,1,1.0,1.0,1.0,0.0,0.0,2.0,1.0,1.0,0.1103515625,True,100.0,400.0,4,256,False,False,0.2153608171020546,0.06423526112340712
China,VE_dur,tempered_smc_rank_and_particle_quality,1.0075189127899227,0.9978951421509358,60.28311675362302,64.0,64,8,1.0,64.0,64.0,1.0,1.0,0.015625,0.015625,64,64.0,1.0,0.015625,1,1.0,1.0,1.0,0.0,0.0,2.0,1.0,1.0,0.1103515625,True,100.0,400.0,4,256,False,False,0.07550671827665176,0.04175816149138103
China,relative_infectiousness_asymptomatic,tempered_smc_rank_and_particle_quality,1.014312711125728,1.0065235416564742,58.05431344896848,50.50380831855522,64,8,1.0,64.0,64.0,1.0,1.0,0.015625,0.015625,64,64.0,1.0,0.015625,1,1.0,1.0,1.0,0.0,0.0,2.0,1.0,1.0,0.1103515625,True,100.0,400.0,4,256,False,False,0.6774688684595278,0.04448725356729948
China,infectious_duration_symptomatic,tempered_smc_rank_and_particle_quality,1.0048120639687912,1.0042844560611557,64.0,64.0,64,8,1.0,64.0,64.0,1.0,1.0,0.015625,0.015625,64,64.0,1.0,0.015625,1,1.0,1.0,1.0,0.0,0.0,2.0,1.0,1.0,0.1103515625,True,100.0,400.0,4,256,False,False,27.076798245933478,2.1148912550270054
China,infectious_duration_asymptomatic,tempered_smc_rank_and_particle_quality,0.9931169489861711,0.9941898692047931,64.0,64.0,64,8,1.0,64.0,64.0,1.0,1.0,0.015625,0.015625,64,64.0,1.0,0.015625,1,1.0,1.0,1.0,0.0,0.0,2.0,1.0,1.0,0.1103515625,True,100.0,400.0,4,256,False,False,19.06446668425525,1.6332109309777318
China,fitness_R,tempered_smc_rank_and_particle_quality,1.0027662076612618,1.0087536259411976,63.77721582560209,50.17015097312416,64,8,1.0,64.0,64.0,1.0,1.0,0.015625,0.015625,64,64.0,1.0,0.015625,1,1.0,1.0,1.0,0.0,0.0,2.0,1.0,1.0,0.1103515625,True,100.0,400.0,4,256,False,False,0.7141772684557877,0.032956969803471695
China,beta_S,tempered_smc_rank_and_particle_quality,1.015208820109852,1.000734013157319,64.0,63.77841584134784,64,8,1.0,64.0,64.0,1.0,1.0,0.015625,0.015625,64,64.0,1.0,0.015625,1,1.0,1.0,1.0,0.0,0.0,2.0,1.0,1.0,0.1103515625,True,100.0,400.0,4,256,False,False,0.006091005629568829,0.000617347655029611
China,reporting_multiplier,tempered_smc_rank_and_particle_quality,1.0025568230451005,0.9968755477274854,56.90420300514493,64.0,64,8,1.0,64.0,64.0,1.0,1.0,0.015625,0.015625,64,64.0,1.0,0.015625,1,1.0,1.0,1.0,0.0,0.0,2.0,1.0,1.0,0.1103515625,True,100.0,400.0,4,256,False,False,0.7896362113759186,0.1408108325355205
China,log_beta_process_2021,tempered_smc_rank_and_particle_quality,1.001528990085865,1.0111482405161043,64.0,64.0,64,8,1.0,64.0,64.0,1.0,1.0,0.015625,0.015625,64,64.0,1.0,0.015625,1,1.0,1.0,1.0,0.0,0.0,2.0,1.0,1.0,0.1103515625,True,100.0,400.0,4,256,False,False,1.6271431566772403,0.038660663509317315
China,log_beta_process_2022,tempered_smc_rank_and_particle_quality,1.0018318043492955,0.9950368651312425,60.04881840878246,49.65682915710799,64,8,1.0,64.0,64.0,1.0,1.0,0.015625,0.015625,64,64.0,1.0,0.015625,1,1.0,1.0,1.0,0.0,0.0,2.0,1.0,1.0,0.1103515625,True,100.0,400.0,4,256,False,False,1.0280921770272005,0.0486384798724275
China,log_beta_process_2023,tempered_smc_rank_and_particle_quality,1.0092888594932612,1.0153988392973265,64.0,64.0,64,8,1.0,64.0,64.0,1.0,1.0,0.015625,0.015625,64,64.0,1.0,0.015625,1,1.0,1.0,1.0,0.0,0.0,2.0,1.0,1.0,0.1103515625,True,100.0,400.0,4,256,False,False,0.2673558900235502,0.031019002988899112
China,log_beta_process_2024,tempered_smc_rank_and_particle_quality,1.0111235130527243,1.015578037233938,58.85413268281622,60.17451779693208,64,8,1.0,64.0,64.0,1.0,1.0,0.015625,0.015625,64,64.0,1.0,0.015625,1,1.0,1.0,1.0,0.0,0.0,2.0,1.0,1.0,0.1103515625,True,100.0,400.0,4,256,False,False,0.033399880969986195,0.03378360109396934
China,log_beta_process_2025,tempered_smc_rank_and_particle_quality,1.0128783905671133,1.0032276346472306,64.0,64.0,64,8,1.0,64.0,64.0,1.0,1.0,0.015625,0.015625,64,64.0,1.0,0.015625,1,1.0,1.0,1.0,0.0,0.0,2.0,1.0,1.0,0.1103515625,True,100.0,400.0,4,256,False,False,-0.33150922681526424,0.08660394627205682
China,log_beta_process_2026,tempered_smc_rank_and_particle_quality,1.00635629079693,0.9871157331520509,64.0,64.0,64,8,1.0,64.0,64.0,1.0,1.0,0.015625,0.015625,64,64.0,1.0,0.015625,1,1.0,1.0,1.0,0.0,0.0,2.0,1.0,1.0,0.1103515625,True,100.0,400.0,4,256,False,False,0.0005541518739587553,0.0875988531730032
China,log_beta_process_2027,tempered_smc_rank_and_particle_quality,0.9944025239529902,0.9953139471391709,64.0,64.0,64,8,1.0,64.0,64.0,1.0,1.0,0.015625,0.015625,64,64.0,1.0,0.015625,1,1.0,1.0,1.0,0.0,0.0,2.0,1.0,1.0,0.1103515625,True,100.0,400.0,4,256,False,False,0.09153529502831664,0.6527108123832903
China,log_beta_process_2028,tempered_smc_rank_and_particle_quality,0.9988490921901921,0.9990350721263085,64.0,64.0,64,8,1.0,64.0,64.0,1.0,1.0,0.015625,0.015625,64,64.0,1.0,0.015625,1,1.0,1.0,1.0,0.0,0.0,2.0,1.0,1.0,0.1103515625,True,100.0,400.0,4,256,False,False,0.02712624879950906,0.6765538948091508
China,log_beta_process_2029,tempered_smc_rank_and_particle_quality,0.9866890603132461,0.9862300369975068,64.0,64.0,64,8,1.0,64.0,64.0,1.0,1.0,0.015625,0.015625,64,64.0,1.0,0.015625,1,1.0,1.0,1.0,0.0,0.0,2.0,1.0,1.0,0.1103515625,True,100.0,400.0,4,256,False,False,0.02695409785377237,0.6993392537042429
China,log_beta_process_2030,tempered_smc_rank_and_particle_quality,0.993266324014391,0.9922444032478852,64.0,64.0,64,8,1.0,64.0,64.0,1.0,1.0,0.015625,0.015625,64,64.0,1.0,0.015625,1,1.0,1.0,1.0,0.0,0.0,2.0,1.0,1.0,0.1103515625,True,100.0,400.0,4,256,False,False,0.06074023048226122,0.6968460881426529
China,log_beta_process_2031,tempered_smc_rank_and_particle_quality,1.0041435851027027,1.0039786715092252,64.0,64.0,64,8,1.0,64.0,64.0,1.0,1.0,0.015625,0.015625,64,64.0,1.0,0.015625,1,1.0,1.0,1.0,0.0,0.0,2.0,1.0,1.0,0.1103515625,True,100.0,400.0,4,256,False,False,0.028870800351151114,0.6850541621055969
China,log_beta_process_2032,tempered_smc_rank_and_particle_quality,0.9994616931343471,0.9980746474675098,64.0,64.0,64,8,1.0,64.0,64.0,1.0,1.0,0.015625,0.015625,64,64.0,1.0,0.015625,1,1.0,1.0,1.0,0.0,0.0,2.0,1.0,1.0,0.1103515625,True,100.0,400.0,4,256,False,False,0.019968147458390657,0.7034889987770637
China,log_beta_process_2033,tempered_smc_rank_and_particle_quality,0.9977716442067063,0.9970862421973555,64.0,64.0,64,8,1.0,64.0,64.0,1.0,1.0,0.015625,0.015625,64,64.0,1.0,0.015625,1,1.0,1.0,1.0,0.0,0.0,2.0,1.0,1.0,0.1103515625,True,100.0,400.0,4,256,False,False,0.005201061863676585,0.6785181376330915
China,log_beta_process_2034,tempered_smc_rank_and_particle_quality,0.9929852534157971,0.9928618200017402,64.0,64.0,64,8,1.0,64.0,64.0,1.0,1.0,0.015625,0.015625,64,64.0,1.0,0.015625,1,1.0,1.0,1.0,0.0,0.0,2.0,1.0,1.0,0.1103515625,True,100.0,400.0,4,256,False,False,0.023064343296049016,0.668303101593594
China,log_beta_process_2035,tempered_smc_rank_and_particle_quality,0.9987108977607635,0.9977904211227081,64.0,64.0,64,8,1.0,64.0,64.0,1.0,1.0,0.015625,0.015625,64,64.0,1.0,0.015625,1,1.0,1.0,1.0,0.0,0.0,2.0,1.0,1.0,0.1103515625,True,100.0,400.0,4,256,False,False,0.03444981304494517,0.6495416846452712
China,log_beta_process_2036,tempered_smc_rank_and_particle_quality,1.001916204408742,1.0015777991488828,64.0,64.0,64,8,1.0,64.0,64.0,1.0,1.0,0.015625,0.015625,64,64.0,1.0,0.015625,1,1.0,1.0,1.0,0.0,0.0,2.0,1.0,1.0,0.1103515625,True,100.0,400.0,4,256,False,False,0.009627656043282706,0.7140444767944412
China,log_beta_process_2037,tempered_smc_rank_and_particle_quality,1.0087236077132593,1.007995798881347,64.0,64.0,64,8,1.0,64.0,64.0,1.0,1.0,0.015625,0.015625,64,64.0,1.0,0.015625,1,1.0,1.0,1.0,0.0,0.0,2.0,1.0,1.0,0.1103515625,True,100.0,400.0,4,256,False,False,0.006725678419975236,0.6722622256218369
China,log_beta_process_2038,tempered_smc_rank_and_particle_quality,0.9955403230609591,0.9974802541186003,64.0,64.0,64,8,1.0,64.0,64.0,1.0,1.0,0.015625,0.015625,64,64.0,1.0,0.015625,1,1.0,1.0,1.0,0.0,0.0,2.0,1.0,1.0,0.1103515625,True,100.0,400.0,4,256,False,False,-0.05192906780908382,0.6683346320873258
China,log_beta_process_2039,tempered_smc_rank_and_particle_quality,0.9986407807154627,0.9982050318738293,64.0,64.0,64,8,1.0,64.0,64.0,1.0,1.0,0.015625,0.015625,64,64.0,1.0,0.015625,1,1.0,1.0,1.0,0.0,0.0,2.0,1.0,1.0,0.1103515625,True,100.0,400.0,4,256,False,False,-0.05025179479363702,0.7079317040619483
China,log_beta_process_2040,tempered_smc_rank_and_particle_quality,0.9959293125827553,0.9966631245555542,64.0,64.0,64,8,1.0,64.0,64.0,1.0,1.0,0.015625,0.015625,64,64.0,1.0,0.015625,1,1.0,1.0,1.0,0.0,0.0,2.0,1.0,1.0,0.1103515625,True,100.0,400.0,4,256,False,False,-0.056517528070719594,0.7220280062471872
China,log_beta_process_2041,tempered_smc_rank_and_particle_quality,1.0045097294036396,1.0055479397692588,64.0,64.0,64,8,1.0,64.0,64.0,1.0,1.0,0.015625,0.015625,64,64.0,1.0,0.015625,1,1.0,1.0,1.0,0.0,0.0,2.0,1.0,1.0,0.1103515625,True,100.0,400.0,4,256,False,False,-0.006381372862824159,0.6749964528295236
China,log_beta_process_2042,tempered_smc_rank_and_particle_quality,0.9999274349627483,1.0017001895014261,64.0,64.0,64,8,1.0,64.0,64.0,1.0,1.0,0.015625,0.015625,64,64.0,1.0,0.015625,1,1.0,1.0,1.0,0.0,0.0,2.0,1.0,1.0,0.1103515625,True,100.0,400.0,4,256,False,False,0.01225657701814753,0.7148068587369266
China,log_beta_process_2043,tempered_smc_rank_and_particle_quality,0.9880367374486496,0.9878533935367313,64.0,64.0,64,8,1.0,64.0,64.0,1.0,1.0,0.015625,0.015625,64,64.0,1.0,0.015625,1,1.0,1.0,1.0,0.0,0.0,2.0,1.0,1.0,0.1103515625,True,100.0,400.0,4,256,False,False,0.06935424167893732,0.6241922373225671
China,log_beta_process_2044,tempered_smc_rank_and_particle_quality,1.0012808082117544,1.000747037454355,64.0,64.0,64,8,1.0,64.0,64.0,1.0,1.0,0.015625,0.015625,64,64.0,1.0,0.015625,1,1.0,1.0,1.0,0.0,0.0,2.0,1.0,1.0,0.1103515625,True,100.0,400.0,4,256,False,False,0.0415339466249401,0.7068263847790559
China,log_beta_process_2045,tempered_smc_rank_and_particle_quality,0.9906852302001979,0.990372905796756,64.0,64.0,64,8,1.0,64.0,64.0,1.0,1.0,0.015625,0.015625,64,64.0,1.0,0.015625,1,1.0,1.0,1.0,0.0,0.0,2.0,1.0,1.0,0.1103515625,True,100.0,400.0,4,256,False,False,0.02716703141620892,0.6745963992970785
China,log_beta_process_2046,tempered_smc_rank_and_particle_quality,0.9945125589202589,0.9947548421034419,64.0,64.0,64,8,1.0,64.0,64.0,1.0,1.0,0.015625,0.015625,64,64.0,1.0,0.015625,1,1.0,1.0,1.0,0.0,0.0,2.0,1.0,1.0,0.1103515625,True,100.0,400.0,4,256,False,False,-0.012666259826952676,0.6696120209866818
China,log_beta_process_2047,tempered_smc_rank_and_particle_quality,0.99488145523918,0.9981713779567072,64.0,64.0,64,8,1.0,64.0,64.0,1.0,1.0,0.015625,0.015625,64,64.0,1.0,0.015625,1,1.0,1.0,1.0,0.0,0.0,2.0,1.0,1.0,0.1103515625,True,100.0,400.0,4,256,False,False,-0.01362081430863666,0.6982456301442131
China,log_beta_process_2048,tempered_smc_rank_and_particle_quality,0.9994043793732496,0.9995536237215169,64.0,64.0,64,8,1.0,64.0,64.0,1.0,1.0,0.015625,0.015625,64,64.0,1.0,0.015625,1,1.0,1.0,1.0,0.0,0.0,2.0,1.0,1.0,0.1103515625,True,100.0,400.0,4,256,False,False,0.022780917873728424,0.6780651199111333
China,log_beta_process_2049,tempered_smc_rank_and_particle_quality,0.9948013756218574,0.9948637002588631,64.0,64.0,64,8,1.0,64.0,64.0,1.0,1.0,0.015625,0.015625,64,64.0,1.0,0.015625,1,1.0,1.0,1.0,0.0,0.0,2.0,1.0,1.0,0.1103515625,True,100.0,400.0,4,256,False,False,0.009213480291388593,0.7216364201048812
China,log_beta_process_2050,tempered_smc_rank_and_particle_quality,0.9944455074858672,0.9941785080967909,64.0,64.0,64,8,1.0,64.0,64.0,1.0,1.0,0.015625,0.015625,64,64.0,1.0,0.015625,1,1.0,1.0,1.0,0.0,0.0,2.0,1.0,1.0,0.1103515625,True,100.0,400.0,4,256,False,False,-0.027267482646769703,0.6774137441813273
United_Kingdom,VE_sus,tempered_smc_rank_and_particle_quality,1.0075232451952025,1.0079491123005246,64.0,47.6288974904235,64,8,1.0,64.0,64.0,1.0,1.0,0.015625,0.015625,64,64.0,1.0,0.015625,1,1.0,1.0,1.0,0.0,0.0,2.0,1.0,1.0,0.1103515625,True,100.0,400.0,4,256,False,False,0.06990305116902862,0.029020306411226934
United_Kingdom,VE_inf,tempered_smc_rank_and_particle_quality,1.0023884910938816,1.000808374325142,64.0,64.0,64,8,1.0,64.0,64.0,1.0,1.0,0.015625,0.015625,64,64.0,1.0,0.015625,1,1.0,1.0,1.0,0.0,0.0,2.0,1.0,1.0,0.1103515625,True,100.0,400.0,4,256,False,False,0.2153608171020546,0.06423526112340712
United_Kingdom,VE_dur,tempered_smc_rank_and_particle_quality,1.0075189127899227,0.9978951421509358,60.28311675362302,64.0,64,8,1.0,64.0,64.0,1.0,1.0,0.015625,0.015625,64,64.0,1.0,0.015625,1,1.0,1.0,1.0,0.0,0.0,2.0,1.0,1.0,0.1103515625,True,100.0,400.0,4,256,False,False,0.07550671827665176,0.04175816149138103
United_Kingdom,relative_infectiousness_asymptomatic,tempered_smc_rank_and_particle_quality,1.014312711125728,1.0065235416564742,58.05431344896848,50.50380831855522,64,8,1.0,64.0,64.0,1.0,1.0,0.015625,0.015625,64,64.0,1.0,0.015625,1,1.0,1.0,1.0,0.0,0.0,2.0,1.0,1.0,0.1103515625,True,100.0,400.0,4,256,False,False,0.6774688684595278,0.04448725356729948
United_Kingdom,infectious_duration_symptomatic,tempered_smc_rank_and_particle_quality,1.0048120639687912,1.0042844560611557,64.0,64.0,64,8,1.0,64.0,64.0,1.0,1.0,0.015625,0.015625,64,64.0,1.0,0.015625,1,1.0,1.0,1.0,0.0,0.0,2.0,1.0,1.0,0.1103515625,True,100.0,400.0,4,256,False,False,27.076798245933478,2.1148912550270054
United_Kingdom,infectious_duration_asymptomatic,tempered_smc_rank_and_particle_quality,0.9931169489861711,0.9941898692047931,64.0,64.0,64,8,1.0,64.0,64.0,1.0,1.0,0.015625,0.015625,64,64.0,1.0,0.015625,1,1.0,1.0,1.0,0.0,0.0,2.0,1.0,1.0,0.1103515625,True,100.0,400.0,4,256,False,False,19.06446668425525,1.6332109309777318
United_Kingdom,fitness_R,tempered_smc_rank_and_particle_quality,1.0027662076612618,1.0087536259411976,63.77721582560209,50.17015097312416,64,8,1.0,64.0,64.0,1.0,1.0,0.015625,0.015625,64,64.0,1.0,0.015625,1,1.0,1.0,1.0,0.0,0.0,2.0,1.0,1.0,0.1103515625,True,100.0,400.0,4,256,False,False,0.7141772684557877,0.032956969803471695
United_Kingdom,beta_S,tempered_smc_rank_and_particle_quality,1.0008449464878346,0.9923889471043084,64.0,53.923701978196476,64,8,1.0,64.0,64.0,1.0,1.0,0.015625,0.015625,64,64.0,1.0,0.015625,1,1.0,1.0,1.0,0.0,0.0,2.0,1.0,1.0,0.1103515625,True,100.0,400.0,4,256,False,False,0.01512841053227195,0.0018328026551484144
United_Kingdom,reporting_multiplier,tempered_smc_rank_and_particle_quality,0.9951504186307344,1.008856492543388,64.0,64.0,64,8,1.0,64.0,64.0,1.0,1.0,0.015625,0.015625,64,64.0,1.0,0.015625,1,1.0,1.0,1.0,0.0,0.0,2.0,1.0,1.0,0.1103515625,True,100.0,400.0,4,256,False,False,0.45784670752947987,0.06769395624639687
United_Kingdom,log_beta_process_2019,tempered_smc_rank_and_particle_quality,0.9919591316789975,0.9949646252739949,64.0,64.0,64,8,1.0,64.0,64.0,1.0,1.0,0.015625,0.015625,64,64.0,1.0,0.015625,1,1.0,1.0,1.0,0.0,0.0,2.0,1.0,1.0,0.1103515625,True,100.0,400.0,4,256,False,False,-0.49657936879075193,0.20037169248029993
United_Kingdom,log_beta_process_2020,tempered_smc_rank_and_particle_quality,1.0103554045744654,0.9917371675099002,55.43292928325349,64.0,64,8,1.0,64.0,64.0,1.0,1.0,0.015625,0.015625,64,64.0,1.0,0.015625,1,1.0,1.0,1.0,0.0,0.0,2.0,1.0,1.0,0.1103515625,True,100.0,400.0,4,256,False,False,0.42569837834038543,0.22827867856626552
United_Kingdom,log_beta_process_2021,tempered_smc_rank_and_particle_quality,1.0009274107627926,0.9978895445556748,64.0,64.0,64,8,1.0,64.0,64.0,1.0,1.0,0.015625,0.015625,64,64.0,1.0,0.015625,1,1.0,1.0,1.0,0.0,0.0,2.0,1.0,1.0,0.1103515625,True,100.0,400.0,4,256,False,False,0.1476297740533092,0.10010736543679219
United_Kingdom,log_beta_process_2022,tempered_smc_rank_and_particle_quality,0.9934742697492979,0.9899298288562266,64.0,64.0,64,8,1.0,64.0,64.0,1.0,1.0,0.015625,0.015625,64,64.0,1.0,0.015625,1,1.0,1.0,1.0,0.0,0.0,2.0,1.0,1.0,0.1103515625,True,100.0,400.0,4,256,False,False,-0.38394025370675344,0.036699161121348946
United_Kingdom,log_beta_process_2023,tempered_smc_rank_and_particle_quality,1.0056335855453793,0.9997015052655388,53.05916358992135,51.24210552437184,64,8,1.0,64.0,64.0,1.0,1.0,0.015625,0.015625,64,64.0,1.0,0.015625,1,1.0,1.0,1.0,0.0,0.0,2.0,1.0,1.0,0.1103515625,True,100.0,400.0,4,256,False,False,-0.015634201016603486,0.03770024684123971
United_Kingdom,log_beta_process_2024,tempered_smc_rank_and_particle_quality,0.9972371555089888,0.99721603951902,54.84659165810356,64.0,64,8,1.0,64.0,64.0,1.0,1.0,0.015625,0.015625,64,64.0,1.0,0.015625,1,1.0,1.0,1.0,0.0,0.0,2.0,1.0,1.0,0.1103515625,True,100.0,400.0,4,256,False,False,-0.06632021569492161,0.0392196776969919
United_Kingdom,log_beta_process_2025,tempered_smc_rank_and_particle_quality,0.9947918847832692,0.9970426006572187,64.0,64.0,64,8,1.0,64.0,64.0,1.0,1.0,0.015625,0.015625,64,64.0,1.0,0.015625,1,1.0,1.0,1.0,0.0,0.0,2.0,1.0,1.0,0.1103515625,True,100.0,400.0,4,256,False,False,-0.739408563445668,0.0714902619529231
United_Kingdom,log_beta_process_2026,tempered_smc_rank_and_particle_quality,1.0087297177053518,1.0092093182969288,64.0,64.0,64,8,1.0,64.0,64.0,1.0,1.0,0.015625,0.015625,64,64.0,1.0,0.015625,1,1.0,1.0,1.0,0.0,0.0,2.0,1.0,1.0,0.1103515625,True,100.0,400.0,4,256,False,False,-0.3399136171096173,0.6368262644448929
United_Kingdom,log_beta_process_2027,tempered_smc_rank_and_particle_quality,0.9976275641656764,0.9990367776439478,64.0,64.0,64,8,1.0,64.0,64.0,1.0,1.0,0.015625,0.015625,64,64.0,1.0,0.015625,1,1.0,1.0,1.0,0.0,0.0,2.0,1.0,1.0,0.1103515625,True,100.0,400.0,4,256,False,False,-0.17842369836156657,0.6955061099340698
United_Kingdom,log_beta_process_2028,tempered_smc_rank_and_particle_quality,0.9968253849534444,0.9966792329494698,64.0,64.0,64,8,1.0,64.0,64.0,1.0,1.0,0.015625,0.015625,64,64.0,1.0,0.015625,1,1.0,1.0,1.0,0.0,0.0,2.0,1.0,1.0,0.1103515625,True,100.0,400.0,4,256,False,False,-0.07130341551278854,0.6933511093465311
United_Kingdom,log_beta_process_2029,tempered_smc_rank_and_particle_quality,0.9952569632164218,0.9944419723731281,64.0,64.0,64,8,1.0,64.0,64.0,1.0,1.0,0.015625,0.015625,64,64.0,1.0,0.015625,1,1.0,1.0,1.0,0.0,0.0,2.0,1.0,1.0,0.1103515625,True,100.0,400.0,4,256,False,False,0.0034172211816041846,0.7073228529922074
United_Kingdom,log_beta_process_2030,tempered_smc_rank_and_particle_quality,1.0125700786542104,1.0119992037663588,64.0,64.0,64,8,1.0,64.0,64.0,1.0,1.0,0.015625,0.015625,64,64.0,1.0,0.015625,1,1.0,1.0,1.0,0.0,0.0,2.0,1.0,1.0,0.1103515625,True,100.0,400.0,4,256,False,False,0.017642838751364694,0.6890524528956457
United_Kingdom,log_beta_process_2031,tempered_smc_rank_and_particle_quality,0.9880632701408134,0.9868488592410677,64.0,64.0,64,8,1.0,64.0,64.0,1.0,1.0,0.015625,0.015625,64,64.0,1.0,0.015625,1,1.0,1.0,1.0,0.0,0.0,2.0,1.0,1.0,0.1103515625,True,100.0,400.0,4,256,False,False,0.014784429085374185,0.686417565975278
United_Kingdom,log_beta_process_2032,tempered_smc_rank_and_particle_quality,1.0056049436714207,1.0039988868576681,64.0,64.0,64,8,1.0,64.0,64.0,1.0,1.0,0.015625,0.015625,64,64.0,1.0,0.015625,1,1.0,1.0,1.0,0.0,0.0,2.0,1.0,1.0,0.1103515625,True,100.0,400.0,4,256,False,False,-0.021666492623670208,0.6854025122491915
United_Kingdom,log_beta_process_2033,tempered_smc_rank_and_particle_quality,0.989790641352557,0.990166905275373,64.0,64.0,64,8,1.0,64.0,64.0,1.0,1.0,0.015625,0.015625,64,64.0,1.0,0.015625,1,1.0,1.0,1.0,0.0,0.0,2.0,1.0,1.0,0.1103515625,True,100.0,400.0,4,256,False,False,0.0599229159522712,0.691947188825356
United_Kingdom,log_beta_process_2034,tempered_smc_rank_and_particle_quality,1.0068997274720413,1.0063108117515212,64.0,53.26469963965302,64,8,1.0,64.0,64.0,1.0,1.0,0.015625,0.015625,64,64.0,1.0,0.015625,1,1.0,1.0,1.0,0.0,0.0,2.0,1.0,1.0,0.1103515625,True,100.0,400.0,4,256,False,False,0.06467511852106683,0.6486605753115655
United_Kingdom,log_beta_process_2035,tempered_smc_rank_and_particle_quality,1.0046646658750873,1.004615264351226,64.0,58.54576830250352,64,8,1.0,64.0,64.0,1.0,1.0,0.015625,0.015625,64,64.0,1.0,0.015625,1,1.0,1.0,1.0,0.0,0.0,2.0,1.0,1.0,0.1103515625,True,100.0,400.0,4,256,False,False,0.05008583588058504,0.6624859920721246
United_Kingdom,log_beta_process_2036,tempered_smc_rank_and_particle_quality,1.003289606188771,1.0028017172908283,64.0,51.09436957525111,64,8,1.0,64.0,64.0,1.0,1.0,0.015625,0.015625,64,64.0,1.0,0.015625,1,1.0,1.0,1.0,0.0,0.0,2.0,1.0,1.0,0.1103515625,True,100.0,400.0,4,256,False,False,0.026048815400283167,0.6564070980015353
United_Kingdom,log_beta_process_2037,tempered_smc_rank_and_particle_quality,0.9962996991709235,0.9969351231226495,64.0,64.0,64,8,1.0,64.0,64.0,1.0,1.0,0.015625,0.015625,64,64.0,1.0,0.015625,1,1.0,1.0,1.0,0.0,0.0,2.0,1.0,1.0,0.1103515625,True,100.0,400.0,4,256,False,False,-0.010027120230867768,0.677598494894789
United_Kingdom,log_beta_process_2038,tempered_smc_rank_and_particle_quality,0.9972821858231616,0.997269224177815,64.0,64.0,64,8,1.0,64.0,64.0,1.0,1.0,0.015625,0.015625,64,64.0,1.0,0.015625,1,1.0,1.0,1.0,0.0,0.0,2.0,1.0,1.0,0.1103515625,True,100.0,400.0,4,256,False,False,-0.029507369775253228,0.7017079855276912
United_Kingdom,log_beta_process_2039,tempered_smc_rank_and_particle_quality,1.0009333299606986,1.0006491971644207,64.0,49.9834334810039,64,8,1.0,64.0,64.0,1.0,1.0,0.015625,0.015625,64,64.0,1.0,0.015625,1,1.0,1.0,1.0,0.0,0.0,2.0,1.0,1.0,0.1103515625,True,100.0,400.0,4,256,False,False,-0.010750943072079404,0.6759499075117996
United_Kingdom,log_beta_process_2040,tempered_smc_rank_and_particle_quality,1.0133758684926457,1.012729913739342,64.0,64.0,64,8,1.0,64.0,64.0,1.0,1.0,0.015625,0.015625,64,64.0,1.0,0.015625,1,1.0,1.0,1.0,0.0,0.0,2.0,1.0,1.0,0.1103515625,True,100.0,400.0,4,256,False,False,0.02418478252186119,0.6679815532111046
United_Kingdom,log_beta_process_2041,tempered_smc_rank_and_particle_quality,0.9981261329167689,0.9985964944892209,64.0,64.0,64,8,1.0,64.0,64.0,1.0,1.0,0.015625,0.015625,64,64.0,1.0,0.015625,1,1.0,1.0,1.0,0.0,0.0,2.0,1.0,1.0,0.1103515625,True,100.0,400.0,4,256,False,False,0.03617817234289732,0.691649237397893
United_Kingdom,log_beta_process_2042,tempered_smc_rank_and_particle_quality,0.9929830876290818,0.9934290165666586,64.0,64.0,64,8,1.0,64.0,64.0,1.0,1.0,0.015625,0.015625,64,64.0,1.0,0.015625,1,1.0,1.0,1.0,0.0,0.0,2.0,1.0,1.0,0.1103515625,True,100.0,400.0,4,256,False,False,0.07984302237938681,0.6020220934964238
United_Kingdom,log_beta_process_2043,tempered_smc_rank_and_particle_quality,0.9919198215986017,0.9924411677820727,64.0,64.0,64,8,1.0,64.0,64.0,1.0,1.0,0.015625,0.015625,64,64.0,1.0,0.015625,1,1.0,1.0,1.0,0.0,0.0,2.0,1.0,1.0,0.1103515625,True,100.0,400.0,4,256,False,False,0.0652670861632013,0.6683266377113481
United_Kingdom,log_beta_process_2044,tempered_smc_rank_and_particle_quality,0.9921393714735974,0.9923547228429263,64.0,64.0,64,8,1.0,64.0,64.0,1.0,1.0,0.015625,0.015625,64,64.0,1.0,0.015625,1,1.0,1.0,1.0,0.0,0.0,2.0,1.0,1.0,0.1103515625,True,100.0,400.0,4,256,False,False,0.021624779336021038,0.6571950664471828
United_Kingdom,log_beta_process_2045,tempered_smc_rank_and_particle_quality,0.9966409942099363,0.9965133050720278,64.0,64.0,64,8,1.0,64.0,64.0,1.0,1.0,0.015625,0.015625,64,64.0,1.0,0.015625,1,1.0,1.0,1.0,0.0,0.0,2.0,1.0,1.0,0.1103515625,True,100.0,400.0,4,256,False,False,-0.030123517558073132,0.6588385654629074
United_Kingdom,log_beta_process_2046,tempered_smc_rank_and_particle_quality,0.9932313968051656,0.9967581570137474,64.0,64.0,64,8,1.0,64.0,64.0,1.0,1.0,0.015625,0.015625,64,64.0,1.0,0.015625,1,1.0,1.0,1.0,0.0,0.0,2.0,1.0,1.0,0.1103515625,True,100.0,400.0,4,256,False,False,0.01988488884637315,0.707981571776511
United_Kingdom,log_beta_process_2047,tempered_smc_rank_and_particle_quality,0.9937047482761869,0.9938795447201956,64.0,64.0,64,8,1.0,64.0,64.0,1.0,1.0,0.015625,0.015625,64,64.0,1.0,0.015625,1,1.0,1.0,1.0,0.0,0.0,2.0,1.0,1.0,0.1103515625,True,100.0,400.0,4,256,False,False,0.00632557456484761,0.6636194124594776
United_Kingdom,log_beta_process_2048,tempered_smc_rank_and_particle_quality,0.9987620961538562,0.9983359605300114,64.0,64.0,64,8,1.0,64.0,64.0,1.0,1.0,0.015625,0.015625,64,64.0,1.0,0.015625,1,1.0,1.0,1.0,0.0,0.0,2.0,1.0,1.0,0.1103515625,True,100.0,400.0,4,256,False,False,-0.051562113982426626,0.6987446279170108
United_Kingdom,log_beta_process_2049,tempered_smc_rank_and_particle_quality,0.9955089496291026,0.9960300167628093,64.0,64.0,64,8,1.0,64.0,64.0,1.0,1.0,0.015625,0.015625,64,64.0,1.0,0.015625,1,1.0,1.0,1.0,0.0,0.0,2.0,1.0,1.0,0.1103515625,True,100.0,400.0,4,256,False,False,-0.04358302348452651,0.6772399788371994
United_Kingdom,log_beta_process_2050,tempered_smc_rank_and_particle_quality,0.9974503681419779,0.9981199690972178,64.0,64.0,64,8,1.0,64.0,64.0,1.0,1.0,0.015625,0.015625,64,64.0,1.0,0.015625,1,1.0,1.0,1.0,0.0,0.0,2.0,1.0,1.0,0.1103515625,True,100.0,400.0,4,256,False,False,-0.026674904981327154,0.6729514175969558
Japan,VE_sus,tempered_smc_rank_and_particle_quality,1.0075232451952025,1.0079491123005246,64.0,47.6288974904235,64,8,1.0,64.0,64.0,1.0,1.0,0.015625,0.015625,64,64.0,1.0,0.015625,1,1.0,1.0,1.0,0.0,0.0,2.0,1.0,1.0,0.1103515625,True,100.0,400.0,4,256,False,False,0.06990305116902862,0.029020306411226934
Japan,VE_inf,tempered_smc_rank_and_particle_quality,1.0023884910938816,1.000808374325142,64.0,64.0,64,8,1.0,64.0,64.0,1.0,1.0,0.015625,0.015625,64,64.0,1.0,0.015625,1,1.0,1.0,1.0,0.0,0.0,2.0,1.0,1.0,0.1103515625,True,100.0,400.0,4,256,False,False,0.2153608171020546,0.06423526112340712
Japan,VE_dur,tempered_smc_rank_and_particle_quality,1.0075189127899227,0.9978951421509358,60.28311675362302,64.0,64,8,1.0,64.0,64.0,1.0,1.0,0.015625,0.015625,64,64.0,1.0,0.015625,1,1.0,1.0,1.0,0.0,0.0,2.0,1.0,1.0,0.1103515625,True,100.0,400.0,4,256,False,False,0.07550671827665176,0.04175816149138103
Japan,relative_infectiousness_asymptomatic,tempered_smc_rank_and_particle_quality,1.014312711125728,1.0065235416564742,58.05431344896848,50.50380831855522,64,8,1.0,64.0,64.0,1.0,1.0,0.015625,0.015625,64,64.0,1.0,0.015625,1,1.0,1.0,1.0,0.0,0.0,2.0,1.0,1.0,0.1103515625,True,100.0,400.0,4,256,False,False,0.6774688684595278,0.04448725356729948
Japan,infectious_duration_symptomatic,tempered_smc_rank_and_particle_quality,1.0048120639687912,1.0042844560611557,64.0,64.0,64,8,1.0,64.0,64.0,1.0,1.0,0.015625,0.015625,64,64.0,1.0,0.015625,1,1.0,1.0,1.0,0.0,0.0,2.0,1.0,1.0,0.1103515625,True,100.0,400.0,4,256,False,False,27.076798245933478,2.1148912550270054
Japan,infectious_duration_asymptomatic,tempered_smc_rank_and_particle_quality,0.9931169489861711,0.9941898692047931,64.0,64.0,64,8,1.0,64.0,64.0,1.0,1.0,0.015625,0.015625,64,64.0,1.0,0.015625,1,1.0,1.0,1.0,0.0,0.0,2.0,1.0,1.0,0.1103515625,True,100.0,400.0,4,256,False,False,19.06446668425525,1.6332109309777318
Japan,fitness_R,tempered_smc_rank_and_particle_quality,1.0027662076612618,1.0087536259411976,63.77721582560209,50.17015097312416,64,8,1.0,64.0,64.0,1.0,1.0,0.015625,0.015625,64,64.0,1.0,0.015625,1,1.0,1.0,1.0,0.0,0.0,2.0,1.0,1.0,0.1103515625,True,100.0,400.0,4,256,False,False,0.7141772684557877,0.032956969803471695
Japan,beta_S,tempered_smc_rank_and_particle_quality,1.0130120147073436,1.0193926010073917,64.0,64.0,64,8,1.0,64.0,64.0,1.0,1.0,0.015625,0.015625,64,64.0,1.0,0.015625,1,1.0,1.0,1.0,0.0,0.0,2.0,1.0,1.0,0.1103515625,True,100.0,400.0,4,256,False,False,0.019157259499636276,0.000985829009552059
Japan,reporting_multiplier,tempered_smc_rank_and_particle_quality,1.0009020731306182,1.0051195759767897,55.21473174068985,64.0,64,8,1.0,64.0,64.0,1.0,1.0,0.015625,0.015625,64,64.0,1.0,0.015625,1,1.0,1.0,1.0,0.0,0.0,2.0,1.0,1.0,0.1103515625,True,100.0,400.0,4,256,False,False,0.3503766526481418,0.1080121874912872
Japan,log_beta_process_2021,tempered_smc_rank_and_particle_quality,0.9940690453888806,0.9863205231674858,64.0,64.0,64,8,1.0,64.0,64.0,1.0,1.0,0.015625,0.015625,64,64.0,1.0,0.015625,1,1.0,1.0,1.0,0.0,0.0,2.0,1.0,1.0,0.1103515625,True,100.0,400.0,4,256,False,False,-0.1974878970963434,0.05073500649477438
Japan,log_beta_process_2022,tempered_smc_rank_and_particle_quality,1.0033059734052714,0.998532819555465,57.09768111148993,49.31714973805006,64,8,1.0,64.0,64.0,1.0,1.0,0.015625,0.015625,64,64.0,1.0,0.015625,1,1.0,1.0,1.0,0.0,0.0,2.0,1.0,1.0,0.1103515625,True,100.0,400.0,4,256,False,False,-0.20331113300648207,0.0766394705886767
Japan,log_beta_process_2023,tempered_smc_rank_and_particle_quality,1.0052888905149335,1.0034869579090813,64.0,64.0,64,8,1.0,64.0,64.0,1.0,1.0,0.015625,0.015625,64,64.0,1.0,0.015625,1,1.0,1.0,1.0,0.0,0.0,2.0,1.0,1.0,0.1103515625,True,100.0,400.0,4,256,False,False,-0.34224092797323025,0.029851543642927605
Japan,log_beta_process_2024,tempered_smc_rank_and_particle_quality,0.9975477032226578,0.9940427576380013,64.0,64.0,64,8,1.0,64.0,64.0,1.0,1.0,0.015625,0.015625,64,64.0,1.0,0.015625,1,1.0,1.0,1.0,0.0,0.0,2.0,1.0,1.0,0.1103515625,True,100.0,400.0,4,256,False,False,-0.2711723370679219,0.06205010296196637
Japan,log_beta_process_2025,tempered_smc_rank_and_particle_quality,1.0046221610913775,1.0111228906684357,64.0,41.95738589127001,64,8,1.0,64.0,64.0,1.0,1.0,0.015625,0.015625,64,64.0,1.0,0.015625,1,1.0,1.0,1.0,0.0,0.0,2.0,1.0,1.0,0.1103515625,True,100.0,400.0,4,256,False,False,0.03968966206880385,0.06453045736461566
Japan,log_beta_process_2026,tempered_smc_rank_and_particle_quality,0.9932142091707437,0.9970709301955117,64.0,64.0,64,8,1.0,64.0,64.0,1.0,1.0,0.015625,0.015625,64,64.0,1.0,0.015625,1,1.0,1.0,1.0,0.0,0.0,2.0,1.0,1.0,0.1103515625,True,100.0,400.0,4,256,False,False,-1.3212031461638993,0.15696353634012242
Japan,log_beta_process_2027,tempered_smc_rank_and_particle_quality,1.0064701261695244,1.007643246761891,64.0,64.0,64,8,1.0,64.0,64.0,1.0,1.0,0.015625,0.015625,64,64.0,1.0,0.015625,1,1.0,1.0,1.0,0.0,0.0,2.0,1.0,1.0,0.1103515625,True,100.0,400.0,4,256,False,False,-0.6420313531116985,0.6505445848380172
Japan,log_beta_process_2028,tempered_smc_rank_and_particle_quality,0.9958590645274153,0.9964321541199428,64.0,64.0,64,8,1.0,64.0,64.0,1.0,1.0,0.015625,0.015625,64,64.0,1.0,0.015625,1,1.0,1.0,1.0,0.0,0.0,2.0,1.0,1.0,0.1103515625,True,100.0,400.0,4,256,False,False,-0.30194704457861316,0.6809012939412273
Japan,log_beta_process_2029,tempered_smc_rank_and_particle_quality,0.9884900889950949,0.9884648584073391,64.0,64.0,64,8,1.0,64.0,64.0,1.0,1.0,0.015625,0.015625,64,64.0,1.0,0.015625,1,1.0,1.0,1.0,0.0,0.0,2.0,1.0,1.0,0.1103515625,True,100.0,400.0,4,256,False,False,-0.1596376629789685,0.6722354998842268
Japan,log_beta_process_2030,tempered_smc_rank_and_particle_quality,1.007255495920034,1.007784047667644,64.0,64.0,64,8,1.0,64.0,64.0,1.0,1.0,0.015625,0.015625,64,64.0,1.0,0.015625,1,1.0,1.0,1.0,0.0,0.0,2.0,1.0,1.0,0.1103515625,True,100.0,400.0,4,256,False,False,-0.06441797989437188,0.6725019322659378
Japan,log_beta_process_2031,tempered_smc_rank_and_particle_quality,1.0198822070444304,1.0203621637464497,64.0,64.0,64,8,1.0,64.0,64.0,1.0,1.0,0.015625,0.015625,64,64.0,1.0,0.015625,1,1.0,1.0,1.0,0.0,0.0,2.0,1.0,1.0,0.1103515625,True,100.0,400.0,4,256,False,False,-0.0262821016487836,0.6983400700158939
Japan,log_beta_process_2032,tempered_smc_rank_and_particle_quality,0.9956076289304587,0.9937883734497494,64.0,64.0,64,8,1.0,64.0,64.0,1.0,1.0,0.015625,0.015625,64,64.0,1.0,0.015625,1,1.0,1.0,1.0,0.0,0.0,2.0,1.0,1.0,0.1103515625,True,100.0,400.0,4,256,False,False,-0.02289427862716537,0.6689301231482013
Japan,log_beta_process_2033,tempered_smc_rank_and_particle_quality,0.9922723954093849,0.9920478751374036,64.0,64.0,64,8,1.0,64.0,64.0,1.0,1.0,0.015625,0.015625,64,64.0,1.0,0.015625,1,1.0,1.0,1.0,0.0,0.0,2.0,1.0,1.0,0.1103515625,True,100.0,400.0,4,256,False,False,0.00027397618235843954,0.6968349156030349
Japan,log_beta_process_2034,tempered_smc_rank_and_particle_quality,0.9930467057040042,0.9936051743832705,64.0,64.0,64,8,1.0,64.0,64.0,1.0,1.0,0.015625,0.015625,64,64.0,1.0,0.015625,1,1.0,1.0,1.0,0.0,0.0,2.0,1.0,1.0,0.1103515625,True,100.0,400.0,4,256,False,False,0.036168317488439336,0.7227416374301436
Japan,log_beta_process_2035,tempered_smc_rank_and_particle_quality,1.003025565650202,1.003106171529829,64.0,64.0,64,8,1.0,64.0,64.0,1.0,1.0,0.015625,0.015625,64,64.0,1.0,0.015625,1,1.0,1.0,1.0,0.0,0.0,2.0,1.0,1.0,0.1103515625,True,100.0,400.0,4,256,False,False,0.04802684953983509,0.6921675163238533
Japan,log_beta_process_2036,tempered_smc_rank_and_particle_quality,0.9991076978496243,0.9981373828762974,64.0,64.0,64,8,1.0,64.0,64.0,1.0,1.0,0.015625,0.015625,64,64.0,1.0,0.015625,1,1.0,1.0,1.0,0.0,0.0,2.0,1.0,1.0,0.1103515625,True,100.0,400.0,4,256,False,False,-0.0005039375868205222,0.6513643982022124
Japan,log_beta_process_2037,tempered_smc_rank_and_particle_quality,1.0041380527291932,1.002755614769827,64.0,54.0895526778458,64,8,1.0,64.0,64.0,1.0,1.0,0.015625,0.015625,64,64.0,1.0,0.015625,1,1.0,1.0,1.0,0.0,0.0,2.0,1.0,1.0,0.1103515625,True,100.0,400.0,4,256,False,False,-0.011910705041555017,0.6239830926918187
Japan,log_beta_process_2038,tempered_smc_rank_and_particle_quality,0.9980488764031509,0.9971111518677838,64.0,64.0,64,8,1.0,64.0,64.0,1.0,1.0,0.015625,0.015625,64,64.0,1.0,0.015625,1,1.0,1.0,1.0,0.0,0.0,2.0,1.0,1.0,0.1103515625,True,100.0,400.0,4,256,False,False,-0.0516445836419855,0.6775406862445765
Japan,log_beta_process_2039,tempered_smc_rank_and_particle_quality,1.0141339076536726,1.0158288297851654,64.0,64.0,64,8,1.0,64.0,64.0,1.0,1.0,0.015625,0.015625,64,64.0,1.0,0.015625,1,1.0,1.0,1.0,0.0,0.0,2.0,1.0,1.0,0.1103515625,True,100.0,400.0,4,256,False,False,-0.033571375654880914,0.6925934341442732
Japan,log_beta_process_2040,tempered_smc_rank_and_particle_quality,1.017323409761456,1.0177049864759524,64.0,64.0,64,8,1.0,64.0,64.0,1.0,1.0,0.015625,0.015625,64,64.0,1.0,0.015625,1,1.0,1.0,1.0,0.0,0.0,2.0,1.0,1.0,0.1103515625,True,100.0,400.0,4,256,False,False,0.007834871543034104,0.642883387911941
Japan,log_beta_process_2041,tempered_smc_rank_and_particle_quality,0.993117468760149,0.9924069661001272,64.0,64.0,64,8,1.0,64.0,64.0,1.0,1.0,0.015625,0.015625,64,64.0,1.0,0.015625,1,1.0,1.0,1.0,0.0,0.0,2.0,1.0,1.0,0.1103515625,True,100.0,400.0,4,256,False,False,0.049287363448085736,0.7223118873146868
Japan,log_beta_process_2042,tempered_smc_rank_and_particle_quality,0.9934980695334951,0.9933972304449541,64.0,64.0,64,8,1.0,64.0,64.0,1.0,1.0,0.015625,0.015625,64,64.0,1.0,0.015625,1,1.0,1.0,1.0,0.0,0.0,2.0,1.0,1.0,0.1103515625,True,100.0,400.0,4,256,False,False,0.021596608369532793,0.6785793979510552
Japan,log_beta_process_2043,tempered_smc_rank_and_particle_quality,1.0140729595337714,1.0136012153004146,64.0,64.0,64,8,1.0,64.0,64.0,1.0,1.0,0.015625,0.015625,64,64.0,1.0,0.015625,1,1.0,1.0,1.0,0.0,0.0,2.0,1.0,1.0,0.1103515625,True,100.0,400.0,4,256,False,False,0.061640647096109565,0.6444337321917551
Japan,log_beta_process_2044,tempered_smc_rank_and_particle_quality,1.0004661615684791,0.9995266869317091,64.0,64.0,64,8,1.0,64.0,64.0,1.0,1.0,0.015625,0.015625,64,64.0,1.0,0.015625,1,1.0,1.0,1.0,0.0,0.0,2.0,1.0,1.0,0.1103515625,True,100.0,400.0,4,256,False,False,0.06642818050733353,0.6851824039505947
Japan,log_beta_process_2045,tempered_smc_rank_and_particle_quality,0.9897330507214205,0.9891896504196916,64.0,64.0,64,8,1.0,64.0,64.0,1.0,1.0,0.015625,0.015625,64,64.0,1.0,0.015625,1,1.0,1.0,1.0,0.0,0.0,2.0,1.0,1.0,0.1103515625,True,100.0,400.0,4,256,False,False,0.03155259157836869,0.6767747782271265
Japan,log_beta_process_2046,tempered_smc_rank_and_particle_quality,0.9955989968358264,0.9951166369421904,64.0,64.0,64,8,1.0,64.0,64.0,1.0,1.0,0.015625,0.015625,64,64.0,1.0,0.015625,1,1.0,1.0,1.0,0.0,0.0,2.0,1.0,1.0,0.1103515625,True,100.0,400.0,4,256,False,False,-0.012006229800145962,0.6859577047872157
Japan,log_beta_process_2047,tempered_smc_rank_and_particle_quality,1.0075999329951917,1.0073830150633867,64.0,64.0,64,8,1.0,64.0,64.0,1.0,1.0,0.015625,0.015625,64,64.0,1.0,0.015625,1,1.0,1.0,1.0,0.0,0.0,2.0,1.0,1.0,0.1103515625,True,100.0,400.0,4,256,False,False,0.05371466036040678,0.7123472513483496
Japan,log_beta_process_2048,tempered_smc_rank_and_particle_quality,1.0010565643868274,1.0016028628786666,64.0,64.0,64,8,1.0,64.0,64.0,1.0,1.0,0.015625,0.015625,64,64.0,1.0,0.015625,1,1.0,1.0,1.0,0.0,0.0,2.0,1.0,1.0,0.1103515625,True,100.0,400.0,4,256,False,False,-0.029252146282821592,0.6886667915656131
Japan,log_beta_process_2049,tempered_smc_rank_and_particle_quality,0.993660790372345,0.9929932310618161,64.0,64.0,64,8,1.0,64.0,64.0,1.0,1.0,0.015625,0.015625,64,64.0,1.0,0.015625,1,1.0,1.0,1.0,0.0,0.0,2.0,1.0,1.0,0.1103515625,True,100.0,400.0,4,256,False,False,-0.09751212642398126,0.7049175038454708
Japan,log_beta_process_2050,tempered_smc_rank_and_particle_quality,0.9906559863995229,0.9905414330421867,64.0,64.0,64,8,1.0,64.0,64.0,1.0,1.0,0.015625,0.015625,64,64.0,1.0,0.015625,1,1.0,1.0,1.0,0.0,0.0,2.0,1.0,1.0,0.1103515625,True,100.0,400.0,4,256,False,False,-0.046933576981674996,0.6903693648816575
New_Zealand,VE_sus,tempered_smc_rank_and_particle_quality,1.0075232451952025,1.0079491123005246,64.0,47.6288974904235,64,8,1.0,64.0,64.0,1.0,1.0,0.015625,0.015625,64,64.0,1.0,0.015625,1,1.0,1.0,1.0,0.0,0.0,2.0,1.0,1.0,0.1103515625,True,100.0,400.0,4,256,False,False,0.06990305116902862,0.029020306411226934
New_Zealand,VE_inf,tempered_smc_rank_and_particle_quality,1.0023884910938816,1.000808374325142,64.0,64.0,64,8,1.0,64.0,64.0,1.0,1.0,0.015625,0.015625,64,64.0,1.0,0.015625,1,1.0,1.0,1.0,0.0,0.0,2.0,1.0,1.0,0.1103515625,True,100.0,400.0,4,256,False,False,0.2153608171020546,0.06423526112340712
New_Zealand,VE_dur,tempered_smc_rank_and_particle_quality,1.0075189127899227,0.9978951421509358,60.28311675362302,64.0,64,8,1.0,64.0,64.0,1.0,1.0,0.015625,0.015625,64,64.0,1.0,0.015625,1,1.0,1.0,1.0,0.0,0.0,2.0,1.0,1.0,0.1103515625,True,100.0,400.0,4,256,False,False,0.07550671827665176,0.04175816149138103
New_Zealand,relative_infectiousness_asymptomatic,tempered_smc_rank_and_particle_quality,1.014312711125728,1.0065235416564742,58.05431344896848,50.50380831855522,64,8,1.0,64.0,64.0,1.0,1.0,0.015625,0.015625,64,64.0,1.0,0.015625,1,1.0,1.0,1.0,0.0,0.0,2.0,1.0,1.0,0.1103515625,True,100.0,400.0,4,256,False,False,0.6774688684595278,0.04448725356729948
New_Zealand,infectious_duration_symptomatic,tempered_smc_rank_and_particle_quality,1.0048120639687912,1.0042844560611557,64.0,64.0,64,8,1.0,64.0,64.0,1.0,1.0,0.015625,0.015625,64,64.0,1.0,0.015625,1,1.0,1.0,1.0,0.0,0.0,2.0,1.0,1.0,0.1103515625,True,100.0,400.0,4,256,False,False,27.076798245933478,2.1148912550270054
New_Zealand,infectious_duration_asymptomatic,tempered_smc_rank_and_particle_quality,0.9931169489861711,0.9941898692047931,64.0,64.0,64,8,1.0,64.0,64.0,1.0,1.0,0.015625,0.015625,64,64.0,1.0,0.015625,1,1.0,1.0,1.0,0.0,0.0,2.0,1.0,1.0,0.1103515625,True,100.0,400.0,4,256,False,False,19.06446668425525,1.6332109309777318
New_Zealand,fitness_R,tempered_smc_rank_and_particle_quality,1.0027662076612618,1.0087536259411976,63.77721582560209,50.17015097312416,64,8,1.0,64.0,64.0,1.0,1.0,0.015625,0.015625,64,64.0,1.0,0.015625,1,1.0,1.0,1.0,0.0,0.0,2.0,1.0,1.0,0.1103515625,True,100.0,400.0,4,256,False,False,0.7141772684557877,0.032956969803471695
New_Zealand,beta_S,tempered_smc_rank_and_particle_quality,1.010812232525476,1.0045924874846588,64.0,64.0,64,8,1.0,64.0,64.0,1.0,1.0,0.015625,0.015625,64,64.0,1.0,0.015625,1,1.0,1.0,1.0,0.0,0.0,2.0,1.0,1.0,0.1103515625,True,100.0,400.0,4,256,False,False,0.0200493518650754,0.0016416211678641228
New_Zealand,reporting_multiplier,tempered_smc_rank_and_particle_quality,1.0042206940035838,1.0204464555532369,64.0,64.0,64,8,1.0,64.0,64.0,1.0,1.0,0.015625,0.015625,64,64.0,1.0,0.015625,1,1.0,1.0,1.0,0.0,0.0,2.0,1.0,1.0,0.1103515625,True,100.0,400.0,4,256,False,False,1.86265219700728,0.13467606300360815
New_Zealand,log_beta_process_2021,tempered_smc_rank_and_particle_quality,1.0006734449899966,1.004675022438668,64.0,64.0,64,8,1.0,64.0,64.0,1.0,1.0,0.015625,0.015625,64,64.0,1.0,0.015625,1,1.0,1.0,1.0,0.0,0.0,2.0,1.0,1.0,0.1103515625,True,100.0,400.0,4,256,False,False,0.25856365077387417,0.03009591537835542
New_Zealand,log_beta_process_2022,tempered_smc_rank_and_particle_quality,1.000875400416595,0.9900819545797995,61.04991062161619,63.678381711458144,64,8,1.0,64.0,64.0,1.0,1.0,0.015625,0.015625,64,64.0,1.0,0.015625,1,1.0,1.0,1.0,0.0,0.0,2.0,1.0,1.0,0.1103515625,True,100.0,400.0,4,256,False,False,-0.0905881364808129,0.0550351271242223
New_Zealand,log_beta_process_2023,tempered_smc_rank_and_particle_quality,1.0047806845903446,1.0058317964153811,64.0,64.0,64,8,1.0,64.0,64.0,1.0,1.0,0.015625,0.015625,64,64.0,1.0,0.015625,1,1.0,1.0,1.0,0.0,0.0,2.0,1.0,1.0,0.1103515625,True,100.0,400.0,4,256,False,False,-0.16525501137625143,0.022431066925442757
New_Zealand,log_beta_process_2024,tempered_smc_rank_and_particle_quality,1.020115043829834,1.0168811520349261,45.09865838303888,64.0,64,8,1.0,64.0,64.0,1.0,1.0,0.015625,0.015625,64,64.0,1.0,0.015625,1,1.0,1.0,1.0,0.0,0.0,2.0,1.0,1.0,0.1103515625,True,100.0,400.0,4,256,False,False,-0.2538112075585806,0.03142765301751399
New_Zealand,log_beta_process_2025,tempered_smc_rank_and_particle_quality,1.0101880954236586,1.0081004322602998,59.894079604422686,46.58634494528212,64,8,1.0,64.0,64.0,1.0,1.0,0.015625,0.015625,64,64.0,1.0,0.015625,1,1.0,1.0,1.0,0.0,0.0,2.0,1.0,1.0,0.1103515625,True,100.0,400.0,4,256,False,False,-0.5264759350198065,0.028837143159489993
New_Zealand,log_beta_process_2026,tempered_smc_rank_and_particle_quality,1.0026748206670004,0.9989886209904444,64.0,64.0,64,8,1.0,64.0,64.0,1.0,1.0,0.015625,0.015625,64,64.0,1.0,0.015625,1,1.0,1.0,1.0,0.0,0.0,2.0,1.0,1.0,0.1103515625,True,100.0,400.0,4,256,False,False,-0.331621128770869,0.05251643320239825
New_Zealand,log_beta_process_2027,tempered_smc_rank_and_particle_quality,1.0112623486676382,1.012045374429754,64.0,64.0,64,8,1.0,64.0,64.0,1.0,1.0,0.015625,0.015625,64,64.0,1.0,0.015625,1,1.0,1.0,1.0,0.0,0.0,2.0,1.0,1.0,0.1103515625,True,100.0,400.0,4,256,False,False,-0.1823195154180018,0.6164859103384958
New_Zealand,log_beta_process_2028,tempered_smc_rank_and_particle_quality,0.9993577312247998,0.9984991833314543,64.0,64.0,64,8,1.0,64.0,64.0,1.0,1.0,0.015625,0.015625,64,64.0,1.0,0.015625,1,1.0,1.0,1.0,0.0,0.0,2.0,1.0,1.0,0.1103515625,True,100.0,400.0,4,256,False,False,-0.05295945449889031,0.6799654506646855
New_Zealand,log_beta_process_2029,tempered_smc_rank_and_particle_quality,0.9994223954539352,0.9994749297419376,64.0,64.0,64,8,1.0,64.0,64.0,1.0,1.0,0.015625,0.015625,64,64.0,1.0,0.015625,1,1.0,1.0,1.0,0.0,0.0,2.0,1.0,1.0,0.1103515625,True,100.0,400.0,4,256,False,False,-0.03329624676781783,0.6662555543020239
New_Zealand,log_beta_process_2030,tempered_smc_rank_and_particle_quality,1.0053676710788395,1.0058839739969576,64.0,64.0,64,8,1.0,64.0,64.0,1.0,1.0,0.015625,0.015625,64,64.0,1.0,0.015625,1,1.0,1.0,1.0,0.0,0.0,2.0,1.0,1.0,0.1103515625,True,100.0,400.0,4,256,False,False,-0.011207447115957026,0.6566507112813876
New_Zealand,log_beta_process_2031,tempered_smc_rank_and_particle_quality,1.004322925056204,1.006219794458787,64.0,64.0,64,8,1.0,64.0,64.0,1.0,1.0,0.015625,0.015625,64,64.0,1.0,0.015625,1,1.0,1.0,1.0,0.0,0.0,2.0,1.0,1.0,0.1103515625,True,100.0,400.0,4,256,False,False,-0.04874639302434289,0.6879736644015213
New_Zealand,log_beta_process_2032,tempered_smc_rank_and_particle_quality,0.9962011255131877,0.9962882288861533,64.0,64.0,64,8,1.0,64.0,64.0,1.0,1.0,0.015625,0.015625,64,64.0,1.0,0.015625,1,1.0,1.0,1.0,0.0,0.0,2.0,1.0,1.0,0.1103515625,True,100.0,400.0,4,256,False,False,-0.016579459468372353,0.6789441310967492
New_Zealand,log_beta_process_2033,tempered_smc_rank_and_particle_quality,0.9952897694889248,0.9942141788504979,64.0,64.0,64,8,1.0,64.0,64.0,1.0,1.0,0.015625,0.015625,64,64.0,1.0,0.015625,1,1.0,1.0,1.0,0.0,0.0,2.0,1.0,1.0,0.1103515625,True,100.0,400.0,4,256,False,False,0.011826551318683019,0.6913531490556986
New_Zealand,log_beta_process_2034,tempered_smc_rank_and_particle_quality,1.0019336108519397,1.0027817912557793,64.0,64.0,64,8,1.0,64.0,64.0,1.0,1.0,0.015625,0.015625,64,64.0,1.0,0.015625,1,1.0,1.0,1.0,0.0,0.0,2.0,1.0,1.0,0.1103515625,True,100.0,400.0,4,256,False,False,0.04521779928603294,0.745323966490478
New_Zealand,log_beta_process_2035,tempered_smc_rank_and_particle_quality,1.0095691064815133,1.0083915636730563,64.0,64.0,64,8,1.0,64.0,64.0,1.0,1.0,0.015625,0.015625,64,64.0,1.0,0.015625,1,1.0,1.0,1.0,0.0,0.0,2.0,1.0,1.0,0.1103515625,True,100.0,400.0,4,256,False,False,0.032868369132481104,0.7156516213333336
New_Zealand,log_beta_process_2036,tempered_smc_rank_and_particle_quality,1.0097737161095397,1.0091883372794777,64.0,64.0,64,8,1.0,64.0,64.0,1.0,1.0,0.015625,0.015625,64,64.0,1.0,0.015625,1,1.0,1.0,1.0,0.0,0.0,2.0,1.0,1.0,0.1103515625,True,100.0,400.0,4,256,False,False,-0.01620196606063354,0.6756616964183185
New_Zealand,log_beta_process_2037,tempered_smc_rank_and_particle_quality,0.9966353523212715,0.995618763570405,64.0,64.0,64,8,1.0,64.0,64.0,1.0,1.0,0.015625,0.015625,64,64.0,1.0,0.015625,1,1.0,1.0,1.0,0.0,0.0,2.0,1.0,1.0,0.1103515625,True,100.0,400.0,4,256,False,False,0.02929433058010603,0.6220710317671068
New_Zealand,log_beta_process_2038,tempered_smc_rank_and_particle_quality,0.997619966732494,0.9981942229784511,64.0,64.0,64,8,1.0,64.0,64.0,1.0,1.0,0.015625,0.015625,64,64.0,1.0,0.015625,1,1.0,1.0,1.0,0.0,0.0,2.0,1.0,1.0,0.1103515625,True,100.0,400.0,4,256,False,False,-0.008094653829207703,0.7078958744900963
New_Zealand,log_beta_process_2039,tempered_smc_rank_and_particle_quality,0.990404217221197,0.9913046785431101,64.0,64.0,64,8,1.0,64.0,64.0,1.0,1.0,0.015625,0.015625,64,64.0,1.0,0.015625,1,1.0,1.0,1.0,0.0,0.0,2.0,1.0,1.0,0.1103515625,True,100.0,400.0,4,256,False,False,0.04047728415737343,0.6551884205388581
New_Zealand,log_beta_process_2040,tempered_smc_rank_and_particle_quality,1.0097700707338586,1.0095659920634292,64.0,64.0,64,8,1.0,64.0,64.0,1.0,1.0,0.015625,0.015625,64,64.0,1.0,0.015625,1,1.0,1.0,1.0,0.0,0.0,2.0,1.0,1.0,0.1103515625,True,100.0,400.0,4,256,False,False,0.07171991447081094,0.6331811662557163
New_Zealand,log_beta_process_2041,tempered_smc_rank_and_particle_quality,0.9878719140324544,0.9880129560100122,64.0,64.0,64,8,1.0,64.0,64.0,1.0,1.0,0.015625,0.015625,64,64.0,1.0,0.015625,1,1.0,1.0,1.0,0.0,0.0,2.0,1.0,1.0,0.1103515625,True,100.0,400.0,4,256,False,False,0.06700280993011039,0.730439813082011
New_Zealand,log_beta_process_2042,tempered_smc_rank_and_particle_quality,1.0014491805060817,1.002210036699352,64.0,64.0,64,8,1.0,64.0,64.0,1.0,1.0,0.015625,0.015625,64,64.0,1.0,0.015625,1,1.0,1.0,1.0,0.0,0.0,2.0,1.0,1.0,0.1103515625,True,100.0,400.0,4,256,False,False,0.017308432548774174,0.6943548980670583
New_Zealand,log_beta_process_2043,tempered_smc_rank_and_particle_quality,1.0118235356580545,1.01380583863126,64.0,64.0,64,8,1.0,64.0,64.0,1.0,1.0,0.015625,0.015625,64,64.0,1.0,0.015625,1,1.0,1.0,1.0,0.0,0.0,2.0,1.0,1.0,0.1103515625,True,100.0,400.0,4,256,False,False,0.029321115912682397,0.6750662730626351
New_Zealand,log_beta_process_2044,tempered_smc_rank_and_particle_quality,1.0031871276795608,1.0049077043251875,64.0,64.0,64,8,1.0,64.0,64.0,1.0,1.0,0.015625,0.015625,64,64.0,1.0,0.015625,1,1.0,1.0,1.0,0.0,0.0,2.0,1.0,1.0,0.1103515625,True,100.0,400.0,4,256,False,False,0.047103465507164946,0.6886430928041612
New_Zealand,log_beta_process_2045,tempered_smc_rank_and_particle_quality,0.9989610169903294,0.9983543676890876,64.0,64.0,64,8,1.0,64.0,64.0,1.0,1.0,0.015625,0.015625,64,64.0,1.0,0.015625,1,1.0,1.0,1.0,0.0,0.0,2.0,1.0,1.0,0.1103515625,True,100.0,400.0,4,256,False,False,0.010581365411634165,0.6856493199425963
New_Zealand,log_beta_process_2046,tempered_smc_rank_and_particle_quality,0.9917429154833868,0.991702064301132,64.0,64.0,64,8,1.0,64.0,64.0,1.0,1.0,0.015625,0.015625,64,64.0,1.0,0.015625,1,1.0,1.0,1.0,0.0,0.0,2.0,1.0,1.0,0.1103515625,True,100.0,400.0,4,256,False,False,-0.027282447741768186,0.671269883586334
New_Zealand,log_beta_process_2047,tempered_smc_rank_and_particle_quality,1.0061759512609534,1.0060294257775935,64.0,64.0,64,8,1.0,64.0,64.0,1.0,1.0,0.015625,0.015625,64,64.0,1.0,0.015625,1,1.0,1.0,1.0,0.0,0.0,2.0,1.0,1.0,0.1103515625,True,100.0,400.0,4,256,False,False,0.027753407660646722,0.6889233387603324
New_Zealand,log_beta_process_2048,tempered_smc_rank_and_particle_quality,1.0041360639276873,1.0048337829241003,64.0,64.0,64,8,1.0,64.0,64.0,1.0,1.0,0.015625,0.015625,64,64.0,1.0,0.015625,1,1.0,1.0,1.0,0.0,0.0,2.0,1.0,1.0,0.1103515625,True,100.0,400.0,4,256,False,False,-0.012544885607697428,0.7053020490352752
New_Zealand,log_beta_process_2049,tempered_smc_rank_and_particle_quality,1.0100429227685972,1.0102588196993716,64.0,64.0,64,8,1.0,64.0,64.0,1.0,1.0,0.015625,0.015625,64,64.0,1.0,0.015625,1,1.0,1.0,1.0,0.0,0.0,2.0,1.0,1.0,0.1103515625,True,100.0,400.0,4,256,False,False,-0.06911754695239772,0.6875761623741629
New_Zealand,log_beta_process_2050,tempered_smc_rank_and_particle_quality,1.0108963949290237,1.011452074172366,64.0,64.0,64,8,1.0,64.0,64.0,1.0,1.0,0.015625,0.015625,64,64.0,1.0,0.015625,1,1.0,1.0,1.0,0.0,0.0,2.0,1.0,1.0,0.1103515625,True,100.0,400.0,4,256,False,False,0.0028791932297564764,0.704841985885041
Sweden,VE_sus,tempered_smc_rank_and_particle_quality,1.0075232451952025,1.0079491123005246,64.0,47.6288974904235,64,8,1.0,64.0,64.0,1.0,1.0,0.015625,0.015625,64,64.0,1.0,0.015625,1,1.0,1.0,1.0,0.0,0.0,2.0,1.0,1.0,0.1103515625,True,100.0,400.0,4,256,False,False,0.06990305116902862,0.029020306411226934
Sweden,VE_inf,tempered_smc_rank_and_particle_quality,1.0023884910938816,1.000808374325142,64.0,64.0,64,8,1.0,64.0,64.0,1.0,1.0,0.015625,0.015625,64,64.0,1.0,0.015625,1,1.0,1.0,1.0,0.0,0.0,2.0,1.0,1.0,0.1103515625,True,100.0,400.0,4,256,False,False,0.2153608171020546,0.06423526112340712
Sweden,VE_dur,tempered_smc_rank_and_particle_quality,1.0075189127899227,0.9978951421509358,60.28311675362302,64.0,64,8,1.0,64.0,64.0,1.0,1.0,0.015625,0.015625,64,64.0,1.0,0.015625,1,1.0,1.0,1.0,0.0,0.0,2.0,1.0,1.0,0.1103515625,True,100.0,400.0,4,256,False,False,0.07550671827665176,0.04175816149138103
Sweden,relative_infectiousness_asymptomatic,tempered_smc_rank_and_particle_quality,1.014312711125728,1.0065235416564742,58.05431344896848,50.50380831855522,64,8,1.0,64.0,64.0,1.0,1.0,0.015625,0.015625,64,64.0,1.0,0.015625,1,1.0,1.0,1.0,0.0,0.0,2.0,1.0,1.0,0.1103515625,True,100.0,400.0,4,256,False,False,0.6774688684595278,0.04448725356729948
Sweden,infectious_duration_symptomatic,tempered_smc_rank_and_particle_quality,1.0048120639687912,1.0042844560611557,64.0,64.0,64,8,1.0,64.0,64.0,1.0,1.0,0.015625,0.015625,64,64.0,1.0,0.015625,1,1.0,1.0,1.0,0.0,0.0,2.0,1.0,1.0,0.1103515625,True,100.0,400.0,4,256,False,False,27.076798245933478,2.1148912550270054
Sweden,infectious_duration_asymptomatic,tempered_smc_rank_and_particle_quality,0.9931169489861711,0.9941898692047931,64.0,64.0,64,8,1.0,64.0,64.0,1.0,1.0,0.015625,0.015625,64,64.0,1.0,0.015625,1,1.0,1.0,1.0,0.0,0.0,2.0,1.0,1.0,0.1103515625,True,100.0,400.0,4,256,False,False,19.06446668425525,1.6332109309777318
Sweden,fitness_R,tempered_smc_rank_and_particle_quality,1.0027662076612618,1.0087536259411976,63.77721582560209,50.17015097312416,64,8,1.0,64.0,64.0,1.0,1.0,0.015625,0.015625,64,64.0,1.0,0.015625,1,1.0,1.0,1.0,0.0,0.0,2.0,1.0,1.0,0.1103515625,True,100.0,400.0,4,256,False,False,0.7141772684557877,0.032956969803471695
Sweden,beta_S,tempered_smc_rank_and_particle_quality,1.0184041629299918,1.0053139000689848,57.717208043557164,49.474704685374576,64,8,1.0,64.0,64.0,1.0,1.0,0.015625,0.015625,64,64.0,1.0,0.015625,1,1.0,1.0,1.0,0.0,0.0,2.0,1.0,1.0,0.1103515625,True,100.0,400.0,4,256,False,False,0.007956160069435262,0.0011637255727452293
Sweden,reporting_multiplier,tempered_smc_rank_and_particle_quality,1.018418664936085,1.0014964727944937,64.0,62.26947721577415,64,8,1.0,64.0,64.0,1.0,1.0,0.015625,0.015625,64,64.0,1.0,0.015625,1,1.0,1.0,1.0,0.0,0.0,2.0,1.0,1.0,0.1103515625,True,100.0,400.0,4,256,False,False,1.5950881079983257,0.11894583852410054
Sweden,log_beta_process_2021,tempered_smc_rank_and_particle_quality,1.0084607924490643,1.0235284189200518,50.11393819832069,59.87101194499245,64,8,1.0,64.0,64.0,1.0,1.0,0.015625,0.015625,64,64.0,1.0,0.015625,1,1.0,1.0,1.0,0.0,0.0,2.0,1.0,1.0,0.1103515625,True,100.0,400.0,4,256,False,False,-1.3519718213548513,0.18677380372939478
Sweden,log_beta_process_2022,tempered_smc_rank_and_particle_quality,1.0017667644209036,0.9954414952547969,64.0,64.0,64,8,1.0,64.0,64.0,1.0,1.0,0.015625,0.015625,64,64.0,1.0,0.015625,1,1.0,1.0,1.0,0.0,0.0,2.0,1.0,1.0,0.1103515625,True,100.0,400.0,4,256,False,False,-0.12495399334971595,0.030708744513882943
Sweden,log_beta_process_2023,tempered_smc_rank_and_particle_quality,1.0037713484962631,0.9946819368403418,64.0,64.0,64,8,1.0,64.0,64.0,1.0,1.0,0.015625,0.015625,64,64.0,1.0,0.015625,1,1.0,1.0,1.0,0.0,0.0,2.0,1.0,1.0,0.1103515625,True,100.0,400.0,4,256,False,False,-0.041852726437675375,0.04868748650395701
Sweden,log_beta_process_2024,tempered_smc_rank_and_particle_quality,1.0049518208225388,1.0005030294002493,64.0,64.0,64,8,1.0,64.0,64.0,1.0,1.0,0.015625,0.015625,64,64.0,1.0,0.015625,1,1.0,1.0,1.0,0.0,0.0,2.0,1.0,1.0,0.1103515625,True,100.0,400.0,4,256,False,False,0.109226734297352,0.047902551123265906
Sweden,log_beta_process_2025,tempered_smc_rank_and_particle_quality,1.0048547754253747,1.0020628556863278,64.0,55.71191031230325,64,8,1.0,64.0,64.0,1.0,1.0,0.015625,0.015625,64,64.0,1.0,0.015625,1,1.0,1.0,1.0,0.0,0.0,2.0,1.0,1.0,0.1103515625,True,100.0,400.0,4,256,False,False,-0.33454638533383163,0.09552942397594598
Sweden,log_beta_process_2026,tempered_smc_rank_and_particle_quality,1.001871330108875,1.0123954084648883,62.879963046053554,60.1076251798825,64,8,1.0,64.0,64.0,1.0,1.0,0.015625,0.015625,64,64.0,1.0,0.015625,1,1.0,1.0,1.0,0.0,0.0,2.0,1.0,1.0,0.1103515625,True,100.0,400.0,4,256,False,False,-0.7633699299583794,0.24996310647321793
Sweden,log_beta_process_2027,tempered_smc_rank_and_particle_quality,0.9970321525011553,0.9984955291990718,64.0,64.0,64,8,1.0,64.0,64.0,1.0,1.0,0.015625,0.015625,64,64.0,1.0,0.015625,1,1.0,1.0,1.0,0.0,0.0,2.0,1.0,1.0,0.1103515625,True,100.0,400.0,4,256,False,False,-0.4357087467712799,0.627502651313961
Sweden,log_beta_process_2028,tempered_smc_rank_and_particle_quality,1.0005600299197845,1.0000300993145954,64.0,64.0,64,8,1.0,64.0,64.0,1.0,1.0,0.015625,0.015625,64,64.0,1.0,0.015625,1,1.0,1.0,1.0,0.0,0.0,2.0,1.0,1.0,0.1103515625,True,100.0,400.0,4,256,False,False,-0.15946001948533942,0.6609571249043495
Sweden,log_beta_process_2029,tempered_smc_rank_and_particle_quality,0.9969930868425436,0.9957392184484573,64.0,64.0,64,8,1.0,64.0,64.0,1.0,1.0,0.015625,0.015625,64,64.0,1.0,0.015625,1,1.0,1.0,1.0,0.0,0.0,2.0,1.0,1.0,0.1103515625,True,100.0,400.0,4,256,False,False,-0.05136938419928584,0.65746203549693
Sweden,log_beta_process_2030,tempered_smc_rank_and_particle_quality,1.0063366879499087,1.00775069118955,64.0,64.0,64,8,1.0,64.0,64.0,1.0,1.0,0.015625,0.015625,64,64.0,1.0,0.015625,1,1.0,1.0,1.0,0.0,0.0,2.0,1.0,1.0,0.1103515625,True,100.0,400.0,4,256,False,False,-0.045719468090704464,0.6708162478315001
Sweden,log_beta_process_2031,tempered_smc_rank_and_particle_quality,1.006411605559588,1.0068095657325546,64.0,64.0,64,8,1.0,64.0,64.0,1.0,1.0,0.015625,0.015625,64,64.0,1.0,0.015625,1,1.0,1.0,1.0,0.0,0.0,2.0,1.0,1.0,0.1103515625,True,100.0,400.0,4,256,False,False,-0.06653802014837963,0.6937958565222663
Sweden,log_beta_process_2032,tempered_smc_rank_and_particle_quality,0.9914762849947238,0.9910570975370211,64.0,64.0,64,8,1.0,64.0,64.0,1.0,1.0,0.015625,0.015625,64,64.0,1.0,0.015625,1,1.0,1.0,1.0,0.0,0.0,2.0,1.0,1.0,0.1103515625,True,100.0,400.0,4,256,False,False,-0.041726872779023455,0.6567574643297561
Sweden,log_beta_process_2033,tempered_smc_rank_and_particle_quality,1.002936804289307,1.0025619748050052,64.0,64.0,64,8,1.0,64.0,64.0,1.0,1.0,0.015625,0.015625,64,64.0,1.0,0.015625,1,1.0,1.0,1.0,0.0,0.0,2.0,1.0,1.0,0.1103515625,True,100.0,400.0,4,256,False,False,0.011726792115100845,0.6727711149190083
Sweden,log_beta_process_2034,tempered_smc_rank_and_particle_quality,1.0042497340336962,1.0045049112207491,64.0,64.0,64,8,1.0,64.0,64.0,1.0,1.0,0.015625,0.015625,64,64.0,1.0,0.015625,1,1.0,1.0,1.0,0.0,0.0,2.0,1.0,1.0,0.1103515625,True,100.0,400.0,4,256,False,False,0.03637945744798991,0.7330397923436671
Sweden,log_beta_process_2035,tempered_smc_rank_and_particle_quality,1.001787898260237,1.0026053501466259,64.0,64.0,64,8,1.0,64.0,64.0,1.0,1.0,0.015625,0.015625,64,64.0,1.0,0.015625,1,1.0,1.0,1.0,0.0,0.0,2.0,1.0,1.0,0.1103515625,True,100.0,400.0,4,256,False,False,0.0032224635363342947,0.7236914794508409
Sweden,log_beta_process_2036,tempered_smc_rank_and_particle_quality,0.9943123099140582,0.9941248114806989,64.0,64.0,64,8,1.0,64.0,64.0,1.0,1.0,0.015625,0.015625,64,64.0,1.0,0.015625,1,1.0,1.0,1.0,0.0,0.0,2.0,1.0,1.0,0.1103515625,True,100.0,400.0,4,256,False,False,-0.03816563511477965,0.6831902296963696
Sweden,log_beta_process_2037,tempered_smc_rank_and_particle_quality,1.00259823335129,1.0014263278265723,64.0,64.0,64,8,1.0,64.0,64.0,1.0,1.0,0.015625,0.015625,64,64.0,1.0,0.015625,1,1.0,1.0,1.0,0.0,0.0,2.0,1.0,1.0,0.1103515625,True,100.0,400.0,4,256,False,False,0.010262265215580317,0.6443810293300513
Sweden,log_beta_process_2038,tempered_smc_rank_and_particle_quality,1.0004115382081094,0.9989784329863451,64.0,64.0,64,8,1.0,64.0,64.0,1.0,1.0,0.015625,0.015625,64,64.0,1.0,0.015625,1,1.0,1.0,1.0,0.0,0.0,2.0,1.0,1.0,0.1103515625,True,100.0,400.0,4,256,False,False,0.031166310562084888,0.7009957456986017
Sweden,log_beta_process_2039,tempered_smc_rank_and_particle_quality,0.9948198821092299,0.9950247733729599,64.0,64.0,64,8,1.0,64.0,64.0,1.0,1.0,0.015625,0.015625,64,64.0,1.0,0.015625,1,1.0,1.0,1.0,0.0,0.0,2.0,1.0,1.0,0.1103515625,True,100.0,400.0,4,256,False,False,0.01869021423580519,0.6223511480645559
Sweden,log_beta_process_2040,tempered_smc_rank_and_particle_quality,0.9947863290271693,0.9954744232093642,64.0,64.0,64,8,1.0,64.0,64.0,1.0,1.0,0.015625,0.015625,64,64.0,1.0,0.015625,1,1.0,1.0,1.0,0.0,0.0,2.0,1.0,1.0,0.1103515625,True,100.0,400.0,4,256,False,False,0.09898819362983563,0.6345401637465854
Sweden,log_beta_process_2041,tempered_smc_rank_and_particle_quality,1.0077410939964464,1.0074755467331646,64.0,64.0,64,8,1.0,64.0,64.0,1.0,1.0,0.015625,0.015625,64,64.0,1.0,0.015625,1,1.0,1.0,1.0,0.0,0.0,2.0,1.0,1.0,0.1103515625,True,100.0,400.0,4,256,False,False,0.038151730454092286,0.7313876150735369
Sweden,log_beta_process_2042,tempered_smc_rank_and_particle_quality,1.004040021261288,1.0044147840478266,64.0,64.0,64,8,1.0,64.0,64.0,1.0,1.0,0.015625,0.015625,64,64.0,1.0,0.015625,1,1.0,1.0,1.0,0.0,0.0,2.0,1.0,1.0,0.1103515625,True,100.0,400.0,4,256,False,False,0.0035532206824766023,0.7091180594363589
Sweden,log_beta_process_2043,tempered_smc_rank_and_particle_quality,0.9936164839208194,0.9943315767192098,64.0,64.0,64,8,1.0,64.0,64.0,1.0,1.0,0.015625,0.015625,64,64.0,1.0,0.015625,1,1.0,1.0,1.0,0.0,0.0,2.0,1.0,1.0,0.1103515625,True,100.0,400.0,4,256,False,False,-0.0033793362653058642,0.7023983670268831
Sweden,log_beta_process_2044,tempered_smc_rank_and_particle_quality,0.998180883869794,0.999047411716291,64.0,64.0,64,8,1.0,64.0,64.0,1.0,1.0,0.015625,0.015625,64,64.0,1.0,0.015625,1,1.0,1.0,1.0,0.0,0.0,2.0,1.0,1.0,0.1103515625,True,100.0,400.0,4,256,False,False,0.011023568529484308,0.694032858429559
Sweden,log_beta_process_2045,tempered_smc_rank_and_particle_quality,0.999601885365369,0.9989531810779949,64.0,64.0,64,8,1.0,64.0,64.0,1.0,1.0,0.015625,0.015625,64,64.0,1.0,0.015625,1,1.0,1.0,1.0,0.0,0.0,2.0,1.0,1.0,0.1103515625,True,100.0,400.0,4,256,False,False,-0.03259328168160459,0.681118321059011
Sweden,log_beta_process_2046,tempered_smc_rank_and_particle_quality,0.9974949193439344,0.9965231739274416,64.0,64.0,64,8,1.0,64.0,64.0,1.0,1.0,0.015625,0.015625,64,64.0,1.0,0.015625,1,1.0,1.0,1.0,0.0,0.0,2.0,1.0,1.0,0.1103515625,True,100.0,400.0,4,256,False,False,-0.07446372267830755,0.6581315170322809
Sweden,log_beta_process_2047,tempered_smc_rank_and_particle_quality,1.0112750644911341,1.0120323327252123,64.0,64.0,64,8,1.0,64.0,64.0,1.0,1.0,0.015625,0.015625,64,64.0,1.0,0.015625,1,1.0,1.0,1.0,0.0,0.0,2.0,1.0,1.0,0.1103515625,True,100.0,400.0,4,256,False,False,-0.002263791382159666,0.6876035338781631
Sweden,log_beta_process_2048,tempered_smc_rank_and_particle_quality,0.9898765398746479,0.9896555720473537,64.0,64.0,64,8,1.0,64.0,64.0,1.0,1.0,0.015625,0.015625,64,64.0,1.0,0.015625,1,1.0,1.0,1.0,0.0,0.0,2.0,1.0,1.0,0.1103515625,True,100.0,400.0,4,256,False,False,-0.04383172873608078,0.7043885003414053
Sweden,log_beta_process_2049,tempered_smc_rank_and_particle_quality,1.003578453220996,1.0043899792416675,64.0,64.0,64,8,1.0,64.0,64.0,1.0,1.0,0.015625,0.015625,64,64.0,1.0,0.015625,1,1.0,1.0,1.0,0.0,0.0,2.0,1.0,1.0,0.1103515625,True,100.0,400.0,4,256,False,False,-0.08752422574120328,0.6865627820992076
Sweden,log_beta_process_2050,tempered_smc_rank_and_particle_quality,1.0141060326376328,1.0150376389530802,64.0,64.0,64,8,1.0,64.0,64.0,1.0,1.0,0.015625,0.015625,64,64.0,1.0,0.015625,1,1.0,1.0,1.0,0.0,0.0,2.0,1.0,1.0,0.1103515625,True,100.0,400.0,4,256,False,False,0.031321745272453586,0.6973978643701217
United_States,VE_sus,tempered_smc_rank_and_particle_quality,1.0075232451952025,1.0079491123005246,64.0,47.6288974904235,64,8,1.0,64.0,64.0,1.0,1.0,0.015625,0.015625,64,64.0,1.0,0.015625,1,1.0,1.0,1.0,0.0,0.0,2.0,1.0,1.0,0.1103515625,True,100.0,400.0,4,256,False,False,0.06990305116902862,0.029020306411226934
United_States,VE_inf,tempered_smc_rank_and_particle_quality,1.0023884910938816,1.000808374325142,64.0,64.0,64,8,1.0,64.0,64.0,1.0,1.0,0.015625,0.015625,64,64.0,1.0,0.015625,1,1.0,1.0,1.0,0.0,0.0,2.0,1.0,1.0,0.1103515625,True,100.0,400.0,4,256,False,False,0.2153608171020546,0.06423526112340712
United_States,VE_dur,tempered_smc_rank_and_particle_quality,1.0075189127899227,0.9978951421509358,60.28311675362302,64.0,64,8,1.0,64.0,64.0,1.0,1.0,0.015625,0.015625,64,64.0,1.0,0.015625,1,1.0,1.0,1.0,0.0,0.0,2.0,1.0,1.0,0.1103515625,True,100.0,400.0,4,256,False,False,0.07550671827665176,0.04175816149138103
United_States,relative_infectiousness_asymptomatic,tempered_smc_rank_and_particle_quality,1.014312711125728,1.0065235416564742,58.05431344896848,50.50380831855522,64,8,1.0,64.0,64.0,1.0,1.0,0.015625,0.015625,64,64.0,1.0,0.015625,1,1.0,1.0,1.0,0.0,0.0,2.0,1.0,1.0,0.1103515625,True,100.0,400.0,4,256,False,False,0.6774688684595278,0.04448725356729948
United_States,infectious_duration_symptomatic,tempered_smc_rank_and_particle_quality,1.0048120639687912,1.0042844560611557,64.0,64.0,64,8,1.0,64.0,64.0,1.0,1.0,0.015625,0.015625,64,64.0,1.0,0.015625,1,1.0,1.0,1.0,0.0,0.0,2.0,1.0,1.0,0.1103515625,True,100.0,400.0,4,256,False,False,27.076798245933478,2.1148912550270054
United_States,infectious_duration_asymptomatic,tempered_smc_rank_and_particle_quality,0.9931169489861711,0.9941898692047931,64.0,64.0,64,8,1.0,64.0,64.0,1.0,1.0,0.015625,0.015625,64,64.0,1.0,0.015625,1,1.0,1.0,1.0,0.0,0.0,2.0,1.0,1.0,0.1103515625,True,100.0,400.0,4,256,False,False,19.06446668425525,1.6332109309777318
United_States,fitness_R,tempered_smc_rank_and_particle_quality,1.0027662076612618,1.0087536259411976,63.77721582560209,50.17015097312416,64,8,1.0,64.0,64.0,1.0,1.0,0.015625,0.015625,64,64.0,1.0,0.015625,1,1.0,1.0,1.0,0.0,0.0,2.0,1.0,1.0,0.1103515625,True,100.0,400.0,4,256,False,False,0.7141772684557877,0.032956969803471695
United_States,beta_S,tempered_smc_rank_and_particle_quality,1.004309423040118,0.9919452600682481,64.0,55.858958725584,64,8,1.0,64.0,64.0,1.0,1.0,0.015625,0.015625,64,64.0,1.0,0.015625,1,1.0,1.0,1.0,0.0,0.0,2.0,1.0,1.0,0.1103515625,True,100.0,400.0,4,256,False,False,0.009733425959935626,0.00098898010600785
United_States,reporting_multiplier,tempered_smc_rank_and_particle_quality,1.0011185289902287,1.0023452013172074,52.081297895227465,64.0,64,8,1.0,64.0,64.0,1.0,1.0,0.015625,0.015625,64,64.0,1.0,0.015625,1,1.0,1.0,1.0,0.0,0.0,2.0,1.0,1.0,0.1103515625,True,100.0,400.0,4,256,False,False,0.7923001659946756,0.17284266414849853
United_States,log_beta_process_2021,tempered_smc_rank_and_particle_quality,1.0022877052338017,0.9928785717236333,59.860014031693964,64.0,64,8,1.0,64.0,64.0,1.0,1.0,0.015625,0.015625,64,64.0,1.0,0.015625,1,1.0,1.0,1.0,0.0,0.0,2.0,1.0,1.0,0.1103515625,True,100.0,400.0,4,256,False,False,-0.22572966947262496,0.12618921803956387
United_States,log_beta_process_2022,tempered_smc_rank_and_particle_quality,1.011584634191724,1.0160753825338003,64.0,64.0,64,8,1.0,64.0,64.0,1.0,1.0,0.015625,0.015625,64,64.0,1.0,0.015625,1,1.0,1.0,1.0,0.0,0.0,2.0,1.0,1.0,0.1103515625,True,100.0,400.0,4,256,False,False,-0.24214261711501125,0.03877710291301125
United_States,log_beta_process_2023,tempered_smc_rank_and_particle_quality,0.9938341816396787,0.9932250582168632,64.0,64.0,64,8,1.0,64.0,64.0,1.0,1.0,0.015625,0.015625,64,64.0,1.0,0.015625,1,1.0,1.0,1.0,0.0,0.0,2.0,1.0,1.0,0.1103515625,True,100.0,400.0,4,256,False,False,-0.17159174190228182,0.03450147106603585
United_States,log_beta_process_2024,tempered_smc_rank_and_particle_quality,0.9916020836507121,0.9876234492905892,64.0,64.0,64,8,1.0,64.0,64.0,1.0,1.0,0.015625,0.015625,64,64.0,1.0,0.015625,1,1.0,1.0,1.0,0.0,0.0,2.0,1.0,1.0,0.1103515625,True,100.0,400.0,4,256,False,False,-0.10615587908034892,0.03561507984919423
United_States,log_beta_process_2025,tempered_smc_rank_and_particle_quality,0.9883727012079982,0.9921297172907586,64.0,64.0,64,8,1.0,64.0,64.0,1.0,1.0,0.015625,0.015625,64,64.0,1.0,0.015625,1,1.0,1.0,1.0,0.0,0.0,2.0,1.0,1.0,0.1103515625,True,100.0,400.0,4,256,False,False,-0.40404404783934333,0.035198519335232485
United_States,log_beta_process_2026,tempered_smc_rank_and_particle_quality,0.9955337961115683,0.9874214081431856,64.0,64.0,64,8,1.0,64.0,64.0,1.0,1.0,0.015625,0.015625,64,64.0,1.0,0.015625,1,1.0,1.0,1.0,0.0,0.0,2.0,1.0,1.0,0.1103515625,True,100.0,400.0,4,256,False,False,-0.30097797261489345,0.08168018160400191
United_States,log_beta_process_2027,tempered_smc_rank_and_particle_quality,0.9885517364468006,0.988965585000687,64.0,64.0,64,8,1.0,64.0,64.0,1.0,1.0,0.015625,0.015625,64,64.0,1.0,0.015625,1,1.0,1.0,1.0,0.0,0.0,2.0,1.0,1.0,0.1103515625,True,100.0,400.0,4,256,False,False,-0.17354959314650287,0.6022543461270828
United_States,log_beta_process_2028,tempered_smc_rank_and_particle_quality,0.992745135487533,0.993146582389288,64.0,53.69546158869633,64,8,1.0,64.0,64.0,1.0,1.0,0.015625,0.015625,64,64.0,1.0,0.015625,1,1.0,1.0,1.0,0.0,0.0,2.0,1.0,1.0,0.1103515625,True,100.0,400.0,4,256,False,False,-0.0361338645357803,0.6243054792040146
United_States,log_beta_process_2029,tempered_smc_rank_and_particle_quality,1.0014782559342545,1.000314470587022,64.0,64.0,64,8,1.0,64.0,64.0,1.0,1.0,0.015625,0.015625,64,64.0,1.0,0.015625,1,1.0,1.0,1.0,0.0,0.0,2.0,1.0,1.0,0.1103515625,True,100.0,400.0,4,256,False,False,0.023348985723683626,0.6341218902916775
United_States,log_beta_process_2030,tempered_smc_rank_and_particle_quality,1.0071593005933943,1.008817832063721,64.0,64.0,64,8,1.0,64.0,64.0,1.0,1.0,0.015625,0.015625,64,64.0,1.0,0.015625,1,1.0,1.0,1.0,0.0,0.0,2.0,1.0,1.0,0.1103515625,True,100.0,400.0,4,256,False,False,0.009800094186975979,0.6498550715563717
United_States,log_beta_process_2031,tempered_smc_rank_and_particle_quality,1.0102830073714086,1.00662733514522,64.0,64.0,64,8,1.0,64.0,64.0,1.0,1.0,0.015625,0.015625,64,64.0,1.0,0.015625,1,1.0,1.0,1.0,0.0,0.0,2.0,1.0,1.0,0.1103515625,True,100.0,400.0,4,256,False,False,-0.05190871771358454,0.6531431454599321
United_States,log_beta_process_2032,tempered_smc_rank_and_particle_quality,0.9944051291646088,0.9953690780813842,64.0,64.0,64,8,1.0,64.0,64.0,1.0,1.0,0.015625,0.015625,64,64.0,1.0,0.015625,1,1.0,1.0,1.0,0.0,0.0,2.0,1.0,1.0,0.1103515625,True,100.0,400.0,4,256,False,False,-0.031207541378568765,0.6578195443390862
United_States,log_beta_process_2033,tempered_smc_rank_and_particle_quality,0.9986999506676517,1.0003298571233485,64.0,64.0,64,8,1.0,64.0,64.0,1.0,1.0,0.015625,0.015625,64,64.0,1.0,0.015625,1,1.0,1.0,1.0,0.0,0.0,2.0,1.0,1.0,0.1103515625,True,100.0,400.0,4,256,False,False,0.0030580306825222295,0.6572520877229522
United_States,log_beta_process_2034,tempered_smc_rank_and_particle_quality,0.9913008569805837,0.9911588799284236,64.0,64.0,64,8,1.0,64.0,64.0,1.0,1.0,0.015625,0.015625,64,64.0,1.0,0.015625,1,1.0,1.0,1.0,0.0,0.0,2.0,1.0,1.0,0.1103515625,True,100.0,400.0,4,256,False,False,0.0021101828290365256,0.6955812613422404
United_States,log_beta_process_2035,tempered_smc_rank_and_particle_quality,1.0012250087189347,1.0003276321224117,64.0,64.0,64,8,1.0,64.0,64.0,1.0,1.0,0.015625,0.015625,64,64.0,1.0,0.015625,1,1.0,1.0,1.0,0.0,0.0,2.0,1.0,1.0,0.1103515625,True,100.0,400.0,4,256,False,False,-0.031109986859431414,0.740290261642008
United_States,log_beta_process_2036,tempered_smc_rank_and_particle_quality,1.0018946736824734,1.0017921632933773,64.0,64.0,64,8,1.0,64.0,64.0,1.0,1.0,0.015625,0.015625,64,64.0,1.0,0.015625,1,1.0,1.0,1.0,0.0,0.0,2.0,1.0,1.0,0.1103515625,True,100.0,400.0,4,256,False,False,-0.06071032838501751,0.7311386886158869
United_States,log_beta_process_2037,tempered_smc_rank_and_particle_quality,0.9974985217078278,0.9983759918220905,64.0,64.0,64,8,1.0,64.0,64.0,1.0,1.0,0.015625,0.015625,64,64.0,1.0,0.015625,1,1.0,1.0,1.0,0.0,0.0,2.0,1.0,1.0,0.1103515625,True,100.0,400.0,4,256,False,False,-0.029348767810183272,0.6626218825652703
United_States,log_beta_process_2038,tempered_smc_rank_and_particle_quality,0.9998241741564016,0.9989515974426509,64.0,64.0,64,8,1.0,64.0,64.0,1.0,1.0,0.015625,0.015625,64,64.0,1.0,0.015625,1,1.0,1.0,1.0,0.0,0.0,2.0,1.0,1.0,0.1103515625,True,100.0,400.0,4,256,False,False,0.016416177125523543,0.6870090864382179
United_States,log_beta_process_2039,tempered_smc_rank_and_particle_quality,1.0213544091744617,1.0219880001350803,64.0,64.0,64,8,1.0,64.0,64.0,1.0,1.0,0.015625,0.015625,64,64.0,1.0,0.015625,1,1.0,1.0,1.0,0.0,0.0,2.0,1.0,1.0,0.1103515625,True,100.0,400.0,4,256,False,False,-0.00887968822711531,0.6088192529889807
United_States,log_beta_process_2040,tempered_smc_rank_and_particle_quality,1.0087500412509158,1.0095602151589482,64.0,64.0,64,8,1.0,64.0,64.0,1.0,1.0,0.015625,0.015625,64,64.0,1.0,0.015625,1,1.0,1.0,1.0,0.0,0.0,2.0,1.0,1.0,0.1103515625,True,100.0,400.0,4,256,False,False,0.05587683291293795,0.6577785847534261
United_States,log_beta_process_2041,tempered_smc_rank_and_particle_quality,0.9977558144929553,0.9969143508586575,64.0,64.0,64,8,1.0,64.0,64.0,1.0,1.0,0.015625,0.015625,64,64.0,1.0,0.015625,1,1.0,1.0,1.0,0.0,0.0,2.0,1.0,1.0,0.1103515625,True,100.0,400.0,4,256,False,False,0.021970820133923916,0.7076127599557127
United_States,log_beta_process_2042,tempered_smc_rank_and_particle_quality,0.9964347171238993,0.9966780775499684,64.0,64.0,64,8,1.0,64.0,64.0,1.0,1.0,0.015625,0.015625,64,64.0,1.0,0.015625,1,1.0,1.0,1.0,0.0,0.0,2.0,1.0,1.0,0.1103515625,True,100.0,400.0,4,256,False,False,-0.01599010246259122,0.6915783079137716
United_States,log_beta_process_2043,tempered_smc_rank_and_particle_quality,1.0073773702833873,1.0075708100836331,64.0,64.0,64,8,1.0,64.0,64.0,1.0,1.0,0.015625,0.015625,64,64.0,1.0,0.015625,1,1.0,1.0,1.0,0.0,0.0,2.0,1.0,1.0,0.1103515625,True,100.0,400.0,4,256,False,False,0.01979134901841558,0.6969896329028056
United_States,log_beta_process_2044,tempered_smc_rank_and_particle_quality,1.012227847681818,1.0138737579101724,64.0,64.0,64,8,1.0,64.0,64.0,1.0,1.0,0.015625,0.015625,64,64.0,1.0,0.015625,1,1.0,1.0,1.0,0.0,0.0,2.0,1.0,1.0,0.1103515625,True,100.0,400.0,4,256,False,False,-0.0084709546554269,0.7025327178817353
United_States,log_beta_process_2045,tempered_smc_rank_and_particle_quality,0.9882952215910558,0.9879547655985,64.0,64.0,64,8,1.0,64.0,64.0,1.0,1.0,0.015625,0.015625,64,64.0,1.0,0.015625,1,1.0,1.0,1.0,0.0,0.0,2.0,1.0,1.0,0.1103515625,True,100.0,400.0,4,256,False,False,-0.045685189091062256,0.6882886561648229
United_States,log_beta_process_2046,tempered_smc_rank_and_particle_quality,0.9969572404160538,0.9972763140756724,64.0,64.0,64,8,1.0,64.0,64.0,1.0,1.0,0.015625,0.015625,64,64.0,1.0,0.015625,1,1.0,1.0,1.0,0.0,0.0,2.0,1.0,1.0,0.1103515625,True,100.0,400.0,4,256,False,False,-0.09221083936765995,0.7142581930997439
United_States,log_beta_process_2047,tempered_smc_rank_and_particle_quality,1.0205464247714153,1.0203819546636284,64.0,64.0,64,8,1.0,64.0,64.0,1.0,1.0,0.015625,0.015625,64,64.0,1.0,0.015625,1,1.0,1.0,1.0,0.0,0.0,2.0,1.0,1.0,0.1103515625,True,100.0,400.0,4,256,False,False,-0.041745558439003225,0.6668061781919468
United_States,log_beta_process_2048,tempered_smc_rank_and_particle_quality,0.9927438157410173,0.9930090720244359,64.0,64.0,64,8,1.0,64.0,64.0,1.0,1.0,0.015625,0.015625,64,64.0,1.0,0.015625,1,1.0,1.0,1.0,0.0,0.0,2.0,1.0,1.0,0.1103515625,True,100.0,400.0,4,256,False,False,-0.041778317290360016,0.6859844246451393
United_States,log_beta_process_2049,tempered_smc_rank_and_particle_quality,0.9970274334415716,0.9974872101090266,64.0,64.0,64,8,1.0,64.0,64.0,1.0,1.0,0.015625,0.015625,64,64.0,1.0,0.015625,1,1.0,1.0,1.0,0.0,0.0,2.0,1.0,1.0,0.1103515625,True,100.0,400.0,4,256,False,False,-0.056639014428649666,0.6890382177495205
United_States,log_beta_process_2050,tempered_smc_rank_and_particle_quality,0.9984989422327923,0.9992233368096717,64.0,64.0,64,8,1.0,64.0,64.0,1.0,1.0,0.015625,0.015625,64,64.0,1.0,0.015625,1,1.0,1.0,1.0,0.0,0.0,2.0,1.0,1.0,0.1103515625,True,100.0,400.0,4,256,False,False,0.04244259388208954,0.7080709339467184
Brazil,VE_sus,tempered_smc_rank_and_particle_quality,1.0075232451952025,1.0079491123005246,64.0,47.6288974904235,64,8,1.0,64.0,64.0,1.0,1.0,0.015625,0.015625,64,64.0,1.0,0.015625,1,1.0,1.0,1.0,0.0,0.0,2.0,1.0,1.0,0.1103515625,True,100.0,400.0,4,256,False,False,0.06990305116902862,0.029020306411226934
Brazil,VE_inf,tempered_smc_rank_and_particle_quality,1.0023884910938816,1.000808374325142,64.0,64.0,64,8,1.0,64.0,64.0,1.0,1.0,0.015625,0.015625,64,64.0,1.0,0.015625,1,1.0,1.0,1.0,0.0,0.0,2.0,1.0,1.0,0.1103515625,True,100.0,400.0,4,256,False,False,0.2153608171020546,0.06423526112340712
Brazil,VE_dur,tempered_smc_rank_and_particle_quality,1.0075189127899227,0.9978951421509358,60.28311675362302,64.0,64,8,1.0,64.0,64.0,1.0,1.0,0.015625,0.015625,64,64.0,1.0,0.015625,1,1.0,1.0,1.0,0.0,0.0,2.0,1.0,1.0,0.1103515625,True,100.0,400.0,4,256,False,False,0.07550671827665176,0.04175816149138103
Brazil,relative_infectiousness_asymptomatic,tempered_smc_rank_and_particle_quality,1.014312711125728,1.0065235416564742,58.05431344896848,50.50380831855522,64,8,1.0,64.0,64.0,1.0,1.0,0.015625,0.015625,64,64.0,1.0,0.015625,1,1.0,1.0,1.0,0.0,0.0,2.0,1.0,1.0,0.1103515625,True,100.0,400.0,4,256,False,False,0.6774688684595278,0.04448725356729948
Brazil,infectious_duration_symptomatic,tempered_smc_rank_and_particle_quality,1.0048120639687912,1.0042844560611557,64.0,64.0,64,8,1.0,64.0,64.0,1.0,1.0,0.015625,0.015625,64,64.0,1.0,0.015625,1,1.0,1.0,1.0,0.0,0.0,2.0,1.0,1.0,0.1103515625,True,100.0,400.0,4,256,False,False,27.076798245933478,2.1148912550270054
Brazil,infectious_duration_asymptomatic,tempered_smc_rank_and_particle_quality,0.9931169489861711,0.9941898692047931,64.0,64.0,64,8,1.0,64.0,64.0,1.0,1.0,0.015625,0.015625,64,64.0,1.0,0.015625,1,1.0,1.0,1.0,0.0,0.0,2.0,1.0,1.0,0.1103515625,True,100.0,400.0,4,256,False,False,19.06446668425525,1.6332109309777318
Brazil,fitness_R,tempered_smc_rank_and_particle_quality,1.0027662076612618,1.0087536259411976,63.77721582560209,50.17015097312416,64,8,1.0,64.0,64.0,1.0,1.0,0.015625,0.015625,64,64.0,1.0,0.015625,1,1.0,1.0,1.0,0.0,0.0,2.0,1.0,1.0,0.1103515625,True,100.0,400.0,4,256,False,False,0.7141772684557877,0.032956969803471695
Brazil,beta_S,tempered_smc_rank_and_particle_quality,1.006992346907464,1.0030828392039763,64.0,43.03130137087447,64,8,1.0,64.0,64.0,1.0,1.0,0.015625,0.015625,64,64.0,1.0,0.015625,1,1.0,1.0,1.0,0.0,0.0,2.0,1.0,1.0,0.1103515625,True,100.0,400.0,4,256,False,False,0.00359431804164674,0.00037802221163789617
Brazil,reporting_multiplier,tempered_smc_rank_and_particle_quality,1.0041224231695858,0.9969070854788645,53.02547024233363,61.84045662343443,64,8,1.0,64.0,64.0,1.0,1.0,0.015625,0.015625,64,64.0,1.0,0.015625,1,1.0,1.0,1.0,0.0,0.0,2.0,1.0,1.0,0.1103515625,True,100.0,400.0,4,256,False,False,0.7698963394086948,0.11106975349632643
Brazil,log_beta_process_2021,tempered_smc_rank_and_particle_quality,0.9964960362970791,1.0055988724249254,51.85923229382553,52.195916031187586,64,8,1.0,64.0,64.0,1.0,1.0,0.015625,0.015625,64,64.0,1.0,0.015625,1,1.0,1.0,1.0,0.0,0.0,2.0,1.0,1.0,0.1103515625,True,100.0,400.0,4,256,False,False,0.7081301115054441,0.15342261251774716
Brazil,log_beta_process_2022,tempered_smc_rank_and_particle_quality,1.0017168598229527,1.0049752385136559,64.0,64.0,64,8,1.0,64.0,64.0,1.0,1.0,0.015625,0.015625,64,64.0,1.0,0.015625,1,1.0,1.0,1.0,0.0,0.0,2.0,1.0,1.0,0.1103515625,True,100.0,400.0,4,256,False,False,0.28159701769715517,0.050877954624899774
Brazil,log_beta_process_2023,tempered_smc_rank_and_particle_quality,0.9982259268299087,0.9918200733241251,56.6675831157757,64.0,64,8,1.0,64.0,64.0,1.0,1.0,0.015625,0.015625,64,64.0,1.0,0.015625,1,1.0,1.0,1.0,0.0,0.0,2.0,1.0,1.0,0.1103515625,True,100.0,400.0,4,256,False,False,0.09003887670385188,0.07044643920604386
Brazil,log_beta_process_2024,tempered_smc_rank_and_particle_quality,0.997624838390935,1.0025744520840196,56.882433422097144,57.748908198536355,64,8,1.0,64.0,64.0,1.0,1.0,0.015625,0.015625,64,64.0,1.0,0.015625,1,1.0,1.0,1.0,0.0,0.0,2.0,1.0,1.0,0.1103515625,True,100.0,400.0,4,256,False,False,0.7473873298910193,0.07098069547291945
Brazil,log_beta_process_2025,tempered_smc_rank_and_particle_quality,1.0067301527268586,1.0113833998786124,53.13598876515671,64.0,64,8,1.0,64.0,64.0,1.0,1.0,0.015625,0.015625,64,64.0,1.0,0.015625,1,1.0,1.0,1.0,0.0,0.0,2.0,1.0,1.0,0.1103515625,True,100.0,400.0,4,256,False,False,-0.2072474552445188,0.08709056385107009
Brazil,log_beta_process_2026,tempered_smc_rank_and_particle_quality,1.0027304496318692,1.0007457203936012,64.0,64.0,64,8,1.0,64.0,64.0,1.0,1.0,0.015625,0.015625,64,64.0,1.0,0.015625,1,1.0,1.0,1.0,0.0,0.0,2.0,1.0,1.0,0.1103515625,True,100.0,400.0,4,256,False,False,0.49448833394157454,0.04063415947879358
Brazil,log_beta_process_2027,tempered_smc_rank_and_particle_quality,0.9945662522394878,0.9946759703734539,64.0,64.0,64,8,1.0,64.0,64.0,1.0,1.0,0.015625,0.015625,64,64.0,1.0,0.015625,1,1.0,1.0,1.0,0.0,0.0,2.0,1.0,1.0,0.1103515625,True,100.0,400.0,4,256,False,False,0.22186599646128707,0.6012874859450971
Brazil,log_beta_process_2028,tempered_smc_rank_and_particle_quality,1.0032852915005293,1.003425367472005,64.0,64.0,64,8,1.0,64.0,64.0,1.0,1.0,0.015625,0.015625,64,64.0,1.0,0.015625,1,1.0,1.0,1.0,0.0,0.0,2.0,1.0,1.0,0.1103515625,True,100.0,400.0,4,256,False,False,0.15311968486969108,0.620865461412373
Brazil,log_beta_process_2029,tempered_smc_rank_and_particle_quality,1.0016355627516027,1.0024785532763774,64.0,64.0,64,8,1.0,64.0,64.0,1.0,1.0,0.015625,0.015625,64,64.0,1.0,0.015625,1,1.0,1.0,1.0,0.0,0.0,2.0,1.0,1.0,0.1103515625,True,100.0,400.0,4,256,False,False,0.12488813540713166,0.6313779494526605
Brazil,log_beta_process_2030,tempered_smc_rank_and_particle_quality,1.0130089443912402,1.0146458666006757,64.0,64.0,64,8,1.0,64.0,64.0,1.0,1.0,0.015625,0.015625,64,64.0,1.0,0.015625,1,1.0,1.0,1.0,0.0,0.0,2.0,1.0,1.0,0.1103515625,True,100.0,400.0,4,256,False,False,0.08900516577208216,0.6744398640600354
Brazil,log_beta_process_2031,tempered_smc_rank_and_particle_quality,0.9988195634360618,0.9995024401322785,64.0,64.0,64,8,1.0,64.0,64.0,1.0,1.0,0.015625,0.015625,64,64.0,1.0,0.015625,1,1.0,1.0,1.0,0.0,0.0,2.0,1.0,1.0,0.1103515625,True,100.0,400.0,4,256,False,False,0.01793003360258786,0.6377203703384896
Brazil,log_beta_process_2032,tempered_smc_rank_and_particle_quality,0.9970463652398203,0.9976696572044369,64.0,64.0,64,8,1.0,64.0,64.0,1.0,1.0,0.015625,0.015625,64,64.0,1.0,0.015625,1,1.0,1.0,1.0,0.0,0.0,2.0,1.0,1.0,0.1103515625,True,100.0,400.0,4,256,False,False,-0.024211713798199384,0.6752095217200043
Brazil,log_beta_process_2033,tempered_smc_rank_and_particle_quality,0.9933954584278532,0.9938166672855655,64.0,64.0,64,8,1.0,64.0,64.0,1.0,1.0,0.015625,0.015625,64,64.0,1.0,0.015625,1,1.0,1.0,1.0,0.0,0.0,2.0,1.0,1.0,0.1103515625,True,100.0,400.0,4,256,False,False,0.04250797805901805,0.6796918396383209
Brazil,log_beta_process_2034,tempered_smc_rank_and_particle_quality,1.003235756567653,1.0031702001763123,64.0,64.0,64,8,1.0,64.0,64.0,1.0,1.0,0.015625,0.015625,64,64.0,1.0,0.015625,1,1.0,1.0,1.0,0.0,0.0,2.0,1.0,1.0,0.1103515625,True,100.0,400.0,4,256,False,False,0.05083962492253897,0.6750897036371192
Brazil,log_beta_process_2035,tempered_smc_rank_and_particle_quality,0.9971475042821691,0.9977967245882079,64.0,64.0,64,8,1.0,64.0,64.0,1.0,1.0,0.015625,0.015625,64,64.0,1.0,0.015625,1,1.0,1.0,1.0,0.0,0.0,2.0,1.0,1.0,0.1103515625,True,100.0,400.0,4,256,False,False,-0.025540543166852815,0.7285132322531249
Brazil,log_beta_process_2036,tempered_smc_rank_and_particle_quality,0.9886938533220692,0.9892545680485397,64.0,64.0,64,8,1.0,64.0,64.0,1.0,1.0,0.015625,0.015625,64,64.0,1.0,0.015625,1,1.0,1.0,1.0,0.0,0.0,2.0,1.0,1.0,0.1103515625,True,100.0,400.0,4,256,False,False,-0.04377453253355797,0.7418360682696625
Brazil,log_beta_process_2037,tempered_smc_rank_and_particle_quality,0.993388699138098,0.9942033182987655,64.0,64.0,64,8,1.0,64.0,64.0,1.0,1.0,0.015625,0.015625,64,64.0,1.0,0.015625,1,1.0,1.0,1.0,0.0,0.0,2.0,1.0,1.0,0.1103515625,True,100.0,400.0,4,256,False,False,0.007669850602903476,0.7003620848648036
Brazil,log_beta_process_2038,tempered_smc_rank_and_particle_quality,0.9909758388039156,0.9905065799097773,64.0,64.0,64,8,1.0,64.0,64.0,1.0,1.0,0.015625,0.015625,64,64.0,1.0,0.015625,1,1.0,1.0,1.0,0.0,0.0,2.0,1.0,1.0,0.1103515625,True,100.0,400.0,4,256,False,False,0.04100227784622036,0.7027525670699231
Brazil,log_beta_process_2039,tempered_smc_rank_and_particle_quality,1.0003805407668576,1.000252288280291,64.0,53.05523782066098,64,8,1.0,64.0,64.0,1.0,1.0,0.015625,0.015625,64,64.0,1.0,0.015625,1,1.0,1.0,1.0,0.0,0.0,2.0,1.0,1.0,0.1103515625,True,100.0,400.0,4,256,False,False,0.008569703606468844,0.6107956981913676
Brazil,log_beta_process_2040,tempered_smc_rank_and_particle_quality,1.0060328173532118,1.0054949133749118,64.0,64.0,64,8,1.0,64.0,64.0,1.0,1.0,0.015625,0.015625,64,64.0,1.0,0.015625,1,1.0,1.0,1.0,0.0,0.0,2.0,1.0,1.0,0.1103515625,True,100.0,400.0,4,256,False,False,0.02979652408656311,0.6726098993005198
Brazil,log_beta_process_2041,tempered_smc_rank_and_particle_quality,0.9994219318293309,0.9988932914247158,64.0,64.0,64,8,1.0,64.0,64.0,1.0,1.0,0.015625,0.015625,64,64.0,1.0,0.015625,1,1.0,1.0,1.0,0.0,0.0,2.0,1.0,1.0,0.1103515625,True,100.0,400.0,4,256,False,False,0.006912261154996796,0.6987796101590568
Brazil,log_beta_process_2042,tempered_smc_rank_and_particle_quality,1.0009228241250026,1.000080930218066,64.0,64.0,64,8,1.0,64.0,64.0,1.0,1.0,0.015625,0.015625,64,64.0,1.0,0.015625,1,1.0,1.0,1.0,0.0,0.0,2.0,1.0,1.0,0.1103515625,True,100.0,400.0,4,256,False,False,0.010188976669523567,0.7144827358193861
Brazil,log_beta_process_2043,tempered_smc_rank_and_particle_quality,1.014324708829114,1.013103961356209,64.0,64.0,64,8,1.0,64.0,64.0,1.0,1.0,0.015625,0.015625,64,64.0,1.0,0.015625,1,1.0,1.0,1.0,0.0,0.0,2.0,1.0,1.0,0.1103515625,True,100.0,400.0,4,256,False,False,0.03174289874381649,0.6873650946951382
Brazil,log_beta_process_2044,tempered_smc_rank_and_particle_quality,0.9968412805130721,0.99819611489089,64.0,64.0,64,8,1.0,64.0,64.0,1.0,1.0,0.015625,0.015625,64,64.0,1.0,0.015625,1,1.0,1.0,1.0,0.0,0.0,2.0,1.0,1.0,0.1103515625,True,100.0,400.0,4,256,False,False,-0.0014032131390862915,0.6900219433411674
Brazil,log_beta_process_2045,tempered_smc_rank_and_particle_quality,0.9917979365416681,0.9917342802222067,64.0,64.0,64,8,1.0,64.0,64.0,1.0,1.0,0.015625,0.015625,64,64.0,1.0,0.015625,1,1.0,1.0,1.0,0.0,0.0,2.0,1.0,1.0,0.1103515625,True,100.0,400.0,4,256,False,False,-0.04806272909373321,0.6793368212461156
Brazil,log_beta_process_2046,tempered_smc_rank_and_particle_quality,1.0153562768703492,1.015390135769504,64.0,64.0,64,8,1.0,64.0,64.0,1.0,1.0,0.015625,0.015625,64,64.0,1.0,0.015625,1,1.0,1.0,1.0,0.0,0.0,2.0,1.0,1.0,0.1103515625,True,100.0,400.0,4,256,False,False,-0.06625934873878399,0.7007078804496776
Brazil,log_beta_process_2047,tempered_smc_rank_and_particle_quality,1.004281761601875,1.0051765747247328,64.0,64.0,64,8,1.0,64.0,64.0,1.0,1.0,0.015625,0.015625,64,64.0,1.0,0.015625,1,1.0,1.0,1.0,0.0,0.0,2.0,1.0,1.0,0.1103515625,True,100.0,400.0,4,256,False,False,-0.06784247900123705,0.6764235813640246
Brazil,log_beta_process_2048,tempered_smc_rank_and_particle_quality,1.004791835831427,1.0051193967621368,64.0,64.0,64,8,1.0,64.0,64.0,1.0,1.0,0.015625,0.015625,64,64.0,1.0,0.015625,1,1.0,1.0,1.0,0.0,0.0,2.0,1.0,1.0,0.1103515625,True,100.0,400.0,4,256,False,False,0.007785343052030869,0.6514644777662598
Brazil,log_beta_process_2049,tempered_smc_rank_and_particle_quality,0.9928312374863392,0.9932067272439283,64.0,64.0,64,8,1.0,64.0,64.0,1.0,1.0,0.015625,0.015625,64,64.0,1.0,0.015625,1,1.0,1.0,1.0,0.0,0.0,2.0,1.0,1.0,0.1103515625,True,100.0,400.0,4,256,False,False,-0.0183669874695215,0.6829751365086254
Brazil,log_beta_process_2050,tempered_smc_rank_and_particle_quality,1.009499725223077,1.0110086480175575,64.0,64.0,64,8,1.0,64.0,64.0,1.0,1.0,0.015625,0.015625,64,64.0,1.0,0.015625,1,1.0,1.0,1.0,0.0,0.0,2.0,1.0,1.0,0.1103515625,True,100.0,400.0,4,256,False,False,0.01746909465631591,0.698135113857529
Thailand,VE_sus,tempered_smc_rank_and_particle_quality,1.0075232451952025,1.0079491123005246,64.0,47.6288974904235,64,8,1.0,64.0,64.0,1.0,1.0,0.015625,0.015625,64,64.0,1.0,0.015625,1,1.0,1.0,1.0,0.0,0.0,2.0,1.0,1.0,0.1103515625,True,100.0,400.0,4,256,False,False,0.06990305116902862,0.029020306411226934
Thailand,VE_inf,tempered_smc_rank_and_particle_quality,1.0023884910938816,1.000808374325142,64.0,64.0,64,8,1.0,64.0,64.0,1.0,1.0,0.015625,0.015625,64,64.0,1.0,0.015625,1,1.0,1.0,1.0,0.0,0.0,2.0,1.0,1.0,0.1103515625,True,100.0,400.0,4,256,False,False,0.2153608171020546,0.06423526112340712
Thailand,VE_dur,tempered_smc_rank_and_particle_quality,1.0075189127899227,0.9978951421509358,60.28311675362302,64.0,64,8,1.0,64.0,64.0,1.0,1.0,0.015625,0.015625,64,64.0,1.0,0.015625,1,1.0,1.0,1.0,0.0,0.0,2.0,1.0,1.0,0.1103515625,True,100.0,400.0,4,256,False,False,0.07550671827665176,0.04175816149138103
Thailand,relative_infectiousness_asymptomatic,tempered_smc_rank_and_particle_quality,1.014312711125728,1.0065235416564742,58.05431344896848,50.50380831855522,64,8,1.0,64.0,64.0,1.0,1.0,0.015625,0.015625,64,64.0,1.0,0.015625,1,1.0,1.0,1.0,0.0,0.0,2.0,1.0,1.0,0.1103515625,True,100.0,400.0,4,256,False,False,0.6774688684595278,0.04448725356729948
Thailand,infectious_duration_symptomatic,tempered_smc_rank_and_particle_quality,1.0048120639687912,1.0042844560611557,64.0,64.0,64,8,1.0,64.0,64.0,1.0,1.0,0.015625,0.015625,64,64.0,1.0,0.015625,1,1.0,1.0,1.0,0.0,0.0,2.0,1.0,1.0,0.1103515625,True,100.0,400.0,4,256,False,False,27.076798245933478,2.1148912550270054
Thailand,infectious_duration_asymptomatic,tempered_smc_rank_and_particle_quality,0.9931169489861711,0.9941898692047931,64.0,64.0,64,8,1.0,64.0,64.0,1.0,1.0,0.015625,0.015625,64,64.0,1.0,0.015625,1,1.0,1.0,1.0,0.0,0.0,2.0,1.0,1.0,0.1103515625,True,100.0,400.0,4,256,False,False,19.06446668425525,1.6332109309777318
Thailand,fitness_R,tempered_smc_rank_and_particle_quality,1.0027662076612618,1.0087536259411976,63.77721582560209,50.17015097312416,64,8,1.0,64.0,64.0,1.0,1.0,0.015625,0.015625,64,64.0,1.0,0.015625,1,1.0,1.0,1.0,0.0,0.0,2.0,1.0,1.0,0.1103515625,True,100.0,400.0,4,256,False,False,0.7141772684557877,0.032956969803471695
Thailand,beta_S,tempered_smc_rank_and_particle_quality,1.0052070027010576,1.0146284050385603,64.0,64.0,64,8,1.0,64.0,64.0,1.0,1.0,0.015625,0.015625,64,64.0,1.0,0.015625,1,1.0,1.0,1.0,0.0,0.0,2.0,1.0,1.0,0.1103515625,True,100.0,400.0,4,256,False,False,0.004753675543796412,0.0005029709002576264
Thailand,reporting_multiplier,tempered_smc_rank_and_particle_quality,1.0018869085670203,1.0042187082050928,64.0,64.0,64,8,1.0,64.0,64.0,1.0,1.0,0.015625,0.015625,64,64.0,1.0,0.015625,1,1.0,1.0,1.0,0.0,0.0,2.0,1.0,1.0,0.1103515625,True,100.0,400.0,4,256,False,False,0.8769572209011339,0.04048591195842219
Thailand,log_beta_process_2020,tempered_smc_rank_and_particle_quality,1.0012271151100292,1.0050491339362195,62.65391245562935,64.0,64,8,1.0,64.0,64.0,1.0,1.0,0.015625,0.015625,64,64.0,1.0,0.015625,1,1.0,1.0,1.0,0.0,0.0,2.0,1.0,1.0,0.1103515625,True,100.0,400.0,4,256,False,False,-0.3820641300348313,0.11893582401402084
Thailand,log_beta_process_2021,tempered_smc_rank_and_particle_quality,1.0095275096365541,1.0144804641278657,64.0,64.0,64,8,1.0,64.0,64.0,1.0,1.0,0.015625,0.015625,64,64.0,1.0,0.015625,1,1.0,1.0,1.0,0.0,0.0,2.0,1.0,1.0,0.1103515625,True,100.0,400.0,4,256,False,False,-0.4210726097261489,0.07378169956929179
Thailand,log_beta_process_2022,tempered_smc_rank_and_particle_quality,1.0064009354544456,1.0155600652870174,64.0,64.0,64,8,1.0,64.0,64.0,1.0,1.0,0.015625,0.015625,64,64.0,1.0,0.015625,1,1.0,1.0,1.0,0.0,0.0,2.0,1.0,1.0,0.1103515625,True,100.0,400.0,4,256,False,False,0.05090077331581401,0.05532093197524472
Thailand,log_beta_process_2023,tempered_smc_rank_and_particle_quality,1.0037439038172051,0.9915186174827593,64.0,64.0,64,8,1.0,64.0,64.0,1.0,1.0,0.015625,0.015625,64,64.0,1.0,0.015625,1,1.0,1.0,1.0,0.0,0.0,2.0,1.0,1.0,0.1103515625,True,100.0,400.0,4,256,False,False,0.30923986709900325,0.03742768658106649
Thailand,log_beta_process_2024,tempered_smc_rank_and_particle_quality,1.0044962773940336,0.9958684557769013,49.36706316913872,64.0,64,8,1.0,64.0,64.0,1.0,1.0,0.015625,0.015625,64,64.0,1.0,0.015625,1,1.0,1.0,1.0,0.0,0.0,2.0,1.0,1.0,0.1103515625,True,100.0,400.0,4,256,False,False,0.067323158442287,0.05560791058471698
Thailand,log_beta_process_2025,tempered_smc_rank_and_particle_quality,0.9996546039945658,1.0023440846233915,64.0,64.0,64,8,1.0,64.0,64.0,1.0,1.0,0.015625,0.015625,64,64.0,1.0,0.015625,1,1.0,1.0,1.0,0.0,0.0,2.0,1.0,1.0,0.1103515625,True,100.0,400.0,4,256,False,False,-0.3459275282222778,0.04058724832041704
Thailand,log_beta_process_2026,tempered_smc_rank_and_particle_quality,1.0095467585583775,1.0083892899301923,64.0,64.0,64,8,1.0,64.0,64.0,1.0,1.0,0.015625,0.015625,64,64.0,1.0,0.015625,1,1.0,1.0,1.0,0.0,0.0,2.0,1.0,1.0,0.1103515625,True,100.0,400.0,4,256,False,False,-0.2172398548412475,0.6202009322293415
Thailand,log_beta_process_2027,tempered_smc_rank_and_particle_quality,1.0014406457025655,1.0020692009255505,64.0,64.0,64,8,1.0,64.0,64.0,1.0,1.0,0.015625,0.015625,64,64.0,1.0,0.015625,1,1.0,1.0,1.0,0.0,0.0,2.0,1.0,1.0,0.1103515625,True,100.0,400.0,4,256,False,False,-0.06849935740287441,0.6051420573504438
Thailand,log_beta_process_2028,tempered_smc_rank_and_particle_quality,0.9998934098976329,1.0000640552471896,64.0,64.0,64,8,1.0,64.0,64.0,1.0,1.0,0.015625,0.015625,64,64.0,1.0,0.015625,1,1.0,1.0,1.0,0.0,0.0,2.0,1.0,1.0,0.1103515625,True,100.0,400.0,4,256,False,False,-0.004272558307556351,0.6357773261798624
Thailand,log_beta_process_2029,tempered_smc_rank_and_particle_quality,1.0150170335061086,1.0182185505858254,64.0,64.0,64,8,1.0,64.0,64.0,1.0,1.0,0.015625,0.015625,64,64.0,1.0,0.015625,1,1.0,1.0,1.0,0.0,0.0,2.0,1.0,1.0,0.1103515625,True,100.0,400.0,4,256,False,False,-0.03031699839564419,0.6871933521183057
Thailand,log_beta_process_2030,tempered_smc_rank_and_particle_quality,1.0037647323620835,1.0036301489865238,64.0,64.0,64,8,1.0,64.0,64.0,1.0,1.0,0.015625,0.015625,64,64.0,1.0,0.015625,1,1.0,1.0,1.0,0.0,0.0,2.0,1.0,1.0,0.1103515625,True,100.0,400.0,4,256,False,False,-0.05205033914877262,0.6248541800704224
Thailand,log_beta_process_2031,tempered_smc_rank_and_particle_quality,0.9942795865334739,0.9948359981073257,64.0,64.0,64,8,1.0,64.0,64.0,1.0,1.0,0.015625,0.015625,64,64.0,1.0,0.015625,1,1.0,1.0,1.0,0.0,0.0,2.0,1.0,1.0,0.1103515625,True,100.0,400.0,4,256,False,False,-0.05497469931957994,0.6446268119991245
Thailand,log_beta_process_2032,tempered_smc_rank_and_particle_quality,0.9948529822239468,0.9951479184511138,64.0,59.06364764251073,64,8,1.0,64.0,64.0,1.0,1.0,0.015625,0.015625,64,64.0,1.0,0.015625,1,1.0,1.0,1.0,0.0,0.0,2.0,1.0,1.0,0.1103515625,True,100.0,400.0,4,256,False,False,0.013347537226398287,0.7113310416348286
Thailand,log_beta_process_2033,tempered_smc_rank_and_particle_quality,1.0043180021870586,1.0032840165252972,64.0,64.0,64,8,1.0,64.0,64.0,1.0,1.0,0.015625,0.015625,64,64.0,1.0,0.015625,1,1.0,1.0,1.0,0.0,0.0,2.0,1.0,1.0,0.1103515625,True,100.0,400.0,4,256,False,False,0.03913403040385624,0.6754870535283855
Thailand,log_beta_process_2034,tempered_smc_rank_and_particle_quality,0.9974337528486513,0.9983695523421566,64.0,64.0,64,8,1.0,64.0,64.0,1.0,1.0,0.015625,0.015625,64,64.0,1.0,0.015625,1,1.0,1.0,1.0,0.0,0.0,2.0,1.0,1.0,0.1103515625,True,100.0,400.0,4,256,False,False,0.010952058832150509,0.7218346719357892
Thailand,log_beta_process_2035,tempered_smc_rank_and_particle_quality,1.0033268979258647,1.004265595437853,64.0,64.0,64,8,1.0,64.0,64.0,1.0,1.0,0.015625,0.015625,64,64.0,1.0,0.015625,1,1.0,1.0,1.0,0.0,0.0,2.0,1.0,1.0,0.1103515625,True,100.0,400.0,4,256,False,False,0.03008983936053093,0.727283968378546
Thailand,log_beta_process_2036,tempered_smc_rank_and_particle_quality,1.0123354707415566,1.0130587683644237,64.0,64.0,64,8,1.0,64.0,64.0,1.0,1.0,0.015625,0.015625,64,64.0,1.0,0.015625,1,1.0,1.0,1.0,0.0,0.0,2.0,1.0,1.0,0.1103515625,True,100.0,400.0,4,256,False,False,0.05404811245963052,0.7286836564400602
Thailand,log_beta_process_2037,tempered_smc_rank_and_particle_quality,1.0014736619097246,1.0009898984722376,64.0,64.0,64,8,1.0,64.0,64.0,1.0,1.0,0.015625,0.015625,64,64.0,1.0,0.015625,1,1.0,1.0,1.0,0.0,0.0,2.0,1.0,1.0,0.1103515625,True,100.0,400.0,4,256,False,False,0.06466824605863317,0.6866779592204542
Thailand,log_beta_process_2038,tempered_smc_rank_and_particle_quality,0.9934305185959457,0.9933176319712276,64.0,64.0,64,8,1.0,64.0,64.0,1.0,1.0,0.015625,0.015625,64,64.0,1.0,0.015625,1,1.0,1.0,1.0,0.0,0.0,2.0,1.0,1.0,0.1103515625,True,100.0,400.0,4,256,False,False,-0.017549001099813652,0.6612969982105439
Thailand,log_beta_process_2039,tempered_smc_rank_and_particle_quality,1.0048564877099326,1.005502401059243,64.0,64.0,64,8,1.0,64.0,64.0,1.0,1.0,0.015625,0.015625,64,64.0,1.0,0.015625,1,1.0,1.0,1.0,0.0,0.0,2.0,1.0,1.0,0.1103515625,True,100.0,400.0,4,256,False,False,-0.025751575760800414,0.7036473098696447
Thailand,log_beta_process_2040,tempered_smc_rank_and_particle_quality,0.9889308724299409,0.9890850874601225,64.0,64.0,64,8,1.0,64.0,64.0,1.0,1.0,0.015625,0.015625,64,64.0,1.0,0.015625,1,1.0,1.0,1.0,0.0,0.0,2.0,1.0,1.0,0.1103515625,True,100.0,400.0,4,256,False,False,-0.03151206710711082,0.6889120548463099
Thailand,log_beta_process_2041,tempered_smc_rank_and_particle_quality,0.9980253754036476,0.996691310995259,64.0,64.0,64,8,1.0,64.0,64.0,1.0,1.0,0.015625,0.015625,64,64.0,1.0,0.015625,1,1.0,1.0,1.0,0.0,0.0,2.0,1.0,1.0,0.1103515625,True,100.0,400.0,4,256,False,False,0.0032176778347290796,0.7324184471651894
Thailand,log_beta_process_2042,tempered_smc_rank_and_particle_quality,1.00172987484238,1.0002031933195612,64.0,64.0,64,8,1.0,64.0,64.0,1.0,1.0,0.015625,0.015625,64,64.0,1.0,0.015625,1,1.0,1.0,1.0,0.0,0.0,2.0,1.0,1.0,0.1103515625,True,100.0,400.0,4,256,False,False,0.02704969649497777,0.6975587753615037
Thailand,log_beta_process_2043,tempered_smc_rank_and_particle_quality,1.0002681003318943,1.0008945763880954,64.0,64.0,64,8,1.0,64.0,64.0,1.0,1.0,0.015625,0.015625,64,64.0,1.0,0.015625,1,1.0,1.0,1.0,0.0,0.0,2.0,1.0,1.0,0.1103515625,True,100.0,400.0,4,256,False,False,0.04091494913446493,0.7094708036394181
Thailand,log_beta_process_2044,tempered_smc_rank_and_particle_quality,0.9998410819656326,1.000103851952934,64.0,64.0,64,8,1.0,64.0,64.0,1.0,1.0,0.015625,0.015625,64,64.0,1.0,0.015625,1,1.0,1.0,1.0,0.0,0.0,2.0,1.0,1.0,0.1103515625,True,100.0,400.0,4,256,False,False,-0.004340118434831702,0.696515181743739
Thailand,log_beta_process_2045,tempered_smc_rank_and_particle_quality,1.0018899223154185,1.0022755618617063,64.0,64.0,64,8,1.0,64.0,64.0,1.0,1.0,0.015625,0.015625,64,64.0,1.0,0.015625,1,1.0,1.0,1.0,0.0,0.0,2.0,1.0,1.0,0.1103515625,True,100.0,400.0,4,256,False,False,-0.04478054341626332,0.6982043534496115
Thailand,log_beta_process_2046,tempered_smc_rank_and_particle_quality,0.991495690845692,0.991695477268521,64.0,64.0,64,8,1.0,64.0,64.0,1.0,1.0,0.015625,0.015625,64,64.0,1.0,0.015625,1,1.0,1.0,1.0,0.0,0.0,2.0,1.0,1.0,0.1103515625,True,100.0,400.0,4,256,False,False,-0.026213940101126834,0.6860026466051786
Thailand,log_beta_process_2047,tempered_smc_rank_and_particle_quality,1.0140619063747114,1.0146602083470229,64.0,64.0,64,8,1.0,64.0,64.0,1.0,1.0,0.015625,0.015625,64,64.0,1.0,0.015625,1,1.0,1.0,1.0,0.0,0.0,2.0,1.0,1.0,0.1103515625,True,100.0,400.0,4,256,False,False,0.02136339004222343,0.6481227926408597
Thailand,log_beta_process_2048,tempered_smc_rank_and_particle_quality,0.99709931727058,0.996005296355284,64.0,64.0,64,8,1.0,64.0,64.0,1.0,1.0,0.015625,0.015625,64,64.0,1.0,0.015625,1,1.0,1.0,1.0,0.0,0.0,2.0,1.0,1.0,0.1103515625,True,100.0,400.0,4,256,False,False,-0.007266329138360079,0.7058448411040584
Thailand,log_beta_process_2049,tempered_smc_rank_and_particle_quality,0.9985580024948563,0.9985976057109663,64.0,64.0,64,8,1.0,64.0,64.0,1.0,1.0,0.015625,0.015625,64,64.0,1.0,0.015625,1,1.0,1.0,1.0,0.0,0.0,2.0,1.0,1.0,0.1103515625,True,100.0,400.0,4,256,False,False,-0.030953920381597104,0.7124566616199641
Thailand,log_beta_process_2050,tempered_smc_rank_and_particle_quality,0.991209709134342,0.9911223604008917,64.0,64.0,64,8,1.0,64.0,64.0,1.0,1.0,0.015625,0.015625,64,64.0,1.0,0.015625,1,1.0,1.0,1.0,0.0,0.0,2.0,1.0,1.0,0.1103515625,True,100.0,400.0,4,256,False,False,-0.08235734320092657,0.7464996777665805
