analysis,scenario,vaccine_scenario,resistance_scenario,intervention,calendar_start_date,calendar_end_date,calendar_start_year,calendar_end_year,total_symptomatic_cases,total_infections,total_reported_cases,total_infant_cases,total_infant_infections,total_child_1_9_cases,total_adolescent_cases,total_child_adolescent_cases,total_child_adolescent_infections,total_child_adolescent_reported_cases,total_deaths,total_infant_deaths,total_child_adolescent_deaths,total_child_adolescent_hospitalizations,resistant_infections,resistant_fraction,resistant_fraction_start,resistant_fraction_end,total_population,infant_population,child_1_9_population,adolescent_population,child_adolescent_population,analysis_years,annualized_infections_per_100k,annualized_reported_cases_per_100k,annualized_infant_cases_per_100k,annualized_infant_infections_per_100k,annualized_child_1_9_cases_per_100k,annualized_adolescent_cases_per_100k,annualized_child_adolescent_cases_per_100k,annualized_child_adolescent_infections_per_100k,annualized_child_adolescent_reported_cases_per_100k,annualized_deaths_per_million,annualized_infant_deaths_per_100k,annualized_child_adolescent_deaths_per_million,annualized_child_adolescent_hospitalizations_per_100k,peak_incidence_per_100k_year,treated_cases,PEP_FOI_reduction_case_proxy,PEP_averted_cases,peak_incidence,time_to_peak,outbreak_duration,n_epidemic_peaks,mean_peak_interval_years,proportion_asymptomatic,case_to_infection_ratio,mean_infection_to_case_ratio,vaccinated_origin_infection_share,waned_origin_infection_share,maternal_origin_infection_share,dose1_origin_infection_share,dose2_origin_infection_share,dose3plus_origin_infection_share,relative_reduction_vs_baseline,routine_age_pattern,routine_first_shot_months,routine_last_shot_months,routine_dose_count,routine_scheduler_code,calibration_loaded,calibration_country,calibration_artifact_path,calibration_hash_status,calibration_overlay_mode,calibration_config_hash,calibration_calibration_config_hash,calibration_accepted,calibration_calibration_status,calibration_fit_score,calibration_data_fit_score,calibration_optimizer_success,npi_contact_reduction_country,npi_contact_reduction_iso3,npi_contact_reduction_periods_loaded,npi_contact_reduction_reduction_column,resistance_timeline_country,resistance_timeline_iso3,resistance_timeline_anchor_year,resistance_timeline_configured_anchor_year,resistance_timeline_applied,resistance_timeline_allows_future_evidence,resistance_timeline_method,resistance_timeline_evidence_years,resistance_timeline_evidence_type,resistance_timeline_source,resistance_timeline_notes,diagnostic_standard_country,diagnostic_standard_iso3,diagnostic_standard_periods_loaded,diagnostic_standard_multiplier_column,contact_reciprocity_error_before,contact_reciprocity_error_after,country,immunity_structure,description,resolved_recovered_immunity_duration,resolved_R_to_W_duration,resolved_W_to_S_duration,resolved_vaccine_recent_duration,resolved_vaccine_waned_duration,observed_mean_annual_reported_incidence_per_100k,model_to_observed_reported_incidence_ratio,absolute_fit_relative_error,absolute_fit_relative_tolerance,absolute_fit_status,relative_reduction_infant_cases,relative_reduction_child_1_9_cases,relative_reduction_adolescent_cases,relative_reduction_child_adolescent_cases,relative_reduction_child_adolescent_infections,relative_reduction_child_adolescent_reported_cases,relative_reduction_total_infections,relative_reduction_reported_cases,relative_reduction_resistant_infections,relative_reduction_deaths,relative_reduction_infant_deaths,relative_reduction_child_adolescent_deaths
immunity_structure_sensitivity,baseline_sirws_boosting,symptom_protective,country_timeline,,2027-01-01,2051-01-01,2027,2051,3008350.78353109,14180297.251194416,355034.52532319934,292628.15583341796,640205.4176491998,914223.8474091555,307979.5546841097,1514831.5579266832,6145720.355459554,305604.30564241036,1025.8279333202001,1017.6975305991926,1019.0374232734027,94245.85283554901,13561305.489764985,0.9563484636136741,0.043,0.9994102223797059,29813213.78714954,299913.5870848018,2899426.75217382,2629897.169426857,5829237.508685479,24.000492823261258,1981.7842875390158,49.61827184265297,4065.3674875436836,8894.12121963405,1313.7727342139503,487.9361099628894,1082.7605742452402,4392.794476988388,218.4376815611662,1.4336580143278417,14.138470173070651,7.2838035346389445,67.3643833220105,19247.836991122214,274667.33078406384,114662.09246278009,114662.09246278009,15721.640524836486,3227.0,8766.0,5,5.997945205479452,0.8096362549017098,0.21215005089386926,4.713644874401951,0.7637644286319661,0.5711402445102333,0.0022546985919467263,0.029833776294898032,0.04092967438464427,0.6907462793604771,0.0,M2;M4;M6;M18;Y4;Y12-Y13,2.0,156.0,6,aP,True,Australia,/home/ctm/pertussis_transmission_analysis/outputs/calibrations/Australia_calibrated_config.yaml,current,fitted_parameters_and_state_only,fe4b0945dbc60905bca91e1dac7a67bb5863846eea9d42ff0fc0dbee6b1fb742,fbaadbe47d956b3f84d024d1fe55f5b483b9cf95f7db1635c7b7f23a7bb227b0,True,state_reconstruction_accepted,45.309268873949655,43.43914907044321,True,Australia,AUS,1,contact_reduction_mean,Australia,AUS,2025,2025,True,False,nearest_past_year,2024,measured_national_genomic_surveillance_fraction,https://doi.org/10.1016/j.lanmic.2025.101286,Nationwide Australian tNGS study of 2024-positive respiratory specimens estimated macrolide resistance at 8/188 (4.3%).,Australia,AUS,3,relative_detection_prior_mean,1.5769242865424038e-05,1.502232944079048e-16,Australia,baseline_sirws_boosting,Current model: SIRWS with literature-centred R and W stages. Boosting efficiency 0.70. Natural boosting by circulating pathogen maintains population immunity.,12227.5,6113.75,6113.75,798.0,798.0,54.978665659530755,0.9025004744554302,0.09749952554456975,0.25,calibrated_country_scenario_analysis,0.0,0.0,0.0,0.0,0.0,0.0,0.0,0.0,0.0,0.0,0.0,0.0
immunity_structure_sensitivity,sirws_strong_boosting,symptom_protective,country_timeline,,2027-01-01,2051-01-01,2027,2051,3412042.4264385547,17138713.847874783,422377.5430741127,365990.299931823,805089.1352110022,1081533.2379710956,332362.19350402267,1779885.7314069413,7368496.394429362,368471.0895162275,1238.7519213399153,1229.7313028662854,1231.3449050058537,115988.15501826085,15316242.270039473,0.8936634572458716,0.043,0.9995052147581419,29813213.778311413,299913.58698345517,2899426.7510597613,2629897.1688088425,5829237.506852059,24.000492823261258,2395.2413141095244,59.029875304712036,5084.558805916734,11184.78564253625,1554.202380265188,526.5658494815755,1272.2141198807178,5266.801677135259,263.37315625302864,1.7312324636856231,17.084171700902942,8.801319921551,82.90519214202715,24810.071650137663,318700.4630583364,197998.84369789308,197998.84369789308,20264.87588933637,7.0,8766.0,6,4.798356164383562,0.8088016588580821,0.1990839252422463,5.02300725075214,0.7572290085613241,0.567033470644012,0.0021914308655990034,0.030650917532285694,0.041984074305427686,0.6824025858580117,-0.2086286728884459,M2;M4;M6;M18;Y4;Y12-Y13,2.0,156.0,6,aP,True,Australia,/home/ctm/pertussis_transmission_analysis/outputs/calibrations/Australia_calibrated_config.yaml,current,fitted_parameters_and_state_only,fe4b0945dbc60905bca91e1dac7a67bb5863846eea9d42ff0fc0dbee6b1fb742,fbaadbe47d956b3f84d024d1fe55f5b483b9cf95f7db1635c7b7f23a7bb227b0,True,state_reconstruction_accepted,45.309268873949655,43.43914907044321,True,Australia,AUS,1,contact_reduction_mean,Australia,AUS,2025,2025,True,False,nearest_past_year,2024,measured_national_genomic_surveillance_fraction,https://doi.org/10.1016/j.lanmic.2025.101286,Nationwide Australian tNGS study of 2024-positive respiratory specimens estimated macrolide resistance at 8/188 (4.3%).,Australia,AUS,3,relative_detection_prior_mean,1.5769242865424038e-05,1.502232944079048e-16,Australia,sirws_strong_boosting,High boosting efficiency (0.90) — strong natural immune maintenance.,12227.5,6113.75,6113.75,798.0,798.0,54.978665659530755,1.0736869401354594,0.0736869401354594,0.25,calibrated_country_scenario_analysis,-0.2507009070588795,-0.18300702944479408,-0.07916966710638285,-0.17497270379224994,-0.1989638265729996,-0.20571301749713555,-0.2086286728884459,-0.1896801943123949,-0.1294076578098604,-0.20756306306708194,-0.20834655277413616,-0.20834120208310525
immunity_structure_sensitivity,sirws_weak_boosting,symptom_protective,country_timeline,,2027-01-01,2051-01-01,2027,2051,3696529.522209361,15576114.533340976,423146.63303491194,348079.6393780643,774769.673953896,1059973.0447158183,387935.1454143627,1795987.8295082455,6771963.240762462,359971.2501836055,1199.4661811007068,1189.7612323655906,1191.3689050192515,111295.4512781777,15380199.84459791,0.9874221078482887,0.043,0.9997841794370709,29813213.79211347,299913.58700739127,2899426.752008961,2629897.1701211184,5829237.50913747,24.000492823261258,2176.858389575969,59.137360358462615,4835.733066555299,10763.569331424758,1523.2196022615155,614.6108169925498,1283.7234630407306,4840.415931658296,257.2977011805957,1.676328209934949,16.52888328353756,8.515582296173546,79.55097456012423,23533.56123191239,315179.07904466806,99844.39934384523,99844.39934384523,19222.22170676157,2933.0,8766.0,5,5.7534246575342465,0.8082385187601434,0.23732038656346985,4.213713008311472,0.7747440585718898,0.580053118018341,0.0023825363701321847,0.03187395408286526,0.04369607949522191,0.6967914886236704,-0.09843357000354769,M2;M4;M6;M18;Y4;Y12-Y13,2.0,156.0,6,aP,True,Australia,/home/ctm/pertussis_transmission_analysis/outputs/calibrations/Australia_calibrated_config.yaml,current,fitted_parameters_and_state_only,fe4b0945dbc60905bca91e1dac7a67bb5863846eea9d42ff0fc0dbee6b1fb742,fbaadbe47d956b3f84d024d1fe55f5b483b9cf95f7db1635c7b7f23a7bb227b0,True,state_reconstruction_accepted,45.309268873949655,43.43914907044321,True,Australia,AUS,1,contact_reduction_mean,Australia,AUS,2025,2025,True,False,nearest_past_year,2024,measured_national_genomic_surveillance_fraction,https://doi.org/10.1016/j.lanmic.2025.101286,Nationwide Australian tNGS study of 2024-positive respiratory specimens estimated macrolide resistance at 8/188 (4.3%).,Australia,AUS,3,relative_detection_prior_mean,1.5769242865424038e-05,1.502232944079048e-16,Australia,sirws_weak_boosting,Low boosting efficiency (0.40) — weak natural immune maintenance.,12227.5,6113.75,6113.75,798.0,798.0,54.978665659530755,1.075641972191279,0.0756419721912791,0.25,calibrated_country_scenario_analysis,-0.18949469638940952,-0.1594239722795523,-0.25961330716340036,-0.18560233321675357,-0.10189902063255851,-0.17789979897996022,-0.09843357000354769,-0.19184643422976388,-0.13412383905116543,-0.16926644531749901,-0.16907155278748842,-0.16911202455379604
immunity_structure_sensitivity,sirws_no_boosting,symptom_protective,country_timeline,,2027-01-01,2051-01-01,2027,2051,3999946.762994513,21099077.006240983,453707.24633596296,385326.73158333334,845726.5714511974,1097854.3208003854,390457.86596498115,1873638.9183487,7965782.139398037,383770.2192740525,1338.1446425654383,1327.164902466,1328.8074681045416,122912.86837649664,20104966.734607942,0.9528837080722068,0.043,0.9996512052693812,29813213.77929332,299913.5869680694,2899426.751000669,2629897.1690486507,5829237.507017389,24.000492823261258,2948.7265720075557,63.40839520077115,5353.192220374762,11749.345508041033,1577.6563666300904,618.6075970081029,1339.2263589468926,5693.725352434647,274.3085598817544,1.870139941929739,18.437778250790625,9.497955928560033,87.85478972044885,25546.7890013772,350549.98595854186,171498.8739722599,171498.8739722599,20866.626900618023,0.0,8766.0,6,4.798356164383562,0.8129829017483555,0.18957922954693004,5.274839455724508,0.723362377227592,0.5536824933005249,0.0019544721782818,0.024894004833380178,0.03415964764193029,0.6623542525739996,-0.48791500153241096,M2;M4;M6;M18;Y4;Y12-Y13,2.0,156.0,6,aP,True,Australia,/home/ctm/pertussis_transmission_analysis/outputs/calibrations/Australia_calibrated_config.yaml,current,fitted_parameters_and_state_only,fe4b0945dbc60905bca91e1dac7a67bb5863846eea9d42ff0fc0dbee6b1fb742,fbaadbe47d956b3f84d024d1fe55f5b483b9cf95f7db1635c7b7f23a7bb227b0,True,state_reconstruction_accepted,45.309268873949655,43.43914907044321,True,Australia,AUS,1,contact_reduction_mean,Australia,AUS,2025,2025,True,False,nearest_past_year,2024,measured_national_genomic_surveillance_fraction,https://doi.org/10.1016/j.lanmic.2025.101286,Nationwide Australian tNGS study of 2024-positive respiratory specimens estimated macrolide resistance at 8/188 (4.3%).,Australia,AUS,3,relative_detection_prior_mean,1.5769242865424038e-05,1.502232944079048e-16,Australia,sirws_no_boosting,Boosting disabled: the implemented single-stage R→S pathway uses the same mean duration as the baseline R-plus-W pathway. This changes residence-time structure while holding the unboosted mean fixed.,12227.5,6113.75,6113.75,798.0,798.0,54.978665659530755,1.1533272850498706,0.1533272850498706,0.25,calibrated_country_scenario_analysis,-0.31677941408579,-0.20085942180531124,-0.267804502040625,-0.23686287663105499,-0.2961510902984108,-0.25577490954301085,-0.48791500153241096,-0.2779242974269578,-0.48252443319572746,-0.3044533094691546,-0.3040858040449419,-0.3039829919455559
immunity_structure_sensitivity,long_natural_immunity,symptom_protective,country_timeline,,2027-01-01,2051-01-01,2027,2051,3056553.026403883,14559570.297417896,361376.34146094,297127.8991435841,663666.63104562,934874.4848018872,316536.1685665979,1548538.5525120692,6330903.671751484,311362.11608411005,1020.8519851559798,1012.7837566410883,1014.1526060828845,94982.41207485394,14401584.139862707,0.9891489821246162,0.043,0.9998151169070407,29813213.77965418,299913.58702643093,2899426.7515770574,2629897.1688434216,5829237.50744691,24.000492823261258,2034.790043175318,50.50457990331299,4127.880646396893,9220.058600517985,1343.4484473124296,501.49246739974024,1106.8534213863195,4525.158497460609,222.55320858412756,1.4267038192188508,14.070205053358631,7.2488881857653595,67.89085593382923,14196.65727743554,267907.4306039428,90930.4141530998,90930.4141530998,11595.835023799154,3213.0,8766.0,5,5.997945205479453,0.8094768148489113,0.2099342881668668,4.763395292555295,0.765556060919153,0.5728767781285229,0.002173355415383293,0.03027087945316182,0.04146843004785463,0.691643396002753,-0.026746480662916516,M2;M4;M6;M18;Y4;Y12-Y13,2.0,156.0,6,aP,True,Australia,/home/ctm/pertussis_transmission_analysis/outputs/calibrations/Australia_calibrated_config.yaml,current,fitted_parameters_and_state_only,fe4b0945dbc60905bca91e1dac7a67bb5863846eea9d42ff0fc0dbee6b1fb742,fbaadbe47d956b3f84d024d1fe55f5b483b9cf95f7db1635c7b7f23a7bb227b0,True,state_reconstruction_accepted,45.309268873949655,43.43914907044321,True,Australia,AUS,1,contact_reduction_mean,Australia,AUS,2025,2025,True,False,nearest_past_year,2024,measured_national_genomic_surveillance_fraction,https://doi.org/10.1016/j.lanmic.2025.101286,Nationwide Australian tNGS study of 2024-positive respiratory specimens estimated macrolide resistance at 8/188 (4.3%).,Australia,AUS,3,relative_detection_prior_mean,1.5769242865424038e-05,1.502232944079048e-16,Australia,long_natural_immunity,Extended R→W stage (15 years) with the baseline W→S stage retained.,12227.5,5475.0,6113.75,798.0,798.0,54.978665659530755,0.9186214197353447,0.08137858026465528,0.25,calibrated_country_scenario_analysis,-0.01537700053964608,-0.022588163119190208,-0.027783058168470376,-0.02225131527595048,-0.03013207656404715,-0.01884073730439173,-0.026746480662916516,-0.017862533599985797,-0.06196148672647328,0.004850665499149698,0.00482832453687021,0.004793560156826193
immunity_structure_sensitivity,short_vaccine_immunity,symptom_protective,country_timeline,,2027-01-01,2051-01-01,2027,2051,2957085.376001545,13826079.327134803,356415.28107181244,292982.2604800943,645476.8411628442,936083.2603066687,306842.05897033424,1535907.5797570972,6133220.759694839,309241.07576783677,999.5645000679667,991.741482449996,993.2038356887582,93836.93319493491,13672051.028608587,0.9888595823239692,0.043000000000000003,0.9997190783600943,29813213.78402662,299913.58701443137,2899426.751394321,2629897.169876497,5829237.50828525,24.000492823261258,1932.2801409784258,49.81124100775907,4070.2869246127384,8967.355028322474,1345.1855015167175,486.1339602719913,1097.8251439623637,4383.860104740024,221.03714637412767,1.3969532413413508,13.777873042543924,7.099152047100538,67.0720986415134,16059.919185094142,263332.21722635755,88939.78856845513,88939.78856845513,13117.748055326088,3220.0,8766.0,6,4.798356164383561,0.8044804386836872,0.21387736219609454,4.675576646971852,0.7369496112644613,0.5559609933551195,0.002238847000488524,0.024260378946450407,0.03317664866436708,0.6772737366531554,0.02497958383980825,M2;M4;M6;M18;Y4;Y12-Y13,2.0,156.0,6,aP,True,Australia,/home/ctm/pertussis_transmission_analysis/outputs/calibrations/Australia_calibrated_config.yaml,current,fitted_parameters_and_state_only,fe4b0945dbc60905bca91e1dac7a67bb5863846eea9d42ff0fc0dbee6b1fb742,fbaadbe47d956b3f84d024d1fe55f5b483b9cf95f7db1635c7b7f23a7bb227b0,True,state_reconstruction_accepted,45.309268873949655,43.43914907044321,True,Australia,AUS,1,contact_reduction_mean,Australia,AUS,2025,2025,True,False,nearest_past_year,2024,measured_national_genomic_surveillance_fraction,https://doi.org/10.1016/j.lanmic.2025.101286,Nationwide Australian tNGS study of 2024-positive respiratory specimens estimated macrolide resistance at 8/188 (4.3%).,Australia,AUS,3,relative_detection_prior_mean,1.5769242865424038e-05,1.502232944079048e-16,Australia,short_vaccine_immunity,"Three-year total two-stage vaccine protection, split equally across recent and waned stages.",12227.5,6113.75,6113.75,547.5,547.5,54.978665659530755,0.9060103662069163,0.09398963379308367,0.25,calibrated_country_scenario_analysis,-0.001210083990953681,-0.02391035079588133,0.003693413073936558,-0.013913112464636113,0.002033869919514153,-0.011900258138646258,0.02497958383980825,-0.003889074583256713,-0.008166288926031884,0.025602181807653723,0.025504678324132724,0.025350970430173758
immunity_structure_sensitivity,fast_W_to_S,symptom_protective,country_timeline,,2027-01-01,2051-01-01,2027,2051,5033764.0557777425,25706555.482723035,531177.7091665368,439692.612465339,966690.4213148969,1234218.299327345,467835.9850254656,2141746.89681815,8823532.038619626,436732.6272510007,1536.9418079911327,1522.047425496525,1523.9475628746757,140587.9300986019,24200896.106168985,0.9414289721714767,0.043000000000000003,0.9998649365618666,29813213.77977817,299913.58699032606,2899426.7512817355,2629897.1689243843,5829237.507196446,24.000492823261258,3592.6501999607613,74.23537176477882,6108.475948604139,13429.848537229045,1773.6163356690308,741.1987815611145,1530.86268129581,6306.821751537536,312.16465482270183,2.147971282079561,21.145204235182113,10.892764479885347,100.48844517917257,37795.71858880299,407708.29033969116,225670.8130246229,225670.8130246229,30871.55721228272,2184.0,8766.0,6,4.798356164383562,0.813706970098591,0.19581635739416178,5.106825667209632,0.6951273373944423,0.5374440271977422,0.0018712183040550594,0.02296820676110435,0.03155737930222448,0.6387305330270584,-0.8128361505650212,M2;M4;M6;M18;Y4;Y12-Y13,2.0,156.0,6,aP,True,Australia,/home/ctm/pertussis_transmission_analysis/outputs/calibrations/Australia_calibrated_config.yaml,current,fitted_parameters_and_state_only,fe4b0945dbc60905bca91e1dac7a67bb5863846eea9d42ff0fc0dbee6b1fb742,fbaadbe47d956b3f84d024d1fe55f5b483b9cf95f7db1635c7b7f23a7bb227b0,True,state_reconstruction_accepted,45.309268873949655,43.43914907044321,True,Australia,AUS,1,contact_reduction_mean,Australia,AUS,2025,2025,True,False,nearest_past_year,2024,measured_national_genomic_surveillance_fraction,https://doi.org/10.1016/j.lanmic.2025.101286,Nationwide Australian tNGS study of 2024-positive respiratory specimens estimated macrolide resistance at 8/188 (4.3%).,Australia,AUS,3,relative_detection_prior_mean,1.5769242865424038e-05,1.502232944079048e-16,Australia,fast_W_to_S,"Rapid W→S transition (3 years). Tests scenario where unboosted individuals lose immunity quickly, amplifying immunity debt effects.",12227.5,6113.75,1095.0,798.0,798.0,54.978665659530755,1.350257793168355,0.35025779316835504,0.25,calibrated_country_scenario_analysis,-0.5025642738070606,-0.3500176163912492,-0.5190488391520613,-0.41385151742515314,-0.4357197412637295,-0.4290787766649613,-0.8128361505650212,-0.4961297318422446,-0.7845550433499144,-0.4982452300910336,-0.49557936393968127,-0.4954775242496743
immunity_structure_sensitivity,baseline_sirws_boosting,symptom_protective,country_timeline,,2027-01-01,2051-01-01,2027,2051,41029111.21352543,197707713.68597832,7781122.161168232,1621127.947484518,3250061.7931065913,6351089.412660642,4275032.334278239,12247249.694423398,56594577.28658849,5286259.364617214,6653.305048149936,6500.166079651863,6508.1021949769465,560462.599165842,197679249.04261792,0.999856026642412,0.997,0.9999493159034588,1336915575.6278865,7978469.579417704,78945023.77271025,88756327.51665202,175679820.86877996,24.000492823261258,616.1684701197371,24.250354467590213,846.5985880813017,1697.2736356130838,335.1994578336782,200.68731393034977,290.46682174168603,1342.248047717583,125.3736957156794,0.20735441811187236,3.394569462494442,1.5435202247944728,13.292436583448879,12543.350859439563,2617655.8831543764,1119109.7217284725,1119109.7217284725,459435.64752192295,6804.0,8694.0,3,10.797260273972602,0.8070865043268851,0.2075240790993744,4.818717925841959,0.44557032405210234,0.3326523294700916,3.689869065429674e-05,0.012062704408082374,0.01645906580696944,0.4170116551463962,0.0,M3;M4;M5;M18,3.0,18.0,4,aP,True,China,/home/ctm/pertussis_transmission_analysis/outputs/calibrations/China_calibrated_config.yaml,current,fitted_parameters_and_state_only,fe4b0945dbc60905bca91e1dac7a67bb5863846eea9d42ff0fc0dbee6b1fb742,fbaadbe47d956b3f84d024d1fe55f5b483b9cf95f7db1635c7b7f23a7bb227b0,True,state_reconstruction_accepted,60.94514257549577,56.10620773765417,True,China,CHN,1,contact_reduction_mean,China,CHN,2025,2025,True,False,nearest_past_year,2024,measured_multicenter_isolate_fraction,https://www.sciencedirect.com/science/article/pii/S2666606525001658,Five sentinel hospitals in China during 2024; 393/394 isolates displayed high-level azithromycin resistance.,China,CHN,7,relative_detection_prior_mean,2.010611200412732e-05,1.6667804836994706e-16,China,baseline_sirws_boosting,Current model: SIRWS with literature-centred R and W stages. Boosting efficiency 0.70. Natural boosting by circulating pathogen maintains population immunity.,12227.5,6113.75,6113.75,798.0,798.0,4.146450779474111,5.848460709490408,4.848460709490408,0.25,calibrated_country_scenario_analysis,0.0,0.0,0.0,0.0,0.0,0.0,0.0,0.0,0.0,0.0,0.0,0.0
immunity_structure_sensitivity,sirws_strong_boosting,symptom_protective,country_timeline,,2027-01-01,2051-01-01,2027,2051,39242354.13329628,194993032.37325442,7512362.891890023,1564355.0568454668,3129255.47733441,6211918.264741378,4209209.898853179,11985483.220440025,55981242.78352333,5150057.119917946,6435.2678487676385,6288.9080602164295,6296.577343748443,541657.4423951552,194962395.32458258,0.9998428813158144,0.997,0.9999347326246786,1336915575.8376832,7978469.59209034,78945023.82096703,88756327.7236139,175679821.13667127,24.000492823261258,607.7079957204685,23.41274937155906,816.9501872660047,1634.1851787576977,327.85424639507994,197.59734204273565,284.25853147715367,1327.7016513420244,122.14340022893033,0.20055915222719306,3.2842445805447507,1.4933530806783257,12.846436502145886,11713.137609231708,2545815.7021547407,1107008.383750609,1107008.383750609,429026.74278663105,7154.0,8673.0,3,11.305479452054794,0.8068650707634026,0.20125003265849425,4.9689432930275474,0.44062114904116995,0.32843344744936454,3.616919029529861e-05,0.011876874969323534,0.01620719386494952,0.4125009110166015,0.0137307809701126,M3;M4;M5;M18,3.0,18.0,4,aP,True,China,/home/ctm/pertussis_transmission_analysis/outputs/calibrations/China_calibrated_config.yaml,current,fitted_parameters_and_state_only,fe4b0945dbc60905bca91e1dac7a67bb5863846eea9d42ff0fc0dbee6b1fb742,fbaadbe47d956b3f84d024d1fe55f5b483b9cf95f7db1635c7b7f23a7bb227b0,True,state_reconstruction_accepted,60.94514257549577,56.10620773765417,True,China,CHN,1,contact_reduction_mean,China,CHN,2025,2025,True,False,nearest_past_year,2024,measured_multicenter_isolate_fraction,https://www.sciencedirect.com/science/article/pii/S2666606525001658,Five sentinel hospitals in China during 2024; 393/394 isolates displayed high-level azithromycin resistance.,China,CHN,7,relative_detection_prior_mean,2.010611200412732e-05,1.6667804836994706e-16,China,sirws_strong_boosting,High boosting efficiency (0.90) — strong natural immune maintenance.,12227.5,6113.75,6113.75,798.0,798.0,4.146450779474111,5.646455394444226,4.646455394444226,0.25,calibrated_country_scenario_analysis,0.035020610635418836,0.021912956797904837,0.015396944462216067,0.02137349041740899,0.010837336940592524,0.025765335240816367,0.0137307809701126,0.03453991130218392,0.01374374766796893,0.0327712614714587,0.03250040335073223,0.03250177162118961
immunity_structure_sensitivity,sirws_weak_boosting,symptom_protective,country_timeline,,2027-01-01,2051-01-01,2027,2051,54072878.55962661,242171930.00143012,9869059.568378463,2075243.991406035,4083552.6464221813,7631568.731806951,5043600.870851956,14750413.594064942,64752849.6615933,6474106.186418527,8791.682208051767,8592.6971471546,8602.491719789035,724316.8268625718,242094239.3336503,0.999679192102159,0.997,0.9999827279638092,1336915575.866296,7978469.592305694,78945023.81863433,88756327.66325253,175679821.07419258,24.000492823261258,754.7439844725601,30.757542137897726,1083.750750788493,2132.5459872532588,402.78092995109995,236.7670301626135,349.83411442853617,1535.7369929750525,153.5457422938524,0.27399828129884085,4.48734800490499,2.0402445351648377,17.178551236903,21505.97930384489,3492291.8563914574,1364225.8530168547,1364225.8530168547,787717.2248100942,0.0,8766.0,3,11.842465753424658,0.808607165271994,0.22328301450670723,4.478621010242411,0.45086821552503054,0.34149941975000037,4.037269719173977e-05,0.011600357315187604,0.015864654952072184,0.423362830560579,-0.2248987431318683,M3;M4;M5;M18,3.0,18.0,4,aP,True,China,/home/ctm/pertussis_transmission_analysis/outputs/calibrations/China_calibrated_config.yaml,current,fitted_parameters_and_state_only,fe4b0945dbc60905bca91e1dac7a67bb5863846eea9d42ff0fc0dbee6b1fb742,fbaadbe47d956b3f84d024d1fe55f5b483b9cf95f7db1635c7b7f23a7bb227b0,True,state_reconstruction_accepted,60.94514257549577,56.10620773765417,True,China,CHN,1,contact_reduction_mean,China,CHN,2025,2025,True,False,nearest_past_year,2024,measured_multicenter_isolate_fraction,https://www.sciencedirect.com/science/article/pii/S2666606525001658,Five sentinel hospitals in China during 2024; 393/394 isolates displayed high-level azithromycin resistance.,China,CHN,7,relative_detection_prior_mean,2.010611200412732e-05,1.6667804836994706e-16,China,sirws_weak_boosting,Low boosting efficiency (0.40) — weak natural immune maintenance.,12227.5,6113.75,6113.75,798.0,798.0,4.146450779474111,7.417799890488189,6.417799890488189,0.25,calibrated_country_scenario_analysis,-0.28012350575175926,-0.20161569707926397,-0.1797807540334022,-0.20438579779926602,-0.1441528988491645,-0.22470460487655752,-0.2248987431318683,-0.2683337138221662,-0.22468210753601614,-0.32140073909529265,-0.3219196312619155,-0.321812636321011
immunity_structure_sensitivity,sirws_no_boosting,symptom_protective,country_timeline,,2027-01-01,2051-01-01,2027,2051,111600329.09016094,569045347.619235,19917641.07354465,3967948.6992656896,7997723.682738422,15190965.709113367,11413326.794559268,30572241.202938326,141564648.33041087,12941963.870739289,17004.2860117699,16656.363615618924,16675.29911066449,1390547.2670691267,568645286.0734406,0.9992969601676417,0.997,0.9999979998907585,1336915575.3927224,7978469.5681254435,78945023.70523512,88756327.64113954,175679820.91450012,24.000492823261258,1773.4654596728592,62.074575655310895,2072.1743625136983,4176.6361487753475,801.7527613241093,535.7877356460941,725.0788507619095,3357.474901449581,306.9432897544946,0.5299492216998298,8.698421343849239,3.9548643604544216,32.979473360941945,52654.43255654477,6583791.410397268,3237054.732649694,3237054.732649694,1928617.2876249407,0.0,8766.0,3,11.842465753424658,0.8111329569628886,0.19611851596199323,5.098957612925211,0.41910897613408665,0.31944031875969087,3.484374785009553e-05,0.009483570963188073,0.013026236651977267,0.3965643247710712,-1.8782152047089928,M3;M4;M5;M18,3.0,18.0,4,aP,True,China,/home/ctm/pertussis_transmission_analysis/outputs/calibrations/China_calibrated_config.yaml,current,fitted_parameters_and_state_only,fe4b0945dbc60905bca91e1dac7a67bb5863846eea9d42ff0fc0dbee6b1fb742,fbaadbe47d956b3f84d024d1fe55f5b483b9cf95f7db1635c7b7f23a7bb227b0,True,state_reconstruction_accepted,60.94514257549577,56.10620773765417,True,China,CHN,1,contact_reduction_mean,China,CHN,2025,2025,True,False,nearest_past_year,2024,measured_multicenter_isolate_fraction,https://www.sciencedirect.com/science/article/pii/S2666606525001658,Five sentinel hospitals in China during 2024; 393/394 isolates displayed high-level azithromycin resistance.,China,CHN,7,relative_detection_prior_mean,2.010611200412732e-05,1.6667804836994706e-16,China,sirws_no_boosting,Boosting disabled: the implemented single-stage R→S pathway uses the same mean duration as the baseline R-plus-W pathway. This changes residence-time structure while holding the unboosted mean fixed.,12227.5,6113.75,6113.75,798.0,798.0,4.146450779474111,14.970532379787162,13.970532379787162,0.25,calibrated_country_scenario_analysis,-1.4476468408447967,-1.391867713093566,-1.6697638525548602,-1.4962536051550366,-1.5013818481856243,-1.44822718260182,-1.8782152047089928,-1.5597388989654783,-1.876605859378015,-1.5557652758606384,-1.5624520068433405,-1.562236825895995
immunity_structure_sensitivity,long_natural_immunity,symptom_protective,country_timeline,,2027-01-01,2051-01-01,2027,2051,43364697.8271879,208520440.59930456,8136946.957216349,1696506.978617328,3403979.266814832,6554635.569062414,4342279.8375380365,12593422.385217777,57999435.85171182,5470360.945766929,6976.378291381171,6813.947818712402,6822.2028969282765,586405.9118641571,208490632.91096762,0.9998570514801749,0.997,0.9999489445225643,1336915575.3990383,7978469.569934691,78945023.69289637,88756327.636594,175679820.89942506,24.000492823261258,649.8670107471512,25.35930473049246,885.9636382823668,1777.6536694962042,345.94227045339716,203.84418353151915,298.67696549963597,1375.566940501735,129.7400148657946,0.21742319808220856,3.558435112039908,1.6180151804239882,13.90773158789787,12820.807314723908,2735091.844353117,1180722.1760381828,1180722.1760381828,469598.2736505291,6790.0,8701.0,3,10.806849315068492,0.8071448203255435,0.20796377421107623,4.808529773002839,0.4391186097978207,0.32865329256655734,3.675248393804857e-05,0.011848029878826282,0.016168292087534526,0.4110655353475218,-0.05469046559559243,M3;M4;M5;M18,3.0,18.0,4,aP,True,China,/home/ctm/pertussis_transmission_analysis/outputs/calibrations/China_calibrated_config.yaml,current,fitted_parameters_and_state_only,fe4b0945dbc60905bca91e1dac7a67bb5863846eea9d42ff0fc0dbee6b1fb742,fbaadbe47d956b3f84d024d1fe55f5b483b9cf95f7db1635c7b7f23a7bb227b0,True,state_reconstruction_accepted,60.94514257549577,56.10620773765417,True,China,CHN,1,contact_reduction_mean,China,CHN,2025,2025,True,False,nearest_past_year,2024,measured_multicenter_isolate_fraction,https://www.sciencedirect.com/science/article/pii/S2666606525001658,Five sentinel hospitals in China during 2024; 393/394 isolates displayed high-level azithromycin resistance.,China,CHN,7,relative_detection_prior_mean,2.010611200412732e-05,1.6667804836994706e-16,China,long_natural_immunity,Extended R→W stage (15 years) with the baseline W→S stage retained.,12227.5,5475.0,6113.75,798.0,798.0,4.146450779474111,6.115906368894303,5.115906368894303,0.25,calibrated_country_scenario_analysis,-0.04649789132916671,-0.03204901445663966,-0.01573029114203206,-0.028265341152634793,-0.024823200958093317,-0.03482643745820946,-0.05469046559559243,-0.0457292391351809,-0.05469154663785103,-0.048558309125037225,-0.048272880294982334,-0.0482630254629004
immunity_structure_sensitivity,short_vaccine_immunity,symptom_protective,country_timeline,,2027-01-01,2051-01-01,2027,2051,40846802.64488894,194207698.31580392,7886589.205113621,1641782.6703603445,3269352.952278741,6614835.343777506,4342398.2522284305,12599016.26636628,56431619.89962446,5435452.636438422,6657.61404406261,6506.163430878541,6514.9165810162585,567478.1285736407,194182195.50806597,0.9998686828176272,0.9969999999999999,0.9999473838234711,1336915575.300978,7978469.566300523,78945023.71936643,88756327.55474491,175679820.84041187,24.000492823261258,605.2604531963289,24.57904912038134,857.3850664318636,1707.3480240618476,349.11950979172747,203.84974258415298,298.8096351314284,1338.383203543998,128.91209795514902,0.20748871071851152,3.3977014534914147,1.545136386308215,13.458823209620398,12407.05283496901,2615642.8593828822,1117039.80462535,1117039.80462535,454443.3473603349,6790.0,8701.0,3,10.806849315068492,0.8041327837735478,0.21032535269774613,4.754538562153644,0.4262972142657179,0.3194606546889039,3.754849053763097e-05,0.009000887431257681,0.012270415047610062,0.4049883632963125,0.017702978325537244,M3;M4;M5;M18,3.0,18.0,4,aP,True,China,/home/ctm/pertussis_transmission_analysis/outputs/calibrations/China_calibrated_config.yaml,current,fitted_parameters_and_state_only,fe4b0945dbc60905bca91e1dac7a67bb5863846eea9d42ff0fc0dbee6b1fb742,fbaadbe47d956b3f84d024d1fe55f5b483b9cf95f7db1635c7b7f23a7bb227b0,True,state_reconstruction_accepted,60.94514257549577,56.10620773765417,True,China,CHN,1,contact_reduction_mean,China,CHN,2025,2025,True,False,nearest_past_year,2024,measured_multicenter_isolate_fraction,https://www.sciencedirect.com/science/article/pii/S2666606525001658,Five sentinel hospitals in China during 2024; 393/394 isolates displayed high-level azithromycin resistance.,China,CHN,7,relative_detection_prior_mean,2.010611200412732e-05,1.6667804836994706e-16,China,short_vaccine_immunity,"Three-year total two-stage vaccine protection, split equally across recent and waned stages.",12227.5,6113.75,6113.75,547.5,547.5,4.146450779474111,5.927732035805975,4.927732035805975,0.25,calibrated_country_scenario_analysis,-0.012740957866944624,-0.04152766777162631,-0.015757990275309774,-0.028722087057884815,0.0028793816435598307,-0.028222843703018308,0.017702978325537244,-0.013554220298933828,0.017690544412165443,-0.0006476474295842305,-0.0009226458452271658,-0.0010470619291398364
immunity_structure_sensitivity,fast_W_to_S,symptom_protective,country_timeline,,2027-01-01,2051-01-01,2027,2051,137719178.62429503,682235923.157951,23215411.074288823,4589718.901326005,9226346.104579808,16477710.096723907,10767197.97792349,31834626.9759734,143321239.61795533,14108624.208155978,19440.809400577622,18926.239966060737,18947.984816870965,1594419.7145979153,681978608.9237592,0.9996228368729094,0.997,0.9999956116837014,1336915575.8377712,7978469.585998874,78945023.81311187,88756327.7048605,175679821.10397124,24.000492823261258,2126.230975664656,72.3522823460486,2396.880236613543,4818.257307181635,869.6648919672267,505.4558345296116,755.0187297050281,3399.135801332563,334.6128583685665,0.6058849986697455,9.88381456540843,4.49387499897559,37.814696193579714,54382.926893648786,7804547.585474256,3927881.543247385,3927881.543247385,1991928.2746237225,0.0,8722.0,3,10.826027397260274,0.8081351948140106,0.20186444886516233,4.953819286267496,0.3733391624403733,0.28673690118547107,3.227485388460367e-05,0.009090303454897595,0.01245388154004309,0.351762702591548,-2.4507299206421203,M3;M4;M5;M18,3.0,18.0,4,aP,True,China,/home/ctm/pertussis_transmission_analysis/outputs/calibrations/China_calibrated_config.yaml,current,fitted_parameters_and_state_only,fe4b0945dbc60905bca91e1dac7a67bb5863846eea9d42ff0fc0dbee6b1fb742,fbaadbe47d956b3f84d024d1fe55f5b483b9cf95f7db1635c7b7f23a7bb227b0,True,state_reconstruction_accepted,60.94514257549577,56.10620773765417,True,China,CHN,1,contact_reduction_mean,China,CHN,2025,2025,True,False,nearest_past_year,2024,measured_multicenter_isolate_fraction,https://www.sciencedirect.com/science/article/pii/S2666606525001658,Five sentinel hospitals in China during 2024; 393/394 isolates displayed high-level azithromycin resistance.,China,CHN,7,relative_detection_prior_mean,2.010611200412732e-05,1.6667804836994706e-16,China,fast_W_to_S,"Rapid W→S transition (3 years). Tests scenario where unboosted individuals lose immunity quickly, amplifying immunity debt effects.",12227.5,6113.75,1095.0,798.0,798.0,4.146450779474111,17.44920805625117,16.44920805625117,0.25,calibrated_country_scenario_analysis,-1.8311885613025236,-1.5944698658904493,-1.5186237520566812,-1.5993286468609211,-1.5324200036373257,-1.6689239469765607,-2.4507299206421203,-1.9835556611802811,-2.4499251298588787,-1.9219777629140076,-1.9116548306830943,-1.9114454950469755
immunity_structure_sensitivity,baseline_sirws_boosting,symptom_protective,country_timeline,,2027-01-01,2051-01-01,2027,2051,7320048.154890658,36334232.41308918,300981.7324854618,412572.4774568976,899630.2472196483,1729485.5144399258,859127.9493274867,3001185.94122431,13697018.685190083,236471.6056889214,1438.511663378243,1418.5864683578059,1420.7047844867866,134645.9854502019,35307121.398286134,0.9717315890115505,0.003,0.9998365079329836,72784716.29884404,682810.3403457244,6599216.0808326565,6165078.110847723,13447104.532026103,24.000492823261258,2079.963130647041,17.22978208127792,2517.561010755257,5489.639174326445,1091.954193376035,580.6295101820178,929.9165197242646,4244.016930565186,73.27065262945501,0.8234799592889225,8.656365071021291,4.402049305237704,41.720016232522234,19124.693653741226,517751.7590714245,257704.482539524,257704.482539524,38136.5863531468,2436.0,7107.0,3,8.438356164383562,0.8077931669910852,0.20146422997651264,4.963660298985002,0.5511329434349793,0.3981937322986525,0.0009221016051836627,0.01878036793975248,0.025659699133366475,0.5057707747566768,0.0,W8;W12;W16;M40,1.8410958904109591,40.0,4,aP,True,United_Kingdom,/home/ctm/pertussis_transmission_analysis/outputs/calibrations/United_Kingdom_calibrated_config.yaml,current,fitted_parameters_and_state_only,fe4b0945dbc60905bca91e1dac7a67bb5863846eea9d42ff0fc0dbee6b1fb742,fbaadbe47d956b3f84d024d1fe55f5b483b9cf95f7db1635c7b7f23a7bb227b0,True,state_reconstruction_accepted,47.87063170623975,40.9064805360586,True,United_Kingdom,GBR,1,contact_reduction_mean,United_Kingdom,GBR,2025,2025,True,False,nearest_past_year,2024,measured_national_surveillance_fraction,https://www.postersessiononline.eu/173580348_eu/congresos/UKHSA2025/aula/-P_58_UKHSA2025.pdf,"UKHSA national reference laboratory poster: 661 B. pertussis isolates received from June 2023 to November 2024, with 2 predicted and phenotypically confirmed macrolide-resistant isolates.",United_Kingdom,GBR,3,relative_detection_prior_mean,6.047227433250013e-05,1.6570722974665014e-16,United_Kingdom,baseline_sirws_boosting,Current model: SIRWS with literature-centred R and W stages. Boosting efficiency 0.70. Natural boosting by circulating pathogen maintains population immunity.,12227.5,6113.75,6113.75,798.0,798.0,6.999594011212859,2.461540205571497,1.461540205571497,0.25,calibrated_country_scenario_analysis,0.0,0.0,0.0,0.0,0.0,0.0,0.0,0.0,0.0,0.0,0.0,0.0
immunity_structure_sensitivity,sirws_strong_boosting,symptom_protective,country_timeline,,2027-01-01,2051-01-01,2027,2051,7542195.2453379,38798906.89159797,309499.49259650736,420340.08865765325,917199.7787637915,1781294.885636671,907814.61504502,3109449.5893393443,14594708.022840831,243242.56842977152,1468.0778362084936,1447.8289463436922,1449.9813653874103,137274.3846666052,37266618.96051425,0.960506930379125,0.003,0.9998227313180958,72784716.29791729,682810.3405145374,6599216.08244787,6165078.111469345,13447104.534431754,24.000492823261258,2221.0540992710485,17.71738360243969,2564.959797423332,5596.85031767399,1124.6653431289747,613.5337066255718,963.4619768609284,4522.165688616897,75.36863329109963,0.8404051962778251,8.834805770671853,4.492762698251299,42.534424895228995,25753.87349720192,534236.9415656852,299288.46117387235,299288.46117387235,51355.84591962446,2065.0,7240.0,3,8.936986301369863,0.808055544009576,0.19439195197973957,5.144245889892729,0.5416050036986233,0.3900539981369659,0.0008828547405383136,0.018082065317964947,0.02470696484961413,0.49793311879050584,-0.06783339883137063,W8;W12;W16;M40,1.8410958904109591,40.0,4,aP,True,United_Kingdom,/home/ctm/pertussis_transmission_analysis/outputs/calibrations/United_Kingdom_calibrated_config.yaml,current,fitted_parameters_and_state_only,fe4b0945dbc60905bca91e1dac7a67bb5863846eea9d42ff0fc0dbee6b1fb742,fbaadbe47d956b3f84d024d1fe55f5b483b9cf95f7db1635c7b7f23a7bb227b0,True,state_reconstruction_accepted,47.87063170623975,40.9064805360586,True,United_Kingdom,GBR,1,contact_reduction_mean,United_Kingdom,GBR,2025,2025,True,False,nearest_past_year,2024,measured_national_surveillance_fraction,https://www.postersessiononline.eu/173580348_eu/congresos/UKHSA2025/aula/-P_58_UKHSA2025.pdf,"UKHSA national reference laboratory poster: 661 B. pertussis isolates received from June 2023 to November 2024, with 2 predicted and phenotypically confirmed macrolide-resistant isolates.",United_Kingdom,GBR,3,relative_detection_prior_mean,6.047227433250013e-05,1.6570722974665014e-16,United_Kingdom,sirws_strong_boosting,High boosting efficiency (0.90) — strong natural immune maintenance.,12227.5,6113.75,6113.75,798.0,798.0,6.999594011212859,2.5312016059871016,1.5312016059871016,0.25,calibrated_country_scenario_analysis,-0.018827264602416793,-0.029956522193551383,-0.05666986594446688,-0.0360736223064102,-0.06553903139676498,-0.028633301326491223,-0.06783339883137063,-0.028299923854870457,-0.05549864969516416,-0.02055330768804242,-0.020613814270862285,-0.02060708263976152
immunity_structure_sensitivity,sirws_weak_boosting,symptom_protective,country_timeline,,2027-01-01,2051-01-01,2027,2051,8792094.762908738,41094047.50820891,353212.47388562636,477813.0351414132,1042585.7811922864,1990309.4896767382,1042987.1496544336,3511109.6744725853,15384660.455619195,274484.76963018725,1682.921855831799,1658.6905207328412,1661.1701281725125,156487.38674045983,39682062.36736588,0.9656401540743591,0.0030000000000000005,0.9996581121420277,72784716.2997437,682810.340483521,6599216.082596815,6165078.112602589,13447104.535682924,24.000492823261258,2352.4400552434518,20.219745242037725,2915.6658119192302,6361.969001778668,1256.6319721338896,704.8881579649001,1087.9162277549178,4766.932200909287,85.04901949470064,0.9633932463606873,10.121505459607093,5.147130414751457,48.487567537883606,25288.268518450866,609743.8167286664,306929.0449911225,306929.0449911225,50427.3821870462,2345.0,7212.0,3,8.083561643835617,0.8081360413618522,0.213950566956259,4.673976864031608,0.5594824238226579,0.4063820494981623,0.0009609520319346314,0.018927311123073835,0.02588407642099277,0.5137100842466567,-0.1310008435297243,W8;W12;W16;M40,1.8410958904109591,40.0,4,aP,True,United_Kingdom,/home/ctm/pertussis_transmission_analysis/outputs/calibrations/United_Kingdom_calibrated_config.yaml,current,fitted_parameters_and_state_only,fe4b0945dbc60905bca91e1dac7a67bb5863846eea9d42ff0fc0dbee6b1fb742,fbaadbe47d956b3f84d024d1fe55f5b483b9cf95f7db1635c7b7f23a7bb227b0,True,state_reconstruction_accepted,47.87063170623975,40.9064805360586,True,United_Kingdom,GBR,1,contact_reduction_mean,United_Kingdom,GBR,2025,2025,True,False,nearest_past_year,2024,measured_national_surveillance_fraction,https://www.postersessiononline.eu/173580348_eu/congresos/UKHSA2025/aula/-P_58_UKHSA2025.pdf,"UKHSA national reference laboratory poster: 661 B. pertussis isolates received from June 2023 to November 2024, with 2 predicted and phenotypically confirmed macrolide-resistant isolates.",United_Kingdom,GBR,3,relative_detection_prior_mean,6.047227433250013e-05,1.6570722974665014e-16,United_Kingdom,sirws_weak_boosting,Low boosting efficiency (0.40) — weak natural immune maintenance.,12227.5,6113.75,6113.75,798.0,798.0,6.999594011212859,2.8887025746989194,1.8887025746989194,0.25,calibrated_country_scenario_analysis,-0.15813114361544245,-0.15081015311150336,-0.2140067733460067,-0.1699074110150789,-0.12321234344623311,-0.16075149416151135,-0.1310008435297243,-0.17353458952093526,-0.12391100706646996,-0.16990490843819495,-0.16925584568206564,-0.16925778410226955
immunity_structure_sensitivity,sirws_no_boosting,symptom_protective,country_timeline,,2027-01-01,2051-01-01,2027,2051,8515470.651631553,44345888.29639037,343199.1712253636,475347.17103339714,1034392.6459255763,1908548.6219342079,978115.3695171538,3362011.162484759,15768580.245466284,266164.74125784636,1654.5889558041417,1631.4626649127922,1633.8413498353402,154669.72262462723,42579741.36209001,0.9601733779128262,0.003,0.9987354038193399,72784716.30052404,682810.3402972386,6599216.081862537,6165078.109697091,13447104.531856868,24.000492823261258,2538.5925757695923,19.646530976219097,2900.618848421591,6311.973623231273,1205.0101913300891,661.045480425594,1041.7181010303934,4885.889628371208,82.471061345153,0.9471739997813171,9.955358198628435,5.062452282512673,47.92436489721345,34262.42196689924,593683.2623572575,343612.5419187284,343612.5419187284,68322.75788026312,2051.0,7233.0,4,5.983561643835617,0.8077019540042946,0.19202390523147303,5.2076849431562255,0.5198710718960015,0.3769111694411668,0.0008664676049827401,0.017180400792347325,0.023483049478459164,0.4783411540202124,-0.22049883405311843,W8;W12;W16;M40,1.8410958904109591,40.0,4,aP,True,United_Kingdom,/home/ctm/pertussis_transmission_analysis/outputs/calibrations/United_Kingdom_calibrated_config.yaml,current,fitted_parameters_and_state_only,fe4b0945dbc60905bca91e1dac7a67bb5863846eea9d42ff0fc0dbee6b1fb742,fbaadbe47d956b3f84d024d1fe55f5b483b9cf95f7db1635c7b7f23a7bb227b0,True,state_reconstruction_accepted,47.87063170623975,40.9064805360586,True,United_Kingdom,GBR,1,contact_reduction_mean,United_Kingdom,GBR,2025,2025,True,False,nearest_past_year,2024,measured_national_surveillance_fraction,https://www.postersessiononline.eu/173580348_eu/congresos/UKHSA2025/aula/-P_58_UKHSA2025.pdf,"UKHSA national reference laboratory poster: 661 B. pertussis isolates received from June 2023 to November 2024, with 2 predicted and phenotypically confirmed macrolide-resistant isolates.",United_Kingdom,GBR,3,relative_detection_prior_mean,6.047227433250013e-05,1.6570722974665014e-16,United_Kingdom,sirws_no_boosting,Boosting disabled: the implemented single-stage R→S pathway uses the same mean duration as the baseline R-plus-W pathway. This changes residence-time structure while holding the unboosted mean fixed.,12227.5,6113.75,6113.75,798.0,798.0,6.999594011212859,2.806810072805184,1.8068100728051841,0.25,calibrated_country_scenario_analysis,-0.15215434137401407,-0.10353547687982201,-0.13849790393015238,-0.12022754615238962,-0.15124178537597222,-0.12556744596214342,-0.22049883405311843,-0.14026578420981428,-0.20598167383186605,-0.15020892629987892,-0.15006219310791646,-0.15002171293844602
immunity_structure_sensitivity,long_natural_immunity,symptom_protective,country_timeline,,2027-01-01,2051-01-01,2027,2051,7758578.967182402,38311100.87781195,316919.37859087123,435811.4877488311,949763.2341598258,1805813.3967359383,895431.9272673107,3137056.81175208,14219602.946840053,247980.4929933701,1520.069067799611,1498.6395702612087,1500.8715692822877,142153.2944121219,37217006.87762423,0.971441854315876,0.0029999999999999996,0.999733464712016,72784716.2982762,682810.3405735252,6599216.086488815,6165078.1079839105,13447104.535046251,24.000492823261258,2193.129509797041,18.142137017438692,2659.3679151665665,5795.555975305394,1140.1457212949936,605.165042039491,972.0160659944164,4405.939498644438,76.83667772281993,0.8701677198348895,9.144857585416778,4.6504458346798,44.04615354270374,23983.629598060725,546303.4003536447,272938.4443202814,272938.4443202814,47825.79934514492,2429.0,6883.0,3,7.978082191780823,0.8076626110328453,0.20251516634636352,4.937901778129994,0.5465343734669628,0.3956670412173979,0.0009230685147095005,0.01866950593222335,0.025511149605411624,0.5014306494146183,-0.05440787745967679,W8;W12;W16;M40,1.8410958904109591,40.0,4,aP,True,United_Kingdom,/home/ctm/pertussis_transmission_analysis/outputs/calibrations/United_Kingdom_calibrated_config.yaml,current,fitted_parameters_and_state_only,fe4b0945dbc60905bca91e1dac7a67bb5863846eea9d42ff0fc0dbee6b1fb742,fbaadbe47d956b3f84d024d1fe55f5b483b9cf95f7db1635c7b7f23a7bb227b0,True,state_reconstruction_accepted,47.87063170623975,40.9064805360586,True,United_Kingdom,GBR,1,contact_reduction_mean,United_Kingdom,GBR,2025,2025,True,False,nearest_past_year,2024,measured_national_surveillance_fraction,https://www.postersessiononline.eu/173580348_eu/congresos/UKHSA2025/aula/-P_58_UKHSA2025.pdf,"UKHSA national reference laboratory poster: 661 B. pertussis isolates received from June 2023 to November 2024, with 2 predicted and phenotypically confirmed macrolide-resistant isolates.",United_Kingdom,GBR,3,relative_detection_prior_mean,6.047227433250013e-05,1.6570722974665014e-16,United_Kingdom,long_natural_immunity,Extended R→W stage (15 years) with the baseline W→S stage retained.,12227.5,5475.0,6113.75,798.0,798.0,6.999594011212859,2.591884184765039,1.5918841847650391,0.25,calibrated_country_scenario_analysis,-0.05632709781122358,-0.044133287997344395,-0.0422567767330142,-0.04527239337671385,-0.038153139282420145,-0.048669214516979364,-0.05440787745967679,-0.052952204021814664,-0.05409349172914468,-0.05669568519857271,-0.05643159841787759,-0.05642747576475604
immunity_structure_sensitivity,short_vaccine_immunity,symptom_protective,country_timeline,,2027-01-01,2051-01-01,2027,2051,7570424.800620061,36900163.28121875,315264.04395023704,433474.95163735974,934876.7872528741,1830842.513346001,892183.9493054388,3156501.4142887997,13985041.605036922,249304.04216423602,1497.4146464241464,1476.7102604375946,1479.1287724842155,141589.90572860785,35882009.77712298,0.9724078862107912,0.003,0.9997980464304386,72784716.3003521,682810.3404254643,6599216.081808599,6165078.113789591,13447104.536023656,24.000492823261258,2112.3599988464725,18.047376930009662,2645.1101246030253,5704.717298838725,1155.948484605288,602.9699413641314,978.0409699007631,4333.260740380391,77.24677901132134,0.8571991339678238,9.01104261326827,4.583075846885169,43.8715877332077,19889.704581520607,539940.222169714,265643.14154077554,265643.14154077554,39662.0960346244,2436.0,6883.0,3,8.42876712328767,0.8043979505502306,0.20515965587808702,4.8742526678551,0.5282022129000057,0.3842708077037281,0.0009424987698073766,0.014166872572439128,0.019332160546374547,0.4937606810113846,-0.015575693513913302,W8;W12;W16;M40,1.8410958904109591,40.0,4,aP,True,United_Kingdom,/home/ctm/pertussis_transmission_analysis/outputs/calibrations/United_Kingdom_calibrated_config.yaml,current,fitted_parameters_and_state_only,fe4b0945dbc60905bca91e1dac7a67bb5863846eea9d42ff0fc0dbee6b1fb742,fbaadbe47d956b3f84d024d1fe55f5b483b9cf95f7db1635c7b7f23a7bb227b0,True,state_reconstruction_accepted,47.87063170623975,40.9064805360586,True,United_Kingdom,GBR,1,contact_reduction_mean,United_Kingdom,GBR,2025,2025,True,False,nearest_past_year,2024,measured_national_surveillance_fraction,https://www.postersessiononline.eu/173580348_eu/congresos/UKHSA2025/aula/-P_58_UKHSA2025.pdf,"UKHSA national reference laboratory poster: 661 B. pertussis isolates received from June 2023 to November 2024, with 2 predicted and phenotypically confirmed macrolide-resistant isolates.",United_Kingdom,GBR,3,relative_detection_prior_mean,6.047227433250013e-05,1.6570722974665014e-16,United_Kingdom,short_vaccine_immunity,"Three-year total two-stage vaccine protection, split equally across recent and waned stages.",12227.5,6113.75,6113.75,547.5,547.5,6.999594011212859,2.57834624423917,1.57834624423917,0.25,calibrated_country_scenario_analysis,-0.05066376290853247,-0.058605289295469154,-0.03847622464596556,-0.051751366328582016,-0.021028146815501136,-0.0542662889184069,-0.015575693513913302,-0.04745241960976854,-0.016282504947139564,-0.04094717098613865,-0.04097303433824129,-0.041123242939266946
immunity_structure_sensitivity,fast_W_to_S,symptom_protective,country_timeline,,2027-01-01,2051-01-01,2027,2051,10778992.594481349,55226508.52480948,404268.85531447077,544228.7249485651,1188394.9987722118,2112343.4031305024,1153198.891399045,3809771.019478112,17587604.783923127,300798.2999450102,1923.4625001684574,1892.2013294807068,1894.9081915467461,177601.02781087067,51460428.09434371,0.9318066535244767,0.003,0.9995577132037852,72784716.29662804,682810.3406296716,6599216.082391821,6165078.110323245,13447104.533344738,24.000492823261258,3161.456674342311,23.142481844357533,3320.941393714091,7251.712308787884,1333.6811537855247,779.3732098188345,1180.45635172701,5449.513808756527,93.20225859857972,1.1010914000244951,11.546413175650004,5.871367069607554,55.02962258905181,42891.60469358828,701399.20700171,518938.09387728653,518938.09387728653,85530.22682547788,1694.0,7569.0,4,6.341552511415525,0.8076749280193456,0.19517787530673042,5.123531539773435,0.4813879154659948,0.35245421819314765,0.0008170729217645619,0.015457919141194336,0.02114791471577031,0.4439650086872657,-0.5199580356323827,W8;W12;W16;M40,1.8410958904109591,40.0,4,aP,True,United_Kingdom,/home/ctm/pertussis_transmission_analysis/outputs/calibrations/United_Kingdom_calibrated_config.yaml,current,fitted_parameters_and_state_only,fe4b0945dbc60905bca91e1dac7a67bb5863846eea9d42ff0fc0dbee6b1fb742,fbaadbe47d956b3f84d024d1fe55f5b483b9cf95f7db1635c7b7f23a7bb227b0,True,state_reconstruction_accepted,47.87063170623975,40.9064805360586,True,United_Kingdom,GBR,1,contact_reduction_mean,United_Kingdom,GBR,2025,2025,True,False,nearest_past_year,2024,measured_national_surveillance_fraction,https://www.postersessiononline.eu/173580348_eu/congresos/UKHSA2025/aula/-P_58_UKHSA2025.pdf,"UKHSA national reference laboratory poster: 661 B. pertussis isolates received from June 2023 to November 2024, with 2 predicted and phenotypically confirmed macrolide-resistant isolates.",United_Kingdom,GBR,3,relative_detection_prior_mean,6.047227433250013e-05,1.6570722974665014e-16,United_Kingdom,fast_W_to_S,"Rapid W→S transition (3 years). Tests scenario where unboosted individuals lose immunity quickly, amplifying immunity debt effects.",12227.5,6113.75,1095.0,798.0,798.0,6.999594011212859,3.3062605927265065,2.3062605927265065,0.25,calibrated_country_scenario_analysis,-0.3191105919212023,-0.2213709715947294,-0.34229004224778503,-0.269421853257098,-0.28404619926084673,-0.272027138601624,-0.5199580356323827,-0.34316741410210994,-0.45750845881311863,-0.3371198504232782,-0.3338639354646955,-0.33378039705219975
immunity_structure_sensitivity,baseline_sirws_boosting,symptom_protective,country_timeline,,2027-01-01,2051-01-01,2027,2051,12695737.961070437,60712053.67476191,820237.6203451084,597403.6217839075,1244636.648341139,2007031.10308471,1060551.5678828917,3664986.2927515097,16235474.601914896,572428.6593844384,2433.020322841977,2368.634403761524,2371.4620882019613,203827.30439424893,60605682.430340305,0.9982479386220166,0.827,0.9992527742846286,111962696.37772234,732155.6562749987,7080255.645480007,6775380.660592253,14587791.962347262,24.000492823261258,2259.3390843867046,30.524332516533246,3399.7287646935456,7083.028727414922,1181.0954713598042,652.1956992589361,1046.7973968173212,4637.194027980651,163.49770030310088,0.9054244710534565,13.479520749245847,6.773395975560594,58.217377800888265,53267.2247527826,751887.8235852259,357172.7547151528,357172.7547151528,163395.6742980738,1722.0,7000.0,3,7.978082191780822,0.8038899039303985,0.2091139599573136,4.782081503330193,0.48741783808093303,0.37441699578562687,4.564776156072975e-05,0.013831060383154906,0.01891730381722849,0.4546238261189889,0.0,M2;M3;M4;Y1,2.0,12.0,4,aP,True,Japan,/home/ctm/pertussis_transmission_analysis/outputs/calibrations/Japan_calibrated_config.yaml,current,fitted_parameters_and_state_only,fe4b0945dbc60905bca91e1dac7a67bb5863846eea9d42ff0fc0dbee6b1fb742,fbaadbe47d956b3f84d024d1fe55f5b483b9cf95f7db1635c7b7f23a7bb227b0,True,state_reconstruction_accepted,48.26940985961891,41.43058288594312,True,Japan,JPN,1,contact_reduction_mean,Japan,JPN,2025,2025,True,False,exact_year,2025,measured_multicenter_isolate_fraction,https://www.mdpi.com/2227-9059/14/1/167,"Japanese children at six clinics, March-August 2025; 43/52 sequenced B. pertussis isolates carried the A2047G mutation associated with macrolide resistance.",Japan,JPN,3,relative_detection_prior_mean,7.644092124256049e-05,2.2471172848738243e-16,Japan,baseline_sirws_boosting,Current model: SIRWS with literature-centred R and W stages. Boosting efficiency 0.70. Natural boosting by circulating pathogen maintains population immunity.,12227.5,6113.75,6113.75,798.0,798.0,7.349919218851434,4.153016054685736,3.153016054685736,0.25,calibrated_country_scenario_analysis,0.0,0.0,0.0,0.0,0.0,0.0,0.0,0.0,0.0,0.0,0.0,0.0
immunity_structure_sensitivity,sirws_strong_boosting,symptom_protective,country_timeline,,2027-01-01,2051-01-01,2027,2051,11884611.416334216,59259706.86660303,785814.9172626493,576308.5986628605,1202379.6085489525,1977632.2450091764,999051.0499449042,3552991.893616941,16154892.266671805,556867.1198325865,2356.999265476545,2295.3972239009668,2298.142815848841,197078.0105337625,59171215.24970783,0.9985067152442316,0.827,0.9998906922019665,111962696.38406499,732155.6564380353,7080255.647138774,6775380.662769011,14587791.96634582,24.000492823261258,2205.291432944691,29.243325634742554,3279.680350660434,6842.55064967316,1163.7948631978174,614.3754039283118,1014.8094336635402,4614.1780119142095,159.05299629824614,0.8771339857136073,13.062739632299804,6.563980665476112,56.28963708490436,48742.234283740145,718922.3988083604,350434.57549051044,350434.57549051044,149515.39666277703,2065.0,7135.0,3,8.524657534246575,0.803257190831516,0.20055130281165837,4.986255317120126,0.48437810855329694,0.36989038649880174,4.559403132400894e-05,0.01395164155810595,0.01908420997632045,0.45129666298754645,0.023921885692406164,M2;M3;M4;Y1,2.0,12.0,4,aP,True,Japan,/home/ctm/pertussis_transmission_analysis/outputs/calibrations/Japan_calibrated_config.yaml,current,fitted_parameters_and_state_only,fe4b0945dbc60905bca91e1dac7a67bb5863846eea9d42ff0fc0dbee6b1fb742,fbaadbe47d956b3f84d024d1fe55f5b483b9cf95f7db1635c7b7f23a7bb227b0,True,state_reconstruction_accepted,48.26940985961891,41.43058288594312,True,Japan,JPN,1,contact_reduction_mean,Japan,JPN,2025,2025,True,False,exact_year,2025,measured_multicenter_isolate_fraction,https://www.mdpi.com/2227-9059/14/1/167,"Japanese children at six clinics, March-August 2025; 43/52 sequenced B. pertussis isolates carried the A2047G mutation associated with macrolide resistance.",Japan,JPN,3,relative_detection_prior_mean,7.644092124256049e-05,2.2471172848738243e-16,Japan,sirws_strong_boosting,High boosting efficiency (0.90) — strong natural immune maintenance.,12227.5,6113.75,6113.75,798.0,798.0,7.349919218851434,3.9787274885603963,2.9787274885603963,0.25,calibrated_country_scenario_analysis,0.03531117380583537,0.014647933472654695,0.057989182044921206,0.030557931241398606,0.004963349530514249,0.027185116078195737,0.023921885692406164,0.04196674503661035,0.02366885617171688,0.031245549678201034,0.03091957954518121,0.03091732847760209
immunity_structure_sensitivity,sirws_weak_boosting,symptom_protective,country_timeline,,2027-01-01,2051-01-01,2027,2051,15580458.329731053,68616262.36169004,968646.3049613374,678594.611626742,1413652.5458082198,2308046.656179235,1293774.5597367482,4280415.827542724,18202775.73902544,659243.4611131607,2832.025326426311,2752.827174221111,2756.0884492445603,233811.63497857272,68477732.95431766,0.997981099485685,0.8269999999999998,0.9994751297865229,111962696.38521478,732155.6562802071,7080255.645665033,6775380.663161846,14587791.965107083,24.000492823261258,2553.4863998904634,36.04721506084092,3861.7737431989804,8044.871252840702,1358.2367752245734,795.6182696852054,1222.5770539937696,5199.09673128711,188.29383896916252,1.0539102402657918,15.665900552153447,7.871969996798259,66.78153511213202,65728.01259338585,890933.071040091,408449.6376453084,408449.6376453084,201618.78131498175,1666.0,7084.0,3,8.073972602739726,0.804206592705636,0.22706655526649558,4.403995114235801,0.4971733015860984,0.38344381985199394,4.8058107088461985e-05,0.013763751697401617,0.018864931741231272,0.4644965600403769,-0.13019175284814843,M2;M3;M4;Y1,2.0,12.0,4,aP,True,Japan,/home/ctm/pertussis_transmission_analysis/outputs/calibrations/Japan_calibrated_config.yaml,current,fitted_parameters_and_state_only,fe4b0945dbc60905bca91e1dac7a67bb5863846eea9d42ff0fc0dbee6b1fb742,fbaadbe47d956b3f84d024d1fe55f5b483b9cf95f7db1635c7b7f23a7bb227b0,True,state_reconstruction_accepted,48.26940985961891,41.43058288594312,True,Japan,JPN,1,contact_reduction_mean,Japan,JPN,2025,2025,True,False,exact_year,2025,measured_multicenter_isolate_fraction,https://www.mdpi.com/2227-9059/14/1/167,"Japanese children at six clinics, March-August 2025; 43/52 sequenced B. pertussis isolates carried the A2047G mutation associated with macrolide resistance.",Japan,JPN,3,relative_detection_prior_mean,7.644092124256049e-05,2.2471172848738243e-16,Japan,sirws_weak_boosting,Low boosting efficiency (0.40) — weak natural immune maintenance.,12227.5,6113.75,6113.75,798.0,798.0,7.349919218851434,4.904436904338384,3.904436904338384,0.25,calibrated_country_scenario_analysis,-0.1359064238686567,-0.1499805123258322,-0.21990726233088687,-0.16792137422407039,-0.12117299834761286,-0.15166047385202308,-0.13019175284814843,-0.18093376959933538,-0.129889644143937,-0.16399575451069892,-0.1622001140612781,-0.16218954667507335
immunity_structure_sensitivity,sirws_no_boosting,symptom_protective,country_timeline,,2027-01-01,2051-01-01,2027,2051,12462000.802136138,63421377.58952867,816721.7662282371,622589.2479628773,1298521.750703089,1970064.7375952732,942935.7688299449,3535589.754388095,15929460.29522108,571294.0675979703,2530.294278933105,2465.8278346951856,2468.678795299047,211629.8582326605,63361769.52187995,0.999060126570657,0.8270000000000001,0.9997350504411894,111962696.39589973,732155.6566613127,7080255.647145076,6775380.660156091,14587791.96396248,24.000492823261258,2360.1638962506663,30.39349347485984,3543.05614594537,7389.680249901531,1159.3415447005193,579.8668087168436,1009.8390157740736,4549.7898862200655,163.17363693700037,0.9416240124392272,14.032633061277782,7.051067397774418,60.44595176259747,41878.36481668671,744959.9326401863,370218.2057695072,370218.2057695072,128460.67521992941,2443.0,6778.0,4,5.695890410958904,0.8031649260020371,0.19649527140188933,5.089180990797038,0.4664890639145543,0.3598211192085864,4.542649045732525e-05,0.013386017576193386,0.01831032238584214,0.43474729746206137,-0.04462579917458842,M2;M3;M4;Y1,2.0,12.0,4,aP,True,Japan,/home/ctm/pertussis_transmission_analysis/outputs/calibrations/Japan_calibrated_config.yaml,current,fitted_parameters_and_state_only,fe4b0945dbc60905bca91e1dac7a67bb5863846eea9d42ff0fc0dbee6b1fb742,fbaadbe47d956b3f84d024d1fe55f5b483b9cf95f7db1635c7b7f23a7bb227b0,True,state_reconstruction_accepted,48.26940985961891,41.43058288594312,True,Japan,JPN,1,contact_reduction_mean,Japan,JPN,2025,2025,True,False,exact_year,2025,measured_multicenter_isolate_fraction,https://www.mdpi.com/2227-9059/14/1/167,"Japanese children at six clinics, March-August 2025; 43/52 sequenced B. pertussis isolates carried the A2047G mutation associated with macrolide resistance.",Japan,JPN,3,relative_detection_prior_mean,7.644092124256049e-05,2.2471172848738243e-16,Japan,sirws_no_boosting,Boosting disabled: the implemented single-stage R→S pathway uses the same mean duration as the baseline R-plus-W pathway. This changes residence-time structure while holding the unboosted mean fixed.,12227.5,6113.75,6113.75,798.0,798.0,7.349919218851434,4.1352146288771605,3.1352146288771605,0.25,calibrated_country_scenario_analysis,-0.04215847587894239,0.018418431798401746,0.11090059419527842,0.03530614524243403,0.018848497761668415,0.001982066704501184,-0.04462579917458842,0.0042863848592948894,-0.045475720774326156,-0.03998074129422147,-0.04103353002865817,-0.040994417570805686
immunity_structure_sensitivity,long_natural_immunity,symptom_protective,country_timeline,,2027-01-01,2051-01-01,2027,2051,14828667.130888607,70731521.61411753,933830.3988891698,656902.4125526698,1370363.3212085243,2263693.22450288,1245662.2280231877,4166257.865078737,18623432.33106119,641806.1833756537,2742.332696973552,2666.38447651658,2669.515995957256,226302.84517446673,70583190.49638648,0.9979028993814062,0.827,0.9996372969299494,111962696.38390075,732155.6566235013,7080255.6478549745,6775380.657891124,14587791.962369598,24.000492823261258,2632.2036827841966,34.75157552048621,3738.3268950061483,7798.519173794373,1332.1357157854402,766.0311603627935,1189.9711320211288,5319.245128552059,183.31338464938088,1.0205320145343182,15.173968934372901,7.624700809530263,64.63686636131274,61065.61239186219,859764.3462314873,421899.885528661,421899.885528661,187317.0032801927,1659.0,7441.0,3,8.591780821917808,0.8041988112011279,0.20964722364927754,4.769917686450822,0.47993024923530964,0.36837718607102826,4.5052929412722336e-05,0.013123611056931007,0.017978827617457407,0.4487827576315085,-0.16503259785989965,M2;M3;M4;Y1,2.0,12.0,4,aP,True,Japan,/home/ctm/pertussis_transmission_analysis/outputs/calibrations/Japan_calibrated_config.yaml,current,fitted_parameters_and_state_only,fe4b0945dbc60905bca91e1dac7a67bb5863846eea9d42ff0fc0dbee6b1fb742,fbaadbe47d956b3f84d024d1fe55f5b483b9cf95f7db1635c7b7f23a7bb227b0,True,state_reconstruction_accepted,48.26940985961891,41.43058288594312,True,Japan,JPN,1,contact_reduction_mean,Japan,JPN,2025,2025,True,False,exact_year,2025,measured_multicenter_isolate_fraction,https://www.mdpi.com/2227-9059/14/1/167,"Japanese children at six clinics, March-August 2025; 43/52 sequenced B. pertussis isolates carried the A2047G mutation associated with macrolide resistance.",Japan,JPN,3,relative_detection_prior_mean,7.644092124256049e-05,2.2471172848738243e-16,Japan,long_natural_immunity,Extended R→W stage (15 years) with the baseline W→S stage retained.,12227.5,5475.0,6113.75,798.0,798.0,7.349919218851434,4.7281574784323706,3.7281574784323706,0.25,calibrated_country_scenario_analysis,-0.09959563115987291,-0.12788148675109867,-0.17454187589371073,-0.1367731097162972,-0.14708271779530535,-0.12119855086539588,-0.16503259785989965,-0.1384876476358985,-0.16462991036383845,-0.12713102773028706,-0.12570537364576495,-0.1256836064291793
immunity_structure_sensitivity,short_vaccine_immunity,symptom_protective,country_timeline,,2027-01-01,2051-01-01,2027,2051,14671828.63333432,69333438.74562863,940656.2745735657,663446.6100472608,1369424.4835240487,2329863.6542632785,1269313.5972069073,4262623.861517446,18642439.05576793,655161.2163841266,2742.124239219907,2667.238159987051,2670.672462298514,228655.16009821318,69193229.71248887,0.9979777574042714,0.827,0.9998087078463325,111962696.37375817,732155.6560981727,7080255.645468678,6775380.662491889,14587791.964058738,24.000492823261258,2580.175410597175,35.00559374219242,3775.5688822668562,7793.176403809566,1371.0756184651025,780.5757814584099,1217.495293270089,5324.673849451974,187.12786377469016,1.0204544391336376,15.178827121785208,7.628003920470175,65.30873711723434,62178.44284987422,861393.5540483299,419666.3782470608,419666.3782470608,190730.57856968607,1666.0,7483.0,3,8.601369863013698,0.801412667830106,0.2116125912514235,4.725616722928688,0.46085480629529463,0.3548441035216315,4.591246646020814e-05,0.010004586393973624,0.013688659744381876,0.4371156476904789,-0.14200450403229614,M2;M3;M4;Y1,2.0,12.0,4,aP,True,Japan,/home/ctm/pertussis_transmission_analysis/outputs/calibrations/Japan_calibrated_config.yaml,current,fitted_parameters_and_state_only,fe4b0945dbc60905bca91e1dac7a67bb5863846eea9d42ff0fc0dbee6b1fb742,fbaadbe47d956b3f84d024d1fe55f5b483b9cf95f7db1635c7b7f23a7bb227b0,True,state_reconstruction_accepted,48.26940985961891,41.43058288594312,True,Japan,JPN,1,contact_reduction_mean,Japan,JPN,2025,2025,True,False,exact_year,2025,measured_multicenter_isolate_fraction,https://www.mdpi.com/2227-9059/14/1/167,"Japanese children at six clinics, March-August 2025; 43/52 sequenced B. pertussis isolates carried the A2047G mutation associated with macrolide resistance.",Japan,JPN,3,relative_detection_prior_mean,7.644092124256049e-05,2.2471172848738243e-16,Japan,short_vaccine_immunity,"Three-year total two-stage vaccine protection, split equally across recent and waned stages.",12227.5,6113.75,6113.75,547.5,547.5,7.349919218851434,4.7627181605490785,3.7627181605490785,0.25,calibrated_country_scenario_analysis,-0.11055002992138241,-0.16085079632417787,-0.19684288406715877,-0.1630667950785858,-0.14825340883900906,-0.14452902670641032,-0.14200450403229614,-0.14680947476877737,-0.14169541432057997,-0.1270453491390775,-0.12606578531128632,-0.1261712660662493
immunity_structure_sensitivity,fast_W_to_S,symptom_protective,country_timeline,,2027-01-01,2051-01-01,2027,2051,18275593.230705287,91206188.4515548,1077488.5564798105,750608.4212734178,1567641.0906361286,2394682.3777472544,1268803.0116329393,4414093.810653612,19810098.27585064,699310.2091401748,3164.3335520903393,3067.4613888337894,3070.9236015249303,258404.4063141939,91002032.06932917,0.9977615950661717,0.827,0.9998413336721279,111962696.38339399,732155.6565036569,7080255.646966798,6775380.660804717,14587791.964275172,24.000492823261258,3394.1481769008296,40.09767189810805,4271.592851090113,8921.195507606997,1409.2200697644628,780.2617924743994,1260.7583059253407,5658.181953948484,199.73774740897755,1.1775754627262316,17.456433698556207,8.771205605418297,73.80574938439882,88939.01464813996,991671.8462162251,547855.638983086,547855.638983086,272817.860101039,1680.0,7457.0,4,6.405479452054795,0.8035719168378003,0.2003766799268514,4.9906007044585,0.4223624658500902,0.32865209710913196,4.065390701555891e-05,0.011167864310458641,0.015318990488624696,0.39583495714399125,-0.5022748026306569,M2;M3;M4;Y1,2.0,12.0,4,aP,True,Japan,/home/ctm/pertussis_transmission_analysis/outputs/calibrations/Japan_calibrated_config.yaml,current,fitted_parameters_and_state_only,fe4b0945dbc60905bca91e1dac7a67bb5863846eea9d42ff0fc0dbee6b1fb742,fbaadbe47d956b3f84d024d1fe55f5b483b9cf95f7db1635c7b7f23a7bb227b0,True,state_reconstruction_accepted,48.26940985961891,41.43058288594312,True,Japan,JPN,1,contact_reduction_mean,Japan,JPN,2025,2025,True,False,exact_year,2025,measured_multicenter_isolate_fraction,https://www.mdpi.com/2227-9059/14/1/167,"Japanese children at six clinics, March-August 2025; 43/52 sequenced B. pertussis isolates carried the A2047G mutation associated with macrolide resistance.",Japan,JPN,3,relative_detection_prior_mean,7.644092124256049e-05,2.2471172848738243e-16,Japan,fast_W_to_S,"Rapid W→S transition (3 years). Tests scenario where unboosted individuals lose immunity quickly, amplifying immunity debt effects.",12227.5,6113.75,1095.0,798.0,798.0,7.349919218851434,5.455525524044342,4.455525524044342,0.25,calibrated_country_scenario_analysis,-0.25645107244583687,-0.1931466204319121,-0.196361450076177,-0.20439572158391495,-0.22017364823533603,-0.2216547820861705,-0.5022748026306569,-0.3136297699030992,-0.501542898620541,-0.3005783479827764,-0.2950337054813057,-0.29494948150459344
immunity_structure_sensitivity,baseline_sirws_boosting,symptom_protective,country_timeline,,2027-01-01,2051-01-01,2027,2051,702871.0606255666,3403585.448951683,91460.34132007265,61499.526012152215,134748.991964749,197020.04699914512,73693.52209835073,332213.095109648,1386958.107472252,77139.28942568557,216.3028505150123,214.1105001123739,214.39430934924758,19875.534399302138,3305726.045822205,0.971248142702097,0.01,0.9989768860716387,5541494.72144368,54207.630513850985,527047.7416334177,488469.4292208878,1069724.8013681564,24.000492823261258,2559.1136591743875,68.76789557818802,4727.060763497709,10357.261496805184,1557.5439206763926,628.5962204591791,1293.970939459668,5402.205727997363,300.4577491879452,1.6263542889508389,16.457254384921313,8.350664376787714,77.41526236477677,25773.092413295228,58183.56051093946,24462.353484779513,24462.353484779513,3912.9165907823467,1204.0,8038.0,5,5.173287671232877,0.8094562505131314,0.20650900973914246,4.8424037346514694,0.7231431638892533,0.5446550116341642,0.0015878589543791483,0.02622735313996143,0.03593588711916561,0.6593920646757471,0.0,W6;M3;M5;Y4;Y11-Y13,1.3808219178082193,156.0,5,aP,True,New_Zealand,/home/ctm/pertussis_transmission_analysis/outputs/calibrations/New_Zealand_calibrated_config.yaml,current,fitted_parameters_and_state_only,fe4b0945dbc60905bca91e1dac7a67bb5863846eea9d42ff0fc0dbee6b1fb742,fbaadbe47d956b3f84d024d1fe55f5b483b9cf95f7db1635c7b7f23a7bb227b0,True,state_reconstruction_accepted,30.018541530691316,28.765002611277744,True,New_Zealand,NZL,1,contact_reduction_mean,New_Zealand,NZL,2025,2025,True,False,exact_year,2025,low_detected_model_anchor,https://www.tewhatuora.govt.nz/for-health-professionals/clinical-guidance/communicable-disease-control-manual/pertussis,"Health New Zealand notes MRBP has been detected by PHF Science and is being assessed; no public national fraction was located, so use a low detected/imported anchor pending surveillance.",New_Zealand,NZL,3,relative_detection_prior_mean,1.0204827386537681e-05,1.352852648487234e-16,New_Zealand,baseline_sirws_boosting,Current model: SIRWS with literature-centred R and W stages. Boosting efficiency 0.70. Natural boosting by circulating pathogen maintains population immunity.,12227.5,6113.75,6113.75,798.0,798.0,25.11070274470987,2.738589050148169,1.738589050148169,0.25,calibrated_country_scenario_analysis,0.0,0.0,0.0,0.0,0.0,0.0,0.0,0.0,0.0,0.0,0.0,0.0
immunity_structure_sensitivity,sirws_strong_boosting,symptom_protective,country_timeline,,2027-01-01,2051-01-01,2027,2051,689529.1719360657,3565711.5200953465,89829.78077014539,58956.770693474464,129481.71348538563,197941.16452971345,73847.50432921547,330745.4395524034,1453222.3042890446,75983.19248935673,209.59636524374042,207.4546066345895,207.73086162496278,19163.997830301018,3479069.917448529,0.975701454770379,0.01,0.9997602963880743,5541494.721224476,54207.63052471804,527047.7417470219,488469.42916376673,1069724.8014355067,24.000492823261258,2681.014240122275,67.54189733929513,4531.616022157891,9952.400725227913,1564.8258240428936,629.9096690637742,1288.25441685682,5660.304960542284,295.9547483519775,1.575929058560833,15.945659985068053,8.091122900076478,74.64382542335314,36734.55917392969,57343.05601559412,24586.91268082665,24586.91268082665,5577.105910927109,1113.0,8136.0,4,6.712328767123289,0.8108520796943264,0.19337772224423466,5.171226490800255,0.7174303675636464,0.5394715097888318,0.0014946467921864378,0.024792298294145147,0.033994168782992905,0.6571492536943218,-0.04763390653042032,W6;M3;M5;Y4;Y11-Y13,1.3808219178082193,156.0,5,aP,True,New_Zealand,/home/ctm/pertussis_transmission_analysis/outputs/calibrations/New_Zealand_calibrated_config.yaml,current,fitted_parameters_and_state_only,fe4b0945dbc60905bca91e1dac7a67bb5863846eea9d42ff0fc0dbee6b1fb742,fbaadbe47d956b3f84d024d1fe55f5b483b9cf95f7db1635c7b7f23a7bb227b0,True,state_reconstruction_accepted,30.018541530691316,28.765002611277744,True,New_Zealand,NZL,1,contact_reduction_mean,New_Zealand,NZL,2025,2025,True,False,exact_year,2025,low_detected_model_anchor,https://www.tewhatuora.govt.nz/for-health-professionals/clinical-guidance/communicable-disease-control-manual/pertussis,"Health New Zealand notes MRBP has been detected by PHF Science and is being assessed; no public national fraction was located, so use a low detected/imported anchor pending surveillance.",New_Zealand,NZL,3,relative_detection_prior_mean,1.0204827386537681e-05,1.352852648487234e-16,New_Zealand,sirws_strong_boosting,High boosting efficiency (0.90) — strong natural immune maintenance.,12227.5,6113.75,6113.75,798.0,798.0,25.11070274470987,2.6897653174411595,1.6897653174411595,0.25,calibrated_country_scenario_analysis,0.041345933595899664,-0.004675247745587585,-0.0020894947952039278,0.004417813682992211,-0.04777663900574458,0.014987134895021237,-0.04763390653042032,0.017828061063330014,-0.05243745828405744,0.03100507115511364,0.031086254407378888,0.03108033858039605
immunity_structure_sensitivity,sirws_weak_boosting,symptom_protective,country_timeline,,2027-01-01,2051-01-01,2027,2051,811655.183138957,3524369.045012116,102271.4962790562,68333.53866600365,149857.55710926643,214159.24420350257,86353.54052744484,368846.3233969511,1426478.092866628,85121.2169488717,241.43295334677018,238.9063313009776,239.2247554070669,22112.28768754055,3414456.9839897547,0.9688136912966265,0.01,0.9995537160595799,5541494.720970846,54207.630512569114,527047.7416583607,488469.4292836753,1069724.801454605,24.000492823261258,2649.929346304334,76.8966688275387,5252.346000241209,11518.556715406325,1693.038012783936,736.5845415747592,1436.657466515882,5556.136181768749,331.54737930492183,1.8153044135488146,18.36314550859446,9.317810948087635,86.1274227040728,25502.454846833225,64853.360435625356,25965.111995919146,25965.111995919146,3871.8279152198265,1204.0,8031.0,5,5.1732876712328775,0.8088110988686091,0.23029801157959232,4.342199887619934,0.7337630547036709,0.5545652991623025,0.0017159690751208441,0.027309483856780226,0.03744133295098124,0.6672962688207885,-0.035487164307167474,W6;M3;M5;Y4;Y11-Y13,1.3808219178082193,156.0,5,aP,True,New_Zealand,/home/ctm/pertussis_transmission_analysis/outputs/calibrations/New_Zealand_calibrated_config.yaml,current,fitted_parameters_and_state_only,fe4b0945dbc60905bca91e1dac7a67bb5863846eea9d42ff0fc0dbee6b1fb742,fbaadbe47d956b3f84d024d1fe55f5b483b9cf95f7db1635c7b7f23a7bb227b0,True,state_reconstruction_accepted,30.018541530691316,28.765002611277744,True,New_Zealand,NZL,1,contact_reduction_mean,New_Zealand,NZL,2025,2025,True,False,exact_year,2025,low_detected_model_anchor,https://www.tewhatuora.govt.nz/for-health-professionals/clinical-guidance/communicable-disease-control-manual/pertussis,"Health New Zealand notes MRBP has been detected by PHF Science and is being assessed; no public national fraction was located, so use a low detected/imported anchor pending surveillance.",New_Zealand,NZL,3,relative_detection_prior_mean,1.0204827386537681e-05,1.352852648487234e-16,New_Zealand,sirws_weak_boosting,Low boosting efficiency (0.40) — weak natural immune maintenance.,12227.5,6113.75,6113.75,798.0,798.0,25.11070274470987,3.062306523609289,2.062306523609289,0.25,calibrated_country_scenario_analysis,-0.11112301341153485,-0.0869921485930405,-0.17179282613467928,-0.1102702717820685,-0.02849400077872688,-0.10347421635087484,-0.035487164307167474,-0.11820593278948155,-0.03289169660775859,-0.11618017410276216,-0.11580857162815383,-0.11581672168998947
immunity_structure_sensitivity,sirws_no_boosting,symptom_protective,country_timeline,,2027-01-01,2051-01-01,2027,2051,949273.0768161325,5080498.24463019,117632.90797168792,77763.57598795768,170529.50170859514,245046.53354909265,102011.53094453491,424821.6404815853,1892835.1185733357,97423.4346628253,275.70373121217887,272.7760971341832,273.1254028740246,25165.322171219606,4704966.090796657,0.9260835973655832,0.01,0.9997097052333628,5541494.721451431,54207.630513886084,527047.7417283418,488469.42916552484,1069724.8014077526,24.000492823261258,3819.9635790636503,88.44672363111948,5977.170438827015,13107.472021584505,1937.2177824377848,870.1451766232262,1654.6814839883846,7372.598108221893,379.46455190085106,2.072982139016837,20.96648981859491,10.638242120391851,98.01900060485373,37619.69529233898,75411.0784551274,48497.43923746895,48497.43923746895,5711.4888461673345,735.0,8717.0,5,5.293150684931507,0.812680992554142,0.18684645306579184,5.351988135669254,0.6883638903477745,0.5251500674008674,0.001368856605108366,0.021717730325240353,0.02978776317847899,0.6354895402389468,-0.49269008251137114,W6;M3;M5;Y4;Y11-Y13,1.3808219178082193,156.0,5,aP,True,New_Zealand,/home/ctm/pertussis_transmission_analysis/outputs/calibrations/New_Zealand_calibrated_config.yaml,current,fitted_parameters_and_state_only,fe4b0945dbc60905bca91e1dac7a67bb5863846eea9d42ff0fc0dbee6b1fb742,fbaadbe47d956b3f84d024d1fe55f5b483b9cf95f7db1635c7b7f23a7bb227b0,True,state_reconstruction_accepted,30.018541530691316,28.765002611277744,True,New_Zealand,NZL,1,contact_reduction_mean,New_Zealand,NZL,2025,2025,True,False,exact_year,2025,low_detected_model_anchor,https://www.tewhatuora.govt.nz/for-health-professionals/clinical-guidance/communicable-disease-control-manual/pertussis,"Health New Zealand notes MRBP has been detected by PHF Science and is being assessed; no public national fraction was located, so use a low detected/imported anchor pending surveillance.",New_Zealand,NZL,3,relative_detection_prior_mean,1.0204827386537681e-05,1.352852648487234e-16,New_Zealand,sirws_no_boosting,Boosting disabled: the implemented single-stage R→S pathway uses the same mean duration as the baseline R-plus-W pathway. This changes residence-time structure while holding the unboosted mean fixed.,12227.5,6113.75,6113.75,798.0,798.0,25.11070274470987,3.5222719383969756,2.5222719383969756,0.25,calibrated_country_scenario_analysis,-0.26445813537801444,-0.24376446600967427,-0.3842672739727546,-0.27876247726288916,-0.3647384938129461,-0.26295478462607647,-0.49269008251137114,-0.28616301091663665,-0.42327767805890004,-0.2746190378709037,-0.27399682402786985,-0.27393961016523183
immunity_structure_sensitivity,long_natural_immunity,symptom_protective,country_timeline,,2027-01-01,2051-01-01,2027,2051,767140.6152633156,3716012.3557164236,98080.12630149828,65248.20768009864,142964.38537269464,209572.20859126846,81734.23755069046,356554.6538220576,1489377.137065923,82218.98332130953,229.54351718434228,227.17507467287487,227.47727438424712,21097.97594118058,3552113.687076553,0.9558939387303861,0.01,0.9995371747141291,5541494.721232002,54207.63051684739,527047.7417962442,488469.4290813741,1069724.8013944656,24.000492823261258,2794.0235731313796,73.7452297542903,5015.197065667616,10988.724311500177,1656.7751571728518,697.1824844059231,1388.7813790459413,5801.128136070201,320.24317118493803,1.7259092184823805,17.46144159971662,8.860246232506844,82.17667560523155,41723.07705355175,62465.16412761214,29658.586377422682,29658.586377422682,6334.47154098118,784.0,8766.0,6,4.368767123287671,0.8103032554267675,0.20644189034603352,4.843978120544339,0.719140274219794,0.543319377531003,0.0015492027467515176,0.025415405213857205,0.03483787946351635,0.6573377867956689,-0.09179346646371678,W6;M3;M5;Y4;Y11-Y13,1.3808219178082193,156.0,5,aP,True,New_Zealand,/home/ctm/pertussis_transmission_analysis/outputs/calibrations/New_Zealand_calibrated_config.yaml,current,fitted_parameters_and_state_only,fe4b0945dbc60905bca91e1dac7a67bb5863846eea9d42ff0fc0dbee6b1fb742,fbaadbe47d956b3f84d024d1fe55f5b483b9cf95f7db1635c7b7f23a7bb227b0,True,state_reconstruction_accepted,30.018541530691316,28.765002611277744,True,New_Zealand,NZL,1,contact_reduction_mean,New_Zealand,NZL,2025,2025,True,False,exact_year,2025,low_detected_model_anchor,https://www.tewhatuora.govt.nz/for-health-professionals/clinical-guidance/communicable-disease-control-manual/pertussis,"Health New Zealand notes MRBP has been detected by PHF Science and is being assessed; no public national fraction was located, so use a low detected/imported anchor pending surveillance.",New_Zealand,NZL,3,relative_detection_prior_mean,1.0204827386537681e-05,1.352852648487234e-16,New_Zealand,long_natural_immunity,Extended R→W stage (15 years) with the baseline W→S stage retained.,12227.5,5475.0,6113.75,798.0,798.0,25.11070274470987,2.9368046965482235,1.9368046965482235,0.25,calibrated_country_scenario_analysis,-0.06095464324726163,-0.06371007307788235,-0.10911020702211327,-0.07327091878896463,-0.07384435697220226,-0.06585092931816061,-0.09179346646371678,-0.07237874783627984,-0.07453359347963318,-0.06121355607567924,-0.06101790689220832,-0.06102291182406083
immunity_structure_sensitivity,short_vaccine_immunity,symptom_protective,country_timeline,,2027-01-01,2051-01-01,2027,2051,759348.8960988888,3613837.8642657083,99309.50293982978,66416.52285523558,143863.585564794,215398.08556624694,81357.64518355804,363172.2536050406,1479399.2003248783,83985.09127849045,230.56931374516847,228.2345697545258,228.56646636284603,21455.4443374607,3467884.8853231277,0.9596127484340705,0.01,0.9996208355298285,5541494.721214923,54207.630525366796,527047.741727628,488469.4291256937,1069724.8013786885,24.000492823261258,2717.199841042401,74.66958279184853,5104.997705318893,11057.83986596232,1702.831685145865,693.9702001155209,1414.5569488260812,5762.264044497091,327.12216664817504,1.7336220555233066,17.542877958409292,8.902670290825851,83.56901601495305,40173.12436842544,62795.158337327084,28804.18360789644,28804.18360789644,6099.154975954525,791.0,8766.0,5,5.456164383561644,0.8056062489185822,0.21012256903041224,4.759127040062338,0.6928471460268406,0.5271082884719911,0.0015909715827647848,0.020451350241688374,0.027965790856004803,0.6428390333463827,-0.061773802499591746,W6;M3;M5;Y4;Y11-Y13,1.3808219178082193,156.0,5,aP,True,New_Zealand,/home/ctm/pertussis_transmission_analysis/outputs/calibrations/New_Zealand_calibrated_config.yaml,current,fitted_parameters_and_state_only,fe4b0945dbc60905bca91e1dac7a67bb5863846eea9d42ff0fc0dbee6b1fb742,fbaadbe47d956b3f84d024d1fe55f5b483b9cf95f7db1635c7b7f23a7bb227b0,True,state_reconstruction_accepted,30.018541530691316,28.765002611277744,True,New_Zealand,NZL,1,contact_reduction_mean,New_Zealand,NZL,2025,2025,True,False,exact_year,2025,low_detected_model_anchor,https://www.tewhatuora.govt.nz/for-health-professionals/clinical-guidance/communicable-disease-control-manual/pertussis,"Health New Zealand notes MRBP has been detected by PHF Science and is being assessed; no public national fraction was located, so use a low detected/imported anchor pending surveillance.",New_Zealand,NZL,3,relative_detection_prior_mean,1.0204827386537681e-05,1.352852648487234e-16,New_Zealand,short_vaccine_immunity,"Three-year total two-stage vaccine protection, split equally across recent and waned stages.",12227.5,6113.75,6113.75,547.5,547.5,25.11070274470987,2.9736158143793623,1.9736158143793623,0.25,calibrated_country_scenario_analysis,-0.07995178437817185,-0.09328004356420427,-0.10399995640022253,-0.09319066271356458,-0.06665024152827592,-0.08874598021025326,-0.061773802499591746,-0.08582038407541437,-0.04905392559854138,-0.06595596496388301,-0.06596626337680322,-0.0661032331343836
immunity_structure_sensitivity,fast_W_to_S,symptom_protective,country_timeline,,2027-01-01,2051-01-01,2027,2051,1131247.270463355,5864541.6304435665,131911.63792102056,87588.26558081279,192354.74678854202,258420.7185621786,112091.16284101225,458100.1469840036,1965652.9672157385,106097.79566100912,309.7002162834222,305.98898178208054,306.3717144582019,28206.992829402298,5137168.674772876,0.8759710474396146,0.01,0.9997580741548255,5541494.720996597,54207.630516096426,527047.7416522194,488469.429206942,1069724.8013752578,24.000492823261258,4409.476070917604,99.18272348324918,6732.329180405612,14785.033887892374,2042.9475339671096,956.1231340891931,1784.3013604262737,7656.2238336314185,413.25121238779684,2.328597491354952,23.51934402712243,11.93318689162063,109.86631637294397,53948.17349174931,84543.76281751823,71933.49105211686,71933.49105211686,8190.507359231159,448.0,8766.0,6,4.552876712328767,0.8125772533504775,0.19289611051457276,5.184137706729203,0.6562710202854429,0.5067728860763793,0.0013205761058079175,0.020344656435254096,0.027903965790128493,0.6067018219542525,-0.7230481556588706,W6;M3;M5;Y4;Y11-Y13,1.3808219178082193,156.0,5,aP,True,New_Zealand,/home/ctm/pertussis_transmission_analysis/outputs/calibrations/New_Zealand_calibrated_config.yaml,current,fitted_parameters_and_state_only,fe4b0945dbc60905bca91e1dac7a67bb5863846eea9d42ff0fc0dbee6b1fb742,fbaadbe47d956b3f84d024d1fe55f5b483b9cf95f7db1635c7b7f23a7bb227b0,True,state_reconstruction_accepted,30.018541530691316,28.765002611277744,True,New_Zealand,NZL,1,contact_reduction_mean,New_Zealand,NZL,2025,2025,True,False,exact_year,2025,low_detected_model_anchor,https://www.tewhatuora.govt.nz/for-health-professionals/clinical-guidance/communicable-disease-control-manual/pertussis,"Health New Zealand notes MRBP has been detected by PHF Science and is being assessed; no public national fraction was located, so use a low detected/imported anchor pending surveillance.",New_Zealand,NZL,3,relative_detection_prior_mean,1.0204827386537681e-05,1.352852648487234e-16,New_Zealand,fast_W_to_S,"Rapid W→S transition (3 years). Tests scenario where unboosted individuals lose immunity quickly, amplifying immunity debt effects.",12227.5,6113.75,1095.0,798.0,798.0,25.11070274470987,3.9498187084447185,2.9498187084447185,0.25,calibrated_country_scenario_analysis,-0.42421041689826167,-0.31164682223073426,-0.5210449934991079,-0.37893464685010736,-0.41724033092691215,-0.3754054056100893,-0.7230481556588706,-0.4422823708845063,-0.554021296249052,-0.43178980557136826,-0.4291171223339587,-0.42901047788131086
immunity_structure_sensitivity,baseline_sirws_boosting,symptom_protective,country_timeline,,2027-01-01,2051-01-01,2027,2051,293956.04329871596,1132204.4264410373,32980.97628863074,9813.018514896903,16326.327549019967,42772.41683963361,28600.819474026135,81186.25482855664,286634.06990184536,21755.584162668343,37.904257713953704,36.89750279674524,36.95039541270415,3320.2621351779517,169405.27169412596,0.14962427962469038,0.010000000000000002,0.9896361521465743,10960604.655495249,96820.60636353488,939124.9670449441,895539.8537843267,1931485.4271928058,24.000492823261258,430.3979317580166,12.537439044119566,422.2937564679745,702.5877083117535,189.76680445816774,133.06792948850867,175.13417958163066,618.3241581769109,46.93092927730234,0.1440898281610641,1.5878483299171526,0.797090246309104,7.1624363787724405,84373.33402209941,26426.826998686964,57405.053694795606,57405.053694795606,25336.513909103523,0.0,8766.0,2,23.991780821917807,0.8157412651951053,0.25963159693937526,3.8516113284682483,0.5071463034772556,0.39292531495544014,0.0007261387682795358,0.010178709536466265,0.014119869221878904,0.48212158595063087,0.0,M3;M5;M12;Y5;Y14-Y16,3.0,192.0,5,aP,True,Sweden,/home/ctm/pertussis_transmission_analysis/outputs/calibrations/Sweden_calibrated_config.yaml,current,fitted_parameters_and_state_only,fe4b0945dbc60905bca91e1dac7a67bb5863846eea9d42ff0fc0dbee6b1fb742,fbaadbe47d956b3f84d024d1fe55f5b483b9cf95f7db1635c7b7f23a7bb227b0,True,state_reconstruction_accepted,27.539835888459052,25.329566843520027,True,Sweden,SWE,1,contact_reduction_mean,Sweden,SWE,2025,2025,True,False,exact_year,2025,low_imported_model_anchor,https://www.folkhalsomyndigheten.se/contentassets/975cc036216b48a39b7bf34319d4ecee/pertussis-surveillance-sweden-23rd-annual-report.pdf,"No public Swedish MRBP prevalence estimate was located in the accessible national surveillance material, so keep a conservative low anchor pending numeric reporting.",Sweden,SWE,2,relative_detection_prior_mean,3.202340290308184e-05,1.4235413699758381e-16,Sweden,baseline_sirws_boosting,Current model: SIRWS with literature-centred R and W stages. Boosting efficiency 0.70. Natural boosting by circulating pathogen maintains population immunity.,12227.5,6113.75,6113.75,798.0,798.0,5.954795201043958,2.1054358077539894,1.1054358077539894,0.25,calibrated_country_scenario_analysis,0.0,0.0,0.0,0.0,0.0,0.0,0.0,0.0,0.0,0.0,0.0,0.0
immunity_structure_sensitivity,sirws_strong_boosting,symptom_protective,country_timeline,,2027-01-01,2051-01-01,2027,2051,399610.5788288397,1731575.535943897,45254.85995178834,12478.283824334505,22714.36245591288,61021.2605360713,46977.39401528583,120476.93837569162,481423.0296463929,30426.55894563459,46.128186434402245,44.92896284875203,44.999896401024294,4181.28080422923,445763.73840195197,0.2574324533633251,0.01,0.9979572015873581,10960604.65642217,96820.60640094118,939124.9672747587,895539.8528750055,1931485.4265507057,24.000492823261258,658.2437869746468,17.203252053012143,536.9908698751998,977.4906089308921,270.7307762505438,218.56662416279178,259.8916505325249,1038.520960658928,65.63586966119016,0.17535239725076163,1.933474441067909,0.9707332795082487,9.019817271272515,94649.93030682493,31115.192115408343,78082.75720278101,78082.75720278101,28422.478543863537,0.0,8766.0,2,23.991780821917807,0.815775763151214,0.2307786004905691,4.333157397931553,0.5012821201100817,0.38385548878334697,0.0005862149535474286,0.010417182762655271,0.014352634765581986,0.4759260876282969,-0.5293841778970236,M3;M5;M12;Y5;Y14-Y16,3.0,192.0,5,aP,True,Sweden,/home/ctm/pertussis_transmission_analysis/outputs/calibrations/Sweden_calibrated_config.yaml,current,fitted_parameters_and_state_only,fe4b0945dbc60905bca91e1dac7a67bb5863846eea9d42ff0fc0dbee6b1fb742,fbaadbe47d956b3f84d024d1fe55f5b483b9cf95f7db1635c7b7f23a7bb227b0,True,state_reconstruction_accepted,27.539835888459052,25.329566843520027,True,Sweden,SWE,1,contact_reduction_mean,Sweden,SWE,2025,2025,True,False,exact_year,2025,low_imported_model_anchor,https://www.folkhalsomyndigheten.se/contentassets/975cc036216b48a39b7bf34319d4ecee/pertussis-surveillance-sweden-23rd-annual-report.pdf,"No public Swedish MRBP prevalence estimate was located in the accessible national surveillance material, so keep a conservative low anchor pending numeric reporting.",Sweden,SWE,2,relative_detection_prior_mean,3.202340290308184e-05,1.4235413699758381e-16,Sweden,sirws_strong_boosting,High boosting efficiency (0.90) — strong natural immune maintenance.,12227.5,6113.75,6113.75,798.0,798.0,5.954795201043958,2.8889745947931464,1.8889745947931464,0.25,calibrated_country_scenario_analysis,-0.2716050423619938,-0.4266498141748216,-0.6425191613110386,-0.4839573352669888,-0.6795736452796797,-0.398563178912257,-0.5293841778970236,-0.3721504043950534,-1.6313451402315988,-0.2169658296044421,-0.2176694747134824,-0.21784613935559127
immunity_structure_sensitivity,sirws_weak_boosting,symptom_protective,country_timeline,,2027-01-01,2051-01-01,2027,2051,230099.41484455595,843943.2186538638,25773.201634701458,8054.614387968692,12981.776306673415,32390.49000273546,21298.43952393798,61743.543914642134,216937.0256267216,16919.00767788333,32.104977828029575,31.25121183064264,31.29244350668739,2750.2142542603037,210597.0811025366,0.249539396072701,0.010000000000000002,0.993287729022444,10960604.655595437,96820.60640361975,939124.9672168682,895539.8535124889,1931485.427132977,24.000492823261258,320.81787294215513,9.797464503053796,346.62253619765085,558.6581816369882,143.70569249274934,99.09293865585789,133.19255742395268,467.97438908129254,36.49751470061585,0.12204435642094896,1.344865661125612,0.6750374718468106,5.932734772969045,61368.93894826753,22213.666051697393,38034.5652114502,38034.5652114502,18428.51172452968,0.0,8766.0,2,23.991780821917807,0.8152274350589466,0.27264798123690986,3.6677330067266403,0.5196062335490327,0.40422496497513116,0.0008225074856198314,0.010426126820993252,0.014473924237649054,0.4938836750047705,0.25460173185622637,M3;M5;M12;Y5;Y14-Y16,3.0,192.0,5,aP,True,Sweden,/home/ctm/pertussis_transmission_analysis/outputs/calibrations/Sweden_calibrated_config.yaml,current,fitted_parameters_and_state_only,fe4b0945dbc60905bca91e1dac7a67bb5863846eea9d42ff0fc0dbee6b1fb742,fbaadbe47d956b3f84d024d1fe55f5b483b9cf95f7db1635c7b7f23a7bb227b0,True,state_reconstruction_accepted,27.539835888459052,25.329566843520027,True,Sweden,SWE,1,contact_reduction_mean,Sweden,SWE,2025,2025,True,False,exact_year,2025,low_imported_model_anchor,https://www.folkhalsomyndigheten.se/contentassets/975cc036216b48a39b7bf34319d4ecee/pertussis-surveillance-sweden-23rd-annual-report.pdf,"No public Swedish MRBP prevalence estimate was located in the accessible national surveillance material, so keep a conservative low anchor pending numeric reporting.",Sweden,SWE,2,relative_detection_prior_mean,3.202340290308184e-05,1.4235413699758381e-16,Sweden,sirws_weak_boosting,Low boosting efficiency (0.40) — weak natural immune maintenance.,12227.5,6113.75,6113.75,798.0,798.0,5.954795201043958,1.6453067103527195,0.6453067103527195,0.25,calibrated_country_scenario_analysis,0.17919095171978128,0.24272481201665674,0.25532065459592224,0.23948279120612526,0.24315687349724602,0.22231425498030855,0.25460173185622637,0.2185433988021137,-0.24315541657278295,0.15299811249935757,0.15302637138361208,0.15312290552840635
immunity_structure_sensitivity,sirws_no_boosting,symptom_protective,country_timeline,,2027-01-01,2051-01-01,2027,2051,595076.7039581123,3075075.814756142,67875.85498990027,18562.265838719126,39037.28615886191,91224.38351865992,78052.63388413336,187839.2832415124,895089.1839054481,46081.16910337826,63.926062069842686,62.32343022146924,62.42773533362835,6069.858767723539,2145885.4850846212,0.6978317330542932,0.01,0.974240242794118,10960604.655651122,96820.60637974515,939124.9664812451,895539.853087391,1931485.4259483814,24.000492823261258,1168.9640490203867,25.802431894189432,798.8091489257531,1679.9318361170149,404.7318584848448,363.14702100062203,405.20502952585485,1930.8774657447427,99.40583867705966,0.24300951539634752,2.682028513431782,1.346684884150192,13.093838832587863,35621.7887334824,36530.087127808205,64987.94517584394,64987.94517584394,10696.886121502133,7.0,7742.0,2,18.947945205479453,0.8152603257860342,0.1935161081566058,5.167528478770021,0.49216719600533193,0.37702922765702246,0.0004659737259449057,0.010923151394916326,0.01490210805092237,0.4658759628335485,-1.7160075892145303,M3;M5;M12;Y5;Y14-Y16,3.0,192.0,5,aP,True,Sweden,/home/ctm/pertussis_transmission_analysis/outputs/calibrations/Sweden_calibrated_config.yaml,current,fitted_parameters_and_state_only,fe4b0945dbc60905bca91e1dac7a67bb5863846eea9d42ff0fc0dbee6b1fb742,fbaadbe47d956b3f84d024d1fe55f5b483b9cf95f7db1635c7b7f23a7bb227b0,True,state_reconstruction_accepted,27.539835888459052,25.329566843520027,True,Sweden,SWE,1,contact_reduction_mean,Sweden,SWE,2025,2025,True,False,exact_year,2025,low_imported_model_anchor,https://www.folkhalsomyndigheten.se/contentassets/975cc036216b48a39b7bf34319d4ecee/pertussis-surveillance-sweden-23rd-annual-report.pdf,"No public Swedish MRBP prevalence estimate was located in the accessible national surveillance material, so keep a conservative low anchor pending numeric reporting.",Sweden,SWE,2,relative_detection_prior_mean,3.202340290308184e-05,1.4235413699758381e-16,Sweden,sirws_no_boosting,Boosting disabled: the implemented single-stage R→S pathway uses the same mean duration as the baseline R-plus-W pathway. This changes residence-time structure while holding the unboosted mean fixed.,12227.5,6113.75,6113.75,798.0,798.0,5.954795201043958,4.333051099669373,3.3330510996693734,0.25,calibrated_country_scenario_analysis,-0.891595925406663,-1.1327853382867517,-1.7290348780047,-1.3136833154599632,-2.1227592177439387,-1.1181306260877881,-1.7160075892145303,-1.0580304960013733,-11.667170647199102,-0.686514020463447,-0.6890961582084854,-0.6895011443413317
immunity_structure_sensitivity,long_natural_immunity,symptom_protective,country_timeline,,2027-01-01,2051-01-01,2027,2051,243459.9281023139,903021.8707193382,27253.616536843485,8477.220745111463,13578.448849689174,34474.33957596666,21814.801541113557,64766.36186219167,221835.6583441199,17857.30405740066,33.61661186310221,32.71795365317247,32.76179678157364,2888.2955002436693,153903.4994014035,0.17043164112825476,0.01,0.9873809621564628,10960604.655482728,96820.60636704993,939124.9668933167,895539.8536103625,1931485.426870729,24.000492823261258,343.27612259210923,10.360231700620172,364.8089919831366,584.3354073805656,152.95103109841565,101.49536017591498,139.7133501855246,478.5416708107744,38.52159830205694,0.12779070528886696,1.4079854767080144,0.7067342143118024,6.23060226114673,71296.4261498474,23552.671174911757,44651.63343191048,44651.63343191048,21409.64220211775,0.0,8766.0,2,23.991780821917807,0.8152411786792648,0.26960579360982273,3.709119105382483,0.5081756924453732,0.39564828388677625,0.0008041416946818805,0.010082451733321155,0.014019123959252852,0.4832699750581173,0.20242153304603283,M3;M5;M12;Y5;Y14-Y16,3.0,192.0,5,aP,True,Sweden,/home/ctm/pertussis_transmission_analysis/outputs/calibrations/Sweden_calibrated_config.yaml,current,fitted_parameters_and_state_only,fe4b0945dbc60905bca91e1dac7a67bb5863846eea9d42ff0fc0dbee6b1fb742,fbaadbe47d956b3f84d024d1fe55f5b483b9cf95f7db1635c7b7f23a7bb227b0,True,state_reconstruction_accepted,27.539835888459052,25.329566843520027,True,Sweden,SWE,1,contact_reduction_mean,Sweden,SWE,2025,2025,True,False,exact_year,2025,low_imported_model_anchor,https://www.folkhalsomyndigheten.se/contentassets/975cc036216b48a39b7bf34319d4ecee/pertussis-surveillance-sweden-23rd-annual-report.pdf,"No public Swedish MRBP prevalence estimate was located in the accessible national surveillance material, so keep a conservative low anchor pending numeric reporting.",Sweden,SWE,2,relative_detection_prior_mean,3.202340290308184e-05,1.4235413699758381e-16,Sweden,long_natural_immunity,Extended R→W stage (15 years) with the baseline W→S stage retained.,12227.5,5475.0,6113.75,798.0,798.0,5.954795201043958,1.7398132682722456,0.7398132682722456,0.25,calibrated_country_scenario_analysis,0.1361250636343545,0.1940053398146494,0.23726655591373202,0.20224966653578658,0.22606667651167545,0.17918526462539064,0.20242153304603283,0.1736564649167649,0.0915070241775715,0.11311778964802377,0.11327458030415682,0.1133573425763773
immunity_structure_sensitivity,short_vaccine_immunity,symptom_protective,country_timeline,,2027-01-01,2051-01-01,2027,2051,214436.36241193197,788242.9221469695,24529.078434221956,7807.651159112004,12280.132031411982,31557.821883478675,19940.792486716862,59306.265529307544,200116.85238340124,16370.011802340932,30.845084891140054,30.043444350001007,30.08625905348282,2668.2152057037283,168877.966991045,0.21424609374362052,0.01,0.9896211889811618,10960604.655546336,96820.60641831184,939124.967701319,895539.8529199786,1931485.4270396095,24.000492823261258,299.6438765742959,9.32452159647151,335.99471256497606,528.4635991118612,140.01142448310387,92.77636165419115,127.93488479402109,431.69007905852345,35.31322627243,0.11725498003674,1.2928905560873603,0.6490177810957067,5.755847243132718,60062.94227747673,21368.57674481102,37573.60889880919,37573.60889880919,18036.33328088554,0.0,8766.0,2,23.991780821917807,0.8120566155402152,0.27204349875779776,3.6758827340708002,0.49201499164967877,0.38564504805633576,0.0008389966469623579,0.0075742876967452915,0.010509754343262562,0.4730919529627086,0.30379805648285074,M3;M5;M12;Y5;Y14-Y16,3.0,192.0,5,aP,True,Sweden,/home/ctm/pertussis_transmission_analysis/outputs/calibrations/Sweden_calibrated_config.yaml,current,fitted_parameters_and_state_only,fe4b0945dbc60905bca91e1dac7a67bb5863846eea9d42ff0fc0dbee6b1fb742,fbaadbe47d956b3f84d024d1fe55f5b483b9cf95f7db1635c7b7f23a7bb227b0,True,state_reconstruction_accepted,27.539835888459052,25.329566843520027,True,Sweden,SWE,1,contact_reduction_mean,Sweden,SWE,2025,2025,True,False,exact_year,2025,low_imported_model_anchor,https://www.folkhalsomyndigheten.se/contentassets/975cc036216b48a39b7bf34319d4ecee/pertussis-surveillance-sweden-23rd-annual-report.pdf,"No public Swedish MRBP prevalence estimate was located in the accessible national surveillance material, so keep a conservative low anchor pending numeric reporting.",Sweden,SWE,2,relative_detection_prior_mean,3.202340290308184e-05,1.4235413699758381e-16,Sweden,short_vaccine_immunity,"Three-year total two-stage vaccine protection, split equally across recent and waned stages.",12227.5,6113.75,6113.75,547.5,547.5,5.954795201043958,1.5658845151948788,0.5658845151948788,0.25,calibrated_country_scenario_analysis,0.20435784898811715,0.2621922207062032,0.30278947060149397,0.2695036166584319,0.30183856911382156,0.24754896582224728,0.30379805648285074,0.25626584793738627,0.003112681782613369,0.1862369361269659,0.18575941262206064,0.18576624911735928
immunity_structure_sensitivity,fast_W_to_S,symptom_protective,country_timeline,,2027-01-01,2051-01-01,2027,2051,489481.75126416143,2630203.0397113343,53157.59348135794,14121.806353143318,30985.249439476174,66925.14950366842,60182.419673842924,141229.37553065468,707661.1968092193,34515.43213567934,48.67202846616885,47.323273356175434,47.40132470692391,4611.11834043573,2581959.1429129373,0.9816577290536126,0.01,0.9959970678531792,10960604.655475931,96820.60638811975,939124.9666899808,895539.8531854015,1931485.426263502,24.000492823261258,999.8494282130911,20.207409331164353,607.7182716423906,1333.420227191789,296.9243428916651,280.0042142231427,304.6586011452227,1526.5596799148536,74.45634615934769,0.18502259748437969,2.036511277190395,1.022536651697321,9.947058521173636,20632.896322056866,26585.068211838465,15520.4684556157,15520.4684556157,6195.8635474928415,5467.0,4419.0,2,9.013698630136986,0.8147052576392426,0.18610036711001682,5.373444531728574,0.4599805981715297,0.35308109428595363,0.00042829967648546274,0.010123445374171267,0.01378950774787291,0.43563934537300014,-1.323081396156606,M3;M5;M12;Y5;Y14-Y16,3.0,192.0,5,aP,True,Sweden,/home/ctm/pertussis_transmission_analysis/outputs/calibrations/Sweden_calibrated_config.yaml,current,fitted_parameters_and_state_only,fe4b0945dbc60905bca91e1dac7a67bb5863846eea9d42ff0fc0dbee6b1fb742,fbaadbe47d956b3f84d024d1fe55f5b483b9cf95f7db1635c7b7f23a7bb227b0,True,state_reconstruction_accepted,27.539835888459052,25.329566843520027,True,Sweden,SWE,1,contact_reduction_mean,Sweden,SWE,2025,2025,True,False,exact_year,2025,low_imported_model_anchor,https://www.folkhalsomyndigheten.se/contentassets/975cc036216b48a39b7bf34319d4ecee/pertussis-surveillance-sweden-23rd-annual-report.pdf,"No public Swedish MRBP prevalence estimate was located in the accessible national surveillance material, so keep a conservative low anchor pending numeric reporting.",Sweden,SWE,2,relative_detection_prior_mean,3.202340290308184e-05,1.4235413699758381e-16,Sweden,fast_W_to_S,"Rapid W→S transition (3 years). Tests scenario where unboosted individuals lose immunity quickly, amplifying immunity debt effects.",12227.5,6113.75,1095.0,798.0,798.0,5.954795201043958,3.3934683979764264,2.3934683979764264,0.25,calibrated_country_scenario_analysis,-0.4390889339203172,-0.5646801010705222,-1.1042201160878502,-0.739572490797769,-1.468866304175041,-0.5865090947503193,-1.323081396156606,-0.6117653102853269,-14.241315202840086,-0.28407813268563764,-0.282560329810446,-0.28283673767200246
immunity_structure_sensitivity,baseline_sirws_boosting,symptom_protective,country_timeline,,2027-01-01,2051-01-01,2027,2051,34303504.02338556,182009979.3882866,3541347.00801228,1219491.3958750807,2693948.4010465476,5909022.436773609,5032325.473014241,12160839.305662932,60140517.86875735,2533082.8310332443,4284.863685217761,4196.073833213097,4202.868837932384,401257.0010426706,176448710.6051038,0.9694452534862453,0.01,0.9888209993099153,365334306.2457312,3663825.3415135727,35285669.568433516,32010433.05248283,70959927.96242991,24.000492823261258,2075.795589882562,40.38851345504182,1386.8318871156237,3063.6161578939136,697.7456162185558,655.0236985224619,714.0526318644839,3531.2936867673047,148.73598908487705,0.4886820585836176,4.771865559917001,2.467814498386914,23.560760112597322,34379.77563869542,2079542.5360600078,1237304.047291737,1237304.047291737,344112.6433382652,1134.0,8766.0,2,13.021917808219179,0.8166052781129925,0.1884704571621593,5.3058713554220525,0.5510486526970175,0.41937465830024295,0.0005279617055671024,0.012897640399963948,0.017605491966529642,0.5200175586249569,0.0,M2;M4;M6;M15;Y4;Y11-Y12,2.0,144.0,6,aP,True,United_States,/home/ctm/pertussis_transmission_analysis/outputs/calibrations/United_States_calibrated_config.yaml,current,fitted_parameters_and_state_only,fe4b0945dbc60905bca91e1dac7a67bb5863846eea9d42ff0fc0dbee6b1fb742,fbaadbe47d956b3f84d024d1fe55f5b483b9cf95f7db1635c7b7f23a7bb227b0,True,state_reconstruction_accepted,40.89230052314945,40.55693564744119,True,United_States,USA,1,contact_reduction_mean,United_States,USA,2025,2025,True,False,nearest_past_year,2024,low_detected_model_anchor,https://www.cdc.gov/pertussis/hcp/antibiotic-resistance/index.html; https://www.health.state.mn.us/diseases/reportable/dcn/pertussis.html; https://trace.ncbi.nlm.nih.gov/Traces/sra-db-be/runinfo?acc=SRR32181461%2CSRR32181462; https://doi.org/10.1128/jcm.01064-25; https://pubmed.ncbi.nlm.nih.gov/41802571/; https://www.paho.org/en/news/26-8-2025-paho-calls-strengthened-vaccination-and-surveillance-amid-spread-antibiotic,"CDC states reported MRBP infections remain rare in the United States and recommends continued surveillance. Minnesota's 2024 annual report states 12 erythromycin-resistant B. pertussis cases have been identified nationally, including one Minnesota case in 2024. Public SRA metadata show SRR32181461 and SRR32181462 are ONT and Illumina WGS runs for the same Minnesota BioSample SAMN46491808/sample MDH-25-000001, not independent cases. Global genomic analyses assigned the 2024 USA evidence to MT28-ptxP3-MRBP/A2047G or MR-MT28 emergence, and PAHO reported resistant pertussis cases in the United States since 2024. No population-based national resistant fraction or denominator was located; use a conservative low detected anchor pending surveillance.",United_States,USA,3,relative_detection_prior_mean,2.8951093600231316e-05,1.3156166320465292e-16,United_States,baseline_sirws_boosting,Current model: SIRWS with literature-centred R and W stages. Boosting efficiency 0.70. Natural boosting by circulating pathogen maintains population immunity.,12227.5,6113.75,6113.75,798.0,798.0,1.4343588639311122,28.15788605673618,27.15788605673618,0.25,calibrated_country_scenario_analysis,0.0,0.0,0.0,0.0,0.0,0.0,0.0,0.0,0.0,0.0,0.0,0.0
immunity_structure_sensitivity,sirws_strong_boosting,symptom_protective,country_timeline,,2027-01-01,2051-01-01,2027,2051,35907477.87810363,194115667.26652783,3698862.796029136,1256321.4154437166,2777992.127234713,6181378.861756157,5356587.485954875,12794287.763154749,64146165.87333864,2645080.8277749727,4434.708797315865,4342.627821090842,4349.6527585967115,414334.6966382264,187056284.26504374,0.9636331106041466,0.01,0.8494346316513893,365334306.1990848,3663825.341861034,35285669.56598206,32010433.042626217,70959927.95046932,24.000492823261258,2213.8590831374468,42.18495659613508,1428.7157786694402,3159.1924935848774,729.9058430434751,697.2306871654048,751.2470662611112,3766.494846475293,155.31221813002966,0.5057716613119665,4.938529911702626,2.55400217240745,24.32864814843779,40779.9670191112,2175388.0785518344,1380044.3704001866,1380044.3704001866,408173.1769246178,1120.0,6692.0,2,14.172602739726027,0.8164632163488376,0.18497980293780905,5.4059955958338,0.5437085543647954,0.412770019758895,0.0005149562236083179,0.012528524815445943,0.017107193353615602,0.5135578799721255,-0.06651112163699469,M2;M4;M6;M15;Y4;Y11-Y12,2.0,144.0,6,aP,True,United_States,/home/ctm/pertussis_transmission_analysis/outputs/calibrations/United_States_calibrated_config.yaml,current,fitted_parameters_and_state_only,fe4b0945dbc60905bca91e1dac7a67bb5863846eea9d42ff0fc0dbee6b1fb742,fbaadbe47d956b3f84d024d1fe55f5b483b9cf95f7db1635c7b7f23a7bb227b0,True,state_reconstruction_accepted,40.89230052314945,40.55693564744119,True,United_States,USA,1,contact_reduction_mean,United_States,USA,2025,2025,True,False,nearest_past_year,2024,low_detected_model_anchor,https://www.cdc.gov/pertussis/hcp/antibiotic-resistance/index.html; https://www.health.state.mn.us/diseases/reportable/dcn/pertussis.html; https://trace.ncbi.nlm.nih.gov/Traces/sra-db-be/runinfo?acc=SRR32181461%2CSRR32181462; https://doi.org/10.1128/jcm.01064-25; https://pubmed.ncbi.nlm.nih.gov/41802571/; https://www.paho.org/en/news/26-8-2025-paho-calls-strengthened-vaccination-and-surveillance-amid-spread-antibiotic,"CDC states reported MRBP infections remain rare in the United States and recommends continued surveillance. Minnesota's 2024 annual report states 12 erythromycin-resistant B. pertussis cases have been identified nationally, including one Minnesota case in 2024. Public SRA metadata show SRR32181461 and SRR32181462 are ONT and Illumina WGS runs for the same Minnesota BioSample SAMN46491808/sample MDH-25-000001, not independent cases. Global genomic analyses assigned the 2024 USA evidence to MT28-ptxP3-MRBP/A2047G or MR-MT28 emergence, and PAHO reported resistant pertussis cases in the United States since 2024. No population-based national resistant fraction or denominator was located; use a conservative low detected anchor pending surveillance.",United_States,USA,3,relative_detection_prior_mean,2.8951093600231316e-05,1.3156166320465292e-16,United_States,sirws_strong_boosting,High boosting efficiency (0.90) — strong natural immune maintenance.,12227.5,6113.75,6113.75,798.0,798.0,1.4343588639311122,29.410322379519307,28.410322379519307,0.25,calibrated_country_scenario_analysis,-0.03020113113812295,-0.046091621397067684,-0.06443581892297767,-0.05208920548739093,-0.0666048139678923,-0.04421410755685562,-0.06651112163699469,-0.044479060555341565,-0.06011703697671078,-0.034970800264907176,-0.03492645594501442,-0.03492469699257583
immunity_structure_sensitivity,sirws_weak_boosting,symptom_protective,country_timeline,,2027-01-01,2051-01-01,2027,2051,32460081.99839989,165747869.57596102,3386521.9283852074,1196934.5975877375,2639927.003904702,5708785.167813628,4598436.014208129,11504155.779609496,54861806.40156345,2436134.7383365,4179.815723350612,4092.613161625089,4099.291799553853,392837.5381774724,163300950.41043434,0.9852371003513546,0.010000000000000002,0.9983632504365365,365334306.23681957,3663825.341195733,35285669.56657359,32010433.05275052,70959927.96051985,24.000492823261258,1890.3287493517773,38.6227574322031,1361.1798102761038,3002.181861531797,674.1013200756006,598.5472484982458,675.4938952449617,3221.341575715782,143.0434510159551,0.47670150144651985,4.6542078557186795,2.4069967744476726,23.066391306372743,22298.307505840574,1976779.335407878,990593.2473083839,990593.2473083839,223187.3069288091,1827.0,7758.0,3,9.483561643835616,0.8164461314393243,0.1958401159631417,5.10620612677847,0.5664620468924952,0.4331815415640085,0.0005618079027727784,0.01380935408206624,0.018841919341515606,0.5332489655661405,0.08934735263956706,M2;M4;M6;M15;Y4;Y11-Y12,2.0,144.0,6,aP,True,United_States,/home/ctm/pertussis_transmission_analysis/outputs/calibrations/United_States_calibrated_config.yaml,current,fitted_parameters_and_state_only,fe4b0945dbc60905bca91e1dac7a67bb5863846eea9d42ff0fc0dbee6b1fb742,fbaadbe47d956b3f84d024d1fe55f5b483b9cf95f7db1635c7b7f23a7bb227b0,True,state_reconstruction_accepted,40.89230052314945,40.55693564744119,True,United_States,USA,1,contact_reduction_mean,United_States,USA,2025,2025,True,False,nearest_past_year,2024,low_detected_model_anchor,https://www.cdc.gov/pertussis/hcp/antibiotic-resistance/index.html; https://www.health.state.mn.us/diseases/reportable/dcn/pertussis.html; https://trace.ncbi.nlm.nih.gov/Traces/sra-db-be/runinfo?acc=SRR32181461%2CSRR32181462; https://doi.org/10.1128/jcm.01064-25; https://pubmed.ncbi.nlm.nih.gov/41802571/; https://www.paho.org/en/news/26-8-2025-paho-calls-strengthened-vaccination-and-surveillance-amid-spread-antibiotic,"CDC states reported MRBP infections remain rare in the United States and recommends continued surveillance. Minnesota's 2024 annual report states 12 erythromycin-resistant B. pertussis cases have been identified nationally, including one Minnesota case in 2024. Public SRA metadata show SRR32181461 and SRR32181462 are ONT and Illumina WGS runs for the same Minnesota BioSample SAMN46491808/sample MDH-25-000001, not independent cases. Global genomic analyses assigned the 2024 USA evidence to MT28-ptxP3-MRBP/A2047G or MR-MT28 emergence, and PAHO reported resistant pertussis cases in the United States since 2024. No population-based national resistant fraction or denominator was located; use a conservative low detected anchor pending surveillance.",United_States,USA,3,relative_detection_prior_mean,2.8951093600231316e-05,1.3156166320465292e-16,United_States,sirws_weak_boosting,Low boosting efficiency (0.40) — weak natural immune maintenance.,12227.5,6113.75,6113.75,798.0,798.0,1.4343588639311122,26.926844044000717,25.926844044000717,0.25,calibrated_country_scenario_analysis,0.01849689006715538,0.03388669972106473,0.08622046827710905,0.05399985227562698,0.08777296329096229,0.03827276846576677,0.08934735263956706,0.043719262550882876,0.07451321208061668,0.02451605688870595,0.02465654221074176,0.024644366115761596
immunity_structure_sensitivity,sirws_no_boosting,symptom_protective,country_timeline,,2027-01-01,2051-01-01,2027,2051,36690180.686984405,199945595.62532568,3790867.012375113,1319672.456781407,2918902.534596993,6334372.264367272,5222141.53363626,12876186.254784938,64392823.194244474,2708555.4849057496,4634.568374748629,4537.572675746231,4544.890304421242,433803.6662664381,195345117.29244167,0.9769913494793615,0.010000000000000002,0.9994946637019598,365334306.22132546,3663825.340662841,35285669.57601516,32010433.057018973,70959927.97369696,24.000492823261258,2280.348511868083,43.23425041358829,1500.7599481457132,3319.4388455663443,747.9715173365063,679.7307684943081,756.0559309311087,3780.9779170688103,159.039283689919,0.5285653361583869,5.160225401815982,2.668640544720332,25.471815042945565,30217.84788558746,2216059.129519659,1290992.700483676,1290992.700483676,302455.2463776066,1442.0,8087.0,3,10.01095890410959,0.8160182193904859,0.18350081967165432,5.449566938116907,0.5381705899097502,0.40990504467015537,0.0005199007960797449,0.012675394928706757,0.01729970097403693,0.5076755932109266,-0.09854193872950545,M2;M4;M6;M15;Y4;Y11-Y12,2.0,144.0,6,aP,True,United_States,/home/ctm/pertussis_transmission_analysis/outputs/calibrations/United_States_calibrated_config.yaml,current,fitted_parameters_and_state_only,fe4b0945dbc60905bca91e1dac7a67bb5863846eea9d42ff0fc0dbee6b1fb742,fbaadbe47d956b3f84d024d1fe55f5b483b9cf95f7db1635c7b7f23a7bb227b0,True,state_reconstruction_accepted,40.89230052314945,40.55693564744119,True,United_States,USA,1,contact_reduction_mean,United_States,USA,2025,2025,True,False,nearest_past_year,2024,low_detected_model_anchor,https://www.cdc.gov/pertussis/hcp/antibiotic-resistance/index.html; https://www.health.state.mn.us/diseases/reportable/dcn/pertussis.html; https://trace.ncbi.nlm.nih.gov/Traces/sra-db-be/runinfo?acc=SRR32181461%2CSRR32181462; https://doi.org/10.1128/jcm.01064-25; https://pubmed.ncbi.nlm.nih.gov/41802571/; https://www.paho.org/en/news/26-8-2025-paho-calls-strengthened-vaccination-and-surveillance-amid-spread-antibiotic,"CDC states reported MRBP infections remain rare in the United States and recommends continued surveillance. Minnesota's 2024 annual report states 12 erythromycin-resistant B. pertussis cases have been identified nationally, including one Minnesota case in 2024. Public SRA metadata show SRR32181461 and SRR32181462 are ONT and Illumina WGS runs for the same Minnesota BioSample SAMN46491808/sample MDH-25-000001, not independent cases. Global genomic analyses assigned the 2024 USA evidence to MT28-ptxP3-MRBP/A2047G or MR-MT28 emergence, and PAHO reported resistant pertussis cases in the United States since 2024. No population-based national resistant fraction or denominator was located; use a conservative low detected anchor pending surveillance.",United_States,USA,3,relative_detection_prior_mean,2.8951093600231316e-05,1.3156166320465292e-16,United_States,sirws_no_boosting,Boosting disabled: the implemented single-stage R→S pathway uses the same mean duration as the baseline R-plus-W pathway. This changes residence-time structure while holding the unboosted mean fixed.,12227.5,6113.75,6113.75,798.0,798.0,1.4343588639311122,30.14186442512527,29.14186442512527,0.25,calibrated_country_scenario_analysis,-0.08214987104065496,-0.07198311262901691,-0.03771935293929296,-0.05882381397712333,-0.07070616409999642,-0.06927237108978779,-0.09854193872950545,-0.07045906650726286,-0.10709291455027103,-0.08161395909449953,-0.08138532735770165,-0.08137809664722173
immunity_structure_sensitivity,long_natural_immunity,symptom_protective,country_timeline,,2027-01-01,2051-01-01,2027,2051,33330614.38228707,176231357.9194519,3449813.8952374733,1207080.1011004227,2665446.6961404025,5759954.678973088,4753227.284907091,11720262.064980604,57479792.11488599,2467906.640438632,4231.895801082966,4143.681594294137,4150.369874478232,396454.05453989626,172435436.44986475,0.9784605786711232,0.01,0.9946323383156221,365334306.23304194,3663825.34095088,35285669.56286711,32010433.049740277,70959927.95355828,24.000492823261258,2009.8913082150611,39.34459249963037,1372.717495529909,3031.203405522731,680.1434874394291,618.695379112587,688.1830903554527,3375.0628400028604,144.90901390340298,0.4826411535542982,4.712283977846477,2.4369884824254817,23.278743676937275,21769.27515297816,2021490.0362294626,1113343.867698364,1113343.867698364,217892.1379509445,1428.0,8766.0,4,7.997260273972603,0.8164282400434127,0.1891298732290375,5.287372020754191,0.5514631148930712,0.42083638994508643,0.0005366755698222599,0.013095440904936,0.017872395856060406,0.5199586025622526,0.03174892656026851,M2;M4;M6;M15;Y4;Y11-Y12,2.0,144.0,6,aP,True,United_States,/home/ctm/pertussis_transmission_analysis/outputs/calibrations/United_States_calibrated_config.yaml,current,fitted_parameters_and_state_only,fe4b0945dbc60905bca91e1dac7a67bb5863846eea9d42ff0fc0dbee6b1fb742,fbaadbe47d956b3f84d024d1fe55f5b483b9cf95f7db1635c7b7f23a7bb227b0,True,state_reconstruction_accepted,40.89230052314945,40.55693564744119,True,United_States,USA,1,contact_reduction_mean,United_States,USA,2025,2025,True,False,nearest_past_year,2024,low_detected_model_anchor,https://www.cdc.gov/pertussis/hcp/antibiotic-resistance/index.html; https://www.health.state.mn.us/diseases/reportable/dcn/pertussis.html; https://trace.ncbi.nlm.nih.gov/Traces/sra-db-be/runinfo?acc=SRR32181461%2CSRR32181462; https://doi.org/10.1128/jcm.01064-25; https://pubmed.ncbi.nlm.nih.gov/41802571/; https://www.paho.org/en/news/26-8-2025-paho-calls-strengthened-vaccination-and-surveillance-amid-spread-antibiotic,"CDC states reported MRBP infections remain rare in the United States and recommends continued surveillance. Minnesota's 2024 annual report states 12 erythromycin-resistant B. pertussis cases have been identified nationally, including one Minnesota case in 2024. Public SRA metadata show SRR32181461 and SRR32181462 are ONT and Illumina WGS runs for the same Minnesota BioSample SAMN46491808/sample MDH-25-000001, not independent cases. Global genomic analyses assigned the 2024 USA evidence to MT28-ptxP3-MRBP/A2047G or MR-MT28 emergence, and PAHO reported resistant pertussis cases in the United States since 2024. No population-based national resistant fraction or denominator was located; use a conservative low detected anchor pending surveillance.",United_States,USA,3,relative_detection_prior_mean,2.8951093600231316e-05,1.3156166320465292e-16,United_States,long_natural_immunity,Extended R→W stage (15 years) with the baseline W→S stage retained.,12227.5,5475.0,6113.75,798.0,798.0,1.4343588639311122,27.430089839442,26.430089839442,0.25,calibrated_country_scenario_analysis,0.01017743529527071,0.025227143642716277,0.055461076514984775,0.036229180372210346,0.04424181646852077,0.02572998790095893,0.03174892656026851,0.025846976466218474,0.02274470661460848,0.012361626419418514,0.012486014546326807,0.012491220991797225
immunity_structure_sensitivity,short_vaccine_immunity,symptom_protective,country_timeline,,2027-01-01,2051-01-01,2027,2051,32952910.71135896,171605746.47348195,3465614.9146801797,1212544.3066197555,2646853.2602527766,5905989.201836153,4818434.421217093,11936967.929673001,56982613.659566075,2509221.6453908687,4204.548582743942,4118.003266053622,4125.285182414642,398770.51359183213,168148650.56145415,0.9798544280534217,0.01,0.9936912444251456,365334306.23858815,3663825.3405112796,35285669.561241984,32010433.0541607,70959927.95591396,24.000492823261258,1957.1369269549425,39.524800675451175,1378.9315079292787,3010.05855002744,697.3874477459624,627.182949996603,700.9074911037138,3345.869823221747,147.33492277567214,0.47952224570380786,4.6830820303358465,2.4222594081919264,23.414760084343047,23809.752139765053,2019247.9740121122,1091268.5322500048,1091268.5322500048,238315.59670393984,1449.0,8766.0,3,10.001369863013698,0.8133520813409244,0.19202684868394623,5.207605118000364,0.5297784193574945,0.4055944003023058,0.0005461594200279145,0.009566990728050928,0.013041783037608454,0.5066234861718072,0.0571629805671755,M2;M4;M6;M15;Y4;Y11-Y12,2.0,144.0,6,aP,True,United_States,/home/ctm/pertussis_transmission_analysis/outputs/calibrations/United_States_calibrated_config.yaml,current,fitted_parameters_and_state_only,fe4b0945dbc60905bca91e1dac7a67bb5863846eea9d42ff0fc0dbee6b1fb742,fbaadbe47d956b3f84d024d1fe55f5b483b9cf95f7db1635c7b7f23a7bb227b0,True,state_reconstruction_accepted,40.89230052314945,40.55693564744119,True,United_States,USA,1,contact_reduction_mean,United_States,USA,2025,2025,True,False,nearest_past_year,2024,low_detected_model_anchor,https://www.cdc.gov/pertussis/hcp/antibiotic-resistance/index.html; https://www.health.state.mn.us/diseases/reportable/dcn/pertussis.html; https://trace.ncbi.nlm.nih.gov/Traces/sra-db-be/runinfo?acc=SRR32181461%2CSRR32181462; https://doi.org/10.1128/jcm.01064-25; https://pubmed.ncbi.nlm.nih.gov/41802571/; https://www.paho.org/en/news/26-8-2025-paho-calls-strengthened-vaccination-and-surveillance-amid-spread-antibiotic,"CDC states reported MRBP infections remain rare in the United States and recommends continued surveillance. Minnesota's 2024 annual report states 12 erythromycin-resistant B. pertussis cases have been identified nationally, including one Minnesota case in 2024. Public SRA metadata show SRR32181461 and SRR32181462 are ONT and Illumina WGS runs for the same Minnesota BioSample SAMN46491808/sample MDH-25-000001, not independent cases. Global genomic analyses assigned the 2024 USA evidence to MT28-ptxP3-MRBP/A2047G or MR-MT28 emergence, and PAHO reported resistant pertussis cases in the United States since 2024. No population-based national resistant fraction or denominator was located; use a conservative low detected anchor pending surveillance.",United_States,USA,3,relative_detection_prior_mean,2.8951093600231316e-05,1.3156166320465292e-16,United_States,short_vaccine_immunity,"Three-year total two-stage vaccine protection, split equally across recent and waned stages.",12227.5,6113.75,6113.75,547.5,547.5,1.4343588639311122,27.555726582346708,26.555726582346708,0.25,calibrated_country_scenario_analysis,0.00569671034894037,0.0005133226299124383,0.04250342171708388,0.018409204361879872,0.05250876316167852,0.00941982052463819,0.0571629805671755,0.021385109440209216,0.04703950522044542,0.018743910745841474,0.01860562284236389,0.018459689918829292
immunity_structure_sensitivity,fast_W_to_S,symptom_protective,country_timeline,,2027-01-01,2051-01-01,2027,2051,44385592.73968306,239298968.64181232,4470085.180427697,1552788.5346918162,3444854.144113417,7305611.859125529,5819248.951382696,14677649.345200041,72613072.8906411,3128056.1788523393,5474.250486345629,5349.123125737909,5357.713321233875,510253.99186369026,233369444.8123355,0.9752212729409951,0.01,0.9998682042793654,365334306.19590807,3663825.3416305315,35285669.56871798,32010433.04609862,70959927.95644712,24.000492823261258,2729.1676286505344,50.98062829511975,1765.8645736029466,3917.5623456844446,862.6568443428191,757.4521942108661,861.8331253277272,4263.649449389293,183.67126570595136,0.6243297789060536,6.083138055534109,3.145908931091211,29.960777926789984,39606.32215717831,2596387.667181702,1591483.005270062,1591483.005270062,396425.9788017632,1855.0,7632.0,3,9.445205479452055,0.8153578111257807,0.1854817552771,5.3913658435356755,0.5199123826763425,0.3974965803607795,0.000514814907133581,0.012385491361421268,0.016905953441864532,0.4901061229659232,-0.31475740751175874,M2;M4;M6;M15;Y4;Y11-Y12,2.0,144.0,6,aP,True,United_States,/home/ctm/pertussis_transmission_analysis/outputs/calibrations/United_States_calibrated_config.yaml,current,fitted_parameters_and_state_only,fe4b0945dbc60905bca91e1dac7a67bb5863846eea9d42ff0fc0dbee6b1fb742,fbaadbe47d956b3f84d024d1fe55f5b483b9cf95f7db1635c7b7f23a7bb227b0,True,state_reconstruction_accepted,40.89230052314945,40.55693564744119,True,United_States,USA,1,contact_reduction_mean,United_States,USA,2025,2025,True,False,nearest_past_year,2024,low_detected_model_anchor,https://www.cdc.gov/pertussis/hcp/antibiotic-resistance/index.html; https://www.health.state.mn.us/diseases/reportable/dcn/pertussis.html; https://trace.ncbi.nlm.nih.gov/Traces/sra-db-be/runinfo?acc=SRR32181461%2CSRR32181462; https://doi.org/10.1128/jcm.01064-25; https://pubmed.ncbi.nlm.nih.gov/41802571/; https://www.paho.org/en/news/26-8-2025-paho-calls-strengthened-vaccination-and-surveillance-amid-spread-antibiotic,"CDC states reported MRBP infections remain rare in the United States and recommends continued surveillance. Minnesota's 2024 annual report states 12 erythromycin-resistant B. pertussis cases have been identified nationally, including one Minnesota case in 2024. Public SRA metadata show SRR32181461 and SRR32181462 are ONT and Illumina WGS runs for the same Minnesota BioSample SAMN46491808/sample MDH-25-000001, not independent cases. Global genomic analyses assigned the 2024 USA evidence to MT28-ptxP3-MRBP/A2047G or MR-MT28 emergence, and PAHO reported resistant pertussis cases in the United States since 2024. No population-based national resistant fraction or denominator was located; use a conservative low detected anchor pending surveillance.",United_States,USA,3,relative_detection_prior_mean,2.8951093600231316e-05,1.3156166320465292e-16,United_States,fast_W_to_S,"Rapid W→S transition (3 years). Tests scenario where unboosted individuals lose immunity quickly, amplifying immunity debt effects.",12227.5,6113.75,1095.0,798.0,798.0,1.4343588639311122,35.54245006399472,34.54245006399472,0.25,calibrated_country_scenario_analysis,-0.27330831520756127,-0.23634864096310193,-0.15637372474978384,-0.20696022505330758,-0.2073902165109749,-0.23488112608477363,-0.31475740751175874,-0.2622556248552179,-0.32259081980271076,-0.27757867892766397,-0.27479242223959566,-0.27477528512872196
immunity_structure_sensitivity,baseline_sirws_boosting,symptom_protective,country_timeline,,2027-01-01,2051-01-01,2027,2051,13923768.84530311,71471112.59747328,1382621.4175093637,403556.64405957976,867640.453969204,2151825.927380546,2240050.821701336,4795433.3931414625,23107471.189249177,955220.2188397463,1298.1666105822287,1270.6319040732387,1272.9865531845007,131153.06095864446,48404844.10726404,0.6772644547998166,0.009999999999999998,0.9589282297401389,217576703.7860448,2110625.9287585,20903584.63773547,20136065.349669117,43150275.91616308,24.000492823261258,1368.6676118988214,26.477119004995096,796.6601123252367,1712.8067439647375,428.9100369095704,463.5142603305223,463.0459889372213,2231.2523126621595,92.23585328451905,0.2485981440864235,2.5083511083850936,1.229193003214576,12.66411058916937,15921.894745519883,799774.2429622144,1668946.6369694965,1668946.6369694965,94910.50347283734,364.0,7805.0,2,17.087671232876712,0.809632663571484,0.19481673559109192,5.13302923881723,0.41465256150926194,0.30184122276522857,0.000525113892735045,0.010615726489291322,0.014448332701310991,0.3890633884259246,0.0,M2;M4;M6;M15;Y4,2.0,48.0,5,wP,True,Brazil,/home/ctm/pertussis_transmission_analysis/outputs/calibrations/Brazil_calibrated_config.yaml,current,fitted_parameters_and_state_only,fe4b0945dbc60905bca91e1dac7a67bb5863846eea9d42ff0fc0dbee6b1fb742,fbaadbe47d956b3f84d024d1fe55f5b483b9cf95f7db1635c7b7f23a7bb227b0,True,state_reconstruction_accepted,35.76538746298039,33.05184950384161,True,Brazil,BRA,1,contact_reduction_mean,Brazil,BRA,2025,2025,True,False,exact_year,2025,low_detected_model_anchor,https://www.paho.org/en/news/26-8-2025-paho-calls-strengthened-vaccination-and-surveillance-amid-spread-antibiotic,"PAHO reported antibiotic-resistant pertussis cases detected in Brazil since 2024, but no public national resistant fraction or denominator was located, so keep a conservative low detected anchor pending numeric reporting.",Brazil,BRA,3,relative_detection_prior_mean,2.8141735141323725e-05,1.480345728618647e-16,Brazil,baseline_sirws_boosting,Current model: SIRWS with literature-centred R and W stages. Boosting efficiency 0.70. Natural boosting by circulating pathogen maintains population immunity.,12227.5,6113.75,6113.75,798.0,798.0,0.8601273820862417,30.782788173508393,29.782788173508393,0.25,calibrated_country_scenario_analysis,0.0,0.0,0.0,0.0,0.0,0.0,0.0,0.0,0.0,0.0,0.0,0.0
immunity_structure_sensitivity,sirws_strong_boosting,symptom_protective,country_timeline,,2027-01-01,2051-01-01,2027,2051,13427727.259123296,69827172.4957011,1337283.4454291672,390447.1700612818,839964.9813772987,2088436.9719623416,2181029.023329491,4659913.165353114,22590281.436696526,926746.3562040697,1254.0022204305312,1227.4296817468735,1229.7061554046093,126861.44812889765,50083665.16404928,0.7172518000371944,0.01,0.9584303128639435,217576703.78508094,2110625.928663923,20903584.63720376,20136065.347041994,43150275.91290968,24.000492823261258,1337.1862554318254,25.608899500470077,770.7807341318531,1658.1726662007225,416.2751119189635,451.30139229254206,449.9601857177845,2181.312584588202,89.48642340618903,0.24014068929168378,2.423065714738289,1.187401546831682,12.249713403442858,14264.013315640292,772023.1003119892,1473905.8186201015,1473905.8186201015,85027.86301269912,364.0,8106.0,2,17.106849315068494,0.8094412567764802,0.19229945563025583,5.200222729297539,0.41238140472907275,0.30006116672389965,0.0005188506061489916,0.010559485610074087,0.014369554311046497,0.38693351420180316,0.023001462297514208,M2;M4;M6;M15;Y4,2.0,48.0,5,wP,True,Brazil,/home/ctm/pertussis_transmission_analysis/outputs/calibrations/Brazil_calibrated_config.yaml,current,fitted_parameters_and_state_only,fe4b0945dbc60905bca91e1dac7a67bb5863846eea9d42ff0fc0dbee6b1fb742,fbaadbe47d956b3f84d024d1fe55f5b483b9cf95f7db1635c7b7f23a7bb227b0,True,state_reconstruction_accepted,35.76538746298039,33.05184950384161,True,Brazil,BRA,1,contact_reduction_mean,Brazil,BRA,2025,2025,True,False,exact_year,2025,low_detected_model_anchor,https://www.paho.org/en/news/26-8-2025-paho-calls-strengthened-vaccination-and-surveillance-amid-spread-antibiotic,"PAHO reported antibiotic-resistant pertussis cases detected in Brazil since 2024, but no public national resistant fraction or denominator was located, so keep a conservative low detected anchor pending numeric reporting.",Brazil,BRA,3,relative_detection_prior_mean,2.8141735141323725e-05,1.480345728618647e-16,Brazil,sirws_strong_boosting,High boosting efficiency (0.90) — strong natural immune maintenance.,12227.5,6113.75,6113.75,798.0,798.0,0.8601273820862417,29.773380122320496,28.773380122320496,0.25,calibrated_country_scenario_analysis,0.032484842441009354,0.029458217140904575,0.02634841933051224,0.028260266941080414,0.022381927832642923,0.029808689215417017,0.023001462297514208,0.032791313302427905,-0.03468291423612513,0.03402058702764643,0.03400058048902499,0.033999100518085856
immunity_structure_sensitivity,sirws_weak_boosting,symptom_protective,country_timeline,,2027-01-01,2051-01-01,2027,2051,14765663.212029839,74064793.66657725,1458196.5267057265,425418.7757479538,912416.7840978898,2254468.952939394,2333635.17153543,5013522.900222777,23872798.271827977,1001662.3376144601,1373.1820761336667,1343.904146426916,1346.3895838470753,138330.98616722215,45197194.702514686,0.6102385825306166,0.010000000000000002,0.9620955333346867,217576703.77644646,2110625.928540016,20903584.63602718,20136065.35075006,43150275.91531725,24.000492823261258,1418.336452222361,27.92437791214801,839.8180892238673,1801.199579989533,449.36923084333347,482.87885697875856,484.1046635657202,2305.1521267095545,96.72029401436541,0.26296356172766294,2.6529976500636705,1.3000708074709617,13.357209461678469,15815.994307053355,848330.2550320382,2005481.7972114296,2005481.7972114296,94279.23036371812,364.0,7784.0,2,16.167123287671235,0.8099722686753084,0.19936143045913926,5.016015373168974,0.41819165454295343,0.3046477034654651,0.0005361686567601545,0.010693886718077425,0.014559426841558223,0.39240217232655755,-0.036289921547907555,M2;M4;M6;M15;Y4,2.0,48.0,5,wP,True,Brazil,/home/ctm/pertussis_transmission_analysis/outputs/calibrations/Brazil_calibrated_config.yaml,current,fitted_parameters_and_state_only,fe4b0945dbc60905bca91e1dac7a67bb5863846eea9d42ff0fc0dbee6b1fb742,fbaadbe47d956b3f84d024d1fe55f5b483b9cf95f7db1635c7b7f23a7bb227b0,True,state_reconstruction_accepted,35.76538746298039,33.05184950384161,True,Brazil,BRA,1,contact_reduction_mean,Brazil,BRA,2025,2025,True,False,exact_year,2025,low_detected_model_anchor,https://www.paho.org/en/news/26-8-2025-paho-calls-strengthened-vaccination-and-surveillance-amid-spread-antibiotic,"PAHO reported antibiotic-resistant pertussis cases detected in Brazil since 2024, but no public national resistant fraction or denominator was located, so keep a conservative low detected anchor pending numeric reporting.",Brazil,BRA,3,relative_detection_prior_mean,2.8141735141323725e-05,1.480345728618647e-16,Brazil,sirws_weak_boosting,Low boosting efficiency (0.40) — weak natural immune maintenance.,12227.5,6113.75,6113.75,798.0,798.0,0.8601273820862417,32.46539814186283,31.465398141862828,0.25,calibrated_country_scenario_analysis,-0.05417363834839106,-0.047700431644021046,-0.041777779739397,-0.04547858122546988,-0.03312033049011753,-0.0486192794695286,-0.036289921547907555,-0.054660739548286985,0.06626711569695953,-0.05778569941634348,-0.057665986599887864,-0.057662062870145636
immunity_structure_sensitivity,sirws_no_boosting,symptom_protective,country_timeline,,2027-01-01,2051-01-01,2027,2051,15528753.88205617,79227320.11329235,1527916.8568785214,444101.81042951375,940068.6950995973,2357853.6114956653,2418379.7962320833,5220335.218157263,24579794.785068993,1045340.8130681491,1445.8417279519103,1414.4159884074174,1417.0181697476296,144717.5282216728,40977518.87161328,0.517214501424721,0.01,0.9719567525666098,217576703.78474015,2110625.9290589998,20903584.63948121,20136065.354285043,43150275.922825254,24.000492823261258,1517.1985306562453,29.25951814230396,876.7002187628756,1855.7871445037836,469.9762497427442,500.41432601982507,504.0744152049815,2373.4195534124524,100.93787793635774,0.2768778423999841,2.7921948916605532,1.368269613732786,13.973892548992353,37191.87157329801,910519.0566563671,2559673.4116499415,2559673.4116499415,221700.9540959879,28.0,7840.0,2,19.101369863013698,0.8091217123476487,0.19600251352501363,5.101975388047159,0.3993776444566669,0.2909275688435277,0.0005258441271589232,0.010195276607187552,0.013894096217171019,0.37476242750514943,-0.10852227192127528,M2;M4;M6;M15;Y4,2.0,48.0,5,wP,True,Brazil,/home/ctm/pertussis_transmission_analysis/outputs/calibrations/Brazil_calibrated_config.yaml,current,fitted_parameters_and_state_only,fe4b0945dbc60905bca91e1dac7a67bb5863846eea9d42ff0fc0dbee6b1fb742,fbaadbe47d956b3f84d024d1fe55f5b483b9cf95f7db1635c7b7f23a7bb227b0,True,state_reconstruction_accepted,35.76538746298039,33.05184950384161,True,Brazil,BRA,1,contact_reduction_mean,Brazil,BRA,2025,2025,True,False,exact_year,2025,low_detected_model_anchor,https://www.paho.org/en/news/26-8-2025-paho-calls-strengthened-vaccination-and-surveillance-amid-spread-antibiotic,"PAHO reported antibiotic-resistant pertussis cases detected in Brazil since 2024, but no public national resistant fraction or denominator was located, so keep a conservative low detected anchor pending numeric reporting.",Brazil,BRA,3,relative_detection_prior_mean,2.8141735141323725e-05,1.480345728618647e-16,Brazil,sirws_no_boosting,Boosting disabled: the implemented single-stage R→S pathway uses the same mean duration as the baseline R-plus-W pathway. This changes residence-time structure while holding the unboosted mean fixed.,12227.5,6113.75,6113.75,798.0,798.0,0.8601273820862417,34.01765686302755,33.01765686302755,0.25,calibrated_country_scenario_analysis,-0.10046957959128044,-0.09574551616538995,-0.07960934314664558,-0.08860551073934309,-0.06371634454335351,-0.09434535874655947,-0.10852227192127528,-0.10508692945816711,0.15344177576921803,-0.11375667511849596,-0.11315951053428841,-0.11314464885965969
immunity_structure_sensitivity,long_natural_immunity,symptom_protective,country_timeline,,2027-01-01,2051-01-01,2027,2051,14458174.58382049,74010461.84265345,1429313.1225478838,416875.3450951056,895421.4664419632,2213068.162971875,2295980.6949101915,4925924.202977172,23669563.893698018,983119.4642532526,1344.0711296805302,1315.3389173630896,1317.769919891313,135514.19017795764,47174481.69574407,0.6374028822578788,0.01,0.9523425850677788,217576703.7886435,2110625.928542407,20903584.637702018,20136065.347912546,43150275.91415697,24.000492823261258,1417.2960009032317,27.371262416013565,822.9525251827092,1767.6491679859473,441.1170696417192,475.08734325010084,475.6461527263914,2285.5278601210625,94.92979826199281,0.25738883255121814,2.5966071062995906,1.2724357232213235,13.085220263645375,16656.558915006986,829275.3181014133,1893719.4817948136,1893719.4817948136,99289.84069009767,364.0,7784.0,2,17.106849315068494,0.8096639198769878,0.1953531193273544,5.1189354101087785,0.4119023116924778,0.29998099815990653,0.0005253044859337779,0.010532942181484446,0.014338412215407033,0.38650565280965254,-0.03552972876582805,M2;M4;M6;M15;Y4,2.0,48.0,5,wP,True,Brazil,/home/ctm/pertussis_transmission_analysis/outputs/calibrations/Brazil_calibrated_config.yaml,current,fitted_parameters_and_state_only,fe4b0945dbc60905bca91e1dac7a67bb5863846eea9d42ff0fc0dbee6b1fb742,fbaadbe47d956b3f84d024d1fe55f5b483b9cf95f7db1635c7b7f23a7bb227b0,True,state_reconstruction_accepted,35.76538746298039,33.05184950384161,True,Brazil,BRA,1,contact_reduction_mean,Brazil,BRA,2025,2025,True,False,exact_year,2025,low_detected_model_anchor,https://www.paho.org/en/news/26-8-2025-paho-calls-strengthened-vaccination-and-surveillance-amid-spread-antibiotic,"PAHO reported antibiotic-resistant pertussis cases detected in Brazil since 2024, but no public national resistant fraction or denominator was located, so keep a conservative low detected anchor pending numeric reporting.",Brazil,BRA,3,relative_detection_prior_mean,2.8141735141323725e-05,1.480345728618647e-16,Brazil,long_natural_immunity,Extended R→W stage (15 years) with the baseline W→S stage retained.,12227.5,5475.0,6113.75,798.0,798.0,0.8601273820862417,31.822335837773796,30.822335837773796,0.25,calibrated_country_scenario_analysis,-0.03300330011060226,-0.028460590056129886,-0.02496812691346717,-0.027211473737147607,-0.024325150071391466,-0.029207134504956267,-0.03552972876582805,-0.03377041932608704,0.02541816700811017,-0.03536103819348213,-0.03518486600764126,-0.03517976414973312
immunity_structure_sensitivity,short_vaccine_immunity,symptom_protective,country_timeline,,2027-01-01,2051-01-01,2027,2051,14454316.876536787,72504658.53221825,1464240.582264168,421922.0153442829,896303.7450494994,2368337.223692268,2376331.934252551,5166591.173289102,23746541.04146493,1029119.5412152067,1349.1785620106884,1320.8008681421998,1323.658153709568,138254.89114429388,44464269.46127397,0.6132608629763532,0.009999999999999998,0.9337730029553064,217576703.77535772,2110625.9282611003,20903584.632674363,20136065.344656922,43150275.90559238,24.000492823261258,1388.459955962868,28.04012122153706,832.9151437939287,1769.3908721064709,472.065882908409,491.7137273887707,498.884902306778,2292.96075695754,99.3715555500981,0.25836690286086833,2.607389529352069,1.2781213890406986,13.349861746085516,15681.204025001265,844871.2971505518,1995991.0806389705,1995991.0806389705,93475.744739415,364.0,7742.0,2,16.167123287671235,0.805969241721782,0.1993570781402115,5.016124881689335,0.39176950994318616,0.2867983826486391,0.0005371315295282177,0.007519164461650674,0.010229390480795042,0.3734838234712122,-0.014461030438492228,M2;M4;M6;M15;Y4,2.0,48.0,5,wP,True,Brazil,/home/ctm/pertussis_transmission_analysis/outputs/calibrations/Brazil_calibrated_config.yaml,current,fitted_parameters_and_state_only,fe4b0945dbc60905bca91e1dac7a67bb5863846eea9d42ff0fc0dbee6b1fb742,fbaadbe47d956b3f84d024d1fe55f5b483b9cf95f7db1635c7b7f23a7bb227b0,True,state_reconstruction_accepted,35.76538746298039,33.05184950384161,True,Brazil,BRA,1,contact_reduction_mean,Brazil,BRA,2025,2025,True,False,exact_year,2025,low_detected_model_anchor,https://www.paho.org/en/news/26-8-2025-paho-calls-strengthened-vaccination-and-surveillance-amid-spread-antibiotic,"PAHO reported antibiotic-resistant pertussis cases detected in Brazil since 2024, but no public national resistant fraction or denominator was located, so keep a conservative low detected anchor pending numeric reporting.",Brazil,BRA,3,relative_detection_prior_mean,2.8141735141323725e-05,1.480345728618647e-16,Brazil,short_vaccine_immunity,"Three-year total two-stage vaccine protection, split equally across recent and waned stages.",12227.5,6113.75,6113.75,547.5,547.5,0.8601273820862417,32.59996345369875,31.59996345369875,0.25,calibrated_country_scenario_analysis,-0.04550878186506013,-0.10061747725815584,-0.060838402071479836,-0.07739817232754764,-0.027656416705307052,-0.0773636496777903,-0.014461030438492228,-0.05903218604976623,0.0814086837519371,-0.039295380895354226,-0.03948347582658318,-0.039805291264316534
immunity_structure_sensitivity,fast_W_to_S,symptom_protective,country_timeline,,2027-01-01,2051-01-01,2027,2051,14230230.572157435,71915930.12009996,1353240.101123461,409852.0918782459,856634.2720921168,1983843.1457289546,1882371.6178186098,4276066.85542581,20089191.991422508,891042.9376407847,1340.5285900476774,1308.5344086189498,1310.8291686193288,132626.94981784685,47978385.37971909,0.6671454474633778,0.01,0.8884500694571323,217576703.7725033,2110625.9282687264,20903584.634029046,20136065.34894032,43150275.91123809,24.000492823261258,1377.1858414383423,25.914468522085365,809.08793953599,1691.079469587822,395.427077153996,389.50280934664926,412.8960708515256,1939.8079404009452,86.03890920111553,0.25671043830954754,2.5831743437726877,1.2657337492133212,12.80642897323417,35547.43524150576,819970.7186248441,1688844.6884061894,1688844.6884061894,211898.45992913266,7.0,7042.0,2,17.068493150684933,0.8099076754252758,0.1978731353177645,5.0537431389769,0.38478934701788103,0.28314416809597864,0.0005305438404114523,0.009701964025359111,0.013232076305262163,0.36132476284684834,-0.006223738605160678,M2;M4;M6;M15;Y4,2.0,48.0,5,wP,True,Brazil,/home/ctm/pertussis_transmission_analysis/outputs/calibrations/Brazil_calibrated_config.yaml,current,fitted_parameters_and_state_only,fe4b0945dbc60905bca91e1dac7a67bb5863846eea9d42ff0fc0dbee6b1fb742,fbaadbe47d956b3f84d024d1fe55f5b483b9cf95f7db1635c7b7f23a7bb227b0,True,state_reconstruction_accepted,35.76538746298039,33.05184950384161,True,Brazil,BRA,1,contact_reduction_mean,Brazil,BRA,2025,2025,True,False,exact_year,2025,low_detected_model_anchor,https://www.paho.org/en/news/26-8-2025-paho-calls-strengthened-vaccination-and-surveillance-amid-spread-antibiotic,"PAHO reported antibiotic-resistant pertussis cases detected in Brazil since 2024, but no public national resistant fraction or denominator was located, so keep a conservative low detected anchor pending numeric reporting.",Brazil,BRA,3,relative_detection_prior_mean,2.8141735141323725e-05,1.480345728618647e-16,Brazil,fast_W_to_S,"Rapid W→S transition (3 years). Tests scenario where unboosted individuals lose immunity quickly, amplifying immunity debt effects.",12227.5,6113.75,1095.0,798.0,798.0,0.8601273820862417,30.128640317472207,29.128640317472207,0.25,calibrated_country_scenario_analysis,-0.015599911217758722,0.07806522800665372,0.1596745932804624,0.10830440027766042,0.13061919121772758,0.06718584880553957,-0.006223738605160678,0.021250442104990497,0.008810248961858558,-0.03263215916980733,-0.02982964966030499,-0.029727427473731804
immunity_structure_sensitivity,baseline_sirws_boosting,symptom_protective,country_timeline,,2027-01-01,2051-01-01,2027,2051,4737878.468557002,24137470.098846905,399129.51193656103,108772.54962199964,219812.3430225727,537298.1906850727,595994.8312921557,1242065.571599228,5982472.9235481545,241363.7589811582,417.37081017294173,403.61784359294535,404.21153078026725,37359.90906124333,23564388.885393687,0.9762576106316712,0.01,0.9997403042740547,69071459.6606774,495667.27405952534,4937390.972627735,4907461.292813622,10340519.539500883,24.000492823261258,1456.0388244704973,24.076593901170952,914.3424916929739,1847.743443750997,453.4168963988833,506.01740021024597,500.4745580513394,2410.561536305873,97.25446334541991,0.2517695936334026,3.3928132243383398,1.6287190616356935,15.05370119243357,24688.65699660564,234565.17489878938,156759.84970526834,156759.84970526834,46720.043173078004,2289.0,7604.0,2,17.03013698630137,0.8066274342691038,0.19628728483783145,5.094573501417474,0.3324473339987785,0.2473298218233355,1.854062511700627e-05,0.007208336872645583,0.009816403384946763,0.3154040531160692,0.0,M2;M4;M6;Y1.5;Y4,2.0,48.0,5,wP,True,Thailand,/home/ctm/pertussis_transmission_analysis/outputs/calibrations/Thailand_calibrated_config.yaml,current,fitted_parameters_and_state_only,fe4b0945dbc60905bca91e1dac7a67bb5863846eea9d42ff0fc0dbee6b1fb742,fbaadbe47d956b3f84d024d1fe55f5b483b9cf95f7db1635c7b7f23a7bb227b0,True,state_reconstruction_accepted,23.27153549208217,22.994987753033243,True,Thailand,THA,1,contact_reduction_mean,Thailand,THA,2025,2025,True,False,exact_year,2025,low_imported_model_anchor,https://www.cdc.gov/pertussis/hcp/antibiotic-resistance/index.html,"No public Thailand-specific MRBP prevalence estimate was located in accessible surveillance material; CDC notes increasing MRBP globally, so keep a conservative low imported anchor pending numeric reporting.",Thailand,THA,3,relative_detection_prior_mean,4.086723819167002e-05,1.6177673822097892e-16,Thailand,baseline_sirws_boosting,Current model: SIRWS with literature-centred R and W stages. Boosting efficiency 0.70. Natural boosting by circulating pathogen maintains population immunity.,12227.5,6113.75,6113.75,798.0,798.0,0.1976821449825874,121.79447922973372,120.79447922973372,0.25,calibrated_country_scenario_analysis,0.0,0.0,0.0,0.0,0.0,0.0,0.0,0.0,0.0,0.0,0.0,0.0
immunity_structure_sensitivity,sirws_strong_boosting,symptom_protective,country_timeline,,2027-01-01,2051-01-01,2027,2051,4288011.819588889,22125707.124333818,362987.48211685324,98899.48043582353,199914.40814083072,492098.4594428103,548768.0724109048,1139766.0122895385,5504091.082259278,220791.06053477034,378.5148454030327,366.258172132106,366.7995808042431,33966.37066367629,21579671.790480338,0.9753212256320183,0.01,0.9997294860650011,69071459.66216895,495667.27412460884,4937390.972698912,4907461.293211786,10340519.540035307,24.000492823261258,1334.6837286289112,21.896406896958275,831.3494321058774,1680.4813225031003,415.2736042448265,465.92047232218846,459.2542489673963,2217.8036447615955,88.96495560603898,0.22833060311473619,3.0787676746567687,1.4779723573737822,13.686317964473693,21908.1882973864,212874.01308726985,143562.8870812772,143562.8870812772,41458.37107545553,2296.0,7583.0,2,17.01095890410959,0.8064826903228995,0.19380224982156347,5.1598988191350434,0.33045967880080007,0.24574865705210208,1.8331965471292843e-05,0.00718333512313876,0.009780328470059598,0.31347768324213043,0.08334605765536274,M2;M4;M6;Y1.5;Y4,2.0,48.0,5,wP,True,Thailand,/home/ctm/pertussis_transmission_analysis/outputs/calibrations/Thailand_calibrated_config.yaml,current,fitted_parameters_and_state_only,fe4b0945dbc60905bca91e1dac7a67bb5863846eea9d42ff0fc0dbee6b1fb742,fbaadbe47d956b3f84d024d1fe55f5b483b9cf95f7db1635c7b7f23a7bb227b0,True,state_reconstruction_accepted,23.27153549208217,22.994987753033243,True,Thailand,THA,1,contact_reduction_mean,Thailand,THA,2025,2025,True,False,exact_year,2025,low_imported_model_anchor,https://www.cdc.gov/pertussis/hcp/antibiotic-resistance/index.html,"No public Thailand-specific MRBP prevalence estimate was located in accessible surveillance material; CDC notes increasing MRBP globally, so keep a conservative low imported anchor pending numeric reporting.",Thailand,THA,3,relative_detection_prior_mean,4.086723819167002e-05,1.6177673822097892e-16,Thailand,sirws_strong_boosting,High boosting efficiency (0.90) — strong natural immune maintenance.,12227.5,6113.75,6113.75,798.0,798.0,0.1976821449825874,110.76572898825533,109.76572898825533,0.25,calibrated_country_scenario_analysis,0.09076802208357215,0.08412410841106921,0.07924021552143357,0.08236244659609493,0.0799638957672294,0.0852352421640643,0.08334605765536274,0.09055213593289069,0.08422527333792096,0.09309698671502364,0.09256199163116574,0.0925553754090247
immunity_structure_sensitivity,sirws_weak_boosting,symptom_protective,country_timeline,,2027-01-01,2051-01-01,2027,2051,5404359.120809371,26951950.10185832,452747.979573708,124377.31127473252,250952.5447072982,604035.0504337436,655527.3602254335,1383939.7219339097,6634624.846641449,271521.16636327584,478.15244712878166,462.1176285482734,462.7925563674961,42679.5927837197,26369998.3777457,0.9784078064142565,0.009999999999999998,0.9993614328845202,69071459.66827841,495667.2742331317,4937390.973859773,4907461.293656704,10340519.54174961,24.000492823261258,1625.8160270513804,27.31100787231395,1045.5161808414498,2109.508104217393,509.73500853643975,556.5622940249465,557.6409461717452,2673.3378761653826,109.40600787503351,0.2884347548054456,3.8845626517209624,1.864763868858268,17.19720022840331,19548.754207889568,267268.26404472,174051.52482490955,174051.52482490955,36993.45172151594,2268.0,7660.0,2,16.07123287671233,0.8070195183839819,0.20051829646407454,4.987076080507013,0.33765051949598834,0.2516352026956509,1.898520411540057e-05,0.007291830667765852,0.009932070700435072,0.320407632923672,-0.11660211246189678,M2;M4;M6;Y1.5;Y4,2.0,48.0,5,wP,True,Thailand,/home/ctm/pertussis_transmission_analysis/outputs/calibrations/Thailand_calibrated_config.yaml,current,fitted_parameters_and_state_only,fe4b0945dbc60905bca91e1dac7a67bb5863846eea9d42ff0fc0dbee6b1fb742,fbaadbe47d956b3f84d024d1fe55f5b483b9cf95f7db1635c7b7f23a7bb227b0,True,state_reconstruction_accepted,23.27153549208217,22.994987753033243,True,Thailand,THA,1,contact_reduction_mean,Thailand,THA,2025,2025,True,False,exact_year,2025,low_imported_model_anchor,https://www.cdc.gov/pertussis/hcp/antibiotic-resistance/index.html,"No public Thailand-specific MRBP prevalence estimate was located in accessible surveillance material; CDC notes increasing MRBP globally, so keep a conservative low imported anchor pending numeric reporting.",Thailand,THA,3,relative_detection_prior_mean,4.086723819167002e-05,1.6177673822097892e-16,Thailand,sirws_weak_boosting,Low boosting efficiency (0.40) — weak natural immune maintenance.,12227.5,6113.75,6113.75,798.0,798.0,0.1976821449825874,138.15616921153708,137.15616921153708,0.25,calibrated_country_scenario_analysis,-0.14346231385548736,-0.12420823465565611,-0.09988765977081959,-0.11422436429987415,-0.10901042619454238,-0.1249458804810537,-0.11660211246189678,-0.1343385192866151,-0.11906141534147996,-0.14562982238900335,-0.14493854987820098,-0.14492665628352386
immunity_structure_sensitivity,sirws_no_boosting,symptom_protective,country_timeline,,2027-01-01,2051-01-01,2027,2051,5375750.446492095,27847453.48439374,452002.22924330086,124862.17035548177,251689.16243130484,605448.1384037856,654458.6235048744,1384768.932264142,6718719.364364346,272009.97164883744,478.6282122597496,462.8924821367514,463.56678327736404,42802.877563781716,27277645.927261546,0.979538252664592,0.010000000000000002,0.996197421953849,69071459.66478859,495667.2742696637,4937390.972931563,4907461.290078915,10340519.53728014,24.000492823261258,1679.8352630766028,27.266022155226935,1049.59190815485,2115.700115624103,510.92748977734436,555.6549050562483,557.9750661912565,2707.2226959353684,109.60296580837151,0.2887217494798321,3.891076073827975,1.8678835187350693,17.246876273269628,24504.55727499452,267176.262390092,178662.63566984038,178662.63566984038,46371.65861433659,1939.0,7667.0,3,7.978082191780822,0.8067944534725441,0.19304280190304549,5.180198329810005,0.327645567193086,0.24403790686601676,1.8365080888931984e-05,0.007076539151331861,0.009637875419393132,0.31091278754147206,-0.15370224677042965,M2;M4;M6;Y1.5;Y4,2.0,48.0,5,wP,True,Thailand,/home/ctm/pertussis_transmission_analysis/outputs/calibrations/Thailand_calibrated_config.yaml,current,fitted_parameters_and_state_only,fe4b0945dbc60905bca91e1dac7a67bb5863846eea9d42ff0fc0dbee6b1fb742,fbaadbe47d956b3f84d024d1fe55f5b483b9cf95f7db1635c7b7f23a7bb227b0,True,state_reconstruction_accepted,23.27153549208217,22.994987753033243,True,Thailand,THA,1,contact_reduction_mean,Thailand,THA,2025,2025,True,False,exact_year,2025,low_imported_model_anchor,https://www.cdc.gov/pertussis/hcp/antibiotic-resistance/index.html,"No public Thailand-specific MRBP prevalence estimate was located in accessible surveillance material; CDC notes increasing MRBP globally, so keep a conservative low imported anchor pending numeric reporting.",Thailand,THA,3,relative_detection_prior_mean,4.086723819167002e-05,1.6177673822097892e-16,Thailand,sirws_no_boosting,Boosting disabled: the implemented single-stage R→S pathway uses the same mean duration as the baseline R-plus-W pathway. This changes residence-time structure while holding the unboosted mean fixed.,12227.5,6113.75,6113.75,798.0,798.0,0.1976821449825874,137.928603302178,136.928603302178,0.25,calibrated_country_scenario_analysis,-0.1479198638755448,-0.1268382229834415,-0.09809446180257209,-0.11489197022116593,-0.12306724162815419,-0.12697106142629977,-0.15370224677042965,-0.13247007731952332,-0.1575791784767866,-0.14676973231890678,-0.1468583202768048,-0.1468420566393065
immunity_structure_sensitivity,long_natural_immunity,symptom_protective,country_timeline,,2027-01-01,2051-01-01,2027,2051,5146295.881901613,26190677.26565744,431274.30913686036,117850.46582861888,238082.5631884804,575704.9173859424,632669.708148739,1326225.0913633006,6397767.6597157745,259018.43890682198,453.14663442129364,438.00092210377636,438.64180797272104,40464.98616506965,25573538.15482064,0.9764366875824924,0.010000000000000002,0.9997024929989922,69071459.65093167,495667.27388068225,4937390.972445157,4907461.291566693,10340519.537892533,24.000492823261258,1579.8939485864537,26.015656803177574,990.6514923688313,2001.3229890211348,485.8276864091705,537.1554654198188,534.3855684891726,2577.8992798156196,104.36819256836323,0.2733505584001356,3.681837522577363,1.767451494042118,16.304852604996963,22180.685010795307,254003.99930709458,170807.85090696544,170807.85090696544,41974.03533570336,2275.0,7639.0,2,17.04931506849315,0.806767831845397,0.19649342511083898,5.089228809747273,0.33114765348809033,0.24659040034712026,1.8547092783483327e-05,0.00714816421883741,0.00973593113376313,0.31424501104270625,-0.08506306412404929,M2;M4;M6;Y1.5;Y4,2.0,48.0,5,wP,True,Thailand,/home/ctm/pertussis_transmission_analysis/outputs/calibrations/Thailand_calibrated_config.yaml,current,fitted_parameters_and_state_only,fe4b0945dbc60905bca91e1dac7a67bb5863846eea9d42ff0fc0dbee6b1fb742,fbaadbe47d956b3f84d024d1fe55f5b483b9cf95f7db1635c7b7f23a7bb227b0,True,state_reconstruction_accepted,23.27153549208217,22.994987753033243,True,Thailand,THA,1,contact_reduction_mean,Thailand,THA,2025,2025,True,False,exact_year,2025,low_imported_model_anchor,https://www.cdc.gov/pertussis/hcp/antibiotic-resistance/index.html,"No public Thailand-specific MRBP prevalence estimate was located in accessible surveillance material; CDC notes increasing MRBP globally, so keep a conservative low imported anchor pending numeric reporting.",Thailand,THA,3,relative_detection_prior_mean,4.086723819167002e-05,1.6177673822097892e-16,Thailand,long_natural_immunity,Extended R→W stage (15 years) with the baseline W→S stage retained.,12227.5,5475.0,6113.75,798.0,798.0,0.1976821449825874,131.6034728653371,130.6034728653371,0.25,calibrated_country_scenario_analysis,-0.08345778634560208,-0.07148121353600678,-0.06153556193947152,-0.06775771077505399,-0.06941857346866387,-0.0731455293876242,-0.08506306412404929,-0.08053725980906301,-0.08526209948403629,-0.08571712102609141,-0.08518721126092443,-0.08517885950950355
immunity_structure_sensitivity,short_vaccine_immunity,symptom_protective,country_timeline,,2027-01-01,2051-01-01,2027,2051,5142802.804047939,25773342.39344336,441686.4587324217,119676.44076940606,239655.16492037763,621333.3196471797,660458.9306866684,1401468.691103254,6481104.488302549,272848.05875707744,456.20968737543933,441.1336243999819,441.8936952031926,41377.42084002574,25198189.14751865,0.9776841809205534,0.01,0.9996421300382059,69071459.67360002,495667.2744303637,4937390.973979436,4907461.290677957,10340519.539087756,24.000492823261258,1554.719156586203,26.64374639940805,1006.0006439901094,2014.5422833053417,524.3327266509248,560.7493448769897,564.7040219685198,2611.4787969052313,109.94066235267245,0.2751982764033104,3.7081710266363497,1.7805545607111186,16.672506574979263,22928.451498666433,258461.65664325794,169700.18535248638,169700.18535248638,43389.08528954061,2275.0,7625.0,2,17.01095890410959,0.8037877562126292,0.1995396144411696,5.01153619445742,0.31595831248242945,0.23640157398426112,1.894130913948497e-05,0.005143215547631587,0.007000217143210369,0.303795938482448,-0.06777314639426968,M2;M4;M6;Y1.5;Y4,2.0,48.0,5,wP,True,Thailand,/home/ctm/pertussis_transmission_analysis/outputs/calibrations/Thailand_calibrated_config.yaml,current,fitted_parameters_and_state_only,fe4b0945dbc60905bca91e1dac7a67bb5863846eea9d42ff0fc0dbee6b1fb742,fbaadbe47d956b3f84d024d1fe55f5b483b9cf95f7db1635c7b7f23a7bb227b0,True,state_reconstruction_accepted,23.27153549208217,22.994987753033243,True,Thailand,THA,1,contact_reduction_mean,Thailand,THA,2025,2025,True,False,exact_year,2025,low_imported_model_anchor,https://www.cdc.gov/pertussis/hcp/antibiotic-resistance/index.html,"No public Thailand-specific MRBP prevalence estimate was located in accessible surveillance material; CDC notes increasing MRBP globally, so keep a conservative low imported anchor pending numeric reporting.",Thailand,THA,3,relative_detection_prior_mean,4.086723819167002e-05,1.6177673822097892e-16,Thailand,short_vaccine_immunity,"Three-year total two-stage vaccine protection, split equally across recent and waned stages.",12227.5,6113.75,6113.75,547.5,547.5,0.1976821449825874,134.78074310532665,133.78074310532665,0.25,calibrated_country_scenario_analysis,-0.1002448796621851,-0.15640314897572893,-0.10816217861277488,-0.1283371209611628,-0.0833487374078512,-0.13044336029907888,-0.06777314639426968,-0.10662440516958016,-0.0693334450586014,-0.0930560457412064,-0.09294876676679276,-0.09322387303050417
immunity_structure_sensitivity,fast_W_to_S,symptom_protective,country_timeline,,2027-01-01,2051-01-01,2027,2051,6269814.348880079,32409974.533707704,512763.20255629875,143050.16053975595,288502.24613759725,655896.3822420374,677001.3901643134,1475947.932946107,7185745.514021107,297212.24359453376,550.7851258047406,532.1586532757465,532.908289457179,48890.635194662565,31782078.10740017,0.980626444934275,0.01,0.9795366117773928,69071459.65980929,495667.2740487779,4937390.972727054,4907461.2936010845,10340519.540376915,24.000492823261258,1955.0591270965876,30.93129178964166,1202.480227616015,2425.151046977367,553.4999133540173,574.7943863740801,594.7144871219057,2895.404954719117,119.75790139348238,0.33224879154214265,4.4733277900866835,2.1472863166312695,19.699860940771835,29140.152931218046,303816.3668561437,206536.03060341754,206536.03060341754,55143.91500463838,1561.0,7483.0,3,8.534246575342465,0.8074773939644565,0.1934532328113746,5.169208006852198,0.3157725929911902,0.23633218838332698,1.8188759578737686e-05,0.006784666981835951,0.009243893589276457,0.29972584366049904,-0.34272458550890117,M2;M4;M6;Y1.5;Y4,2.0,48.0,5,wP,True,Thailand,/home/ctm/pertussis_transmission_analysis/outputs/calibrations/Thailand_calibrated_config.yaml,current,fitted_parameters_and_state_only,fe4b0945dbc60905bca91e1dac7a67bb5863846eea9d42ff0fc0dbee6b1fb742,fbaadbe47d956b3f84d024d1fe55f5b483b9cf95f7db1635c7b7f23a7bb227b0,True,state_reconstruction_accepted,23.27153549208217,22.994987753033243,True,Thailand,THA,1,contact_reduction_mean,Thailand,THA,2025,2025,True,False,exact_year,2025,low_imported_model_anchor,https://www.cdc.gov/pertussis/hcp/antibiotic-resistance/index.html,"No public Thailand-specific MRBP prevalence estimate was located in accessible surveillance material; CDC notes increasing MRBP globally, so keep a conservative low imported anchor pending numeric reporting.",Thailand,THA,3,relative_detection_prior_mean,4.086723819167002e-05,1.6177673822097892e-16,Thailand,fast_W_to_S,"Rapid W→S transition (3 years). Tests scenario where unboosted individuals lose immunity quickly, amplifying immunity debt effects.",12227.5,6113.75,1095.0,798.0,798.0,0.1976821449825874,156.46983086088127,155.46983086088127,0.25,calibrated_country_scenario_analysis,-0.31513107890617587,-0.2207306736055601,-0.13591822381501228,-0.1883011385991018,-0.20113297725705404,-0.2313872009995308,-0.34272458550890117,-0.2847038047083801,-0.3487333901156331,-0.3196541597542897,-0.31847157335401777,-0.3183896274024709
