analysis,scenario,vaccine_scenario,resistance_scenario,intervention,calendar_start_date,calendar_end_date,calendar_start_year,calendar_end_year,total_symptomatic_cases,total_infections,total_reported_cases,total_infant_cases,total_infant_infections,total_child_1_9_cases,total_adolescent_cases,total_child_adolescent_cases,total_child_adolescent_infections,total_child_adolescent_reported_cases,total_deaths,total_infant_deaths,total_child_adolescent_deaths,total_child_adolescent_hospitalizations,resistant_infections,resistant_fraction,resistant_fraction_start,resistant_fraction_end,total_population,infant_population,child_1_9_population,adolescent_population,child_adolescent_population,analysis_years,annualized_infections_per_100k,annualized_reported_cases_per_100k,annualized_infant_cases_per_100k,annualized_infant_infections_per_100k,annualized_child_1_9_cases_per_100k,annualized_adolescent_cases_per_100k,annualized_child_adolescent_cases_per_100k,annualized_child_adolescent_infections_per_100k,annualized_child_adolescent_reported_cases_per_100k,annualized_deaths_per_million,annualized_infant_deaths_per_100k,annualized_child_adolescent_deaths_per_million,annualized_child_adolescent_hospitalizations_per_100k,peak_incidence_per_100k_year,treated_cases,PEP_FOI_reduction_case_proxy,PEP_averted_cases,peak_incidence,time_to_peak,outbreak_duration,n_epidemic_peaks,mean_peak_interval_years,proportion_asymptomatic,case_to_infection_ratio,mean_infection_to_case_ratio,vaccinated_origin_infection_share,waned_origin_infection_share,maternal_origin_infection_share,dose1_origin_infection_share,dose2_origin_infection_share,dose3plus_origin_infection_share,relative_reduction_vs_baseline,routine_age_pattern,routine_first_shot_months,routine_last_shot_months,routine_dose_count,routine_scheduler_code,calibration_loaded,calibration_country,calibration_artifact_path,calibration_hash_status,calibration_overlay_mode,calibration_config_hash,calibration_calibration_config_hash,calibration_accepted,calibration_calibration_status,calibration_fit_score,calibration_data_fit_score,calibration_optimizer_success,npi_contact_reduction_country,npi_contact_reduction_iso3,npi_contact_reduction_periods_loaded,npi_contact_reduction_reduction_column,resistance_timeline_country,resistance_timeline_iso3,resistance_timeline_anchor_year,resistance_timeline_configured_anchor_year,resistance_timeline_applied,resistance_timeline_allows_future_evidence,resistance_timeline_method,resistance_timeline_evidence_years,resistance_timeline_evidence_type,resistance_timeline_source,resistance_timeline_notes,diagnostic_standard_country,diagnostic_standard_iso3,diagnostic_standard_periods_loaded,diagnostic_standard_multiplier_column,prospective_policy,policy_start_time,simulation_phase,contact_reciprocity_error_before,contact_reciprocity_error_after,country,strategy,infant_contact_multiplier,target_ages,source_ages,observed_mean_annual_reported_incidence_per_100k,model_to_observed_reported_incidence_ratio,absolute_fit_relative_error,absolute_fit_relative_tolerance,absolute_fit_status,contact_matrix_directional_intervention,contact_matrix_reciprocity_correction_after_intervention
infant_contact_sensitivity,current_infant_contact_x0.75,symptom_protective,country_timeline,current,2027-01-01,2032-01-01,2027,2032,177908.06449978452,525814.8142387356,20333.046538281225,20923.041486256967,28704.214838722142,38349.146501410025,13015.30904351803,72287.49703118502,167373.25286401034,16911.92729128072,86.85794575200612,86.20204891032988,86.27215535684601,7095.887777141743,33225.53979464708,0.0631886719333885,0.043,0.05119673148246791,27785451.40770321,288908.1207571429,2837781.2436896972,2617463.1935026767,5744152.557949517,4.999418194761015,378.52615601269616,14.637453601047403,1448.5903921133565,1987.313835602833,270.3070185756481,99.46136952048667,251.72001867850278,582.8282907490204,58.89082937557172,0.6252772541653528,5.968131350024312,3.0041749195564824,24.70934915663379,17927.36930459269,24690.207281473187,30315.04264879742,30315.04264879742,13647.124621389321,0.0,150.0,1,,0.80916221227076,0.33834737949967486,2.9555423230371463,0.7227187958830201,0.5627538086403628,0.00425145631715899,0.023612418120547856,0.03345836486396823,0.661396556581345,,M2;M4;M6;M18;Y4;Y12-Y13,2.0,156.0,6,aP,True,Australia,/home/ctm/pertussis_transmission_analysis/outputs/calibrations/Australia_calibrated_config.yaml,current,fitted_parameters_and_state_only,e07d2d9623bba63452e5939f83db5c87901a902d0a71c99df08b4ecdc3550c54,c36eefa5b9e490f39c68369d7b2ec545f1003c465b2d7a3d65a4f58b53b37bf6,True,state_reconstruction_accepted,45.30917710919712,43.437823518402524,True,Australia,AUS,1,contact_reduction_mean,Australia,AUS,2025,2025,True,False,nearest_past_year,2024,measured_national_genomic_surveillance_fraction,https://doi.org/10.1016/j.lanmic.2025.101286,Nationwide Australian tNGS study of 2024-positive respiratory specimens estimated macrolide resistance at 8/188 (4.3%).,Australia,AUS,3,relative_detection_prior_mean,True,0.0,prospective_policy,0.2500045019799314,1.2579168143644376e-16,Australia,current,0.75,"infant_0_2m,infant_3_11m","child_1_4y,child_5_9y,adolescent_10_17y,young_adult_18_39y,middle_adult_40_64y",54.978665659530755,0.26623879327471356,0.7337612067252864,0.25,calibrated_country_scenario_analysis,,
infant_contact_sensitivity,current_infant_contact_x1.00,symptom_protective,country_timeline,current,2027-01-01,2032-01-01,2027,2032,180279.0210764701,535195.1527481062,21001.726804455386,22154.4652909053,31914.66908743977,38928.84485820367,13055.909853549518,74139.22000265849,173621.42327681085,17563.56569261496,92.28174901945582,91.62237364540417,91.69386543024764,7513.657478528647,33988.233040113075,0.06350624228487717,0.043,0.05364322568596123,27785451.407729663,288908.12071183324,2837781.2443000786,2617463.193019952,5744152.558031864,4.999418194761015,385.27892025916896,15.118826441626906,1533.8470551199305,2209.5871216983105,274.3930686323028,99.77163586878135,258.16810112487786,604.5857126682158,61.15996909168807,0.6643223960321897,6.34340328930405,3.1929700800842347,26.164109679936228,18137.47994017836,25168.982727931823,31134.60595979012,31134.60595979012,13807.070343465683,0.0,150.0,1,,0.8074980608805364,0.33684726057547054,2.968704564471143,0.7224875802985201,0.5599003979045565,0.004667164837758161,0.02431472943110421,0.0344406757312044,0.6590650102984534,,M2;M4;M6;M18;Y4;Y12-Y13,2.0,156.0,6,aP,True,Australia,/home/ctm/pertussis_transmission_analysis/outputs/calibrations/Australia_calibrated_config.yaml,current,fitted_parameters_and_state_only,e07d2d9623bba63452e5939f83db5c87901a902d0a71c99df08b4ecdc3550c54,c36eefa5b9e490f39c68369d7b2ec545f1003c465b2d7a3d65a4f58b53b37bf6,True,state_reconstruction_accepted,45.30917710919712,43.437823518402524,True,Australia,AUS,1,contact_reduction_mean,Australia,AUS,2025,2025,True,False,nearest_past_year,2024,measured_national_genomic_surveillance_fraction,https://doi.org/10.1016/j.lanmic.2025.101286,Nationwide Australian tNGS study of 2024-positive respiratory specimens estimated macrolide resistance at 8/188 (4.3%).,Australia,AUS,3,relative_detection_prior_mean,True,0.0,prospective_policy,1.5769242865424038e-05,1.502232944079048e-16,Australia,current,1.0,"infant_0_2m,infant_3_11m","child_1_4y,child_5_9y,adolescent_10_17y,young_adult_18_39y,middle_adult_40_64y",54.978665659530755,0.27499442302317867,0.7250055769768213,0.25,calibrated_country_scenario_analysis,,
infant_contact_sensitivity,current_infant_contact_x1.25,symptom_protective,country_timeline,current,2027-01-01,2032-01-01,2027,2032,182726.7818484439,544940.2926756268,21680.616392900138,23389.744367328734,35134.45125024761,39545.55229634236,13099.541934316412,76034.8385979875,180048.72991437285,18224.331444895197,97.74273108907964,97.07970315846482,97.1526647595271,7933.962919460923,34799.02311868858,0.06385841455735874,0.043,0.057347253790389026,27785451.4075406,288908.12071701884,2837781.244183886,2617463.193042251,5744152.557943156,4.999418194761015,392.2942995487594,15.607548819482835,1619.3706345925177,2432.5062182657452,278.73998022086676,100.10506679103563,264.76903722184113,626.9669239977261,63.46089213378485,0.7036351824950716,6.721237224352385,3.383056765322985,27.6277001736814,18347.613294161205,25655.223249040006,31970.9709354729,31970.9709354729,13967.033359705809,0.0,150.0,1,,0.8058920896828657,0.3353152341722897,2.982268319745311,0.7223282110381521,0.5571554585728996,0.005071043371108579,0.025001459493834872,0.03540270023223374,0.656853007940975,,M2;M4;M6;M18;Y4;Y12-Y13,2.0,156.0,6,aP,True,Australia,/home/ctm/pertussis_transmission_analysis/outputs/calibrations/Australia_calibrated_config.yaml,current,fitted_parameters_and_state_only,e07d2d9623bba63452e5939f83db5c87901a902d0a71c99df08b4ecdc3550c54,c36eefa5b9e490f39c68369d7b2ec545f1003c465b2d7a3d65a4f58b53b37bf6,True,state_reconstruction_accepted,45.30917710919712,43.437823518402524,True,Australia,AUS,1,contact_reduction_mean,Australia,AUS,2025,2025,True,False,nearest_past_year,2024,measured_national_genomic_surveillance_fraction,https://doi.org/10.1016/j.lanmic.2025.101286,Nationwide Australian tNGS study of 2024-positive respiratory specimens estimated macrolide resistance at 8/188 (4.3%).,Australia,AUS,3,relative_detection_prior_mean,True,0.0,prospective_policy,0.20001261539429227,1.2579168143644376e-16,Australia,current,1.25,"infant_0_2m,infant_3_11m","child_1_4y,child_5_9y,adolescent_10_17y,young_adult_18_39y,middle_adult_40_64y",54.978665659530755,0.28388373257613264,0.7161162674238674,0.25,calibrated_country_scenario_analysis,,
infant_contact_sensitivity,current_infant_contact_x1.50,symptom_protective,country_timeline,current,2027-01-01,2032-01-01,2027,2032,185256.03579313494,555067.3298363858,22370.977225248498,24631.35754212389,38368.894729375665,40200.07781319637,13146.402036965364,77977.83739228561,186665.0989315093,18895.446936612672,103.2509467477214,102.58408591632723,102.65860297622352,8357.610502851365,35663.0094694019,0.06424988024410316,0.043,0.06319244369522066,27785451.40756828,288908.1207434271,2837781.2438383466,2617463.1933316854,5744152.557913459,4.999418194761015,399.5846008949145,16.104529172731304,1705.3327502772436,2656.4403793840693,283.35345557756887,100.46316584392662,271.53496097050896,650.0064896380156,65.79785510903429,0.7432879964376857,7.102328853421483,3.5747849241063405,29.102928698596763,18557.76689503771,26149.6868810724,32824.54757425603,32824.54757425603,14127.011788905469,0.0,150.0,1,,0.8043419071602177,0.3337541696927864,2.996217248523003,0.7222360564755077,0.5545151821061391,0.005463407003426427,0.02567288895931344,0.03634465595645986,0.6547551045563079,,M2;M4;M6;M18;Y4;Y12-Y13,2.0,156.0,6,aP,True,Australia,/home/ctm/pertussis_transmission_analysis/outputs/calibrations/Australia_calibrated_config.yaml,current,fitted_parameters_and_state_only,e07d2d9623bba63452e5939f83db5c87901a902d0a71c99df08b4ecdc3550c54,c36eefa5b9e490f39c68369d7b2ec545f1003c465b2d7a3d65a4f58b53b37bf6,True,state_reconstruction_accepted,45.30917710919712,43.437823518402524,True,Australia,AUS,1,contact_reduction_mean,Australia,AUS,2025,2025,True,False,nearest_past_year,2024,measured_national_genomic_surveillance_fraction,https://doi.org/10.1016/j.lanmic.2025.101286,Nationwide Australian tNGS study of 2024-positive respiratory specimens estimated macrolide resistance at 8/188 (4.3%).,Australia,AUS,3,relative_detection_prior_mean,True,0.0,prospective_policy,0.33334384616191026,1.379605231181509e-16,Australia,current,1.5,"infant_0_2m,infant_3_11m","child_1_4y,child_5_9y,adolescent_10_17y,young_adult_18_39y,middle_adult_40_64y",54.978665659530755,0.29292324539963666,0.7070767546003633,0.25,calibrated_country_scenario_analysis,,
infant_contact_sensitivity,maternal_immunization_infant_contact_x0.75,symptom_protective,country_timeline,maternal_immunization,2027-01-01,2032-01-01,2027,2032,175536.1537388851,522232.99869339087,19243.383112766052,18495.37882919344,23794.609478260383,38411.01564717474,13021.281516607523,69927.67599297571,163372.47106440633,15822.660875678841,70.25911335155978,69.6041914044757,69.67439544667708,6074.564307264174,32887.98883585209,0.06297570034474405,0.043,0.05024668764741392,27785451.407528814,288908.1207414855,2837781.2438548403,2617463.1933033043,5744152.55789963,4.999418194761015,375.94766101413285,13.853021332132869,1280.5130692646449,1647.401153355535,270.7431081696798,99.50701042302445,243.50263365261324,568.8967408914659,55.09777838186677,0.5057847626544478,4.8189916839305855,2.426206583945926,21.152889554910594,17915.385509095464,24031.362313040543,29543.939763868097,29543.939763868097,13638.00201397583,0.0,150.0,1,,0.8126834376475442,0.33612612412097775,2.9750737245287198,0.7277221643389709,0.5677643427895646,0.0046933376631253165,0.02318741207417055,0.03288397296655748,0.6669574416351176,,M2;M4;M6;M18;Y4;Y12-Y13,2.0,156.0,6,aP,True,Australia,/home/ctm/pertussis_transmission_analysis/outputs/calibrations/Australia_calibrated_config.yaml,current,fitted_parameters_and_state_only,e07d2d9623bba63452e5939f83db5c87901a902d0a71c99df08b4ecdc3550c54,c36eefa5b9e490f39c68369d7b2ec545f1003c465b2d7a3d65a4f58b53b37bf6,True,state_reconstruction_accepted,45.30917710919712,43.437823518402524,True,Australia,AUS,1,contact_reduction_mean,Australia,AUS,2025,2025,True,False,nearest_past_year,2024,measured_national_genomic_surveillance_fraction,https://doi.org/10.1016/j.lanmic.2025.101286,Nationwide Australian tNGS study of 2024-positive respiratory specimens estimated macrolide resistance at 8/188 (4.3%).,Australia,AUS,3,relative_detection_prior_mean,True,0.0,prospective_policy,,,Australia,maternal_immunization,0.75,"infant_0_2m,infant_3_11m","child_1_4y,child_5_9y,adolescent_10_17y,young_adult_18_39y,middle_adult_40_64y",54.978665659530755,0.2519708538930573,0.7480291461069427,0.25,calibrated_country_scenario_analysis,True,False
infant_contact_sensitivity,maternal_immunization_infant_contact_x1.00,symptom_protective,country_timeline,maternal_immunization,2027-01-01,2032-01-01,2027,2032,178241.44963222824,530919.0860016815,20191.697378728866,20521.007580575395,29480.82591833942,38737.67810192812,13042.657124924091,72301.3428074276,170365.7446887389,16760.095320337823,77.55681226716209,76.89908172760558,76.9701081578587,6697.532892899762,33592.27529064494,0.0632719300856676,0.043,0.05230114261274933,27785451.406883806,288908.12078245915,2837781.24314695,2617463.1936307377,5744152.557560147,4.999418194761015,382.2006442988353,14.535698472917273,1420.7558893685468,2041.0818953440098,273.045614610824,99.67036014513042,251.76823255270253,593.2487663756413,58.36211904743191,0.5583197967416692,5.324047701972799,2.680258393251259,23.322195044152544,18089.42416385975,24697.260367326788,30520.83292430832,30520.83292430832,13770.488111874925,0.0,150.0,1,,0.8097464231769539,0.33572243743308133,2.9786510774970987,0.7258993392712856,0.5623655838868148,0.0058043307819128235,0.024164217027014503,0.03423324005833667,0.6616975514040219,,M2;M4;M6;M18;Y4;Y12-Y13,2.0,156.0,6,aP,True,Australia,/home/ctm/pertussis_transmission_analysis/outputs/calibrations/Australia_calibrated_config.yaml,current,fitted_parameters_and_state_only,e07d2d9623bba63452e5939f83db5c87901a902d0a71c99df08b4ecdc3550c54,c36eefa5b9e490f39c68369d7b2ec545f1003c465b2d7a3d65a4f58b53b37bf6,True,state_reconstruction_accepted,45.30917710919712,43.437823518402524,True,Australia,AUS,1,contact_reduction_mean,Australia,AUS,2025,2025,True,False,nearest_past_year,2024,measured_national_genomic_surveillance_fraction,https://doi.org/10.1016/j.lanmic.2025.101286,Nationwide Australian tNGS study of 2024-positive respiratory specimens estimated macrolide resistance at 8/188 (4.3%).,Australia,AUS,3,relative_detection_prior_mean,True,0.0,prospective_policy,,,Australia,maternal_immunization,1.0,"infant_0_2m,infant_3_11m","child_1_4y,child_5_9y,adolescent_10_17y,young_adult_18_39y,middle_adult_40_64y",54.978665659530755,0.2643879821117022,0.7356120178882978,0.25,calibrated_country_scenario_analysis,True,False
infant_contact_sensitivity,maternal_immunization_infant_contact_x1.25,symptom_protective,country_timeline,maternal_immunization,2027-01-01,2032-01-01,2027,2032,180855.90242321143,539377.7904748758,21106.853215031108,22474.147652989366,35020.37436680345,39053.84536554555,13063.663599442321,74591.65661797725,177171.42333325188,17664.61760438787,84.62087055928916,83.96040479374076,84.03222475778155,7299.69887281103,34283.14101845042,0.06356053516454034,0.043,0.05506498084384627,27785451.407769717,288908.1207123066,2837781.2443039697,2617463.1930319727,5744152.558048248,4.999418194761015,388.28993808814386,15.194505359378006,1555.9800131110783,2424.6081946144755,275.27414468016326,99.83088902804239,259.74357901359986,616.9475472464765,61.51185275277201,0.6091728871799313,5.812932875983806,2.9261759023328833,25.419061553440724,18263.458622102426,25342.226933347898,31469.70384855598,31469.70384855598,13902.971015951774,0.0,150.0,1,,0.8069745357258569,0.33530468924940965,2.9823621084409293,0.7241718745941561,0.5572677608927812,0.006884080752089006,0.025071182533474807,0.035489509964332845,0.6567271013442595,,M2;M4;M6;M18;Y4;Y12-Y13,2.0,156.0,6,aP,True,Australia,/home/ctm/pertussis_transmission_analysis/outputs/calibrations/Australia_calibrated_config.yaml,current,fitted_parameters_and_state_only,e07d2d9623bba63452e5939f83db5c87901a902d0a71c99df08b4ecdc3550c54,c36eefa5b9e490f39c68369d7b2ec545f1003c465b2d7a3d65a4f58b53b37bf6,True,state_reconstruction_accepted,45.30917710919712,43.437823518402524,True,Australia,AUS,1,contact_reduction_mean,Australia,AUS,2025,2025,True,False,nearest_past_year,2024,measured_national_genomic_surveillance_fraction,https://doi.org/10.1016/j.lanmic.2025.101286,Nationwide Australian tNGS study of 2024-positive respiratory specimens estimated macrolide resistance at 8/188 (4.3%).,Australia,AUS,3,relative_detection_prior_mean,True,0.0,prospective_policy,,,Australia,maternal_immunization,1.25,"infant_0_2m,infant_3_11m","child_1_4y,child_5_9y,adolescent_10_17y,young_adult_18_39y,middle_adult_40_64y",54.978665659530755,0.27637093729181805,0.723629062708182,0.25,calibrated_country_scenario_analysis,True,False
infant_contact_sensitivity,maternal_immunization_infant_contact_x1.50,symptom_protective,country_timeline,maternal_immunization,2027-01-01,2032-01-01,2027,2032,183382.20463126287,547618.1941106613,21989.907947784006,24357.06132634819,40418.16592858483,39360.06717233801,13084.300027154019,76801.42852584021,183797.4126821725,18537.288651151386,91.4579570597117,90.7948291814773,90.86741529719677,7881.688432280578,34961.49786146631,0.0638428347294856,0.043,0.0587996181764863,27785451.40765283,288908.120723707,2837781.244122622,2617463.1931341602,5744152.557980489,4.999418194761015,394.2220804102034,15.830203145975984,1686.342066698222,2798.3200662401227,277.4325735327026,99.98859003267587,267.43846193230183,640.0206128759505,64.55067386658098,0.6583920419353478,6.286108896140802,3.164191376813998,27.44566959518899,18437.4901173454,25966.930613332286,32391.59466264879,32391.59466264879,14035.451663961092,0.0,150.0,1,,0.804354205379973,0.33487237386091206,2.9862122947632166,0.7225328386739193,0.5524465069465505,0.007934932371014973,0.025914343269361904,0.036660733353727326,0.6520228296798151,,M2;M4;M6;M18;Y4;Y12-Y13,2.0,156.0,6,aP,True,Australia,/home/ctm/pertussis_transmission_analysis/outputs/calibrations/Australia_calibrated_config.yaml,current,fitted_parameters_and_state_only,e07d2d9623bba63452e5939f83db5c87901a902d0a71c99df08b4ecdc3550c54,c36eefa5b9e490f39c68369d7b2ec545f1003c465b2d7a3d65a4f58b53b37bf6,True,state_reconstruction_accepted,45.30917710919712,43.437823518402524,True,Australia,AUS,1,contact_reduction_mean,Australia,AUS,2025,2025,True,False,nearest_past_year,2024,measured_national_genomic_surveillance_fraction,https://doi.org/10.1016/j.lanmic.2025.101286,Nationwide Australian tNGS study of 2024-positive respiratory specimens estimated macrolide resistance at 8/188 (4.3%).,Australia,AUS,3,relative_detection_prior_mean,True,0.0,prospective_policy,,,Australia,maternal_immunization,1.5,"infant_0_2m,infant_3_11m","child_1_4y,child_5_9y,adolescent_10_17y,young_adult_18_39y,middle_adult_40_64y",54.978665659530755,0.2879335639756794,0.7120664360243206,0.25,calibrated_country_scenario_analysis,True,False
infant_contact_sensitivity,current_infant_contact_x0.75,symptom_protective,country_timeline,current,2027-01-01,2032-01-01,2027,2032,2208611.989390131,7939613.487625301,501396.86581748584,196816.47480351638,275893.14826050965,243303.3661296792,152925.66081524114,593045.5017484367,1634888.7719244107,353590.380251662,1139.0319633037636,1131.5409988070903,1131.9445612876782,77548.06893680412,7923352.733343057,0.9979519463626803,0.997,0.9973155401957617,1396459581.7655368,8001977.144302346,88597358.24221891,133092916.27926531,229692251.6657866,4.999418194761015,113.72384221596552,7.181807797656663,491.97685944426405,689.6426976395129,54.92978239683581,22.98295983766553,51.64427732095459,142.3712832780149,30.79176825707498,0.16315037435461102,2.8284826637672915,0.9857331125982399,6.753131026319894,4547.011978188004,300076.50154788047,42473.29336700837,42473.29336700837,173964.88891351526,0.0,210.0,1,,0.8206562992511195,0.27817626044800275,3.5948430624148173,0.6790729739880867,0.5740614101446916,0.00015031268177554755,0.009240026549094626,0.013164665328616211,0.6565179694286003,,M3;M4;M5;M18,3.0,18.0,4,aP,True,China,/home/ctm/pertussis_transmission_analysis/outputs/calibrations/China_calibrated_config.yaml,current,fitted_parameters_and_state_only,e07d2d9623bba63452e5939f83db5c87901a902d0a71c99df08b4ecdc3550c54,c36eefa5b9e490f39c68369d7b2ec545f1003c465b2d7a3d65a4f58b53b37bf6,True,state_reconstruction_accepted,61.55520059847223,56.080676333404014,True,China,CHN,1,contact_reduction_mean,China,CHN,2025,2025,True,False,nearest_past_year,2024,measured_multicenter_isolate_fraction,https://www.sciencedirect.com/science/article/pii/S2666606525001658,Five sentinel hospitals in China during 2024; 393/394 isolates displayed high-level azithromycin resistance.,China,CHN,7,relative_detection_prior_mean,True,0.0,prospective_policy,0.25001507958400315,1.6667804836994706e-16,China,current,0.75,"infant_0_2m,infant_3_11m","child_1_4y,child_5_9y,adolescent_10_17y,young_adult_18_39y,middle_adult_40_64y",4.146450779474111,1.7320373928489086,0.7320373928489086,0.25,calibrated_country_scenario_analysis,,
infant_contact_sensitivity,current_infant_contact_x1.00,symptom_protective,country_timeline,current,2027-01-01,2032-01-01,2027,2032,2242999.924242207,8070884.955137813,522093.0768760934,213456.5249939966,310818.88477471075,248300.65575597464,154015.53447242585,615772.7152223971,1697582.4309636045,373209.8956547674,1232.9072207286301,1225.3685749674958,1225.7836259388487,83914.01509635213,8054438.06097564,0.9979621944491102,0.997,0.9973809773078959,1396459581.8845315,8001977.13173074,88597357.33253273,133092917.26691955,229692251.73118302,4.999418194761015,115.60412210665633,7.478252031309398,533.5715471189939,776.9456250058741,56.05800423837625,23.146755083604425,53.62343491150559,147.8308452832554,32.50029768003806,0.17659669005758627,3.06302094234314,1.0674511366971067,7.307497742989748,4576.951660740786,305891.4391056688,43629.987708608816,43629.987708608816,175110.35623188465,0.0,210.0,1,,0.8191517271610683,0.27791251352360613,3.5982546713034536,0.6785738061456229,0.5722432188341816,0.00016647101190585224,0.009628246518028225,0.013700004100447786,0.6550790845152412,,M3;M4;M5;M18,3.0,18.0,4,aP,True,China,/home/ctm/pertussis_transmission_analysis/outputs/calibrations/China_calibrated_config.yaml,current,fitted_parameters_and_state_only,e07d2d9623bba63452e5939f83db5c87901a902d0a71c99df08b4ecdc3550c54,c36eefa5b9e490f39c68369d7b2ec545f1003c465b2d7a3d65a4f58b53b37bf6,True,state_reconstruction_accepted,61.55520059847223,56.080676333404014,True,China,CHN,1,contact_reduction_mean,China,CHN,2025,2025,True,False,nearest_past_year,2024,measured_multicenter_isolate_fraction,https://www.sciencedirect.com/science/article/pii/S2666606525001658,Five sentinel hospitals in China during 2024; 393/394 isolates displayed high-level azithromycin resistance.,China,CHN,7,relative_detection_prior_mean,True,0.0,prospective_policy,2.010611200412732e-05,1.6667804836994706e-16,China,current,1.0,"infant_0_2m,infant_3_11m","child_1_4y,child_5_9y,adolescent_10_17y,young_adult_18_39y,middle_adult_40_64y",4.146450779474111,1.803530881960175,0.803530881960175,0.25,calibrated_country_scenario_analysis,,
infant_contact_sensitivity,current_infant_contact_x1.25,symptom_protective,country_timeline,current,2027-01-01,2032-01-01,2027,2032,2279634.902657929,8212153.406292167,543673.3294796401,230564.8563829889,346632.7720223553,253818.03670190266,155227.00674617614,639609.8998310677,1763905.8232961805,393608.6817959472,1329.282660607388,1321.6923222293535,1322.120028996677,90457.43574713953,8195509.36157526,0.9979732423527118,0.997,0.9974656204342008,1396459581.8650494,8001977.133744853,88597357.480847,133092917.11364126,229692251.7282331,4.999418194761015,117.62759479658912,7.787358922538422,576.3367838206627,866.4686376242761,57.30364468862381,23.328825393882287,55.6992523132484,153.60649598220917,34.27668847187638,0.19040112189362435,3.3037988275577024,1.1513439223335213,7.877319501496325,4606.892465583354,311936.39417269843,44840.95009232378,44840.95009232378,176255.8664708432,0.0,210.0,1,,0.8176747206962397,0.27759282978217,3.602398522990347,0.6781780774044109,0.5704922280303061,0.00018230656974653044,0.010021327044926347,0.014242260263997225,0.6537321835257408,,M3;M4;M5;M18,3.0,18.0,4,aP,True,China,/home/ctm/pertussis_transmission_analysis/outputs/calibrations/China_calibrated_config.yaml,current,fitted_parameters_and_state_only,e07d2d9623bba63452e5939f83db5c87901a902d0a71c99df08b4ecdc3550c54,c36eefa5b9e490f39c68369d7b2ec545f1003c465b2d7a3d65a4f58b53b37bf6,True,state_reconstruction_accepted,61.55520059847223,56.080676333404014,True,China,CHN,1,contact_reduction_mean,China,CHN,2025,2025,True,False,nearest_past_year,2024,measured_multicenter_isolate_fraction,https://www.sciencedirect.com/science/article/pii/S2666606525001658,Five sentinel hospitals in China during 2024; 393/394 isolates displayed high-level azithromycin resistance.,China,CHN,7,relative_detection_prior_mean,True,0.0,prospective_policy,0.20001174033440003,1.6667804836994706e-16,China,current,1.25,"infant_0_2m,infant_3_11m","child_1_4y,child_5_9y,adolescent_10_17y,young_adult_18_39y,middle_adult_40_64y",4.146450779474111,1.8780782256207278,0.8780782256207278,0.25,calibrated_country_scenario_analysis,,
infant_contact_sensitivity,current_infant_contact_x1.50,symptom_protective,country_timeline,current,2027-01-01,2032-01-01,2027,2032,2318690.393813601,8364187.487682274,566233.0719282782,248209.32397805413,383474.97931586613,259892.42653265366,156567.8254208024,664669.5759315102,1834207.1465953104,414876.5712331957,1428.4860665213412,1420.8397672199956,1421.2813820400274,97202.40529226093,8347334.655669285,0.9979851202477459,0.997,0.9975745953402418,1396459581.8676846,8001977.133170535,88597357.45598271,133092917.19390117,229692251.7830544,4.999418194761015,119.8052700584112,8.110495633709073,620.442185987171,958.5621145286132,58.675039272177074,23.530334932707213,57.88152812470697,159.7285574466173,36.12876351751454,0.20461062025008478,3.5516350352310737,1.2376967634238338,8.464692772838623,4636.834302358495,318238.47100409353,46110.152182156075,46110.152182156075,177401.41619345977,0.0,210.0,1,,0.8162243583152756,0.2772164537473936,3.6072894897906185,0.6778845854693925,0.56880608812,0.00019781459967901092,0.01042000966251825,0.014792375465287961,0.6524743857419072,,M3;M4;M5;M18,3.0,18.0,4,aP,True,China,/home/ctm/pertussis_transmission_analysis/outputs/calibrations/China_calibrated_config.yaml,current,fitted_parameters_and_state_only,e07d2d9623bba63452e5939f83db5c87901a902d0a71c99df08b4ecdc3550c54,c36eefa5b9e490f39c68369d7b2ec545f1003c465b2d7a3d65a4f58b53b37bf6,True,state_reconstruction_accepted,61.55520059847223,56.080676333404014,True,China,CHN,1,contact_reduction_mean,China,CHN,2025,2025,True,False,nearest_past_year,2024,measured_multicenter_isolate_fraction,https://www.sciencedirect.com/science/article/pii/S2666606525001658,Five sentinel hospitals in China during 2024; 393/394 isolates displayed high-level azithromycin resistance.,China,CHN,7,relative_detection_prior_mean,True,0.0,prospective_policy,0.3333431169453334,1.6667804836994706e-16,China,current,1.5,"infant_0_2m,infant_3_11m","child_1_4y,child_5_9y,adolescent_10_17y,young_adult_18_39y,middle_adult_40_64y",4.146450779474111,1.9560091425317045,0.9560091425317045,0.25,calibrated_country_scenario_analysis,,
infant_contact_sensitivity,maternal_immunization_infant_contact_x0.75,symptom_protective,country_timeline,maternal_immunization,2027-01-01,2032-01-01,2027,2032,2164947.6510203937,7863473.839614908,462409.55721238564,159093.79914687082,221075.92216915646,241862.41031273053,152627.0555405581,553583.2650001595,1576122.5315967675,314997.76993264677,803.9521379166524,796.4956681407092,796.8949521966432,59142.02269537182,7847302.5275518615,0.9979434900664922,0.997,0.9972783208791137,1396459581.7957976,8001977.140855301,88597358.00711876,133092916.57845609,229692251.72643012,4.999418194761015,112.63324840436661,6.623369211158514,397.68249976628755,552.6175491302712,54.604462794918504,22.938082863557348,48.2077809646499,137.25373323314707,27.431001725209022,0.11515488281909568,1.9909788442904677,0.6939613195734857,5.150274323961034,4546.138736322294,289765.4242786305,41030.16810982625,41030.16810982625,173931.47941124128,0.0,210.0,1,,0.8245980161665568,0.27531695217369934,3.6321773581493564,0.6848844967970302,0.5777498238079241,0.0029675101676950384,0.008855612480974714,0.012644336949154428,0.660417037199206,,M3;M4;M5;M18,3.0,18.0,4,aP,True,China,/home/ctm/pertussis_transmission_analysis/outputs/calibrations/China_calibrated_config.yaml,current,fitted_parameters_and_state_only,e07d2d9623bba63452e5939f83db5c87901a902d0a71c99df08b4ecdc3550c54,c36eefa5b9e490f39c68369d7b2ec545f1003c465b2d7a3d65a4f58b53b37bf6,True,state_reconstruction_accepted,61.55520059847223,56.080676333404014,True,China,CHN,1,contact_reduction_mean,China,CHN,2025,2025,True,False,nearest_past_year,2024,measured_multicenter_isolate_fraction,https://www.sciencedirect.com/science/article/pii/S2666606525001658,Five sentinel hospitals in China during 2024; 393/394 isolates displayed high-level azithromycin resistance.,China,CHN,7,relative_detection_prior_mean,True,0.0,prospective_policy,,,China,maternal_immunization,0.75,"infant_0_2m,infant_3_11m","child_1_4y,child_5_9y,adolescent_10_17y,young_adult_18_39y,middle_adult_40_64y",4.146450779474111,1.5973586962483002,0.5973586962483002,0.25,calibrated_country_scenario_analysis,True,False
infant_contact_sensitivity,maternal_immunization_infant_contact_x1.00,symptom_protective,country_timeline,maternal_immunization,2027-01-01,2032-01-01,2027,2032,2201955.30933642,7982675.105287233,490026.5516395228,183954.3321224372,280504.03693844087,245220.5190938774,153326.2260840412,582501.0773003558,1651534.978808646,341864.93617582927,910.6186748465561,903.1197768567181,903.5274230423463,67496.02010797584,7966330.308458494,0.9979524662330409,0.997,0.9973330440672362,1396459581.6631186,8001977.156018816,88597359.03917542,133092915.2546496,229692251.44984382,4.999418194761015,114.34063958107193,7.018943973939189,459.8257059354421,701.1684112832461,55.36261107345737,23.043160346623843,50.72603554945648,143.82088773892656,29.77067954266802,0.13043337017118514,2.2575042628569184,0.7868202475018302,5.877766838323959,4572.490571586519,297628.6537894462,42346.308966026016,42346.308966026016,174939.67865085657,0.0,210.0,1,,0.8221120878747858,0.2758417798913024,3.625266630725983,0.6834923109397594,0.5739947110945548,0.0037314690611355717,0.009451206879517084,0.013457959583066609,0.6568516754160401,,M3;M4;M5;M18,3.0,18.0,4,aP,True,China,/home/ctm/pertussis_transmission_analysis/outputs/calibrations/China_calibrated_config.yaml,current,fitted_parameters_and_state_only,e07d2d9623bba63452e5939f83db5c87901a902d0a71c99df08b4ecdc3550c54,c36eefa5b9e490f39c68369d7b2ec545f1003c465b2d7a3d65a4f58b53b37bf6,True,state_reconstruction_accepted,61.55520059847223,56.080676333404014,True,China,CHN,1,contact_reduction_mean,China,CHN,2025,2025,True,False,nearest_past_year,2024,measured_multicenter_isolate_fraction,https://www.sciencedirect.com/science/article/pii/S2666606525001658,Five sentinel hospitals in China during 2024; 393/394 isolates displayed high-level azithromycin resistance.,China,CHN,7,relative_detection_prior_mean,True,0.0,prospective_policy,,,China,maternal_immunization,1.0,"infant_0_2m,infant_3_11m","child_1_4y,child_5_9y,adolescent_10_17y,young_adult_18_39y,middle_adult_40_64y",4.146450779474111,1.69275950619855,0.6927595061985501,0.25,calibrated_country_scenario_analysis,True,False
infant_contact_sensitivity,maternal_immunization_infant_contact_x1.25,symptom_protective,country_timeline,maternal_immunization,2027-01-01,2032-01-01,2027,2032,2239121.6433169157,8102507.893834195,517742.5119282814,208896.38387621182,340200.7996976386,248599.88248360262,154032.3959203276,611528.6622801421,1727326.789818348,368826.5547479425,1017.3375621487373,1009.795982756882,1010.2120356967584,75868.22977628311,8085988.860864557,0.9979612444460303,0.997,0.9973975569827244,1396459581.8555145,8001977.13479639,88597357.55444577,133092917.02590798,229692251.71515018,4.999418194761015,116.05707641169371,7.415936282415474,522.1726845446693,850.390808907576,56.12555951006288,23.14928920629923,53.253849366717596,150.42107810466436,32.11858249743752,0.1457193559498164,2.5241599178233973,0.8797245803140381,6.606845319663601,4598.8422055377305,305514.99352815555,43659.93518983088,43659.93518983088,175947.87022917016,0.0,210.0,1,,0.8196924100897619,0.27634920849886874,3.618609966107768,0.6821433730430017,0.5703347865447633,0.004484704582980657,0.010031302032861657,0.014250696127277975,0.6533766702998813,,M3;M4;M5;M18,3.0,18.0,4,aP,True,China,/home/ctm/pertussis_transmission_analysis/outputs/calibrations/China_calibrated_config.yaml,current,fitted_parameters_and_state_only,e07d2d9623bba63452e5939f83db5c87901a902d0a71c99df08b4ecdc3550c54,c36eefa5b9e490f39c68369d7b2ec545f1003c465b2d7a3d65a4f58b53b37bf6,True,state_reconstruction_accepted,61.55520059847223,56.080676333404014,True,China,CHN,1,contact_reduction_mean,China,CHN,2025,2025,True,False,nearest_past_year,2024,measured_multicenter_isolate_fraction,https://www.sciencedirect.com/science/article/pii/S2666606525001658,Five sentinel hospitals in China during 2024; 393/394 isolates displayed high-level azithromycin resistance.,China,CHN,7,relative_detection_prior_mean,True,0.0,prospective_policy,,,China,maternal_immunization,1.25,"infant_0_2m,infant_3_11m","child_1_4y,child_5_9y,adolescent_10_17y,young_adult_18_39y,middle_adult_40_64y",4.146450779474111,1.7885021858033556,0.7885021858033556,0.25,calibrated_country_scenario_analysis,True,False
infant_contact_sensitivity,maternal_immunization_infant_contact_x1.50,symptom_protective,country_timeline,maternal_immunization,2027-01-01,2032-01-01,2027,2032,2276450.6375260972,8222983.423719624,545559.5397986937,233920.84073535833,400166.6343792733,252002.44094034936,154746.02317378545,640669.3048494931,1803508.394304658,395884.6643180677,1124.1116639609086,1116.5271417970616,1116.9516500247796,84258.96958714775,8206289.577530599,0.9979698553032625,0.997,0.9974729668571698,1396459581.8648334,8001977.133408619,88597357.476838,133092917.18243767,229692251.7926843,4.999418194761015,117.78271962666967,7.814376243348662,584.7256478661402,1000.285796709113,56.89374374101316,23.25653910891884,55.79150863608784,157.05521303185134,34.47488821613659,0.161013250450511,2.790952932175971,0.9726768109030839,7.3375374687157295,4625.193704509768,313424.757689985,44971.70481772872,44971.70481772872,176956.05662037182,0.0,210.0,1,,0.817336505776961,0.27683998862986353,3.6121949178989636,0.6808358209161945,0.5667662710692752,0.005227532322947836,0.010596514057344533,0.01502336796809934,0.6499884065678028,,M3;M4;M5;M18,3.0,18.0,4,aP,True,China,/home/ctm/pertussis_transmission_analysis/outputs/calibrations/China_calibrated_config.yaml,current,fitted_parameters_and_state_only,e07d2d9623bba63452e5939f83db5c87901a902d0a71c99df08b4ecdc3550c54,c36eefa5b9e490f39c68369d7b2ec545f1003c465b2d7a3d65a4f58b53b37bf6,True,state_reconstruction_accepted,61.55520059847223,56.080676333404014,True,China,CHN,1,contact_reduction_mean,China,CHN,2025,2025,True,False,nearest_past_year,2024,measured_multicenter_isolate_fraction,https://www.sciencedirect.com/science/article/pii/S2666606525001658,Five sentinel hospitals in China during 2024; 393/394 isolates displayed high-level azithromycin resistance.,China,CHN,7,relative_detection_prior_mean,True,0.0,prospective_policy,,,China,maternal_immunization,1.5,"infant_0_2m,infant_3_11m","child_1_4y,child_5_9y,adolescent_10_17y,young_adult_18_39y,middle_adult_40_64y",4.146450779474111,1.8845939959137172,0.8845939959137172,0.25,calibrated_country_scenario_analysis,True,False
infant_contact_sensitivity,current_infant_contact_x0.75,symptom_protective,country_timeline,current,2027-01-01,2032-01-01,2027,2032,17603.549994093013,89388.38256926928,961.7660319223685,797.2360034726071,1681.465005733399,4366.598179536333,2612.872882437623,7776.707065446563,37013.39570226223,760.7162885021482,2.628661534988151,2.5887603824788616,2.593573571702242,261.7410670660048,1757.5518003750285,0.01966197116289757,0.003,0.040884999992044896,70515966.30613333,651878.7473113121,6530461.6065833215,6672359.26747727,13854699.621371904,4.999418194761015,25.35561512905205,0.27281139504590224,24.46248738047249,51.59427861297373,13.374571672555312,7.832842476523686,11.227399061816689,53.437034555237645,1.0982624486122712,0.007456375008693436,0.07943384131124757,0.037443978846861965,0.3778812016557568,157.34933676275267,1173.556773122358,2143.7230249306517,2143.7230249306517,303.9901514919094,1680.0,1256.0,1,,0.8099812169991563,0.1969333093196041,5.0778611472835955,0.564298943714045,0.40486831037606663,0.0006299305103421017,0.018373735347079853,0.02495591208252519,0.5203393657740978,,W8;W12;W16;M40,1.8410958904109591,40.0,4,aP,True,United_Kingdom,/home/ctm/pertussis_transmission_analysis/outputs/calibrations/United_Kingdom_calibrated_config.yaml,current,fitted_parameters_and_state_only,e07d2d9623bba63452e5939f83db5c87901a902d0a71c99df08b4ecdc3550c54,c36eefa5b9e490f39c68369d7b2ec545f1003c465b2d7a3d65a4f58b53b37bf6,True,state_reconstruction_accepted,48.22162649451701,42.000016882084694,True,United_Kingdom,GBR,1,contact_reduction_mean,United_Kingdom,GBR,2025,2025,True,False,nearest_past_year,2024,measured_national_surveillance_fraction,https://www.postersessiononline.eu/173580348_eu/congresos/UKHSA2025/aula/-P_58_UKHSA2025.pdf,"UKHSA national reference laboratory poster: 661 B. pertussis isolates received from June 2023 to November 2024, with 2 predicted and phenotypically confirmed macrolide-resistant isolates.",United_Kingdom,GBR,3,relative_detection_prior_mean,True,0.0,prospective_policy,0.2500369887712119,1.6570722974665014e-16,United_Kingdom,current,0.75,"infant_0_2m,infant_3_11m","child_1_4y,child_5_9y,adolescent_10_17y,young_adult_18_39y,middle_adult_40_64y",6.999594011212859,0.03897531694107937,0.9610246830589206,0.25,calibrated_country_scenario_analysis,,
infant_contact_sensitivity,current_infant_contact_x1.00,symptom_protective,country_timeline,current,2027-01-01,2032-01-01,2027,2032,19110.70335149254,96737.33307699565,1069.56177080479,967.8999445654044,2052.240021623667,4747.594060827965,2804.112613462567,8519.606618855936,40267.856079218385,852.8359035735778,3.180515783628485,3.13742179289634,3.142719192408707,314.2242204662164,2213.2587041463826,0.022879054381050538,0.003,0.048779326153075314,70515966.30479945,651878.7473900464,6530461.608686016,6672359.263977727,13854699.62005379,4.999418194761015,27.440194303290514,0.30338838043938354,29.699160692063536,62.97118470055521,14.54153425791952,8.406138908186874,12.29993910837864,58.13556892440787,1.231257516066243,0.009021746652658327,0.0962690353576253,0.045372112153402276,0.4536522577883078,169.79791776418116,1296.409068094325,2462.4872527949947,2462.4872527949947,328.04011637490703,1680.0,1256.0,1,,0.8091852673675644,0.19755251404627677,5.061945198863678,0.5646316020744232,0.40404959675358987,0.0007105181335112418,0.018750490991496654,0.025462327513155407,0.5197082654362599,,W8;W12;W16;M40,1.8410958904109591,40.0,4,aP,True,United_Kingdom,/home/ctm/pertussis_transmission_analysis/outputs/calibrations/United_Kingdom_calibrated_config.yaml,current,fitted_parameters_and_state_only,e07d2d9623bba63452e5939f83db5c87901a902d0a71c99df08b4ecdc3550c54,c36eefa5b9e490f39c68369d7b2ec545f1003c465b2d7a3d65a4f58b53b37bf6,True,state_reconstruction_accepted,48.22162649451701,42.000016882084694,True,United_Kingdom,GBR,1,contact_reduction_mean,United_Kingdom,GBR,2025,2025,True,False,nearest_past_year,2024,measured_national_surveillance_fraction,https://www.postersessiononline.eu/173580348_eu/congresos/UKHSA2025/aula/-P_58_UKHSA2025.pdf,"UKHSA national reference laboratory poster: 661 B. pertussis isolates received from June 2023 to November 2024, with 2 predicted and phenotypically confirmed macrolide-resistant isolates.",United_Kingdom,GBR,3,relative_detection_prior_mean,True,0.0,prospective_policy,6.047227433250013e-05,1.6570722974665014e-16,United_Kingdom,current,1.0,"infant_0_2m,infant_3_11m","child_1_4y,child_5_9y,adolescent_10_17y,young_adult_18_39y,middle_adult_40_64y",6.999594011212859,0.0433437110714388,0.9566562889285612,0.25,calibrated_country_scenario_analysis,,
infant_contact_sensitivity,current_infant_contact_x1.25,symptom_protective,country_timeline,current,2027-01-01,2032-01-01,2027,2032,20920.876389035515,105572.15771653828,1199.0535230482683,1170.534594644685,2492.5949352282555,5211.335918838315,3032.915646472355,9414.786159955356,44197.03409089571,963.547901237891,3.8359063497681127,3.788992645021655,3.7948846938742253,376.64436675536496,2880.7544186602113,0.027287065841687635,0.003,0.05965776676577775,70515966.30530126,651878.7473701416,6530461.60814978,6672359.2646149695,13854699.620134892,4.999418194761015,29.94625165480937,0.34011958574532586,35.916827166100056,76.48308891790181,15.961941739037503,9.092042201237879,13.5923290435597,63.80820763280389,1.39109480559024,0.01088080601543319,0.11626191535686878,0.05478756560706779,0.5437695639989315,184.72848393884186,1443.9903122491492,2855.5993054403825,2855.5993054403825,356.88513833043174,1680.0,1016.0,1,,0.8083833238108691,0.19816660795366298,5.046258854235567,0.5651105795521624,0.40326546147621556,0.0007908778141297721,0.019147507198774182,0.025996222634951813,0.5191759719043066,,W8;W12;W16;M40,1.8410958904109591,40.0,4,aP,True,United_Kingdom,/home/ctm/pertussis_transmission_analysis/outputs/calibrations/United_Kingdom_calibrated_config.yaml,current,fitted_parameters_and_state_only,e07d2d9623bba63452e5939f83db5c87901a902d0a71c99df08b4ecdc3550c54,c36eefa5b9e490f39c68369d7b2ec545f1003c465b2d7a3d65a4f58b53b37bf6,True,state_reconstruction_accepted,48.22162649451701,42.000016882084694,True,United_Kingdom,GBR,1,contact_reduction_mean,United_Kingdom,GBR,2025,2025,True,False,nearest_past_year,2024,measured_national_surveillance_fraction,https://www.postersessiononline.eu/173580348_eu/congresos/UKHSA2025/aula/-P_58_UKHSA2025.pdf,"UKHSA national reference laboratory poster: 661 B. pertussis isolates received from June 2023 to November 2024, with 2 predicted and phenotypically confirmed macrolide-resistant isolates.",United_Kingdom,GBR,3,relative_detection_prior_mean,True,0.0,prospective_policy,0.20000982790878805,1.6570722974665014e-16,United_Kingdom,current,1.25,"infant_0_2m,infant_3_11m","child_1_4y,child_5_9y,adolescent_10_17y,young_adult_18_39y,middle_adult_40_64y",6.999594011212859,0.048591330468664054,0.951408669531336,0.25,calibrated_country_scenario_analysis,,
infant_contact_sensitivity,current_infant_contact_x1.50,symptom_protective,country_timeline,current,2027-01-01,2032-01-01,2027,2032,23092.6458096882,116179.6128773053,1355.1563672496354,1413.7817097145858,3021.587485063405,5775.131280274885,3305.738997796452,10494.651987785923,48941.553682877195,1097.2229306296122,4.622794359561702,4.571326996458453,4.577949280278718,451.65884179561874,3878.098732418829,0.03338020016054282,0.003,0.07472692767747773,70515966.30428553,651878.7474052665,6530461.609099839,6672359.263678903,13854699.620184008,4.999418194761015,32.95512756094034,0.3843992060370867,43.38065149718187,92.71476123725205,17.688805798222045,9.909909137571415,15.151354538657397,70.65797249732796,1.5840843173515493,0.013112866709948441,0.14026715860757424,0.06609283727199398,0.6520695732006376,202.62882265706054,1621.6510912219867,3338.1432512513597,3338.1432512513597,391.4675953633515,1680.0,1016.0,1,,0.807572437619135,0.1987667649923729,5.031022163279522,0.5657559905726318,0.40252145678485174,0.0008713487480471994,0.019567429597393937,0.026561175353990843,0.5187560368731997,,W8;W12;W16;M40,1.8410958904109591,40.0,4,aP,True,United_Kingdom,/home/ctm/pertussis_transmission_analysis/outputs/calibrations/United_Kingdom_calibrated_config.yaml,current,fitted_parameters_and_state_only,e07d2d9623bba63452e5939f83db5c87901a902d0a71c99df08b4ecdc3550c54,c36eefa5b9e490f39c68369d7b2ec545f1003c465b2d7a3d65a4f58b53b37bf6,True,state_reconstruction_accepted,48.22162649451701,42.000016882084694,True,United_Kingdom,GBR,1,contact_reduction_mean,United_Kingdom,GBR,2025,2025,True,False,nearest_past_year,2024,measured_national_surveillance_fraction,https://www.postersessiononline.eu/173580348_eu/congresos/UKHSA2025/aula/-P_58_UKHSA2025.pdf,"UKHSA national reference laboratory poster: 661 B. pertussis isolates received from June 2023 to November 2024, with 2 predicted and phenotypically confirmed macrolide-resistant isolates.",United_Kingdom,GBR,3,relative_detection_prior_mean,True,0.0,prospective_policy,0.3333415232573233,1.6570722974665014e-16,United_Kingdom,current,1.5,"infant_0_2m,infant_3_11m","child_1_4y,child_5_9y,adolescent_10_17y,young_adult_18_39y,middle_adult_40_64y",6.999594011212859,0.0549173574097735,0.9450826425902265,0.25,calibrated_country_scenario_analysis,,
infant_contact_sensitivity,maternal_immunization_infant_contact_x0.75,symptom_protective,country_timeline,maternal_immunization,2027-01-01,2032-01-01,2027,2032,11268.983853863976,59607.63498588886,609.7628857838038,419.7805226222375,916.7368469931143,3011.151048039923,1803.3042870523127,5234.235857714473,25176.89630720779,488.61948430976804,1.0185124814376267,0.9919620914509897,0.9952268306124996,129.42798145855207,771.0446337251105,0.012935333433504666,0.003,0.02493116823370521,70515966.30476019,651878.7473881905,6530461.608639176,6672359.264165712,13854699.620193077,4.999418194761015,16.908106042901434,0.17296333827535446,12.880597076993933,28.12926592684798,9.222935988238346,5.405926373101391,7.556778758498389,36.34842609142562,0.7054304468489833,0.0028890790661704477,0.030437486560400864,0.01436830356502912,0.18685795742272462,102.87336254270666,759.1090518064873,1071.0142459323888,1071.0142459323888,198.74560456764058,1680.0,1316.0,1,,0.8190362162369738,0.18905269193336938,5.2895306053216355,0.6809595252587615,0.5084782861018614,0.0009732272146854917,0.01845128161690274,0.025068509257706307,0.6364665071694668,,W8;W12;W16;M40,1.8410958904109591,40.0,4,aP,True,United_Kingdom,/home/ctm/pertussis_transmission_analysis/outputs/calibrations/United_Kingdom_calibrated_config.yaml,current,fitted_parameters_and_state_only,e07d2d9623bba63452e5939f83db5c87901a902d0a71c99df08b4ecdc3550c54,c36eefa5b9e490f39c68369d7b2ec545f1003c465b2d7a3d65a4f58b53b37bf6,True,state_reconstruction_accepted,48.22162649451701,42.000016882084694,True,United_Kingdom,GBR,1,contact_reduction_mean,United_Kingdom,GBR,2025,2025,True,False,nearest_past_year,2024,measured_national_surveillance_fraction,https://www.postersessiononline.eu/173580348_eu/congresos/UKHSA2025/aula/-P_58_UKHSA2025.pdf,"UKHSA national reference laboratory poster: 661 B. pertussis isolates received from June 2023 to November 2024, with 2 predicted and phenotypically confirmed macrolide-resistant isolates.",United_Kingdom,GBR,3,relative_detection_prior_mean,True,0.0,prospective_policy,,,United_Kingdom,maternal_immunization,0.75,"infant_0_2m,infant_3_11m","child_1_4y,child_5_9y,adolescent_10_17y,young_adult_18_39y,middle_adult_40_64y",6.999594011212859,0.024710481493395088,0.975289518506605,0.25,calibrated_country_scenario_analysis,True,False
infant_contact_sensitivity,maternal_immunization_infant_contact_x1.00,symptom_protective,country_timeline,maternal_immunization,2027-01-01,2032-01-01,2027,2032,12258.525236854694,64474.625507178556,690.844548629417,578.6284727840114,1281.6379394280636,3258.7015021342486,1928.702630208469,5766.032605126729,27414.69200147907,560.4978329213384,1.3898232059454987,1.3611621424547344,1.364742850585114,172.62230026976843,945.6929191030258,0.014667676030126505,0.003,0.029085685504747667,70515966.30517486,651878.7473773188,6530461.608342286,6672359.26430536,13854699.620024962,4.999418194761015,18.28866059529783,0.19596269655863927,17.754707075913,39.32593583312302,9.981164970083627,5.781844189667419,8.324545147796508,39.579179811840916,0.8092027629616976,0.00394232687682318,0.04176606623906489,0.019703085731299967,0.2492185234669843,111.21409111080085,849.5553032126375,1251.9735427323126,1251.9735427323126,214.85942743643506,1680.0,1316.0,1,,0.8176960294595663,0.1901294523298912,5.259574399156805,0.6803884746876128,0.5063405094880695,0.0012581038494471654,0.01903251716212222,0.0258480817093978,0.6342497719666456,,W8;W12;W16;M40,1.8410958904109591,40.0,4,aP,True,United_Kingdom,/home/ctm/pertussis_transmission_analysis/outputs/calibrations/United_Kingdom_calibrated_config.yaml,current,fitted_parameters_and_state_only,e07d2d9623bba63452e5939f83db5c87901a902d0a71c99df08b4ecdc3550c54,c36eefa5b9e490f39c68369d7b2ec545f1003c465b2d7a3d65a4f58b53b37bf6,True,state_reconstruction_accepted,48.22162649451701,42.000016882084694,True,United_Kingdom,GBR,1,contact_reduction_mean,United_Kingdom,GBR,2025,2025,True,False,nearest_past_year,2024,measured_national_surveillance_fraction,https://www.postersessiononline.eu/173580348_eu/congresos/UKHSA2025/aula/-P_58_UKHSA2025.pdf,"UKHSA national reference laboratory poster: 661 B. pertussis isolates received from June 2023 to November 2024, with 2 predicted and phenotypically confirmed macrolide-resistant isolates.",United_Kingdom,GBR,3,relative_detection_prior_mean,True,0.0,prospective_policy,,,United_Kingdom,maternal_immunization,1.0,"infant_0_2m,infant_3_11m","child_1_4y,child_5_9y,adolescent_10_17y,young_adult_18_39y,middle_adult_40_64y",6.999594011212859,0.027996294677194243,0.9720037053228058,0.25,calibrated_country_scenario_analysis,True,False
infant_contact_sensitivity,maternal_immunization_infant_contact_x1.25,symptom_protective,country_timeline,maternal_immunization,2027-01-01,2032-01-01,2027,2032,13310.295141484305,69618.1823243403,779.174649899903,756.6121826029934,1690.5851026412008,3521.530272950708,2059.8094200169253,6337.951875570626,29800.46155215608,639.1769479059398,1.8057562211904694,1.7748755037370254,1.778794956830772,220.92860060285088,1165.5270975696524,0.01674170538006354,0.003,0.034112805036171236,70515966.30283575,651878.7474623868,6530461.610636761,6672359.261865856,13854699.619965004,4.999418194761015,19.747665035943438,0.22101812309658847,23.215981069505226,51.87412077383908,10.786190317245888,6.174874729140633,9.15023728552398,43.02356656752178,0.9227934915882866,0.0051221488125772156,0.054460497785968794,0.025680844943035373,0.3189593670578061,119.96435923379427,947.568719839684,1454.3601472984633,1454.3601472984633,231.7644578978498,1680.0,1316.0,1,,0.8163822213418176,0.19118992621027803,5.230401098121465,0.679882588005837,0.5042699542964744,0.0015371899296679416,0.01960567196456558,0.026616912343572365,0.6321228137680311,,W8;W12;W16;M40,1.8410958904109591,40.0,4,aP,True,United_Kingdom,/home/ctm/pertussis_transmission_analysis/outputs/calibrations/United_Kingdom_calibrated_config.yaml,current,fitted_parameters_and_state_only,e07d2d9623bba63452e5939f83db5c87901a902d0a71c99df08b4ecdc3550c54,c36eefa5b9e490f39c68369d7b2ec545f1003c465b2d7a3d65a4f58b53b37bf6,True,state_reconstruction_accepted,48.22162649451701,42.000016882084694,True,United_Kingdom,GBR,1,contact_reduction_mean,United_Kingdom,GBR,2025,2025,True,False,nearest_past_year,2024,measured_national_surveillance_fraction,https://www.postersessiononline.eu/173580348_eu/congresos/UKHSA2025/aula/-P_58_UKHSA2025.pdf,"UKHSA national reference laboratory poster: 661 B. pertussis isolates received from June 2023 to November 2024, with 2 predicted and phenotypically confirmed macrolide-resistant isolates.",United_Kingdom,GBR,3,relative_detection_prior_mean,True,0.0,prospective_policy,,,United_Kingdom,maternal_immunization,1.25,"infant_0_2m,infant_3_11m","child_1_4y,child_5_9y,adolescent_10_17y,young_adult_18_39y,middle_adult_40_64y",6.999594011212859,0.03157584893388572,0.9684241510661142,0.25,calibrated_country_scenario_analysis,True,False
infant_contact_sensitivity,maternal_immunization_infant_contact_x1.50,symptom_protective,country_timeline,maternal_immunization,2027-01-01,2032-01-01,2027,2032,14433.806650537215,75078.2784656431,875.7609180506252,956.1969283440642,2149.1934166965066,3802.067000385106,2197.623279193749,6955.8872079229195,32355.340362960196,725.5910206047747,2.2720995510510247,2.2388734156860295,2.2431578186677723,275.0094704369043,1443.6964644747081,0.019229216412245845,0.003,0.04019482638023095,70515966.30508435,651878.7473704362,6530461.608163321,6672359.264918097,13854699.620451856,4.999418194761015,21.296457980764682,0.24841546681169344,29.34006390686723,65.94611457631052,11.645453851584884,6.588011644565443,10.042363800035728,46.712099993330845,1.0475513448022422,0.0064449629914217245,0.06869786667206042,0.03238495134063992,0.3970370806813645,129.2228121744634,1054.1375550073785,1679.9202251939091,1679.9202251939091,249.65127312719738,1680.0,1316.0,1,,0.8150862734446388,0.1922501014343627,5.2015577237103106,0.6794378476928447,0.5022528166140291,0.0018124015235409974,0.02017444092278863,0.027379950886957733,0.6300710543595573,,W8;W12;W16;M40,1.8410958904109591,40.0,4,aP,True,United_Kingdom,/home/ctm/pertussis_transmission_analysis/outputs/calibrations/United_Kingdom_calibrated_config.yaml,current,fitted_parameters_and_state_only,e07d2d9623bba63452e5939f83db5c87901a902d0a71c99df08b4ecdc3550c54,c36eefa5b9e490f39c68369d7b2ec545f1003c465b2d7a3d65a4f58b53b37bf6,True,state_reconstruction_accepted,48.22162649451701,42.000016882084694,True,United_Kingdom,GBR,1,contact_reduction_mean,United_Kingdom,GBR,2025,2025,True,False,nearest_past_year,2024,measured_national_surveillance_fraction,https://www.postersessiononline.eu/173580348_eu/congresos/UKHSA2025/aula/-P_58_UKHSA2025.pdf,"UKHSA national reference laboratory poster: 661 B. pertussis isolates received from June 2023 to November 2024, with 2 predicted and phenotypically confirmed macrolide-resistant isolates.",United_Kingdom,GBR,3,relative_detection_prior_mean,True,0.0,prospective_policy,,,United_Kingdom,maternal_immunization,1.5,"infant_0_2m,infant_3_11m","child_1_4y,child_5_9y,adolescent_10_17y,young_adult_18_39y,middle_adult_40_64y",6.999594011212859,0.03548998219235991,0.9645100178076401,0.25,calibrated_country_scenario_analysis,True,False
infant_contact_sensitivity,current_infant_contact_x0.75,symptom_protective,country_timeline,current,2027-01-01,2032-01-01,2027,2032,4424170.573223779,22268597.415257066,252768.6148098301,142717.9910588896,304067.7925741065,597953.7625226005,428507.8231505508,1169179.5767320408,5627550.554502516,163420.82434074656,576.6706128536518,557.8830036970628,558.6679645395465,49231.777473845075,22179777.537413657,0.9960114291804226,0.8270000000000001,0.9987511393377985,118980814.5141309,715391.0743074607,7149047.977758818,7916218.119773823,15780657.171840101,4.999418194761015,3743.6605229307347,42.49391495358003,3990.3936443337707,8501.732528127097,1673.0153469569825,1082.73340650374,1481.9606392712903,7133.043189646321,207.1394626881675,0.969463396287084,15.598403366790732,7.081238420051235,62.402352786155994,46652.333451490624,220035.64635984402,133609.4247389473,133609.4247389473,152074.86665871754,1740.0,476.0,1,,0.8087051573252,0.19867306821006206,5.033394858243567,0.45367725755562216,0.3495110119859578,3.042393903015564e-05,0.010720915828030834,0.014687495878355293,0.42823842191020584,,M2;M3;M4;Y1,2.0,12.0,4,aP,True,Japan,/home/ctm/pertussis_transmission_analysis/outputs/calibrations/Japan_calibrated_config.yaml,current,fitted_parameters_and_state_only,e07d2d9623bba63452e5939f83db5c87901a902d0a71c99df08b4ecdc3550c54,c36eefa5b9e490f39c68369d7b2ec545f1003c465b2d7a3d65a4f58b53b37bf6,True,state_reconstruction_accepted,48.269543785369024,41.434615044876836,True,Japan,JPN,1,contact_reduction_mean,Japan,JPN,2025,2025,True,False,exact_year,2025,measured_multicenter_isolate_fraction,https://www.mdpi.com/2227-9059/14/1/167,"Japanese children at six clinics, March-August 2025; 43/52 sequenced B. pertussis isolates carried the A2047G mutation associated with macrolide resistance.",Japan,JPN,3,relative_detection_prior_mean,True,0.0,prospective_policy,0.2500056614954806,1.8378136421209396e-16,Japan,current,0.75,"infant_0_2m,infant_3_11m","child_1_4y,child_5_9y,adolescent_10_17y,young_adult_18_39y,middle_adult_40_64y",7.349919218851434,5.7815485705733405,4.7815485705733405,0.25,calibrated_country_scenario_analysis,,
infant_contact_sensitivity,current_infant_contact_x1.00,symptom_protective,country_timeline,current,2027-01-01,2032-01-01,2027,2032,4643688.343090881,23264004.932804108,270891.88439126965,165339.6141871889,351895.95306552225,630336.9082674204,443052.21082286525,1238728.7332774745,5900089.606597669,177470.67555575975,674.3023487005241,654.4848440504627,655.321217322033,56845.32074216891,23176786.413690943,0.9962509241480525,0.8270000000000001,0.9988601085622227,118980814.51399367,715391.0743261046,7149047.978198901,7916218.119595209,15780657.172120217,4.999418194761015,3911.0023522466954,45.540688291587905,4622.894007243429,9839.007430839076,1763.6201782073983,1119.4834809947888,1570.1157135759165,7478.492388171525,224.9479558383783,1.133595904707947,18.299389884671506,8.30633950045415,72.05268509788381,48674.996219905894,235738.84750510994,139853.68455714875,139853.68455714875,158668.23826602646,1710.0,476.0,1,,0.8081799411272181,0.19960829429428587,5.009811859449504,0.4549445965029409,0.34999252178848783,3.4543534142451445e-05,0.010959620893941239,0.015022188726150666,0.4289282433487065,,M2;M3;M4;Y1,2.0,12.0,4,aP,True,Japan,/home/ctm/pertussis_transmission_analysis/outputs/calibrations/Japan_calibrated_config.yaml,current,fitted_parameters_and_state_only,e07d2d9623bba63452e5939f83db5c87901a902d0a71c99df08b4ecdc3550c54,c36eefa5b9e490f39c68369d7b2ec545f1003c465b2d7a3d65a4f58b53b37bf6,True,state_reconstruction_accepted,48.269543785369024,41.434615044876836,True,Japan,JPN,1,contact_reduction_mean,Japan,JPN,2025,2025,True,False,exact_year,2025,measured_multicenter_isolate_fraction,https://www.mdpi.com/2227-9059/14/1/167,"Japanese children at six clinics, March-August 2025; 43/52 sequenced B. pertussis isolates carried the A2047G mutation associated with macrolide resistance.",Japan,JPN,3,relative_detection_prior_mean,True,0.0,prospective_policy,7.644092124256049e-05,2.2471172848738243e-16,Japan,current,1.0,"infant_0_2m,infant_3_11m","child_1_4y,child_5_9y,adolescent_10_17y,young_adult_18_39y,middle_adult_40_64y",7.349919218851434,6.196080111300123,5.196080111300123,0.25,calibrated_country_scenario_analysis,,
infant_contact_sensitivity,current_infant_contact_x1.25,symptom_protective,country_timeline,current,2027-01-01,2032-01-01,2027,2032,4877948.852079799,24323093.048566937,290082.76531660755,188969.82130657442,401406.41299701796,665000.21897367,458245.0580918852,1312215.0983721297,6187217.7053733645,192299.68638231824,778.9926113037496,758.0539296956055,758.9457410864394,64901.07334551399,24237722.441176064,0.9964901418080172,0.8270000000000001,0.9989683614220864,118980814.51413094,715391.0743036511,7149047.977419576,7916218.119894977,15780657.171618205,4.999418194761015,4089.04977459892,48.76694192487955,5283.594369020439,11223.319410134565,1860.604685271877,1157.8720526169234,1663.2612857537376,7842.433522251083,243.74405081840533,1.3095947769905418,21.19518051432994,9.61980296296494,82.2635273998688,51653.74763068529,252595.60406271828,146479.0028794804,146479.0028794804,168378.21824126842,1710.0,476.0,1,,0.8076799342003622,0.2005480488168094,4.986336221667506,0.4563286287866064,0.350632983129902,3.870810364999801e-05,0.011180679714561824,0.015335032513125455,0.4297742084552691,,M2;M3;M4;Y1,2.0,12.0,4,aP,True,Japan,/home/ctm/pertussis_transmission_analysis/outputs/calibrations/Japan_calibrated_config.yaml,current,fitted_parameters_and_state_only,e07d2d9623bba63452e5939f83db5c87901a902d0a71c99df08b4ecdc3550c54,c36eefa5b9e490f39c68369d7b2ec545f1003c465b2d7a3d65a4f58b53b37bf6,True,state_reconstruction_accepted,48.269543785369024,41.434615044876836,True,Japan,JPN,1,contact_reduction_mean,Japan,JPN,2025,2025,True,False,exact_year,2025,measured_multicenter_isolate_fraction,https://www.mdpi.com/2227-9059/14/1/167,"Japanese children at six clinics, March-August 2025; 43/52 sequenced B. pertussis isolates carried the A2047G mutation associated with macrolide resistance.",Japan,JPN,3,relative_detection_prior_mean,True,0.0,prospective_policy,0.20006115273699407,1.8378136421209396e-16,Japan,current,1.25,"infant_0_2m,infant_3_11m","child_1_4y,child_5_9y,adolescent_10_17y,young_adult_18_39y,middle_adult_40_64y",7.349919218851434,6.635031008204785,5.635031008204785,0.25,calibrated_country_scenario_analysis,,
infant_contact_sensitivity,current_infant_contact_x1.50,symptom_protective,country_timeline,current,2027-01-01,2032-01-01,2027,2032,5120957.5825441815,25418057.810642295,309941.266209354,213295.55252544733,451841.9506443164,700981.134237329,473614.64264933456,1387891.329412111,6481325.739849761,207624.1251144685,889.8448813274499,867.7192368424763,868.6690231514015,73309.23636837992,25334799.82202879,0.9967244551399735,0.8270000000000001,0.9990736879169891,118980814.51413055,715391.074309501,7149047.977931044,7916218.119711971,15780657.171952516,4.999418194761015,4273.128559505847,52.10543174758512,5963.741577672399,12633.496552970184,1961.2757189294985,1196.7071957741298,1759.1825607396752,8215.221876806818,263.1681114723291,1.4959528396140402,24.261421437215628,11.010569517932025,92.92105759823716,54536.322594378566,270252.0417342779,153315.86478456014,153315.86478456014,177774.68720231624,1710.0,476.0,1,,0.8072083537847393,0.20146927120450903,4.9635360967028666,0.4578105414196146,0.3514331241784828,4.290327381800407e-05,0.011379385836519464,0.015619427468788383,0.4307688248404888,,M2;M3;M4;Y1,2.0,12.0,4,aP,True,Japan,/home/ctm/pertussis_transmission_analysis/outputs/calibrations/Japan_calibrated_config.yaml,current,fitted_parameters_and_state_only,e07d2d9623bba63452e5939f83db5c87901a902d0a71c99df08b4ecdc3550c54,c36eefa5b9e490f39c68369d7b2ec545f1003c465b2d7a3d65a4f58b53b37bf6,True,state_reconstruction_accepted,48.269543785369024,41.434615044876836,True,Japan,JPN,1,contact_reduction_mean,Japan,JPN,2025,2025,True,False,exact_year,2025,measured_multicenter_isolate_fraction,https://www.mdpi.com/2227-9059/14/1/167,"Japanese children at six clinics, March-August 2025; 43/52 sequenced B. pertussis isolates carried the A2047G mutation associated with macrolide resistance.",Japan,JPN,3,relative_detection_prior_mean,True,0.0,prospective_policy,0.333384293947495,1.8378136421209396e-16,Japan,current,1.5,"infant_0_2m,infant_3_11m","child_1_4y,child_5_9y,adolescent_10_17y,young_adult_18_39y,middle_adult_40_64y",7.349919218851434,7.089252302793009,6.089252302793009,0.25,calibrated_country_scenario_analysis,,
infant_contact_sensitivity,maternal_immunization_infant_contact_x0.75,symptom_protective,country_timeline,maternal_immunization,2027-01-01,2032-01-01,2027,2032,2318446.456947484,12516689.522229645,128893.04092829124,56308.813299938294,133213.29748712294,338507.08162433817,261773.7740379113,656589.6689621878,3328417.8472931897,83855.72266986677,143.02662304445076,133.39213253529857,133.81964949498206,17241.214916874284,12444313.568554997,0.9942176440866326,0.8270000000000001,0.9979035537524109,118980814.51398675,715391.0743277296,7149047.978274766,7916218.11956703,15780657.172169525,4.999418194761015,2104.2293579794245,21.668710426895725,1574.3938731100066,3724.6425042443016,947.1092550385291,661.4376559590421,832.2417401897734,4218.842288043231,106.28895923682279,0.24044761887580834,3.7296427304548114,1.696193273088235,21.853616320350095,26268.74941531035,109441.31107605039,71468.33963885128,71468.33963885128,85629.5123752723,1740.0,476.0,1,,0.8180196239991084,0.18522840666694834,5.398739955681092,0.56019501234935,0.4434096963283585,0.000715843625153645,0.010653089795074974,0.014536862243649246,0.5342892166854721,,M2;M3;M4;Y1,2.0,12.0,4,aP,True,Japan,/home/ctm/pertussis_transmission_analysis/outputs/calibrations/Japan_calibrated_config.yaml,current,fitted_parameters_and_state_only,e07d2d9623bba63452e5939f83db5c87901a902d0a71c99df08b4ecdc3550c54,c36eefa5b9e490f39c68369d7b2ec545f1003c465b2d7a3d65a4f58b53b37bf6,True,state_reconstruction_accepted,48.269543785369024,41.434615044876836,True,Japan,JPN,1,contact_reduction_mean,Japan,JPN,2025,2025,True,False,exact_year,2025,measured_multicenter_isolate_fraction,https://www.mdpi.com/2227-9059/14/1/167,"Japanese children at six clinics, March-August 2025; 43/52 sequenced B. pertussis isolates carried the A2047G mutation associated with macrolide resistance.",Japan,JPN,3,relative_detection_prior_mean,True,0.0,prospective_policy,,,Japan,maternal_immunization,0.75,"infant_0_2m,infant_3_11m","child_1_4y,child_5_9y,adolescent_10_17y,young_adult_18_39y,middle_adult_40_64y",7.349919218851434,2.9481562697068497,1.9481562697068497,0.25,calibrated_country_scenario_analysis,True,False
infant_contact_sensitivity,maternal_immunization_infant_contact_x1.00,symptom_protective,country_timeline,maternal_immunization,2027-01-01,2032-01-01,2027,2032,2518909.595972299,13504654.524521979,145442.83698560655,77302.84829655566,183246.9625136272,368600.94564486825,278919.4561816844,724823.2501231083,3616272.0298928507,96829.6528709145,195.05124703298657,184.57864058894216,185.05043072925358,23016.53519892657,13432886.973371334,0.9946857173561658,0.8270000000000001,0.9981104935170694,118980814.51402141,715391.0743220141,7149047.978076394,7916218.119643383,15780657.17204179,4.999418194761015,2270.319997104037,24.45096101084106,2161.3868877814775,5123.583292601458,1031.3089031127538,704.7605589003209,918.7292940061244,4583.703749008136,122.7336990167518,0.32790823770794947,5.160816998657023,2.3455546100451476,29.173960865887462,28545.05151876688,122732.8503360747,77454.66017346257,77454.66017346257,93049.68438486541,1740.0,476.0,1,,0.8170635030513101,0.18652158716081338,5.361309729462197,0.5596288792219094,0.4415695669702418,0.000935753182627819,0.01107949647822955,0.015120397680792375,0.5324932318802597,,M2;M3;M4;Y1,2.0,12.0,4,aP,True,Japan,/home/ctm/pertussis_transmission_analysis/outputs/calibrations/Japan_calibrated_config.yaml,current,fitted_parameters_and_state_only,e07d2d9623bba63452e5939f83db5c87901a902d0a71c99df08b4ecdc3550c54,c36eefa5b9e490f39c68369d7b2ec545f1003c465b2d7a3d65a4f58b53b37bf6,True,state_reconstruction_accepted,48.269543785369024,41.434615044876836,True,Japan,JPN,1,contact_reduction_mean,Japan,JPN,2025,2025,True,False,exact_year,2025,measured_multicenter_isolate_fraction,https://www.mdpi.com/2227-9059/14/1/167,"Japanese children at six clinics, March-August 2025; 43/52 sequenced B. pertussis isolates carried the A2047G mutation associated with macrolide resistance.",Japan,JPN,3,relative_detection_prior_mean,True,0.0,prospective_policy,,,Japan,maternal_immunization,1.0,"infant_0_2m,infant_3_11m","child_1_4y,child_5_9y,adolescent_10_17y,young_adult_18_39y,middle_adult_40_64y",7.349919218851434,3.326697924533379,2.326697924533379,0.25,calibrated_country_scenario_analysis,True,False
infant_contact_sensitivity,maternal_immunization_infant_contact_x1.25,symptom_protective,country_timeline,maternal_immunization,2027-01-01,2032-01-01,2027,2032,2726259.63854689,14518673.733956922,162727.716929165,99599.32125365715,236713.99417628202,399488.7249597863,296241.04929560015,795329.0955090435,3910882.347478346,110415.41173032127,251.3511260637232,240.00146866003834,240.5187957488204,29160.204068324758,14447611.18785403,0.9951054381822295,0.8270000000000001,0.9982948143257876,118980814.51443838,715391.0742641555,7149047.976622079,7916218.120227428,15780657.171113662,4.999418194761015,2440.7907103186535,27.356789405847525,2784.7960553944035,6618.520979273832,1117.7298476736482,748.5279453556135,1008.0969923887282,4957.128758826174,139.9539449860781,0.42255615407184044,6.710438733926584,3.048628246803371,36.96119528973711,30880.098859220903,136757.49188960777,83605.95133622356,83605.95133622356,100661.35108373924,1740.0,476.0,1,,0.8161846211292747,0.18777607986124742,5.325491940927331,0.5590508855160796,0.43978738239740084,0.0011563447664805332,0.011480912315289254,0.01567193134472706,0.5307416970895827,,M2;M3;M4;Y1,2.0,12.0,4,aP,True,Japan,/home/ctm/pertussis_transmission_analysis/outputs/calibrations/Japan_calibrated_config.yaml,current,fitted_parameters_and_state_only,e07d2d9623bba63452e5939f83db5c87901a902d0a71c99df08b4ecdc3550c54,c36eefa5b9e490f39c68369d7b2ec545f1003c465b2d7a3d65a4f58b53b37bf6,True,state_reconstruction_accepted,48.269543785369024,41.434615044876836,True,Japan,JPN,1,contact_reduction_mean,Japan,JPN,2025,2025,True,False,exact_year,2025,measured_multicenter_isolate_fraction,https://www.mdpi.com/2227-9059/14/1/167,"Japanese children at six clinics, March-August 2025; 43/52 sequenced B. pertussis isolates carried the A2047G mutation associated with macrolide resistance.",Japan,JPN,3,relative_detection_prior_mean,True,0.0,prospective_policy,,,Japan,maternal_immunization,1.25,"infant_0_2m,infant_3_11m","child_1_4y,child_5_9y,adolescent_10_17y,young_adult_18_39y,middle_adult_40_64y",7.349919218851434,3.722053071778189,2.722053071778189,0.25,calibrated_country_scenario_analysis,True,False
infant_contact_sensitivity,maternal_immunization_infant_contact_x1.50,symptom_protective,country_timeline,maternal_immunization,2027-01-01,2032-01-01,2027,2032,2940953.862340129,15561582.62791951,180649.3373365732,122866.14378954549,292846.6590279539,431146.01165203826,313812.76852333173,867824.9239649154,4211742.437496456,124494.91562219118,311.4022957647987,299.1311189313342,299.69506341725787,35593.09550053727,15491298.54734392,0.9954834876210155,0.8270000000000001,0.9984600105329604,118980814.51386164,715391.0743446515,7149047.9786742665,7916218.11940499,15780657.172423908,4.999418194761015,2616.1181807833364,30.369662717001873,3435.336187249214,8187.989742698862,1206.3037970323426,792.9273388413535,1099.987037612938,5338.475490936372,157.80002354330065,0.5235105110879558,8.363703180571369,3.7987003587015975,45.11502562087422,33260.2935190463,151485.23282697995,89932.65725969296,89932.65725969296,108420.18668126693,1740.0,476.0,1,,0.8153856974809713,0.18898809540513406,5.291338578000369,0.5584272852642709,0.4380685757866126,0.001376724733509762,0.011846258726140955,0.01617673069190969,0.5290275711127105,,M2;M3;M4;Y1,2.0,12.0,4,aP,True,Japan,/home/ctm/pertussis_transmission_analysis/outputs/calibrations/Japan_calibrated_config.yaml,current,fitted_parameters_and_state_only,e07d2d9623bba63452e5939f83db5c87901a902d0a71c99df08b4ecdc3550c54,c36eefa5b9e490f39c68369d7b2ec545f1003c465b2d7a3d65a4f58b53b37bf6,True,state_reconstruction_accepted,48.269543785369024,41.434615044876836,True,Japan,JPN,1,contact_reduction_mean,Japan,JPN,2025,2025,True,False,exact_year,2025,measured_multicenter_isolate_fraction,https://www.mdpi.com/2227-9059/14/1/167,"Japanese children at six clinics, March-August 2025; 43/52 sequenced B. pertussis isolates carried the A2047G mutation associated with macrolide resistance.",Japan,JPN,3,relative_detection_prior_mean,True,0.0,prospective_policy,,,Japan,maternal_immunization,1.5,"infant_0_2m,infant_3_11m","child_1_4y,child_5_9y,adolescent_10_17y,young_adult_18_39y,middle_adult_40_64y",7.349919218851434,4.131972313261385,3.131972313261385,0.25,calibrated_country_scenario_analysis,True,False
infant_contact_sensitivity,current_infant_contact_x0.75,symptom_protective,country_timeline,current,2027-01-01,2032-01-01,2027,2032,152526.17231839546,814734.5837418281,16422.79036522221,8340.377028161047,18849.042179991648,40081.111745483344,21912.159816718606,70333.648590363,333262.79209939815,13369.8023847252,28.580741259954706,28.189923143672257,28.238597460282353,2743.0992249315254,762951.7484894913,0.9364420802974707,0.01,0.9916407447076843,5353994.95565841,54342.685415878135,540348.1696829333,515842.43322682567,1110533.2883256369,4.999418194761015,3043.8183259146085,61.35493849633533,3069.906307454878,6937.910994006694,1483.7017470391982,849.6668138846537,1266.811798967043,6002.5499266657525,240.80968000781743,1.0677659418326673,10.37608043056404,5.08618409053615,49.407225894388546,22311.47839952193,10474.193262691628,6890.378054071209,6890.378054071209,3272.754597378684,1826.0,716.0,1,,0.817537810344931,0.18720964515571334,5.341605124929545,0.7081391964479823,0.5364576071894297,0.0008910067877827283,0.019971232671189842,0.02732163454799427,0.6599553224410155,,W6;M3;M5;Y4;Y11-Y13,1.3808219178082193,156.0,5,aP,True,New_Zealand,/home/ctm/pertussis_transmission_analysis/outputs/calibrations/New_Zealand_calibrated_config.yaml,current,fitted_parameters_and_state_only,e07d2d9623bba63452e5939f83db5c87901a902d0a71c99df08b4ecdc3550c54,c36eefa5b9e490f39c68369d7b2ec545f1003c465b2d7a3d65a4f58b53b37bf6,True,state_reconstruction_accepted,32.1464548944196,29.28661041270576,True,New_Zealand,NZL,1,contact_reduction_mean,New_Zealand,NZL,2025,2025,True,False,exact_year,2025,low_detected_model_anchor,https://www.tewhatuora.govt.nz/for-health-professionals/clinical-guidance/communicable-disease-control-manual/pertussis,"Health New Zealand notes MRBP has been detected by PHF Science and is being assessed; no public national fraction was located, so use a low detected/imported anchor pending surveillance.",New_Zealand,NZL,3,relative_detection_prior_mean,True,0.0,prospective_policy,0.2500057719951878,3.1531699655842397e-16,New_Zealand,current,0.75,"infant_0_2m,infant_3_11m","child_1_4y,child_5_9y,adolescent_10_17y,young_adult_18_39y,middle_adult_40_64y",25.11070274470987,2.4433779938421325,1.4433779938421325,0.25,calibrated_country_scenario_analysis,,
infant_contact_sensitivity,current_infant_contact_x1.00,symptom_protective,country_timeline,current,2027-01-01,2032-01-01,2027,2032,166422.18964447494,876615.0751604273,18358.77752934904,10156.594402240156,22843.187406042423,43495.12972300497,23183.025783649384,76834.7499088945,357321.4328951374,15031.617849787424,35.257542487816075,34.82838474134725,34.88221645325136,3319.8536965117223,826088.3521639382,0.9423615627563303,0.01,0.9934863333159195,5353994.955211791,54342.68542749543,540348.1695775476,515842.4333402559,1110533.2883452987,4.999418194761015,3275.0015575801485,68.58771507309773,3738.4153145301107,8408.06654764071,1610.0800890977634,898.9459648992979,1383.9061346077087,6435.881207353984,270.74140515932675,1.3172087708269709,12.81954971724396,6.282796963041884,59.79541681401113,18783.856797073506,11861.724692230142,7227.677125306844,7227.677125306844,2755.306151532939,1560.0,746.0,1,,0.8167374163467253,0.18984636970111243,5.267417025536835,0.7079370742017285,0.5356167880771321,0.0010275199772902927,0.02040303346223959,0.027923189213086744,0.6585833315491119,,W6;M3;M5;Y4;Y11-Y13,1.3808219178082193,156.0,5,aP,True,New_Zealand,/home/ctm/pertussis_transmission_analysis/outputs/calibrations/New_Zealand_calibrated_config.yaml,current,fitted_parameters_and_state_only,e07d2d9623bba63452e5939f83db5c87901a902d0a71c99df08b4ecdc3550c54,c36eefa5b9e490f39c68369d7b2ec545f1003c465b2d7a3d65a4f58b53b37bf6,True,state_reconstruction_accepted,32.1464548944196,29.28661041270576,True,New_Zealand,NZL,1,contact_reduction_mean,New_Zealand,NZL,2025,2025,True,False,exact_year,2025,low_detected_model_anchor,https://www.tewhatuora.govt.nz/for-health-professionals/clinical-guidance/communicable-disease-control-manual/pertussis,"Health New Zealand notes MRBP has been detected by PHF Science and is being assessed; no public national fraction was located, so use a low detected/imported anchor pending surveillance.",New_Zealand,NZL,3,relative_detection_prior_mean,True,0.0,prospective_policy,1.0204827386537681e-05,1.352852648487234e-16,New_Zealand,current,1.0,"infant_0_2m,infant_3_11m","child_1_4y,child_5_9y,adolescent_10_17y,young_adult_18_39y,middle_adult_40_64y",25.11070274470987,2.7314136036096106,1.7314136036096106,0.25,calibrated_country_scenario_analysis,,
infant_contact_sensitivity,current_infant_contact_x1.25,symptom_protective,country_timeline,current,2027-01-01,2032-01-01,2027,2032,180221.84473548358,937255.5804381402,20331.064581889208,12075.482738462917,27013.662583734695,46853.92620734287,24362.76770602454,83292.17665183033,380775.68071486626,16731.696755605277,42.482957374701854,42.01530614239467,42.07438021488039,3934.0071958781614,888175.9129058416,0.9476347022555414,0.01,0.9949652020754968,5353994.955305557,54342.68543125478,540348.1696184126,515842.4333191899,1110533.2883688572,4.999418194761015,3501.5522464863993,75.9561066863905,4444.715207563469,9943.12521481831,1734.4142702233005,944.6916864256073,1500.2138273050855,6858.326487225924,301.3623107961254,1.5871476034662169,15.464894796024304,7.578210764920382,70.85721887956485,23865.298659526707,13291.250894935907,7548.928850983772,7548.928850983772,3500.6764008209984,1560.0,746.0,1,,0.8159892272106006,0.19228676627482444,5.200565901507529,0.7079028990138605,0.5349088189506441,0.0011658298155523166,0.020804214323243714,0.028487515419685923,0.6574453394553784,,W6;M3;M5;Y4;Y11-Y13,1.3808219178082193,156.0,5,aP,True,New_Zealand,/home/ctm/pertussis_transmission_analysis/outputs/calibrations/New_Zealand_calibrated_config.yaml,current,fitted_parameters_and_state_only,e07d2d9623bba63452e5939f83db5c87901a902d0a71c99df08b4ecdc3550c54,c36eefa5b9e490f39c68369d7b2ec545f1003c465b2d7a3d65a4f58b53b37bf6,True,state_reconstruction_accepted,32.1464548944196,29.28661041270576,True,New_Zealand,NZL,1,contact_reduction_mean,New_Zealand,NZL,2025,2025,True,False,exact_year,2025,low_detected_model_anchor,https://www.tewhatuora.govt.nz/for-health-professionals/clinical-guidance/communicable-disease-control-manual/pertussis,"Health New Zealand notes MRBP has been detected by PHF Science and is being assessed; no public national fraction was located, so use a low detected/imported anchor pending surveillance.",New_Zealand,NZL,3,relative_detection_prior_mean,True,0.0,prospective_policy,0.2000081638619093,1.352852648487234e-16,New_Zealand,current,1.25,"infant_0_2m,infant_3_11m","child_1_4y,child_5_9y,adolescent_10_17y,young_adult_18_39y,middle_adult_40_64y",25.11070274470987,3.024849900004983,2.024849900004983,0.25,calibrated_country_scenario_analysis,,
infant_contact_sensitivity,current_infant_contact_x1.50,symptom_protective,country_timeline,current,2027-01-01,2032-01-01,2027,2032,194379.20153333544,999946.5085515846,22389.01713576854,14131.757609680717,31374.66644681723,50257.120150052775,25507.701314306032,89896.57907403952,404744.60794070177,18509.743225194303,50.32987768931509,49.82215427995022,49.88673436334653,4598.928653126373,952455.3569759775,0.9525063079180129,0.01,0.9961125042028247,5353994.955354298,54342.68542393891,540348.1696117223,515842.4333039916,1110533.288339653,4.999418194761015,3735.7632394318407,83.6445414504879,5201.584013344375,11548.313233307988,1860.3919335152136,989.0876793199326,1619.1687668529914,7290.041895698751,333.3875262152025,1.880305649441093,18.33842104929942,8.985329919495115,82.83342606390586,28731.66224874743,14759.716536420747,7875.865563330345,7875.865563330345,4214.497938047597,1560.0,746.0,1,,0.8152628129899528,0.19438959971458106,5.14430813926405,0.7077865021515247,0.534259501914507,0.0013051029665351118,0.02111888777359826,0.02894148312879492,0.6564210282825963,,W6;M3;M5;Y4;Y11-Y13,1.3808219178082193,156.0,5,aP,True,New_Zealand,/home/ctm/pertussis_transmission_analysis/outputs/calibrations/New_Zealand_calibrated_config.yaml,current,fitted_parameters_and_state_only,e07d2d9623bba63452e5939f83db5c87901a902d0a71c99df08b4ecdc3550c54,c36eefa5b9e490f39c68369d7b2ec545f1003c465b2d7a3d65a4f58b53b37bf6,True,state_reconstruction_accepted,32.1464548944196,29.28661041270576,True,New_Zealand,NZL,1,contact_reduction_mean,New_Zealand,NZL,2025,2025,True,False,exact_year,2025,low_detected_model_anchor,https://www.tewhatuora.govt.nz/for-health-professionals/clinical-guidance/communicable-disease-control-manual/pertussis,"Health New Zealand notes MRBP has been detected by PHF Science and is being assessed; no public national fraction was located, so use a low detected/imported anchor pending surveillance.",New_Zealand,NZL,3,relative_detection_prior_mean,True,0.0,prospective_policy,0.333340136551591,1.352852648487234e-16,New_Zealand,current,1.5,"infant_0_2m,infant_3_11m","child_1_4y,child_5_9y,adolescent_10_17y,young_adult_18_39y,middle_adult_40_64y",25.11070274470987,3.331031484895798,2.331031484895798,0.25,calibrated_country_scenario_analysis,,
infant_contact_sensitivity,maternal_immunization_infant_contact_x0.75,symptom_protective,country_timeline,maternal_immunization,2027-01-01,2032-01-01,2027,2032,143375.01257803012,777546.0852626231,14709.373361937694,6083.59657039323,14616.867062315618,38260.6944440181,21168.42696860218,65512.717983013514,317910.63405869267,11818.064594251522,15.009829534978026,14.6412879403533,14.687349220053205,1859.4350190731102,725469.4089249892,0.9330243218702019,0.01,0.9905469378125344,5353994.955788203,54342.685412004364,540348.1697120513,515842.43319366145,1110533.2883177171,4.999418194761015,2904.883468477042,54.953675827867194,2239.235878873715,5380.141957794045,1416.3144861584472,820.82779830747,1179.9797932741574,5726.035124256296,212.86061464342393,0.5607616899786617,5.389130736991158,2.6454062401925307,33.49114213184552,24581.851087666433,9442.224362663808,6609.719606405324,6609.719606405324,3605.783745953502,1826.0,716.0,0,,0.8194565942860584,0.1843942311530048,5.42316315292006,0.7115838267629001,0.5392732332369298,0.0012894435198592597,0.019572209256902794,0.026775008568432512,0.6639471654177056,,W6;M3;M5;Y4;Y11-Y13,1.3808219178082193,156.0,5,aP,True,New_Zealand,/home/ctm/pertussis_transmission_analysis/outputs/calibrations/New_Zealand_calibrated_config.yaml,current,fitted_parameters_and_state_only,e07d2d9623bba63452e5939f83db5c87901a902d0a71c99df08b4ecdc3550c54,c36eefa5b9e490f39c68369d7b2ec545f1003c465b2d7a3d65a4f58b53b37bf6,True,state_reconstruction_accepted,32.1464548944196,29.28661041270576,True,New_Zealand,NZL,1,contact_reduction_mean,New_Zealand,NZL,2025,2025,True,False,exact_year,2025,low_detected_model_anchor,https://www.tewhatuora.govt.nz/for-health-professionals/clinical-guidance/communicable-disease-control-manual/pertussis,"Health New Zealand notes MRBP has been detected by PHF Science and is being assessed; no public national fraction was located, so use a low detected/imported anchor pending surveillance.",New_Zealand,NZL,3,relative_detection_prior_mean,True,0.0,prospective_policy,,,New_Zealand,maternal_immunization,0.75,"infant_0_2m,infant_3_11m","child_1_4y,child_5_9y,adolescent_10_17y,young_adult_18_39y,middle_adult_40_64y",25.11070274470987,2.188456308314367,1.1884563083143669,0.25,calibrated_country_scenario_analysis,True,False
infant_contact_sensitivity,maternal_immunization_infant_contact_x1.00,symptom_protective,country_timeline,maternal_immunization,2027-01-01,2032-01-01,2027,2032,158321.24587375048,843788.0115385323,16942.28163923818,8488.240149525425,20356.588569806514,41749.303657333694,22533.084421970983,72770.62822883012,344551.79255196755,13765.934086563704,21.167486297264297,20.758913620957827,20.810110173296945,2523.2346576547425,792760.646308223,0.93952584709367,0.01,0.9926418447112996,5353994.955612409,54342.685419989415,540348.1696808741,515842.4332398235,1110533.288340687,4.999418194761015,3152.3608595752817,63.295738717658296,3124.331416225427,7492.8051133635545,1545.454007554377,873.7438119961051,1310.705363718442,6205.881322840518,247.9445908741696,0.7908094733109977,7.640891969378912,3.7482049677985194,45.4471437199726,19920.637769047044,10969.099711577364,7002.803107063819,7002.803107063819,2922.0546336454768,1826.0,746.0,1,,0.8180896186543754,0.18763154217499878,5.3295943123855345,0.7106495265226094,0.537048361574243,0.0017139864393470093,0.02025806657474926,0.027718090400755388,0.6609593831077575,,W6;M3;M5;Y4;Y11-Y13,1.3808219178082193,156.0,5,aP,True,New_Zealand,/home/ctm/pertussis_transmission_analysis/outputs/calibrations/New_Zealand_calibrated_config.yaml,current,fitted_parameters_and_state_only,e07d2d9623bba63452e5939f83db5c87901a902d0a71c99df08b4ecdc3550c54,c36eefa5b9e490f39c68369d7b2ec545f1003c465b2d7a3d65a4f58b53b37bf6,True,state_reconstruction_accepted,32.1464548944196,29.28661041270576,True,New_Zealand,NZL,1,contact_reduction_mean,New_Zealand,NZL,2025,2025,True,False,exact_year,2025,low_detected_model_anchor,https://www.tewhatuora.govt.nz/for-health-professionals/clinical-guidance/communicable-disease-control-manual/pertussis,"Health New Zealand notes MRBP has been detected by PHF Science and is being assessed; no public national fraction was located, so use a low detected/imported anchor pending surveillance.",New_Zealand,NZL,3,relative_detection_prior_mean,True,0.0,prospective_policy,,,New_Zealand,maternal_immunization,1.0,"infant_0_2m,infant_3_11m","child_1_4y,child_5_9y,adolescent_10_17y,young_adult_18_39y,middle_adult_40_64y",25.11070274470987,2.520667755146477,1.520667755146477,0.25,calibrated_country_scenario_analysis,True,False
infant_contact_sensitivity,maternal_immunization_infant_contact_x1.25,symptom_protective,country_timeline,maternal_immunization,2027-01-01,2032-01-01,2027,2032,171390.09156174344,899930.2960096435,19006.769919714585,10880.49923515487,26090.396826656302,44685.77504246196,23631.81729460541,79198.09157222224,367271.67972742184,15584.17681970058,27.5140481789988,27.070402174332536,27.126001802892404,3184.548757962275,850064.3628825902,0.9445891161258128,0.01,0.9941675212815968,5353994.955294623,54342.68543015778,540348.169611648,515842.43332136824,1110533.288363174,4.999418194761015,3362.106361860336,71.00859071956758,4004.8684979949394,9603.291732576065,1654.1547781423333,916.3483230900636,1426.4733718039927,6615.099694304302,280.69379973020654,1.0279146822072582,9.964009789712096,4.885789352644545,57.358377130869535,20842.038440590954,12402.93021552818,7329.945251707835,7329.945251707835,3057.2101005200157,1560.0,746.0,1,,0.8169033084724201,0.19044818506688752,5.25077201260169,0.7100408699263673,0.5351006554654408,0.002137378759763417,0.02088715924773358,0.0285862815454808,0.6584300503733895,,W6;M3;M5;Y4;Y11-Y13,1.3808219178082193,156.0,5,aP,True,New_Zealand,/home/ctm/pertussis_transmission_analysis/outputs/calibrations/New_Zealand_calibrated_config.yaml,current,fitted_parameters_and_state_only,e07d2d9623bba63452e5939f83db5c87901a902d0a71c99df08b4ecdc3550c54,c36eefa5b9e490f39c68369d7b2ec545f1003c465b2d7a3d65a4f58b53b37bf6,True,state_reconstruction_accepted,32.1464548944196,29.28661041270576,True,New_Zealand,NZL,1,contact_reduction_mean,New_Zealand,NZL,2025,2025,True,False,exact_year,2025,low_detected_model_anchor,https://www.tewhatuora.govt.nz/for-health-professionals/clinical-guidance/communicable-disease-control-manual/pertussis,"Health New Zealand notes MRBP has been detected by PHF Science and is being assessed; no public national fraction was located, so use a low detected/imported anchor pending surveillance.",New_Zealand,NZL,3,relative_detection_prior_mean,True,0.0,prospective_policy,,,New_Zealand,maternal_immunization,1.25,"infant_0_2m,infant_3_11m","child_1_4y,child_5_9y,adolescent_10_17y,young_adult_18_39y,middle_adult_40_64y",25.11070274470987,2.827821723728028,1.8278217237280279,0.25,calibrated_country_scenario_analysis,True,False
infant_contact_sensitivity,maternal_immunization_infant_contact_x1.50,symptom_protective,country_timeline,maternal_immunization,2027-01-01,2032-01-01,2027,2032,183300.91743518668,950333.848999268,20977.367081759647,13293.061268321602,31731.228387046314,47268.321472010444,24566.786962559767,85128.16970289181,387690.4398021457,17333.0326122474,34.06907050610269,33.59338829154445,33.652985010132596,3859.2053657031647,901688.7400897255,0.9488126104728697,0.01,0.9952989988584655,5353994.955391492,54342.68541886923,540348.1696081115,515842.43329270225,1110533.288319683,4.999418194761015,3550.4121749442825,78.37066896415706,4892.878642412675,11679.555712459349,1749.7541386248233,952.602745589201,1533.2827454005637,6982.871404143355,312.1932483992005,1.2728078963121867,12.364975138546637,6.061394415896538,69.5099286034447,25189.946274863927,13759.586715816928,7620.440409045817,7620.440409045817,3694.982062526142,1560.0,746.0,1,,0.8157824343972142,0.19288055205884586,5.18455587837031,0.7093316484958326,0.5332964877323054,0.0025578912487549525,0.021375934675187704,0.029269304331043983,0.6561285182408461,,W6;M3;M5;Y4;Y11-Y13,1.3808219178082193,156.0,5,aP,True,New_Zealand,/home/ctm/pertussis_transmission_analysis/outputs/calibrations/New_Zealand_calibrated_config.yaml,current,fitted_parameters_and_state_only,e07d2d9623bba63452e5939f83db5c87901a902d0a71c99df08b4ecdc3550c54,c36eefa5b9e490f39c68369d7b2ec545f1003c465b2d7a3d65a4f58b53b37bf6,True,state_reconstruction_accepted,32.1464548944196,29.28661041270576,True,New_Zealand,NZL,1,contact_reduction_mean,New_Zealand,NZL,2025,2025,True,False,exact_year,2025,low_detected_model_anchor,https://www.tewhatuora.govt.nz/for-health-professionals/clinical-guidance/communicable-disease-control-manual/pertussis,"Health New Zealand notes MRBP has been detected by PHF Science and is being assessed; no public national fraction was located, so use a low detected/imported anchor pending surveillance.",New_Zealand,NZL,3,relative_detection_prior_mean,True,0.0,prospective_policy,,,New_Zealand,maternal_immunization,1.5,"infant_0_2m,infant_3_11m","child_1_4y,child_5_9y,adolescent_10_17y,young_adult_18_39y,middle_adult_40_64y",25.11070274470987,3.121006598696948,2.121006598696948,0.25,calibrated_country_scenario_analysis,True,False
infant_contact_sensitivity,current_infant_contact_x0.75,symptom_protective,country_timeline,current,2027-01-01,2032-01-01,2027,2032,288139.59608489857,973523.7943139646,31745.24933122413,9158.626218315909,13008.298375170813,41138.799983330886,25872.95709153071,76170.38329317751,226002.2617435986,20583.7582459368,35.65278568900322,34.64524703263001,34.696917990314034,3114.1765903707037,14658.121187500794,0.015056767254292197,0.01,0.010168625258829183,10733209.760352716,91134.33165646873,959976.4044023618,1003832.8384260918,2054943.5744849225,4.999418194761015,1814.2514857804715,59.16020348144741,2010.151801893453,2855.0847905686783,857.1791411872462,515.5433665002677,741.4242272743868,2199.8517669336684,200.35736190477348,0.6644225830563142,7.604001308669069,3.377314711776634,30.312647413425733,85922.22570225858,24646.231163324926,57339.949150692366,57339.949150692366,25266.33620654002,0.0,150.0,1,,0.8164314429391935,0.2959759152963986,3.3786532900779167,0.5226390669392553,0.4106815478296639,0.0006905731759428009,0.009623162000572479,0.013436614726117756,0.4988887170366224,,M3;M5;M12;Y5;Y14-Y16,3.0,192.0,5,aP,True,Sweden,/home/ctm/pertussis_transmission_analysis/outputs/calibrations/Sweden_calibrated_config.yaml,current,fitted_parameters_and_state_only,e07d2d9623bba63452e5939f83db5c87901a902d0a71c99df08b4ecdc3550c54,c36eefa5b9e490f39c68369d7b2ec545f1003c465b2d7a3d65a4f58b53b37bf6,True,state_reconstruction_accepted,27.539837140679783,25.32984077491631,True,Sweden,SWE,1,contact_reduction_mean,Sweden,SWE,2025,2025,True,False,exact_year,2025,low_imported_model_anchor,https://www.folkhalsomyndigheten.se/contentassets/975cc036216b48a39b7bf34319d4ecee/pertussis-surveillance-sweden-23rd-annual-report.pdf,"No public Swedish MRBP prevalence estimate was located in the accessible national surveillance material, so keep a conservative low anchor pending numeric reporting.",Sweden,SWE,2,relative_detection_prior_mean,True,0.0,prospective_policy,0.25000939854803644,1.7072492988015195e-16,Sweden,current,0.75,"infant_0_2m,infant_3_11m","child_1_4y,child_5_9y,adolescent_10_17y,young_adult_18_39y,middle_adult_40_64y",5.954795201043958,9.934884657506913,8.934884657506913,0.25,calibrated_country_scenario_analysis,,
infant_contact_sensitivity,current_infant_contact_x1.00,symptom_protective,country_timeline,current,2027-01-01,2032-01-01,2027,2032,289176.5553313863,977913.6051430312,32203.413951339164,9705.040550666567,14514.923076181694,41323.51511610271,25892.566025375872,76921.12169214516,228591.56852595307,21026.64955654129,37.89214589881153,36.88324121687125,36.9352905339431,3290.7112796588176,14742.600990236473,0.015075565891201806,0.01,0.010179114205639446,10733209.759999445,91134.33168571893,959976.4044829417,1003832.8384127438,2054943.5745814044,4.999418194761015,1822.432303675053,60.014035559875964,2130.0798044466164,3185.7614964367417,861.0279154821824,515.9340932312616,748.7317346098786,2225.055457519508,204.6683596023384,0.7061551284120041,8.095200306318606,3.5951925220849996,32.03099370261573,86185.30188406594,24851.737202891018,57742.65610679958,57742.65610679958,25343.696530152196,0.0,150.0,1,,0.8159986448318859,0.2957076717314827,3.3817181480095306,0.5230309968811528,0.41033361428967857,0.0007725428710623428,0.009828113408098983,0.013720184812309875,0.49871015578968175,,M3;M5;M12;Y5;Y14-Y16,3.0,192.0,5,aP,True,Sweden,/home/ctm/pertussis_transmission_analysis/outputs/calibrations/Sweden_calibrated_config.yaml,current,fitted_parameters_and_state_only,e07d2d9623bba63452e5939f83db5c87901a902d0a71c99df08b4ecdc3550c54,c36eefa5b9e490f39c68369d7b2ec545f1003c465b2d7a3d65a4f58b53b37bf6,True,state_reconstruction_accepted,27.539837140679783,25.32984077491631,True,Sweden,SWE,1,contact_reduction_mean,Sweden,SWE,2025,2025,True,False,exact_year,2025,low_imported_model_anchor,https://www.folkhalsomyndigheten.se/contentassets/975cc036216b48a39b7bf34319d4ecee/pertussis-surveillance-sweden-23rd-annual-report.pdf,"No public Swedish MRBP prevalence estimate was located in the accessible national surveillance material, so keep a conservative low anchor pending numeric reporting.",Sweden,SWE,2,relative_detection_prior_mean,True,0.0,prospective_policy,3.202340290308184e-05,1.4235413699758381e-16,Sweden,current,1.0,"infant_0_2m,infant_3_11m","child_1_4y,child_5_9y,adolescent_10_17y,young_adult_18_39y,middle_adult_40_64y",5.954795201043958,10.078270290362743,9.078270290362743,0.25,calibrated_country_scenario_analysis,,
infant_contact_sensitivity,current_infant_contact_x1.25,symptom_protective,country_timeline,current,2027-01-01,2032-01-01,2027,2032,290229.2566906191,982431.9606476938,32657.148316972212,10238.591752487253,15994.840910860676,41519.557743232006,25913.421610313148,77671.5711060324,231213.8709778235,21464.253585916027,40.09275368034364,39.0824322460972,39.1348815655959,3463.8003291152168,14830.801743620552,0.015096009024220832,0.01,0.01019068701361684,10733209.759569857,91134.33172098867,959976.4045830008,1003832.8383990367,2054943.574703026,4.999418194761015,1830.8526764559806,60.85961145047653,2247.1845836861153,3510.57653067048,865.1127124889795,516.3496606754243,756.0364290240298,2250.580320002309,208.9278921705994,0.7471654864908311,8.577882716639364,3.8092954330408206,33.715800960193796,86448.38653405453,25056.15667490439,58150.35752002525,58150.35752002525,25421.05934373648,0.0,150.0,1,,0.8155778482896563,0.2954191926932812,3.385020420925222,0.5234441945582997,0.41000964020407293,0.0008533805118205558,0.01002923340570816,0.013998961595973209,0.4985626190447979,,M3;M5;M12;Y5;Y14-Y16,3.0,192.0,5,aP,True,Sweden,/home/ctm/pertussis_transmission_analysis/outputs/calibrations/Sweden_calibrated_config.yaml,current,fitted_parameters_and_state_only,e07d2d9623bba63452e5939f83db5c87901a902d0a71c99df08b4ecdc3550c54,c36eefa5b9e490f39c68369d7b2ec545f1003c465b2d7a3d65a4f58b53b37bf6,True,state_reconstruction_accepted,27.539837140679783,25.32984077491631,True,Sweden,SWE,1,contact_reduction_mean,Sweden,SWE,2025,2025,True,False,exact_year,2025,low_imported_model_anchor,https://www.folkhalsomyndigheten.se/contentassets/975cc036216b48a39b7bf34319d4ecee/pertussis-surveillance-sweden-23rd-annual-report.pdf,"No public Swedish MRBP prevalence estimate was located in the accessible national surveillance material, so keep a conservative low anchor pending numeric reporting.",Sweden,SWE,2,relative_detection_prior_mean,True,0.0,prospective_policy,0.20002561872232247,1.3855069291730843e-16,Sweden,current,1.25,"infant_0_2m,infant_3_11m","child_1_4y,child_5_9y,adolescent_10_17y,young_adult_18_39y,middle_adult_40_64y",5.954795201043958,10.220269446009997,9.220269446009997,0.25,calibrated_country_scenario_analysis,,
infant_contact_sensitivity,current_infant_contact_x1.50,symptom_protective,country_timeline,current,2027-01-01,2032-01-01,2027,2032,291296.8841244852,987074.4019702718,33106.58930922205,10759.78126975567,17449.15147216414,41726.38405722579,25935.45954365769,78421.62487063913,233867.6623881321,21896.745769274363,42.25638273568913,41.244596540114195,41.2974664071357,3633.587828709021,14922.630018812724,0.015118039723273217,0.01,0.010203444000255362,10733209.7608359,91134.3316356616,959976.404158962,1003832.8382821248,2054943.5740767487,4.999418194761015,1839.504294326759,61.69718623364774,2361.5762011405704,3829.771239178314,869.4222017799046,516.7887875933296,763.3372725600084,2276.411689273465,213.13766733384404,0.7874867117398545,9.052438443945263,4.01979625171781,35.36847173658137,86711.47928392563,25259.524451879042,58562.82051407514,58562.82051407514,25498.424543198642,0.0,150.0,1,,0.8151687642279926,0.29511137513346064,3.3885511852864427,0.5238778203656641,0.4097093065605901,0.0009331097116286595,0.01022651330484127,0.014272912374143314,0.4984452849750509,,M3;M5;M12;Y5;Y14-Y16,3.0,192.0,5,aP,True,Sweden,/home/ctm/pertussis_transmission_analysis/outputs/calibrations/Sweden_calibrated_config.yaml,current,fitted_parameters_and_state_only,e07d2d9623bba63452e5939f83db5c87901a902d0a71c99df08b4ecdc3550c54,c36eefa5b9e490f39c68369d7b2ec545f1003c465b2d7a3d65a4f58b53b37bf6,True,state_reconstruction_accepted,27.539837140679783,25.32984077491631,True,Sweden,SWE,1,contact_reduction_mean,Sweden,SWE,2025,2025,True,False,exact_year,2025,low_imported_model_anchor,https://www.folkhalsomyndigheten.se/contentassets/975cc036216b48a39b7bf34319d4ecee/pertussis-surveillance-sweden-23rd-annual-report.pdf,"No public Swedish MRBP prevalence estimate was located in the accessible national surveillance material, so keep a conservative low anchor pending numeric reporting.",Sweden,SWE,2,relative_detection_prior_mean,True,0.0,prospective_policy,0.33335468226860204,1.519004115869401e-16,Sweden,current,1.5,"infant_0_2m,infant_3_11m","child_1_4y,child_5_9y,adolescent_10_17y,young_adult_18_39y,middle_adult_40_64y",5.954795201043958,10.360924960581578,9.360924960581578,0.25,calibrated_country_scenario_analysis,,
infant_contact_sensitivity,maternal_immunization_infant_contact_x0.75,symptom_protective,country_timeline,maternal_immunization,2027-01-01,2032-01-01,2027,2032,286929.59801183036,971441.2056358731,30939.87558648041,8063.331461116662,10649.500898243823,41141.367762421185,25872.2963912741,75076.99561481194,223892.19101110086,19785.565027457145,28.555026688483366,27.548144603483053,27.599801353715183,2671.1006486456313,14613.617937254285,0.015043234580201584,0.01,0.010163431233475923,10733209.760704033,91134.33162855027,959976.4043141538,1003832.8384295246,2054943.5743722287,4.999418194761015,1810.37038941359,57.659315138110244,1769.7545335323923,2337.3716664643025,857.2326442042682,515.5302014152353,730.7814541066232,2179.3128450378517,192.58794072246656,0.5321492900016234,6.0463164682638935,2.6864984142150066,25.99985255266782,85882.43024610037,24334.965951450435,56920.61536765151,56920.61536765151,25254.63393398432,0.0,150.0,1,,0.8173633350195689,0.2953648623788979,3.3856430719141763,0.524298068247392,0.4123489276132009,0.0008695053317129886,0.009419248426230075,0.013156924034596618,0.5008523904548523,,M3;M5;M12;Y5;Y14-Y16,3.0,192.0,5,aP,True,Sweden,/home/ctm/pertussis_transmission_analysis/outputs/calibrations/Sweden_calibrated_config.yaml,current,fitted_parameters_and_state_only,e07d2d9623bba63452e5939f83db5c87901a902d0a71c99df08b4ecdc3550c54,c36eefa5b9e490f39c68369d7b2ec545f1003c465b2d7a3d65a4f58b53b37bf6,True,state_reconstruction_accepted,27.539837140679783,25.32984077491631,True,Sweden,SWE,1,contact_reduction_mean,Sweden,SWE,2025,2025,True,False,exact_year,2025,low_imported_model_anchor,https://www.folkhalsomyndigheten.se/contentassets/975cc036216b48a39b7bf34319d4ecee/pertussis-surveillance-sweden-23rd-annual-report.pdf,"No public Swedish MRBP prevalence estimate was located in the accessible national surveillance material, so keep a conservative low anchor pending numeric reporting.",Sweden,SWE,2,relative_detection_prior_mean,True,0.0,prospective_policy,,,Sweden,maternal_immunization,0.75,"infant_0_2m,infant_3_11m","child_1_4y,child_5_9y,adolescent_10_17y,young_adult_18_39y,middle_adult_40_64y",5.954795201043958,9.682837644525838,8.682837644525838,0.25,calibrated_country_scenario_analysis,True,False
infant_contact_sensitivity,maternal_immunization_infant_contact_x1.00,symptom_protective,country_timeline,maternal_immunization,2027-01-01,2032-01-01,2027,2032,288203.1684113238,975780.8192841304,31648.913433396057,9015.009407489708,13435.627150665327,41258.41474924718,25883.90889651832,76157.3330532552,227193.4882193063,20484.30849722862,31.688693449797885,30.680570643909114,30.73248547025435,2949.480853801271,14696.881637316343,0.015061662769820102,0.01,0.010170530774568034,10733209.760185502,91134.33167000771,959976.4044426333,1003832.8384223679,2054943.5745350092,4.999418194761015,1818.4576602541345,58.98067264111782,1978.6305249164225,2948.875680552929,859.6714667018304,515.7615916703593,741.2971993534538,2211.4468794560153,199.3893419175959,0.5905480637496596,6.733826982749333,2.991426366301372,28.709538646010405,86117.91011478775,24647.8469201907,57423.227134886445,57423.227134886445,25323.879270433357,0.0,150.0,1,,0.8165984707884094,0.29535645988897435,3.3857393888588176,0.5245935420659077,0.411498531513521,0.0011127848568766516,0.009756442112715426,0.013621183158782198,0.5001031319375334,,M3;M5;M12;Y5;Y14-Y16,3.0,192.0,5,aP,True,Sweden,/home/ctm/pertussis_transmission_analysis/outputs/calibrations/Sweden_calibrated_config.yaml,current,fitted_parameters_and_state_only,e07d2d9623bba63452e5939f83db5c87901a902d0a71c99df08b4ecdc3550c54,c36eefa5b9e490f39c68369d7b2ec545f1003c465b2d7a3d65a4f58b53b37bf6,True,state_reconstruction_accepted,27.539837140679783,25.32984077491631,True,Sweden,SWE,1,contact_reduction_mean,Sweden,SWE,2025,2025,True,False,exact_year,2025,low_imported_model_anchor,https://www.folkhalsomyndigheten.se/contentassets/975cc036216b48a39b7bf34319d4ecee/pertussis-surveillance-sweden-23rd-annual-report.pdf,"No public Swedish MRBP prevalence estimate was located in the accessible national surveillance material, so keep a conservative low anchor pending numeric reporting.",Sweden,SWE,2,relative_detection_prior_mean,True,0.0,prospective_policy,,,Sweden,maternal_immunization,1.0,"infant_0_2m,infant_3_11m","child_1_4y,child_5_9y,adolescent_10_17y,young_adult_18_39y,middle_adult_40_64y",5.954795201043958,9.904735704559192,8.904735704559192,0.25,calibrated_country_scenario_analysis,True,False
infant_contact_sensitivity,maternal_immunization_infant_contact_x1.25,symptom_protective,country_timeline,maternal_immunization,2027-01-01,2032-01-01,2027,2032,289408.32876996865,979930.3865423842,32318.899571367234,9913.346841510098,16108.454688618393,41369.379122218,25895.030669766966,77177.75663349507,230354.19368678975,21144.452828237794,34.66720609171337,33.65790000617096,33.7100588041668,3213.2478074658416,14776.292188233603,0.015078920289808255,0.01,0.01017797848169349,10733209.759841803,91134.3316982718,959976.4045223765,1003832.8384110228,2054943.5746316712,4.999418194761015,1826.1907620690577,60.22925367761897,2175.799244570538,3535.5126884025854,861.9835502583363,515.9832036242104,751.2297575086338,2242.212427684389,205.8150283668136,0.646055397208492,7.387296599026485,3.281256207188772,31.27698285765006,86353.3870768253,24945.600572953044,57904.68172306023,57904.68172306023,25393.123752558306,0.0,150.0,1,,0.8158699285714015,0.2953356001043357,3.3859785262823774,0.5248699800875107,0.4106858032958576,0.0013530458187544024,0.010072693066586256,0.014058050082128327,0.49938619112004173,,M3;M5;M12;Y5;Y14-Y16,3.0,192.0,5,aP,True,Sweden,/home/ctm/pertussis_transmission_analysis/outputs/calibrations/Sweden_calibrated_config.yaml,current,fitted_parameters_and_state_only,e07d2d9623bba63452e5939f83db5c87901a902d0a71c99df08b4ecdc3550c54,c36eefa5b9e490f39c68369d7b2ec545f1003c465b2d7a3d65a4f58b53b37bf6,True,state_reconstruction_accepted,27.539837140679783,25.32984077491631,True,Sweden,SWE,1,contact_reduction_mean,Sweden,SWE,2025,2025,True,False,exact_year,2025,low_imported_model_anchor,https://www.folkhalsomyndigheten.se/contentassets/975cc036216b48a39b7bf34319d4ecee/pertussis-surveillance-sweden-23rd-annual-report.pdf,"No public Swedish MRBP prevalence estimate was located in the accessible national surveillance material, so keep a conservative low anchor pending numeric reporting.",Sweden,SWE,2,relative_detection_prior_mean,True,0.0,prospective_policy,,,Sweden,maternal_immunization,1.25,"infant_0_2m,infant_3_11m","child_1_4y,child_5_9y,adolescent_10_17y,young_adult_18_39y,middle_adult_40_64y",5.954795201043958,10.114412275179497,9.114412275179497,0.25,calibrated_country_scenario_analysis,True,False
infant_contact_sensitivity,maternal_immunization_infant_contact_x1.50,symptom_protective,country_timeline,maternal_immunization,2027-01-01,2032-01-01,2027,2032,290547.86941789556,983900.6762649743,32951.728758055,10761.010949622432,18674.097477227406,41474.50451024778,25905.61848246187,78141.13394233208,233382.103550449,21767.89689343393,37.49779300369937,36.48736016796535,36.539749532951625,3463.1093856280627,14852.060693822703,0.01509508129438758,0.01,0.010185786070970008,10733209.75941029,91134.33173341017,959976.4046248955,1003832.8383997055,2054943.5747580111,4.999418194761015,1833.5897636572747,61.408589304911686,2361.8460909625123,4098.624593481151,864.1739711276124,516.1941759043385,760.6070409393341,2271.6853753454316,211.88348323440232,0.6988059981046906,8.00831161548757,3.5566915101889167,33.7090754812405,86588.86222304194,25228.98793436637,58366.17962022053,58366.17962022053,25462.367700509225,0.0,150.0,1,,0.815175228443033,0.2953020324377215,3.3863634183110394,0.5251288133492628,0.4099082323038533,0.0015904610428491813,0.010369500397059934,0.014469459771255463,0.4986993921380983,,M3;M5;M12;Y5;Y14-Y16,3.0,192.0,5,aP,True,Sweden,/home/ctm/pertussis_transmission_analysis/outputs/calibrations/Sweden_calibrated_config.yaml,current,fitted_parameters_and_state_only,e07d2d9623bba63452e5939f83db5c87901a902d0a71c99df08b4ecdc3550c54,c36eefa5b9e490f39c68369d7b2ec545f1003c465b2d7a3d65a4f58b53b37bf6,True,state_reconstruction_accepted,27.539837140679783,25.32984077491631,True,Sweden,SWE,1,contact_reduction_mean,Sweden,SWE,2025,2025,True,False,exact_year,2025,low_imported_model_anchor,https://www.folkhalsomyndigheten.se/contentassets/975cc036216b48a39b7bf34319d4ecee/pertussis-surveillance-sweden-23rd-annual-report.pdf,"No public Swedish MRBP prevalence estimate was located in the accessible national surveillance material, so keep a conservative low anchor pending numeric reporting.",Sweden,SWE,2,relative_detection_prior_mean,True,0.0,prospective_policy,,,Sweden,maternal_immunization,1.5,"infant_0_2m,infant_3_11m","child_1_4y,child_5_9y,adolescent_10_17y,young_adult_18_39y,middle_adult_40_64y",5.954795201043958,10.312460333504989,9.312460333504989,0.25,calibrated_country_scenario_analysis,True,False
infant_contact_sensitivity,current_infant_contact_x0.75,symptom_protective,country_timeline,current,2027-01-01,2032-01-01,2027,2032,19815262.22742874,106011182.42602012,1943744.5910192097,594586.099847178,1315042.3093725862,3165563.389598236,2948001.609300456,6708151.09874587,33806979.08315073,1345168.5461213097,2102.8533211912645,2053.489868253424,2057.1333455939807,197961.948695447,101248591.48837969,0.9550746361973276,0.01,0.9975007969775058,352348528.9662703,3540319.7461765385,34180110.51286133,32987003.537889943,70707433.79692781,4.999418194761015,6018.104843229358,110.34363045027615,3359.331005074018,7429.811097156335,1852.499440893391,1787.5795710818838,1897.6595237051922,9563.60923904013,380.53285696158633,1.1937600795740122,11.601939878517372,5.819395877245177,56.00118001864722,35007.37823698204,1153661.1788869838,800294.8332115405,800294.8332115405,337939.67739086156,1140.0,1740.0,1,,0.8174886388217165,0.18691671740626814,5.349976256144468,0.5362804719329041,0.40976513817888904,0.0004457564985426535,0.011597250998268293,0.01585268399327642,0.5083847804428167,,M2;M4;M6;M15;Y4;Y11-Y12,2.0,144.0,6,aP,True,United_States,/home/ctm/pertussis_transmission_analysis/outputs/calibrations/United_States_calibrated_config.yaml,current,fitted_parameters_and_state_only,e07d2d9623bba63452e5939f83db5c87901a902d0a71c99df08b4ecdc3550c54,c36eefa5b9e490f39c68369d7b2ec545f1003c465b2d7a3d65a4f58b53b37bf6,True,state_reconstruction_accepted,40.89230041380155,40.556935818834134,True,United_States,USA,1,contact_reduction_mean,United_States,USA,2025,2025,True,False,nearest_past_year,2024,low_detected_model_anchor,https://www.cdc.gov/pertussis/hcp/antibiotic-resistance/index.html; https://www.health.state.mn.us/diseases/reportable/dcn/pertussis.html; https://trace.ncbi.nlm.nih.gov/Traces/sra-db-be/runinfo?acc=SRR32181461%2CSRR32181462; https://doi.org/10.1128/jcm.01064-25; https://pubmed.ncbi.nlm.nih.gov/41802571/; https://www.paho.org/en/news/26-8-2025-paho-calls-strengthened-vaccination-and-surveillance-amid-spread-antibiotic,"CDC states reported MRBP infections remain rare in the United States and recommends continued surveillance. Minnesota's 2024 annual report states 12 erythromycin-resistant B. pertussis cases have been identified nationally, including one Minnesota case in 2024. Public SRA metadata show SRR32181461 and SRR32181462 are ONT and Illumina WGS runs for the same Minnesota BioSample SAMN46491808/sample MDH-25-000001, not independent cases. Global genomic analyses assigned the 2024 USA evidence to MT28-ptxP3-MRBP/A2047G or MR-MT28 emergence, and PAHO reported resistant pertussis cases in the United States since 2024. No population-based national resistant fraction or denominator was located; use a conservative low detected anchor pending surveillance.",United_States,USA,3,relative_detection_prior_mean,True,0.0,prospective_policy,0.2500023515702262,1.6137033571103828e-16,United_States,current,0.75,"infant_0_2m,infant_3_11m","child_1_4y,child_5_9y,adolescent_10_17y,young_adult_18_39y,middle_adult_40_64y",1.4343588639311122,76.92888664407181,75.92888664407181,0.25,calibrated_country_scenario_analysis,,
infant_contact_sensitivity,current_infant_contact_x1.00,symptom_protective,country_timeline,current,2027-01-01,2032-01-01,2027,2032,20032318.51326543,106949964.57816336,2000951.2911523255,667600.241948602,1480002.3878107849,3200782.018517201,2959692.6606378746,6828074.921103678,34202101.82608595,1397970.0331295494,2374.0461916643508,2324.2839944647003,2327.982346252001,220370.2746882772,102152157.75442559,0.955139706285444,0.01,0.9972213556580652,352348528.96619576,3540319.7461804454,34180110.513046145,32987003.53784476,70707433.79707134,4.999418194761015,6071.398177832331,113.59117388164081,3771.85102770953,8361.81321801625,1873.1095131995512,1794.668673230456,1931.5846068227547,9675.38496158937,395.469796098263,1.3477124353441514,13.13189004788504,6.585596843815312,62.3402401566465,35647.93661773023,1180904.9670064705,810577.2499206931,810577.2499206931,344123.23364212137,1140.0,1710.0,1,,0.8170956677488593,0.18730551798009248,5.338871010229841,0.5366851146396072,0.409547460219816,0.0005037738253481908,0.01180749081003189,0.016138998942446074,0.5082348510617811,,M2;M4;M6;M15;Y4;Y11-Y12,2.0,144.0,6,aP,True,United_States,/home/ctm/pertussis_transmission_analysis/outputs/calibrations/United_States_calibrated_config.yaml,current,fitted_parameters_and_state_only,e07d2d9623bba63452e5939f83db5c87901a902d0a71c99df08b4ecdc3550c54,c36eefa5b9e490f39c68369d7b2ec545f1003c465b2d7a3d65a4f58b53b37bf6,True,state_reconstruction_accepted,40.89230041380155,40.556935818834134,True,United_States,USA,1,contact_reduction_mean,United_States,USA,2025,2025,True,False,nearest_past_year,2024,low_detected_model_anchor,https://www.cdc.gov/pertussis/hcp/antibiotic-resistance/index.html; https://www.health.state.mn.us/diseases/reportable/dcn/pertussis.html; https://trace.ncbi.nlm.nih.gov/Traces/sra-db-be/runinfo?acc=SRR32181461%2CSRR32181462; https://doi.org/10.1128/jcm.01064-25; https://pubmed.ncbi.nlm.nih.gov/41802571/; https://www.paho.org/en/news/26-8-2025-paho-calls-strengthened-vaccination-and-surveillance-amid-spread-antibiotic,"CDC states reported MRBP infections remain rare in the United States and recommends continued surveillance. Minnesota's 2024 annual report states 12 erythromycin-resistant B. pertussis cases have been identified nationally, including one Minnesota case in 2024. Public SRA metadata show SRR32181461 and SRR32181462 are ONT and Illumina WGS runs for the same Minnesota BioSample SAMN46491808/sample MDH-25-000001, not independent cases. Global genomic analyses assigned the 2024 USA evidence to MT28-ptxP3-MRBP/A2047G or MR-MT28 emergence, and PAHO reported resistant pertussis cases in the United States since 2024. No population-based national resistant fraction or denominator was located; use a conservative low detected anchor pending surveillance.",United_States,USA,3,relative_detection_prior_mean,True,0.0,prospective_policy,2.8951093600231316e-05,1.3156166320465292e-16,United_States,current,1.0,"infant_0_2m,infant_3_11m","child_1_4y,child_5_9y,adolescent_10_17y,young_adult_18_39y,middle_adult_40_64y",1.4343588639311122,79.19299468079018,78.19299468079018,0.25,calibrated_country_scenario_analysis,,
infant_contact_sensitivity,current_infant_contact_x1.25,symptom_protective,country_timeline,current,2027-01-01,2032-01-01,2027,2032,20265188.584568806,107972866.3586548,2059840.676768573,740677.5458286358,1643479.4094961765,3240245.186420123,2972689.409339699,6953612.141588458,34622539.037144035,1451993.3306877394,2647.9787358436074,2597.77858065142,2601.539670724424,242986.19320185905,103132767.52243122,0.9551730078171107,0.01,0.9968771097035144,352348528.9661532,3540319.74618271,34180110.51315445,32987003.53782299,70707433.79716015,4.999418194761015,6129.46686472486,116.93424098723445,4184.727905848201,9285.436268911497,1896.2035054717794,1802.5495110156558,1967.0976563215804,9794.321858784404,410.75237152038727,1.5032200651167031,14.677097450692608,7.359459349915095,68.73802585381074,36206.64554215591,1209138.994093114,821790.0559753373,821790.0559753373,349516.66563226195,1140.0,1680.0,1,,0.8167102297844154,0.18768778923821175,5.327997117227527,0.5371258378847168,0.409386270146127,0.0005613949247926602,0.01200645586203962,0.016410748536326104,0.5081472385615584,,M2;M4;M6;M15;Y4;Y11-Y12,2.0,144.0,6,aP,True,United_States,/home/ctm/pertussis_transmission_analysis/outputs/calibrations/United_States_calibrated_config.yaml,current,fitted_parameters_and_state_only,e07d2d9623bba63452e5939f83db5c87901a902d0a71c99df08b4ecdc3550c54,c36eefa5b9e490f39c68369d7b2ec545f1003c465b2d7a3d65a4f58b53b37bf6,True,state_reconstruction_accepted,40.89230041380155,40.556935818834134,True,United_States,USA,1,contact_reduction_mean,United_States,USA,2025,2025,True,False,nearest_past_year,2024,low_detected_model_anchor,https://www.cdc.gov/pertussis/hcp/antibiotic-resistance/index.html; https://www.health.state.mn.us/diseases/reportable/dcn/pertussis.html; https://trace.ncbi.nlm.nih.gov/Traces/sra-db-be/runinfo?acc=SRR32181461%2CSRR32181462; https://doi.org/10.1128/jcm.01064-25; https://pubmed.ncbi.nlm.nih.gov/41802571/; https://www.paho.org/en/news/26-8-2025-paho-calls-strengthened-vaccination-and-surveillance-amid-spread-antibiotic,"CDC states reported MRBP infections remain rare in the United States and recommends continued surveillance. Minnesota's 2024 annual report states 12 erythromycin-resistant B. pertussis cases have been identified nationally, including one Minnesota case in 2024. Public SRA metadata show SRR32181461 and SRR32181462 are ONT and Illumina WGS runs for the same Minnesota BioSample SAMN46491808/sample MDH-25-000001, not independent cases. Global genomic analyses assigned the 2024 USA evidence to MT28-ptxP3-MRBP/A2047G or MR-MT28 emergence, and PAHO reported resistant pertussis cases in the United States since 2024. No population-based national resistant fraction or denominator was located; use a conservative low detected anchor pending surveillance.",United_States,USA,3,relative_detection_prior_mean,True,0.0,prospective_policy,0.20002316087488023,1.3545125152320882e-16,United_States,current,1.25,"infant_0_2m,infant_3_11m","child_1_4y,child_5_9y,adolescent_10_17y,young_adult_18_39y,middle_adult_40_64y",1.4343588639311122,81.52369949229835,80.52369949229835,0.25,calibrated_country_scenario_analysis,,
infant_contact_sensitivity,current_infant_contact_x1.50,symptom_protective,country_timeline,current,2027-01-01,2032-01-01,2027,2032,20510953.50651906,109067342.57986091,2119896.7994188126,813333.0929730557,1805311.4893677812,3283344.121937492,2986760.989448593,7083438.20435914,35064242.63871699,1506795.2966056857,2923.8363455776716,2873.166372044644,2876.9963344682883,265651.5105600846,104177445.96628404,0.9551662624401396,0.01,0.9964573727651078,352348528.9661484,3540319.74618306,34180110.51317153,32987003.53782769,70707433.79718229,4.999418194761015,6191.598731353624,120.34354210355299,4595.221915504504,10199.76562115582,1921.425162446854,1811.0820942596522,2003.8239704445543,9919.27477558929,426.25522335092563,1.659820527369029,16.23300120673622,8.138694870438629,75.1497859214066,36627.69474835387,1238111.8233300815,833852.3720338638,833852.3720338638,353581.2154521535,1140.0,1680.0,1,,0.8163378946949887,0.18805769922835153,5.3175169328522776,0.5376161128838872,0.4092851476893534,0.0006186018837746885,0.012198432804631558,0.01667362712938639,0.5081254510660946,,M2;M4;M6;M15;Y4;Y11-Y12,2.0,144.0,6,aP,True,United_States,/home/ctm/pertussis_transmission_analysis/outputs/calibrations/United_States_calibrated_config.yaml,current,fitted_parameters_and_state_only,e07d2d9623bba63452e5939f83db5c87901a902d0a71c99df08b4ecdc3550c54,c36eefa5b9e490f39c68369d7b2ec545f1003c465b2d7a3d65a4f58b53b37bf6,True,state_reconstruction_accepted,40.89230041380155,40.556935818834134,True,United_States,USA,1,contact_reduction_mean,United_States,USA,2025,2025,True,False,nearest_past_year,2024,low_detected_model_anchor,https://www.cdc.gov/pertussis/hcp/antibiotic-resistance/index.html; https://www.health.state.mn.us/diseases/reportable/dcn/pertussis.html; https://trace.ncbi.nlm.nih.gov/Traces/sra-db-be/runinfo?acc=SRR32181461%2CSRR32181462; https://doi.org/10.1128/jcm.01064-25; https://pubmed.ncbi.nlm.nih.gov/41802571/; https://www.paho.org/en/news/26-8-2025-paho-calls-strengthened-vaccination-and-surveillance-amid-spread-antibiotic,"CDC states reported MRBP infections remain rare in the United States and recommends continued surveillance. Minnesota's 2024 annual report states 12 erythromycin-resistant B. pertussis cases have been identified nationally, including one Minnesota case in 2024. Public SRA metadata show SRR32181461 and SRR32181462 are ONT and Illumina WGS runs for the same Minnesota BioSample SAMN46491808/sample MDH-25-000001, not independent cases. Global genomic analyses assigned the 2024 USA evidence to MT28-ptxP3-MRBP/A2047G or MR-MT28 emergence, and PAHO reported resistant pertussis cases in the United States since 2024. No population-based national resistant fraction or denominator was located; use a conservative low detected anchor pending surveillance.",United_States,USA,3,relative_detection_prior_mean,True,0.0,prospective_policy,0.3333526340624002,1.5816727752299738e-16,United_States,current,1.5,"infant_0_2m,infant_3_11m","child_1_4y,child_5_9y,adolescent_10_17y,young_adult_18_39y,middle_adult_40_64y",1.4343588639311122,83.90058103990127,82.90058103990127,0.25,calibrated_country_scenario_analysis,,
infant_contact_sensitivity,maternal_immunization_infant_contact_x0.75,symptom_protective,country_timeline,maternal_immunization,2027-01-01,2032-01-01,2027,2032,18173408.523512356,100366720.64943841,1738182.2294812636,426089.52717180696,999956.5293606567,3030786.0508645624,2861302.728469179,6318178.306505548,32340385.922734268,1202329.762532844,1078.4997445088252,1031.9256751189746,1035.3809795952716,131928.4770306889,96176199.729134,0.9582479043532657,0.01,0.9987803127878075,352348528.96698123,3540319.7461403175,34180110.511135876,32987003.538374286,70707433.79565048,4.999418194761015,5697.676733864639,98.67414601223972,2407.348170345925,5649.619077380407,1773.6272422869088,1735.0079755319312,1787.3406635497445,9148.726742180923,340.12539237114567,0.612249046497194,5.8302404248696105,2.9289748362928263,37.32106316694873,29480.5176118944,1049421.017887314,713993.9676321928,713993.9676321928,284586.7674996212,1170.0,1826.0,2,3.2054794520547945,0.8232804331178984,0.18107006392077474,5.5227240679471965,0.6078422725624469,0.47440283191722304,0.000679412497166431,0.011421539388803258,0.015609549462671951,0.5801317712138054,,M2;M4;M6;M15;Y4;Y11-Y12,2.0,144.0,6,aP,True,United_States,/home/ctm/pertussis_transmission_analysis/outputs/calibrations/United_States_calibrated_config.yaml,current,fitted_parameters_and_state_only,e07d2d9623bba63452e5939f83db5c87901a902d0a71c99df08b4ecdc3550c54,c36eefa5b9e490f39c68369d7b2ec545f1003c465b2d7a3d65a4f58b53b37bf6,True,state_reconstruction_accepted,40.89230041380155,40.556935818834134,True,United_States,USA,1,contact_reduction_mean,United_States,USA,2025,2025,True,False,nearest_past_year,2024,low_detected_model_anchor,https://www.cdc.gov/pertussis/hcp/antibiotic-resistance/index.html; https://www.health.state.mn.us/diseases/reportable/dcn/pertussis.html; https://trace.ncbi.nlm.nih.gov/Traces/sra-db-be/runinfo?acc=SRR32181461%2CSRR32181462; https://doi.org/10.1128/jcm.01064-25; https://pubmed.ncbi.nlm.nih.gov/41802571/; https://www.paho.org/en/news/26-8-2025-paho-calls-strengthened-vaccination-and-surveillance-amid-spread-antibiotic,"CDC states reported MRBP infections remain rare in the United States and recommends continued surveillance. Minnesota's 2024 annual report states 12 erythromycin-resistant B. pertussis cases have been identified nationally, including one Minnesota case in 2024. Public SRA metadata show SRR32181461 and SRR32181462 are ONT and Illumina WGS runs for the same Minnesota BioSample SAMN46491808/sample MDH-25-000001, not independent cases. Global genomic analyses assigned the 2024 USA evidence to MT28-ptxP3-MRBP/A2047G or MR-MT28 emergence, and PAHO reported resistant pertussis cases in the United States since 2024. No population-based national resistant fraction or denominator was located; use a conservative low detected anchor pending surveillance.",United_States,USA,3,relative_detection_prior_mean,True,0.0,prospective_policy,,,United_States,maternal_immunization,0.75,"infant_0_2m,infant_3_11m","child_1_4y,child_5_9y,adolescent_10_17y,young_adult_18_39y,middle_adult_40_64y",1.4343588639311122,68.79320684211892,67.79320684211892,0.25,calibrated_country_scenario_analysis,True,False
infant_contact_sensitivity,maternal_immunization_infant_contact_x1.00,symptom_protective,country_timeline,maternal_immunization,2027-01-01,2032-01-01,2027,2032,18399751.37207569,101238471.28674218,1816576.3194348984,543170.643346583,1283542.7070853044,3056361.265995873,2869791.0037911385,6469322.913133595,32787307.9011664,1277329.8812886795,1377.2558265265577,1330.3379916713247,1333.8311424651174,162888.76219091652,97017756.50598338,0.9583091810147519,0.01,0.9986771405027298,352348528.966727,3540319.746152901,34180110.51174301,32987003.538186498,70707433.79608242,4.999418194761015,5747.16478420816,103.12446758814232,3068.8406333773137,7251.842606790388,1788.593953043352,1740.1550105743697,1830.0977508503267,9275.155878298428,361.3420715318765,0.7818486475008137,7.516229632391113,3.7732563463231847,46.07937512582688,30266.91004551628,1085608.463908339,724466.5846742607,724466.5846742607,292178.11591523053,1170.0,1826.0,2,3.1232876712328768,0.8225933404159128,0.18174663384595433,5.5021651781874805,0.6079376851463424,0.4734121612954933,0.000884074418135165,0.01179206383886392,0.016111158589543186,0.5791503882998001,,M2;M4;M6;M15;Y4;Y11-Y12,2.0,144.0,6,aP,True,United_States,/home/ctm/pertussis_transmission_analysis/outputs/calibrations/United_States_calibrated_config.yaml,current,fitted_parameters_and_state_only,e07d2d9623bba63452e5939f83db5c87901a902d0a71c99df08b4ecdc3550c54,c36eefa5b9e490f39c68369d7b2ec545f1003c465b2d7a3d65a4f58b53b37bf6,True,state_reconstruction_accepted,40.89230041380155,40.556935818834134,True,United_States,USA,1,contact_reduction_mean,United_States,USA,2025,2025,True,False,nearest_past_year,2024,low_detected_model_anchor,https://www.cdc.gov/pertussis/hcp/antibiotic-resistance/index.html; https://www.health.state.mn.us/diseases/reportable/dcn/pertussis.html; https://trace.ncbi.nlm.nih.gov/Traces/sra-db-be/runinfo?acc=SRR32181461%2CSRR32181462; https://doi.org/10.1128/jcm.01064-25; https://pubmed.ncbi.nlm.nih.gov/41802571/; https://www.paho.org/en/news/26-8-2025-paho-calls-strengthened-vaccination-and-surveillance-amid-spread-antibiotic,"CDC states reported MRBP infections remain rare in the United States and recommends continued surveillance. Minnesota's 2024 annual report states 12 erythromycin-resistant B. pertussis cases have been identified nationally, including one Minnesota case in 2024. Public SRA metadata show SRR32181461 and SRR32181462 are ONT and Illumina WGS runs for the same Minnesota BioSample SAMN46491808/sample MDH-25-000001, not independent cases. Global genomic analyses assigned the 2024 USA evidence to MT28-ptxP3-MRBP/A2047G or MR-MT28 emergence, and PAHO reported resistant pertussis cases in the United States since 2024. No population-based national resistant fraction or denominator was located; use a conservative low detected anchor pending surveillance.",United_States,USA,3,relative_detection_prior_mean,True,0.0,prospective_policy,,,United_States,maternal_immunization,1.0,"infant_0_2m,infant_3_11m","child_1_4y,child_5_9y,adolescent_10_17y,young_adult_18_39y,middle_adult_40_64y",1.4343588639311122,71.89586245210046,70.89586245210046,0.25,calibrated_country_scenario_analysis,True,False
infant_contact_sensitivity,maternal_immunization_infant_contact_x1.25,symptom_protective,country_timeline,maternal_immunization,2027-01-01,2032-01-01,2027,2032,18613550.191567652,102065555.42571405,1890642.4671368576,653749.3436568464,1554383.2880209347,3080132.4283359842,2877887.191946412,6611768.963939243,33211347.352005813,1348175.9564832265,1666.2340935504474,1618.991210717345,1622.5191939251554,192269.85794369027,97812517.2327136,0.9583303282359942,0.01,0.9985616129600537,352348528.9665408,3540319.746162569,34180110.512200676,32987003.538068097,70707433.79643135,4.999418194761015,5794.1171806338525,107.32909800551357,3693.595326675752,8782.055239065154,1802.5049254200794,1745.0642957398452,1870.3941158080845,9395.111808056956,381.3836190939437,0.9458975212676142,9.147081259592907,4.589921955311647,54.39095239209257,31033.188028981232,1119829.5473313457,734614.8272514716,734614.8272514716,299575.29181242746,1140.0,1826.0,1,,0.8219617546536516,0.1823685778608737,5.483400768540759,0.6080543987006091,0.47248219358779053,0.0010856543594920328,0.012141922699246459,0.01658546716896542,0.5782413544729051,,M2;M4;M6;M15;Y4;Y11-Y12,2.0,144.0,6,aP,True,United_States,/home/ctm/pertussis_transmission_analysis/outputs/calibrations/United_States_calibrated_config.yaml,current,fitted_parameters_and_state_only,e07d2d9623bba63452e5939f83db5c87901a902d0a71c99df08b4ecdc3550c54,c36eefa5b9e490f39c68369d7b2ec545f1003c465b2d7a3d65a4f58b53b37bf6,True,state_reconstruction_accepted,40.89230041380155,40.556935818834134,True,United_States,USA,1,contact_reduction_mean,United_States,USA,2025,2025,True,False,nearest_past_year,2024,low_detected_model_anchor,https://www.cdc.gov/pertussis/hcp/antibiotic-resistance/index.html; https://www.health.state.mn.us/diseases/reportable/dcn/pertussis.html; https://trace.ncbi.nlm.nih.gov/Traces/sra-db-be/runinfo?acc=SRR32181461%2CSRR32181462; https://doi.org/10.1128/jcm.01064-25; https://pubmed.ncbi.nlm.nih.gov/41802571/; https://www.paho.org/en/news/26-8-2025-paho-calls-strengthened-vaccination-and-surveillance-amid-spread-antibiotic,"CDC states reported MRBP infections remain rare in the United States and recommends continued surveillance. Minnesota's 2024 annual report states 12 erythromycin-resistant B. pertussis cases have been identified nationally, including one Minnesota case in 2024. Public SRA metadata show SRR32181461 and SRR32181462 are ONT and Illumina WGS runs for the same Minnesota BioSample SAMN46491808/sample MDH-25-000001, not independent cases. Global genomic analyses assigned the 2024 USA evidence to MT28-ptxP3-MRBP/A2047G or MR-MT28 emergence, and PAHO reported resistant pertussis cases in the United States since 2024. No population-based national resistant fraction or denominator was located; use a conservative low detected anchor pending surveillance.",United_States,USA,3,relative_detection_prior_mean,True,0.0,prospective_policy,,,United_States,maternal_immunization,1.25,"infant_0_2m,infant_3_11m","child_1_4y,child_5_9y,adolescent_10_17y,young_adult_18_39y,middle_adult_40_64y",1.4343588639311122,74.82722818148824,73.82722818148824,0.25,calibrated_country_scenario_analysis,True,False
infant_contact_sensitivity,maternal_immunization_infant_contact_x1.50,symptom_protective,country_timeline,maternal_immunization,2027-01-01,2032-01-01,2027,2032,18823079.427026503,102874719.00419065,1962943.6736989983,761461.44545352,1814289.7084040476,3103557.2832558695,2885961.9291383736,6750980.657847763,33621932.30547346,1417305.3390470666,1951.813739883417,1904.2474267965883,1907.8121745879916,221212.85713172005,98587143.44789231,0.9583223594892766,0.01,0.9984350967378014,352348528.96642715,3540319.746168323,34180110.5124767,32987003.53799096,70707433.79663597,4.999418194761015,5840.052252192828,111.4335352113722,4302.154126280261,10250.491343825663,1816.213237418852,1749.9605736837423,1909.7755180503218,9511.261613806624,400.93953386870095,1.1080170461513217,10.758740279715944,5.396983295798763,62.578597131221294,32016.79228455754,1153175.4217062527,744712.7494131136,744712.7494131136,309070.40174486313,1140.0,1826.0,1,,0.8213479992890335,0.18297089517454462,5.4653500986922126,0.6081066213345289,0.47159865010388635,0.0012845369950027115,0.012447824755902948,0.01700139162968357,0.5773728679539396,,M2;M4;M6;M15;Y4;Y11-Y12,2.0,144.0,6,aP,True,United_States,/home/ctm/pertussis_transmission_analysis/outputs/calibrations/United_States_calibrated_config.yaml,current,fitted_parameters_and_state_only,e07d2d9623bba63452e5939f83db5c87901a902d0a71c99df08b4ecdc3550c54,c36eefa5b9e490f39c68369d7b2ec545f1003c465b2d7a3d65a4f58b53b37bf6,True,state_reconstruction_accepted,40.89230041380155,40.556935818834134,True,United_States,USA,1,contact_reduction_mean,United_States,USA,2025,2025,True,False,nearest_past_year,2024,low_detected_model_anchor,https://www.cdc.gov/pertussis/hcp/antibiotic-resistance/index.html; https://www.health.state.mn.us/diseases/reportable/dcn/pertussis.html; https://trace.ncbi.nlm.nih.gov/Traces/sra-db-be/runinfo?acc=SRR32181461%2CSRR32181462; https://doi.org/10.1128/jcm.01064-25; https://pubmed.ncbi.nlm.nih.gov/41802571/; https://www.paho.org/en/news/26-8-2025-paho-calls-strengthened-vaccination-and-surveillance-amid-spread-antibiotic,"CDC states reported MRBP infections remain rare in the United States and recommends continued surveillance. Minnesota's 2024 annual report states 12 erythromycin-resistant B. pertussis cases have been identified nationally, including one Minnesota case in 2024. Public SRA metadata show SRR32181461 and SRR32181462 are ONT and Illumina WGS runs for the same Minnesota BioSample SAMN46491808/sample MDH-25-000001, not independent cases. Global genomic analyses assigned the 2024 USA evidence to MT28-ptxP3-MRBP/A2047G or MR-MT28 emergence, and PAHO reported resistant pertussis cases in the United States since 2024. No population-based national resistant fraction or denominator was located; use a conservative low detected anchor pending surveillance.",United_States,USA,3,relative_detection_prior_mean,True,0.0,prospective_policy,,,United_States,maternal_immunization,1.5,"infant_0_2m,infant_3_11m","child_1_4y,child_5_9y,adolescent_10_17y,young_adult_18_39y,middle_adult_40_64y",1.4343588639311122,77.6887416486339,76.6887416486339,0.25,calibrated_country_scenario_analysis,True,False
infant_contact_sensitivity,current_infant_contact_x0.75,symptom_protective,country_timeline,current,2027-01-01,2032-01-01,2027,2032,7206547.37849647,37036641.562282324,727852.7543666547,198705.39638642457,424958.14860664745,1200854.9093253766,1257976.4739873752,2657536.779699176,12829913.660236664,513854.60035468714,637.5121838479926,626.0749962654787,627.3734540444784,65479.130149168675,14408117.175184565,0.3890233176503136,0.009999999999999998,0.9766819206366177,215691107.46559918,2283801.096112722,22934711.414093107,22511161.083786596,47729673.59399242,4.999418194761015,3434.6294681749587,67.49814273618952,1740.3312484924504,3721.93185877751,1047.3161284987616,1117.7769692110555,1113.7080349884932,5376.699972984623,215.34377307681012,0.5912032086610056,5.483383439580537,2.629167212454954,27.44068640112716,15466.463565095217,427262.5955617889,1459201.1116558407,1459201.1116558407,91396.67547758155,360.0,1530.0,1,,0.8109916046479906,0.1945788568970987,5.13930452643599,0.43944036404616993,0.3187660088619024,0.0004972729525197416,0.011105407265042699,0.015125543700767338,0.4127121401278402,,M2;M4;M6;M15;Y4,2.0,48.0,5,wP,True,Brazil,/home/ctm/pertussis_transmission_analysis/outputs/calibrations/Brazil_calibrated_config.yaml,current,fitted_parameters_and_state_only,e07d2d9623bba63452e5939f83db5c87901a902d0a71c99df08b4ecdc3550c54,c36eefa5b9e490f39c68369d7b2ec545f1003c465b2d7a3d65a4f58b53b37bf6,True,state_reconstruction_accepted,35.765464842101466,33.059282137577966,True,Brazil,BRA,1,contact_reduction_mean,Brazil,BRA,2025,2025,True,False,exact_year,2025,low_detected_model_anchor,https://www.paho.org/en/news/26-8-2025-paho-calls-strengthened-vaccination-and-surveillance-amid-spread-antibiotic,"PAHO reported antibiotic-resistant pertussis cases detected in Brazil since 2024, but no public national resistant fraction or denominator was located, so keep a conservative low detected anchor pending numeric reporting.",Brazil,BRA,3,relative_detection_prior_mean,True,0.0,prospective_policy,0.25002106078282293,1.533158425482539e-16,Brazil,current,0.75,"infant_0_2m,infant_3_11m","child_1_4y,child_5_9y,adolescent_10_17y,young_adult_18_39y,middle_adult_40_64y",0.8601273820862417,78.47458892945899,77.47458892945899,0.25,calibrated_country_scenario_analysis,,
infant_contact_sensitivity,current_infant_contact_x1.00,symptom_protective,country_timeline,current,2027-01-01,2032-01-01,2027,2032,7352195.364222372,37717995.49691461,756304.0452779372,227685.02534059662,488791.5715260558,1226191.966593719,1273188.125087429,2727065.1170217446,13097732.729467448,538734.2265354465,731.695595892836,720.0540917754802,721.387565410658,74110.57283541696,14674385.483937798,0.3890552849007627,0.009999999999999998,0.9757930757786146,215691107.46522132,2283801.0961124045,22934711.414461225,22511161.083374534,47729673.59394816,4.999418194761015,3497.815497027941,70.13660124792392,1994.1449584162485,4281.007267021372,1069.4136429438056,1131.2933056775632,1142.8456441195758,5488.936330959978,225.77020999284576,0.6785451243373772,6.30648517509264,3.02315713587349,31.0579108725725,15896.049585971397,441281.19875602593,1490606.1678370442,1490606.1678370442,93935.24765808886,360.0,1530.0,1,,0.8105799336312051,0.1949254001269445,5.130167742883962,0.4399598713570767,0.31865015986861356,0.0005649039987212097,0.011315065388584677,0.015409193534732565,0.41267070843503834,,M2;M4;M6;M15;Y4,2.0,48.0,5,wP,True,Brazil,/home/ctm/pertussis_transmission_analysis/outputs/calibrations/Brazil_calibrated_config.yaml,current,fitted_parameters_and_state_only,e07d2d9623bba63452e5939f83db5c87901a902d0a71c99df08b4ecdc3550c54,c36eefa5b9e490f39c68369d7b2ec545f1003c465b2d7a3d65a4f58b53b37bf6,True,state_reconstruction_accepted,35.765464842101466,33.059282137577966,True,Brazil,BRA,1,contact_reduction_mean,Brazil,BRA,2025,2025,True,False,exact_year,2025,low_detected_model_anchor,https://www.paho.org/en/news/26-8-2025-paho-calls-strengthened-vaccination-and-surveillance-amid-spread-antibiotic,"PAHO reported antibiotic-resistant pertussis cases detected in Brazil since 2024, but no public national resistant fraction or denominator was located, so keep a conservative low detected anchor pending numeric reporting.",Brazil,BRA,3,relative_detection_prior_mean,True,0.0,prospective_policy,2.8141735141323725e-05,1.480345728618647e-16,Brazil,current,1.0,"infant_0_2m,infant_3_11m","child_1_4y,child_5_9y,adolescent_10_17y,young_adult_18_39y,middle_adult_40_64y",0.8601273820862417,81.54210958591665,80.54210958591665,0.25,calibrated_country_scenario_analysis,,
infant_contact_sensitivity,current_infant_contact_x1.25,symptom_protective,country_timeline,current,2027-01-01,2032-01-01,2027,2032,7511605.580416922,38469929.13171249,786536.2295533819,257518.83788215974,554701.717098661,1254479.3124817028,1289991.7871445,2801989.937508363,13390470.762982573,565002.3889941864,829.469982420374,817.6030688401664,818.9757020104573,83033.07061094853,14962576.865814969,0.38894214789391557,0.009999999999999998,0.9747926640118061,215691107.47047552,2283801.0960633,22934711.4089419,22511161.089402728,47729673.59440793,4.999418194761015,3567.546803864484,72.94021265959842,2255.439906523349,4858.271337547139,1094.0842285962021,1146.224225649763,1174.2447860631469,5611.615611419862,236.77854816980945,0.7692171655824434,7.160853179998836,3.4321249163847676,34.79710934380485,16382.37757085629,456277.73149434465,1525241.0574975468,1525241.0574975468,96809.12770568416,360.0,1500.0,1,,0.8101791510897866,0.1952591478580284,5.121398976539083,0.44052646864142453,0.31856135723231377,0.000632399948796364,0.01152765939086435,0.015697106268324285,0.4126693030334395,,M2;M4;M6;M15;Y4,2.0,48.0,5,wP,True,Brazil,/home/ctm/pertussis_transmission_analysis/outputs/calibrations/Brazil_calibrated_config.yaml,current,fitted_parameters_and_state_only,e07d2d9623bba63452e5939f83db5c87901a902d0a71c99df08b4ecdc3550c54,c36eefa5b9e490f39c68369d7b2ec545f1003c465b2d7a3d65a4f58b53b37bf6,True,state_reconstruction_accepted,35.765464842101466,33.059282137577966,True,Brazil,BRA,1,contact_reduction_mean,Brazil,BRA,2025,2025,True,False,exact_year,2025,low_detected_model_anchor,https://www.paho.org/en/news/26-8-2025-paho-calls-strengthened-vaccination-and-surveillance-amid-spread-antibiotic,"PAHO reported antibiotic-resistant pertussis cases detected in Brazil since 2024, but no public national resistant fraction or denominator was located, so keep a conservative low detected anchor pending numeric reporting.",Brazil,BRA,3,relative_detection_prior_mean,True,0.0,prospective_policy,0.20000149948104196,1.3313743458744446e-16,Brazil,current,1.25,"infant_0_2m,infant_3_11m","child_1_4y,child_5_9y,adolescent_10_17y,young_adult_18_39y,middle_adult_40_64y",0.8601273820862417,84.8016400578734,83.8016400578734,0.25,calibrated_country_scenario_analysis,,
infant_contact_sensitivity,current_infant_contact_x1.50,symptom_protective,country_timeline,current,2027-01-01,2032-01-01,2027,2032,7683948.338334435,39288035.01271906,818497.6703216371,288242.82487065694,622797.8134162033,1285569.0508844098,1308237.395776189,2882049.271531256,13706701.690072795,592634.1236291217,931.0649585252058,918.9530874980604,920.3688577891373,92258.90845394928,15267633.983685683,0.3886077269770035,0.009999999999999998,0.9736420543454839,215691107.47044697,2283801.0960569647,22934711.40892235,22511161.089406915,47729673.59438623,4.999418194761015,3643.4146592752263,75.90418837865126,2524.531313245501,5454.680727943737,1121.198898499759,1162.4363898150723,1207.7956758415755,5744.140183462092,248.35832577390832,0.8634322682541927,8.048512034370692,3.857038592634326,38.66343014647355,16927.416368829414,472214.7540581511,1563114.3262953463,1563114.3262953463,100029.95022482706,360.0,1500.0,1,,0.8097897384872734,0.19557985874953643,5.11300093165841,0.4411345424661557,0.31849638553881016,0.0006997535406291012,0.011742593980955115,0.015988488290570868,0.4127037066540007,,M2;M4;M6;M15;Y4,2.0,48.0,5,wP,True,Brazil,/home/ctm/pertussis_transmission_analysis/outputs/calibrations/Brazil_calibrated_config.yaml,current,fitted_parameters_and_state_only,e07d2d9623bba63452e5939f83db5c87901a902d0a71c99df08b4ecdc3550c54,c36eefa5b9e490f39c68369d7b2ec545f1003c465b2d7a3d65a4f58b53b37bf6,True,state_reconstruction_accepted,35.765464842101466,33.059282137577966,True,Brazil,BRA,1,contact_reduction_mean,Brazil,BRA,2025,2025,True,False,exact_year,2025,low_detected_model_anchor,https://www.paho.org/en/news/26-8-2025-paho-calls-strengthened-vaccination-and-surveillance-amid-spread-antibiotic,"PAHO reported antibiotic-resistant pertussis cases detected in Brazil since 2024, but no public national resistant fraction or denominator was located, so keep a conservative low detected anchor pending numeric reporting.",Brazil,BRA,3,relative_detection_prior_mean,True,0.0,prospective_policy,0.33333458290086815,1.7171353501903397e-16,Brazil,current,1.5,"infant_0_2m,infant_3_11m","child_1_4y,child_5_9y,adolescent_10_17y,young_adult_18_39y,middle_adult_40_64y",0.8601273820862417,88.24761303906568,87.24761303906568,0.25,calibrated_country_scenario_analysis,,
infant_contact_sensitivity,maternal_immunization_infant_contact_x0.75,symptom_protective,country_timeline,maternal_immunization,2027-01-01,2032-01-01,2027,2032,5718806.43527231,30479097.197655305,570298.9652476979,124377.21789136274,274857.3331099578,1011426.32959567,1091645.6711409334,2227449.2186279665,10827212.042680768,408461.3728840004,309.28920334189195,299.95334367515113,301.0246861201505,39485.54252857246,10926382.103578586,0.35848772136266327,0.009999999999999998,0.9741039475146875,215691107.467733,2283801.0960963,22934711.411876652,22511161.086216282,47729673.594189234,4.999418194761015,2826.509126680898,52.88723677594016,1089.3391062087812,2407.296502213555,882.1074882987414,969.9834733322889,933.4689593968244,4537.41718290461,171.17607418888116,0.2868223918709025,2.627096126147676,1.2615201197646937,16.547415755708766,12165.745417552609,341440.68953948095,1202712.5452064197,1202712.5452064197,71891.59184335396,360.0,1530.0,1,,0.8185059110302866,0.18763044056673195,5.329625603284472,0.5442829659802213,0.4130870405519888,0.000571212039269391,0.010995168643062178,0.01497231366947386,0.5177442716284159,,M2;M4;M6;M15;Y4,2.0,48.0,5,wP,True,Brazil,/home/ctm/pertussis_transmission_analysis/outputs/calibrations/Brazil_calibrated_config.yaml,current,fitted_parameters_and_state_only,e07d2d9623bba63452e5939f83db5c87901a902d0a71c99df08b4ecdc3550c54,c36eefa5b9e490f39c68369d7b2ec545f1003c465b2d7a3d65a4f58b53b37bf6,True,state_reconstruction_accepted,35.765464842101466,33.059282137577966,True,Brazil,BRA,1,contact_reduction_mean,Brazil,BRA,2025,2025,True,False,exact_year,2025,low_detected_model_anchor,https://www.paho.org/en/news/26-8-2025-paho-calls-strengthened-vaccination-and-surveillance-amid-spread-antibiotic,"PAHO reported antibiotic-resistant pertussis cases detected in Brazil since 2024, but no public national resistant fraction or denominator was located, so keep a conservative low detected anchor pending numeric reporting.",Brazil,BRA,3,relative_detection_prior_mean,True,0.0,prospective_policy,,,Brazil,maternal_immunization,0.75,"infant_0_2m,infant_3_11m","child_1_4y,child_5_9y,adolescent_10_17y,young_adult_18_39y,middle_adult_40_64y",0.8601273820862417,61.48767947331475,60.48767947331475,0.25,calibrated_country_scenario_analysis,True,False
infant_contact_sensitivity,maternal_immunization_infant_contact_x1.00,symptom_protective,country_timeline,maternal_immunization,2027-01-01,2032-01-01,2027,2032,5856947.496886689,31113953.805954315,603123.9901579247,163831.50854816733,365622.1195924352,1033576.961783084,1105840.0998634123,2303248.570194664,11100279.622530594,438413.8975807204,405.3246056594662,395.8005037545239,396.9020762388204,50039.64784027262,11196649.103019273,0.3598594114026279,0.009999999999999998,0.9738576513713983,215691107.46709734,2283801.0961019974,22934711.41254271,22511161.085488226,47729673.59413294,4.999418194761015,2885.3831801383617,55.93129782196239,1434.893561022844,3202.2461968386615,901.4259872589199,982.5959552693074,965.2345957313032,4651.853062065374,183.72843759479525,0.37588176898373693,3.4665590234737382,1.6633185842851255,20.970380652210782,12515.614442578173,357152.62697161874,1231664.8454989982,1231664.8454989982,73959.0887602982,360.0,1530.0,1,,0.8178047308903872,0.1882418265905453,5.312315642660824,0.5450328154025719,0.412772712799903,0.0007509872785852236,0.011347821907627306,0.015447604528051374,0.517486401688308,,M2;M4;M6;M15;Y4,2.0,48.0,5,wP,True,Brazil,/home/ctm/pertussis_transmission_analysis/outputs/calibrations/Brazil_calibrated_config.yaml,current,fitted_parameters_and_state_only,e07d2d9623bba63452e5939f83db5c87901a902d0a71c99df08b4ecdc3550c54,c36eefa5b9e490f39c68369d7b2ec545f1003c465b2d7a3d65a4f58b53b37bf6,True,state_reconstruction_accepted,35.765464842101466,33.059282137577966,True,Brazil,BRA,1,contact_reduction_mean,Brazil,BRA,2025,2025,True,False,exact_year,2025,low_detected_model_anchor,https://www.paho.org/en/news/26-8-2025-paho-calls-strengthened-vaccination-and-surveillance-amid-spread-antibiotic,"PAHO reported antibiotic-resistant pertussis cases detected in Brazil since 2024, but no public national resistant fraction or denominator was located, so keep a conservative low detected anchor pending numeric reporting.",Brazil,BRA,3,relative_detection_prior_mean,True,0.0,prospective_policy,,,Brazil,maternal_immunization,1.0,"infant_0_2m,infant_3_11m","child_1_4y,child_5_9y,adolescent_10_17y,young_adult_18_39y,middle_adult_40_64y",0.8601273820862417,65.02676113658984,64.02676113658984,0.25,calibrated_country_scenario_analysis,True,False
infant_contact_sensitivity,maternal_immunization_infant_contact_x1.25,symptom_protective,country_timeline,maternal_immunization,2027-01-01,2032-01-01,2027,2032,5993153.537519127,31738208.20828609,635942.5363130743,203609.86768627755,457602.7734623401,1055255.489226155,1119646.0822430148,2378511.4391554478,11370252.696103342,468424.59207898995,502.99419210765546,493.2857378468368,494.41692461448724,60689.73295992473,11456735.332613997,0.3609761224523984,0.009999999999999998,0.9735996017686179,215691107.46662167,2283801.09610554,22934711.413035624,22511161.08494751,47729673.59408868,4.999418194761015,2943.274027571346,58.974758054219606,1783.2863207592545,4007.844882617566,920.3327437993653,994.863282591601,996.775405454211,4764.992110065078,196.3051785279824,0.46645662286101713,4.32036874501238,2.071979231981407,25.433568315953416,12867.685788372562,372833.5342006645,1260503.7626050345,1260503.7626050345,76039.59995141334,360.0,1530.0,1,,0.8171249227976076,0.18883087218371883,5.295744220399893,0.5457518894713992,0.4124466327953598,0.0009298396007727912,0.011694043978938834,0.0159144387433779,0.5172135671483097,,M2;M4;M6;M15;Y4,2.0,48.0,5,wP,True,Brazil,/home/ctm/pertussis_transmission_analysis/outputs/calibrations/Brazil_calibrated_config.yaml,current,fitted_parameters_and_state_only,e07d2d9623bba63452e5939f83db5c87901a902d0a71c99df08b4ecdc3550c54,c36eefa5b9e490f39c68369d7b2ec545f1003c465b2d7a3d65a4f58b53b37bf6,True,state_reconstruction_accepted,35.765464842101466,33.059282137577966,True,Brazil,BRA,1,contact_reduction_mean,Brazil,BRA,2025,2025,True,False,exact_year,2025,low_detected_model_anchor,https://www.paho.org/en/news/26-8-2025-paho-calls-strengthened-vaccination-and-surveillance-amid-spread-antibiotic,"PAHO reported antibiotic-resistant pertussis cases detected in Brazil since 2024, but no public national resistant fraction or denominator was located, so keep a conservative low detected anchor pending numeric reporting.",Brazil,BRA,3,relative_detection_prior_mean,True,0.0,prospective_policy,,,Brazil,maternal_immunization,1.25,"infant_0_2m,infant_3_11m","child_1_4y,child_5_9y,adolescent_10_17y,young_adult_18_39y,middle_adult_40_64y",0.8601273820862417,68.56514428267141,67.56514428267141,0.25,calibrated_country_scenario_analysis,True,False
infant_contact_sensitivity,maternal_immunization_infant_contact_x1.50,symptom_protective,country_timeline,maternal_immunization,2027-01-01,2032-01-01,2027,2032,6127705.947859447,32352604.95606462,668721.4063409208,243600.59055894657,550560.6591488272,1076519.0781373568,1133142.152291442,2453261.8209877457,11637199.08526416,498448.36508776445,602.0914393106574,592.2018869636959,593.3621059506038,71407.89352225256,11706655.044465449,0.36184582540921456,0.009999999999999998,0.9733012748533388,215691107.4662697,2283801.096105916,22934711.413383603,22511161.084559895,47729673.5940494,4.999418194761015,3000.2507156896154,62.01453888167417,2133.539036241176,4822.002505894808,938.8776149802644,1006.8552368196526,1028.101444477683,4876.86274937314,208.8874003419425,0.5583554320140669,5.186710920009,2.4866340518865595,29.92528471656477,13220.35091782784,388472.4721693329,1289265.120384429,1289265.120384429,78123.62001531511,360.0,1530.0,1,,0.8164676258402731,0.1894037885413238,5.279725435807857,0.5464460385865398,0.41211349790700375,0.001107732542332184,0.012033717344326737,0.016372664330777154,0.5169319243691037,,M2;M4;M6;M15;Y4,2.0,48.0,5,wP,True,Brazil,/home/ctm/pertussis_transmission_analysis/outputs/calibrations/Brazil_calibrated_config.yaml,current,fitted_parameters_and_state_only,e07d2d9623bba63452e5939f83db5c87901a902d0a71c99df08b4ecdc3550c54,c36eefa5b9e490f39c68369d7b2ec545f1003c465b2d7a3d65a4f58b53b37bf6,True,state_reconstruction_accepted,35.765464842101466,33.059282137577966,True,Brazil,BRA,1,contact_reduction_mean,Brazil,BRA,2025,2025,True,False,exact_year,2025,low_detected_model_anchor,https://www.paho.org/en/news/26-8-2025-paho-calls-strengthened-vaccination-and-surveillance-amid-spread-antibiotic,"PAHO reported antibiotic-resistant pertussis cases detected in Brazil since 2024, but no public national resistant fraction or denominator was located, so keep a conservative low detected anchor pending numeric reporting.",Brazil,BRA,3,relative_detection_prior_mean,True,0.0,prospective_policy,,,Brazil,maternal_immunization,1.5,"infant_0_2m,infant_3_11m","child_1_4y,child_5_9y,adolescent_10_17y,young_adult_18_39y,middle_adult_40_64y",0.8601273820862417,72.09924968468938,71.09924968468938,0.25,calibrated_country_scenario_analysis,True,False
infant_contact_sensitivity,current_infant_contact_x0.75,symptom_protective,country_timeline,current,2027-01-01,2032-01-01,2027,2032,140064.97446268622,732327.3320951127,11872.946446793707,2584.2889163816794,5304.434974288301,16876.520082337152,23270.66240655059,42731.471405269425,205185.87023408888,7447.734034644744,9.642001770769609,9.336589045707193,9.354882106383563,910.0783362938088,397176.87771107326,0.5423488381551885,0.01,0.8908427019818888,71045565.67167513,528070.8277211917,5333185.07649948,5844172.634538109,11705428.53875878,4.999418194761015,206.181075331939,3.3427359030217305,97.88799252919411,200.92199747609084,63.29607481579633,79.64641695485952,73.01987128654862,350.62321379516214,12.72674594863457,0.02714630748196003,0.35365239271852356,0.15985695433476912,1.5551489520825508,1676.0960451809672,6575.095241606898,13746.230189885646,13746.230189885646,3262.443606847654,1826.0,1436.0,2,3.041095890410959,0.8051276011224234,0.19126006680916147,5.228482958744316,0.32268092804076015,0.23928750584643715,1.4054876903195613e-05,0.006972180805087164,0.009465144581529375,0.3062295477772405,,M2;M4;M6;Y1.5;Y4,2.0,48.0,5,wP,True,Thailand,/home/ctm/pertussis_transmission_analysis/outputs/calibrations/Thailand_calibrated_config.yaml,current,fitted_parameters_and_state_only,e07d2d9623bba63452e5939f83db5c87901a902d0a71c99df08b4ecdc3550c54,c36eefa5b9e490f39c68369d7b2ec545f1003c465b2d7a3d65a4f58b53b37bf6,True,state_reconstruction_accepted,23.271535511942638,22.994994979200612,True,Thailand,THA,1,contact_reduction_mean,Thailand,THA,2025,2025,True,False,exact_year,2025,low_imported_model_anchor,https://www.cdc.gov/pertussis/hcp/antibiotic-resistance/index.html,"No public Thailand-specific MRBP prevalence estimate was located in accessible surveillance material; CDC notes increasing MRBP globally, so keep a conservative low imported anchor pending numeric reporting.",Thailand,THA,3,relative_detection_prior_mean,True,0.0,prospective_policy,0.25001059259571873,1.6177673822097892e-16,Thailand,current,0.75,"infant_0_2m,infant_3_11m","child_1_4y,child_5_9y,adolescent_10_17y,young_adult_18_39y,middle_adult_40_64y",0.1976821449825874,16.90965010176398,15.90965010176398,0.25,calibrated_country_scenario_analysis,,
infant_contact_sensitivity,current_infant_contact_x1.00,symptom_protective,country_timeline,current,2027-01-01,2032-01-01,2027,2032,149298.4086941025,780644.938973327,12853.378179037318,3106.7883476919674,6398.318183913664,18031.12409609517,24724.5473584445,45862.459802231635,219560.92028335817,8150.229376500613,11.54603052317234,11.221556691902828,11.241155520904206,1078.5529485649577,443374.797200348,0.5679596127062027,0.01,0.9035442628422036,71045565.67047629,528070.8277960164,5333185.078433473,5844172.63346864,11705428.539698128,4.999418194761015,219.7845224651102,3.6187688462548366,117.67928601085684,242.356231351456,67.62646409433364,84.62249908867555,78.37012864859494,375.18741129479054,13.927175461287195,0.032506952626125005,0.4250514137580405,0.19208974139875037,1.8430396820809893,1859.3304546834565,7063.769792651601,14311.894592910992,14311.894592910992,3619.100929351508,1826.0,1406.0,2,3.041095890410959,0.8048132223921105,0.1912500821313897,5.228755924470638,0.3231068622858308,0.23927243507795337,1.591089010184439e-05,0.007095563286172273,0.009631142316621408,0.30636424579293525,,M2;M4;M6;Y1.5;Y4,2.0,48.0,5,wP,True,Thailand,/home/ctm/pertussis_transmission_analysis/outputs/calibrations/Thailand_calibrated_config.yaml,current,fitted_parameters_and_state_only,e07d2d9623bba63452e5939f83db5c87901a902d0a71c99df08b4ecdc3550c54,c36eefa5b9e490f39c68369d7b2ec545f1003c465b2d7a3d65a4f58b53b37bf6,True,state_reconstruction_accepted,23.271535511942638,22.994994979200612,True,Thailand,THA,1,contact_reduction_mean,Thailand,THA,2025,2025,True,False,exact_year,2025,low_imported_model_anchor,https://www.cdc.gov/pertussis/hcp/antibiotic-resistance/index.html,"No public Thailand-specific MRBP prevalence estimate was located in accessible surveillance material; CDC notes increasing MRBP globally, so keep a conservative low imported anchor pending numeric reporting.",Thailand,THA,3,relative_detection_prior_mean,True,0.0,prospective_policy,4.086723819167002e-05,1.6177673822097892e-16,Thailand,current,1.0,"infant_0_2m,infant_3_11m","child_1_4y,child_5_9y,adolescent_10_17y,young_adult_18_39y,middle_adult_40_64y",0.1976821449825874,18.305997471716992,17.305997471716992,0.25,calibrated_country_scenario_analysis,,
infant_contact_sensitivity,current_infant_contact_x1.25,symptom_protective,country_timeline,current,2027-01-01,2032-01-01,2027,2032,160789.60821801808,840947.6356713801,14056.53211147428,3723.4828531503204,7693.021351486607,19474.14808209749,26533.570766161487,49731.2017014093,237431.5590853591,9006.214190395489,13.796352070865453,13.44809962052533,13.469331858752613,1278.0158031334533,501411.01921458734,0.5962452332888482,0.01,0.916114508531896,71045565.66956802,528070.8278594901,5333185.079890132,5844172.632835085,11705428.540584708,4.999418194761015,236.76227859702522,3.957507495966634,141.03851133124365,291.3971466620691,73.03858420935612,90.81408187864527,84.98106494287575,405.7248980884641,15.389888979532927,0.03884255825295329,0.5093886625819743,0.2301649922514066,2.183883361922214,2090.794453295436,7664.357292404278,14974.881789783387,14974.881789783387,4069.6349214566976,1826.0,1406.0,1,,0.8045010670787265,0.19120049976673026,5.230111852322702,0.3235692736483167,0.2392696656115449,1.77680163551052e-05,0.007222239847605114,0.009801646047614066,0.3065276197367425,,M2;M4;M6;Y1.5;Y4,2.0,48.0,5,wP,True,Thailand,/home/ctm/pertussis_transmission_analysis/outputs/calibrations/Thailand_calibrated_config.yaml,current,fitted_parameters_and_state_only,e07d2d9623bba63452e5939f83db5c87901a902d0a71c99df08b4ecdc3550c54,c36eefa5b9e490f39c68369d7b2ec545f1003c465b2d7a3d65a4f58b53b37bf6,True,state_reconstruction_accepted,23.271535511942638,22.994994979200612,True,Thailand,THA,1,contact_reduction_mean,Thailand,THA,2025,2025,True,False,exact_year,2025,low_imported_model_anchor,https://www.cdc.gov/pertussis/hcp/antibiotic-resistance/index.html,"No public Thailand-specific MRBP prevalence estimate was located in accessible surveillance material; CDC notes increasing MRBP globally, so keep a conservative low imported anchor pending numeric reporting.",Thailand,THA,3,relative_detection_prior_mean,True,0.0,prospective_policy,0.2000326937905533,1.6177673822097892e-16,Thailand,current,1.25,"infant_0_2m,infant_3_11m","child_1_4y,child_5_9y,adolescent_10_17y,young_adult_18_39y,middle_adult_40_64y",0.1976821449825874,20.019549546648367,19.019549546648367,0.25,calibrated_country_scenario_analysis,,
infant_contact_sensitivity,current_infant_contact_x1.50,symptom_protective,country_timeline,current,2027-01-01,2032-01-01,2027,2032,175050.8076860195,915941.8446167958,15536.958174435611,4463.288757868532,9250.386438861591,21271.21935423126,28773.814008031874,54508.32212013167,259589.150550624,10054.68145111025,16.499378755815574,16.12157003074923,16.14483963495134,1517.8378201311566,574007.1503377734,0.6266851478741227,0.01,0.9281252331066123,71045565.66878256,528070.8279047369,5333185.081162017,5844172.632035904,11705428.541102657,4.999418194761015,257.87631595289463,4.374309961582681,169.0609643776713,350.387200349303,79.7785730661783,98.48156226964066,93.14424553070602,443.58796300325974,17.181518002906127,0.046452720050597335,0.6106546819037133,0.27588427757830036,2.59369309300153,2381.798215698061,8403.517426763789,15750.157352804974,15750.157352804974,4636.060316251116,1826.0,1406.0,1,,0.804192148652197,0.19111563546838045,5.232434267082492,0.3240648123867632,0.23927745343935286,1.962838660609659e-05,0.007352107540637346,0.009976525580616657,0.30671655087890315,,M2;M4;M6;Y1.5;Y4,2.0,48.0,5,wP,True,Thailand,/home/ctm/pertussis_transmission_analysis/outputs/calibrations/Thailand_calibrated_config.yaml,current,fitted_parameters_and_state_only,e07d2d9623bba63452e5939f83db5c87901a902d0a71c99df08b4ecdc3550c54,c36eefa5b9e490f39c68369d7b2ec545f1003c465b2d7a3d65a4f58b53b37bf6,True,state_reconstruction_accepted,23.271535511942638,22.994994979200612,True,Thailand,THA,1,contact_reduction_mean,Thailand,THA,2025,2025,True,False,exact_year,2025,low_imported_model_anchor,https://www.cdc.gov/pertussis/hcp/antibiotic-resistance/index.html,"No public Thailand-specific MRBP prevalence estimate was located in accessible surveillance material; CDC notes increasing MRBP globally, so keep a conservative low imported anchor pending numeric reporting.",Thailand,THA,3,relative_detection_prior_mean,True,0.0,prospective_policy,0.33336057815879433,1.6177673822097892e-16,Thailand,current,1.5,"infant_0_2m,infant_3_11m","child_1_4y,child_5_9y,adolescent_10_17y,young_adult_18_39y,middle_adult_40_64y",0.1976821449825874,22.127997255230042,21.127997255230042,0.25,calibrated_country_scenario_analysis,,
infant_contact_sensitivity,maternal_immunization_infant_contact_x0.75,symptom_protective,country_timeline,maternal_immunization,2027-01-01,2032-01-01,2027,2032,57114.65155391195,307438.1234041862,4776.248012022055,820.1858449456582,1775.3150454846357,7296.643095788563,10172.504539919526,18289.33348065375,87214.83468830472,3045.4700014005152,2.041442840235027,1.9093434881006148,1.9172281023548354,266.58120955122473,80638.78696245364,0.2622927373793475,0.01,0.620263554000003,71045565.67059393,528070.8277989874,5333185.078229982,5844172.633845126,11705428.539874095,4.999418194761015,86.55681701941516,1.3447155500374395,31.067093675878255,67.24558728018707,27.36635662400002,34.816522366360935,31.25295555308607,149.03338904977448,5.204122867173237,0.00574752384061073,0.07232233202973658,0.032761743193870305,0.45553604794867264,412.28878166175224,2767.875111831295,5959.8317890407925,5959.8317890407925,802.5010880218954,1826.0,1826.0,2,2.958904109589041,0.8140753441975381,0.18577608697807402,5.382824109746825,0.4434340963430191,0.3486973105807709,0.00036274992583332607,0.006899724231959658,0.009368078609608343,0.42680354357561784,,M2;M4;M6;Y1.5;Y4,2.0,48.0,5,wP,True,Thailand,/home/ctm/pertussis_transmission_analysis/outputs/calibrations/Thailand_calibrated_config.yaml,current,fitted_parameters_and_state_only,e07d2d9623bba63452e5939f83db5c87901a902d0a71c99df08b4ecdc3550c54,c36eefa5b9e490f39c68369d7b2ec545f1003c465b2d7a3d65a4f58b53b37bf6,True,state_reconstruction_accepted,23.271535511942638,22.994994979200612,True,Thailand,THA,1,contact_reduction_mean,Thailand,THA,2025,2025,True,False,exact_year,2025,low_imported_model_anchor,https://www.cdc.gov/pertussis/hcp/antibiotic-resistance/index.html,"No public Thailand-specific MRBP prevalence estimate was located in accessible surveillance material; CDC notes increasing MRBP globally, so keep a conservative low imported anchor pending numeric reporting.",Thailand,THA,3,relative_detection_prior_mean,True,0.0,prospective_policy,,,Thailand,maternal_immunization,0.75,"infant_0_2m,infant_3_11m","child_1_4y,child_5_9y,adolescent_10_17y,young_adult_18_39y,middle_adult_40_64y",0.1976821449825874,6.802412783187309,5.802412783187309,0.25,calibrated_country_scenario_analysis,True,False
infant_contact_sensitivity,maternal_immunization_infant_contact_x1.00,symptom_protective,country_timeline,maternal_immunization,2027-01-01,2032-01-01,2027,2032,59357.900950137235,318942.45037864323,5091.220505569037,1093.3262790047456,2385.4061775447394,7583.531446428247,10523.083689831117,19199.94141526411,90986.05220355757,3300.9251163311874,2.6761179299561304,2.5394112567878433,2.5476336236769974,340.47337102962365,89321.52213174675,0.2800552953227321,0.01,0.6488230955514815,71045565.67044643,528070.8278213241,5333185.078451456,5844172.634055966,11705428.540328745,4.999418194761015,89.79577097181024,1.433393610484639,41.41313841980967,90.35468927725334,28.44234304723482,36.016418296901904,32.8090094854758,155.4776749172416,5.640646557726254,0.007534402286262321,0.09618811136407461,0.043534161858579765,0.5818035491911517,441.9695128868211,2922.574083534746,6224.442340261943,6224.442340261943,860.2732617023526,1826.0,1796.0,2,2.958904109589041,0.8135644917363049,0.18610849976122185,5.373209720582376,0.44375058741065754,0.34833052737880693,0.00046995061856993015,0.007102075051756621,0.00963978322955088,0.4265387785107801,,M2;M4;M6;Y1.5;Y4,2.0,48.0,5,wP,True,Thailand,/home/ctm/pertussis_transmission_analysis/outputs/calibrations/Thailand_calibrated_config.yaml,current,fitted_parameters_and_state_only,e07d2d9623bba63452e5939f83db5c87901a902d0a71c99df08b4ecdc3550c54,c36eefa5b9e490f39c68369d7b2ec545f1003c465b2d7a3d65a4f58b53b37bf6,True,state_reconstruction_accepted,23.271535511942638,22.994994979200612,True,Thailand,THA,1,contact_reduction_mean,Thailand,THA,2025,2025,True,False,exact_year,2025,low_imported_model_anchor,https://www.cdc.gov/pertussis/hcp/antibiotic-resistance/index.html,"No public Thailand-specific MRBP prevalence estimate was located in accessible surveillance material; CDC notes increasing MRBP globally, so keep a conservative low imported anchor pending numeric reporting.",Thailand,THA,3,relative_detection_prior_mean,True,0.0,prospective_policy,,,Thailand,maternal_immunization,1.0,"infant_0_2m,infant_3_11m","child_1_4y,child_5_9y,adolescent_10_17y,young_adult_18_39y,middle_adult_40_64y",0.1976821449825874,7.251001908194074,6.251001908194074,0.25,calibrated_country_scenario_analysis,True,False
infant_contact_sensitivity,maternal_immunization_infant_contact_x1.25,symptom_protective,country_timeline,maternal_immunization,2027-01-01,2032-01-01,2027,2032,61746.72138753863,331217.9637017271,5426.668256103296,1383.9587046920155,3035.742982442188,7889.761976379781,10896.456432424264,20170.17711349606,95012.65248514405,3573.0071477150786,3.351597634110814,3.209989894128113,3.218573023890083,419.1086841113297,98909.02227907363,0.298622155554777,0.01,0.6765290615383087,71045565.67128609,528070.8277913714,5333185.077068824,5844172.6353887115,11705428.540248906,4.999418194761015,93.25184645270315,1.5278363205674892,52.42174683675839,114.98822150366462,29.59087310926773,37.294327813234446,34.46695580637686,162.3583608525135,6.105582452905826,0.009436162956088939,0.12158836604592486,0.05499922660559531,0.7161761848718919,475.08558585143936,3086.804830514954,6496.124582443948,6496.124582443948,924.7321695641058,1826.0,1796.0,2,2.958904109589041,0.8130589061452624,0.18642322625696603,5.364138471788911,0.44407007801866594,0.34796940574527035,0.0005760684896896844,0.0073029024129807685,0.009909456022984129,0.4262816510930112,,M2;M4;M6;Y1.5;Y4,2.0,48.0,5,wP,True,Thailand,/home/ctm/pertussis_transmission_analysis/outputs/calibrations/Thailand_calibrated_config.yaml,current,fitted_parameters_and_state_only,e07d2d9623bba63452e5939f83db5c87901a902d0a71c99df08b4ecdc3550c54,c36eefa5b9e490f39c68369d7b2ec545f1003c465b2d7a3d65a4f58b53b37bf6,True,state_reconstruction_accepted,23.271535511942638,22.994994979200612,True,Thailand,THA,1,contact_reduction_mean,Thailand,THA,2025,2025,True,False,exact_year,2025,low_imported_model_anchor,https://www.cdc.gov/pertussis/hcp/antibiotic-resistance/index.html,"No public Thailand-specific MRBP prevalence estimate was located in accessible surveillance material; CDC notes increasing MRBP globally, so keep a conservative low imported anchor pending numeric reporting.",Thailand,THA,3,relative_detection_prior_mean,True,0.0,prospective_policy,,,Thailand,maternal_immunization,1.25,"infant_0_2m,infant_3_11m","child_1_4y,child_5_9y,adolescent_10_17y,young_adult_18_39y,middle_adult_40_64y",0.1976821449825874,7.728752238610456,6.728752238610456,0.25,calibrated_country_scenario_analysis,True,False
infant_contact_sensitivity,maternal_immunization_infant_contact_x1.50,symptom_protective,country_timeline,maternal_immunization,2027-01-01,2032-01-01,2027,2032,64318.53308784975,344461.91149225103,5787.231604112595,1695.4674244980645,3734.104975344804,8220.151739721665,11298.663114276744,21214.282278496474,99356.69833897005,3865.3212311254947,4.075805845627357,3.928924072055776,3.9378964975235387,503.4121114095089,109562.06213924989,0.31806727676977015,0.01,0.703344306683362,71045565.67199236,528070.8277669656,5333185.07590492,5844172.636529273,11705428.54020116,4.999418194761015,96.98057714009549,1.6293501321491268,64.2211099216975,141.4408573209659,30.83001335785875,38.67092467777179,36.251130847565875,169.78150025462023,6.605091036213724,0.011475114955599615,0.14882023745174316,0.06729108216901437,0.8602345382880849,512.2603023844549,3262.841786468543,6776.276087080895,6776.276087080895,997.0910398413549,1826.0,1796.0,2,2.958904109589041,0.8125566376290884,0.18672175628711463,5.355562307706338,0.44439407231502215,0.3476128163810153,0.0006815519588650225,0.007503005360589649,0.010178170300212007,0.4260313446953555,,M2;M4;M6;Y1.5;Y4,2.0,48.0,5,wP,True,Thailand,/home/ctm/pertussis_transmission_analysis/outputs/calibrations/Thailand_calibrated_config.yaml,current,fitted_parameters_and_state_only,e07d2d9623bba63452e5939f83db5c87901a902d0a71c99df08b4ecdc3550c54,c36eefa5b9e490f39c68369d7b2ec545f1003c465b2d7a3d65a4f58b53b37bf6,True,state_reconstruction_accepted,23.271535511942638,22.994994979200612,True,Thailand,THA,1,contact_reduction_mean,Thailand,THA,2025,2025,True,False,exact_year,2025,low_imported_model_anchor,https://www.cdc.gov/pertussis/hcp/antibiotic-resistance/index.html,"No public Thailand-specific MRBP prevalence estimate was located in accessible surveillance material; CDC notes increasing MRBP globally, so keep a conservative low imported anchor pending numeric reporting.",Thailand,THA,3,relative_detection_prior_mean,True,0.0,prospective_policy,,,Thailand,maternal_immunization,1.5,"infant_0_2m,infant_3_11m","child_1_4y,child_5_9y,adolescent_10_17y,young_adult_18_39y,middle_adult_40_64y",0.1976821449825874,8.24227262554565,7.242272625545651,0.25,calibrated_country_scenario_analysis,True,False
