analysis,scenario,vaccine_scenario,resistance_scenario,intervention,calendar_start_date,calendar_end_date,calendar_start_year,calendar_end_year,total_symptomatic_cases,total_infections,total_reported_cases,total_infant_cases,total_infant_infections,total_child_1_9_cases,total_adolescent_cases,total_child_adolescent_cases,total_child_adolescent_infections,total_child_adolescent_reported_cases,total_deaths,total_infant_deaths,total_child_adolescent_deaths,total_child_adolescent_hospitalizations,resistant_infections,resistant_fraction,resistant_fraction_start,resistant_fraction_end,total_population,infant_population,child_1_9_population,adolescent_population,child_adolescent_population,analysis_years,annualized_infections_per_100k,annualized_reported_cases_per_100k,annualized_infant_cases_per_100k,annualized_infant_infections_per_100k,annualized_child_1_9_cases_per_100k,annualized_adolescent_cases_per_100k,annualized_child_adolescent_cases_per_100k,annualized_child_adolescent_infections_per_100k,annualized_child_adolescent_reported_cases_per_100k,annualized_deaths_per_million,annualized_infant_deaths_per_100k,annualized_child_adolescent_deaths_per_million,annualized_child_adolescent_hospitalizations_per_100k,peak_incidence_per_100k_year,treated_cases,PEP_FOI_reduction_case_proxy,PEP_averted_cases,peak_incidence,time_to_peak,outbreak_duration,n_epidemic_peaks,mean_peak_interval_years,proportion_asymptomatic,case_to_infection_ratio,mean_infection_to_case_ratio,vaccinated_origin_infection_share,waned_origin_infection_share,maternal_origin_infection_share,dose1_origin_infection_share,dose2_origin_infection_share,dose3plus_origin_infection_share,relative_reduction_vs_baseline,routine_age_pattern,routine_first_shot_months,routine_last_shot_months,routine_dose_count,routine_scheduler_code,calibration_loaded,calibration_country,calibration_artifact_path,calibration_hash_status,calibration_overlay_mode,calibration_config_hash,calibration_calibration_config_hash,calibration_accepted,calibration_calibration_status,calibration_fit_score,calibration_data_fit_score,calibration_optimizer_success,npi_contact_reduction_country,npi_contact_reduction_iso3,npi_contact_reduction_periods_loaded,npi_contact_reduction_reduction_column,resistance_timeline_country,resistance_timeline_iso3,resistance_timeline_anchor_year,resistance_timeline_configured_anchor_year,resistance_timeline_applied,resistance_timeline_allows_future_evidence,resistance_timeline_method,resistance_timeline_evidence_years,resistance_timeline_evidence_type,resistance_timeline_source,resistance_timeline_notes,diagnostic_standard_country,diagnostic_standard_iso3,diagnostic_standard_periods_loaded,diagnostic_standard_multiplier_column,prospective_policy,policy_start_time,simulation_phase,contact_reciprocity_error_before,contact_reciprocity_error_after,country,observed_mean_annual_reported_incidence_per_100k,model_to_observed_reported_incidence_ratio,absolute_fit_relative_error,absolute_fit_relative_tolerance,absolute_fit_status,contact_matrix_directional_intervention,contact_matrix_reciprocity_correction_after_intervention,relative_reduction_infant_cases,relative_reduction_child_1_9_cases,relative_reduction_adolescent_cases,relative_reduction_child_adolescent_cases,relative_reduction_child_adolescent_infections,relative_reduction_child_adolescent_reported_cases,relative_reduction_total_infections,relative_reduction_reported_cases,relative_reduction_resistant_infections,relative_reduction_deaths,relative_reduction_infant_deaths,relative_reduction_child_adolescent_deaths
intervention_comparison,current,symptom_protective,country_timeline,current,2027-01-01,2051-01-01,2027,2051,3008350.78353109,14180297.251194416,355034.52532319934,292628.15583341796,640205.4176491998,914223.8474091555,307979.5546841097,1514831.5579266832,6145720.355459554,305604.30564241036,1025.8279333202001,1017.6975305991926,1019.0374232734027,94245.85283554901,13561305.489764985,0.9563484636136741,0.043,0.9994102223797059,29813213.78714954,299913.5870848018,2899426.75217382,2629897.169426857,5829237.508685479,24.000492823261258,1981.7842875390158,49.61827184265297,4065.3674875436836,8894.12121963405,1313.7727342139503,487.9361099628894,1082.7605742452402,4392.794476988388,218.4376815611662,1.4336580143278417,14.138470173070651,7.2838035346389445,67.3643833220105,19247.836991122214,274667.33078406384,114662.09246278009,114662.09246278009,15721.640524836486,3227.0,8766.0,5,5.997945205479452,0.8096362549017098,0.21215005089386926,4.713644874401951,0.7637644286319661,0.5711402445102333,0.0022546985919467263,0.029833776294898032,0.04092967438464427,0.6907462793604771,0.0,M2;M4;M6;M18;Y4;Y12-Y13,2.0,156.0,6,aP,True,Australia,/home/ctm/pertussis_transmission_analysis/outputs/calibrations/Australia_calibrated_config.yaml,current,fitted_parameters_and_state_only,fe4b0945dbc60905bca91e1dac7a67bb5863846eea9d42ff0fc0dbee6b1fb742,fbaadbe47d956b3f84d024d1fe55f5b483b9cf95f7db1635c7b7f23a7bb227b0,True,state_reconstruction_accepted,45.309268873949655,43.43914907044321,True,Australia,AUS,1,contact_reduction_mean,Australia,AUS,2025,2025,True,False,nearest_past_year,2024,measured_national_genomic_surveillance_fraction,https://doi.org/10.1016/j.lanmic.2025.101286,Nationwide Australian tNGS study of 2024-positive respiratory specimens estimated macrolide resistance at 8/188 (4.3%).,Australia,AUS,3,relative_detection_prior_mean,True,0.0,prospective_policy,1.5769242865424038e-05,1.502232944079048e-16,Australia,54.978665659530755,0.9025004744554302,0.09749952554456975,0.25,calibrated_country_scenario_analysis,,,0.0,0.0,0.0,0.0,0.0,0.0,0.0,0.0,0.0,0.0,0.0,0.0
intervention_comparison,higher_child_coverage,symptom_protective,country_timeline,higher_child_coverage,2027-01-01,2051-01-01,2027,2051,3011160.2223040974,14175072.42397632,355858.3609743938,293136.0170579745,641389.2745696169,917785.6431180877,307700.72636857524,1518622.3865446374,6145476.783615508,306459.53840516537,1027.5295157938156,1019.3948099186036,1020.7428365394109,94432.83805135234,13556119.235644288,0.9563350951713581,0.043,0.9994260298542563,29813213.787285812,299913.5871773255,2899426.752091053,2629897.1698305863,5829237.509098964,24.000492823261258,1981.0540855953675,49.733407972517284,4072.423001860046,8910.56807388855,1318.8911635077345,487.4943584744914,1085.4701558044098,4392.620378118885,219.04897876377024,1.436036081120885,14.162049800479597,7.295993366301546,67.49803528570669,18818.476680798158,275122.5947820617,114768.64771209308,114768.64771209308,15370.938861251732,3227.0,8766.0,5,5.997945205479452,0.8093575281948099,0.21242644356517662,4.707511848416274,0.7637609258901827,0.5720013532999313,0.0022587585716976177,0.02987449830125502,0.040984831969190776,0.6906428370480392,0.00036845681903141525,M2;M4;M6;M18;Y4;Y12-Y13,2.0,156.0,6,aP,True,Australia,/home/ctm/pertussis_transmission_analysis/outputs/calibrations/Australia_calibrated_config.yaml,current,fitted_parameters_and_state_only,fe4b0945dbc60905bca91e1dac7a67bb5863846eea9d42ff0fc0dbee6b1fb742,fbaadbe47d956b3f84d024d1fe55f5b483b9cf95f7db1635c7b7f23a7bb227b0,True,state_reconstruction_accepted,45.309268873949655,43.43914907044321,True,Australia,AUS,1,contact_reduction_mean,Australia,AUS,2025,2025,True,False,nearest_past_year,2024,measured_national_genomic_surveillance_fraction,https://doi.org/10.1016/j.lanmic.2025.101286,Nationwide Australian tNGS study of 2024-positive respiratory specimens estimated macrolide resistance at 8/188 (4.3%).,Australia,AUS,3,relative_detection_prior_mean,True,0.0,prospective_policy,1.5769242865424038e-05,1.502232944079048e-16,Australia,54.978665659530755,0.904594670967534,0.09540532903246601,0.25,calibrated_country_scenario_analysis,,,-0.0017355172919368833,-0.0038959776853624284,0.0009053468364822459,-0.0025024753399927047,3.9632757424357123e-05,-0.0027984970989110014,0.00036845681903141525,-0.0023204381332899704,0.00038243029954676544,-0.0016587406311974195,-0.0016677640147280126,-0.0016735531267633164
intervention_comparison,adolescent_booster,symptom_protective,country_timeline,adolescent_booster,2027-01-01,2051-01-01,2027,2051,3008362.549659148,14180293.368353054,355035.1828590708,292627.9978376905,640205.113340456,914223.1556113714,307992.64829152735,1514843.801740589,6145725.477344992,305604.97492822574,1025.8276825247508,1017.6972788226477,1019.037170923128,94245.82004218134,13561299.528057722,0.9563483050585699,0.043,0.9994102162369919,29813213.78715009,299913.58708479966,2899426.7521739434,2629897.169426901,5829237.508685644,24.000492823261258,1981.7837448878724,49.61836373735889,4065.365292571422,8894.116991992827,1313.771740075458,487.9568543394855,1082.7693257918133,4392.798137973268,218.43815994853588,1.433657663825656,14.138466675238577,7.2838017309073155,67.36435988219748,19247.36554058471,274667.7490476023,114662.5863020064,114662.5863020064,15721.255443859658,3227.0,8766.0,5,5.997945205479452,0.8096354048851555,0.21215093873678786,4.7136251479927855,0.763764131793013,0.5711451086983392,0.0022546989315199153,0.029833786748084446,0.040929689767488654,0.69074595634592,2.7381946177129635e-07,M2;M4;M6;M18;Y4;Y12-Y13,2.0,156.0,6,aP,True,Australia,/home/ctm/pertussis_transmission_analysis/outputs/calibrations/Australia_calibrated_config.yaml,current,fitted_parameters_and_state_only,fe4b0945dbc60905bca91e1dac7a67bb5863846eea9d42ff0fc0dbee6b1fb742,fbaadbe47d956b3f84d024d1fe55f5b483b9cf95f7db1635c7b7f23a7bb227b0,True,state_reconstruction_accepted,45.309268873949655,43.43914907044321,True,Australia,AUS,1,contact_reduction_mean,Australia,AUS,2025,2025,True,False,nearest_past_year,2024,measured_national_genomic_surveillance_fraction,https://doi.org/10.1016/j.lanmic.2025.101286,Nationwide Australian tNGS study of 2024-positive respiratory specimens estimated macrolide resistance at 8/188 (4.3%).,Australia,AUS,3,relative_detection_prior_mean,True,0.0,prospective_policy,1.5769242865424038e-05,1.502232944079048e-16,Australia,54.978665659530755,0.90250214591662,0.09749785408337996,0.25,calibrated_country_scenario_analysis,,,5.399197728905847e-07,7.567050301915401e-07,-4.251453454795495e-05,-8.08262399987214e-06,-8.334068493098812e-07,-2.1900405295927072e-06,2.7381946177129635e-07,-1.8520336038108098e-06,4.3961160423044987e-07,2.4448101010321466e-07,2.473982075867909e-07,2.4763592487708763e-07
intervention_comparison,pregnancy_tdap_scaleup,symptom_protective,country_timeline,pregnancy_tdap_scaleup,2027-01-01,2051-01-01,2027,2051,2980831.4027051684,14171148.328498604,340139.977932984,261867.84257913698,605641.385528913,912653.6287906554,310435.3667651669,1484956.8381349593,6125175.322917708,290640.2090860258,690.5810656405529,682.4580715945691,683.7859542745475,77042.84173573377,13548352.703257494,0.9560518589740078,0.043,0.9992981779617496,29813213.78618937,299913.58709039795,2899426.752358333,2629897.169403609,5829237.508852339,24.000492823261258,1980.5056690431688,47.53666667998701,3638.0265945447727,8413.93676142299,1311.5162731843136,491.82688575220766,1061.4069335491092,4378.109443984993,207.74175058146295,0.9651297719356325,9.48112066632418,4.887516824004397,55.06813686338441,21090.570304218152,266958.5912342025,113596.07017327132,113596.07017327132,17226.78579047432,3234.0,8766.0,5,5.997945205479452,0.8114909669161336,0.21034508521166398,4.754092537953667,0.7656379116855632,0.5719247515266913,0.0032381091320981804,0.029608404582039626,0.04062355719857257,0.6921678407728528,0.0006451855369280501,M2;M4;M6;M18;Y4;Y12-Y13,2.0,156.0,6,aP,True,Australia,/home/ctm/pertussis_transmission_analysis/outputs/calibrations/Australia_calibrated_config.yaml,current,fitted_parameters_and_state_only,fe4b0945dbc60905bca91e1dac7a67bb5863846eea9d42ff0fc0dbee6b1fb742,fbaadbe47d956b3f84d024d1fe55f5b483b9cf95f7db1635c7b7f23a7bb227b0,True,state_reconstruction_accepted,45.309268873949655,43.43914907044321,True,Australia,AUS,1,contact_reduction_mean,Australia,AUS,2025,2025,True,False,nearest_past_year,2024,measured_national_genomic_surveillance_fraction,https://doi.org/10.1016/j.lanmic.2025.101286,Nationwide Australian tNGS study of 2024-positive respiratory specimens estimated macrolide resistance at 8/188 (4.3%).,Australia,AUS,3,relative_detection_prior_mean,True,0.0,prospective_policy,1.5769242865424038e-05,1.502232944079048e-16,Australia,54.978665659530755,0.8646384212808983,0.1353615787191017,0.25,calibrated_country_scenario_analysis,,,0.10511740801794767,0.0017175428347772081,-0.007973945165211216,0.019721479682277554,0.0033429820026865675,0.048965594659828415,0.0006451855369280501,0.04195239146574925,0.0009551282888853319,0.32680614047483136,0.3294097203982048,0.3289883779949354
intervention_comparison,cocooning_adjunct,symptom_protective,country_timeline,cocooning_adjunct,2027-01-01,2051-01-01,2027,2051,3002822.619437759,14175712.038605321,352058.6474792661,285600.57803087385,624393.9797514547,914483.378051101,308727.26788949914,1508811.2239714738,6137604.410812695,302616.5002654573,999.7251683163813,991.5946558197893,992.9322476452597,92093.01749801359,13556977.86315594,0.9563525152200922,0.043,0.9993786469942262,29813213.786605574,299913.5871002216,2899426.7522063237,2629897.169300283,5829237.508606828,24.000492823261258,1981.1434757428638,49.20237450033771,3967.7361222604136,8674.459152228923,1314.1456891183525,489.1207219753002,1078.4574025860957,4386.993419603013,216.302079193805,1.397177785039711,13.775833234172403,7.09721080892308,65.82559492485677,19659.925118510728,273003.9760450908,114391.30628912152,114391.30628912152,16058.23426265253,3234.0,8766.0,5,5.997945205479452,0.8099741027524454,0.21182869765272064,4.720795676322548,0.7639053902247632,0.5713788335046721,0.0021935450432659744,0.029688044246237326,0.04073187878168419,0.6912919221535757,0.0003233509501154863,M2;M4;M6;M18;Y4;Y12-Y13,2.0,156.0,6,aP,True,Australia,/home/ctm/pertussis_transmission_analysis/outputs/calibrations/Australia_calibrated_config.yaml,current,fitted_parameters_and_state_only,fe4b0945dbc60905bca91e1dac7a67bb5863846eea9d42ff0fc0dbee6b1fb742,fbaadbe47d956b3f84d024d1fe55f5b483b9cf95f7db1635c7b7f23a7bb227b0,True,state_reconstruction_accepted,45.309268873949655,43.43914907044321,True,Australia,AUS,1,contact_reduction_mean,Australia,AUS,2025,2025,True,False,nearest_past_year,2024,measured_national_genomic_surveillance_fraction,https://doi.org/10.1016/j.lanmic.2025.101286,Nationwide Australian tNGS study of 2024-positive respiratory specimens estimated macrolide resistance at 8/188 (4.3%).,Australia,AUS,3,relative_detection_prior_mean,True,0.0,prospective_policy,,,Australia,54.978665659530755,0.8949357702683404,0.10506422973165963,0.25,calibrated_country_scenario_analysis,True,False,0.024015384926065142,-0.0002838808489638023,-0.002427801436872601,0.003974259661879032,0.0013205847610117116,0.009776712309966906,0.0003233509501154863,0.008381939309210051,0.00031911578220178427,0.02544555880763988,0.025648951672344822,0.025617484728172824
intervention_comparison,maternal_immunization,symptom_protective,country_timeline,maternal_immunization,2027-01-01,2051-01-01,2027,2051,2975818.666616532,14165474.39689339,337607.05951348494,255812.6656497597,590986.1384600597,912916.7317593375,311069.42282127263,1479798.82023037,6117282.904448046,288106.0652435364,673.81818183089,665.6966092820136,667.0226524614094,75394.01093714217,13542931.821731316,0.9560521195605985,0.043,0.9992754194745002,29813213.785731338,299913.58705685916,2899426.752160835,2629897.1696244394,5829237.508842134,24.000492823261258,1979.712702021839,47.182675658054016,3553.9044114515277,8210.33719829768,1311.8943617555087,492.8314291644796,1057.720122037855,4372.468157006359,205.93041319076016,0.9417026045498514,9.248260286121976,4.767697282348571,53.889597260891755,21437.300096068688,265499.0948254402,113349.79115855783,113349.79115855783,17509.994815149992,3234.0,8766.0,5,5.997945205479452,0.8117689496264135,0.21007546822922885,4.760194078962262,0.7657465700874774,0.5721665727066096,0.003149920837035664,0.02947198541374671,0.04043803344941174,0.6926866303872833,0.0010453133695612626,M2;M4;M6;M18;Y4;Y12-Y13,2.0,156.0,6,aP,True,Australia,/home/ctm/pertussis_transmission_analysis/outputs/calibrations/Australia_calibrated_config.yaml,current,fitted_parameters_and_state_only,fe4b0945dbc60905bca91e1dac7a67bb5863846eea9d42ff0fc0dbee6b1fb742,fbaadbe47d956b3f84d024d1fe55f5b483b9cf95f7db1635c7b7f23a7bb227b0,True,state_reconstruction_accepted,45.309268873949655,43.43914907044321,True,Australia,AUS,1,contact_reduction_mean,Australia,AUS,2025,2025,True,False,nearest_past_year,2024,measured_national_genomic_surveillance_fraction,https://doi.org/10.1016/j.lanmic.2025.101286,Nationwide Australian tNGS study of 2024-positive respiratory specimens estimated macrolide resistance at 8/188 (4.3%).,Australia,AUS,3,relative_detection_prior_mean,True,0.0,prospective_policy,,,Australia,54.978665659530755,0.8581997233298573,0.14180027667014272,0.25,calibrated_country_scenario_analysis,True,False,0.12580980144855203,0.0014297544890370384,-0.010032705386343377,0.02312649054147109,0.004627195734059897,0.057257833334811714,0.0010453133695612626,0.049086679088039764,0.0013548598287632663,0.34314697431760655,0.3458797046603135,0.34543851165076345
intervention_comparison,targeted_pep_high_risk,symptom_protective,country_timeline,targeted_pep_high_risk,2027-01-01,2051-01-01,2027,2051,2978734.043797889,14067117.919266224,350495.56368502346,287286.3260535062,628664.7280476071,905490.932105599,307476.0199866115,1500253.2781457168,6097449.545705929,301559.6404556596,1001.0811245353821,993.0924717064227,994.4132373926725,92342.62008824729,13650061.741663877,0.9703524076505288,0.043,0.9997509368355713,29813213.78901116,299913.58703105093,2899426.751526571,2629897.1702798847,5829237.508837507,24.000492823261258,1965.9667754335246,48.98392386388301,3991.155555202178,8733.790974929874,1301.2232193626746,487.1383530778794,1072.3404146262285,4358.291809291237,215.54666441418678,1.3990728176485296,13.796641802375046,7.107796522287594,66.00400409422436,17395.174273279463,271310.7462935811,163203.57957763126,163203.57957763126,14208.38491798322,3227.0,8766.0,5,5.997945205479452,0.8098014899531258,0.21175155144738184,4.722515576224668,0.7632342256478326,0.5710720447904617,0.0022001397712111204,0.02974019801309347,0.04078055135241881,0.6905133365111091,0.007981449889469583,M2;M4;M6;M18;Y4;Y12-Y13,2.0,156.0,6,aP,True,Australia,/home/ctm/pertussis_transmission_analysis/outputs/calibrations/Australia_calibrated_config.yaml,current,fitted_parameters_and_state_only,fe4b0945dbc60905bca91e1dac7a67bb5863846eea9d42ff0fc0dbee6b1fb742,fbaadbe47d956b3f84d024d1fe55f5b483b9cf95f7db1635c7b7f23a7bb227b0,True,state_reconstruction_accepted,45.309268873949655,43.43914907044321,True,Australia,AUS,1,contact_reduction_mean,Australia,AUS,2025,2025,True,False,nearest_past_year,2024,measured_national_genomic_surveillance_fraction,https://doi.org/10.1016/j.lanmic.2025.101286,Nationwide Australian tNGS study of 2024-positive respiratory specimens estimated macrolide resistance at 8/188 (4.3%).,Australia,AUS,3,relative_detection_prior_mean,True,0.0,prospective_policy,1.5769242865424038e-05,1.502232944079048e-16,Australia,54.978665659530755,0.8909623992555277,0.10903760074447233,0.25,calibrated_country_scenario_analysis,,,0.01825466782134466,0.009552272485896074,0.00163496144416031,0.009623696908532486,0.007854377837212101,0.013234974481948103,0.007981449889469583,0.012784564075969618,-0.0065448162026788825,0.024123742375314783,0.024177182466270875,0.02416416249133535
intervention_comparison,maternal_direct_antibody_only,symptom_protective,country_timeline,maternal_direct_antibody_only,2027-01-01,2051-01-01,2027,2051,2980831.4027051684,14171148.328498604,340139.977932984,261867.84257913698,605641.385528913,912653.6287906554,310435.3667651669,1484956.8381349593,6125175.322917708,290640.2090860258,690.5810656405529,682.4580715945691,683.7859542745475,77042.84173573377,13548352.703257494,0.9560518589740078,0.043,0.9992981779617496,29813213.78618937,299913.58709039795,2899426.752358333,2629897.169403609,5829237.508852339,24.000492823261258,1980.5056690431688,47.53666667998701,3638.0265945447727,8413.93676142299,1311.5162731843136,491.82688575220766,1061.4069335491092,4378.109443984993,207.74175058146295,0.9651297719356325,9.48112066632418,4.887516824004397,55.06813686338441,21090.570304218152,266958.5912342025,113596.07017327132,113596.07017327132,17226.78579047432,3234.0,8766.0,5,5.997945205479452,0.8114909669161336,0.21034508521166398,4.754092537953667,0.7656379116855632,0.5719247515266913,0.0032381091320981804,0.029608404582039626,0.04062355719857257,0.6921678407728528,0.0006451855369280501,M2;M4;M6;M18;Y4;Y12-Y13,2.0,156.0,6,aP,True,Australia,/home/ctm/pertussis_transmission_analysis/outputs/calibrations/Australia_calibrated_config.yaml,current,fitted_parameters_and_state_only,fe4b0945dbc60905bca91e1dac7a67bb5863846eea9d42ff0fc0dbee6b1fb742,fbaadbe47d956b3f84d024d1fe55f5b483b9cf95f7db1635c7b7f23a7bb227b0,True,state_reconstruction_accepted,45.309268873949655,43.43914907044321,True,Australia,AUS,1,contact_reduction_mean,Australia,AUS,2025,2025,True,False,nearest_past_year,2024,measured_national_genomic_surveillance_fraction,https://doi.org/10.1016/j.lanmic.2025.101286,Nationwide Australian tNGS study of 2024-positive respiratory specimens estimated macrolide resistance at 8/188 (4.3%).,Australia,AUS,3,relative_detection_prior_mean,True,0.0,prospective_policy,1.5769242865424038e-05,1.502232944079048e-16,Australia,54.978665659530755,0.8646384212808983,0.1353615787191017,0.25,calibrated_country_scenario_analysis,,,0.10511740801794767,0.0017175428347772081,-0.007973945165211216,0.019721479682277554,0.0033429820026865675,0.048965594659828415,0.0006451855369280501,0.04195239146574925,0.0009551282888853319,0.32680614047483136,0.3294097203982048,0.3289883779949354
intervention_comparison,maternal_adult_boosting_only,symptom_protective,country_timeline,maternal_adult_boosting_only,2027-01-01,2051-01-01,2027,2051,3008009.9592163973,14179915.179190427,355012.7470561111,292613.74624301266,640172.5331205379,914209.8350541345,307978.5667426187,1514802.1480397657,6145643.572256723,305595.02261730575,1025.7707255514758,1017.640559576872,1018.9804061457028,94241.15258664812,13560956.18044296,0.9563495979400628,0.043,0.9994103127203625,29813213.787147913,299913.58708477125,2899426.7521737833,2629897.169426952,5829237.508685508,24.000492823261258,1981.7308906123317,49.615228195067715,4065.167300791132,8893.664367855657,1313.7525979530055,487.93454475401086,1082.7395528545194,4392.739594434359,218.43104630621525,1.4335780629311514,14.137678697141776,7.283395991650996,67.36102371138391,19254.717643657008,274652.3411673136,114649.82673709268,114649.82673709268,15727.260644425074,3227.0,8766.0,5,5.997945205479452,0.8096538847888524,0.21213173148107176,4.7140519384730935,0.7637727056238632,0.5709957440208577,0.0022546238780620552,0.02983361997371056,0.040929448550168404,0.6907550132219222,2.6943864237849446e-05,M2;M4;M6;M18;Y4;Y12-Y13,2.0,156.0,6,aP,True,Australia,/home/ctm/pertussis_transmission_analysis/outputs/calibrations/Australia_calibrated_config.yaml,current,fitted_parameters_and_state_only,fe4b0945dbc60905bca91e1dac7a67bb5863846eea9d42ff0fc0dbee6b1fb742,fbaadbe47d956b3f84d024d1fe55f5b483b9cf95f7db1635c7b7f23a7bb227b0,True,state_reconstruction_accepted,45.309268873949655,43.43914907044321,True,Australia,AUS,1,contact_reduction_mean,Australia,AUS,2025,2025,True,False,nearest_past_year,2024,measured_national_genomic_surveillance_fraction,https://doi.org/10.1016/j.lanmic.2025.101286,Nationwide Australian tNGS study of 2024-positive respiratory specimens estimated macrolide resistance at 8/188 (4.3%).,Australia,AUS,3,relative_detection_prior_mean,True,0.0,prospective_policy,1.5769242865424038e-05,1.502232944079048e-16,Australia,54.978665659530755,0.9024451139342399,0.09755488606576013,0.25,calibrated_country_scenario_analysis,,,4.924198207878483e-05,1.532705043816307e-05,3.2078151811498756e-06,1.9414625186287005e-05,1.2493767758692265e-05,3.0375963077755586e-05,2.6943864237849446e-05,6.134126552459485e-05,2.575779465252559e-05,5.576741173263233e-05,5.598030908759988e-05,5.5951946805632424e-05
intervention_comparison,maternal_cocooning_only,symptom_protective,country_timeline,maternal_cocooning_only,2027-01-01,2051-01-01,2027,2051,3003167.7721053637,14176114.335608631,352080.02475714346,285613.1778464746,624422.8209172447,914498.4735494063,308728.9240889971,1508840.575484878,6137686.434748432,302625.2282552165,999.7761968003698,991.6454304087521,992.9830689712078,92097.18503900405,13557346.800495107,0.9563514006402123,0.043,0.9993784876429548,29813213.786605652,299913.5871002201,2899426.7522062426,2629897.169300334,5829237.508606796,24.000492823261258,1981.199699238458,49.2053621072021,3967.911166526231,8674.859831163518,1314.167381895425,489.12334591421165,1078.4783822530105,4387.052048091,216.3083177245222,1.3972491005036896,13.776538625499441,7.097574065998006,65.82857377029539,19652.68617640152,273018.9174454175,114403.73096052489,114403.73096052489,16052.321492003508,3234.0,8766.0,5,5.997945205479452,0.8099564853611572,0.21184703375041078,4.720387075035272,0.7638970284320343,0.571524128716148,0.002193605246109521,0.029688136501975094,0.0407320192866918,0.691283267397258,0.0002949808111696317,M2;M4;M6;M18;Y4;Y12-Y13,2.0,156.0,6,aP,True,Australia,/home/ctm/pertussis_transmission_analysis/outputs/calibrations/Australia_calibrated_config.yaml,current,fitted_parameters_and_state_only,fe4b0945dbc60905bca91e1dac7a67bb5863846eea9d42ff0fc0dbee6b1fb742,fbaadbe47d956b3f84d024d1fe55f5b483b9cf95f7db1635c7b7f23a7bb227b0,True,state_reconstruction_accepted,45.309268873949655,43.43914907044321,True,Australia,AUS,1,contact_reduction_mean,Australia,AUS,2025,2025,True,False,nearest_past_year,2024,measured_national_genomic_surveillance_fraction,https://doi.org/10.1016/j.lanmic.2025.101286,Nationwide Australian tNGS study of 2024-positive respiratory specimens estimated macrolide resistance at 8/188 (4.3%).,Australia,AUS,3,relative_detection_prior_mean,True,0.0,prospective_policy,,,Australia,54.978665659530755,0.8949901114719427,0.10500988852805726,0.25,calibrated_country_scenario_analysis,True,False,0.02397232749857725,-0.0003003926675388957,-0.0024331790649416707,0.003954883571348988,0.0013072382481551514,0.009748152536436128,0.0002949808111696317,0.00832172748091553,0.0002919106330040444,0.025395815100794916,0.025599060042036048,0.02556761283457276
intervention_comparison,resistance_guided_treatment,symptom_protective,country_timeline,resistance_guided_treatment,2027-01-01,2051-01-01,2027,2051,2744919.4644926535,13232650.734684963,303741.2023144543,230938.71860716783,498388.8147609699,798128.4396658216,317209.29164980975,1346276.4499227991,5611878.013186466,257467.19099239347,782.9371399072872,775.8726234028288,776.962975492091,73898.48971237405,10739386.082544407,0.8115823728646221,0.043,0.9990413881028051,29813213.78839547,299913.5870230552,2899426.7519033104,2629897.169889751,5829237.508816116,24.000492823261258,1849.34482280937,42.449712550922456,3208.34048166002,6923.919122995199,1146.9394344755392,502.55890506498895,962.2819476864485,4011.218427699228,184.03057561300022,1.0942031005756676,10.778892172296802,5.553520938286199,52.82063919010696,16957.602092632216,475945.18262282055,443121.7758515457,443121.7758515457,13850.975795237991,0.0,8766.0,5,5.997945205479452,0.8126755095897259,0.20743534455252916,4.820779227171522,0.7530210713995594,0.5695886524585865,0.0017668625048504103,0.02663029571136785,0.03645048823987685,0.6881734249434643,0.0668283957467557,M2;M4;M6;M18;Y4;Y12-Y13,2.0,156.0,6,aP,True,Australia,/home/ctm/pertussis_transmission_analysis/outputs/calibrations/Australia_calibrated_config.yaml,current,fitted_parameters_and_state_only,fe4b0945dbc60905bca91e1dac7a67bb5863846eea9d42ff0fc0dbee6b1fb742,fbaadbe47d956b3f84d024d1fe55f5b483b9cf95f7db1635c7b7f23a7bb227b0,True,state_reconstruction_accepted,45.309268873949655,43.43914907044321,True,Australia,AUS,1,contact_reduction_mean,Australia,AUS,2025,2025,True,False,nearest_past_year,2024,measured_national_genomic_surveillance_fraction,https://doi.org/10.1016/j.lanmic.2025.101286,Nationwide Australian tNGS study of 2024-positive respiratory specimens estimated macrolide resistance at 8/188 (4.3%).,Australia,AUS,3,relative_detection_prior_mean,True,0.0,prospective_policy,1.5769242865424038e-05,1.502232944079048e-16,Australia,54.978665659530755,0.7721124556533074,0.22788754434669256,0.25,calibrated_country_scenario_analysis,,,0.2108116939416027,0.12698794509937572,-0.02996866780707852,0.11126986833742869,0.0868640796190554,0.1575145171754957,0.0668283957467557,0.14447418307290272,0.20808611747227013,0.23677537482019162,0.2376196265839261,0.23755206850373378
intervention_comparison,transmission_blocking_vaccine,transmission_blocking,country_timeline,transmission_blocking_vaccine,2027-01-01,2051-01-01,2027,2051,2758609.115477219,13231959.97812057,288387.82586393604,204389.0472074015,423852.45242652815,758411.1100103357,342407.75088373746,1305207.9081014746,5379356.81615764,240375.63082359888,710.6367558415133,703.4792603246111,704.4897484709284,66422.93473314856,12747900.464511378,0.9634173989031407,0.043,0.9998683554408404,29813213.78222498,299913.5869713101,2899426.7513166843,2629897.1692673806,5829237.507555375,24.000492823261258,1849.248285687889,40.303983194777594,2839.4963747591037,5888.414856577984,1089.8641954864083,542.4811597277903,932.927266377798,3845.0185738367054,171.81399130065958,0.993158840156482,9.773159749519165,5.035501939213412,47.47731494787222,25351.915148000644,209561.12058119572,101032.04736566918,101032.04736566918,20707.45386564852,4032.0,8766.0,4,7.696803652968036,0.810307631464354,0.20848076324585774,4.796605616896737,0.7284918029543053,0.5659036155772551,0.001422117695611045,0.023978317649655287,0.031913244128222676,0.6711781234808163,0.06687710816456738,M2;M4;M6;M18;Y4;Y12-Y13,2.0,156.0,6,aP,True,Australia,/home/ctm/pertussis_transmission_analysis/outputs/calibrations/Australia_calibrated_config.yaml,current,fitted_parameters_and_state_only,fe4b0945dbc60905bca91e1dac7a67bb5863846eea9d42ff0fc0dbee6b1fb742,fbaadbe47d956b3f84d024d1fe55f5b483b9cf95f7db1635c7b7f23a7bb227b0,True,state_reconstruction_accepted,45.309268873949655,43.43914907044321,True,Australia,AUS,1,contact_reduction_mean,Australia,AUS,2025,2025,True,False,nearest_past_year,2024,measured_national_genomic_surveillance_fraction,https://doi.org/10.1016/j.lanmic.2025.101286,Nationwide Australian tNGS study of 2024-positive respiratory specimens estimated macrolide resistance at 8/188 (4.3%).,Australia,AUS,3,relative_detection_prior_mean,True,0.0,prospective_policy,1.5769242865424038e-05,1.502232944079048e-16,Australia,54.978665659530755,0.7330840556293267,0.26691594437067334,0.25,calibrated_country_scenario_analysis,,,0.3015400496056422,0.17043171411507352,-0.11178727833066793,0.1383808310094331,0.12469873261010234,0.21344160934413003,0.06687710816456738,0.18771892507804044,0.05997984676825563,0.3072554053568589,0.308754085400579,0.3086713673302288
intervention_comparison,next_generation_vaccine,next_generation,country_timeline,next_generation_vaccine,2027-01-01,2051-01-01,2027,2051,2285214.177433232,10617354.421360552,209329.62591286545,138020.6176739036,247462.3854130209,505628.53483553854,314696.6546339365,958345.8071433787,3614144.3757917504,165778.71809891838,526.9521124557189,520.6149298692922,521.3189183410491,47486.337664750434,10232535.345130743,0.963755653154461,0.043,0.9987195433790504,29813213.777833637,299913.5870205414,2899426.7512749713,2629897.1685654977,5829237.506861011,24.000492823261258,1483.8409802931187,29.25511054750445,1917.4659739229744,3437.897263844787,726.6064922676616,498.5781010307846,684.9996300665117,2583.2925254859742,118.49413825803913,0.736448184814034,7.2326977691059176,3.726246450378284,33.94194818937728,25974.206381182634,154543.98372187768,82759.01998625475,82759.01998625475,21215.741576760778,5110.0,8766.0,3,10.528767123287672,0.8043125460826249,0.21523386021999205,4.646109115814272,0.6461924984581918,0.5769154854022895,0.0006814047150960018,0.01972348307598035,0.022712460740298132,0.6030751499268174,0.25126009467352695,M2;M4;M6;M18;Y4;Y12-Y13,2.0,156.0,6,aP,True,Australia,/home/ctm/pertussis_transmission_analysis/outputs/calibrations/Australia_calibrated_config.yaml,current,fitted_parameters_and_state_only,fe4b0945dbc60905bca91e1dac7a67bb5863846eea9d42ff0fc0dbee6b1fb742,fbaadbe47d956b3f84d024d1fe55f5b483b9cf95f7db1635c7b7f23a7bb227b0,True,state_reconstruction_accepted,45.309268873949655,43.43914907044321,True,Australia,AUS,1,contact_reduction_mean,Australia,AUS,2025,2025,True,False,nearest_past_year,2024,measured_national_genomic_surveillance_fraction,https://doi.org/10.1016/j.lanmic.2025.101286,Nationwide Australian tNGS study of 2024-positive respiratory specimens estimated macrolide resistance at 8/188 (4.3%).,Australia,AUS,3,relative_detection_prior_mean,True,0.0,prospective_policy,1.5769242865424038e-05,1.502232944079048e-16,Australia,54.978665659530755,0.5321175077015163,0.46788249229848367,0.25,calibrated_country_scenario_analysis,,,0.5283412927890867,0.4469313655857333,-0.02181021385239812,0.36735817119162373,0.4119250198910982,0.457538015537984,0.25126009467352695,0.4103964234962615,0.2454608921793361,0.48631530168009474,0.488438446379281,0.4884202420491659
intervention_comparison,combined_strategy,transmission_blocking,country_timeline,combined_strategy,2027-01-01,2051-01-01,2027,2051,2027130.4754058397,10042748.671451611,185814.04187756107,106243.20777900497,223627.02831823673,497432.9549387039,293125.2062063228,896801.3689240317,3872690.8401778596,148513.4222785118,280.5419729332521,275.56223530325127,276.1728628315059,32076.410447642327,9524961.027496494,0.9484416407405449,0.043,0.999444121582565,29813213.7822563,299913.58706501906,2899426.751290885,2629897.1696720673,5829237.508027972,24.000492823261258,1403.5362708899722,25.968662160907073,1475.9949584327733,3106.762053472627,714.8291475320464,464.40216780541624,641.0093321785847,2768.094536000668,106.15337234433824,0.3920747669790468,3.828277388688176,1.9740088329912846,22.92734952489924,13632.81315928439,291909.0184317902,461315.0551300331,461315.0551300331,11135.286936200067,4760.0,8766.0,5,5.997945205479452,0.8161686007265327,0.20185016490239735,4.954169844169016,0.7134819675948384,0.5628875429526307,0.0016119395504216255,0.01943904205730534,0.02576882670640773,0.6666621592807037,0.291781512506326,M2;M4;M6;M18;Y4;Y12-Y13,2.0,156.0,6,aP,True,Australia,/home/ctm/pertussis_transmission_analysis/outputs/calibrations/Australia_calibrated_config.yaml,current,fitted_parameters_and_state_only,fe4b0945dbc60905bca91e1dac7a67bb5863846eea9d42ff0fc0dbee6b1fb742,fbaadbe47d956b3f84d024d1fe55f5b483b9cf95f7db1635c7b7f23a7bb227b0,True,state_reconstruction_accepted,45.309268873949655,43.43914907044321,True,Australia,AUS,1,contact_reduction_mean,Australia,AUS,2025,2025,True,False,nearest_past_year,2024,measured_national_genomic_surveillance_fraction,https://doi.org/10.1016/j.lanmic.2025.101286,Nationwide Australian tNGS study of 2024-positive respiratory specimens estimated macrolide resistance at 8/188 (4.3%).,Australia,AUS,3,relative_detection_prior_mean,True,0.0,prospective_policy,,,Australia,54.978665659530755,0.47234071342736034,0.5276592865726397,0.25,calibrated_country_scenario_analysis,True,False,0.6369344314240043,0.4558958876992838,0.04823160580585539,0.40798607988371716,0.369855669280892,0.5140336064103483,0.291781512506326,0.4766310636735721,0.2976368658102133,0.7265214137567414,0.7292297298382873,0.7289865352104836
intervention_comparison,current,symptom_protective,country_timeline,current,2027-01-01,2051-01-01,2027,2051,41029111.21352543,197707713.68597832,7781122.161168232,1621127.947484518,3250061.7931065913,6351089.412660642,4275032.334278239,12247249.694423398,56594577.28658849,5286259.364617214,6653.305048149936,6500.166079651863,6508.1021949769465,560462.599165842,197679249.04261792,0.999856026642412,0.997,0.9999493159034588,1336915575.6278865,7978469.579417704,78945023.77271025,88756327.51665202,175679820.86877996,24.000492823261258,616.1684701197371,24.250354467590213,846.5985880813017,1697.2736356130838,335.1994578336782,200.68731393034977,290.46682174168603,1342.248047717583,125.3736957156794,0.20735441811187236,3.394569462494442,1.5435202247944728,13.292436583448879,12543.350859439563,2617655.8831543764,1119109.7217284725,1119109.7217284725,459435.64752192295,6804.0,8694.0,3,10.797260273972602,0.8070865043268851,0.2075240790993744,4.818717925841959,0.44557032405210234,0.3326523294700916,3.689869065429674e-05,0.012062704408082374,0.01645906580696944,0.4170116551463962,0.0,M3;M4;M5;M18,3.0,18.0,4,aP,True,China,/home/ctm/pertussis_transmission_analysis/outputs/calibrations/China_calibrated_config.yaml,current,fitted_parameters_and_state_only,fe4b0945dbc60905bca91e1dac7a67bb5863846eea9d42ff0fc0dbee6b1fb742,fbaadbe47d956b3f84d024d1fe55f5b483b9cf95f7db1635c7b7f23a7bb227b0,True,state_reconstruction_accepted,60.94514257549577,56.10620773765417,True,China,CHN,1,contact_reduction_mean,China,CHN,2025,2025,True,False,nearest_past_year,2024,measured_multicenter_isolate_fraction,https://www.sciencedirect.com/science/article/pii/S2666606525001658,Five sentinel hospitals in China during 2024; 393/394 isolates displayed high-level azithromycin resistance.,China,CHN,7,relative_detection_prior_mean,True,0.0,prospective_policy,2.010611200412732e-05,1.6667804836994706e-16,China,4.146450779474111,5.848460709490408,4.848460709490408,0.25,calibrated_country_scenario_analysis,,,0.0,0.0,0.0,0.0,0.0,0.0,0.0,0.0,0.0,0.0,0.0,0.0
intervention_comparison,higher_child_coverage,symptom_protective,country_timeline,higher_child_coverage,2027-01-01,2051-01-01,2027,2051,41193320.59379725,198317151.24321547,7827947.032068107,1628181.0748663691,3264844.6014847793,6418475.051601406,4283995.844201782,12330651.970669556,56798632.97401479,5326094.170133485,6681.272108372939,6527.586097503627,6535.617685859567,563165.6930566503,198288716.91135186,0.9998566219225853,0.997,0.9999488121381807,1336915575.6450996,7978469.580982864,78945023.77836752,88756327.50556698,175679820.8649174,24.000492823261258,618.0678204217664,24.396287109599594,850.2819293141084,1704.9936333949029,338.7559546827883,201.10809737633588,292.44486536702516,1347.087616504586,126.31845390022856,0.2082260290539583,3.408888965992231,1.5500460468577848,13.35654559686162,12480.831844272252,2630315.249521913,1123765.854827621,1123765.854827621,457145.71204424463,6804.0,8694.0,3,10.797260273972602,0.8068824174569885,0.207714362250383,4.814303590594185,0.4461728219538378,0.33420991958555807,3.6943100546987845e-05,0.012075894124804091,0.016477166063307253,0.4175828186651793,-0.0030825178536286746,M3;M4;M5;M18,3.0,18.0,4,aP,True,China,/home/ctm/pertussis_transmission_analysis/outputs/calibrations/China_calibrated_config.yaml,current,fitted_parameters_and_state_only,fe4b0945dbc60905bca91e1dac7a67bb5863846eea9d42ff0fc0dbee6b1fb742,fbaadbe47d956b3f84d024d1fe55f5b483b9cf95f7db1635c7b7f23a7bb227b0,True,state_reconstruction_accepted,60.94514257549577,56.10620773765417,True,China,CHN,1,contact_reduction_mean,China,CHN,2025,2025,True,False,nearest_past_year,2024,measured_multicenter_isolate_fraction,https://www.sciencedirect.com/science/article/pii/S2666606525001658,Five sentinel hospitals in China during 2024; 393/394 isolates displayed high-level azithromycin resistance.,China,CHN,7,relative_detection_prior_mean,True,0.0,prospective_policy,2.010611200412732e-05,1.6667804836994706e-16,China,4.146450779474111,5.883655301147393,4.883655301147393,0.25,calibrated_country_scenario_analysis,,,-0.00435075306227084,-0.010610091365811147,-0.0020967116088623783,-0.006809877999313985,-0.003605569600652503,-0.007535537469633091,-0.0030825178536286746,-0.0060177529577361,-0.0030831150547447894,-0.004203483835568234,-0.004218356502859066,-0.004227882423828211
intervention_comparison,adolescent_booster,symptom_protective,country_timeline,adolescent_booster,2027-01-01,2051-01-01,2027,2051,41318384.31177108,199440858.11902052,7831931.7670998415,1633995.1673238396,3276609.7603171715,6401311.6723297965,4224204.075237309,12259510.914890945,56921964.532935284,5313361.228292708,6699.164147070687,6544.4060244823595,6552.401607684086,564563.7373781069,199412422.9575398,0.9998574255959942,0.997,0.9999557267643115,1336915575.6669774,7978469.581143079,78945023.77738577,88756327.51365334,175679820.8721822,24.000492823261258,621.5699232562955,24.408705785449712,853.318211826147,1711.1377300492436,337.8501013676275,198.30122981392145,290.757619901255,1350.0126589550118,126.01646796019344,0.2087836456405086,3.417672804639803,1.5540266730977736,13.389702876582966,11337.497296485457,2633499.662586194,1126470.411185766,1126470.411185766,415267.8554727029,6811.0,8708.0,3,10.797260273972602,0.8073544120380229,0.20717111178449435,4.826927805649999,0.44764047814807645,0.33464696390512594,3.68022609977243e-05,0.01204507854643197,0.016434334938925182,0.4191242624017214,-0.008766195312920333,M3;M4;M5;M18,3.0,18.0,4,aP,True,China,/home/ctm/pertussis_transmission_analysis/outputs/calibrations/China_calibrated_config.yaml,current,fitted_parameters_and_state_only,fe4b0945dbc60905bca91e1dac7a67bb5863846eea9d42ff0fc0dbee6b1fb742,fbaadbe47d956b3f84d024d1fe55f5b483b9cf95f7db1635c7b7f23a7bb227b0,True,state_reconstruction_accepted,60.94514257549577,56.10620773765417,True,China,CHN,1,contact_reduction_mean,China,CHN,2025,2025,True,False,nearest_past_year,2024,measured_multicenter_isolate_fraction,https://www.sciencedirect.com/science/article/pii/S2666606525001658,Five sentinel hospitals in China during 2024; 393/394 isolates displayed high-level azithromycin resistance.,China,CHN,7,relative_detection_prior_mean,True,0.0,prospective_policy,2.010611200412732e-05,1.6667804836994706e-16,China,4.146450779474111,5.8866503145963875,4.8866503145963875,0.25,calibrated_country_scenario_analysis,,,-0.007937201908885472,-0.007907660624181911,0.011889561310069463,-0.0010011407273855522,-0.005784781193592936,-0.005126850917852588,-0.008766195312920333,-0.006529855833028231,-0.008767606733209643,-0.006892679441100169,-0.006805971461096405,-0.006806809632050825
intervention_comparison,pregnancy_tdap_scaleup,symptom_protective,country_timeline,pregnancy_tdap_scaleup,2027-01-01,2051-01-01,2027,2051,40749386.27642708,197237443.90916413,7545232.476689577,1402987.7593776882,3082291.818203575,6319918.239716858,4283687.579196641,12006593.578291187,56320851.636228204,5053800.626577081,3907.1229001004626,3754.2815727943125,3762.1542392075294,427133.10969331587,197209008.84276095,0.9998558333253584,0.997,0.9999491117098219,1336915575.6535945,7978469.581817938,78945023.78377798,88756327.51349254,175679820.87908846,24.000492823261258,614.7028449002762,23.515189494095566,732.6796491727972,1609.6594378067052,333.5542974700149,201.0936261518406,284.75920418391786,1335.756123193054,119.86049458110287,0.12176793181181467,1.9605913788377833,0.8922664369275343,10.130274136769897,12300.197254860605,2558481.561342815,1109895.533985089,1109895.533985089,450529.46009958157,6804.0,8694.0,3,10.797260273972602,0.8080234458108215,0.2066006609535755,4.840255570260283,0.44626850441602045,0.3324872758530428,0.001065777652148948,0.012011671586472605,0.016389387243751052,0.41680166793364787,0.0023786111732652104,M3;M4;M5;M18,3.0,18.0,4,aP,True,China,/home/ctm/pertussis_transmission_analysis/outputs/calibrations/China_calibrated_config.yaml,current,fitted_parameters_and_state_only,fe4b0945dbc60905bca91e1dac7a67bb5863846eea9d42ff0fc0dbee6b1fb742,fbaadbe47d956b3f84d024d1fe55f5b483b9cf95f7db1635c7b7f23a7bb227b0,True,state_reconstruction_accepted,60.94514257549577,56.10620773765417,True,China,CHN,1,contact_reduction_mean,China,CHN,2025,2025,True,False,nearest_past_year,2024,measured_multicenter_isolate_fraction,https://www.sciencedirect.com/science/article/pii/S2666606525001658,Five sentinel hospitals in China during 2024; 393/394 isolates displayed high-level azithromycin resistance.,China,CHN,7,relative_detection_prior_mean,True,0.0,prospective_policy,2.010611200412732e-05,1.6667804836994706e-16,China,4.146450779474111,5.671160890297116,4.671160890297116,0.25,calibrated_country_scenario_analysis,,,0.13456074731504997,0.004908004110546038,-0.002024603381125978,0.019649808907038935,0.004836605616368006,0.04397414542238698,0.0023786111732652104,0.030315638232215947,0.002378804058263073,0.41275458259847797,0.4224329768208961,0.4219276024720051
intervention_comparison,cocooning_adjunct,symptom_protective,country_timeline,cocooning_adjunct,2027-01-01,2051-01-01,2027,2051,37396397.18015036,187252418.8607438,7166290.374714678,1462963.010003956,2919010.945663927,6070528.871882679,4245222.56043882,11778714.442325456,54708624.742552176,4985507.764380602,6003.807232559802,5858.299877291781,5865.745456347264,507699.80506160535,187224073.5912557,0.9998486253493517,0.997,0.9999586458965116,1336915575.769968,7978469.583113713,78945023.78960267,88756327.58487637,175679820.95759276,24.000492823261258,583.5838890264074,22.334192702090956,764.0004109685467,1524.3895757165424,320.3919601772552,199.28792238712947,279.35461690581934,1297.5190952487824,118.24079940294124,0.18711241195489062,3.0593688857627406,1.391173105391482,12.041066556168497,10732.13073391852,2443345.127718137,1014003.877390405,1014003.877390405,393094.5955993219,7161.0,8708.0,3,11.305479452054794,0.8148399163159715,0.19971115677796064,5.007231524435074,0.5557548420050188,0.432128322521461,3.490959014192076e-05,0.011956587107395677,0.016313264207162184,0.5274500811003191,0.052882584246767506,M3;M4;M5;M18,3.0,18.0,4,aP,True,China,/home/ctm/pertussis_transmission_analysis/outputs/calibrations/China_calibrated_config.yaml,current,fitted_parameters_and_state_only,fe4b0945dbc60905bca91e1dac7a67bb5863846eea9d42ff0fc0dbee6b1fb742,fbaadbe47d956b3f84d024d1fe55f5b483b9cf95f7db1635c7b7f23a7bb227b0,True,state_reconstruction_accepted,60.94514257549577,56.10620773765417,True,China,CHN,1,contact_reduction_mean,China,CHN,2025,2025,True,False,nearest_past_year,2024,measured_multicenter_isolate_fraction,https://www.sciencedirect.com/science/article/pii/S2666606525001658,Five sentinel hospitals in China during 2024; 393/394 isolates displayed high-level azithromycin resistance.,China,CHN,7,relative_detection_prior_mean,True,0.0,prospective_policy,,,China,4.146450779474111,5.386339761381075,4.386339761381075,0.25,calibrated_country_scenario_analysis,True,False,0.09756474664814974,0.04417518358640593,0.006972993771391378,0.03825636479929717,0.03332390901138926,0.056893084408541794,0.052882584246767506,0.0790158249309949,0.05288959514970726,0.097620327174197,0.09874612348281098,0.0987010835701786
intervention_comparison,maternal_immunization,symptom_protective,country_timeline,maternal_immunization,2027-01-01,2051-01-01,2027,2051,37121738.65935824,186719066.01532826,6949243.580418706,1266241.2474557306,2764964.88113227,6036260.092988836,4252043.669650734,11554545.0100953,54431706.05323642,4772871.133953992,3550.0767720431386,3404.9227271934797,3412.302631509081,388172.52841233095,186690752.05914956,0.9998483606587001,0.997,0.9999585400880195,1336915575.8068662,7978469.5861064745,78945023.80166441,88756327.57296284,175679820.96073374,24.000492823261258,581.9216614693378,21.657752775714968,661.2667760314787,1443.942389698942,318.5833135552091,199.60813287729968,274.0380124302636,1290.9514417906298,113.19771726119596,0.11064036563686827,1.778146367425343,0.8092924733360782,9.206249841357263,10966.327540050543,2388681.5522634136,1005090.5063494714,1005090.5063494714,401672.7150052977,7161.0,8708.0,3,11.305479452054794,0.8157561658285982,0.19881064880814486,5.029911657121619,0.5567301260169074,0.4322523653246387,0.0010024189338542077,0.01190447294845602,0.016242276549412835,0.5275809575851844,0.05558026778916414,M3;M4;M5;M18,3.0,18.0,4,aP,True,China,/home/ctm/pertussis_transmission_analysis/outputs/calibrations/China_calibrated_config.yaml,current,fitted_parameters_and_state_only,fe4b0945dbc60905bca91e1dac7a67bb5863846eea9d42ff0fc0dbee6b1fb742,fbaadbe47d956b3f84d024d1fe55f5b483b9cf95f7db1635c7b7f23a7bb227b0,True,state_reconstruction_accepted,60.94514257549577,56.10620773765417,True,China,CHN,1,contact_reduction_mean,China,CHN,2025,2025,True,False,nearest_past_year,2024,measured_multicenter_isolate_fraction,https://www.sciencedirect.com/science/article/pii/S2666606525001658,Five sentinel hospitals in China during 2024; 393/394 isolates displayed high-level azithromycin resistance.,China,CHN,7,relative_detection_prior_mean,True,0.0,prospective_policy,,,China,4.146450779474111,5.22320266839434,4.22320266839434,0.25,calibrated_country_scenario_analysis,True,False,0.21891344269245383,0.04957091598241503,0.005377424737393444,0.05656001972781777,0.038216934149000514,0.09711748804826126,0.05558026778916414,0.10690984712989393,0.05558750873795215,0.46641905844520126,0.47617911827633774,0.47568391993863457
intervention_comparison,targeted_pep_high_risk,symptom_protective,country_timeline,targeted_pep_high_risk,2027-01-01,2051-01-01,2027,2051,40101163.068817854,193159780.76912883,7583521.683444481,1568364.6895119932,3139003.0390794193,6184060.313482791,4216326.2257865,11968751.228781285,55315377.46087844,5144960.551995345,6424.591494440539,6275.145891229557,6282.851078810415,542110.2310569987,193137593.48196548,0.9998851350572309,0.997,0.9999760128437097,1336915575.5251958,7978469.571908289,78945023.72491919,88756327.54091097,175679820.83773845,24.000492823261258,601.9945524399685,23.634520206877262,819.0441322336272,1639.2756336675106,326.38395255668075,197.93141162726835,283.8617009530117,1311.9093909433427,122.02252563438529,0.20022641700593,3.2770575973122353,1.4900976384043279,12.857175268362486,10324.372793397659,2558166.2112894133,1660839.3159154211,1660839.3159154211,378159.3094526549,6811.0,8729.0,3,10.797260273972602,0.806991916808962,0.20760617406554283,4.816812431042115,0.4433482479190286,0.3309131935143047,3.634430718423261e-05,0.011986620810147047,0.016352074532833476,0.41497320826886386,0.023003315510860767,M3;M4;M5;M18,3.0,18.0,4,aP,True,China,/home/ctm/pertussis_transmission_analysis/outputs/calibrations/China_calibrated_config.yaml,current,fitted_parameters_and_state_only,fe4b0945dbc60905bca91e1dac7a67bb5863846eea9d42ff0fc0dbee6b1fb742,fbaadbe47d956b3f84d024d1fe55f5b483b9cf95f7db1635c7b7f23a7bb227b0,True,state_reconstruction_accepted,60.94514257549577,56.10620773765417,True,China,CHN,1,contact_reduction_mean,China,CHN,2025,2025,True,False,nearest_past_year,2024,measured_multicenter_isolate_fraction,https://www.sciencedirect.com/science/article/pii/S2666606525001658,Five sentinel hospitals in China during 2024; 393/394 isolates displayed high-level azithromycin resistance.,China,CHN,7,relative_detection_prior_mean,True,0.0,prospective_policy,2.010611200412732e-05,1.6667804836994706e-16,China,4.146450779474111,5.699939891695712,4.699939891695712,0.25,calibrated_country_scenario_analysis,,,0.032547250853578014,0.026299283213504276,0.013732319173593077,0.02273967401586685,0.022602869162399175,0.026729451371158675,0.023003315510860767,0.025394856118552855,0.02297487259106945,0.03437593076737022,0.034617606021899894,0.03461087570818788
intervention_comparison,maternal_direct_antibody_only,symptom_protective,country_timeline,maternal_direct_antibody_only,2027-01-01,2051-01-01,2027,2051,40749386.27642708,197237443.90916413,7545232.476689577,1402987.7593776882,3082291.818203575,6319918.239716858,4283687.579196641,12006593.578291187,56320851.636228204,5053800.626577081,3907.1229001004626,3754.2815727943125,3762.1542392075294,427133.10969331587,197209008.84276095,0.9998558333253584,0.997,0.9999491117098219,1336915575.6535945,7978469.581817938,78945023.78377798,88756327.51349254,175679820.87908846,24.000492823261258,614.7028449002762,23.515189494095566,732.6796491727972,1609.6594378067052,333.5542974700149,201.0936261518406,284.75920418391786,1335.756123193054,119.86049458110287,0.12176793181181467,1.9605913788377833,0.8922664369275343,10.130274136769897,12300.197254860605,2558481.561342815,1109895.533985089,1109895.533985089,450529.46009958157,6804.0,8694.0,3,10.797260273972602,0.8080234458108215,0.2066006609535755,4.840255570260283,0.44626850441602045,0.3324872758530428,0.001065777652148948,0.012011671586472605,0.016389387243751052,0.41680166793364787,0.0023786111732652104,M3;M4;M5;M18,3.0,18.0,4,aP,True,China,/home/ctm/pertussis_transmission_analysis/outputs/calibrations/China_calibrated_config.yaml,current,fitted_parameters_and_state_only,fe4b0945dbc60905bca91e1dac7a67bb5863846eea9d42ff0fc0dbee6b1fb742,fbaadbe47d956b3f84d024d1fe55f5b483b9cf95f7db1635c7b7f23a7bb227b0,True,state_reconstruction_accepted,60.94514257549577,56.10620773765417,True,China,CHN,1,contact_reduction_mean,China,CHN,2025,2025,True,False,nearest_past_year,2024,measured_multicenter_isolate_fraction,https://www.sciencedirect.com/science/article/pii/S2666606525001658,Five sentinel hospitals in China during 2024; 393/394 isolates displayed high-level azithromycin resistance.,China,CHN,7,relative_detection_prior_mean,True,0.0,prospective_policy,2.010611200412732e-05,1.6667804836994706e-16,China,4.146450779474111,5.671160890297116,4.671160890297116,0.25,calibrated_country_scenario_analysis,,,0.13456074731504997,0.004908004110546038,-0.002024603381125978,0.019649808907038935,0.004836605616368006,0.04397414542238698,0.0023786111732652104,0.030315638232215947,0.002378804058263073,0.41275458259847797,0.4224329768208961,0.4219276024720051
intervention_comparison,maternal_adult_boosting_only,symptom_protective,country_timeline,maternal_adult_boosting_only,2027-01-01,2051-01-01,2027,2051,37467093.95072236,187458049.45724142,7220413.521688632,1511532.5628229987,3020005.4605801255,6079636.723043593,4243342.928061973,11834512.213928565,54838521.12372545,5038331.032666175,6204.7065759898605,6059.0960872300175,6066.559805166627,523368.47104247345,187429678.19101235,0.9998486527182417,0.997,0.9999586886000174,1336915575.7648408,7978469.582984284,78945023.79049475,88756327.5779878,175679820.95146683,24.000492823261258,584.2247496591115,22.502870878884266,789.3647968616259,1577.1317506118367,320.8726567238037,199.19968485416908,280.6779672002839,1300.5998350453006,119.49360368790484,0.19337356579573056,3.164230311471939,1.4388000478879703,12.412678773192807,10672.32213623743,2457208.6913382723,1016284.0886446461,1016284.0886446461,390903.93680864986,7161.0,8715.0,3,11.305479452054794,0.8146746732189646,0.19986921905569321,5.003271662963528,0.5557922972391894,0.43200123775170646,3.6152223054682894e-05,0.012024109528032238,0.016404544347253528,0.527327491140849,0.05184251053055311,M3;M4;M5;M18,3.0,18.0,4,aP,True,China,/home/ctm/pertussis_transmission_analysis/outputs/calibrations/China_calibrated_config.yaml,current,fitted_parameters_and_state_only,fe4b0945dbc60905bca91e1dac7a67bb5863846eea9d42ff0fc0dbee6b1fb742,fbaadbe47d956b3f84d024d1fe55f5b483b9cf95f7db1635c7b7f23a7bb227b0,True,state_reconstruction_accepted,60.94514257549577,56.10620773765417,True,China,CHN,1,contact_reduction_mean,China,CHN,2025,2025,True,False,nearest_past_year,2024,measured_multicenter_isolate_fraction,https://www.sciencedirect.com/science/article/pii/S2666606525001658,Five sentinel hospitals in China during 2024; 393/394 isolates displayed high-level azithromycin resistance.,China,CHN,7,relative_detection_prior_mean,True,0.0,prospective_policy,2.010611200412732e-05,1.6667804836994706e-16,China,4.146450779474111,5.4270198962155,4.4270198962155,0.25,calibrated_country_scenario_analysis,,,0.0676044015104279,0.04274112234602123,0.0074126705340149535,0.033700421792067004,0.031028700046129343,0.046900523574478825,0.05184251053055311,0.07206012550192598,0.051849503178737044,0.06742490670630163,0.06785518816243352,0.06784503017655574
intervention_comparison,maternal_cocooning_only,symptom_protective,country_timeline,maternal_cocooning_only,2027-01-01,2051-01-01,2027,2051,40956762.27175753,197515999.88051468,7719877.003486527,1564544.3908390224,3131977.395878363,6342776.026850364,4278077.446894777,12185397.864584163,56455505.453908145,5225938.111276124,6418.737797289159,6265.680345890397,6273.5987816261595,542226.1781405556,197487560.1073001,0.9998560128129783,0.997,0.9999492788027943,1336915575.6327753,7978469.579608822,78945023.77225325,88756327.53139679,175679820.88325888,24.000492823261258,615.5709820376786,24.05948009842771,817.0490640781195,1635.6066436976787,334.7606917853677,200.83026380328977,288.9998879261535,1338.949694569582,123.9430624466815,0.2000439828525226,3.272114420273521,1.4879032797551466,12.859925170657919,12460.942018370697,2602049.8127544057,1116723.5989226887,1116723.5989226887,456417.1909977177,6804.0,8694.0,3,10.797260273972602,0.8072578145159138,0.20735921290697418,4.822549169535195,0.4453851310593108,0.3326710271660818,3.5512276451140654e-05,0.01198762772565304,0.016357529626298384,0.41700446143090825,0.0009696829824664688,M3;M4;M5;M18,3.0,18.0,4,aP,True,China,/home/ctm/pertussis_transmission_analysis/outputs/calibrations/China_calibrated_config.yaml,current,fitted_parameters_and_state_only,fe4b0945dbc60905bca91e1dac7a67bb5863846eea9d42ff0fc0dbee6b1fb742,fbaadbe47d956b3f84d024d1fe55f5b483b9cf95f7db1635c7b7f23a7bb227b0,True,state_reconstruction_accepted,60.94514257549577,56.10620773765417,True,China,CHN,1,contact_reduction_mean,China,CHN,2025,2025,True,False,nearest_past_year,2024,measured_multicenter_isolate_fraction,https://www.sciencedirect.com/science/article/pii/S2666606525001658,Five sentinel hospitals in China during 2024; 393/394 isolates displayed high-level azithromycin resistance.,China,CHN,7,relative_detection_prior_mean,True,0.0,prospective_policy,,,China,4.146450779474111,5.802427516450381,4.802427516450381,0.25,calibrated_country_scenario_analysis,True,False,0.034903819117606094,0.0013089700475173993,-0.0007123016572581076,0.00505026282491805,0.002457334948825607,0.01141095227843747,0.0009696829824664688,0.007870992951035882,0.0009696968004795359,0.03525574870883186,0.03607380655942016,0.036032533959251656
intervention_comparison,resistance_guided_treatment,symptom_protective,country_timeline,resistance_guided_treatment,2027-01-01,2051-01-01,2027,2051,30472702.520835817,146128830.5770219,5473584.759325429,1019631.9167516857,1998838.8357290986,4293416.661581177,3548765.2944882144,8861813.872821078,41088317.36494541,3601512.4762494974,4177.317973514887,4064.3767098573,4069.572043026039,354192.4834929847,146083174.0979756,0.9996875600874516,0.997,0.9999894485966853,1336915575.8418102,7978469.5875974735,78945023.78139108,88756327.5504541,175679820.91944265,24.000492823261258,455.4196509784839,17.058769654488113,532.4804507497729,1043.849831237074,226.5990672700894,166.59340064830056,210.1747718048462,974.487599260917,85.41671871145691,0.13018873045189802,2.122531775364922,0.9651764162070984,8.40034844575581,7438.468645846772,3984966.280692639,4044222.6185632637,4044222.6185632637,272454.92035735585,0.0,8766.0,3,10.816438356164383,0.8064028453814436,0.20853313066632803,4.795401079937226,0.41543500520421767,0.31011826205939835,3.031845473403173e-05,0.010716157718463718,0.014603444203897704,0.3900850848271223,0.260884525683605,M3;M4;M5;M18,3.0,18.0,4,aP,True,China,/home/ctm/pertussis_transmission_analysis/outputs/calibrations/China_calibrated_config.yaml,current,fitted_parameters_and_state_only,fe4b0945dbc60905bca91e1dac7a67bb5863846eea9d42ff0fc0dbee6b1fb742,fbaadbe47d956b3f84d024d1fe55f5b483b9cf95f7db1635c7b7f23a7bb227b0,True,state_reconstruction_accepted,60.94514257549577,56.10620773765417,True,China,CHN,1,contact_reduction_mean,China,CHN,2025,2025,True,False,nearest_past_year,2024,measured_multicenter_isolate_fraction,https://www.sciencedirect.com/science/article/pii/S2666606525001658,Five sentinel hospitals in China during 2024; 393/394 isolates displayed high-level azithromycin resistance.,China,CHN,7,relative_detection_prior_mean,True,0.0,prospective_policy,2.010611200412732e-05,1.6667804836994706e-16,China,4.146450779474111,4.114065392728876,3.114065392728876,0.25,calibrated_country_scenario_analysis,,,0.3710355075095494,0.3239873693129838,0.16988574190811156,0.27642416918664015,0.2739884396188904,0.3187030321751364,0.260884525683605,0.29655586354351193,0.2610090598508832,0.37214392797509543,0.3747272515727813,0.3746914352133257
intervention_comparison,transmission_blocking_vaccine,transmission_blocking,country_timeline,transmission_blocking_vaccine,2027-01-01,2051-01-01,2027,2051,36277139.19769849,171851471.5167023,6156983.449310053,1087733.7963234917,2071080.5171577635,4499004.787490957,4026208.165139495,9612946.748953944,42242349.06375462,3852415.539999073,4570.618477890343,4429.45779830135,4435.066142975467,382045.52602971776,171827143.22752428,0.9998584342108723,0.997,0.9999987487168895,1336915575.3731647,7978469.572871554,78945023.72956333,88756327.68898995,175679820.99142486,24.000492823261258,535.5858723885334,19.188624472499743,568.0451677859514,1081.576470128557,237.44965129542183,189.0065003575689,227.98931657797604,1001.8576556394345,91.36736206661485,0.14244618700271833,2.313187387154223,1.0518602935412364,9.060936324303155,12391.383096764182,1998293.1468648273,1006528.7732441411,1006528.7732441411,453869.3989720491,8267.0,8766.0,2,22.649315068493152,0.802168757391787,0.21109588924394343,4.737183673171367,0.36452271302982425,0.2821706341320729,2.4949485085578213e-05,0.009402210776431795,0.012408241076519088,0.3426873116917878,0.13078013845399994,M3;M4;M5;M18,3.0,18.0,4,aP,True,China,/home/ctm/pertussis_transmission_analysis/outputs/calibrations/China_calibrated_config.yaml,current,fitted_parameters_and_state_only,fe4b0945dbc60905bca91e1dac7a67bb5863846eea9d42ff0fc0dbee6b1fb742,fbaadbe47d956b3f84d024d1fe55f5b483b9cf95f7db1635c7b7f23a7bb227b0,True,state_reconstruction_accepted,60.94514257549577,56.10620773765417,True,China,CHN,1,contact_reduction_mean,China,CHN,2025,2025,True,False,nearest_past_year,2024,measured_multicenter_isolate_fraction,https://www.sciencedirect.com/science/article/pii/S2666606525001658,Five sentinel hospitals in China during 2024; 393/394 isolates displayed high-level azithromycin resistance.,China,CHN,7,relative_detection_prior_mean,True,0.0,prospective_policy,2.010611200412732e-05,1.6667804836994706e-16,China,4.146450779474111,4.627722718303535,3.627722718303535,0.25,calibrated_country_scenario_analysis,,,0.3290265595560712,0.2916168400145065,0.05820404377847899,0.21509343005139714,0.2535972333560479,0.27123977953396683,0.13078013845399994,0.20872808294457312,0.13077804544633898,0.31303037440598336,0.3185623653267359,0.3185315764711686
intervention_comparison,next_generation_vaccine,next_generation,country_timeline,next_generation_vaccine,2027-01-01,2051-01-01,2027,2051,4456387.648177827,16636887.384960745,732861.8003960033,185172.86365175073,237407.54658990883,405198.28731763834,377847.76931405213,968218.9202834412,2795511.7271839394,437856.4005213202,1014.1364476940581,996.3481331384219,996.9387491174589,72423.16391442514,16616538.309490466,0.9987768700358775,0.997,0.999963782734446,1336915575.3489637,7978469.569013677,78945023.7619136,88756327.72653839,175679821.05746564,24.000492823261258,51.84990134459962,2.2840096930696445,96.70247519094544,123.98089510258984,21.385661170479892,17.737702966800327,22.963153298891143,66.30087782356118,10.384597364745085,0.03160619744918932,0.5203210056067634,0.2364429866634626,1.7176530849767033,6578.709034521854,440786.98015905765,85754.75772037214,85754.75772037214,240963.79654633452,0.0,8766.0,2,23.704109589041096,0.799286513233248,0.26786186292312525,3.733267547261829,0.33093905386223904,0.30356171360066975,2.7702270687456262e-05,0.00709434471404325,0.007919627432558049,0.3158973794449503,0.9158510961722752,M3;M4;M5;M18,3.0,18.0,4,aP,True,China,/home/ctm/pertussis_transmission_analysis/outputs/calibrations/China_calibrated_config.yaml,current,fitted_parameters_and_state_only,fe4b0945dbc60905bca91e1dac7a67bb5863846eea9d42ff0fc0dbee6b1fb742,fbaadbe47d956b3f84d024d1fe55f5b483b9cf95f7db1635c7b7f23a7bb227b0,True,state_reconstruction_accepted,60.94514257549577,56.10620773765417,True,China,CHN,1,contact_reduction_mean,China,CHN,2025,2025,True,False,nearest_past_year,2024,measured_multicenter_isolate_fraction,https://www.sciencedirect.com/science/article/pii/S2666606525001658,Five sentinel hospitals in China during 2024; 393/394 isolates displayed high-level azithromycin resistance.,China,CHN,7,relative_detection_prior_mean,True,0.0,prospective_policy,2.010611200412732e-05,1.6667804836994706e-16,China,4.146450779474111,0.5508348740990777,0.4491651259009223,0.25,calibrated_country_scenario_analysis,,,0.8857752937150452,0.9362001916537512,0.9116152253903724,0.9209439715494406,0.9506046009845115,0.9171708441980644,0.9158510961722752,0.9058154100120215,0.9159419190938545,0.8475740342048415,0.8467195882490768,0.8468157506981203
intervention_comparison,combined_strategy,transmission_blocking,country_timeline,combined_strategy,2027-01-01,2051-01-01,2027,2051,2613627.504460033,8269233.001430722,438429.3717745744,115783.62522460347,137929.1140141436,257511.9817519358,169328.13586325356,542623.7428397929,1377394.0781410995,265311.03516984463,569.2850071690455,559.1566622301053,559.5098085048173,42591.262045141826,8248945.9218637915,0.9975466794122961,0.997,0.9973382637895706,1336915575.304343,7978469.569765034,78945023.7205226,88756327.58616707,175679820.8764547,24.000492823261258,25.77158247290812,1.3663925918254827,60.465464128710444,72.03046095290868,13.591034721368475,7.9489477682165415,12.869354174197518,32.66752047426291,6.292355841369413,0.017742123737846956,0.2920073286426991,0.13269839340059708,1.0101327913084275,6222.622095696339,788324.1254236584,333136.6919435461,333136.6919435461,227921.10682107907,0.0,154.0,1,,0.8156038241623768,0.31606649661556635,3.1638911770402105,0.48977993449193774,0.41263866373850383,0.0012299559501777195,0.006516365065795135,0.008839150973607593,0.4731944625023573,0.958174454363653,M3;M4;M5;M18,3.0,18.0,4,aP,True,China,/home/ctm/pertussis_transmission_analysis/outputs/calibrations/China_calibrated_config.yaml,current,fitted_parameters_and_state_only,fe4b0945dbc60905bca91e1dac7a67bb5863846eea9d42ff0fc0dbee6b1fb742,fbaadbe47d956b3f84d024d1fe55f5b483b9cf95f7db1635c7b7f23a7bb227b0,True,state_reconstruction_accepted,60.94514257549577,56.10620773765417,True,China,CHN,1,contact_reduction_mean,China,CHN,2025,2025,True,False,nearest_past_year,2024,measured_multicenter_isolate_fraction,https://www.sciencedirect.com/science/article/pii/S2666606525001658,Five sentinel hospitals in China during 2024; 393/394 isolates displayed high-level azithromycin resistance.,China,CHN,7,relative_detection_prior_mean,True,0.0,prospective_policy,,,China,4.146450779474111,0.3295330547728775,0.6704669452271226,0.25,calibrated_country_scenario_analysis,True,False,0.9285783547163792,0.9594538881410493,0.9603913789129641,0.9556942369610649,0.9756620838218097,0.9498111959950992,0.958174454363653,0.9436547373639036,0.9582710579799634,0.914435757409418,0.913978096039655,0.9140287303821604
intervention_comparison,current,symptom_protective,country_timeline,current,2027-01-01,2051-01-01,2027,2051,7320048.154890658,36334232.41308918,300981.7324854618,412572.4774568976,899630.2472196483,1729485.5144399258,859127.9493274867,3001185.94122431,13697018.685190083,236471.6056889214,1438.511663378243,1418.5864683578059,1420.7047844867866,134645.9854502019,35307121.398286134,0.9717315890115505,0.003,0.9998365079329836,72784716.29884404,682810.3403457244,6599216.0808326565,6165078.110847723,13447104.532026103,24.000492823261258,2079.963130647041,17.22978208127792,2517.561010755257,5489.639174326445,1091.954193376035,580.6295101820178,929.9165197242646,4244.016930565186,73.27065262945501,0.8234799592889225,8.656365071021291,4.402049305237704,41.720016232522234,19124.693653741226,517751.7590714245,257704.482539524,257704.482539524,38136.5863531468,2436.0,7107.0,3,8.438356164383562,0.8077931669910852,0.20146422997651264,4.963660298985002,0.5511329434349793,0.3981937322986525,0.0009221016051836627,0.01878036793975248,0.025659699133366475,0.5057707747566768,0.0,W8;W12;W16;M40,1.8410958904109591,40.0,4,aP,True,United_Kingdom,/home/ctm/pertussis_transmission_analysis/outputs/calibrations/United_Kingdom_calibrated_config.yaml,current,fitted_parameters_and_state_only,fe4b0945dbc60905bca91e1dac7a67bb5863846eea9d42ff0fc0dbee6b1fb742,fbaadbe47d956b3f84d024d1fe55f5b483b9cf95f7db1635c7b7f23a7bb227b0,True,state_reconstruction_accepted,47.87063170623975,40.9064805360586,True,United_Kingdom,GBR,1,contact_reduction_mean,United_Kingdom,GBR,2025,2025,True,False,nearest_past_year,2024,measured_national_surveillance_fraction,https://www.postersessiononline.eu/173580348_eu/congresos/UKHSA2025/aula/-P_58_UKHSA2025.pdf,"UKHSA national reference laboratory poster: 661 B. pertussis isolates received from June 2023 to November 2024, with 2 predicted and phenotypically confirmed macrolide-resistant isolates.",United_Kingdom,GBR,3,relative_detection_prior_mean,True,0.0,prospective_policy,6.047227433250013e-05,1.6570722974665014e-16,United_Kingdom,6.999594011212859,2.461540205571497,1.461540205571497,0.25,calibrated_country_scenario_analysis,,,0.0,0.0,0.0,0.0,0.0,0.0,0.0,0.0,0.0,0.0,0.0,0.0
intervention_comparison,higher_child_coverage,symptom_protective,country_timeline,higher_child_coverage,2027-01-01,2051-01-01,2027,2051,7467158.304897898,36891369.76061617,308954.4807861437,422965.92249039025,921785.2171488388,1790342.39973651,869823.4609095665,3083131.7831364665,13923907.89926765,243486.1174031591,1473.5930284077328,1453.2505445731258,1455.4581155393712,138172.2769250846,35858104.98661582,0.9719916939732766,0.003,0.9997966464735798,72784716.29884109,682810.3404678663,6599216.082229932,6165078.111893856,13447104.534591654,24.000492823261258,2111.856611384184,17.68618425118861,2580.9829141128366,5624.831149362859,1130.3777188271843,587.8579207699993,955.3074128785688,4314.318481345332,75.44409686297337,0.8435623832148363,8.86788893862633,4.509732391310797,42.81263652848576,21485.235332005384,531184.9241024342,262605.1515656299,262605.1515656299,42843.74680147531,2429.0,6883.0,3,8.438356164383562,0.8070064153019539,0.2024093535521024,4.940483146904517,0.5517516708504661,0.4012308445327718,0.0009292009472755161,0.018910452081079887,0.025837497067916316,0.5060745207541943,-0.01533367599988944,W8;W12;W16;M40,1.8410958904109591,40.0,4,aP,True,United_Kingdom,/home/ctm/pertussis_transmission_analysis/outputs/calibrations/United_Kingdom_calibrated_config.yaml,current,fitted_parameters_and_state_only,fe4b0945dbc60905bca91e1dac7a67bb5863846eea9d42ff0fc0dbee6b1fb742,fbaadbe47d956b3f84d024d1fe55f5b483b9cf95f7db1635c7b7f23a7bb227b0,True,state_reconstruction_accepted,47.87063170623975,40.9064805360586,True,United_Kingdom,GBR,1,contact_reduction_mean,United_Kingdom,GBR,2025,2025,True,False,nearest_past_year,2024,measured_national_surveillance_fraction,https://www.postersessiononline.eu/173580348_eu/congresos/UKHSA2025/aula/-P_58_UKHSA2025.pdf,"UKHSA national reference laboratory poster: 661 B. pertussis isolates received from June 2023 to November 2024, with 2 predicted and phenotypically confirmed macrolide-resistant isolates.",United_Kingdom,GBR,3,relative_detection_prior_mean,True,0.0,prospective_policy,6.047227433250013e-05,1.6570722974665014e-16,United_Kingdom,6.999594011212859,2.5267442972916117,1.5267442972916117,0.25,calibrated_country_scenario_analysis,,,-0.025191804110535898,-0.03518785487850229,-0.012449265083800398,-0.027304486798551242,-0.016564861251367802,-0.02966323036460139,-0.01533367599988944,-0.026489143493341416,-0.015605452002565023,-0.02438726492290222,-0.02443564561520728,-0.024462035626309886
intervention_comparison,adolescent_booster,symptom_protective,country_timeline,adolescent_booster,2027-01-01,2051-01-01,2027,2051,7350731.737070801,36464045.83146094,302338.69219792326,414633.2818051503,903993.7802366397,1736700.843028395,865151.2876929609,3016485.412526506,13748707.438377667,237602.16883647724,1445.3170838024412,1425.3059931285102,1427.4343707813573,135303.97543835355,35433339.475432575,0.9717336260273379,0.003,0.999832038697441,72784716.29793824,682810.3403889802,6599216.080801258,6165078.110577326,13447104.531767562,24.000492823261258,2087.3943355215692,17.307461613555656,2530.136257276323,5516.26591519937,1096.509772623161,584.7002985082217,934.6570561120524,4260.032674561138,73.62095726646888,0.8273757409439101,8.697368323226788,4.422900907285392,41.92389422415539,19522.764522956808,520157.85129977425,258794.85293765354,258794.85293765354,38930.380196023696,2436.0,7100.0,3,8.438356164383562,0.8077006861411143,0.2015884844771843,4.960600813054773,0.5512646243720647,0.3987757592078529,0.000922819635283076,0.018798816414358068,0.02568475394124713,0.5058582343811764,-0.003572757968185236,W8;W12;W16;M40,1.8410958904109591,40.0,4,aP,True,United_Kingdom,/home/ctm/pertussis_transmission_analysis/outputs/calibrations/United_Kingdom_calibrated_config.yaml,current,fitted_parameters_and_state_only,fe4b0945dbc60905bca91e1dac7a67bb5863846eea9d42ff0fc0dbee6b1fb742,fbaadbe47d956b3f84d024d1fe55f5b483b9cf95f7db1635c7b7f23a7bb227b0,True,state_reconstruction_accepted,47.87063170623975,40.9064805360586,True,United_Kingdom,GBR,1,contact_reduction_mean,United_Kingdom,GBR,2025,2025,True,False,nearest_past_year,2024,measured_national_surveillance_fraction,https://www.postersessiononline.eu/173580348_eu/congresos/UKHSA2025/aula/-P_58_UKHSA2025.pdf,"UKHSA national reference laboratory poster: 661 B. pertussis isolates received from June 2023 to November 2024, with 2 predicted and phenotypically confirmed macrolide-resistant isolates.",United_Kingdom,GBR,3,relative_detection_prior_mean,True,0.0,prospective_policy,6.047227433250013e-05,1.6570722974665014e-16,United_Kingdom,6.999594011212859,2.4726379252611386,1.4726379252611386,0.25,calibrated_country_scenario_analysis,,,-0.004995011690928974,-0.0041719508652871,-0.007010991052251558,-0.005097808533634174,-0.0037737229082903667,-0.004780967864036478,-0.003572757968185236,-0.004508445417121809,-0.0035748617317912235,-0.004730876083560043,-0.004736774895705231,-0.004736794278483281
intervention_comparison,pregnancy_tdap_scaleup,symptom_protective,country_timeline,pregnancy_tdap_scaleup,2027-01-01,2051-01-01,2027,2051,7146852.8112356085,35685062.16611418,285620.4370703985,360504.2607723028,838279.7046390646,1692194.8501243265,848494.597388469,2901193.7082850984,13425672.979108913,222192.10445006844,903.5841605749099,884.0772817825911,886.1353949717617,106537.10985514334,34645627.247833356,0.9708719880200223,0.003,0.9998416527600394,72784716.30021532,682810.3404112984,6599216.081617003,6165078.109910577,13447104.531938877,24.000492823261258,2042.801201222794,16.35042049878329,2199.8352304999607,5115.271656783132,1068.409794100738,573.4431092997174,898.9339578111372,4159.940548927463,68.84615366333121,0.517259238623687,5.394733329319374,2.745687733582462,33.010489972575336,18650.24976573099,496271.44554145995,252951.02489949047,252951.02489949047,37190.49693498322,2709.0,7107.0,3,8.093150684931507,0.8088879249336662,0.20027575622446628,4.993115586487732,0.5515717694999563,0.3979453659598633,0.0016601145614864648,0.0186313684642026,0.025456680351771895,0.5058236061224954,0.017866628902311388,W8;W12;W16;M40,1.8410958904109591,40.0,4,aP,True,United_Kingdom,/home/ctm/pertussis_transmission_analysis/outputs/calibrations/United_Kingdom_calibrated_config.yaml,current,fitted_parameters_and_state_only,fe4b0945dbc60905bca91e1dac7a67bb5863846eea9d42ff0fc0dbee6b1fb742,fbaadbe47d956b3f84d024d1fe55f5b483b9cf95f7db1635c7b7f23a7bb227b0,True,state_reconstruction_accepted,47.87063170623975,40.9064805360586,True,United_Kingdom,GBR,1,contact_reduction_mean,United_Kingdom,GBR,2025,2025,True,False,nearest_past_year,2024,measured_national_surveillance_fraction,https://www.postersessiononline.eu/173580348_eu/congresos/UKHSA2025/aula/-P_58_UKHSA2025.pdf,"UKHSA national reference laboratory poster: 661 B. pertussis isolates received from June 2023 to November 2024, with 2 predicted and phenotypically confirmed macrolide-resistant isolates.",United_Kingdom,GBR,3,relative_detection_prior_mean,True,0.0,prospective_policy,6.047227433250013e-05,1.6570722974665014e-16,United_Kingdom,6.999594011212859,2.3359098359977826,1.3359098359977826,0.25,calibrated_country_scenario_analysis,,,0.12620380546357335,0.021561709539773433,0.0123769130632303,0.03331757341846686,0.01981056697940875,0.060385690693189,0.017866628902311388,0.05103730146082974,0.01873543138764322,0.3718617765997765,0.37678999377033195,0.37627056328111963
intervention_comparison,cocooning_adjunct,symptom_protective,country_timeline,cocooning_adjunct,2027-01-01,2051-01-01,2027,2051,6284153.857015101,32585427.794328302,259585.54392446106,345842.19782740483,753300.2871423997,1535639.468156654,787968.1775881965,2669449.843572255,12329993.464468673,206454.05346737412,1204.908048257816,1187.2892503334576,1189.1354252741532,113315.49855380236,31720677.08066152,0.9734620420169136,0.003,0.9997306203715909,72784716.29698677,682810.3404937009,6599216.081326753,6165078.108774647,13447104.530595101,24.000492823261258,1865.3617789343368,14.860045878693414,2110.3657672522563,4596.7182386459,969.5646148183448,532.5371820391077,827.1281943179765,3820.4445963932485,63.96972352384787,0.6897529271479156,7.244964915995501,3.6845323746197094,35.11077158191636,31246.86714343517,449717.7254347243,216583.67750613217,216583.67750613217,62309.4345261525,2737.0,6799.0,3,8.073972602739726,0.8160352929708029,0.1928516604624383,5.185332589836684,0.655717417457443,0.4926886241466529,0.0008620576517480359,0.018255048043952952,0.024947382521347587,0.6116529292403946,0.1031755556616738,W8;W12;W16;M40,1.8410958904109591,40.0,4,aP,True,United_Kingdom,/home/ctm/pertussis_transmission_analysis/outputs/calibrations/United_Kingdom_calibrated_config.yaml,current,fitted_parameters_and_state_only,fe4b0945dbc60905bca91e1dac7a67bb5863846eea9d42ff0fc0dbee6b1fb742,fbaadbe47d956b3f84d024d1fe55f5b483b9cf95f7db1635c7b7f23a7bb227b0,True,state_reconstruction_accepted,47.87063170623975,40.9064805360586,True,United_Kingdom,GBR,1,contact_reduction_mean,United_Kingdom,GBR,2025,2025,True,False,nearest_past_year,2024,measured_national_surveillance_fraction,https://www.postersessiononline.eu/173580348_eu/congresos/UKHSA2025/aula/-P_58_UKHSA2025.pdf,"UKHSA national reference laboratory poster: 661 B. pertussis isolates received from June 2023 to November 2024, with 2 predicted and phenotypically confirmed macrolide-resistant isolates.",United_Kingdom,GBR,3,relative_detection_prior_mean,True,0.0,prospective_policy,,,United_Kingdom,6.999594011212859,2.122986826791477,1.122986826791477,0.25,calibrated_country_scenario_analysis,True,False,0.16174195632442367,0.11208307017595731,0.08282790915485061,0.11053500321167231,0.09980458172255458,0.1269393512768523,0.1031755556616738,0.13753721270442976,0.10157849679013209,0.16239257634646165,0.16304766976390528,0.16299611414083126
intervention_comparison,maternal_immunization,symptom_protective,country_timeline,maternal_immunization,2027-01-01,2051-01-01,2027,2051,6247687.510718185,32561625.085519835,251508.6133597359,309215.7783983348,717694.8140370651,1533514.3967809014,790261.5031431493,2632991.6783223855,12303286.534398284,198381.12888684787,773.8984892379477,756.2963180612105,758.130190273184,91809.74137333239,31690599.87522833,0.9732499465857787,0.003,0.9997401989469428,72784716.29654296,682810.3405097772,6599216.08143051,6165078.109221044,13447104.531161333,24.000492823261258,1863.9991863314012,14.397679766491983,1886.867471668121,4379.449865740525,968.2228975233712,534.0870937396014,815.8316432493784,3812.1694623514545,61.46833037943515,0.44302031930345387,4.615000336928959,2.349064009657706,28.44721948328742,31787.765955272906,440226.1636612379,215382.0356823553,215382.0356823553,63388.041828916306,2737.0,6792.0,3,8.073972602739726,0.8170131876013265,0.19187271809405282,5.21178836644101,0.6569146911630914,0.4931549490290492,0.0015565876125335394,0.018192162257055923,0.02486042053886166,0.6123055207546403,0.10383065987683515,W8;W12;W16;M40,1.8410958904109591,40.0,4,aP,True,United_Kingdom,/home/ctm/pertussis_transmission_analysis/outputs/calibrations/United_Kingdom_calibrated_config.yaml,current,fitted_parameters_and_state_only,fe4b0945dbc60905bca91e1dac7a67bb5863846eea9d42ff0fc0dbee6b1fb742,fbaadbe47d956b3f84d024d1fe55f5b483b9cf95f7db1635c7b7f23a7bb227b0,True,state_reconstruction_accepted,47.87063170623975,40.9064805360586,True,United_Kingdom,GBR,1,contact_reduction_mean,United_Kingdom,GBR,2025,2025,True,False,nearest_past_year,2024,measured_national_surveillance_fraction,https://www.postersessiononline.eu/173580348_eu/congresos/UKHSA2025/aula/-P_58_UKHSA2025.pdf,"UKHSA national reference laboratory poster: 661 B. pertussis isolates received from June 2023 to November 2024, with 2 predicted and phenotypically confirmed macrolide-resistant isolates.",United_Kingdom,GBR,3,relative_detection_prior_mean,True,0.0,prospective_policy,,,United_Kingdom,6.999594011212859,2.0569306938985186,1.0569306938985186,0.25,calibrated_country_scenario_analysis,True,False,0.25051767799843294,0.11331180054577528,0.08015854476419382,0.12268292272211656,0.10175441698847754,0.1610784376885468,0.10383065987683515,0.1643724976834452,0.10243037041341341,0.46201444942024184,0.4668662538867161,0.4663703546637594
intervention_comparison,targeted_pep_high_risk,symptom_protective,country_timeline,targeted_pep_high_risk,2027-01-01,2051-01-01,2027,2051,6923634.359707344,34448824.82851854,282574.6788739269,382597.1590394386,834676.9680704977,1622582.9334847855,820752.7505784951,2825932.8431027196,12967202.94303692,221320.78488398754,1336.1455004537297,1317.454900363324,1319.428270370576,125011.23455321442,34240318.850460686,0.9939473703647144,0.003,0.99989482891237,72784716.29695775,682810.3405165802,6599216.081518511,6165078.109651856,13447104.531686947,24.000492823261258,1972.032454811997,16.176065233614125,2334.64843830507,5093.2873753882905,1024.4585591159064,554.6941733351986,875.6144024274727,4017.8837525582067,68.5761755711786,0.7648801677160396,8.039249516104062,4.08824434496461,38.73469169913132,20308.376721134457,486383.1971134632,312183.50541780214,312183.50541780214,40496.97090683596,2702.0,6813.0,3,8.102739726027398,0.8080235020006558,0.20098317995380782,4.975540740423309,0.5482810748221146,0.39569132335921803,0.0009055400153475718,0.018492521811099658,0.025266797250895985,0.5036162157447714,0.05189066781802809,W8;W12;W16;M40,1.8410958904109591,40.0,4,aP,True,United_Kingdom,/home/ctm/pertussis_transmission_analysis/outputs/calibrations/United_Kingdom_calibrated_config.yaml,current,fitted_parameters_and_state_only,fe4b0945dbc60905bca91e1dac7a67bb5863846eea9d42ff0fc0dbee6b1fb742,fbaadbe47d956b3f84d024d1fe55f5b483b9cf95f7db1635c7b7f23a7bb227b0,True,state_reconstruction_accepted,47.87063170623975,40.9064805360586,True,United_Kingdom,GBR,1,contact_reduction_mean,United_Kingdom,GBR,2025,2025,True,False,nearest_past_year,2024,measured_national_surveillance_fraction,https://www.postersessiononline.eu/173580348_eu/congresos/UKHSA2025/aula/-P_58_UKHSA2025.pdf,"UKHSA national reference laboratory poster: 661 B. pertussis isolates received from June 2023 to November 2024, with 2 predicted and phenotypically confirmed macrolide-resistant isolates.",United_Kingdom,GBR,3,relative_detection_prior_mean,True,0.0,prospective_policy,6.047227433250013e-05,1.6570722974665014e-16,United_Kingdom,6.999594011212859,2.3110004962718125,1.3110004962718125,0.25,calibrated_country_scenario_analysis,,,0.07265467294916839,0.06181178163250445,0.044667617645347435,0.05839461518005695,0.053282817153653905,0.06407035957147766,0.05189066781802809,0.0611567135969755,0.030214939807503893,0.07116116297876485,0.07129037971971808,0.07128610758694365
intervention_comparison,maternal_direct_antibody_only,symptom_protective,country_timeline,maternal_direct_antibody_only,2027-01-01,2051-01-01,2027,2051,7146852.8112356085,35685062.16611418,285620.4370703985,360504.2607723028,838279.7046390646,1692194.8501243265,848494.597388469,2901193.7082850984,13425672.979108913,222192.10445006844,903.5841605749099,884.0772817825911,886.1353949717617,106537.10985514334,34645627.247833356,0.9708719880200223,0.003,0.9998416527600394,72784716.30021532,682810.3404112984,6599216.081617003,6165078.109910577,13447104.531938877,24.000492823261258,2042.801201222794,16.35042049878329,2199.8352304999607,5115.271656783132,1068.409794100738,573.4431092997174,898.9339578111372,4159.940548927463,68.84615366333121,0.517259238623687,5.394733329319374,2.745687733582462,33.010489972575336,18650.24976573099,496271.44554145995,252951.02489949047,252951.02489949047,37190.49693498322,2709.0,7107.0,3,8.093150684931507,0.8088879249336662,0.20027575622446628,4.993115586487732,0.5515717694999563,0.3979453659598633,0.0016601145614864648,0.0186313684642026,0.025456680351771895,0.5058236061224954,0.017866628902311388,W8;W12;W16;M40,1.8410958904109591,40.0,4,aP,True,United_Kingdom,/home/ctm/pertussis_transmission_analysis/outputs/calibrations/United_Kingdom_calibrated_config.yaml,current,fitted_parameters_and_state_only,fe4b0945dbc60905bca91e1dac7a67bb5863846eea9d42ff0fc0dbee6b1fb742,fbaadbe47d956b3f84d024d1fe55f5b483b9cf95f7db1635c7b7f23a7bb227b0,True,state_reconstruction_accepted,47.87063170623975,40.9064805360586,True,United_Kingdom,GBR,1,contact_reduction_mean,United_Kingdom,GBR,2025,2025,True,False,nearest_past_year,2024,measured_national_surveillance_fraction,https://www.postersessiononline.eu/173580348_eu/congresos/UKHSA2025/aula/-P_58_UKHSA2025.pdf,"UKHSA national reference laboratory poster: 661 B. pertussis isolates received from June 2023 to November 2024, with 2 predicted and phenotypically confirmed macrolide-resistant isolates.",United_Kingdom,GBR,3,relative_detection_prior_mean,True,0.0,prospective_policy,6.047227433250013e-05,1.6570722974665014e-16,United_Kingdom,6.999594011212859,2.3359098359977826,1.3359098359977826,0.25,calibrated_country_scenario_analysis,,,0.12620380546357335,0.021561709539773433,0.0123769130632303,0.03331757341846686,0.01981056697940875,0.060385690693189,0.017866628902311388,0.05103730146082974,0.01873543138764322,0.3718617765997765,0.37678999377033195,0.37627056328111963
intervention_comparison,maternal_adult_boosting_only,symptom_protective,country_timeline,maternal_adult_boosting_only,2027-01-01,2051-01-01,2027,2051,6294163.718902312,32597857.97184236,261822.38059788276,357395.5157773044,778932.2638081952,1535724.6425067293,786861.962726218,2679982.121010252,12346461.893287208,208697.28597677036,1247.7484055943748,1230.1265458078574,1231.9765124456085,116852.45086951868,31733307.599700928,0.9734783072897544,0.003,0.9997278656623904,72784716.2969418,682810.3404978715,6599216.081345241,6165078.108816462,13447104.530659575,24.000492823261258,1866.0733478670516,14.988094209467437,2180.86533858337,4753.127278468908,969.6183917845302,531.7895623192696,830.3916171650827,3825.547333863954,64.66478841093401,0.7142770075673397,7.506362635773187,3.817275348439513,36.206695144169515,30996.345493215493,452621.6157379885,217003.16646149568,217003.16646149568,61809.8688483748,2730.0,6799.0,3,8.073972602739726,0.8158041639296589,0.19308519364490562,5.17906102028235,0.6556207910955972,0.4923943840582849,0.0008948058488737698,0.01835529811176788,0.02508358794193167,0.6112870991930239,0.1028334491497559,W8;W12;W16;M40,1.8410958904109591,40.0,4,aP,True,United_Kingdom,/home/ctm/pertussis_transmission_analysis/outputs/calibrations/United_Kingdom_calibrated_config.yaml,current,fitted_parameters_and_state_only,fe4b0945dbc60905bca91e1dac7a67bb5863846eea9d42ff0fc0dbee6b1fb742,fbaadbe47d956b3f84d024d1fe55f5b483b9cf95f7db1635c7b7f23a7bb227b0,True,state_reconstruction_accepted,47.87063170623975,40.9064805360586,True,United_Kingdom,GBR,1,contact_reduction_mean,United_Kingdom,GBR,2025,2025,True,False,nearest_past_year,2024,measured_national_surveillance_fraction,https://www.postersessiononline.eu/173580348_eu/congresos/UKHSA2025/aula/-P_58_UKHSA2025.pdf,"UKHSA national reference laboratory poster: 661 B. pertussis isolates received from June 2023 to November 2024, with 2 predicted and phenotypically confirmed macrolide-resistant isolates.",United_Kingdom,GBR,3,relative_detection_prior_mean,True,0.0,prospective_policy,6.047227433250013e-05,1.6570722974665014e-16,United_Kingdom,6.999594011212859,2.1412805064775986,1.1412805064775986,0.25,calibrated_country_scenario_analysis,,,0.1337388330402085,0.1120338218015915,0.08411551115039084,0.10702563136858678,0.09860224498073922,0.11745308546129718,0.1028334491497559,0.13010541059820147,0.10122076388698986,0.13261154750450477,0.13285050065937454,0.1328413010936358
intervention_comparison,maternal_cocooning_only,symptom_protective,country_timeline,maternal_cocooning_only,2027-01-01,2051-01-01,2027,2051,7258577.391439671,36086249.518408775,295990.46342165326,394764.4629121646,860360.1108056887,1716397.8909911928,855582.3987258866,2966744.7526292442,13587842.945922542,231879.2358607632,1374.144513246993,1354.3751424812372,1356.4714579848405,129162.19426935301,35057064.66601056,0.9714798609959953,0.003,0.9998406346508263,72784716.2989658,682810.3403555399,6599216.080846823,6165078.11082953,13447104.532031892,24.000492823261258,2065.7672816133318,16.94405551050961,2408.8946174286375,5250.008637254833,1083.6909930249053,578.2332998046485,919.2449282727822,4210.188862097686,71.84770828291502,0.7866328071100935,8.26454075079224,4.203022545145732,40.02086526030322,18483.40361805149,510215.4085365787,255930.14772225003,255930.14772225003,36857.78872819604,2443.0,7114.0,3,8.447945205479453,0.8080682791189141,0.20114524197746939,4.971531964509564,0.5509047432291402,0.3982180232862221,0.0008849920024908726,0.01863544247558707,0.02546329476790276,0.5059210139831595,0.006825048396813527,W8;W12;W16;M40,1.8410958904109591,40.0,4,aP,True,United_Kingdom,/home/ctm/pertussis_transmission_analysis/outputs/calibrations/United_Kingdom_calibrated_config.yaml,current,fitted_parameters_and_state_only,fe4b0945dbc60905bca91e1dac7a67bb5863846eea9d42ff0fc0dbee6b1fb742,fbaadbe47d956b3f84d024d1fe55f5b483b9cf95f7db1635c7b7f23a7bb227b0,True,state_reconstruction_accepted,47.87063170623975,40.9064805360586,True,United_Kingdom,GBR,1,contact_reduction_mean,United_Kingdom,GBR,2025,2025,True,False,nearest_past_year,2024,measured_national_surveillance_fraction,https://www.postersessiononline.eu/173580348_eu/congresos/UKHSA2025/aula/-P_58_UKHSA2025.pdf,"UKHSA national reference laboratory poster: 661 B. pertussis isolates received from June 2023 to November 2024, with 2 predicted and phenotypically confirmed macrolide-resistant isolates.",United_Kingdom,GBR,3,relative_detection_prior_mean,True,0.0,prospective_policy,,,United_Kingdom,6.999594011212859,2.420719756512509,1.4207197565125091,0.25,calibrated_country_scenario_analysis,True,False,0.04316336042215374,0.007567350717575305,0.004126918003744984,0.011475859633347407,0.007970766615481573,0.019420385863152978,0.006825048396813527,0.016583295679081234,0.007082331336355052,0.04474565745270931,0.04526430168962592,0.045212296884851844
intervention_comparison,resistance_guided_treatment,symptom_protective,country_timeline,resistance_guided_treatment,2027-01-01,2051-01-01,2027,2051,5727507.649255982,28606050.217089444,224028.01857111556,286291.48031119665,614613.6118584671,1274849.5242834485,708329.5282665727,2269470.532861218,10514127.315436034,172165.88702011906,958.2559648984983,943.2180161764355,944.7109052576251,92652.15107957102,21592072.093566038,0.7548078790921926,0.003,0.9989483146710945,72784716.29846919,682810.3405253828,6599216.082661391,6165078.109264839,13447104.532451611,24.000492823261258,1637.5612146922892,12.824545557053463,1746.9809736121608,3750.437438350132,804.9083221317405,478.7145238056999,703.1947306161802,3257.799040871877,53.34554592862464,0.5485562634326442,5.755616361469478,2.9271837678159773,28.708239863008064,7723.590899161763,787435.3203549993,1000118.7348645658,1000118.7348645658,15401.626641121302,3129.0,7198.0,6,3.5901369863013697,0.8079063667742875,0.20022014943658076,4.994502315646047,0.5238347928767538,0.379424028336236,0.0007474828865308727,0.017101256213010767,0.02330521745703818,0.48268083632017406,0.2126969990211134,W8;W12;W16;M40,1.8410958904109591,40.0,4,aP,True,United_Kingdom,/home/ctm/pertussis_transmission_analysis/outputs/calibrations/United_Kingdom_calibrated_config.yaml,current,fitted_parameters_and_state_only,fe4b0945dbc60905bca91e1dac7a67bb5863846eea9d42ff0fc0dbee6b1fb742,fbaadbe47d956b3f84d024d1fe55f5b483b9cf95f7db1635c7b7f23a7bb227b0,True,state_reconstruction_accepted,47.87063170623975,40.9064805360586,True,United_Kingdom,GBR,1,contact_reduction_mean,United_Kingdom,GBR,2025,2025,True,False,nearest_past_year,2024,measured_national_surveillance_fraction,https://www.postersessiononline.eu/173580348_eu/congresos/UKHSA2025/aula/-P_58_UKHSA2025.pdf,"UKHSA national reference laboratory poster: 661 B. pertussis isolates received from June 2023 to November 2024, with 2 predicted and phenotypically confirmed macrolide-resistant isolates.",United_Kingdom,GBR,3,relative_detection_prior_mean,True,0.0,prospective_policy,6.047227433250013e-05,1.6570722974665014e-16,United_Kingdom,6.999594011212859,1.83218420047069,0.8321842004706901,0.25,calibrated_country_scenario_analysis,,,0.30608197115837377,0.2628735461272169,0.17552498574741615,0.24380875516982958,0.23237840605383375,0.2719384362509746,0.2126969990211134,0.2556756959263742,0.3884499432849784,0.3338559642623252,0.33510008926820634,0.3350406674396531
intervention_comparison,transmission_blocking_vaccine,transmission_blocking,country_timeline,transmission_blocking_vaccine,2027-01-01,2051-01-01,2027,2051,6108879.383826243,30079620.863357775,222647.00453235058,269017.5645022777,560905.041022387,1192638.5482275216,755885.8929239601,2217542.0056537595,9992777.7139063,164352.46250493053,947.8974923194469,930.9346073457644,932.3539119079842,88703.7696016926,29335296.950310126,0.9752548771665415,0.003,0.9954019267834914,72784716.2991665,682810.3405235985,6599216.082390279,6165078.112195406,13447104.535109283,24.000492823261258,1721.9161717259794,12.74548902834161,1641.573707479305,3422.702043409346,753.0023540169984,510.8548220431563,687.1046926622184,3096.2590302460785,50.9245587906853,0.5426265273016331,5.680661698163722,2.8888956622270987,27.48483509884304,23217.098805490878,360921.7668831676,207096.62111274496,207096.62111274496,46297.25889992797,3822.0,5663.0,2,11.027397260273972,0.8046394192242045,0.20309030527934357,4.923917951792603,0.47640639545061264,0.35549482086217965,0.0006353615492627621,0.014823418668229693,0.019641528408593026,0.44130608682452716,0.17214101232748813,W8;W12;W16;M40,1.8410958904109591,40.0,4,aP,True,United_Kingdom,/home/ctm/pertussis_transmission_analysis/outputs/calibrations/United_Kingdom_calibrated_config.yaml,current,fitted_parameters_and_state_only,fe4b0945dbc60905bca91e1dac7a67bb5863846eea9d42ff0fc0dbee6b1fb742,fbaadbe47d956b3f84d024d1fe55f5b483b9cf95f7db1635c7b7f23a7bb227b0,True,state_reconstruction_accepted,47.87063170623975,40.9064805360586,True,United_Kingdom,GBR,1,contact_reduction_mean,United_Kingdom,GBR,2025,2025,True,False,nearest_past_year,2024,measured_national_surveillance_fraction,https://www.postersessiononline.eu/173580348_eu/congresos/UKHSA2025/aula/-P_58_UKHSA2025.pdf,"UKHSA national reference laboratory poster: 661 B. pertussis isolates received from June 2023 to November 2024, with 2 predicted and phenotypically confirmed macrolide-resistant isolates.",United_Kingdom,GBR,3,relative_detection_prior_mean,True,0.0,prospective_policy,6.047227433250013e-05,1.6570722974665014e-16,United_Kingdom,6.999594011212859,1.820889755595,0.8208897555950001,0.25,calibrated_country_scenario_analysis,,,0.34795077422394816,0.31040847797228066,0.12017075743414352,0.261111424256129,0.27044140454367627,0.30498013904833743,0.17214101232748813,0.2602640608990946,0.16913937504590482,0.34105679053489446,0.3437589966416079,0.3437384584829237
intervention_comparison,next_generation_vaccine,next_generation,country_timeline,next_generation_vaccine,2027-01-01,2051-01-01,2027,2051,5380739.934952374,25321534.723724112,175251.3891201135,197178.4203332262,363625.8738906593,824288.6061644342,700789.3018926579,1722256.3283903184,6746715.9996285625,120431.2523455141,752.3842832569874,736.7439732596838,737.8075176162179,68424.08441355533,24470761.43718697,0.9664011958272009,0.003,0.9998399513106392,72784716.29772356,682810.3404384818,6599216.081117665,6165078.109723553,13447104.531279702,24.000492823261258,1449.538221662899,10.032313984946354,1203.2036314823433,2218.8836447050935,520.4353505706871,473.6185680973862,533.6405815646898,2090.467830104344,37.315585654018335,0.43070445289307063,4.495689855921862,2.286094272340442,21.20118103070537,25710.23847929435,280992.9308614549,194122.55580033746,194122.55580033746,51268.83325102068,4599.0,4972.0,2,10.95068493150685,0.7939928530096564,0.2124965960262701,4.705957736265921,0.3503586958927854,0.3064853202550038,0.00031183507350942977,0.012492904704948866,0.014203269838457204,0.3233506862758699,0.30309427110390286,W8;W12;W16;M40,1.8410958904109591,40.0,4,aP,True,United_Kingdom,/home/ctm/pertussis_transmission_analysis/outputs/calibrations/United_Kingdom_calibrated_config.yaml,current,fitted_parameters_and_state_only,fe4b0945dbc60905bca91e1dac7a67bb5863846eea9d42ff0fc0dbee6b1fb742,fbaadbe47d956b3f84d024d1fe55f5b483b9cf95f7db1635c7b7f23a7bb227b0,True,state_reconstruction_accepted,47.87063170623975,40.9064805360586,True,United_Kingdom,GBR,1,contact_reduction_mean,United_Kingdom,GBR,2025,2025,True,False,nearest_past_year,2024,measured_national_surveillance_fraction,https://www.postersessiononline.eu/173580348_eu/congresos/UKHSA2025/aula/-P_58_UKHSA2025.pdf,"UKHSA national reference laboratory poster: 661 B. pertussis isolates received from June 2023 to November 2024, with 2 predicted and phenotypically confirmed macrolide-resistant isolates.",United_Kingdom,GBR,3,relative_detection_prior_mean,True,0.0,prospective_policy,6.047227433250013e-05,1.6570722974665014e-16,United_Kingdom,6.999594011212859,1.433270839548021,0.4332708395480209,0.25,calibrated_country_scenario_analysis,,,0.5220756809842559,0.5233908585632931,0.18430159041941785,0.42614141138894657,0.5074317882822591,0.4907158007632362,0.30309427110390286,0.41773413398576076,0.3069171184718893,0.4769703281445309,0.48064923098233225,0.4806749961901885
intervention_comparison,combined_strategy,transmission_blocking,country_timeline,combined_strategy,2027-01-01,2051-01-01,2027,2051,2572708.7010041988,13471553.140186619,85556.45078809434,80036.85950416635,174732.91664075758,473701.2766221522,361779.7459459048,915517.8820722234,4300554.735522169,61116.67403629159,198.21076363543378,191.0334287384576,191.54654722236356,24188.218449894757,12704574.257518902,0.943066781188001,0.003,0.9989423468908186,72784716.29492623,682810.3405734648,6599216.080218274,6165078.107728591,13447104.528520327,24.000492823261258,771.182765802826,4.8977025636497595,488.3934044408722,1066.238787412947,299.08321934156567,244.50374004600172,283.67292781485696,1332.5255322073347,18.936982227959795,0.1134662969604309,1.1657062408693248,0.5935063741235381,7.494711879112911,7674.223270209565,293485.65049722116,571553.8294742997,571553.8294742997,15303.18256181162,5691.0,5364.0,4,3.6757990867579906,0.8142112043138771,0.19097342928705247,5.236330539453729,0.5610293989910979,0.44163180215453485,0.0008876788703712405,0.01230003018125959,0.016190375366738424,0.5316513145727286,0.6292324828270329,W8;W12;W16;M40,1.8410958904109591,40.0,4,aP,True,United_Kingdom,/home/ctm/pertussis_transmission_analysis/outputs/calibrations/United_Kingdom_calibrated_config.yaml,current,fitted_parameters_and_state_only,fe4b0945dbc60905bca91e1dac7a67bb5863846eea9d42ff0fc0dbee6b1fb742,fbaadbe47d956b3f84d024d1fe55f5b483b9cf95f7db1635c7b7f23a7bb227b0,True,state_reconstruction_accepted,47.87063170623975,40.9064805360586,True,United_Kingdom,GBR,1,contact_reduction_mean,United_Kingdom,GBR,2025,2025,True,False,nearest_past_year,2024,measured_national_surveillance_fraction,https://www.postersessiononline.eu/173580348_eu/congresos/UKHSA2025/aula/-P_58_UKHSA2025.pdf,"UKHSA national reference laboratory poster: 661 B. pertussis isolates received from June 2023 to November 2024, with 2 predicted and phenotypically confirmed macrolide-resistant isolates.",United_Kingdom,GBR,3,relative_detection_prior_mean,True,0.0,prospective_policy,,,United_Kingdom,6.999594011212859,0.6997123770041496,0.30028762299585043,0.25,calibrated_country_scenario_analysis,True,False,0.8060053351170814,0.7261027787355854,0.578898875040556,0.6949479639043141,0.6860225692637663,0.7415475153634699,0.6292324828270329,0.7157420482579389,0.6401696384646185,0.862211222417238,0.8653353651683968,0.8651749826466886
intervention_comparison,current,symptom_protective,country_timeline,current,2027-01-01,2051-01-01,2027,2051,12695737.961070437,60712053.67476191,820237.6203451084,597403.6217839075,1244636.648341139,2007031.10308471,1060551.5678828917,3664986.2927515097,16235474.601914896,572428.6593844384,2433.020322841977,2368.634403761524,2371.4620882019613,203827.30439424893,60605682.430340305,0.9982479386220166,0.827,0.9992527742846286,111962696.37772234,732155.6562749987,7080255.645480007,6775380.660592253,14587791.962347262,24.000492823261258,2259.3390843867046,30.524332516533246,3399.7287646935456,7083.028727414922,1181.0954713598042,652.1956992589361,1046.7973968173212,4637.194027980651,163.49770030310088,0.9054244710534565,13.479520749245847,6.773395975560594,58.217377800888265,53267.2247527826,751887.8235852259,357172.7547151528,357172.7547151528,163395.6742980738,1722.0,7000.0,3,7.978082191780822,0.8038899039303985,0.2091139599573136,4.782081503330193,0.48741783808093303,0.37441699578562687,4.564776156072975e-05,0.013831060383154906,0.01891730381722849,0.4546238261189889,0.0,M2;M3;M4;Y1,2.0,12.0,4,aP,True,Japan,/home/ctm/pertussis_transmission_analysis/outputs/calibrations/Japan_calibrated_config.yaml,current,fitted_parameters_and_state_only,fe4b0945dbc60905bca91e1dac7a67bb5863846eea9d42ff0fc0dbee6b1fb742,fbaadbe47d956b3f84d024d1fe55f5b483b9cf95f7db1635c7b7f23a7bb227b0,True,state_reconstruction_accepted,48.26940985961891,41.43058288594312,True,Japan,JPN,1,contact_reduction_mean,Japan,JPN,2025,2025,True,False,exact_year,2025,measured_multicenter_isolate_fraction,https://www.mdpi.com/2227-9059/14/1/167,"Japanese children at six clinics, March-August 2025; 43/52 sequenced B. pertussis isolates carried the A2047G mutation associated with macrolide resistance.",Japan,JPN,3,relative_detection_prior_mean,True,0.0,prospective_policy,7.644092124256049e-05,2.2471172848738243e-16,Japan,7.349919218851434,4.153016054685736,3.153016054685736,0.25,calibrated_country_scenario_analysis,,,0.0,0.0,0.0,0.0,0.0,0.0,0.0,0.0,0.0,0.0,0.0,0.0
intervention_comparison,higher_child_coverage,symptom_protective,country_timeline,higher_child_coverage,2027-01-01,2051-01-01,2027,2051,12737266.309207812,60844265.97902411,824136.0895278654,598955.4773663555,1247952.9441744382,2025365.6114375805,1063156.1911788825,3687477.2799828183,16280407.067705747,575808.9359511102,2440.7893478050964,2376.21218654395,2379.0665297705414,204501.45286534214,60737359.38040085,0.9982429470237981,0.827,0.9992084179566217,111962696.37976843,732155.6562190369,7080255.645066773,6775380.661776561,14587791.963062368,24.000492823261258,2264.259234601758,30.6694101943044,3408.5601276541297,7101.901238812362,1191.884942878964,653.7974356026245,1053.221297158484,4650.0276878172635,164.4631785882354,0.9083156369066175,13.522644703932556,6.795115864477781,58.40992882229604,53783.09870956878,755115.3321777172,358564.4569555072,358564.4569555072,164978.10277212504,1722.0,7000.0,3,7.987671232876712,0.8036660646670819,0.20934209829401096,4.77687005217435,0.4873416692120573,0.3750964370548154,4.571994031948594e-05,0.01383754417847482,0.018927037858967724,0.4545313672342952,-0.0021776944817328836,M2;M3;M4;Y1,2.0,12.0,4,aP,True,Japan,/home/ctm/pertussis_transmission_analysis/outputs/calibrations/Japan_calibrated_config.yaml,current,fitted_parameters_and_state_only,fe4b0945dbc60905bca91e1dac7a67bb5863846eea9d42ff0fc0dbee6b1fb742,fbaadbe47d956b3f84d024d1fe55f5b483b9cf95f7db1635c7b7f23a7bb227b0,True,state_reconstruction_accepted,48.26940985961891,41.43058288594312,True,Japan,JPN,1,contact_reduction_mean,Japan,JPN,2025,2025,True,False,exact_year,2025,measured_multicenter_isolate_fraction,https://www.mdpi.com/2227-9059/14/1/167,"Japanese children at six clinics, March-August 2025; 43/52 sequenced B. pertussis isolates carried the A2047G mutation associated with macrolide resistance.",Japan,JPN,3,relative_detection_prior_mean,True,0.0,prospective_policy,7.644092124256049e-05,2.2471172848738243e-16,Japan,7.349919218851434,4.172754731186976,3.172754731186976,0.25,calibrated_country_scenario_analysis,,,-0.00259766684676932,-0.009135139123998215,-0.002455913861114878,-0.006136717966937599,-0.0027675486484115552,-0.005905149071862903,-0.0021776944817328836,-0.004752853424495163,-0.002172683233323758,-0.003193160735313727,-0.0031992200950858862,-0.003206646906316779
intervention_comparison,adolescent_booster,symptom_protective,country_timeline,adolescent_booster,2027-01-01,2051-01-01,2027,2051,12713179.800626203,60780851.308426954,821211.8733150843,597765.7071241825,1245422.4936885089,2009136.5458592235,1065163.0810067805,3672065.3339901865,16256853.87417728,573119.8070956399,2435.0690462553794,2370.594417667317,2373.424442728344,203973.16656719422,60674026.26122761,0.9982424555612545,0.827,0.9992307954855011,111962696.37892474,732155.6562344031,7080255.645199571,6775380.661221418,14587791.962655393,24.000492823261258,2261.8993203163054,30.56058837776654,3401.789334824694,7087.500848388749,1182.3344800709062,655.0315905564904,1048.8193203028395,4643.300399029002,163.69510666548229,0.906186883217392,13.49067487663746,6.779000873896596,58.25903911316253,53536.40880379054,752800.8679167125,357761.0190772534,357761.0190772534,164221.38860593957,1722.0,7000.0,3,7.978082191780822,0.8038418766652782,0.20916422733393972,4.780932249965749,0.4873802126021401,0.3746527677623282,4.564354603577115e-05,0.013827455007960109,0.01891272632134766,0.4545943877267966,-0.0011331791547291026,M2;M3;M4;Y1,2.0,12.0,4,aP,True,Japan,/home/ctm/pertussis_transmission_analysis/outputs/calibrations/Japan_calibrated_config.yaml,current,fitted_parameters_and_state_only,fe4b0945dbc60905bca91e1dac7a67bb5863846eea9d42ff0fc0dbee6b1fb742,fbaadbe47d956b3f84d024d1fe55f5b483b9cf95f7db1635c7b7f23a7bb227b0,True,state_reconstruction_accepted,48.26940985961891,41.43058288594312,True,Japan,JPN,1,contact_reduction_mean,Japan,JPN,2025,2025,True,False,exact_year,2025,measured_multicenter_isolate_fraction,https://www.mdpi.com/2227-9059/14/1/167,"Japanese children at six clinics, March-August 2025; 43/52 sequenced B. pertussis isolates carried the A2047G mutation associated with macrolide resistance.",Japan,JPN,3,relative_detection_prior_mean,True,0.0,prospective_policy,7.644092124256049e-05,2.2471172848738243e-16,Japan,7.349919218851434,4.157948879136418,3.157948879136418,0.25,calibrated_country_scenario_analysis,,,-0.00060609833464631,-0.0010490334560722125,-0.00434822149487224,-0.001931532800730329,-0.0013168245946972856,-0.0012073953668649828,-0.0011331791547291026,-0.0011877691851855943,-0.001127680246251872,-0.0008420494453615923,-0.0008274868855575601,-0.0008274872013114276
intervention_comparison,pregnancy_tdap_scaleup,symptom_protective,country_timeline,pregnancy_tdap_scaleup,2027-01-01,2051-01-01,2027,2051,12549555.409542562,60392606.95180336,779569.2000522566,506824.4710941093,1170367.4616198842,1989052.029396141,1060644.390215493,3556520.890705743,16089200.158479173,532781.3306740001,1313.687834056677,1249.6974380863844,1252.4810424243892,149172.68922183488,60285131.27186007,0.9982203834977837,0.827,0.9992725727572224,111962696.37560634,732155.6562880985,7080255.6458216505,6775380.659723923,14587791.961833673,24.000492823261258,2247.4511902982067,29.010897442719976,2884.2572595277516,6660.374626752021,1170.5151656567512,652.2527812685291,1015.8173899889907,4595.414961488836,152.1735868821872,0.48887594613810426,7.111828874862276,3.57735006379722,42.60686678910346,51958.04413610029,725681.6642014814,352326.7138236678,352326.7138236678,159379.8005446726,1722.0,7000.0,3,7.517808219178082,0.8052154749629207,0.20779953115052316,4.812330395854612,0.4889496881489197,0.3747904339414115,0.0014035523378522468,0.013729719887878303,0.01877688149507051,0.45503953442811873,0.005261668871717862,M2;M3;M4;Y1,2.0,12.0,4,aP,True,Japan,/home/ctm/pertussis_transmission_analysis/outputs/calibrations/Japan_calibrated_config.yaml,current,fitted_parameters_and_state_only,fe4b0945dbc60905bca91e1dac7a67bb5863846eea9d42ff0fc0dbee6b1fb742,fbaadbe47d956b3f84d024d1fe55f5b483b9cf95f7db1635c7b7f23a7bb227b0,True,state_reconstruction_accepted,48.26940985961891,41.43058288594312,True,Japan,JPN,1,contact_reduction_mean,Japan,JPN,2025,2025,True,False,exact_year,2025,measured_multicenter_isolate_fraction,https://www.mdpi.com/2227-9059/14/1/167,"Japanese children at six clinics, March-August 2025; 43/52 sequenced B. pertussis isolates carried the A2047G mutation associated with macrolide resistance.",Japan,JPN,3,relative_detection_prior_mean,True,0.0,prospective_policy,7.644092124256049e-05,2.2471172848738243e-16,Japan,7.349919218851434,3.947104257732711,2.947104257732711,0.25,calibrated_country_scenario_analysis,,,0.15162136181786068,0.00895804437755654,-8.752269612566366e-05,0.02959503621071824,0.00900955759054134,0.06926160677048054,0.005261668871717862,0.04958126679893193,0.005289127118544901,0.4600588323396425,0.47239749785707963,0.47185280816611397
intervention_comparison,cocooning_adjunct,symptom_protective,country_timeline,cocooning_adjunct,2027-01-01,2051-01-01,2027,2051,12600772.210119216,61566909.308642276,819295.4589686426,595204.3288145483,1243000.6060951757,2041112.850340893,1078606.175105334,3714923.3542607757,16477980.098313652,577492.4884476792,2427.258180152249,2361.4754400289917,2364.3407290479868,203282.39748050485,61476203.92282814,0.9985267185435699,0.827,0.9995108930777105,111962696.38617425,732155.6562712677,7080255.6457156865,6775380.664734311,14587791.966721265,24.000492823261258,2291.151691895919,30.489270909611058,3387.212939065841,7073.718271871129,1201.151860719288,663.2985415052002,1061.0604746711138,4706.458711909811,164.94403665381347,0.9032801465223781,13.438780228099864,6.753055869566133,58.06174087429245,31962.77994333996,752945.850079637,352722.959512552,352722.959512552,98044.9048343636,1750.0,7406.0,4,6.303196347031964,0.8081963432635196,0.20466793528565871,4.885963199874382,0.5480193106842796,0.42918315637826204,4.468666501145958e-05,0.01383071719148018,0.018913040380965526,0.5152308664468223,-0.014080492787476251,M2;M3;M4;Y1,2.0,12.0,4,aP,True,Japan,/home/ctm/pertussis_transmission_analysis/outputs/calibrations/Japan_calibrated_config.yaml,current,fitted_parameters_and_state_only,fe4b0945dbc60905bca91e1dac7a67bb5863846eea9d42ff0fc0dbee6b1fb742,fbaadbe47d956b3f84d024d1fe55f5b483b9cf95f7db1635c7b7f23a7bb227b0,True,state_reconstruction_accepted,48.26940985961891,41.43058288594312,True,Japan,JPN,1,contact_reduction_mean,Japan,JPN,2025,2025,True,False,exact_year,2025,measured_multicenter_isolate_fraction,https://www.mdpi.com/2227-9059/14/1/167,"Japanese children at six clinics, March-August 2025; 43/52 sequenced B. pertussis isolates carried the A2047G mutation associated with macrolide resistance.",Japan,JPN,3,relative_detection_prior_mean,True,0.0,prospective_policy,,,Japan,7.349919218851434,4.148245715600612,3.148245715600612,0.25,calibrated_country_scenario_analysis,True,False,0.003681418875218556,-0.016981175430615503,-0.0170237900439707,-0.013625442913123509,-0.014936766700380577,-0.008846218616458179,-0.014080492787476251,0.0011486444331453294,-0.014363694254056147,0.0023683084911502172,0.0030224013132476024,0.0030029403334774774
intervention_comparison,maternal_immunization,symptom_protective,country_timeline,maternal_immunization,2027-01-01,2051-01-01,2027,2051,12542495.24176917,61678824.24011865,783377.5353290589,506389.25730362063,1172084.552804929,2036322.1776527895,1087425.4745338638,3630136.9094902743,16451265.205518974,540857.5485927365,1317.100203858832,1251.1602700130695,1253.9958467437875,149327.57666101246,61584968.64449428,0.9984783173677405,0.827,0.9995289747858576,111962696.38972588,732155.6565958556,7080255.648189822,6775380.664652153,14587791.96943783,24.000492823261258,2295.3164954080194,29.152620873134335,2881.780526022975,6670.146316118231,1198.3326504697607,668.7220487980419,1036.843677318358,4698.82837411357,154.4803250043338,0.49014582577857296,7.120153615137783,3.5816766626092456,42.65110588679795,30629.958075618033,731359.0597985084,350862.1907347911,350862.1907347911,93956.51223151929,1750.0,7406.0,4,6.303196347031964,0.8095198368474379,0.20335172397159565,4.917588011890575,0.5496515766632614,0.42962286276331785,0.0013696233357492985,0.013695818987424084,0.01872897733219965,0.5158571570078885,-0.015923865309116048,M2;M3;M4;Y1,2.0,12.0,4,aP,True,Japan,/home/ctm/pertussis_transmission_analysis/outputs/calibrations/Japan_calibrated_config.yaml,current,fitted_parameters_and_state_only,fe4b0945dbc60905bca91e1dac7a67bb5863846eea9d42ff0fc0dbee6b1fb742,fbaadbe47d956b3f84d024d1fe55f5b483b9cf95f7db1635c7b7f23a7bb227b0,True,state_reconstruction_accepted,48.26940985961891,41.43058288594312,True,Japan,JPN,1,contact_reduction_mean,Japan,JPN,2025,2025,True,False,exact_year,2025,measured_multicenter_isolate_fraction,https://www.mdpi.com/2227-9059/14/1/167,"Japanese children at six clinics, March-August 2025; 43/52 sequenced B. pertussis isolates carried the A2047G mutation associated with macrolide resistance.",Japan,JPN,3,relative_detection_prior_mean,True,0.0,prospective_policy,,,Japan,7.349919218851434,3.966386569033611,2.966386569033611,0.25,calibrated_country_scenario_analysis,True,False,0.15234987060926886,-0.014594230514445306,-0.025339556759713888,0.009508734952204168,-0.013291302465443522,0.055152917790056044,-0.015923865309116048,0.04493830092862716,-0.016158323359852567,0.45865630817240943,0.47177991334325087,0.47121404428836344
intervention_comparison,targeted_pep_high_risk,symptom_protective,country_timeline,targeted_pep_high_risk,2027-01-01,2051-01-01,2027,2051,12399857.65440634,59351786.69361444,800635.9227856628,582985.3596569573,1214166.326687729,1957104.2948914487,1038703.57553506,3578793.2300834665,15849618.681679988,558522.6253565382,2363.0969848231007,2300.6208264570855,2303.380198297444,198573.9501257668,59324575.08603131,0.9995415199929263,0.827,0.9997072707374342,111962696.35848157,732155.6559408767,7080255.644496305,6775380.662076441,14587791.962513624,24.000492823261258,2208.718093221972,29.794874716558795,3317.67673521468,6909.626988065776,1151.7145979668983,638.7600802597209,1022.1788398950783,4526.985437613886,159.52584363997602,0.879403191914123,13.09246633050668,6.578939736281062,56.71690900348705,47711.53169744597,733814.4259587419,523550.97455538344,523550.97455538344,146353.7461983346,1729.0,7413.0,4,6.335159817351599,0.8039843980002045,0.2089213879679282,4.786489357200285,0.48686878452927274,0.37422431344479484,4.5151400069018836e-05,0.01381493915429381,0.018887931438463842,0.454120762536446,0.022405221019774824,M2;M3;M4;Y1,2.0,12.0,4,aP,True,Japan,/home/ctm/pertussis_transmission_analysis/outputs/calibrations/Japan_calibrated_config.yaml,current,fitted_parameters_and_state_only,fe4b0945dbc60905bca91e1dac7a67bb5863846eea9d42ff0fc0dbee6b1fb742,fbaadbe47d956b3f84d024d1fe55f5b483b9cf95f7db1635c7b7f23a7bb227b0,True,state_reconstruction_accepted,48.26940985961891,41.43058288594312,True,Japan,JPN,1,contact_reduction_mean,Japan,JPN,2025,2025,True,False,exact_year,2025,measured_multicenter_isolate_fraction,https://www.mdpi.com/2227-9059/14/1/167,"Japanese children at six clinics, March-August 2025; 43/52 sequenced B. pertussis isolates carried the A2047G mutation associated with macrolide resistance.",Japan,JPN,3,relative_detection_prior_mean,True,0.0,prospective_policy,7.644092124256049e-05,2.2471172848738243e-16,Japan,7.349919218851434,4.053769004717689,3.0537690047176893,0.25,calibrated_country_scenario_analysis,,,0.02413487565391015,0.02487595140729315,0.020600594077141765,0.023517976817133857,0.023766223636566663,0.02429304298435031,0.022405221019774824,0.023897584155184615,0.021138403082606838,0.028739315229886597,0.028714257124877185,0.02870882492417859
intervention_comparison,maternal_direct_antibody_only,symptom_protective,country_timeline,maternal_direct_antibody_only,2027-01-01,2051-01-01,2027,2051,12549555.409542562,60392606.95180336,779569.2000522566,506824.4710941093,1170367.4616198842,1989052.029396141,1060644.390215493,3556520.890705743,16089200.158479173,532781.3306740001,1313.687834056677,1249.6974380863844,1252.4810424243892,149172.68922183488,60285131.27186007,0.9982203834977837,0.827,0.9992725727572224,111962696.37560634,732155.6562880985,7080255.6458216505,6775380.659723923,14587791.961833673,24.000492823261258,2247.4511902982067,29.010897442719976,2884.2572595277516,6660.374626752021,1170.5151656567512,652.2527812685291,1015.8173899889907,4595.414961488836,152.1735868821872,0.48887594613810426,7.111828874862276,3.57735006379722,42.60686678910346,51958.04413610029,725681.6642014814,352326.7138236678,352326.7138236678,159379.8005446726,1722.0,7000.0,3,7.517808219178082,0.8052154749629207,0.20779953115052316,4.812330395854612,0.4889496881489197,0.3747904339414115,0.0014035523378522468,0.013729719887878303,0.01877688149507051,0.45503953442811873,0.005261668871717862,M2;M3;M4;Y1,2.0,12.0,4,aP,True,Japan,/home/ctm/pertussis_transmission_analysis/outputs/calibrations/Japan_calibrated_config.yaml,current,fitted_parameters_and_state_only,fe4b0945dbc60905bca91e1dac7a67bb5863846eea9d42ff0fc0dbee6b1fb742,fbaadbe47d956b3f84d024d1fe55f5b483b9cf95f7db1635c7b7f23a7bb227b0,True,state_reconstruction_accepted,48.26940985961891,41.43058288594312,True,Japan,JPN,1,contact_reduction_mean,Japan,JPN,2025,2025,True,False,exact_year,2025,measured_multicenter_isolate_fraction,https://www.mdpi.com/2227-9059/14/1/167,"Japanese children at six clinics, March-August 2025; 43/52 sequenced B. pertussis isolates carried the A2047G mutation associated with macrolide resistance.",Japan,JPN,3,relative_detection_prior_mean,True,0.0,prospective_policy,7.644092124256049e-05,2.2471172848738243e-16,Japan,7.349919218851434,3.947104257732711,2.947104257732711,0.25,calibrated_country_scenario_analysis,,,0.15162136181786068,0.00895804437755654,-8.752269612566366e-05,0.02959503621071824,0.00900955759054134,0.06926160677048054,0.005261668871717862,0.04958126679893193,0.005289127118544901,0.4600588323396425,0.47239749785707963,0.47185280816611397
intervention_comparison,maternal_adult_boosting_only,symptom_protective,country_timeline,maternal_adult_boosting_only,2027-01-01,2051-01-01,2027,2051,12597221.281380149,61501351.78158617,823849.4398914349,609607.0297734425,1273492.03100381,2039067.846489801,1075608.7057172114,3724283.5819804547,16477392.558034502,582397.8504434784,2489.197613076748,2423.514408693071,2426.3814297804042,207963.68949575038,61411254.03095263,0.9985350281250157,0.827,0.9995044024061924,111962696.38486311,732155.6562404953,7080255.645541543,6775380.664408592,14587791.966190629,24.000492823261258,2288.7120333347266,30.658742809944975,3469.1764140785517,7247.240109939883,1199.94841911621,661.4552208521771,1063.733953196485,4706.2908981833725,166.3451115223448,0.9263302944346926,13.791834108183057,6.930257198326296,59.39881662582853,32335.056161697677,755791.2869618335,352597.4002348007,352597.4002348007,99186.85138683984,1750.0,7406.0,4,6.303196347031964,0.8080356790740575,0.20482836419787157,4.882136338470994,0.5479777568302329,0.42901868012463573,4.597168296357487e-05,0.013904766531032316,0.019013418327491045,0.5150136002887459,-0.013000682056524937,M2;M3;M4;Y1,2.0,12.0,4,aP,True,Japan,/home/ctm/pertussis_transmission_analysis/outputs/calibrations/Japan_calibrated_config.yaml,current,fitted_parameters_and_state_only,fe4b0945dbc60905bca91e1dac7a67bb5863846eea9d42ff0fc0dbee6b1fb742,fbaadbe47d956b3f84d024d1fe55f5b483b9cf95f7db1635c7b7f23a7bb227b0,True,state_reconstruction_accepted,48.26940985961891,41.43058288594312,True,Japan,JPN,1,contact_reduction_mean,Japan,JPN,2025,2025,True,False,exact_year,2025,measured_multicenter_isolate_fraction,https://www.mdpi.com/2227-9059/14/1/167,"Japanese children at six clinics, March-August 2025; 43/52 sequenced B. pertussis isolates carried the A2047G mutation associated with macrolide resistance.",Japan,JPN,3,relative_detection_prior_mean,True,0.0,prospective_policy,7.644092124256049e-05,2.2471172848738243e-16,Japan,7.349919218851434,4.171303370424797,3.1713033704247966,0.25,calibrated_country_scenario_analysis,,,-0.020427408781176215,-0.0159622555703558,-0.014197459407256474,-0.016179402729614933,-0.014900578027517097,-0.01741560436502332,-0.013000682056524937,-0.004403381967297282,-0.013292014350935633,-0.023089527739394766,-0.023169470495064237,-0.02315843118541383
intervention_comparison,maternal_cocooning_only,symptom_protective,country_timeline,maternal_cocooning_only,2027-01-01,2051-01-01,2027,2051,12667634.171165705,60624856.856888995,813816.8723850292,581920.2836151902,1212043.7088102887,2004330.452275239,1060583.358454804,3646834.094345233,16193431.620624539,566277.7076739084,2365.5327066755312,2301.242787316243,2304.063414123283,198732.6673083899,60518524.64937793,0.9982460625389669,0.827,0.9992650761200927,111962696.37677144,732155.6563102385,7080255.645816732,6775380.660372085,14587791.962499056,24.000492823261258,2256.0941409929837,30.285390726171478,3311.615555597655,6897.547504659024,1179.5061952651422,652.2152491774721,1041.6127460273563,4625.185665593972,161.7408587407097,0.8803096215890687,13.096005803988863,6.580891144808203,56.76224197898399,52870.11697784373,747279.3924924221,356222.8215222278,356222.8215222278,162177.55766012892,1722.0,7007.0,3,7.517808219178082,0.8040540517479553,0.208951160100368,4.785807360531801,0.4874807135840403,0.3746222630378859,4.4319974221816175e-05,0.013766772550587399,0.018829395395762994,0.45484022566346816,0.001436235682950815,M2;M3;M4;Y1,2.0,12.0,4,aP,True,Japan,/home/ctm/pertussis_transmission_analysis/outputs/calibrations/Japan_calibrated_config.yaml,current,fitted_parameters_and_state_only,fe4b0945dbc60905bca91e1dac7a67bb5863846eea9d42ff0fc0dbee6b1fb742,fbaadbe47d956b3f84d024d1fe55f5b483b9cf95f7db1635c7b7f23a7bb227b0,True,state_reconstruction_accepted,48.26940985961891,41.43058288594312,True,Japan,JPN,1,contact_reduction_mean,Japan,JPN,2025,2025,True,False,exact_year,2025,measured_multicenter_isolate_fraction,https://www.mdpi.com/2227-9059/14/1/167,"Japanese children at six clinics, March-August 2025; 43/52 sequenced B. pertussis isolates carried the A2047G mutation associated with macrolide resistance.",Japan,JPN,3,relative_detection_prior_mean,True,0.0,prospective_policy,,,Japan,7.349919218851434,4.12050661026233,3.1205066102623302,0.25,calibrated_country_scenario_analysis,True,False,0.025917717275436902,0.0013455948965216402,-2.997550791006276e-05,0.004952869385126402,0.0025895751323092853,0.010745359460416215,0.001436235682950815,0.007827912059651387,0.00143811235955571,0.027738204869416916,0.02845167508259594,0.028420725936959768
intervention_comparison,resistance_guided_treatment,symptom_protective,country_timeline,resistance_guided_treatment,2027-01-01,2051-01-01,2027,2051,11384174.821341421,54990948.40595877,699909.3871383998,469248.18868117424,973243.98115375,1688635.0577455035,1009176.8129180267,3167060.0593447043,14323262.7616611,473835.66794279596,1866.3897796901167,1810.6516536478885,1812.9382807765112,159213.12400757702,54342842.09048468,0.9882143091861303,0.827,0.9996045283129609,111962696.38301663,732155.6564375971,7080255.64678153,6775380.661821953,14587791.965041079,24.000492823261258,2046.4338050690662,26.046436219855934,2670.416626738327,5538.576326635152,993.7261141845946,620.6023327761444,904.5791608090799,4091.025988206922,135.33746213761108,0.6945585135933735,10.304129877883854,5.178134161948269,45.474626753483584,32470.85217832648,1324549.5667186126,1572889.0344002992,1572889.0344002992,99603.40174629539,2058.0,7408.0,5,4.521232876712329,0.8049977949243093,0.2070190667980522,4.83047293887912,0.4707639268883244,0.3631055830890122,3.76605046306786e-05,0.012577692178977236,0.017171381096613016,0.44097719310810346,0.09423343343731116,M2;M3;M4;Y1,2.0,12.0,4,aP,True,Japan,/home/ctm/pertussis_transmission_analysis/outputs/calibrations/Japan_calibrated_config.yaml,current,fitted_parameters_and_state_only,fe4b0945dbc60905bca91e1dac7a67bb5863846eea9d42ff0fc0dbee6b1fb742,fbaadbe47d956b3f84d024d1fe55f5b483b9cf95f7db1635c7b7f23a7bb227b0,True,state_reconstruction_accepted,48.26940985961891,41.43058288594312,True,Japan,JPN,1,contact_reduction_mean,Japan,JPN,2025,2025,True,False,exact_year,2025,measured_multicenter_isolate_fraction,https://www.mdpi.com/2227-9059/14/1/167,"Japanese children at six clinics, March-August 2025; 43/52 sequenced B. pertussis isolates carried the A2047G mutation associated with macrolide resistance.",Japan,JPN,3,relative_detection_prior_mean,True,0.0,prospective_policy,7.644092124256049e-05,2.2471172848738243e-16,Japan,7.349919218851434,3.543771767321028,2.543771767321028,0.25,calibrated_country_scenario_analysis,,,0.21452068321924167,0.15864031446739768,0.04844154355211694,0.1358603262423076,0.11777985474032648,0.17223629499554494,0.09423343343731116,0.14669923717480982,0.10333751042328554,0.23289182496017413,0.2355714960601466,0.2355187587455475
intervention_comparison,transmission_blocking_vaccine,transmission_blocking,country_timeline,transmission_blocking_vaccine,2027-01-01,2051-01-01,2027,2051,12262814.399632413,58310147.42834249,724831.296762184,466474.1957332694,935643.9893219013,1685949.8427217891,1055970.5014450983,3208394.5399001567,14062406.568169672,475394.93870667723,1905.5098056994555,1843.3946615726643,1845.697578744589,160235.8229802051,58218109.03382566,0.9984215715689977,0.827,0.9999448519050644,111962696.37843595,732155.6562713082,7080255.646297617,6775380.664143722,14587791.966712646,24.000492823261258,2169.954516875961,26.973880460773017,2654.6302757490193,5324.600769121098,992.1459218484708,649.3785310228739,916.3851602849811,4016.519956228874,135.7828227444073,0.7091166447332896,10.49046511795272,5.271701626783395,45.766731148246066,43100.03194480808,627506.8358836562,346185.80643944885,346185.80643944885,132208.10385034073,2093.0,7107.0,3,8.495890410958904,0.8014862622221748,0.21030326521986967,4.755037916099455,0.43844611442246434,0.3460006169771714,3.21033762372931e-05,0.011599666283418872,0.015380904164522093,0.4114334405982862,0.039562263192192026,M2;M3;M4;Y1,2.0,12.0,4,aP,True,Japan,/home/ctm/pertussis_transmission_analysis/outputs/calibrations/Japan_calibrated_config.yaml,current,fitted_parameters_and_state_only,fe4b0945dbc60905bca91e1dac7a67bb5863846eea9d42ff0fc0dbee6b1fb742,fbaadbe47d956b3f84d024d1fe55f5b483b9cf95f7db1635c7b7f23a7bb227b0,True,state_reconstruction_accepted,48.26940985961891,41.43058288594312,True,Japan,JPN,1,contact_reduction_mean,Japan,JPN,2025,2025,True,False,exact_year,2025,measured_multicenter_isolate_fraction,https://www.mdpi.com/2227-9059/14/1/167,"Japanese children at six clinics, March-August 2025; 43/52 sequenced B. pertussis isolates carried the A2047G mutation associated with macrolide resistance.",Japan,JPN,3,relative_detection_prior_mean,True,0.0,prospective_policy,7.644092124256049e-05,2.2471172848738243e-16,Japan,7.349919218851434,3.6699560440867276,2.6699560440867276,0.25,calibrated_country_scenario_analysis,,,0.21916409823507543,0.15997821850863914,0.004319513144408704,0.1245821174705033,0.13384690543563915,0.1695123385018955,0.039562263192192026,0.11631546909879964,0.039395206864618726,0.21681303365618576,0.2217479157419776,0.22170479219256933
intervention_comparison,next_generation_vaccine,next_generation,country_timeline,next_generation_vaccine,2027-01-01,2051-01-01,2027,2051,10779357.151025899,49816843.182713136,576943.0022692471,355701.33556065336,636201.9069933537,1142179.0911099792,858310.4104271857,2356190.8370978185,9217649.49419492,344193.05818893365,1552.2713261486913,1496.2942626550798,1498.0287631583908,127552.93511081042,49738516.57463787,0.9984277083196944,0.827,0.9999672551418575,111962696.37423065,732155.6561516157,7080255.645641966,6775380.662863463,14587791.964657046,24.000492823261258,1853.8845921755692,21.470363719105084,2024.2395898742593,3620.523620636929,672.1483039737712,527.82568530788,672.9778059924437,2632.75513822615,98.30879803570073,0.577662435146351,8.515172088949473,4.278686150845321,36.43180894655437,36295.69604453816,494758.7568536738,302428.17537074524,302428.17537074524,111335.9998883833,2450.0,6778.0,3,8.515068493150686,0.7949279276572387,0.21637977162644514,4.621504092010899,0.34458937266732115,0.3095685300902926,1.5871868535754284e-05,0.00975902626279636,0.011098122437702466,0.32371635209828653,0.17945712313431317,M2;M3;M4;Y1,2.0,12.0,4,aP,True,Japan,/home/ctm/pertussis_transmission_analysis/outputs/calibrations/Japan_calibrated_config.yaml,current,fitted_parameters_and_state_only,fe4b0945dbc60905bca91e1dac7a67bb5863846eea9d42ff0fc0dbee6b1fb742,fbaadbe47d956b3f84d024d1fe55f5b483b9cf95f7db1635c7b7f23a7bb227b0,True,state_reconstruction_accepted,48.26940985961891,41.43058288594312,True,Japan,JPN,1,contact_reduction_mean,Japan,JPN,2025,2025,True,False,exact_year,2025,measured_multicenter_isolate_fraction,https://www.mdpi.com/2227-9059/14/1/167,"Japanese children at six clinics, March-August 2025; 43/52 sequenced B. pertussis isolates carried the A2047G mutation associated with macrolide resistance.",Japan,JPN,3,relative_detection_prior_mean,True,0.0,prospective_policy,7.644092124256049e-05,2.2471172848738243e-16,Japan,7.349919218851434,2.9211700264727862,1.9211700264727862,0.25,calibrated_country_scenario_analysis,,,0.40458791579051157,0.43091111574977337,0.1906943175421696,0.3571078719290667,0.43225253833308064,0.39871449036276085,0.17945712313431317,0.29661480044465294,0.17930935549142724,0.36199820791652704,0.3682882169241143,0.3683100520092253
intervention_comparison,combined_strategy,transmission_blocking,country_timeline,combined_strategy,2027-01-01,2051-01-01,2027,2051,7880509.967796344,39705701.49185118,419830.3217204908,210706.36452228576,457664.5136356584,976260.8978972316,746571.6020458428,1933538.86446536,8862293.111648107,258048.09808085053,543.1242132333649,503.1673617478378,504.43337338652765,62909.597605702016,39622987.711935356,0.9979168286465661,0.827,0.9998683157463425,111962696.37839133,732155.6560860851,7080255.6450406145,6775380.663161772,14587791.964288471,24.000492823261258,1477.6084454920497,15.623570563919019,1199.0963268956682,2604.4957801593478,574.5089469074198,459.11090285829505,552.2594869457404,2531.257859331865,73.70398023670431,0.2021183090266136,2.8634452340987653,1.4407681226608398,17.96830812981592,9344.598780221733,779350.3857928336,1643145.5817059558,1643145.5817059558,28664.287013913752,3178.0,6820.0,6,3.5901369863013697,0.8110858009753507,0.19847300694117354,5.038468532380301,0.5135339156996853,0.4217807287138946,0.0007917899716924493,0.009622369067197286,0.012684414600063268,0.4904353420607323,0.3459996971185164,M2;M3;M4;Y1,2.0,12.0,4,aP,True,Japan,/home/ctm/pertussis_transmission_analysis/outputs/calibrations/Japan_calibrated_config.yaml,current,fitted_parameters_and_state_only,fe4b0945dbc60905bca91e1dac7a67bb5863846eea9d42ff0fc0dbee6b1fb742,fbaadbe47d956b3f84d024d1fe55f5b483b9cf95f7db1635c7b7f23a7bb227b0,True,state_reconstruction_accepted,48.26940985961891,41.43058288594312,True,Japan,JPN,1,contact_reduction_mean,Japan,JPN,2025,2025,True,False,exact_year,2025,measured_multicenter_isolate_fraction,https://www.mdpi.com/2227-9059/14/1/167,"Japanese children at six clinics, March-August 2025; 43/52 sequenced B. pertussis isolates carried the A2047G mutation associated with macrolide resistance.",Japan,JPN,3,relative_detection_prior_mean,True,0.0,prospective_policy,,,Japan,7.349919218851434,2.1256792215956493,1.1256792215956493,0.25,calibrated_country_scenario_analysis,True,False,0.6472964728718997,0.5135795870842431,0.2960534643910113,0.47242944174458434,0.45414018814067547,0.5492047893647696,0.3459996971185164,0.4881601242041903,0.3462166232105759,0.7767695534088473,0.7875706943423688,0.787290138056144
intervention_comparison,current,symptom_protective,country_timeline,current,2027-01-01,2051-01-01,2027,2051,702871.0606255666,3403585.448951683,91460.34132007265,61499.526012152215,134748.991964749,197020.04699914512,73693.52209835073,332213.095109648,1386958.107472252,77139.28942568557,216.3028505150123,214.1105001123739,214.39430934924758,19875.534399302138,3305726.045822205,0.971248142702097,0.01,0.9989768860716387,5541494.72144368,54207.630513850985,527047.7416334177,488469.4292208878,1069724.8013681564,24.000492823261258,2559.1136591743875,68.76789557818802,4727.060763497709,10357.261496805184,1557.5439206763926,628.5962204591791,1293.970939459668,5402.205727997363,300.4577491879452,1.6263542889508389,16.457254384921313,8.350664376787714,77.41526236477677,25773.092413295228,58183.56051093946,24462.353484779513,24462.353484779513,3912.9165907823467,1204.0,8038.0,5,5.173287671232877,0.8094562505131314,0.20650900973914246,4.8424037346514694,0.7231431638892533,0.5446550116341642,0.0015878589543791483,0.02622735313996143,0.03593588711916561,0.6593920646757471,0.0,W6;M3;M5;Y4;Y11-Y13,1.3808219178082193,156.0,5,aP,True,New_Zealand,/home/ctm/pertussis_transmission_analysis/outputs/calibrations/New_Zealand_calibrated_config.yaml,current,fitted_parameters_and_state_only,fe4b0945dbc60905bca91e1dac7a67bb5863846eea9d42ff0fc0dbee6b1fb742,fbaadbe47d956b3f84d024d1fe55f5b483b9cf95f7db1635c7b7f23a7bb227b0,True,state_reconstruction_accepted,30.018541530691316,28.765002611277744,True,New_Zealand,NZL,1,contact_reduction_mean,New_Zealand,NZL,2025,2025,True,False,exact_year,2025,low_detected_model_anchor,https://www.tewhatuora.govt.nz/for-health-professionals/clinical-guidance/communicable-disease-control-manual/pertussis,"Health New Zealand notes MRBP has been detected by PHF Science and is being assessed; no public national fraction was located, so use a low detected/imported anchor pending surveillance.",New_Zealand,NZL,3,relative_detection_prior_mean,True,0.0,prospective_policy,1.0204827386537681e-05,1.352852648487234e-16,New_Zealand,25.11070274470987,2.738589050148169,1.738589050148169,0.25,calibrated_country_scenario_analysis,,,0.0,0.0,0.0,0.0,0.0,0.0,0.0,0.0,0.0,0.0,0.0,0.0
intervention_comparison,higher_child_coverage,symptom_protective,country_timeline,higher_child_coverage,2027-01-01,2051-01-01,2027,2051,704253.5613901753,3402856.85194798,91824.09382231205,61608.877546634176,134989.75211676778,198496.82884756423,73646.31060583986,333752.0170000383,1387213.668204174,77508.92315377961,216.7131887253712,214.51816716954386,214.8052052060832,19924.84604636058,3304381.0018928405,0.9710608308431292,0.01,0.9989641306924231,5541494.721403344,54207.63051117703,527047.7416188249,488469.42922816076,1069724.8013581627,24.000492823261258,2558.5658361481146,69.04139657080654,4735.465891080994,10375.767133731122,1569.218634157405,628.1935125196094,1299.9650445615177,5403.20113781718,301.89747360090655,1.6294395710417322,16.48858904919431,8.366668782041843,77.60733136943271,26528.763790496534,58371.534922776045,24559.068431665884,24559.068431665884,4027.643959188841,1197.0,8031.0,6,4.138630136986301,0.8090158299768898,0.20695950256826767,4.8318631789817905,0.7230258780835473,0.5460316480233786,0.0015914393977655575,0.026260919531799813,0.03598229891929719,0.6591912202346847,0.0002140674928339248,W6;M3;M5;Y4;Y11-Y13,1.3808219178082193,156.0,5,aP,True,New_Zealand,/home/ctm/pertussis_transmission_analysis/outputs/calibrations/New_Zealand_calibrated_config.yaml,current,fitted_parameters_and_state_only,fe4b0945dbc60905bca91e1dac7a67bb5863846eea9d42ff0fc0dbee6b1fb742,fbaadbe47d956b3f84d024d1fe55f5b483b9cf95f7db1635c7b7f23a7bb227b0,True,state_reconstruction_accepted,30.018541530691316,28.765002611277744,True,New_Zealand,NZL,1,contact_reduction_mean,New_Zealand,NZL,2025,2025,True,False,exact_year,2025,low_detected_model_anchor,https://www.tewhatuora.govt.nz/for-health-professionals/clinical-guidance/communicable-disease-control-manual/pertussis,"Health New Zealand notes MRBP has been detected by PHF Science and is being assessed; no public national fraction was located, so use a low detected/imported anchor pending surveillance.",New_Zealand,NZL,3,relative_detection_prior_mean,True,0.0,prospective_policy,1.0204827386537681e-05,1.352852648487234e-16,New_Zealand,25.11070274470987,2.7494808597243123,1.7494808597243123,0.25,calibrated_country_scenario_analysis,,,-0.0017780874353463538,-0.007495591798460488,0.0006406464390162903,-0.004632333622738072,-0.00018425987817871636,-0.004791769937810386,0.0002140674928339248,-0.003977160996659901,0.00040688306009639685,-0.001897054104381457,-0.0019040031056674067,-0.0019165427388572187
intervention_comparison,adolescent_booster,symptom_protective,country_timeline,adolescent_booster,2027-01-01,2051-01-01,2027,2051,702880.1335634007,3403555.494934791,91461.02537309207,61499.41089562034,134748.64708533566,197018.93582745397,73708.17800612873,332226.524729203,1386957.438341454,77140.13497084889,216.30171905335237,214.10939313690426,214.39320204474566,19875.486397685647,3305672.932515,0.9712410852223621,0.01,0.9989767357379371,5541494.72144374,54207.630513819066,527047.7416327486,488469.4292210482,1069724.801367616,24.000492823261258,2559.0911371208003,68.76840990916321,4727.05191525602,10357.23498821766,1557.5351362996291,628.7212334584103,1294.0232478662454,5402.203121733752,300.4610425888853,1.6263457816310196,16.457169299066962,8.350621247250448,77.41507539838467,25788.037680848185,58183.887630003475,24464.117634691607,24464.117634691607,3915.185607803082,1204.0,8038.0,5,5.173287671232877,0.8094519693241814,0.20651349290747126,4.8422986116846705,0.7231418939931726,0.5446780931107607,0.0015878605292501385,0.02622757774772765,0.035936194223858464,0.6593902614923364,8.800724219049094e-06,W6;M3;M5;Y4;Y11-Y13,1.3808219178082193,156.0,5,aP,True,New_Zealand,/home/ctm/pertussis_transmission_analysis/outputs/calibrations/New_Zealand_calibrated_config.yaml,current,fitted_parameters_and_state_only,fe4b0945dbc60905bca91e1dac7a67bb5863846eea9d42ff0fc0dbee6b1fb742,fbaadbe47d956b3f84d024d1fe55f5b483b9cf95f7db1635c7b7f23a7bb227b0,True,state_reconstruction_accepted,30.018541530691316,28.765002611277744,True,New_Zealand,NZL,1,contact_reduction_mean,New_Zealand,NZL,2025,2025,True,False,exact_year,2025,low_detected_model_anchor,https://www.tewhatuora.govt.nz/for-health-professionals/clinical-guidance/communicable-disease-control-manual/pertussis,"Health New Zealand notes MRBP has been detected by PHF Science and is being assessed; no public national fraction was located, so use a low detected/imported anchor pending surveillance.",New_Zealand,NZL,3,relative_detection_prior_mean,True,0.0,prospective_policy,1.0204827386537681e-05,1.352852648487234e-16,New_Zealand,25.11070274470987,2.7386095326882405,1.7386095326882405,0.25,calibrated_country_scenario_analysis,,,1.8718279527485393e-06,5.6398915140309924e-06,-0.0001988764732732129,-4.042471459642094e-05,4.82444851512831e-07,-1.0961277574716988e-05,8.800724219049094e-06,-7.47923099275738e-06,1.6067062566182955e-05,5.230914235432316e-06,5.1701129513137545e-06,5.1648036054618984e-06
intervention_comparison,pregnancy_tdap_scaleup,symptom_protective,country_timeline,pregnancy_tdap_scaleup,2027-01-01,2051-01-01,2027,2051,696089.1496558036,3398631.7661408545,87583.79685076317,54764.89102931321,127989.17749003437,196700.60104621516,74103.71857750176,325569.21065303014,1382376.9431904468,73269.29718876228,138.55429988263108,136.3662487810319,136.6478548887506,15970.90543780057,3300007.0409635473,0.9709810500331739,0.01,0.9989557416320716,5541494.721259692,54207.63051999774,527047.7416666885,488469.4292474758,1069724.801434162,24.000492823261258,2555.3890466310063,65.85316990340863,4209.414029002201,9837.67938109526,1555.018537453268,632.0951433843229,1268.0929907438053,5384.362079907686,285.3841185271476,1.0417725856947968,10.481569303114863,5.322437789403673,62.20672157813745,24254.99423119941,56451.35689821663,24241.216754325593,24241.216754325593,3682.4362327774197,1204.0,8038.0,5,5.168493150684932,0.811149544871999,0.20481452465390584,4.882466229823266,0.7252607340840186,0.5454612661213417,0.002744298614016566,0.026094780338262742,0.03575341661553385,0.6606682385162054,0.0014554307171439351,W6;M3;M5;Y4;Y11-Y13,1.3808219178082193,156.0,5,aP,True,New_Zealand,/home/ctm/pertussis_transmission_analysis/outputs/calibrations/New_Zealand_calibrated_config.yaml,current,fitted_parameters_and_state_only,fe4b0945dbc60905bca91e1dac7a67bb5863846eea9d42ff0fc0dbee6b1fb742,fbaadbe47d956b3f84d024d1fe55f5b483b9cf95f7db1635c7b7f23a7bb227b0,True,state_reconstruction_accepted,30.018541530691316,28.765002611277744,True,New_Zealand,NZL,1,contact_reduction_mean,New_Zealand,NZL,2025,2025,True,False,exact_year,2025,low_detected_model_anchor,https://www.tewhatuora.govt.nz/for-health-professionals/clinical-guidance/communicable-disease-control-manual/pertussis,"Health New Zealand notes MRBP has been detected by PHF Science and is being assessed; no public national fraction was located, so use a low detected/imported anchor pending surveillance.",New_Zealand,NZL,3,relative_detection_prior_mean,True,0.0,prospective_policy,1.0204827386537681e-05,1.352852648487234e-16,New_Zealand,25.11070274470987,2.6225140161512233,1.6225140161512233,0.25,calibrated_country_scenario_analysis,,,0.10950710386789408,0.0016213880658111357,-0.0055662488027588,0.01999886384498195,0.003303030031782672,0.05016888625415139,0.0014554307171439351,0.04238497706610567,0.0017300298873481612,0.359443023738539,0.36310340357216786,0.36263301342503584
intervention_comparison,cocooning_adjunct,symptom_protective,country_timeline,cocooning_adjunct,2027-01-01,2051-01-01,2027,2051,701795.0046277565,3403171.929508154,90770.09616541967,60079.9607622778,131607.86800557177,197156.64845507703,73848.90833330342,331085.5175506582,1385777.4634578112,76448.14032598044,210.96829072429222,208.77570816928863,209.05925079003046,19439.234373189396,3305283.5059490306,0.9712361215986902,0.01,0.9989648819226095,5541494.721345923,54207.63051881437,527047.7416496888,488469.4292351112,1069724.8014036142,24.000492823261258,2558.8027390818834,68.2489088138341,4617.948195401101,10115.82412581247,1558.623824782613,629.9216449452089,1289.5790216545056,5397.607116062856,297.76572149157784,1.5862443959531627,16.04720430159284,8.142863695642655,75.7158725339129,25187.58657458215,57850.92449104953,24418.910887126072,24418.910887126072,3824.0240560682305,1204.0,8038.0,5,5.173287671232877,0.8097452137325937,0.20621791057414604,4.849239317845033,0.7233325390260973,0.5448315985588952,0.001546105762540088,0.026113846673872957,0.035781685256279595,0.6598909013334046,0.00012149524368676445,W6;M3;M5;Y4;Y11-Y13,1.3808219178082193,156.0,5,aP,True,New_Zealand,/home/ctm/pertussis_transmission_analysis/outputs/calibrations/New_Zealand_calibrated_config.yaml,current,fitted_parameters_and_state_only,fe4b0945dbc60905bca91e1dac7a67bb5863846eea9d42ff0fc0dbee6b1fb742,fbaadbe47d956b3f84d024d1fe55f5b483b9cf95f7db1635c7b7f23a7bb227b0,True,state_reconstruction_accepted,30.018541530691316,28.765002611277744,True,New_Zealand,NZL,1,contact_reduction_mean,New_Zealand,NZL,2025,2025,True,False,exact_year,2025,low_detected_model_anchor,https://www.tewhatuora.govt.nz/for-health-professionals/clinical-guidance/communicable-disease-control-manual/pertussis,"Health New Zealand notes MRBP has been detected by PHF Science and is being assessed; no public national fraction was located, so use a low detected/imported anchor pending surveillance.",New_Zealand,NZL,3,relative_detection_prior_mean,True,0.0,prospective_policy,,,New_Zealand,25.11070274470987,2.7179210995284575,1.7179210995284575,0.25,calibrated_country_scenario_analysis,True,False,0.023082539686467007,-0.0006933378507034682,-0.002108546728779137,0.0033941394110839074,0.0008512470622438206,0.008959754553753974,0.00012149524368676445,0.007546933946347423,0.00013387070405723733,0.02466245718916149,0.024916068760221233,0.02488432913826233
intervention_comparison,maternal_immunization,symptom_protective,country_timeline,maternal_immunization,2027-01-01,2051-01-01,2027,2051,695062.3816046915,3397709.158648298,86982.54692854726,53517.008416890414,125010.37523247224,196817.0900570331,74236.35844573638,324570.4569196599,1381080.956093571,72670.09884605205,135.22171683156463,133.03386633721055,133.31523303065882,15634.755412290846,3299054.005576904,0.9709642148680431,0.01,0.9989573463350946,5541494.721237789,54207.63051991767,527047.7416903876,488469.4292378302,1069724.8014481356,24.000492823261258,2554.6953495173652,65.40109754889629,4113.497567265135,9608.718603922956,1555.9394424047837,633.2265443324299,1264.2028421280868,5379.314206451767,283.0502392941089,1.0167153073242496,10.225431161605794,5.19263207427547,60.89741628298622,23689.63321942163,56154.66990617173,24200.394821989496,24200.394821989496,3596.602121465324,1204.0,8038.0,5,5.168493150684932,0.8113932698292825,0.2045679453862397,4.888351389128559,0.7254137933382306,0.5456377007778965,0.002671589357710999,0.02598653336474271,0.03560624194836052,0.6611494286674162,0.0017265000075713521,W6;M3;M5;Y4;Y11-Y13,1.3808219178082193,156.0,5,aP,True,New_Zealand,/home/ctm/pertussis_transmission_analysis/outputs/calibrations/New_Zealand_calibrated_config.yaml,current,fitted_parameters_and_state_only,fe4b0945dbc60905bca91e1dac7a67bb5863846eea9d42ff0fc0dbee6b1fb742,fbaadbe47d956b3f84d024d1fe55f5b483b9cf95f7db1635c7b7f23a7bb227b0,True,state_reconstruction_accepted,30.018541530691316,28.765002611277744,True,New_Zealand,NZL,1,contact_reduction_mean,New_Zealand,NZL,2025,2025,True,False,exact_year,2025,low_detected_model_anchor,https://www.tewhatuora.govt.nz/for-health-professionals/clinical-guidance/communicable-disease-control-manual/pertussis,"Health New Zealand notes MRBP has been detected by PHF Science and is being assessed; no public national fraction was located, so use a low detected/imported anchor pending surveillance.",New_Zealand,NZL,3,relative_detection_prior_mean,True,0.0,prospective_policy,,,New_Zealand,25.11070274470987,2.6045108420024006,1.6045108420024006,0.25,calibrated_country_scenario_analysis,True,False,0.12979803443825677,0.0010301334569923215,-0.007366133846353318,0.02300522857916132,0.004237439722957759,0.057936631422292884,0.0017265000075713521,0.048958863775228956,0.0020183282440277006,0.37485004700768054,0.3786672476716977,0.37817737124034967
intervention_comparison,targeted_pep_high_risk,symptom_protective,country_timeline,targeted_pep_high_risk,2027-01-01,2051-01-01,2027,2051,700183.129823107,3396946.2988568386,90667.51800729784,60522.92879754759,132573.38058933755,195774.08392431348,74067.54234953172,330364.5550713928,1383443.74984652,76381.00038345743,212.69854851404992,210.51968057638203,210.80006688196033,19563.443246548813,3381351.4781807153,0.9954091647897492,0.01,0.9993948958324974,5541494.72127558,54207.63051219722,527047.7417123003,488469.42919479776,1069724.8014192951,24.000492823261258,2554.12176469013,68.17178157064333,4651.996211532572,10190.036677085829,1547.6939470935636,631.7865649027593,1286.7708707520321,5388.51729490702,297.5042112223364,1.5992539895627875,16.181251898273292,8.210668531243265,76.19966644372448,24144.99243078129,57741.12109387683,30689.76162310726,30689.76162310726,3665.7355643948868,1211.0,7989.0,6,4.130958904109589,0.8096704876223121,0.2061213420002362,4.851511203526193,0.7220286899280653,0.5439077192282094,0.0015629224987775585,0.025993434530959387,0.03561197055525111,0.6588603623430773,0.0019506341751722722,W6;M3;M5;Y4;Y11-Y13,1.3808219178082193,156.0,5,aP,True,New_Zealand,/home/ctm/pertussis_transmission_analysis/outputs/calibrations/New_Zealand_calibrated_config.yaml,current,fitted_parameters_and_state_only,fe4b0945dbc60905bca91e1dac7a67bb5863846eea9d42ff0fc0dbee6b1fb742,fbaadbe47d956b3f84d024d1fe55f5b483b9cf95f7db1635c7b7f23a7bb227b0,True,state_reconstruction_accepted,30.018541530691316,28.765002611277744,True,New_Zealand,NZL,1,contact_reduction_mean,New_Zealand,NZL,2025,2025,True,False,exact_year,2025,low_detected_model_anchor,https://www.tewhatuora.govt.nz/for-health-professionals/clinical-guidance/communicable-disease-control-manual/pertussis,"Health New Zealand notes MRBP has been detected by PHF Science and is being assessed; no public national fraction was located, so use a low detected/imported anchor pending surveillance.",New_Zealand,NZL,3,relative_detection_prior_mean,True,0.0,prospective_policy,1.0204827386537681e-05,1.352852648487234e-16,New_Zealand,25.11070274470987,2.7148496106906146,1.7148496106906146,0.25,calibrated_country_scenario_analysis,,,0.015879751892911353,0.006324042115557149,-0.0050753477447016415,0.005564320207320894,0.0025338599679388674,0.009830127395179744,0.0019506341751722722,0.008668492827948904,-0.022877102128316507,0.016663220074911722,0.016770870807864435,0.01676463558289798
intervention_comparison,maternal_direct_antibody_only,symptom_protective,country_timeline,maternal_direct_antibody_only,2027-01-01,2051-01-01,2027,2051,696089.1496558036,3398631.7661408545,87583.79685076317,54764.89102931321,127989.17749003437,196700.60104621516,74103.71857750176,325569.21065303014,1382376.9431904468,73269.29718876228,138.55429988263108,136.3662487810319,136.6478548887506,15970.90543780057,3300007.0409635473,0.9709810500331739,0.01,0.9989557416320716,5541494.721259692,54207.63051999774,527047.7416666885,488469.4292474758,1069724.801434162,24.000492823261258,2555.3890466310063,65.85316990340863,4209.414029002201,9837.67938109526,1555.018537453268,632.0951433843229,1268.0929907438053,5384.362079907686,285.3841185271476,1.0417725856947968,10.481569303114863,5.322437789403673,62.20672157813745,24254.99423119941,56451.35689821663,24241.216754325593,24241.216754325593,3682.4362327774197,1204.0,8038.0,5,5.168493150684932,0.811149544871999,0.20481452465390584,4.882466229823266,0.7252607340840186,0.5454612661213417,0.002744298614016566,0.026094780338262742,0.03575341661553385,0.6606682385162054,0.0014554307171439351,W6;M3;M5;Y4;Y11-Y13,1.3808219178082193,156.0,5,aP,True,New_Zealand,/home/ctm/pertussis_transmission_analysis/outputs/calibrations/New_Zealand_calibrated_config.yaml,current,fitted_parameters_and_state_only,fe4b0945dbc60905bca91e1dac7a67bb5863846eea9d42ff0fc0dbee6b1fb742,fbaadbe47d956b3f84d024d1fe55f5b483b9cf95f7db1635c7b7f23a7bb227b0,True,state_reconstruction_accepted,30.018541530691316,28.765002611277744,True,New_Zealand,NZL,1,contact_reduction_mean,New_Zealand,NZL,2025,2025,True,False,exact_year,2025,low_detected_model_anchor,https://www.tewhatuora.govt.nz/for-health-professionals/clinical-guidance/communicable-disease-control-manual/pertussis,"Health New Zealand notes MRBP has been detected by PHF Science and is being assessed; no public national fraction was located, so use a low detected/imported anchor pending surveillance.",New_Zealand,NZL,3,relative_detection_prior_mean,True,0.0,prospective_policy,1.0204827386537681e-05,1.352852648487234e-16,New_Zealand,25.11070274470987,2.6225140161512233,1.6225140161512233,0.25,calibrated_country_scenario_analysis,,,0.10950710386789408,0.0016213880658111357,-0.0055662488027588,0.01999886384498195,0.003303030031782672,0.05016888625415139,0.0014554307171439351,0.04238497706610567,0.0017300298873481612,0.359443023738539,0.36310340357216786,0.36263301342503584
intervention_comparison,maternal_adult_boosting_only,symptom_protective,country_timeline,maternal_adult_boosting_only,2027-01-01,2051-01-01,2027,2051,702774.6209584924,3403498.516376336,91453.78301492572,61496.741736587144,134743.05120099604,197016.5726651772,73693.3526397641,332206.6670415284,1386939.9923539162,77137.02034584907,216.29257884358725,214.10027436093682,214.38407283362145,19874.628894822603,3305701.186339911,0.9712656463442362,0.01,0.9989772352737497,5541494.721444266,54207.63051385008,527047.7416338142,488469.4292208102,1069724.8013684745,24.000492823261258,2559.0482956495825,68.76296446993203,4726.846754697527,10356.804869688647,1557.5164542938423,628.5947749994332,1293.945902115885,5402.135169558909,300.4489111155132,1.6262770575279786,16.456468399215193,8.350265664213795,77.41173542226016,25739.061054668884,58179.70644290901,24455.29300450594,24455.29300450594,3907.7498895720355,1204.0,8038.0,5,5.173287671232877,0.8094785765526921,0.20648594896604452,4.842944544204529,0.7231542363844643,0.5444734375238768,0.0015878166298920122,0.026227237620253734,0.03593571398600665,0.6594034681483119,2.554146991484707e-05,W6;M3;M5;Y4;Y11-Y13,1.3808219178082193,156.0,5,aP,True,New_Zealand,/home/ctm/pertussis_transmission_analysis/outputs/calibrations/New_Zealand_calibrated_config.yaml,current,fitted_parameters_and_state_only,fe4b0945dbc60905bca91e1dac7a67bb5863846eea9d42ff0fc0dbee6b1fb742,fbaadbe47d956b3f84d024d1fe55f5b483b9cf95f7db1635c7b7f23a7bb227b0,True,state_reconstruction_accepted,30.018541530691316,28.765002611277744,True,New_Zealand,NZL,1,contact_reduction_mean,New_Zealand,NZL,2025,2025,True,False,exact_year,2025,low_detected_model_anchor,https://www.tewhatuora.govt.nz/for-health-professionals/clinical-guidance/communicable-disease-control-manual/pertussis,"Health New Zealand notes MRBP has been detected by PHF Science and is being assessed; no public national fraction was located, so use a low detected/imported anchor pending surveillance.",New_Zealand,NZL,3,relative_detection_prior_mean,True,0.0,prospective_policy,1.0204827386537681e-05,1.352852648487234e-16,New_Zealand,25.11070274470987,2.738392675386932,1.7383926753869319,0.25,calibrated_country_scenario_analysis,,,4.527312234114955e-05,1.7634418531753404e-05,2.2995045129148295e-06,1.934923160540336e-05,1.3061042174467019e-05,2.9415358287376847e-05,2.554146991484707e-05,7.170654572541402e-05,7.5201277871528305e-06,4.748745289573364e-05,4.775922447386449e-05,4.774620957614939e-05
intervention_comparison,maternal_cocooning_only,symptom_protective,country_timeline,maternal_cocooning_only,2027-01-01,2051-01-01,2027,2051,701893.3342997644,3403268.77988726,90776.60501139931,60082.29466535184,131612.88159815664,197160.59416690806,73849.33304616935,331092.2218784293,1385798.6413400383,76450.29566917024,210.97721345751307,208.78457675123212,209.06813048076663,19440.01270165246,3305319.578523402,0.9712190815069556,0.01,0.9989643797816766,5541494.721346803,54207.63051879763,527047.7416498582,488469.42923480156,1069724.8014034575,24.000492823261258,2558.8755596795754,68.25380273433798,4618.1275870557865,10116.209487432614,1558.6550176458259,629.925267691471,1289.6051350302112,5397.68960397446,297.7741165594052,1.586311484876652,16.04788597068449,8.143209559847662,75.71890412547577,25221.464930726255,57854.804688556105,24425.95049116105,24425.95049116105,3829.1675281713165,1204.0,8038.0,5,5.173287671232877,0.8097229317284149,0.2062409347295267,4.848697962465324,0.7233213558143279,0.5450138452124987,0.0015461359765477683,0.026113892149090757,0.0357817648835374,0.6598795628051521,9.30398455313286e-05,W6;M3;M5;Y4;Y11-Y13,1.3808219178082193,156.0,5,aP,True,New_Zealand,/home/ctm/pertussis_transmission_analysis/outputs/calibrations/New_Zealand_calibrated_config.yaml,current,fitted_parameters_and_state_only,fe4b0945dbc60905bca91e1dac7a67bb5863846eea9d42ff0fc0dbee6b1fb742,fbaadbe47d956b3f84d024d1fe55f5b483b9cf95f7db1635c7b7f23a7bb227b0,True,state_reconstruction_accepted,30.018541530691316,28.765002611277744,True,New_Zealand,NZL,1,contact_reduction_mean,New_Zealand,NZL,2025,2025,True,False,exact_year,2025,low_detected_model_anchor,https://www.tewhatuora.govt.nz/for-health-professionals/clinical-guidance/communicable-disease-control-manual/pertussis,"Health New Zealand notes MRBP has been detected by PHF Science and is being assessed; no public national fraction was located, so use a low detected/imported anchor pending surveillance.",New_Zealand,NZL,3,relative_detection_prior_mean,True,0.0,prospective_policy,,,New_Zealand,25.11070274470987,2.7181159933374293,1.7181159933374293,0.25,calibrated_country_scenario_analysis,True,False,0.023044589750502054,-0.000713364806798289,-0.002114309960795202,0.003373958605842331,0.0008359777602273688,0.008931813627594876,9.30398455313286e-05,0.007475768172355179,0.00012295855529731448,0.024621206076660518,0.024874648176275826,0.024842911570962523
intervention_comparison,resistance_guided_treatment,symptom_protective,country_timeline,resistance_guided_treatment,2027-01-01,2051-01-01,2027,2051,624896.7025830806,3085605.555413628,76593.84549384078,47392.590415557876,102822.6512629542,168400.738907811,72864.14516213852,288657.47448550735,1237929.0630103773,63632.62773163975,160.60827957796545,158.7137887938536,158.9412827152552,15215.08897591912,2444022.439963966,0.7920722192361827,0.01,0.9987521603110098,5541494.721026812,54207.63050837981,527047.7417386016,488469.4291606161,1069724.8014075975,24.000492823261258,2320.028523658642,57.589961870091564,3642.7541671173976,7903.2953902268,1331.2936986156824,621.5217424461488,1124.321674631808,4821.7371806496985,247.84926390690646,1.207593722090872,12.19927652061842,6.190767430119514,59.262814335806226,15628.284850830703,98288.71886110932,105704.76996368697,105704.76996368697,2372.713917796757,1526.0,8066.0,7,3.301826484018265,0.811581702358245,0.20251995641073206,4.93778498535667,0.7091185570398487,0.5382072134311389,0.0012516406744965114,0.023620042595947566,0.032286343874128286,0.6519605298952763,0.09342497736790889,W6;M3;M5;Y4;Y11-Y13,1.3808219178082193,156.0,5,aP,True,New_Zealand,/home/ctm/pertussis_transmission_analysis/outputs/calibrations/New_Zealand_calibrated_config.yaml,current,fitted_parameters_and_state_only,fe4b0945dbc60905bca91e1dac7a67bb5863846eea9d42ff0fc0dbee6b1fb742,fbaadbe47d956b3f84d024d1fe55f5b483b9cf95f7db1635c7b7f23a7bb227b0,True,state_reconstruction_accepted,30.018541530691316,28.765002611277744,True,New_Zealand,NZL,1,contact_reduction_mean,New_Zealand,NZL,2025,2025,True,False,exact_year,2025,low_detected_model_anchor,https://www.tewhatuora.govt.nz/for-health-professionals/clinical-guidance/communicable-disease-control-manual/pertussis,"Health New Zealand notes MRBP has been detected by PHF Science and is being assessed; no public national fraction was located, so use a low detected/imported anchor pending surveillance.",New_Zealand,NZL,3,relative_detection_prior_mean,True,0.0,prospective_policy,1.0204827386537681e-05,1.352852648487234e-16,New_Zealand,25.11070274470987,2.2934428580348745,1.2934428580348745,0.25,calibrated_country_scenario_analysis,,,0.22938283449220132,0.14526089363616035,0.01125440761408214,0.13110747669282874,0.107450285382795,0.17509445309394323,0.09342497736790889,0.16254581616096753,0.2606699992418503,0.25748422087105793,0.25872954053839414,0.25864971324243313
intervention_comparison,transmission_blocking_vaccine,transmission_blocking,country_timeline,transmission_blocking_vaccine,2027-01-01,2051-01-01,2027,2051,605381.8898871916,2973647.1606889134,69452.49457314357,39650.113100122086,83274.79908423129,151789.59515595195,74359.2734994213,265798.98175549536,1131189.9941938473,56393.5292120754,140.70194257996857,138.81077071067912,139.00985151949624,13007.586323044305,2919627.5058517475,0.9818338720372423,0.01,0.9974080814263957,5541494.721480173,54207.63051070087,527047.7417204905,488469.42925036617,1069724.8014815575,24.000492823261258,2235.8483959255077,52.22046873523915,3047.6412757667404,6400.78161389921,1199.9741382614286,634.2749938403596,1035.2877811141182,4405.988207226184,219.6529548065384,1.0579204445632482,10.669463496121933,5.414437624332504,50.664585293342526,27115.896669000715,41434.04093272764,19484.04546124877,19484.04546124877,4116.783513958062,2212.0,7296.0,3,7.546575342465753,0.8097513859027167,0.20358228706156956,4.91201869491509,0.6841812988672457,0.5326330259176617,0.001030071344436133,0.02085240376406887,0.02776284749861885,0.6345359762601217,0.12631922856386413,W6;M3;M5;Y4;Y11-Y13,1.3808219178082193,156.0,5,aP,True,New_Zealand,/home/ctm/pertussis_transmission_analysis/outputs/calibrations/New_Zealand_calibrated_config.yaml,current,fitted_parameters_and_state_only,fe4b0945dbc60905bca91e1dac7a67bb5863846eea9d42ff0fc0dbee6b1fb742,fbaadbe47d956b3f84d024d1fe55f5b483b9cf95f7db1635c7b7f23a7bb227b0,True,state_reconstruction_accepted,30.018541530691316,28.765002611277744,True,New_Zealand,NZL,1,contact_reduction_mean,New_Zealand,NZL,2025,2025,True,False,exact_year,2025,low_detected_model_anchor,https://www.tewhatuora.govt.nz/for-health-professionals/clinical-guidance/communicable-disease-control-manual/pertussis,"Health New Zealand notes MRBP has been detected by PHF Science and is being assessed; no public national fraction was located, so use a low detected/imported anchor pending surveillance.",New_Zealand,NZL,3,relative_detection_prior_mean,True,0.0,prospective_policy,1.0204827386537681e-05,1.352852648487234e-16,New_Zealand,25.11070274470987,2.0796100079771986,1.0796100079771986,0.25,calibrated_country_scenario_analysis,,,0.3552777448677038,0.22957284059215266,-0.009034055940250196,0.19991419462930093,0.18440940061596045,0.2689389592264291,0.12631922856386413,0.24062720988445574,0.11679689563459472,0.34951415459870105,0.35168629918744954,0.35161594567769205
intervention_comparison,next_generation_vaccine,next_generation,country_timeline,next_generation_vaccine,2027-01-01,2051-01-01,2027,2051,493672.458297582,2346923.807426166,49982.37312881164,26882.008409798844,49790.132922926925,99080.0472355929,65188.24281754147,191150.29846293322,744517.3152280217,38400.61692787695,102.93641886489318,101.28028790164663,101.41803264669528,9274.383129184127,2302734.848764086,0.9811715410094455,0.01,0.999776452722777,5541494.72171653,54207.63050301402,527047.7417587856,488469.42916548025,1069724.8014272798,24.000492823261258,1764.622884429131,37.581126051937865,2066.241733282139,3827.0373620415985,783.278288407316,556.047287351013,744.5309498855569,2899.8970358419474,149.57051088804718,0.7739661585749522,7.784744146755453,3.9502352227093547,36.12374836083781,16595.812045550145,29411.744261225576,15836.466067943478,15836.466067943478,2519.6056124113898,3031.0,6505.0,4,4.979908675799087,0.8014984071835348,0.21034873681689087,4.754010008011138,0.5823834699711117,0.5197260380904728,0.0004923512056071201,0.017550173931837856,0.020160731480315455,0.5441802133533513,0.3104554468732298,W6;M3;M5;Y4;Y11-Y13,1.3808219178082193,156.0,5,aP,True,New_Zealand,/home/ctm/pertussis_transmission_analysis/outputs/calibrations/New_Zealand_calibrated_config.yaml,current,fitted_parameters_and_state_only,fe4b0945dbc60905bca91e1dac7a67bb5863846eea9d42ff0fc0dbee6b1fb742,fbaadbe47d956b3f84d024d1fe55f5b483b9cf95f7db1635c7b7f23a7bb227b0,True,state_reconstruction_accepted,30.018541530691316,28.765002611277744,True,New_Zealand,NZL,1,contact_reduction_mean,New_Zealand,NZL,2025,2025,True,False,exact_year,2025,low_detected_model_anchor,https://www.tewhatuora.govt.nz/for-health-professionals/clinical-guidance/communicable-disease-control-manual/pertussis,"Health New Zealand notes MRBP has been detected by PHF Science and is being assessed; no public national fraction was located, so use a low detected/imported anchor pending surveillance.",New_Zealand,NZL,3,relative_detection_prior_mean,True,0.0,prospective_policy,1.0204827386537681e-05,1.352852648487234e-16,New_Zealand,25.11070274470987,1.4966178539091333,0.49661785390913327,0.25,calibrated_country_scenario_analysis,,,0.56289080334559,0.4971067729162464,0.11541420519239387,0.42461540114833995,0.4632012955424346,0.5021912022553523,0.3104554468732298,0.4535076907936042,0.3034102593969348,0.5241097441859696,0.5269718773787805,0.5269555756655571
intervention_comparison,combined_strategy,transmission_blocking,country_timeline,combined_strategy,2027-01-01,2051-01-01,2027,2051,468040.0749104693,2378030.855614211,47518.070361459526,21761.72578127613,47901.58396965563,105793.51408760587,66243.13129414647,193798.37116302847,866705.0508425696,37005.45798381797,54.0209811640303,52.59461253373378,52.72352000213112,6488.4177460737465,2313009.086408181,0.9726573063370805,0.01,0.9994290986441433,5541494.72148667,54207.63050136846,527047.7416610705,488469.4292079488,1069724.801370388,24.000492823261258,1788.011887983501,35.72824738574783,1672.679560002268,3681.877126983847,836.3516668240992,565.0453496904655,754.8452005369837,3375.8186097411603,144.13636288645412,0.40617705314370756,4.042599113490746,2.0535825863853674,25.27240536290493,15980.559240626624,59638.20000997571,106927.2693316685,106927.2693316685,2426.1968405023963,2982.0,7247.0,6,3.402191780821918,0.8138944177696613,0.19681833555922526,5.080827439977444,0.665161073289067,0.5244451764409239,0.001414021151554619,0.017400089796167726,0.02302510230239493,0.6233218600389497,0.30131595304984826,W6;M3;M5;Y4;Y11-Y13,1.3808219178082193,156.0,5,aP,True,New_Zealand,/home/ctm/pertussis_transmission_analysis/outputs/calibrations/New_Zealand_calibrated_config.yaml,current,fitted_parameters_and_state_only,fe4b0945dbc60905bca91e1dac7a67bb5863846eea9d42ff0fc0dbee6b1fb742,fbaadbe47d956b3f84d024d1fe55f5b483b9cf95f7db1635c7b7f23a7bb227b0,True,state_reconstruction_accepted,30.018541530691316,28.765002611277744,True,New_Zealand,NZL,1,contact_reduction_mean,New_Zealand,NZL,2025,2025,True,False,exact_year,2025,low_detected_model_anchor,https://www.tewhatuora.govt.nz/for-health-professionals/clinical-guidance/communicable-disease-control-manual/pertussis,"Health New Zealand notes MRBP has been detected by PHF Science and is being assessed; no public national fraction was located, so use a low detected/imported anchor pending surveillance.",New_Zealand,NZL,3,relative_detection_prior_mean,True,0.0,prospective_policy,,,New_Zealand,25.11070274470987,1.4228294504133217,0.42282945041332165,0.25,calibrated_country_scenario_analysis,True,False,0.6461480731253759,0.46303172850189755,0.10109967052817792,0.4166443947699753,0.37510365585435745,0.5202774324299645,0.30131595304984826,0.48045163974223204,0.3003022469658746,0.7502530316387068,0.7543576213864804,0.7540815324708797
intervention_comparison,current,symptom_protective,country_timeline,current,2027-01-01,2051-01-01,2027,2051,293956.04329871596,1132204.4264410373,32980.97628863074,9813.018514896903,16326.327549019967,42772.41683963361,28600.819474026135,81186.25482855664,286634.06990184536,21755.584162668343,37.904257713953704,36.89750279674524,36.95039541270415,3320.2621351779517,169405.27169412596,0.14962427962469038,0.010000000000000002,0.9896361521465743,10960604.655495249,96820.60636353488,939124.9670449441,895539.8537843267,1931485.4271928058,24.000492823261258,430.3979317580166,12.537439044119566,422.2937564679745,702.5877083117535,189.76680445816774,133.06792948850867,175.13417958163066,618.3241581769109,46.93092927730234,0.1440898281610641,1.5878483299171526,0.797090246309104,7.1624363787724405,84373.33402209941,26426.826998686964,57405.053694795606,57405.053694795606,25336.513909103523,0.0,8766.0,2,23.991780821917807,0.8157412651951053,0.25963159693937526,3.8516113284682483,0.5071463034772556,0.39292531495544014,0.0007261387682795358,0.010178709536466265,0.014119869221878904,0.48212158595063087,0.0,M3;M5;M12;Y5;Y14-Y16,3.0,192.0,5,aP,True,Sweden,/home/ctm/pertussis_transmission_analysis/outputs/calibrations/Sweden_calibrated_config.yaml,current,fitted_parameters_and_state_only,fe4b0945dbc60905bca91e1dac7a67bb5863846eea9d42ff0fc0dbee6b1fb742,fbaadbe47d956b3f84d024d1fe55f5b483b9cf95f7db1635c7b7f23a7bb227b0,True,state_reconstruction_accepted,27.539835888459052,25.329566843520027,True,Sweden,SWE,1,contact_reduction_mean,Sweden,SWE,2025,2025,True,False,exact_year,2025,low_imported_model_anchor,https://www.folkhalsomyndigheten.se/contentassets/975cc036216b48a39b7bf34319d4ecee/pertussis-surveillance-sweden-23rd-annual-report.pdf,"No public Swedish MRBP prevalence estimate was located in the accessible national surveillance material, so keep a conservative low anchor pending numeric reporting.",Sweden,SWE,2,relative_detection_prior_mean,True,0.0,prospective_policy,3.202340290308184e-05,1.4235413699758381e-16,Sweden,5.954795201043958,2.1054358077539894,1.1054358077539894,0.25,calibrated_country_scenario_analysis,,,0.0,0.0,0.0,0.0,0.0,0.0,0.0,0.0,0.0,0.0,0.0,0.0
intervention_comparison,higher_child_coverage,symptom_protective,country_timeline,higher_child_coverage,2027-01-01,2051-01-01,2027,2051,285649.37033873145,1086441.420412764,31970.549449698818,9585.176785201429,15798.258391070063,41144.96717511804,27133.564320464448,77863.70828078392,269671.5906146258,21014.419284228512,37.14467302215223,36.15678324385038,36.208227610748274,3244.414604242785,123820.07136906582,0.1139684745469514,0.010000000000000002,0.9827338144841972,10960604.655438358,96820.60635791239,939124.9668721163,895539.853881902,1931485.4271119304,24.000492823261258,413.00151227475715,12.153333831808492,412.48880811980416,679.8627631117021,182.54635858126883,126.24139062354678,167.9668152978149,581.7328669794863,45.332095792000125,0.14120233123357837,1.555972180787329,0.7810802765036978,6.998818841445687,84373.33402253735,25993.683840749174,57113.358611828,57113.358611828,25336.513909103523,0.0,8766.0,2,23.991780821917807,0.8159731456240449,0.2629220176732646,3.8034091205047282,0.5072411470563103,0.39357372105664035,0.0007399451144158428,0.010093520745239963,0.014016642594919745,0.48239103860173477,0.04041938448529514,M3;M5;M12;Y5;Y14-Y16,3.0,192.0,5,aP,True,Sweden,/home/ctm/pertussis_transmission_analysis/outputs/calibrations/Sweden_calibrated_config.yaml,current,fitted_parameters_and_state_only,fe4b0945dbc60905bca91e1dac7a67bb5863846eea9d42ff0fc0dbee6b1fb742,fbaadbe47d956b3f84d024d1fe55f5b483b9cf95f7db1635c7b7f23a7bb227b0,True,state_reconstruction_accepted,27.539835888459052,25.329566843520027,True,Sweden,SWE,1,contact_reduction_mean,Sweden,SWE,2025,2025,True,False,exact_year,2025,low_imported_model_anchor,https://www.folkhalsomyndigheten.se/contentassets/975cc036216b48a39b7bf34319d4ecee/pertussis-surveillance-sweden-23rd-annual-report.pdf,"No public Swedish MRBP prevalence estimate was located in the accessible national surveillance material, so keep a conservative low anchor pending numeric reporting.",Sweden,SWE,2,relative_detection_prior_mean,True,0.0,prospective_policy,3.202340290308184e-05,1.4235413699758381e-16,Sweden,5.954795201043958,2.0409322943092727,1.0409322943092727,0.25,calibrated_country_scenario_analysis,,,0.02321831242339889,0.03804904620230731,0.05130115781801903,0.04092498853148285,0.059178168502537765,0.0340677994623394,0.04041938448529514,0.030636656419423258,0.2690896208198743,0.02003956118950312,0.020075059197778744,0.02008551718233309
intervention_comparison,adolescent_booster,symptom_protective,country_timeline,adolescent_booster,2027-01-01,2051-01-01,2027,2051,293279.39447719214,1128481.4965703685,32902.48239558402,9795.950011689987,16286.187460149584,42665.39867716063,28443.097891990357,80904.44658084099,285222.53708228894,21698.444574736048,37.84719241324043,36.84191019732599,36.89469410383885,3314.5639318122053,165766.95044527194,0.14689381345557156,0.010000000000000002,0.9894551853726707,10960604.655510958,96820.6063623513,939124.9670437195,895539.8537943838,1931485.4272004548,24.000492823261258,428.98269147128775,12.507600254891866,421.5592299535262,700.8603184363318,189.29200092351905,132.3341153955692,174.5262656382747,615.2792136475025,46.80766832764607,0.14387289924918292,1.585455956213307,0.7958886632238965,7.150144271248139,84373.33402197849,26394.03064911487,57378.172738750756,57378.172738750756,25336.513909103523,0.0,8766.0,2,23.991780821917807,0.8157687864308022,0.25988852751995845,3.8478035546344143,0.5072762366450027,0.39306617394671706,0.0007273043007644827,0.01017383112075067,0.0141142055818364,0.4822608956416512,0.003288213491949854,M3;M5;M12;Y5;Y14-Y16,3.0,192.0,5,aP,True,Sweden,/home/ctm/pertussis_transmission_analysis/outputs/calibrations/Sweden_calibrated_config.yaml,current,fitted_parameters_and_state_only,fe4b0945dbc60905bca91e1dac7a67bb5863846eea9d42ff0fc0dbee6b1fb742,fbaadbe47d956b3f84d024d1fe55f5b483b9cf95f7db1635c7b7f23a7bb227b0,True,state_reconstruction_accepted,27.539835888459052,25.329566843520027,True,Sweden,SWE,1,contact_reduction_mean,Sweden,SWE,2025,2025,True,False,exact_year,2025,low_imported_model_anchor,https://www.folkhalsomyndigheten.se/contentassets/975cc036216b48a39b7bf34319d4ecee/pertussis-surveillance-sweden-23rd-annual-report.pdf,"No public Swedish MRBP prevalence estimate was located in the accessible national surveillance material, so keep a conservative low anchor pending numeric reporting.",Sweden,SWE,2,relative_detection_prior_mean,True,0.0,prospective_policy,3.202340290308184e-05,1.4235413699758381e-16,Sweden,5.954795201043958,2.1004249235471795,1.1004249235471795,0.25,calibrated_country_scenario_analysis,,,0.0017393733825127322,0.002502036835426491,0.005514582621627739,0.0034711325003322635,0.004924511660598374,0.002626433172515985,0.003288213491949854,0.002379974818204067,0.02147702496191073,0.0015055116273196,0.001506676474164026,0.0015074617806699608
intervention_comparison,pregnancy_tdap_scaleup,symptom_protective,country_timeline,pregnancy_tdap_scaleup,2027-01-01,2051-01-01,2027,2051,291561.1187955092,1121564.2450907626,32293.98830800433,9162.025369471947,15588.1190724884,42433.57592073089,28302.449467728948,79898.05075793178,282367.31823014695,21128.345498990147,31.020859695140437,30.018475954181838,30.070974786127483,2960.247244167648,159668.75149201427,0.14236255496812228,0.010000000000000002,0.9883987638480091,10960604.655439127,96820.60637030454,939124.9670528213,895539.8537036749,1931485.4271268006,24.000492823261258,426.35315685935984,12.276286376785018,394.27889634419137,670.8196207861838,188.2634814472548,131.67973574614683,172.35527860829666,609.1199640261954,45.577856286428656,0.11792317308086175,1.2918160659744617,0.6486880703746757,6.385815845041832,84355.60086099978,26181.431230500784,57145.12761364314,57145.12761364314,25331.188808477782,0.0,8766.0,2,23.991780821917807,0.8161954623783088,0.2599593559367744,3.846755183695768,0.5074738618143327,0.39314394876983005,0.0009827353826817368,0.01015598986257712,0.0140913279663649,0.482243808602709,0.009397756360766896,M3;M5;M12;Y5;Y14-Y16,3.0,192.0,5,aP,True,Sweden,/home/ctm/pertussis_transmission_analysis/outputs/calibrations/Sweden_calibrated_config.yaml,current,fitted_parameters_and_state_only,fe4b0945dbc60905bca91e1dac7a67bb5863846eea9d42ff0fc0dbee6b1fb742,fbaadbe47d956b3f84d024d1fe55f5b483b9cf95f7db1635c7b7f23a7bb227b0,True,state_reconstruction_accepted,27.539835888459052,25.329566843520027,True,Sweden,SWE,1,contact_reduction_mean,Sweden,SWE,2025,2025,True,False,exact_year,2025,low_imported_model_anchor,https://www.folkhalsomyndigheten.se/contentassets/975cc036216b48a39b7bf34319d4ecee/pertussis-surveillance-sweden-23rd-annual-report.pdf,"No public Swedish MRBP prevalence estimate was located in the accessible national surveillance material, so keep a conservative low anchor pending numeric reporting.",Sweden,SWE,2,relative_detection_prior_mean,True,0.0,prospective_policy,3.202340290308184e-05,1.4235413699758381e-16,Sweden,5.954795201043958,2.0615799473057974,1.0615799473057974,0.25,calibrated_country_scenario_analysis,,,0.066339744945625,0.007921949329474098,0.01043221878898093,0.01586726809045702,0.014885710108220929,0.028831157048612388,0.009397756360766896,0.020829825491346488,0.057474717904243966,0.18159959946344706,0.18643610871059302,0.1861798919805715
intervention_comparison,cocooning_adjunct,symptom_protective,country_timeline,cocooning_adjunct,2027-01-01,2051-01-01,2027,2051,273863.6949402394,1022451.5578298654,30483.455792711866,9010.902755688781,14494.642857763865,39448.46380704362,25140.662648127196,73600.02921085959,246790.18021695563,19939.16847095408,35.04750033350511,34.086221810475124,34.13573536463727,3058.6619546826887,63201.76154648076,0.06181394224742083,0.010000000000000002,0.9471727538524559,10960604.655828767,96820.60637247135,939124.9669991888,895539.8536859076,1931485.4270575678,24.000492823261258,388.6763074956615,11.588027761790554,387.7754808818066,623.7629299496074,175.0195446256482,116.96923327533237,158.76924931628386,532.373316584161,43.01257545774446,0.13323010672009203,1.4668675728029832,0.7363726803933268,6.598115077726018,84324.29692212518,25355.86981122028,56552.294631509714,56552.294631509714,25321.78853271596,0.0,8766.0,1,,0.8164409512117812,0.2678500441835211,3.7334322756909324,0.5113815878639992,0.3985004664545842,0.0007306178048626408,0.009934641519455032,0.013818939865218406,0.48689738867446314,0.09693732514027376,M3;M5;M12;Y5;Y14-Y16,3.0,192.0,5,aP,True,Sweden,/home/ctm/pertussis_transmission_analysis/outputs/calibrations/Sweden_calibrated_config.yaml,current,fitted_parameters_and_state_only,fe4b0945dbc60905bca91e1dac7a67bb5863846eea9d42ff0fc0dbee6b1fb742,fbaadbe47d956b3f84d024d1fe55f5b483b9cf95f7db1635c7b7f23a7bb227b0,True,state_reconstruction_accepted,27.539835888459052,25.329566843520027,True,Sweden,SWE,1,contact_reduction_mean,Sweden,SWE,2025,2025,True,False,exact_year,2025,low_imported_model_anchor,https://www.folkhalsomyndigheten.se/contentassets/975cc036216b48a39b7bf34319d4ecee/pertussis-surveillance-sweden-23rd-annual-report.pdf,"No public Swedish MRBP prevalence estimate was located in the accessible national surveillance material, so keep a conservative low anchor pending numeric reporting.",Sweden,SWE,2,relative_detection_prior_mean,True,0.0,prospective_policy,,,Sweden,5.954795201043958,1.9459993787458907,0.9459993787458907,0.25,calibrated_country_scenario_analysis,True,False,0.08173996186702892,0.07771253714870663,0.12098103793988435,0.0934422413463597,0.1390061191906944,0.08349192915863668,0.09693732514027376,0.0757260935535079,0.6269197474527456,0.07536771731574976,0.07619163285267383,0.07617401699304005
intervention_comparison,maternal_immunization,symptom_protective,country_timeline,maternal_immunization,2027-01-01,2051-01-01,2027,2051,272727.9483712688,1018491.2209836245,29992.711138353836,8464.24135702105,13906.309291611178,39317.828307504096,25043.42297152209,72825.49263604723,244968.32343467983,19467.745751775554,29.096687386768235,28.13698908488049,28.18632962855143,2750.9914639741132,60203.21778587646,0.05911019805132363,0.010000000000000002,0.9417354807080552,10960604.655782036,96820.60637822848,939124.9670013865,895539.8536126933,1931485.4269923086,24.000492823261258,387.17081895846826,11.40147533427579,364.2504365338094,598.4445641831602,174.43995892189838,116.51681679227663,157.0984267435374,528.4432253128531,41.99562706882806,0.1106085948746211,1.2108480990341002,0.6080326929540597,5.934411362448029,84307.34265522365,25187.971960953448,56337.362130304486,56337.362130304486,25316.697326670022,0.0,8766.0,1,,0.816862506520101,0.2677764351349807,3.7344585586701093,0.511614547585319,0.3985600383727317,0.0009695972494935432,0.009922481629989705,0.013803178210991402,0.48691929049484445,0.10043522424201967,M3;M5;M12;Y5;Y14-Y16,3.0,192.0,5,aP,True,Sweden,/home/ctm/pertussis_transmission_analysis/outputs/calibrations/Sweden_calibrated_config.yaml,current,fitted_parameters_and_state_only,fe4b0945dbc60905bca91e1dac7a67bb5863846eea9d42ff0fc0dbee6b1fb742,fbaadbe47d956b3f84d024d1fe55f5b483b9cf95f7db1635c7b7f23a7bb227b0,True,state_reconstruction_accepted,27.539835888459052,25.329566843520027,True,Sweden,SWE,1,contact_reduction_mean,Sweden,SWE,2025,2025,True,False,exact_year,2025,low_imported_model_anchor,https://www.folkhalsomyndigheten.se/contentassets/975cc036216b48a39b7bf34319d4ecee/pertussis-surveillance-sweden-23rd-annual-report.pdf,"No public Swedish MRBP prevalence estimate was located in the accessible national surveillance material, so keep a conservative low anchor pending numeric reporting.",Sweden,SWE,2,relative_detection_prior_mean,True,0.0,prospective_policy,,,Sweden,5.954795201043958,1.9146712774063084,0.9146712774063084,0.25,calibrated_country_scenario_analysis,True,False,0.13744773392899523,0.08076673677528634,0.1243809292154967,0.10298248404443677,0.1453621562901909,0.10516097355908383,0.10043522424201967,0.09060572143545154,0.6446201633289315,0.2323636144955593,0.23742836365168662,0.23718462783051808
intervention_comparison,targeted_pep_high_risk,symptom_protective,country_timeline,targeted_pep_high_risk,2027-01-01,2051-01-01,2027,2051,272914.9049247544,1022718.8176542334,30640.243487827414,8841.449817250927,14217.054227779729,40237.305942912964,28499.25293306393,77578.0086932278,271899.00205377553,20312.99700624158,33.529565618747924,32.629930083676186,32.67866321330573,2978.5791687809765,260774.78123650048,0.2549818940797711,0.010000000000000002,0.9996668520896662,10960604.655668214,96820.60640961959,939124.967207907,895539.8532221831,1931485.4268397097,24.000492823261258,388.7779040619776,11.647629277486866,380.48323749769713,611.8171716262576,178.51937139993157,132.59538194689299,167.3505070191988,586.537816814131,43.818994652420706,0.12745980635483423,1.4041974669512813,0.7049408652756196,6.425361291025688,70724.04109754963,25175.549453891363,82339.22615843036,82339.22615843036,21237.760386889662,0.0,8766.0,2,23.991780821917807,0.8156550152106482,0.26685233537672426,3.7473908504052136,0.5070621500446322,0.3911209219260819,0.0006725244482880924,0.010343384900174031,0.01430192618075051,0.48174431451541966,0.09670127251750826,M3;M5;M12;Y5;Y14-Y16,3.0,192.0,5,aP,True,Sweden,/home/ctm/pertussis_transmission_analysis/outputs/calibrations/Sweden_calibrated_config.yaml,current,fitted_parameters_and_state_only,fe4b0945dbc60905bca91e1dac7a67bb5863846eea9d42ff0fc0dbee6b1fb742,fbaadbe47d956b3f84d024d1fe55f5b483b9cf95f7db1635c7b7f23a7bb227b0,True,state_reconstruction_accepted,27.539835888459052,25.329566843520027,True,Sweden,SWE,1,contact_reduction_mean,Sweden,SWE,2025,2025,True,False,exact_year,2025,low_imported_model_anchor,https://www.folkhalsomyndigheten.se/contentassets/975cc036216b48a39b7bf34319d4ecee/pertussis-surveillance-sweden-23rd-annual-report.pdf,"No public Swedish MRBP prevalence estimate was located in the accessible national surveillance material, so keep a conservative low anchor pending numeric reporting.",Sweden,SWE,2,relative_detection_prior_mean,True,0.0,prospective_policy,3.202340290308184e-05,1.4235413699758381e-16,Sweden,5.954795201043958,1.9560083737967806,0.9560083737967806,0.25,calibrated_country_scenario_analysis,,,0.0990081386447057,0.05926976037443765,0.0035511759043982405,0.04444405204980173,0.05140724496957283,0.06630882193925092,0.09670127251750826,0.07097221077746663,-0.5393545822313552,0.115414266339671,0.11566020433896418,0.11560721209304636
intervention_comparison,maternal_direct_antibody_only,symptom_protective,country_timeline,maternal_direct_antibody_only,2027-01-01,2051-01-01,2027,2051,291561.1187955092,1121564.2450907626,32293.98830800433,9162.025369471947,15588.1190724884,42433.57592073089,28302.449467728948,79898.05075793178,282367.31823014695,21128.345498990147,31.020859695140437,30.018475954181838,30.070974786127483,2960.247244167648,159668.75149201427,0.14236255496812228,0.010000000000000002,0.9883987638480091,10960604.655439127,96820.60637030454,939124.9670528213,895539.8537036749,1931485.4271268006,24.000492823261258,426.35315685935984,12.276286376785018,394.27889634419137,670.8196207861838,188.2634814472548,131.67973574614683,172.35527860829666,609.1199640261954,45.577856286428656,0.11792317308086175,1.2918160659744617,0.6486880703746757,6.385815845041832,84355.60086099978,26181.431230500784,57145.12761364314,57145.12761364314,25331.188808477782,0.0,8766.0,2,23.991780821917807,0.8161954623783088,0.2599593559367744,3.846755183695768,0.5074738618143327,0.39314394876983005,0.0009827353826817368,0.01015598986257712,0.0140913279663649,0.482243808602709,0.009397756360766896,M3;M5;M12;Y5;Y14-Y16,3.0,192.0,5,aP,True,Sweden,/home/ctm/pertussis_transmission_analysis/outputs/calibrations/Sweden_calibrated_config.yaml,current,fitted_parameters_and_state_only,fe4b0945dbc60905bca91e1dac7a67bb5863846eea9d42ff0fc0dbee6b1fb742,fbaadbe47d956b3f84d024d1fe55f5b483b9cf95f7db1635c7b7f23a7bb227b0,True,state_reconstruction_accepted,27.539835888459052,25.329566843520027,True,Sweden,SWE,1,contact_reduction_mean,Sweden,SWE,2025,2025,True,False,exact_year,2025,low_imported_model_anchor,https://www.folkhalsomyndigheten.se/contentassets/975cc036216b48a39b7bf34319d4ecee/pertussis-surveillance-sweden-23rd-annual-report.pdf,"No public Swedish MRBP prevalence estimate was located in the accessible national surveillance material, so keep a conservative low anchor pending numeric reporting.",Sweden,SWE,2,relative_detection_prior_mean,True,0.0,prospective_policy,3.202340290308184e-05,1.4235413699758381e-16,Sweden,5.954795201043958,2.0615799473057974,1.0615799473057974,0.25,calibrated_country_scenario_analysis,,,0.066339744945625,0.007921949329474098,0.01043221878898093,0.01586726809045702,0.014885710108220929,0.028831157048612388,0.009397756360766896,0.020829825491346488,0.057474717904243966,0.18159959946344706,0.18643610871059302,0.1861798919805715
intervention_comparison,maternal_adult_boosting_only,symptom_protective,country_timeline,maternal_adult_boosting_only,2027-01-01,2051-01-01,2027,2051,274421.847224273,1024669.9634894665,30707.67342035205,9282.801950501396,15100.458128611446,39516.17379916222,25184.24705004524,73983.22279970886,247977.4479188628,20154.030257732946,36.136402320759366,35.174323659974,35.22393803437963,3145.1483557943984,64554.17002832881,0.06299996323547198,0.010000000000000002,0.9492690551623698,10960604.655808425,96820.60637075902,939124.9669854142,895539.8537049389,1931485.427061112,24.000492823261258,389.51961563523776,11.67326219558001,399.4763996401336,649.833603937706,175.3199510533005,117.17201369062487,159.59587070591076,534.9344786342057,43.47607316220912,0.1373694754795767,1.5136929830442218,0.7598472799038413,6.784682680033855,84373.33401968863,25440.541578096796,56666.78278683373,56666.78278683373,25336.513909103523,0.0,8766.0,1,,0.8162777533126315,0.26781486430005425,3.7339226954916906,0.5115147692201419,0.3983927745328333,0.0007610480416329194,0.010004296572319275,0.013914290061732972,0.48683513454445687,0.09497795666600062,M3;M5;M12;Y5;Y14-Y16,3.0,192.0,5,aP,True,Sweden,/home/ctm/pertussis_transmission_analysis/outputs/calibrations/Sweden_calibrated_config.yaml,current,fitted_parameters_and_state_only,fe4b0945dbc60905bca91e1dac7a67bb5863846eea9d42ff0fc0dbee6b1fb742,fbaadbe47d956b3f84d024d1fe55f5b483b9cf95f7db1635c7b7f23a7bb227b0,True,state_reconstruction_accepted,27.539835888459052,25.329566843520027,True,Sweden,SWE,1,contact_reduction_mean,Sweden,SWE,2025,2025,True,False,exact_year,2025,low_imported_model_anchor,https://www.folkhalsomyndigheten.se/contentassets/975cc036216b48a39b7bf34319d4ecee/pertussis-surveillance-sweden-23rd-annual-report.pdf,"No public Swedish MRBP prevalence estimate was located in the accessible national surveillance material, so keep a conservative low anchor pending numeric reporting.",Sweden,SWE,2,relative_detection_prior_mean,True,0.0,prospective_policy,3.202340290308184e-05,1.4235413699758381e-16,Sweden,5.954795201043958,1.9603129581238201,0.9603129581238201,0.25,calibrated_country_scenario_analysis,,,0.05403195393859672,0.07612950777787475,0.11945715146671443,0.08872230950988724,0.13486401667540804,0.07361576195612318,0.09497795666600062,0.06892770087774358,0.6189364747462744,0.046640021459740555,0.0467017821304494,0.04672365096615272
intervention_comparison,maternal_cocooning_only,symptom_protective,country_timeline,maternal_cocooning_only,2027-01-01,2051-01-01,2027,2051,292832.00568025745,1126916.5400211618,32675.67543617248,9501.972051600362,15629.925564487601,42608.89263374523,28466.137862713498,80577.00254805908,284309.3485331525,21478.066226516254,36.686451716818226,35.68177202589402,35.73446088528866,3221.7422664749797,164948.82077858044,0.1463718162974899,0.010000000000000002,0.9891264583886582,10960604.655502727,96820.60636455742,939124.9670395942,895539.8537722845,1931485.4271764362,24.000492823261258,428.387786482423,12.421381508569528,408.90817289197815,672.6187227561685,189.0413026453223,132.441310970711,173.81990663716613,613.3092924203901,46.332270352365605,0.13946044171618,1.535530532548664,0.7708602279050596,6.949910300196221,84324.29692463353,26308.953738850738,57273.17818767631,57273.17818767631,25321.78853271596,0.0,8766.0,2,23.991780821917807,0.815910725764287,0.25985243385881845,3.8483380168889023,0.5070435717661919,0.39309793810169125,0.0006976478565240838,0.010104401480741161,0.01401910294076301,0.4822224194881635,0.004670434328275408,M3;M5;M12;Y5;Y14-Y16,3.0,192.0,5,aP,True,Sweden,/home/ctm/pertussis_transmission_analysis/outputs/calibrations/Sweden_calibrated_config.yaml,current,fitted_parameters_and_state_only,fe4b0945dbc60905bca91e1dac7a67bb5863846eea9d42ff0fc0dbee6b1fb742,fbaadbe47d956b3f84d024d1fe55f5b483b9cf95f7db1635c7b7f23a7bb227b0,True,state_reconstruction_accepted,27.539835888459052,25.329566843520027,True,Sweden,SWE,1,contact_reduction_mean,Sweden,SWE,2025,2025,True,False,exact_year,2025,low_imported_model_anchor,https://www.folkhalsomyndigheten.se/contentassets/975cc036216b48a39b7bf34319d4ecee/pertussis-surveillance-sweden-23rd-annual-report.pdf,"No public Swedish MRBP prevalence estimate was located in the accessible national surveillance material, so keep a conservative low anchor pending numeric reporting.",Sweden,SWE,2,relative_detection_prior_mean,True,0.0,prospective_policy,,,Sweden,5.954795201043958,2.085946046707347,1.0859460467073472,0.25,calibrated_country_scenario_analysis,True,False,0.03169732766980404,0.003823122890190711,0.004709012321655659,0.007504377209961666,0.008110415379054325,0.012756170281481016,0.004670434328275408,0.0092568773521573,0.02630644767414303,0.03212847502055605,0.03294886316692591,0.03290721286834797
intervention_comparison,resistance_guided_treatment,symptom_protective,country_timeline,resistance_guided_treatment,2027-01-01,2051-01-01,2027,2051,266684.6245097118,979419.0649069615,29692.610733560454,8971.076771319376,14395.215785420116,37974.67823018599,23857.49105931098,70803.24606081635,231363.25627975186,19377.573261746656,34.96234546584085,34.02186173777448,34.06979577043426,3039.389868584977,12146.886474330973,0.012402133988973198,0.010000000000000002,0.04400785147432372,10960604.656137077,96820.60633743886,939124.9669944514,895539.8540063247,1931485.4273382146,24.000492823261258,372.31786945110946,11.287394704544102,386.0616083209279,619.4841823239427,168.48085450667108,110.99916001180384,152.73605656313939,499.09450998084446,41.801107864748516,0.1329063976929228,1.464097899880725,0.7349502379337177,6.556541524761208,84249.9500952286,51682.676877040525,56404.847393656826,56404.847393656826,25299.46288474189,0.0,161.0,1,,0.8160188006280263,0.2722885780613686,3.672574175236316,0.5043952655765789,0.39306380101868005,0.0007641899747939701,0.009864661124100607,0.013732622481967762,0.48003379199571655,0.13494503109684897,M3;M5;M12;Y5;Y14-Y16,3.0,192.0,5,aP,True,Sweden,/home/ctm/pertussis_transmission_analysis/outputs/calibrations/Sweden_calibrated_config.yaml,current,fitted_parameters_and_state_only,fe4b0945dbc60905bca91e1dac7a67bb5863846eea9d42ff0fc0dbee6b1fb742,fbaadbe47d956b3f84d024d1fe55f5b483b9cf95f7db1635c7b7f23a7bb227b0,True,state_reconstruction_accepted,27.539835888459052,25.329566843520027,True,Sweden,SWE,1,contact_reduction_mean,Sweden,SWE,2025,2025,True,False,exact_year,2025,low_imported_model_anchor,https://www.folkhalsomyndigheten.se/contentassets/975cc036216b48a39b7bf34319d4ecee/pertussis-surveillance-sweden-23rd-annual-report.pdf,"No public Swedish MRBP prevalence estimate was located in the accessible national surveillance material, so keep a conservative low anchor pending numeric reporting.",Sweden,SWE,2,relative_detection_prior_mean,True,0.0,prospective_policy,3.202340290308184e-05,1.4235413699758381e-16,Sweden,5.954795201043958,1.895513501885886,0.895513501885886,0.25,calibrated_country_scenario_analysis,,,0.08579844645145585,0.11216898562070388,0.16584589189910492,0.12789121495586153,0.1928270900979091,0.10930577102141215,0.13494503109684897,0.09970491856555075,0.9282968802986067,0.07761429521491059,0.07793592630947443,0.07795856066210016
intervention_comparison,transmission_blocking_vaccine,transmission_blocking,country_timeline,transmission_blocking_vaccine,2027-01-01,2051-01-01,2027,2051,232282.33626091294,777749.5453404876,25283.402674324465,7507.1853593416145,10673.093751627133,31632.39368567096,19798.000514118812,58937.57955913138,162702.49134059553,16169.396398599642,29.302832934152946,28.465376603711523,28.505755622844983,2545.069268244192,11471.051626121369,0.014749030320679271,0.010000000000000002,0.013587748354603513,10960604.656145616,96820.60633671416,939124.9666400308,895539.8537130131,1931485.4266897582,24.000492823261258,295.65490816234126,9.611271572568228,323.06445788961815,459.30626217771874,140.3422746062455,92.11200885444957,127.13955911750224,350.9801924527389,34.880460729670055,0.1113922397248159,1.2249799386741653,0.6149233187568629,5.490198055443176,75191.2881404621,21177.69842103985,46594.35356017479,46594.35356017479,22579.232408053027,0.0,147.0,1,,0.8126601968654756,0.2986595590476662,3.34829396784986,0.475550629413326,0.38236218766980284,0.0006652286090086539,0.00923062374239515,0.012421598717157731,0.4532331783447645,0.3130661502664678,M3;M5;M12;Y5;Y14-Y16,3.0,192.0,5,aP,True,Sweden,/home/ctm/pertussis_transmission_analysis/outputs/calibrations/Sweden_calibrated_config.yaml,current,fitted_parameters_and_state_only,fe4b0945dbc60905bca91e1dac7a67bb5863846eea9d42ff0fc0dbee6b1fb742,fbaadbe47d956b3f84d024d1fe55f5b483b9cf95f7db1635c7b7f23a7bb227b0,True,state_reconstruction_accepted,27.539835888459052,25.329566843520027,True,Sweden,SWE,1,contact_reduction_mean,Sweden,SWE,2025,2025,True,False,exact_year,2025,low_imported_model_anchor,https://www.folkhalsomyndigheten.se/contentassets/975cc036216b48a39b7bf34319d4ecee/pertussis-surveillance-sweden-23rd-annual-report.pdf,"No public Swedish MRBP prevalence estimate was located in the accessible national surveillance material, so keep a conservative low anchor pending numeric reporting.",Sweden,SWE,2,relative_detection_prior_mean,True,0.0,prospective_policy,3.202340290308184e-05,1.4235413699758381e-16,Sweden,5.954795201043958,1.6140389800279342,0.6140389800279342,0.25,calibrated_country_scenario_analysis,,,0.2349769494528987,0.26044876528090244,0.30778205386393254,0.274044852991537,0.4323686245800745,0.2567702950332339,0.3130661502664678,0.23339435276086107,0.9322863361251637,0.22692502896935285,0.2285283705914517,0.228539903173966
intervention_comparison,next_generation_vaccine,next_generation,country_timeline,next_generation_vaccine,2027-01-01,2051-01-01,2027,2051,207768.50986950975,629172.360677704,21620.69835712738,6455.712632940738,7523.202579631297,25081.465167855946,16443.378245910877,47980.55604670756,100169.6730085107,13249.967040570866,26.954495779622704,26.16179902390727,26.196606136769557,2273.350315426533,9112.366861022621,0.014483101023712114,0.010000000000000002,0.010583147794439083,10960604.654810373,96820.6064412541,939124.9675182631,895539.8525808485,1931485.4265403657,24.000492823261258,239.17454873686248,8.218925522048945,277.81534622760074,323.7537431167491,111.27801151567525,76.50432190963393,103.5031772274012,216.0850201093523,28.5826968224879,0.10246523476614285,1.1258477052831395,0.5651105762698938,4.904048639380184,63631.788117527714,19117.990417963036,39312.92835281059,39312.92835281059,19108.02391876388,0.0,140.0,1,,0.8048749120055432,0.33022510659195975,3.0282373448837814,0.3932331557331752,0.357402812295857,0.00038674005006976436,0.008635426317324581,0.009781540210907881,0.374429449154873,0.44429438184106074,M3;M5;M12;Y5;Y14-Y16,3.0,192.0,5,aP,True,Sweden,/home/ctm/pertussis_transmission_analysis/outputs/calibrations/Sweden_calibrated_config.yaml,current,fitted_parameters_and_state_only,fe4b0945dbc60905bca91e1dac7a67bb5863846eea9d42ff0fc0dbee6b1fb742,fbaadbe47d956b3f84d024d1fe55f5b483b9cf95f7db1635c7b7f23a7bb227b0,True,state_reconstruction_accepted,27.539835888459052,25.329566843520027,True,Sweden,SWE,1,contact_reduction_mean,Sweden,SWE,2025,2025,True,False,exact_year,2025,low_imported_model_anchor,https://www.folkhalsomyndigheten.se/contentassets/975cc036216b48a39b7bf34319d4ecee/pertussis-surveillance-sweden-23rd-annual-report.pdf,"No public Swedish MRBP prevalence estimate was located in the accessible national surveillance material, so keep a conservative low anchor pending numeric reporting.",Sweden,SWE,2,relative_detection_prior_mean,True,0.0,prospective_policy,3.202340290308184e-05,1.4235413699758381e-16,Sweden,5.954795201043958,1.380219679193678,0.38021967919367805,0.25,calibrated_country_scenario_analysis,,,0.3421277435540879,0.4136065478391425,0.425073178031002,0.40900641188549114,0.6505311701333596,0.3909624792651054,0.44429438184106074,0.34444941326432155,0.9462096617779658,0.28887947145579007,0.2909601723449148,0.2910331311972175
intervention_comparison,combined_strategy,transmission_blocking,country_timeline,combined_strategy,2027-01-01,2051-01-01,2027,2051,201219.71525508387,616243.476660533,21587.31464420066,5949.979848642217,7685.486367655958,27613.138883817883,17665.468759711166,51228.58749217127,128709.51193687822,13695.029579306723,20.935876088216293,20.222657279865746,20.257538920391926,1949.9253269539977,8327.904094221321,0.013513983367987639,0.010000000000000002,0.008354892821705245,10960604.655805543,96820.60640357928,939124.9671746995,895539.8535063943,1931485.427084673,24.000492823261258,234.25974286311177,8.206234985334017,256.05162533203054,330.7374690276542,122.51019496897298,82.19020976524962,110.5097982536041,277.650876078477,29.542781286281006,0.07958596130894542,0.8702624877332772,0.43699361016915705,4.206359477005095,62821.91353165043,41078.11732188609,66167.10979012602,66167.10979012602,18864.826244975917,0.0,133.0,1,,0.8134031989014199,0.3265263209689582,3.062540248003673,0.4759648027031662,0.382945905719492,0.0008758830000851232,0.009111790381330651,0.012245503196361052,0.45373162612538936,0.4557135952933623,M3;M5;M12;Y5;Y14-Y16,3.0,192.0,5,aP,True,Sweden,/home/ctm/pertussis_transmission_analysis/outputs/calibrations/Sweden_calibrated_config.yaml,current,fitted_parameters_and_state_only,fe4b0945dbc60905bca91e1dac7a67bb5863846eea9d42ff0fc0dbee6b1fb742,fbaadbe47d956b3f84d024d1fe55f5b483b9cf95f7db1635c7b7f23a7bb227b0,True,state_reconstruction_accepted,27.539835888459052,25.329566843520027,True,Sweden,SWE,1,contact_reduction_mean,Sweden,SWE,2025,2025,True,False,exact_year,2025,low_imported_model_anchor,https://www.folkhalsomyndigheten.se/contentassets/975cc036216b48a39b7bf34319d4ecee/pertussis-surveillance-sweden-23rd-annual-report.pdf,"No public Swedish MRBP prevalence estimate was located in the accessible national surveillance material, so keep a conservative low anchor pending numeric reporting.",Sweden,SWE,2,relative_detection_prior_mean,True,0.0,prospective_policy,,,Sweden,5.954795201043958,1.3780885334050363,0.37808853340503634,0.25,calibrated_country_scenario_analysis,True,False,0.3936646670329116,0.3544171472155133,0.3823439648030337,0.36899925239374387,0.5509622705320643,0.3705050861007533,0.4557135952933623,0.34546162444432327,0.9508403486447695,0.4476642638352165,0.45192341630096433,0.4517639474724794
intervention_comparison,current,symptom_protective,country_timeline,current,2027-01-01,2051-01-01,2027,2051,34303504.02338556,182009979.3882866,3541347.00801228,1219491.3958750807,2693948.4010465476,5909022.436773609,5032325.473014241,12160839.305662932,60140517.86875735,2533082.8310332443,4284.863685217761,4196.073833213097,4202.868837932384,401257.0010426706,176448710.6051038,0.9694452534862453,0.01,0.9888209993099153,365334306.2457312,3663825.3415135727,35285669.568433516,32010433.05248283,70959927.96242991,24.000492823261258,2075.795589882562,40.38851345504182,1386.8318871156237,3063.6161578939136,697.7456162185558,655.0236985224619,714.0526318644839,3531.2936867673047,148.73598908487705,0.4886820585836176,4.771865559917001,2.467814498386914,23.560760112597322,34379.77563869542,2079542.5360600078,1237304.047291737,1237304.047291737,344112.6433382652,1134.0,8766.0,2,13.021917808219179,0.8166052781129925,0.1884704571621593,5.3058713554220525,0.5510486526970175,0.41937465830024295,0.0005279617055671024,0.012897640399963948,0.017605491966529642,0.5200175586249569,0.0,M2;M4;M6;M15;Y4;Y11-Y12,2.0,144.0,6,aP,True,United_States,/home/ctm/pertussis_transmission_analysis/outputs/calibrations/United_States_calibrated_config.yaml,current,fitted_parameters_and_state_only,fe4b0945dbc60905bca91e1dac7a67bb5863846eea9d42ff0fc0dbee6b1fb742,fbaadbe47d956b3f84d024d1fe55f5b483b9cf95f7db1635c7b7f23a7bb227b0,True,state_reconstruction_accepted,40.89230052314945,40.55693564744119,True,United_States,USA,1,contact_reduction_mean,United_States,USA,2025,2025,True,False,nearest_past_year,2024,low_detected_model_anchor,https://www.cdc.gov/pertussis/hcp/antibiotic-resistance/index.html; https://www.health.state.mn.us/diseases/reportable/dcn/pertussis.html; https://trace.ncbi.nlm.nih.gov/Traces/sra-db-be/runinfo?acc=SRR32181461%2CSRR32181462; https://doi.org/10.1128/jcm.01064-25; https://pubmed.ncbi.nlm.nih.gov/41802571/; https://www.paho.org/en/news/26-8-2025-paho-calls-strengthened-vaccination-and-surveillance-amid-spread-antibiotic,"CDC states reported MRBP infections remain rare in the United States and recommends continued surveillance. Minnesota's 2024 annual report states 12 erythromycin-resistant B. pertussis cases have been identified nationally, including one Minnesota case in 2024. Public SRA metadata show SRR32181461 and SRR32181462 are ONT and Illumina WGS runs for the same Minnesota BioSample SAMN46491808/sample MDH-25-000001, not independent cases. Global genomic analyses assigned the 2024 USA evidence to MT28-ptxP3-MRBP/A2047G or MR-MT28 emergence, and PAHO reported resistant pertussis cases in the United States since 2024. No population-based national resistant fraction or denominator was located; use a conservative low detected anchor pending surveillance.",United_States,USA,3,relative_detection_prior_mean,True,0.0,prospective_policy,2.8951093600231316e-05,1.3156166320465292e-16,United_States,1.4343588639311122,28.15788605673618,27.15788605673618,0.25,calibrated_country_scenario_analysis,,,0.0,0.0,0.0,0.0,0.0,0.0,0.0,0.0,0.0,0.0,0.0,0.0
intervention_comparison,higher_child_coverage,symptom_protective,country_timeline,higher_child_coverage,2027-01-01,2051-01-01,2027,2051,34376848.79670907,182154928.17464712,3556415.6642490635,1221837.9960760963,2699298.2547638654,5963883.998867376,5035907.214372235,12221629.209315708,60215213.278462835,2547597.4033131497,4293.841865997977,4204.901255840882,4211.772550560617,402374.33751908474,176634941.83842915,0.9696962009673133,0.01,0.9887737954097209,365334306.2421958,3663825.3416548953,35285669.57471222,32010433.050394207,70959927.96676132,24.000492823261258,2077.4487083332992,40.56036914305596,1389.5004913638602,3069.7001266757206,704.2237459124202,655.4899095613296,717.6220557397874,3535.679605364143,149.5882467428652,0.4897060061835038,4.781904294915652,2.4730425250816013,23.626367182477136,34469.80151232235,2086810.9544359103,1236983.6375404904,1236983.6375404904,345013.72662494465,1141.0,8766.0,2,13.002739726027396,0.8163534357097337,0.1887231333304862,5.298767471440984,0.5513760656702391,0.42076694993698305,0.0005287332526618403,0.012909641443298144,0.017622089528796313,0.5203156014454828,-0.0007963782362245819,M2;M4;M6;M15;Y4;Y11-Y12,2.0,144.0,6,aP,True,United_States,/home/ctm/pertussis_transmission_analysis/outputs/calibrations/United_States_calibrated_config.yaml,current,fitted_parameters_and_state_only,fe4b0945dbc60905bca91e1dac7a67bb5863846eea9d42ff0fc0dbee6b1fb742,fbaadbe47d956b3f84d024d1fe55f5b483b9cf95f7db1635c7b7f23a7bb227b0,True,state_reconstruction_accepted,40.89230052314945,40.55693564744119,True,United_States,USA,1,contact_reduction_mean,United_States,USA,2025,2025,True,False,nearest_past_year,2024,low_detected_model_anchor,https://www.cdc.gov/pertussis/hcp/antibiotic-resistance/index.html; https://www.health.state.mn.us/diseases/reportable/dcn/pertussis.html; https://trace.ncbi.nlm.nih.gov/Traces/sra-db-be/runinfo?acc=SRR32181461%2CSRR32181462; https://doi.org/10.1128/jcm.01064-25; https://pubmed.ncbi.nlm.nih.gov/41802571/; https://www.paho.org/en/news/26-8-2025-paho-calls-strengthened-vaccination-and-surveillance-amid-spread-antibiotic,"CDC states reported MRBP infections remain rare in the United States and recommends continued surveillance. Minnesota's 2024 annual report states 12 erythromycin-resistant B. pertussis cases have been identified nationally, including one Minnesota case in 2024. Public SRA metadata show SRR32181461 and SRR32181462 are ONT and Illumina WGS runs for the same Minnesota BioSample SAMN46491808/sample MDH-25-000001, not independent cases. Global genomic analyses assigned the 2024 USA evidence to MT28-ptxP3-MRBP/A2047G or MR-MT28 emergence, and PAHO reported resistant pertussis cases in the United States since 2024. No population-based national resistant fraction or denominator was located; use a conservative low detected anchor pending surveillance.",United_States,USA,3,relative_detection_prior_mean,True,0.0,prospective_policy,2.8951093600231316e-05,1.3156166320465292e-16,United_States,1.4343588639311122,28.27769964895197,27.27769964895197,0.25,calibrated_country_scenario_analysis,,,-0.001924244983566803,-0.009284371938130809,-0.0007117467614528028,-0.0049988246801737635,-0.0012420147406859705,-0.005730003023227237,-0.0007963782362245819,-0.004255063455428365,-0.0010554411686358733,-0.002095324715040592,-0.0021037338661473726,-0.0021184845332011815
intervention_comparison,adolescent_booster,symptom_protective,country_timeline,adolescent_booster,2027-01-01,2051-01-01,2027,2051,34307637.732134245,182024582.6202619,3541738.0625045095,1219559.2353923293,2694100.8744246913,5909408.023021618,5034461.403563562,12163428.661977507,60146959.3337518,2533403.00249823,4285.144365882938,4196.348319804146,4203.143785090788,401282.2691814401,176458968.66193876,0.9694238334283997,0.01,0.9887800717677616,365334306.24573165,3663825.3415145553,35285669.5684312,32010433.052455325,70959927.96240106,24.000492823261258,2075.9621374786543,40.3929733708832,1386.9090356757458,3063.789553903479,697.7911467809072,655.3017181256332,714.2046720854189,3531.671912721468,148.7547887147554,0.48871406977821724,4.772177711980378,2.4679759401578045,23.56224379153211,34393.79563163588,2079765.220221551,1237666.0513282625,1237666.0513282625,344252.97167784034,1134.0,8766.0,2,13.021917808219179,0.816597836534513,0.1884780464169861,5.305657709267712,0.5510494223190994,0.4194206808137487,0.0005279602282676034,0.012897444815182636,0.01760524658631387,0.5200187706893353,-8.023313899818696e-05,M2;M4;M6;M15;Y4;Y11-Y12,2.0,144.0,6,aP,True,United_States,/home/ctm/pertussis_transmission_analysis/outputs/calibrations/United_States_calibrated_config.yaml,current,fitted_parameters_and_state_only,fe4b0945dbc60905bca91e1dac7a67bb5863846eea9d42ff0fc0dbee6b1fb742,fbaadbe47d956b3f84d024d1fe55f5b483b9cf95f7db1635c7b7f23a7bb227b0,True,state_reconstruction_accepted,40.89230052314945,40.55693564744119,True,United_States,USA,1,contact_reduction_mean,United_States,USA,2025,2025,True,False,nearest_past_year,2024,low_detected_model_anchor,https://www.cdc.gov/pertussis/hcp/antibiotic-resistance/index.html; https://www.health.state.mn.us/diseases/reportable/dcn/pertussis.html; https://trace.ncbi.nlm.nih.gov/Traces/sra-db-be/runinfo?acc=SRR32181461%2CSRR32181462; https://doi.org/10.1128/jcm.01064-25; https://pubmed.ncbi.nlm.nih.gov/41802571/; https://www.paho.org/en/news/26-8-2025-paho-calls-strengthened-vaccination-and-surveillance-amid-spread-antibiotic,"CDC states reported MRBP infections remain rare in the United States and recommends continued surveillance. Minnesota's 2024 annual report states 12 erythromycin-resistant B. pertussis cases have been identified nationally, including one Minnesota case in 2024. Public SRA metadata show SRR32181461 and SRR32181462 are ONT and Illumina WGS runs for the same Minnesota BioSample SAMN46491808/sample MDH-25-000001, not independent cases. Global genomic analyses assigned the 2024 USA evidence to MT28-ptxP3-MRBP/A2047G or MR-MT28 emergence, and PAHO reported resistant pertussis cases in the United States since 2024. No population-based national resistant fraction or denominator was located; use a conservative low detected anchor pending surveillance.",United_States,USA,3,relative_detection_prior_mean,True,0.0,prospective_policy,2.8951093600231316e-05,1.3156166320465292e-16,United_States,1.4343588639311122,28.160995401233944,27.160995401233944,0.25,calibrated_country_scenario_analysis,,,-5.5629352923691755e-05,-6.525381349198334e-05,-0.0004244420518455527,-0.0002129257898646486,-0.00010710690933035671,-0.00012639597136865355,-8.023313899818696e-05,-0.00011042535265382014,-5.813619606387377e-05,-6.550515624237363e-05,-6.541510039137499e-05,-6.54189243125547e-05
intervention_comparison,pregnancy_tdap_scaleup,symptom_protective,country_timeline,pregnancy_tdap_scaleup,2027-01-01,2051-01-01,2027,2051,34089451.05570587,181440904.72671425,3447728.6283486825,1090988.9321225611,2573902.140467854,5884604.748710619,5027466.724508854,12003060.405342035,59882699.26784469,2442001.8340802267,2750.493102854681,2661.9946150715305,2668.750248421156,325006.63650399476,175894095.14554876,0.9694291119771472,0.01,0.9894448823457971,365334306.242477,3663825.341600394,35285669.56904837,32010433.052385986,70959927.96303475,24.000492823261258,2069.3053816345246,39.320810353118354,1240.696116954747,2927.096964115883,694.8623415216007,654.3912681633182,704.7882680925351,3516.15525378069,143.38795150561884,0.3136894730798725,3.027277624025124,1.567020244869518,19.083538424774204,34134.02165584237,2041831.5028704535,1228563.1820949428,1228563.1820949428,341652.8526274756,1141.0,8766.0,2,13.021917808219179,0.8172015359268443,0.18788184013440243,5.3224941765773846,0.551653406184659,0.41952817833752937,0.0009825074554131693,0.01287688100857971,0.01757671012825422,0.5202173075924119,0.003126612416994523,M2;M4;M6;M15;Y4;Y11-Y12,2.0,144.0,6,aP,True,United_States,/home/ctm/pertussis_transmission_analysis/outputs/calibrations/United_States_calibrated_config.yaml,current,fitted_parameters_and_state_only,fe4b0945dbc60905bca91e1dac7a67bb5863846eea9d42ff0fc0dbee6b1fb742,fbaadbe47d956b3f84d024d1fe55f5b483b9cf95f7db1635c7b7f23a7bb227b0,True,state_reconstruction_accepted,40.89230052314945,40.55693564744119,True,United_States,USA,1,contact_reduction_mean,United_States,USA,2025,2025,True,False,nearest_past_year,2024,low_detected_model_anchor,https://www.cdc.gov/pertussis/hcp/antibiotic-resistance/index.html; https://www.health.state.mn.us/diseases/reportable/dcn/pertussis.html; https://trace.ncbi.nlm.nih.gov/Traces/sra-db-be/runinfo?acc=SRR32181461%2CSRR32181462; https://doi.org/10.1128/jcm.01064-25; https://pubmed.ncbi.nlm.nih.gov/41802571/; https://www.paho.org/en/news/26-8-2025-paho-calls-strengthened-vaccination-and-surveillance-amid-spread-antibiotic,"CDC states reported MRBP infections remain rare in the United States and recommends continued surveillance. Minnesota's 2024 annual report states 12 erythromycin-resistant B. pertussis cases have been identified nationally, including one Minnesota case in 2024. Public SRA metadata show SRR32181461 and SRR32181462 are ONT and Illumina WGS runs for the same Minnesota BioSample SAMN46491808/sample MDH-25-000001, not independent cases. Global genomic analyses assigned the 2024 USA evidence to MT28-ptxP3-MRBP/A2047G or MR-MT28 emergence, and PAHO reported resistant pertussis cases in the United States since 2024. No population-based national resistant fraction or denominator was located; use a conservative low detected anchor pending surveillance.",United_States,USA,3,relative_detection_prior_mean,True,0.0,prospective_policy,2.8951093600231316e-05,1.3156166320465292e-16,United_States,1.4343588639311122,27.413509507204335,26.413509507204335,0.25,calibrated_country_scenario_analysis,,,0.10537381746782148,0.00413227201694677,0.0009655076030837817,0.012974343000110578,0.004286936828101329,0.03595658058914153,0.003126612416994523,0.026435810851573205,0.0031432106114749336,0.35809087408228746,0.36559871897365115,0.36501700354416555
intervention_comparison,cocooning_adjunct,symptom_protective,country_timeline,cocooning_adjunct,2027-01-01,2051-01-01,2027,2051,32089283.924944904,174925702.94939357,3336330.191211118,1123463.4204858788,2476459.1860225364,5720831.6721391585,4918984.964106205,11763280.05673124,58350831.828729495,2420836.5158426734,3923.0434314952668,3837.837503861326,3844.3613649458775,370632.69428685785,170256288.32106283,0.9733062977618469,0.01,0.9964682883106912,365334306.2428375,3663825.340194583,35285669.56224567,32010433.058622204,70959927.96106246,24.000492823261258,1995.0005157008584,38.0503284525323,1277.6268052147127,2816.2827381724887,675.5237882019063,640.270932559004,690.7089940838513,3426.208010181233,142.14517945973196,0.4474170197397543,4.364471490198541,2.257308300466025,21.762581032742986,29786.611245679935,1967517.816803184,1121947.684992225,1121947.684992225,298138.9302675501,1155.0,8766.0,3,10.404109589041095,0.821532659510667,0.18344521922103357,5.451218648522519,0.6205594387514471,0.4823137533097707,0.0004989179067485367,0.012891459123944774,0.017591438501787408,0.5895776232189666,0.03892246162931512,M2;M4;M6;M15;Y4;Y11-Y12,2.0,144.0,6,aP,True,United_States,/home/ctm/pertussis_transmission_analysis/outputs/calibrations/United_States_calibrated_config.yaml,current,fitted_parameters_and_state_only,fe4b0945dbc60905bca91e1dac7a67bb5863846eea9d42ff0fc0dbee6b1fb742,fbaadbe47d956b3f84d024d1fe55f5b483b9cf95f7db1635c7b7f23a7bb227b0,True,state_reconstruction_accepted,40.89230052314945,40.55693564744119,True,United_States,USA,1,contact_reduction_mean,United_States,USA,2025,2025,True,False,nearest_past_year,2024,low_detected_model_anchor,https://www.cdc.gov/pertussis/hcp/antibiotic-resistance/index.html; https://www.health.state.mn.us/diseases/reportable/dcn/pertussis.html; https://trace.ncbi.nlm.nih.gov/Traces/sra-db-be/runinfo?acc=SRR32181461%2CSRR32181462; https://doi.org/10.1128/jcm.01064-25; https://pubmed.ncbi.nlm.nih.gov/41802571/; https://www.paho.org/en/news/26-8-2025-paho-calls-strengthened-vaccination-and-surveillance-amid-spread-antibiotic,"CDC states reported MRBP infections remain rare in the United States and recommends continued surveillance. Minnesota's 2024 annual report states 12 erythromycin-resistant B. pertussis cases have been identified nationally, including one Minnesota case in 2024. Public SRA metadata show SRR32181461 and SRR32181462 are ONT and Illumina WGS runs for the same Minnesota BioSample SAMN46491808/sample MDH-25-000001, not independent cases. Global genomic analyses assigned the 2024 USA evidence to MT28-ptxP3-MRBP/A2047G or MR-MT28 emergence, and PAHO reported resistant pertussis cases in the United States since 2024. No population-based national resistant fraction or denominator was located; use a conservative low detected anchor pending surveillance.",United_States,USA,3,relative_detection_prior_mean,True,0.0,prospective_policy,,,United_States,1.4343588639311122,26.527760527270488,25.527760527270488,0.25,calibrated_country_scenario_analysis,True,False,0.07874428283300372,0.031848036904257415,0.02252249174180465,0.03269176073616564,0.029758407533726716,0.044312137690651676,0.03892246162931512,0.05789232637674657,0.035094743751909574,0.08444148526141637,0.08537417204536069,0.085300656958611
intervention_comparison,maternal_immunization,symptom_protective,country_timeline,maternal_immunization,2027-01-01,2051-01-01,2027,2051,31904193.007862374,174457340.78717178,3251685.3120206725,1006205.1479195425,2366042.5652112076,5699774.079464865,4916507.373248602,11622486.60063301,58132862.81194735,2338181.5790997166,2526.0381218791617,2441.0707613237014,2447.5595016857947,301176.48632430495,169794933.05880556,0.973274797682179,0.01,0.9965929486386277,365334306.24373645,3663825.340789091,35285669.56315676,32010433.05010868,70959927.95405453,24.000492823261258,1989.6589178666393,37.08496673149813,1144.2781713021527,2690.71457777855,673.0372782522348,639.9484415200488,682.4419711809376,3413.409440765942,137.29189808081696,0.28809073057002255,2.7760382587607193,1.4371428320873387,17.684294425369615,29464.007306178195,1933576.7088068926,1114597.1684725098,1114597.1684725098,294909.936119534,1155.0,8766.0,4,7.997260273972603,0.8221073635673969,0.18287675866149827,5.4681634086208994,0.6212447116628674,0.48256916258865035,0.0009275464500218818,0.012867691677595366,0.017558700679887816,0.5898907728553624,0.04149573900562109,M2;M4;M6;M15;Y4;Y11-Y12,2.0,144.0,6,aP,True,United_States,/home/ctm/pertussis_transmission_analysis/outputs/calibrations/United_States_calibrated_config.yaml,current,fitted_parameters_and_state_only,fe4b0945dbc60905bca91e1dac7a67bb5863846eea9d42ff0fc0dbee6b1fb742,fbaadbe47d956b3f84d024d1fe55f5b483b9cf95f7db1635c7b7f23a7bb227b0,True,state_reconstruction_accepted,40.89230052314945,40.55693564744119,True,United_States,USA,1,contact_reduction_mean,United_States,USA,2025,2025,True,False,nearest_past_year,2024,low_detected_model_anchor,https://www.cdc.gov/pertussis/hcp/antibiotic-resistance/index.html; https://www.health.state.mn.us/diseases/reportable/dcn/pertussis.html; https://trace.ncbi.nlm.nih.gov/Traces/sra-db-be/runinfo?acc=SRR32181461%2CSRR32181462; https://doi.org/10.1128/jcm.01064-25; https://pubmed.ncbi.nlm.nih.gov/41802571/; https://www.paho.org/en/news/26-8-2025-paho-calls-strengthened-vaccination-and-surveillance-amid-spread-antibiotic,"CDC states reported MRBP infections remain rare in the United States and recommends continued surveillance. Minnesota's 2024 annual report states 12 erythromycin-resistant B. pertussis cases have been identified nationally, including one Minnesota case in 2024. Public SRA metadata show SRR32181461 and SRR32181462 are ONT and Illumina WGS runs for the same Minnesota BioSample SAMN46491808/sample MDH-25-000001, not independent cases. Global genomic analyses assigned the 2024 USA evidence to MT28-ptxP3-MRBP/A2047G or MR-MT28 emergence, and PAHO reported resistant pertussis cases in the United States since 2024. No population-based national resistant fraction or denominator was located; use a conservative low detected anchor pending surveillance.",United_States,USA,3,relative_detection_prior_mean,True,0.0,prospective_policy,,,United_States,1.4343588639311122,25.854733891252476,24.854733891252476,0.25,calibrated_country_scenario_analysis,True,False,0.17489770627080858,0.035411670804722184,0.02301482691982293,0.044269370846733214,0.03338273643055811,0.07694231295785436,0.04149573900562109,0.08179421427390465,0.03770941438721842,0.41047409965603465,0.41824885396392597,0.41764551879523315
intervention_comparison,targeted_pep_high_risk,symptom_protective,country_timeline,targeted_pep_high_risk,2027-01-01,2051-01-01,2027,2051,33571370.82300539,178148380.4664875,3459731.9696030957,1185236.8749343082,2616914.6715355865,5771756.778472662,4946023.375936703,11903017.029343672,58914528.29229208,2472794.779307474,4155.284215529663,4068.757949369049,4075.378467206302,389886.33100036654,176614843.0305993,0.9913917969286469,0.01,0.9984908674870983,365334306.1831648,3663825.3412153637,35285669.56442733,32010433.047134593,70959927.9527773,24.000492823261258,2031.7546533615255,39.45770660512433,1347.8769080600666,2976.011741384532,681.5370957899379,643.7903395952975,698.9139831926634,3459.3067904695044,145.1960326162035,0.47390372109109685,4.627079194396759,2.392955492301622,22.89310415334798,34365.21939353394,2031416.0548135783,1567518.564015922,1567518.564015922,343966.9475059989,1141.0,8766.0,4,7.997260273972603,0.8165415491315815,0.18844611853948734,5.30655663141429,0.5493839009874028,0.41793092660049974,0.0005220951714712326,0.012865292070055464,0.017557450050533437,0.5184390636953425,0.021216413159198533,M2;M4;M6;M15;Y4;Y11-Y12,2.0,144.0,6,aP,True,United_States,/home/ctm/pertussis_transmission_analysis/outputs/calibrations/United_States_calibrated_config.yaml,current,fitted_parameters_and_state_only,fe4b0945dbc60905bca91e1dac7a67bb5863846eea9d42ff0fc0dbee6b1fb742,fbaadbe47d956b3f84d024d1fe55f5b483b9cf95f7db1635c7b7f23a7bb227b0,True,state_reconstruction_accepted,40.89230052314945,40.55693564744119,True,United_States,USA,1,contact_reduction_mean,United_States,USA,2025,2025,True,False,nearest_past_year,2024,low_detected_model_anchor,https://www.cdc.gov/pertussis/hcp/antibiotic-resistance/index.html; https://www.health.state.mn.us/diseases/reportable/dcn/pertussis.html; https://trace.ncbi.nlm.nih.gov/Traces/sra-db-be/runinfo?acc=SRR32181461%2CSRR32181462; https://doi.org/10.1128/jcm.01064-25; https://pubmed.ncbi.nlm.nih.gov/41802571/; https://www.paho.org/en/news/26-8-2025-paho-calls-strengthened-vaccination-and-surveillance-amid-spread-antibiotic,"CDC states reported MRBP infections remain rare in the United States and recommends continued surveillance. Minnesota's 2024 annual report states 12 erythromycin-resistant B. pertussis cases have been identified nationally, including one Minnesota case in 2024. Public SRA metadata show SRR32181461 and SRR32181462 are ONT and Illumina WGS runs for the same Minnesota BioSample SAMN46491808/sample MDH-25-000001, not independent cases. Global genomic analyses assigned the 2024 USA evidence to MT28-ptxP3-MRBP/A2047G or MR-MT28 emergence, and PAHO reported resistant pertussis cases in the United States since 2024. No population-based national resistant fraction or denominator was located; use a conservative low detected anchor pending surveillance.",United_States,USA,3,relative_detection_prior_mean,True,0.0,prospective_policy,2.8951093600231316e-05,1.3156166320465292e-16,United_States,1.4343588639311122,27.50895023368389,26.50895023368389,0.25,calibrated_country_scenario_analysis,,,0.028089186243247077,0.02322984212188839,0.017149545978361602,0.021201026494873543,0.02038541768364399,0.023800268584655337,0.021216413159198533,0.023046326221217717,-0.0009415338028018194,0.03024121167147753,0.030341669118476133,0.030334130243474644
intervention_comparison,maternal_direct_antibody_only,symptom_protective,country_timeline,maternal_direct_antibody_only,2027-01-01,2051-01-01,2027,2051,34089451.05570587,181440904.72671425,3447728.6283486825,1090988.9321225611,2573902.140467854,5884604.748710619,5027466.724508854,12003060.405342035,59882699.26784469,2442001.8340802267,2750.493102854681,2661.9946150715305,2668.750248421156,325006.63650399476,175894095.14554876,0.9694291119771472,0.01,0.9894448823457971,365334306.242477,3663825.341600394,35285669.56904837,32010433.052385986,70959927.96303475,24.000492823261258,2069.3053816345246,39.320810353118354,1240.696116954747,2927.096964115883,694.8623415216007,654.3912681633182,704.7882680925351,3516.15525378069,143.38795150561884,0.3136894730798725,3.027277624025124,1.567020244869518,19.083538424774204,34134.02165584237,2041831.5028704535,1228563.1820949428,1228563.1820949428,341652.8526274756,1141.0,8766.0,2,13.021917808219179,0.8172015359268443,0.18788184013440243,5.3224941765773846,0.551653406184659,0.41952817833752937,0.0009825074554131693,0.01287688100857971,0.01757671012825422,0.5202173075924119,0.003126612416994523,M2;M4;M6;M15;Y4;Y11-Y12,2.0,144.0,6,aP,True,United_States,/home/ctm/pertussis_transmission_analysis/outputs/calibrations/United_States_calibrated_config.yaml,current,fitted_parameters_and_state_only,fe4b0945dbc60905bca91e1dac7a67bb5863846eea9d42ff0fc0dbee6b1fb742,fbaadbe47d956b3f84d024d1fe55f5b483b9cf95f7db1635c7b7f23a7bb227b0,True,state_reconstruction_accepted,40.89230052314945,40.55693564744119,True,United_States,USA,1,contact_reduction_mean,United_States,USA,2025,2025,True,False,nearest_past_year,2024,low_detected_model_anchor,https://www.cdc.gov/pertussis/hcp/antibiotic-resistance/index.html; https://www.health.state.mn.us/diseases/reportable/dcn/pertussis.html; https://trace.ncbi.nlm.nih.gov/Traces/sra-db-be/runinfo?acc=SRR32181461%2CSRR32181462; https://doi.org/10.1128/jcm.01064-25; https://pubmed.ncbi.nlm.nih.gov/41802571/; https://www.paho.org/en/news/26-8-2025-paho-calls-strengthened-vaccination-and-surveillance-amid-spread-antibiotic,"CDC states reported MRBP infections remain rare in the United States and recommends continued surveillance. Minnesota's 2024 annual report states 12 erythromycin-resistant B. pertussis cases have been identified nationally, including one Minnesota case in 2024. Public SRA metadata show SRR32181461 and SRR32181462 are ONT and Illumina WGS runs for the same Minnesota BioSample SAMN46491808/sample MDH-25-000001, not independent cases. Global genomic analyses assigned the 2024 USA evidence to MT28-ptxP3-MRBP/A2047G or MR-MT28 emergence, and PAHO reported resistant pertussis cases in the United States since 2024. No population-based national resistant fraction or denominator was located; use a conservative low detected anchor pending surveillance.",United_States,USA,3,relative_detection_prior_mean,True,0.0,prospective_policy,2.8951093600231316e-05,1.3156166320465292e-16,United_States,1.4343588639311122,27.413509507204335,26.413509507204335,0.25,calibrated_country_scenario_analysis,,,0.10537381746782148,0.00413227201694677,0.0009655076030837817,0.012974343000110578,0.004286936828101329,0.03595658058914153,0.003126612416994523,0.026435810851573205,0.0031432106114749336,0.35809087408228746,0.36559871897365115,0.36501700354416555
intervention_comparison,maternal_adult_boosting_only,symptom_protective,country_timeline,maternal_adult_boosting_only,2027-01-01,2051-01-01,2027,2051,32164089.998449273,175172325.50626248,3367133.60037583,1170805.4053639509,2583131.415123319,5728800.485290732,4918978.809914494,11818584.700569177,58489024.18283399,2450763.857772747,4094.4933480446143,4009.1841677687303,4015.722289671692,384910.20229368174,170492194.87919468,0.9732827053957191,0.01,0.9963716207878982,365334306.2432028,3663825.3403118053,35285669.56257246,32010433.057231575,70959927.96011585,24.000492823261258,1997.813207715192,38.40163655720807,1331.4651302918892,2937.5926951149518,676.4647567743605,640.2701315373965,693.9563379231663,3434.3223033011946,143.9024345929104,0.4669706168474133,4.559330607670879,2.357926947143504,22.600918906992696,29983.192691587054,1981275.6227936966,1125331.8409981227,1125331.8409981227,300106.54523115687,1155.0,8766.0,3,10.404109589041095,0.8213629410829986,0.18361399213884042,5.446208038676302,0.620513268221098,0.48207811719777544,0.0005215605687347217,0.012969853486547315,0.017697488524831308,0.5893243656409844,0.03756746693233326,M2;M4;M6;M15;Y4;Y11-Y12,2.0,144.0,6,aP,True,United_States,/home/ctm/pertussis_transmission_analysis/outputs/calibrations/United_States_calibrated_config.yaml,current,fitted_parameters_and_state_only,fe4b0945dbc60905bca91e1dac7a67bb5863846eea9d42ff0fc0dbee6b1fb742,fbaadbe47d956b3f84d024d1fe55f5b483b9cf95f7db1635c7b7f23a7bb227b0,True,state_reconstruction_accepted,40.89230052314945,40.55693564744119,True,United_States,USA,1,contact_reduction_mean,United_States,USA,2025,2025,True,False,nearest_past_year,2024,low_detected_model_anchor,https://www.cdc.gov/pertussis/hcp/antibiotic-resistance/index.html; https://www.health.state.mn.us/diseases/reportable/dcn/pertussis.html; https://trace.ncbi.nlm.nih.gov/Traces/sra-db-be/runinfo?acc=SRR32181461%2CSRR32181462; https://doi.org/10.1128/jcm.01064-25; https://pubmed.ncbi.nlm.nih.gov/41802571/; https://www.paho.org/en/news/26-8-2025-paho-calls-strengthened-vaccination-and-surveillance-amid-spread-antibiotic,"CDC states reported MRBP infections remain rare in the United States and recommends continued surveillance. Minnesota's 2024 annual report states 12 erythromycin-resistant B. pertussis cases have been identified nationally, including one Minnesota case in 2024. Public SRA metadata show SRR32181461 and SRR32181462 are ONT and Illumina WGS runs for the same Minnesota BioSample SAMN46491808/sample MDH-25-000001, not independent cases. Global genomic analyses assigned the 2024 USA evidence to MT28-ptxP3-MRBP/A2047G or MR-MT28 emergence, and PAHO reported resistant pertussis cases in the United States since 2024. No population-based national resistant fraction or denominator was located; use a conservative low detected anchor pending surveillance.",United_States,USA,3,relative_detection_prior_mean,True,0.0,prospective_policy,2.8951093600231316e-05,1.3156166320465292e-16,United_States,1.4343588639311122,26.772683965546562,25.772683965546562,0.25,calibrated_country_scenario_analysis,,,0.03992319312445314,0.030499452897877366,0.022523714673775896,0.02814399536834411,0.02746058305529331,0.03249754498826207,0.03756746693233326,0.04919410812955993,0.03375777417404846,0.04442856323058764,0.04453917468398261,0.044528286624514135
intervention_comparison,maternal_cocooning_only,symptom_protective,country_timeline,maternal_cocooning_only,2027-01-01,2051-01-01,2027,2051,34212204.999159515,181690816.7995504,3506823.0066928556,1167592.5032857158,2577519.389563681,5898858.344927206,5030640.183225729,12097091.03143865,59972417.13539491,2499799.2927130735,4095.812583740506,4007.161885636121,4013.9399385118613,385539.90080989525,176147533.745175,0.9694905711140536,0.01,0.9892964771767,365334306.24525046,3663825.3415012434,35285669.569189906,32010433.0522346,70959927.96292576,24.000492823261258,2072.155590054616,39.99477257382618,1327.8113484001185,2931.2105777939446,696.5454260529601,654.8043357783944,710.3095001691387,3521.423251975921,146.78166689128585,0.4671210736301193,4.557030823383116,2.3568803971331533,22.637893153637613,34225.81082056376,2064002.4186727027,1233034.5966303644,1233034.5966303644,342571.58498114656,1141.0,8766.0,2,13.021917808219179,0.8167782995414284,0.18829903239911117,5.310701745298615,0.5510182674274358,0.4195462695633301,0.000503939486982247,0.012818310538620524,0.017498060240453712,0.5201979571613793,0.0017535444474464645,M2;M4;M6;M15;Y4;Y11-Y12,2.0,144.0,6,aP,True,United_States,/home/ctm/pertussis_transmission_analysis/outputs/calibrations/United_States_calibrated_config.yaml,current,fitted_parameters_and_state_only,fe4b0945dbc60905bca91e1dac7a67bb5863846eea9d42ff0fc0dbee6b1fb742,fbaadbe47d956b3f84d024d1fe55f5b483b9cf95f7db1635c7b7f23a7bb227b0,True,state_reconstruction_accepted,40.89230052314945,40.55693564744119,True,United_States,USA,1,contact_reduction_mean,United_States,USA,2025,2025,True,False,nearest_past_year,2024,low_detected_model_anchor,https://www.cdc.gov/pertussis/hcp/antibiotic-resistance/index.html; https://www.health.state.mn.us/diseases/reportable/dcn/pertussis.html; https://trace.ncbi.nlm.nih.gov/Traces/sra-db-be/runinfo?acc=SRR32181461%2CSRR32181462; https://doi.org/10.1128/jcm.01064-25; https://pubmed.ncbi.nlm.nih.gov/41802571/; https://www.paho.org/en/news/26-8-2025-paho-calls-strengthened-vaccination-and-surveillance-amid-spread-antibiotic,"CDC states reported MRBP infections remain rare in the United States and recommends continued surveillance. Minnesota's 2024 annual report states 12 erythromycin-resistant B. pertussis cases have been identified nationally, including one Minnesota case in 2024. Public SRA metadata show SRR32181461 and SRR32181462 are ONT and Illumina WGS runs for the same Minnesota BioSample SAMN46491808/sample MDH-25-000001, not independent cases. Global genomic analyses assigned the 2024 USA evidence to MT28-ptxP3-MRBP/A2047G or MR-MT28 emergence, and PAHO reported resistant pertussis cases in the United States since 2024. No population-based national resistant fraction or denominator was located; use a conservative low detected anchor pending surveillance.",United_States,USA,3,relative_detection_prior_mean,True,0.0,prospective_policy,,,United_States,1.4343588639311122,27.883379522062903,26.883379522062903,0.25,calibrated_country_scenario_analysis,True,False,0.04255781776313672,0.001720097013534705,0.000334892843785628,0.005242094942788711,0.002795132787670407,0.013139538080795599,0.0017535444474464645,0.009748833209881402,0.0017068804804294402,0.044120680461657846,0.04502112095399391,0.044952366277855815
intervention_comparison,resistance_guided_treatment,symptom_protective,country_timeline,resistance_guided_treatment,2027-01-01,2051-01-01,2027,2051,27940717.623732924,148420505.55643708,2791514.726524667,909501.4813473882,1985332.2802969534,4535734.490426997,4269689.256598247,9714925.228372632,48422505.05579172,1960695.8688568044,3089.146623699661,3018.2811284082004,3023.4288200342726,297293.4047288972,127827552.79712527,0.8612526437495437,0.01,0.9985829945171173,365334306.2108144,3663825.341115284,35285669.56498678,32010433.04596567,70959927.95206775,24.000492823261258,1692.712849850834,31.836792567313847,1034.3046782576685,2257.7626397760464,535.5858589468972,555.7565113714364,570.4349637667533,2843.242667100072,115.12692590185875,0.3523123819990888,3.4324543229820668,1.7752782125081894,17.45629004527408,10374.151158431383,3358601.177757947,4453135.2641574675,4453135.2641574675,103836.52920525057,1848.0,8766.0,6,3.7819178082191782,0.8160953616492292,0.18825375590105664,5.311979010530791,0.5304728403379074,0.4043573031433551,0.00045052973037189797,0.012265302837868607,0.016696053205288473,0.5010609545643784,0.1845474294582069,M2;M4;M6;M15;Y4;Y11-Y12,2.0,144.0,6,aP,True,United_States,/home/ctm/pertussis_transmission_analysis/outputs/calibrations/United_States_calibrated_config.yaml,current,fitted_parameters_and_state_only,fe4b0945dbc60905bca91e1dac7a67bb5863846eea9d42ff0fc0dbee6b1fb742,fbaadbe47d956b3f84d024d1fe55f5b483b9cf95f7db1635c7b7f23a7bb227b0,True,state_reconstruction_accepted,40.89230052314945,40.55693564744119,True,United_States,USA,1,contact_reduction_mean,United_States,USA,2025,2025,True,False,nearest_past_year,2024,low_detected_model_anchor,https://www.cdc.gov/pertussis/hcp/antibiotic-resistance/index.html; https://www.health.state.mn.us/diseases/reportable/dcn/pertussis.html; https://trace.ncbi.nlm.nih.gov/Traces/sra-db-be/runinfo?acc=SRR32181461%2CSRR32181462; https://doi.org/10.1128/jcm.01064-25; https://pubmed.ncbi.nlm.nih.gov/41802571/; https://www.paho.org/en/news/26-8-2025-paho-calls-strengthened-vaccination-and-surveillance-amid-spread-antibiotic,"CDC states reported MRBP infections remain rare in the United States and recommends continued surveillance. Minnesota's 2024 annual report states 12 erythromycin-resistant B. pertussis cases have been identified nationally, including one Minnesota case in 2024. Public SRA metadata show SRR32181461 and SRR32181462 are ONT and Illumina WGS runs for the same Minnesota BioSample SAMN46491808/sample MDH-25-000001, not independent cases. Global genomic analyses assigned the 2024 USA evidence to MT28-ptxP3-MRBP/A2047G or MR-MT28 emergence, and PAHO reported resistant pertussis cases in the United States since 2024. No population-based national resistant fraction or denominator was located; use a conservative low detected anchor pending surveillance.",United_States,USA,3,relative_detection_prior_mean,True,0.0,prospective_policy,2.8951093600231316e-05,1.3156166320465292e-16,United_States,1.4343588639311122,22.195834925201027,21.195834925201027,0.25,calibrated_country_scenario_analysis,,,0.2541960653238151,0.23240526856019905,0.15154747452358108,0.20113036738766155,0.19484389606583474,0.22596456584996993,0.1845474294582069,0.21173646067191976,0.275554055573655,0.2790560329009234,0.28068922321679335,0.28062736749080686
intervention_comparison,transmission_blocking_vaccine,transmission_blocking,country_timeline,transmission_blocking_vaccine,2027-01-01,2051-01-01,2027,2051,28610845.60969841,148966106.85831967,2736312.4083243757,878898.218273534,1846957.5948052567,4209880.939634901,3996348.7450698707,9085127.902978305,43364710.03615572,1847577.4119951641,3079.1069259715623,3003.0191744386675,3007.968224464454,290346.947356511,146894724.0864805,0.986094939207821,0.01,0.9895338465100172,365334306.2268367,3663825.340689412,35285669.56750828,32010433.04692464,70959927.95512234,24.000492823261258,1698.935348016238,31.207218687262685,999.5019883107761,2100.3999666307345,497.10861685493893,520.1776296213716,533.4549143819595,2546.262190976134,108.48490639375827,0.3511673700266636,3.4150981005319183,1.7662001556624338,17.048412262017305,14537.37203431671,1494715.3011357337,883640.8712285752,883640.8712285752,145506.86921968526,2191.0,8547.0,3,10.03972602739726,0.8121526530022305,0.19206278671771915,5.206630691398496,0.48707150918031294,0.38259834942647253,0.00039523028551482966,0.011143965133919994,0.014700358211433966,0.46083195554944406,0.18154978447348524,M2;M4;M6;M15;Y4;Y11-Y12,2.0,144.0,6,aP,True,United_States,/home/ctm/pertussis_transmission_analysis/outputs/calibrations/United_States_calibrated_config.yaml,current,fitted_parameters_and_state_only,fe4b0945dbc60905bca91e1dac7a67bb5863846eea9d42ff0fc0dbee6b1fb742,fbaadbe47d956b3f84d024d1fe55f5b483b9cf95f7db1635c7b7f23a7bb227b0,True,state_reconstruction_accepted,40.89230052314945,40.55693564744119,True,United_States,USA,1,contact_reduction_mean,United_States,USA,2025,2025,True,False,nearest_past_year,2024,low_detected_model_anchor,https://www.cdc.gov/pertussis/hcp/antibiotic-resistance/index.html; https://www.health.state.mn.us/diseases/reportable/dcn/pertussis.html; https://trace.ncbi.nlm.nih.gov/Traces/sra-db-be/runinfo?acc=SRR32181461%2CSRR32181462; https://doi.org/10.1128/jcm.01064-25; https://pubmed.ncbi.nlm.nih.gov/41802571/; https://www.paho.org/en/news/26-8-2025-paho-calls-strengthened-vaccination-and-surveillance-amid-spread-antibiotic,"CDC states reported MRBP infections remain rare in the United States and recommends continued surveillance. Minnesota's 2024 annual report states 12 erythromycin-resistant B. pertussis cases have been identified nationally, including one Minnesota case in 2024. Public SRA metadata show SRR32181461 and SRR32181462 are ONT and Illumina WGS runs for the same Minnesota BioSample SAMN46491808/sample MDH-25-000001, not independent cases. Global genomic analyses assigned the 2024 USA evidence to MT28-ptxP3-MRBP/A2047G or MR-MT28 emergence, and PAHO reported resistant pertussis cases in the United States since 2024. No population-based national resistant fraction or denominator was located; use a conservative low detected anchor pending surveillance.",United_States,USA,3,relative_detection_prior_mean,True,0.0,prospective_policy,2.8951093600231316e-05,1.3156166320465292e-16,United_States,1.4343588639311122,21.756911378323988,20.756911378323988,0.25,calibrated_country_scenario_analysis,,,0.27929116905096685,0.28755035461778655,0.20586441268550248,0.25291933602414773,0.27894352139120115,0.2706210040350171,0.18154978447348524,0.22732440448973723,0.1674933549657146,0.2813990940729123,0.28432642184011836,0.2843059489945362
intervention_comparison,next_generation_vaccine,next_generation,country_timeline,next_generation_vaccine,2027-01-01,2051-01-01,2027,2051,18576041.70904854,93130946.31821823,1597054.0252998723,499179.6924821129,925833.7420937145,2079806.17676164,2174518.0083475467,4753503.8775913,19864388.87993065,968566.5297097652,1912.2771800372766,1858.918958173296,1861.69503820451,173211.90156601457,91269696.11053911,0.980014696711881,0.01,0.9997953148143478,365334306.2252184,3663825.3411186617,35285669.56685513,32010433.051482484,70959927.95945628,24.000492823261258,1062.1440006175999,18.21415349778979,567.6779002713829,1052.8780770283236,245.58641602941356,283.04227061904686,279.11329713350756,1166.384885464551,56.87168971816193,0.21809224694812424,2.114002686494096,1.0931385642072022,10.170549176737538,10428.007983770605,859420.6580922494,575393.3492988411,575393.3492988411,104375.59074142115,3661.0,8766.0,3,11.995890410958904,0.8030976214708241,0.19946153715196066,5.013497911821193,0.3612067296279463,0.32562153219701206,0.00020339056546948053,0.009407026470386541,0.010573224417349078,0.3410230881747412,0.4883195601075281,M2;M4;M6;M15;Y4;Y11-Y12,2.0,144.0,6,aP,True,United_States,/home/ctm/pertussis_transmission_analysis/outputs/calibrations/United_States_calibrated_config.yaml,current,fitted_parameters_and_state_only,fe4b0945dbc60905bca91e1dac7a67bb5863846eea9d42ff0fc0dbee6b1fb742,fbaadbe47d956b3f84d024d1fe55f5b483b9cf95f7db1635c7b7f23a7bb227b0,True,state_reconstruction_accepted,40.89230052314945,40.55693564744119,True,United_States,USA,1,contact_reduction_mean,United_States,USA,2025,2025,True,False,nearest_past_year,2024,low_detected_model_anchor,https://www.cdc.gov/pertussis/hcp/antibiotic-resistance/index.html; https://www.health.state.mn.us/diseases/reportable/dcn/pertussis.html; https://trace.ncbi.nlm.nih.gov/Traces/sra-db-be/runinfo?acc=SRR32181461%2CSRR32181462; https://doi.org/10.1128/jcm.01064-25; https://pubmed.ncbi.nlm.nih.gov/41802571/; https://www.paho.org/en/news/26-8-2025-paho-calls-strengthened-vaccination-and-surveillance-amid-spread-antibiotic,"CDC states reported MRBP infections remain rare in the United States and recommends continued surveillance. Minnesota's 2024 annual report states 12 erythromycin-resistant B. pertussis cases have been identified nationally, including one Minnesota case in 2024. Public SRA metadata show SRR32181461 and SRR32181462 are ONT and Illumina WGS runs for the same Minnesota BioSample SAMN46491808/sample MDH-25-000001, not independent cases. Global genomic analyses assigned the 2024 USA evidence to MT28-ptxP3-MRBP/A2047G or MR-MT28 emergence, and PAHO reported resistant pertussis cases in the United States since 2024. No population-based national resistant fraction or denominator was located; use a conservative low detected anchor pending surveillance.",United_States,USA,3,relative_detection_prior_mean,True,0.0,prospective_policy,2.8951093600231316e-05,1.3156166320465292e-16,United_States,1.4343588639311122,12.698463373294677,11.698463373294677,0.25,calibrated_country_scenario_analysis,,,0.5906656708111397,0.6480287223452756,0.5678900301643123,0.6091138318571698,0.6697004019273655,0.617633297323054,0.4883195601075281,0.5490263954121001,0.4827409290918382,0.5537134152868406,0.5569861179611681,0.5570418421336276
intervention_comparison,combined_strategy,transmission_blocking,country_timeline,combined_strategy,2027-01-01,2051-01-01,2027,2051,11698868.985585533,62436129.130142674,1023891.77780461,260781.95215012535,577541.2199811663,1525182.9942376167,1662156.7830093491,3448121.7293970915,16801715.321826287,651003.1247140769,653.8805950514775,622.0090805481348,623.7695178735966,79044.80143003161,59798176.80153535,0.9577495856107809,0.01,0.9986448166865255,365334306.1893962,3663825.3412992684,35285669.55945276,32010433.03654751,70959927.93729953,24.000492823261258,712.0743706101114,11.677326948526343,296.5668540758248,656.7923174772737,180.09573661600447,216.35168271833646,202.46467656147132,986.5527163121,38.225198362932815,0.07457406787741742,0.7073621264962524,0.36626112300062225,4.641303704262018,2323.2811816734725,1193144.0022896905,2370250.153861239,2370250.153861239,23254.09092026188,4060.0,8766.0,8,3.304109589041096,0.8152623251196081,0.18737338698880995,5.336937203679414,0.4904554634518731,0.392899713177067,0.0006250585898089445,0.00956401510742001,0.01255418830028077,0.4677122014543634,0.656963154767761,M2;M4;M6;M15;Y4;Y11-Y12,2.0,144.0,6,aP,True,United_States,/home/ctm/pertussis_transmission_analysis/outputs/calibrations/United_States_calibrated_config.yaml,current,fitted_parameters_and_state_only,fe4b0945dbc60905bca91e1dac7a67bb5863846eea9d42ff0fc0dbee6b1fb742,fbaadbe47d956b3f84d024d1fe55f5b483b9cf95f7db1635c7b7f23a7bb227b0,True,state_reconstruction_accepted,40.89230052314945,40.55693564744119,True,United_States,USA,1,contact_reduction_mean,United_States,USA,2025,2025,True,False,nearest_past_year,2024,low_detected_model_anchor,https://www.cdc.gov/pertussis/hcp/antibiotic-resistance/index.html; https://www.health.state.mn.us/diseases/reportable/dcn/pertussis.html; https://trace.ncbi.nlm.nih.gov/Traces/sra-db-be/runinfo?acc=SRR32181461%2CSRR32181462; https://doi.org/10.1128/jcm.01064-25; https://pubmed.ncbi.nlm.nih.gov/41802571/; https://www.paho.org/en/news/26-8-2025-paho-calls-strengthened-vaccination-and-surveillance-amid-spread-antibiotic,"CDC states reported MRBP infections remain rare in the United States and recommends continued surveillance. Minnesota's 2024 annual report states 12 erythromycin-resistant B. pertussis cases have been identified nationally, including one Minnesota case in 2024. Public SRA metadata show SRR32181461 and SRR32181462 are ONT and Illumina WGS runs for the same Minnesota BioSample SAMN46491808/sample MDH-25-000001, not independent cases. Global genomic analyses assigned the 2024 USA evidence to MT28-ptxP3-MRBP/A2047G or MR-MT28 emergence, and PAHO reported resistant pertussis cases in the United States since 2024. No population-based national resistant fraction or denominator was located; use a conservative low detected anchor pending surveillance.",United_States,USA,3,relative_detection_prior_mean,True,0.0,prospective_policy,,,United_States,1.4343588639311122,8.141147408900572,7.141147408900572,0.25,calibrated_country_scenario_analysis,True,False,0.7861551520312335,0.7418891177759035,0.6697040380391459,0.7164569284464266,0.720625695999291,0.7429996695179002,0.656963154767761,0.7108750496666777,0.6611016504656414,0.8473975736247379,0.8517640286439292,0.851584824098279
intervention_comparison,current,symptom_protective,country_timeline,current,2027-01-01,2051-01-01,2027,2051,13923768.84530311,71471112.59747328,1382621.4175093637,403556.64405957976,867640.453969204,2151825.927380546,2240050.821701336,4795433.3931414625,23107471.189249177,955220.2188397463,1298.1666105822287,1270.6319040732387,1272.9865531845007,131153.06095864446,48404844.10726404,0.6772644547998166,0.009999999999999998,0.9589282297401389,217576703.7860448,2110625.9287585,20903584.63773547,20136065.349669117,43150275.91616308,24.000492823261258,1368.6676118988214,26.477119004995096,796.6601123252367,1712.8067439647375,428.9100369095704,463.5142603305223,463.0459889372213,2231.2523126621595,92.23585328451905,0.2485981440864235,2.5083511083850936,1.229193003214576,12.66411058916937,15921.894745519883,799774.2429622144,1668946.6369694965,1668946.6369694965,94910.50347283734,364.0,7805.0,2,17.087671232876712,0.809632663571484,0.19481673559109192,5.13302923881723,0.41465256150926194,0.30184122276522857,0.000525113892735045,0.010615726489291322,0.014448332701310991,0.3890633884259246,0.0,M2;M4;M6;M15;Y4,2.0,48.0,5,wP,True,Brazil,/home/ctm/pertussis_transmission_analysis/outputs/calibrations/Brazil_calibrated_config.yaml,current,fitted_parameters_and_state_only,fe4b0945dbc60905bca91e1dac7a67bb5863846eea9d42ff0fc0dbee6b1fb742,fbaadbe47d956b3f84d024d1fe55f5b483b9cf95f7db1635c7b7f23a7bb227b0,True,state_reconstruction_accepted,35.76538746298039,33.05184950384161,True,Brazil,BRA,1,contact_reduction_mean,Brazil,BRA,2025,2025,True,False,exact_year,2025,low_detected_model_anchor,https://www.paho.org/en/news/26-8-2025-paho-calls-strengthened-vaccination-and-surveillance-amid-spread-antibiotic,"PAHO reported antibiotic-resistant pertussis cases detected in Brazil since 2024, but no public national resistant fraction or denominator was located, so keep a conservative low detected anchor pending numeric reporting.",Brazil,BRA,3,relative_detection_prior_mean,True,0.0,prospective_policy,2.8141735141323725e-05,1.480345728618647e-16,Brazil,0.8601273820862417,30.782788173508393,29.782788173508393,0.25,calibrated_country_scenario_analysis,,,0.0,0.0,0.0,0.0,0.0,0.0,0.0,0.0,0.0,0.0,0.0,0.0
intervention_comparison,higher_child_coverage,symptom_protective,country_timeline,higher_child_coverage,2027-01-01,2051-01-01,2027,2051,13897623.062154166,71495908.4486111,1375302.8972676685,403183.0443273449,866621.7634173458,2110516.4794313153,2236996.742230225,4750696.265988885,23039803.14752585,947067.716729159,1296.3230338243814,1268.645750940084,1271.0114538057007,130990.3459050742,48920667.303078234,0.6842442926400578,0.009999999999999998,0.9705986422515476,217576703.77902776,2110625.9290758185,20903584.64360088,20136065.346710812,43150275.91938751,24.000492823261258,1369.1424510371012,26.336969772709583,795.9225899542923,1710.7957493615968,420.67608226055927,462.882306260108,458.7261817893244,2224.718301337709,91.44864947510348,0.24824510022722054,2.5044302483189926,1.2272858515264875,12.648398858601778,15317.534907810079,796225.2810872935,1635550.529385272,1635550.529385272,91307.91110305508,364.0,8120.0,2,17.106849315068494,0.8100589364323951,0.1943834740157658,5.144470254291747,0.41741894126731666,0.30497703233093276,0.0005237455487534312,0.010579842517682535,0.014398700938821573,0.39191665226205913,-0.0003469352894709399,M2;M4;M6;M15;Y4,2.0,48.0,5,wP,True,Brazil,/home/ctm/pertussis_transmission_analysis/outputs/calibrations/Brazil_calibrated_config.yaml,current,fitted_parameters_and_state_only,fe4b0945dbc60905bca91e1dac7a67bb5863846eea9d42ff0fc0dbee6b1fb742,fbaadbe47d956b3f84d024d1fe55f5b483b9cf95f7db1635c7b7f23a7bb227b0,True,state_reconstruction_accepted,35.76538746298039,33.05184950384161,True,Brazil,BRA,1,contact_reduction_mean,Brazil,BRA,2025,2025,True,False,exact_year,2025,low_detected_model_anchor,https://www.paho.org/en/news/26-8-2025-paho-calls-strengthened-vaccination-and-surveillance-amid-spread-antibiotic,"PAHO reported antibiotic-resistant pertussis cases detected in Brazil since 2024, but no public national resistant fraction or denominator was located, so keep a conservative low detected anchor pending numeric reporting.",Brazil,BRA,3,relative_detection_prior_mean,True,0.0,prospective_policy,2.8141735141323725e-05,1.480345728618647e-16,Brazil,0.8601273820862417,30.619848084395567,29.619848084395567,0.25,calibrated_country_scenario_analysis,,,0.0009257677645363449,0.019197392978491212,0.0013633974022034812,0.009329110319113432,0.0029284053269666988,0.008534683363894624,-0.0003469352894709399,0.0052932206524608505,-0.010656437497683857,0.0014201387886725314,0.0015631223541512362,0.001551547715770485
intervention_comparison,adolescent_booster,symptom_protective,country_timeline,adolescent_booster,2027-01-01,2051-01-01,2027,2051,13519332.226111114,70053820.6012276,1340397.034406845,395719.24882719177,849960.6637659932,2105269.634145373,2016952.47667674,4517941.359649305,22370939.812725786,919076.1360962683,1270.4042813622284,1243.0600405613857,1245.3547684251384,128292.78387893304,48656831.901184015,0.694563572458907,0.009999999999999998,0.9861445469348947,217576703.78074858,2110625.9290923392,20903584.637711123,20136065.350869402,43150275.917672865,24.000492823261258,1341.5265533783534,25.668524547180372,781.1883308344736,1677.9051162413211,419.63026144319383,417.35045751455465,436.25141947712916,2160.133005598947,88.74578863738836,0.24328167433927353,2.453921564571755,1.2025118128586105,12.387922865869484,13938.614251826835,776626.9456008282,1549216.467997354,1549216.467997354,83088.15737489994,364.0,8766.0,3,10.020547945205479,0.8114405223639922,0.192984938010279,5.181751541390949,0.42703739272201346,0.3113646067877771,0.0005228142773937643,0.010577310950915358,0.01439290438333465,0.4015443631103697,0.01983027750285493,M2;M4;M6;M15;Y4,2.0,48.0,5,wP,True,Brazil,/home/ctm/pertussis_transmission_analysis/outputs/calibrations/Brazil_calibrated_config.yaml,current,fitted_parameters_and_state_only,fe4b0945dbc60905bca91e1dac7a67bb5863846eea9d42ff0fc0dbee6b1fb742,fbaadbe47d956b3f84d024d1fe55f5b483b9cf95f7db1635c7b7f23a7bb227b0,True,state_reconstruction_accepted,35.76538746298039,33.05184950384161,True,Brazil,BRA,1,contact_reduction_mean,Brazil,BRA,2025,2025,True,False,exact_year,2025,low_detected_model_anchor,https://www.paho.org/en/news/26-8-2025-paho-calls-strengthened-vaccination-and-surveillance-amid-spread-antibiotic,"PAHO reported antibiotic-resistant pertussis cases detected in Brazil since 2024, but no public national resistant fraction or denominator was located, so keep a conservative low detected anchor pending numeric reporting.",Brazil,BRA,3,relative_detection_prior_mean,True,0.0,prospective_policy,2.8141735141323725e-05,1.480345728618647e-16,Brazil,0.8601273820862417,29.842701304219943,28.842701304219943,0.25,calibrated_country_scenario_analysis,,,0.01942080584660355,0.021635715344245687,0.09959521581530517,0.05786589255707997,0.03187416617297634,0.03783848167219517,0.01983027750285493,0.030539367152709995,-0.005205838352904779,0.021385798243223064,0.02169933198077778,0.021706266016902287
intervention_comparison,pregnancy_tdap_scaleup,symptom_protective,country_timeline,pregnancy_tdap_scaleup,2027-01-01,2051-01-01,2027,2051,13830984.694103565,71133507.42309716,1353230.6548385606,367876.7472730895,829145.0358385136,2139592.7859972976,2233830.412455832,4741299.94572622,22975437.160804905,927633.2580250937,905.1407047264372,877.7454029623996,880.082959395005,110972.2146370526,48185579.75632541,0.6773963705981898,0.009999999999999998,0.9590999463318554,217576703.78188354,2110625.9288176023,20903584.637469806,20136065.35094864,43150275.91723605,24.000492823261258,1362.2024926482172,25.914287625166647,726.2245216633013,1636.8130399781123,426.47168116537085,462.22712504401693,457.8188752036818,2218.503135992054,89.57206244110044,0.17333391376893706,1.7327548972138027,0.8498061611127075,10.715452526852358,15790.463641708051,787555.3765650918,1656495.367909032,1656495.367909032,94127.04192741135,364.0,7805.0,2,17.087671232876712,0.8100234580234339,0.19443698469467882,5.143054453196152,0.41487444845595123,0.30187387494368045,0.0007514330183952771,0.01059922112662769,0.014425719274764163,0.3890980750361641,0.004723659141526393,M2;M4;M6;M15;Y4,2.0,48.0,5,wP,True,Brazil,/home/ctm/pertussis_transmission_analysis/outputs/calibrations/Brazil_calibrated_config.yaml,current,fitted_parameters_and_state_only,fe4b0945dbc60905bca91e1dac7a67bb5863846eea9d42ff0fc0dbee6b1fb742,fbaadbe47d956b3f84d024d1fe55f5b483b9cf95f7db1635c7b7f23a7bb227b0,True,state_reconstruction_accepted,35.76538746298039,33.05184950384161,True,Brazil,BRA,1,contact_reduction_mean,Brazil,BRA,2025,2025,True,False,exact_year,2025,low_detected_model_anchor,https://www.paho.org/en/news/26-8-2025-paho-calls-strengthened-vaccination-and-surveillance-amid-spread-antibiotic,"PAHO reported antibiotic-resistant pertussis cases detected in Brazil since 2024, but no public national resistant fraction or denominator was located, so keep a conservative low detected anchor pending numeric reporting.",Brazil,BRA,3,relative_detection_prior_mean,True,0.0,prospective_policy,2.8141735141323725e-05,1.480345728618647e-16,Brazil,0.8601273820862417,30.12843000336934,29.12843000336934,0.25,calibrated_country_scenario_analysis,,,0.08841360267933696,0.0056850051054734285,0.002776905410020847,0.011288541196853186,0.005713910767773722,0.02888021031229948,0.004723659141526393,0.02125727426076418,0.0045298018200977674,0.30275459455818166,0.3092056006553676,0.3086470888530667
intervention_comparison,cocooning_adjunct,symptom_protective,country_timeline,cocooning_adjunct,2027-01-01,2051-01-01,2027,2051,11715669.965717182,62359195.2593714,1172676.7146275607,329684.83913757413,706513.9064730316,1889608.1403300874,2035702.9443024618,4254995.923770123,20488005.548086654,829000.9628483384,1056.8926855469438,1032.8180502990629,1034.851733538951,107818.26539043462,42328855.27054421,0.678790915990581,0.009999999999999998,0.9625392784465836,217576703.76752245,2110625.928858908,20903584.639847454,20136065.35123111,43150275.91993748,24.000492823261258,1194.1749297164192,22.45669026750306,650.8299759971151,1394.7272491944732,376.643801349823,421.23032891332906,410.86146626320584,1978.3172889239995,80.04814980590777,0.20239432905304328,2.0388834034464915,0.9992505474132254,10.410907883789234,12603.139745602837,683821.3968815454,1397153.2291263817,1397153.2291263817,75127.38638273197,364.0,8106.0,3,9.521917808219179,0.8165692530625824,0.18787397619529958,5.322716962994787,0.5151785108477742,0.3932558442312684,0.00048625613272132586,0.010520810448206493,0.014314872535928315,0.489856571730918,0.12749091215943953,M2;M4;M6;M15;Y4,2.0,48.0,5,wP,True,Brazil,/home/ctm/pertussis_transmission_analysis/outputs/calibrations/Brazil_calibrated_config.yaml,current,fitted_parameters_and_state_only,fe4b0945dbc60905bca91e1dac7a67bb5863846eea9d42ff0fc0dbee6b1fb742,fbaadbe47d956b3f84d024d1fe55f5b483b9cf95f7db1635c7b7f23a7bb227b0,True,state_reconstruction_accepted,35.76538746298039,33.05184950384161,True,Brazil,BRA,1,contact_reduction_mean,Brazil,BRA,2025,2025,True,False,exact_year,2025,low_detected_model_anchor,https://www.paho.org/en/news/26-8-2025-paho-calls-strengthened-vaccination-and-surveillance-amid-spread-antibiotic,"PAHO reported antibiotic-resistant pertussis cases detected in Brazil since 2024, but no public national resistant fraction or denominator was located, so keep a conservative low detected anchor pending numeric reporting.",Brazil,BRA,3,relative_detection_prior_mean,True,0.0,prospective_policy,,,Brazil,0.8601273820862417,26.108563377013166,25.108563377013166,0.25,calibrated_country_scenario_analysis,True,False,0.18305188629504865,0.12185827102179247,0.09122466125285078,0.11269835801374806,0.1133601171547165,0.1321362901475427,0.12749091215943953,0.15184540050015627,0.12552439634462165,0.18585744161689188,0.18716187828419928,0.1870678201979683
intervention_comparison,maternal_immunization,symptom_protective,country_timeline,maternal_immunization,2027-01-01,2051-01-01,2027,2051,11639433.643225081,62067251.025012046,1148648.5369435474,300705.35536211816,675066.0282214634,1878933.7983000255,2030162.5752050427,4209801.728867186,20373456.8346133,806394.3943962685,739.9067548617402,715.9507108939824,717.9696335295819,91494.49886610232,42134842.189512946,0.6788578758310614,0.009999999999999998,0.9629501967505482,217576703.76794824,2110625.9287613765,20903584.638246387,20136065.352913618,43150275.91992138,24.000492823261258,1188.5842147586304,21.996552074885955,593.6216531325177,1332.646075304687,374.51615137885886,420.0839084224643,406.49752478913075,1967.2564904611413,77.86526455109802,0.14169170934726075,1.413356420109263,0.693269891791481,8.834688594918836,12500.677993525207,673773.236874879,1387051.788337306,1387051.788337306,74516.6113067327,364.0,8106.0,3,9.521917808219179,0.8169245919108368,0.18752938870346597,5.332497518995633,0.5153033999492617,0.3932262684093328,0.0006940183442668603,0.010504394645687176,0.014292437564308218,0.4898125493949993,0.1315756986381892,M2;M4;M6;M15;Y4,2.0,48.0,5,wP,True,Brazil,/home/ctm/pertussis_transmission_analysis/outputs/calibrations/Brazil_calibrated_config.yaml,current,fitted_parameters_and_state_only,fe4b0945dbc60905bca91e1dac7a67bb5863846eea9d42ff0fc0dbee6b1fb742,fbaadbe47d956b3f84d024d1fe55f5b483b9cf95f7db1635c7b7f23a7bb227b0,True,state_reconstruction_accepted,35.76538746298039,33.05184950384161,True,Brazil,BRA,1,contact_reduction_mean,Brazil,BRA,2025,2025,True,False,exact_year,2025,low_detected_model_anchor,https://www.paho.org/en/news/26-8-2025-paho-calls-strengthened-vaccination-and-surveillance-amid-spread-antibiotic,"PAHO reported antibiotic-resistant pertussis cases detected in Brazil since 2024, but no public national resistant fraction or denominator was located, so keep a conservative low detected anchor pending numeric reporting.",Brazil,BRA,3,relative_detection_prior_mean,True,0.0,prospective_policy,,,Brazil,0.8601273820862417,25.573598205341685,24.573598205341685,0.25,calibrated_country_scenario_analysis,True,False,0.25486208742056293,0.12681886838900425,0.0936979841988057,0.12212278145951516,0.11831733261698862,0.15580263221840962,0.1315756986381892,0.16922411124463266,0.1295325299231811,0.4300371394316701,0.4365396393724462,0.43599590134435406
intervention_comparison,targeted_pep_high_risk,symptom_protective,country_timeline,targeted_pep_high_risk,2027-01-01,2051-01-01,2027,2051,14961511.648299022,76800299.8978558,1475906.7516190251,429861.8223667018,925258.7382708602,2273656.348211304,2392723.3805126674,5096241.551090673,24589396.9944044,1014114.2891670171,1387.4463768840833,1356.8525112608593,1359.3487378912162,139714.89911276166,69261080.11543654,0.9018334590822379,0.009999999999999998,0.9963075645401652,217576703.78911966,2110625.9289626596,20903584.639060996,20136065.35054184,43150275.918565504,24.000492823261258,1470.7212359324903,28.26352767826682,848.5890957287858,1826.5508476689681,453.19373456768005,495.10546684983996,492.0919581807532,2374.3467408586143,97.92265169779452,0.26569516693488654,2.678558982579179,1.3125841378854266,13.490839788924676,15389.85074853803,853446.6864803314,1387369.3509034938,1387369.3509034938,91738.98623762796,728.0,8766.0,2,19.08219178082192,0.8094961953885762,0.19481058886746266,5.133191197734839,0.41178463012468247,0.3001108641113394,0.0005231346381392834,0.010455116153371762,0.014233547437017293,0.38657283189615416,-0.07456421352213471,M2;M4;M6;M15;Y4,2.0,48.0,5,wP,True,Brazil,/home/ctm/pertussis_transmission_analysis/outputs/calibrations/Brazil_calibrated_config.yaml,current,fitted_parameters_and_state_only,fe4b0945dbc60905bca91e1dac7a67bb5863846eea9d42ff0fc0dbee6b1fb742,fbaadbe47d956b3f84d024d1fe55f5b483b9cf95f7db1635c7b7f23a7bb227b0,True,state_reconstruction_accepted,35.76538746298039,33.05184950384161,True,Brazil,BRA,1,contact_reduction_mean,Brazil,BRA,2025,2025,True,False,exact_year,2025,low_detected_model_anchor,https://www.paho.org/en/news/26-8-2025-paho-calls-strengthened-vaccination-and-surveillance-amid-spread-antibiotic,"PAHO reported antibiotic-resistant pertussis cases detected in Brazil since 2024, but no public national resistant fraction or denominator was located, so keep a conservative low detected anchor pending numeric reporting.",Brazil,BRA,3,relative_detection_prior_mean,True,0.0,prospective_policy,2.8141735141323725e-05,1.480345728618647e-16,Brazil,0.8601273820862417,32.85969993155379,31.85969993155379,0.25,calibrated_country_scenario_analysis,,,-0.06518336073594266,-0.056617228782564144,-0.06815584598896507,-0.0627280442221203,-0.06413189020201804,-0.06165496622214106,-0.07456421352213471,-0.06746990385676543,-0.4308708434625994,-0.06877373487661376,-0.0678564790567786,-0.06784218143598775
intervention_comparison,maternal_direct_antibody_only,symptom_protective,country_timeline,maternal_direct_antibody_only,2027-01-01,2051-01-01,2027,2051,13830984.694103565,71133507.42309716,1353230.6548385606,367876.7472730895,829145.0358385136,2139592.7859972976,2233830.412455832,4741299.94572622,22975437.160804905,927633.2580250937,905.1407047264372,877.7454029623996,880.082959395005,110972.2146370526,48185579.75632541,0.6773963705981898,0.009999999999999998,0.9590999463318554,217576703.78188354,2110625.9288176023,20903584.637469806,20136065.35094864,43150275.91723605,24.000492823261258,1362.2024926482172,25.914287625166647,726.2245216633013,1636.8130399781123,426.47168116537085,462.22712504401693,457.8188752036818,2218.503135992054,89.57206244110044,0.17333391376893706,1.7327548972138027,0.8498061611127075,10.715452526852358,15790.463641708051,787555.3765650918,1656495.367909032,1656495.367909032,94127.04192741135,364.0,7805.0,2,17.087671232876712,0.8100234580234339,0.19443698469467882,5.143054453196152,0.41487444845595123,0.30187387494368045,0.0007514330183952771,0.01059922112662769,0.014425719274764163,0.3890980750361641,0.004723659141526393,M2;M4;M6;M15;Y4,2.0,48.0,5,wP,True,Brazil,/home/ctm/pertussis_transmission_analysis/outputs/calibrations/Brazil_calibrated_config.yaml,current,fitted_parameters_and_state_only,fe4b0945dbc60905bca91e1dac7a67bb5863846eea9d42ff0fc0dbee6b1fb742,fbaadbe47d956b3f84d024d1fe55f5b483b9cf95f7db1635c7b7f23a7bb227b0,True,state_reconstruction_accepted,35.76538746298039,33.05184950384161,True,Brazil,BRA,1,contact_reduction_mean,Brazil,BRA,2025,2025,True,False,exact_year,2025,low_detected_model_anchor,https://www.paho.org/en/news/26-8-2025-paho-calls-strengthened-vaccination-and-surveillance-amid-spread-antibiotic,"PAHO reported antibiotic-resistant pertussis cases detected in Brazil since 2024, but no public national resistant fraction or denominator was located, so keep a conservative low detected anchor pending numeric reporting.",Brazil,BRA,3,relative_detection_prior_mean,True,0.0,prospective_policy,2.8141735141323725e-05,1.480345728618647e-16,Brazil,0.8601273820862417,30.12843000336934,29.12843000336934,0.25,calibrated_country_scenario_analysis,,,0.08841360267933696,0.0056850051054734285,0.002776905410020847,0.011288541196853186,0.005713910767773722,0.02888021031229948,0.004723659141526393,0.02125727426076418,0.0045298018200977674,0.30275459455818166,0.3092056006553676,0.3086470888530667
intervention_comparison,maternal_adult_boosting_only,symptom_protective,country_timeline,maternal_adult_boosting_only,2027-01-01,2051-01-01,2027,2051,11766367.685227646,62579852.94573695,1186212.402810638,346853.80834321264,743860.3838950574,1897077.8294532138,2039476.2173233621,4283407.855119789,20581859.188176494,841516.296386855,1111.8461187949854,1087.6845747743241,1089.7290914252208,112855.85730459118,42465713.60934161,0.6785844263035208,0.009999999999999998,0.9623273046250876,217576703.7682115,2110625.9288643594,20903584.63947434,20136065.351991594,43150275.92033029,24.000492823261258,1198.4005114574006,22.71589790180579,684.7231930605634,1468.4528322891833,378.1326878861066,422.01109951037347,413.6049160729836,1987.3797756561378,81.25662764639989,0.21291787927037695,2.147195265462537,1.0522400029277914,10.897336645871341,12683.418551525396,690056.4106840699,1404442.452796759,1404442.452796759,75605.92879324601,364.0,8106.0,3,8.553424657534247,0.8164150250580532,0.1880216576320541,5.318536239888564,0.5153473116383986,0.39321131680537824,0.0005109398607687972,0.010591847660398482,0.014410615841749824,0.48983390827548157,0.12440354331423487,M2;M4;M6;M15;Y4,2.0,48.0,5,wP,True,Brazil,/home/ctm/pertussis_transmission_analysis/outputs/calibrations/Brazil_calibrated_config.yaml,current,fitted_parameters_and_state_only,fe4b0945dbc60905bca91e1dac7a67bb5863846eea9d42ff0fc0dbee6b1fb742,fbaadbe47d956b3f84d024d1fe55f5b483b9cf95f7db1635c7b7f23a7bb227b0,True,state_reconstruction_accepted,35.76538746298039,33.05184950384161,True,Brazil,BRA,1,contact_reduction_mean,Brazil,BRA,2025,2025,True,False,exact_year,2025,low_detected_model_anchor,https://www.paho.org/en/news/26-8-2025-paho-calls-strengthened-vaccination-and-surveillance-amid-spread-antibiotic,"PAHO reported antibiotic-resistant pertussis cases detected in Brazil since 2024, but no public national resistant fraction or denominator was located, so keep a conservative low detected anchor pending numeric reporting.",Brazil,BRA,3,relative_detection_prior_mean,True,0.0,prospective_policy,2.8141735141323725e-05,1.480345728618647e-16,Brazil,0.8601273820862417,26.40992296595454,25.40992296595454,0.25,calibrated_country_scenario_analysis,,,0.14050774916245878,0.11838694509896597,0.08954020258595563,0.10677356894456802,0.109298502652585,0.11903425012401991,0.12440354331423487,0.1420555274288563,0.1226970276933742,0.14352586969070047,0.14398137549706103,0.14395867835433407
intervention_comparison,maternal_cocooning_only,symptom_protective,country_timeline,maternal_cocooning_only,2027-01-01,2051-01-01,2027,2051,13862515.077255625,71216347.83081985,1366141.7010923356,382429.6922660419,821545.0655307695,2143325.4176128292,2235865.6469595223,4761620.756838394,22998428.305358604,940019.9859512968,1229.9994839048943,1202.5659036162608,1204.9080941007992,124945.71781518182,48250019.382992156,0.6775132515586724,0.009999999999999998,0.9589139367899201,217576703.78235665,2110625.928812303,20903584.637388565,20136065.34991902,43150275.91611989,24.000492823261258,1363.788881591612,26.161533403178595,754.9534521959804,1621.8099585362686,427.215683339157,462.6482584662456,459.78104824683146,2220.723155887876,90.76812215524531,0.2355441793361625,2.373982195390561,1.1634565935372736,12.064730906700984,15818.661082643239,792224.8092724388,1660057.9875745121,1660057.9875745121,94295.12703045922,364.0,7805.0,2,17.087671232876712,0.8098022249515925,0.19465355216174723,5.137332398481229,0.4144896774945656,0.3019015430178586,0.0004980042194354224,0.010539063119970618,0.014344952239144403,0.38910765791601515,0.003564583751316075,M2;M4;M6;M15;Y4,2.0,48.0,5,wP,True,Brazil,/home/ctm/pertussis_transmission_analysis/outputs/calibrations/Brazil_calibrated_config.yaml,current,fitted_parameters_and_state_only,fe4b0945dbc60905bca91e1dac7a67bb5863846eea9d42ff0fc0dbee6b1fb742,fbaadbe47d956b3f84d024d1fe55f5b483b9cf95f7db1635c7b7f23a7bb227b0,True,state_reconstruction_accepted,35.76538746298039,33.05184950384161,True,Brazil,BRA,1,contact_reduction_mean,Brazil,BRA,2025,2025,True,False,exact_year,2025,low_detected_model_anchor,https://www.paho.org/en/news/26-8-2025-paho-calls-strengthened-vaccination-and-surveillance-amid-spread-antibiotic,"PAHO reported antibiotic-resistant pertussis cases detected in Brazil since 2024, but no public national resistant fraction or denominator was located, so keep a conservative low detected anchor pending numeric reporting.",Brazil,BRA,3,relative_detection_prior_mean,True,0.0,prospective_policy,,,Brazil,0.8601273820862417,30.41588251698686,29.41588251698686,0.25,calibrated_country_scenario_analysis,True,False,0.052351886914836054,0.003950370547893045,0.001868339191802515,0.007051007392038344,0.004718944924674617,0.015912804805275682,0.003564583751316075,0.011919182075679435,0.0031985378142898035,0.052510306552069896,0.05356862222550851,0.053479323024580694
intervention_comparison,resistance_guided_treatment,symptom_protective,country_timeline,resistance_guided_treatment,2027-01-01,2051-01-01,2027,2051,8891286.680832535,45227364.99916166,863365.6905151743,234209.90612142143,500071.32645468507,1320313.5460673736,1529111.8080437907,3083635.260232586,14582334.253241058,590695.9402809527,747.7783603253097,730.5503681752474,731.9637011403994,76428.45270011811,20704610.760389004,0.4577894546978978,0.009999999999999998,0.9967110032863508,217576703.78617015,2110625.929005429,20903584.639492147,20136065.353269786,43150275.92176737,24.000492823261258,866.101385527216,16.533402306009087,462.3531611810077,987.1894935239732,263.1698617079749,316.4058251156255,297.7551393900705,1408.066973484696,57.03746947757943,0.1431991171621485,1.4421775650798623,0.7067825325265373,7.379914505639234,11517.444821229454,1037610.6508632653,1956071.5049715585,1956071.5049715585,68655.55288334795,364.0,8766.0,5,5.528082191780822,0.8078418389445039,0.1965908622135591,5.086706415243693,0.3919956056196807,0.2851890796742072,0.00047162377423283833,0.010056370783300534,0.013672427486551756,0.3677951835755956,0.36719377444306656,M2;M4;M6;M15;Y4,2.0,48.0,5,wP,True,Brazil,/home/ctm/pertussis_transmission_analysis/outputs/calibrations/Brazil_calibrated_config.yaml,current,fitted_parameters_and_state_only,fe4b0945dbc60905bca91e1dac7a67bb5863846eea9d42ff0fc0dbee6b1fb742,fbaadbe47d956b3f84d024d1fe55f5b483b9cf95f7db1635c7b7f23a7bb227b0,True,state_reconstruction_accepted,35.76538746298039,33.05184950384161,True,Brazil,BRA,1,contact_reduction_mean,Brazil,BRA,2025,2025,True,False,exact_year,2025,low_detected_model_anchor,https://www.paho.org/en/news/26-8-2025-paho-calls-strengthened-vaccination-and-surveillance-amid-spread-antibiotic,"PAHO reported antibiotic-resistant pertussis cases detected in Brazil since 2024, but no public national resistant fraction or denominator was located, so keep a conservative low detected anchor pending numeric reporting.",Brazil,BRA,3,relative_detection_prior_mean,True,0.0,prospective_policy,2.8141735141323725e-05,1.480345728618647e-16,Brazil,0.8601273820862417,19.22203925877498,18.22203925877498,0.25,calibrated_country_scenario_analysis,,,0.41963560860902727,0.38642176894177793,0.31737628752439717,0.35696421836598313,0.3689342233162435,0.3816128169916265,0.36719377444306656,0.37555886262023186,0.5722615960810027,0.42397350676741674,0.4250495632658545,0.4250028020254256
intervention_comparison,transmission_blocking_vaccine,transmission_blocking,country_timeline,transmission_blocking_vaccine,2027-01-01,2051-01-01,2027,2051,8135713.720703039,40586296.1158501,753544.1103971314,201939.9296792741,412278.74116504344,1075045.8643666643,1296402.3977630045,2573388.191808943,11476877.801206883,493355.7958912111,652.5027518609423,635.8289134753404,637.0321765396568,66165.22232408944,31149835.374122266,0.7674963806800141,0.009999999999999998,0.9896042801097084,217576703.81340817,2110625.9295041333,20903584.639277145,20136065.344845966,43150275.913627245,24.000492823261258,777.2251886796107,14.43032548991574,398.64908525866156,813.8783810515778,214.28218494062048,268.2532881898537,248.4857952505015,1108.204784844777,47.63832665187472,0.1249538940388879,1.2551881895795671,0.6151168622420052,6.38889924942511,6182.055171356396,412752.1809376216,733626.994440438,733626.994440438,36851.26539661257,21.0,8766.0,6,4.418630136986302,0.8042365844066928,0.20045469775020472,4.988658341378176,0.34663482354662695,0.26293893579393685,0.00039684913042037394,0.009137345863512699,0.011995922623749879,0.32510470592894397,0.4321300642899891,M2;M4;M6;M15;Y4,2.0,48.0,5,wP,True,Brazil,/home/ctm/pertussis_transmission_analysis/outputs/calibrations/Brazil_calibrated_config.yaml,current,fitted_parameters_and_state_only,fe4b0945dbc60905bca91e1dac7a67bb5863846eea9d42ff0fc0dbee6b1fb742,fbaadbe47d956b3f84d024d1fe55f5b483b9cf95f7db1635c7b7f23a7bb227b0,True,state_reconstruction_accepted,35.76538746298039,33.05184950384161,True,Brazil,BRA,1,contact_reduction_mean,Brazil,BRA,2025,2025,True,False,exact_year,2025,low_detected_model_anchor,https://www.paho.org/en/news/26-8-2025-paho-calls-strengthened-vaccination-and-surveillance-amid-spread-antibiotic,"PAHO reported antibiotic-resistant pertussis cases detected in Brazil since 2024, but no public national resistant fraction or denominator was located, so keep a conservative low detected anchor pending numeric reporting.",Brazil,BRA,3,relative_detection_prior_mean,True,0.0,prospective_policy,2.8141735141323725e-05,1.480345728618647e-16,Brazil,0.8601273820862417,16.776963262017002,15.776963262017002,0.25,calibrated_country_scenario_analysis,,,0.49959954159629605,0.5004029597899047,0.4212620601266641,0.4633669199765216,0.5033261014495374,0.48351617128617386,0.4321300642899891,0.4549888343588978,0.35647276737231226,0.4973659416734695,0.4995962942240969,0.49957666485473995
intervention_comparison,next_generation_vaccine,next_generation,country_timeline,next_generation_vaccine,2027-01-01,2051-01-01,2027,2051,6229434.290619157,29914795.19944453,517727.8853085791,130588.51663547377,235140.1755707473,617590.8666262091,869691.4246919971,1617870.80795368,6228974.654304603,303167.42765870853,464.2444606809621,449.0121676632482,449.79234529069004,44832.76685112809,24473238.770703904,0.8180981553622113,0.009999999999999998,0.9975946737031822,217576703.76778555,2110625.9281137916,20903584.632909298,20136065.354852285,43150275.91587538,24.000492823261258,572.8665725423386,9.914458621191761,257.7944481757101,464.1896038562845,123.10053433702909,179.95769266608696,156.22124776417854,601.4684163921004,29.27377983301603,0.08890254178207029,0.8863937424914646,0.43431849484300483,4.329042061808593,5058.034712773535,285639.22887467535,453421.175011777,453421.175011777,30150.9731602275,14.0,8766.0,4,7.690410958904109,0.7964209494427648,0.2082392424580205,4.802168833290836,0.2363129870435719,0.21033055955891963,0.0001972564361327883,0.007348892154110261,0.008213788375710275,0.22055305007761863,0.5814421503702447,M2;M4;M6;M15;Y4,2.0,48.0,5,wP,True,Brazil,/home/ctm/pertussis_transmission_analysis/outputs/calibrations/Brazil_calibrated_config.yaml,current,fitted_parameters_and_state_only,fe4b0945dbc60905bca91e1dac7a67bb5863846eea9d42ff0fc0dbee6b1fb742,fbaadbe47d956b3f84d024d1fe55f5b483b9cf95f7db1635c7b7f23a7bb227b0,True,state_reconstruction_accepted,35.76538746298039,33.05184950384161,True,Brazil,BRA,1,contact_reduction_mean,Brazil,BRA,2025,2025,True,False,exact_year,2025,low_detected_model_anchor,https://www.paho.org/en/news/26-8-2025-paho-calls-strengthened-vaccination-and-surveillance-amid-spread-antibiotic,"PAHO reported antibiotic-resistant pertussis cases detected in Brazil since 2024, but no public national resistant fraction or denominator was located, so keep a conservative low detected anchor pending numeric reporting.",Brazil,BRA,3,relative_detection_prior_mean,True,0.0,prospective_policy,2.8141735141323725e-05,1.480345728618647e-16,Brazil,0.8601273820862417,11.526732932445668,10.526732932445668,0.25,calibrated_country_scenario_analysis,,,0.6764059802811867,0.7129921808414992,0.6117537083236979,0.6626226087786777,0.730434602588506,0.6826203825260845,0.5814421503702447,0.6255461699405703,0.49440517324109634,0.6423845314641484,0.6466229391660487,0.6466637104960061
intervention_comparison,combined_strategy,transmission_blocking,country_timeline,combined_strategy,2027-01-01,2051-01-01,2027,2051,945491.5696227711,4480706.908668684,91754.57665082638,22885.834403084657,43866.04838573987,147493.04876121468,163165.29809917527,333544.1812634746,1387821.3048963272,63097.60284741607,61.22785471807614,59.54986939875838,59.70956555956025,7203.646752272483,133642.1249140458,0.029826125126705464,0.009999999999999998,0.07699498049488715,217576703.7861989,2110625.928872808,20903584.637587316,20136065.353951007,43150275.92041113,24.000492823261258,85.8052743468636,1.7570947581670169,45.17886565272114,86.59585103298609,29.398869203855636,33.762377938606235,32.20695244627713,134.00771856193367,6.092690589543041,0.011725098246418021,0.11755724094730718,0.057655424576138835,0.6955825387550391,4911.154721061206,116610.49871560658,348301.5065728994,348301.5065728994,29275.42071212401,7.0,8766.0,1,,0.8097332741932067,0.21101392902837676,4.73902364931332,0.43924154107671315,0.3409336277950166,0.0005723471575473717,0.009865211499546377,0.012935272456844601,0.4158687099627748,0.937307441484728,M2;M4;M6;M15;Y4,2.0,48.0,5,wP,True,Brazil,/home/ctm/pertussis_transmission_analysis/outputs/calibrations/Brazil_calibrated_config.yaml,current,fitted_parameters_and_state_only,fe4b0945dbc60905bca91e1dac7a67bb5863846eea9d42ff0fc0dbee6b1fb742,fbaadbe47d956b3f84d024d1fe55f5b483b9cf95f7db1635c7b7f23a7bb227b0,True,state_reconstruction_accepted,35.76538746298039,33.05184950384161,True,Brazil,BRA,1,contact_reduction_mean,Brazil,BRA,2025,2025,True,False,exact_year,2025,low_detected_model_anchor,https://www.paho.org/en/news/26-8-2025-paho-calls-strengthened-vaccination-and-surveillance-amid-spread-antibiotic,"PAHO reported antibiotic-resistant pertussis cases detected in Brazil since 2024, but no public national resistant fraction or denominator was located, so keep a conservative low detected anchor pending numeric reporting.",Brazil,BRA,3,relative_detection_prior_mean,True,0.0,prospective_policy,,,Brazil,0.8601273820862417,2.0428308582679673,1.0428308582679673,0.25,calibrated_country_scenario_analysis,True,False,0.9432896602249823,0.9314567935610105,0.9271600016756539,0.930445456350094,0.9399405805364797,0.9339444438016008,0.937307441484728,0.9336372375772163,0.9972390753987783,0.9528351336269423,0.9531336579792616,0.9530948968705201
intervention_comparison,current,symptom_protective,country_timeline,current,2027-01-01,2051-01-01,2027,2051,4737878.468557002,24137470.098846905,399129.51193656103,108772.54962199964,219812.3430225727,537298.1906850727,595994.8312921557,1242065.571599228,5982472.9235481545,241363.7589811582,417.37081017294173,403.61784359294535,404.21153078026725,37359.90906124333,23564388.885393687,0.9762576106316712,0.01,0.9997403042740547,69071459.6606774,495667.27405952534,4937390.972627735,4907461.292813622,10340519.539500883,24.000492823261258,1456.0388244704973,24.076593901170952,914.3424916929739,1847.743443750997,453.4168963988833,506.01740021024597,500.4745580513394,2410.561536305873,97.25446334541991,0.2517695936334026,3.3928132243383398,1.6287190616356935,15.05370119243357,24688.65699660564,234565.17489878938,156759.84970526834,156759.84970526834,46720.043173078004,2289.0,7604.0,2,17.03013698630137,0.8066274342691038,0.19628728483783145,5.094573501417474,0.3324473339987785,0.2473298218233355,1.854062511700627e-05,0.007208336872645583,0.009816403384946763,0.3154040531160692,0.0,M2;M4;M6;Y1.5;Y4,2.0,48.0,5,wP,True,Thailand,/home/ctm/pertussis_transmission_analysis/outputs/calibrations/Thailand_calibrated_config.yaml,current,fitted_parameters_and_state_only,fe4b0945dbc60905bca91e1dac7a67bb5863846eea9d42ff0fc0dbee6b1fb742,fbaadbe47d956b3f84d024d1fe55f5b483b9cf95f7db1635c7b7f23a7bb227b0,True,state_reconstruction_accepted,23.27153549208217,22.994987753033243,True,Thailand,THA,1,contact_reduction_mean,Thailand,THA,2025,2025,True,False,exact_year,2025,low_imported_model_anchor,https://www.cdc.gov/pertussis/hcp/antibiotic-resistance/index.html,"No public Thailand-specific MRBP prevalence estimate was located in accessible surveillance material; CDC notes increasing MRBP globally, so keep a conservative low imported anchor pending numeric reporting.",Thailand,THA,3,relative_detection_prior_mean,True,0.0,prospective_policy,4.086723819167002e-05,1.6177673822097892e-16,Thailand,0.1976821449825874,121.79447922973372,120.79447922973372,0.25,calibrated_country_scenario_analysis,,,0.0,0.0,0.0,0.0,0.0,0.0,0.0,0.0,0.0,0.0,0.0,0.0
intervention_comparison,higher_child_coverage,symptom_protective,country_timeline,higher_child_coverage,2027-01-01,2051-01-01,2027,2051,4624760.902817363,23642316.985409863,386822.746319362,105194.29204785878,214496.7525207727,508560.87665410986,581466.2523689672,1195221.4210709357,5827002.231078759,232028.9169081224,405.45940110874716,391.99841354247974,392.5719071578609,36093.6106654775,23097890.841336586,0.9769723862340035,0.01,0.9997400104949441,69071459.68018743,495667.2746139157,4937390.9750844445,4907461.2923961645,10340519.542094525,24.000492823261258,1426.1698214642663,23.334215821446396,884.2636430753053,1803.060566494885,429.16596073710326,493.68220311718875,481.5993020108805,2347.916593386442,93.49310718441376,0.24458430281901816,3.2951402446922864,1.5818186751280223,14.543462321794166,23217.414194864126,227766.29206277058,151678.65337755752,151678.65337755752,43935.90927229503,2296.0,7597.0,2,16.991780821917807,0.8072632889614338,0.19561369157140535,5.112116600667329,0.33548888245329206,0.2502494320679585,1.845885899243721e-05,0.0073578057880532115,0.010018577362400824,0.3180940404438456,0.02051387785916703,M2;M4;M6;Y1.5;Y4,2.0,48.0,5,wP,True,Thailand,/home/ctm/pertussis_transmission_analysis/outputs/calibrations/Thailand_calibrated_config.yaml,current,fitted_parameters_and_state_only,fe4b0945dbc60905bca91e1dac7a67bb5863846eea9d42ff0fc0dbee6b1fb742,fbaadbe47d956b3f84d024d1fe55f5b483b9cf95f7db1635c7b7f23a7bb227b0,True,state_reconstruction_accepted,23.27153549208217,22.994987753033243,True,Thailand,THA,1,contact_reduction_mean,Thailand,THA,2025,2025,True,False,exact_year,2025,low_imported_model_anchor,https://www.cdc.gov/pertussis/hcp/antibiotic-resistance/index.html,"No public Thailand-specific MRBP prevalence estimate was located in accessible surveillance material; CDC notes increasing MRBP globally, so keep a conservative low imported anchor pending numeric reporting.",Thailand,THA,3,relative_detection_prior_mean,True,0.0,prospective_policy,4.086723819167002e-05,1.6177673822097892e-16,Thailand,0.1976821449825874,118.03906631780914,117.03906631780914,0.25,calibrated_country_scenario_analysis,,,0.03289669669945061,0.05348485166927852,0.02437702167934841,0.037714716194876874,0.025987696803011606,0.03867540890330812,0.02051387785916703,0.03083401564942434,0.01979673847371699,0.02853915217324121,0.028788197139728022,0.02879587229967906
intervention_comparison,adolescent_booster,symptom_protective,country_timeline,adolescent_booster,2027-01-01,2051-01-01,2027,2051,4154565.079439905,21415393.646873713,349167.45541815483,96779.28072611913,195571.16849178748,474485.1157428526,470213.0600343933,1041477.4565033651,5203993.488994396,208583.71197244167,370.43606908425005,358.4442821612187,358.96804142195674,33139.471921935066,20921752.391185984,0.9769492326955291,0.01,0.9997037312538652,69071459.68148714,495667.274626747,4937390.974989398,4907461.291836818,10340519.541452963,24.000492823261258,1291.835658587194,21.062744732370355,813.5270239561669,1643.97203080075,400.40999987432156,399.2249223286168,419.65012281472406,2096.8831280473005,84.04615942457835,0.22345726217354062,3.0130840809402883,1.4464161631980401,13.353129609493584,16849.131701805785,205268.8221172382,135062.04610437405,135062.04610437405,31884.7704386122,2639.0,7604.0,3,9.502739726027398,0.808672619895984,0.19399900594619243,5.154665587705949,0.34469025598153674,0.2568469098330415,1.8524582464992712e-05,0.007163075967801992,0.009752319359553957,0.3277563360717158,0.1127738922441267,M2;M4;M6;Y1.5;Y4,2.0,48.0,5,wP,True,Thailand,/home/ctm/pertussis_transmission_analysis/outputs/calibrations/Thailand_calibrated_config.yaml,current,fitted_parameters_and_state_only,fe4b0945dbc60905bca91e1dac7a67bb5863846eea9d42ff0fc0dbee6b1fb742,fbaadbe47d956b3f84d024d1fe55f5b483b9cf95f7db1635c7b7f23a7bb227b0,True,state_reconstruction_accepted,23.27153549208217,22.994987753033243,True,Thailand,THA,1,contact_reduction_mean,Thailand,THA,2025,2025,True,False,exact_year,2025,low_imported_model_anchor,https://www.cdc.gov/pertussis/hcp/antibiotic-resistance/index.html,"No public Thailand-specific MRBP prevalence estimate was located in accessible surveillance material; CDC notes increasing MRBP globally, so keep a conservative low imported anchor pending numeric reporting.",Thailand,THA,3,relative_detection_prior_mean,True,0.0,prospective_policy,4.086723819167002e-05,1.6177673822097892e-16,Thailand,0.1976821449825874,106.54854404896123,105.54854404896123,0.25,calibrated_country_scenario_analysis,,,0.11026006963667634,0.11690542799359016,0.2110450706175745,0.16149559224767396,0.1301266958500581,0.13581180185081332,0.1127738922441267,0.12517755521507845,0.11214534385170216,0.11245333872113339,0.1119216163230009,0.11193022938008479
intervention_comparison,pregnancy_tdap_scaleup,symptom_protective,country_timeline,pregnancy_tdap_scaleup,2027-01-01,2051-01-01,2027,2051,4726177.909828125,24135524.7863123,389876.9166762609,94866.06132950619,209877.1294277056,536636.2656362787,596479.5350556464,1227981.862021431,5971707.598324969,232008.53620798592,237.38520711271087,223.608247510532,224.20024110313915,28700.41933905697,23562077.304809276,0.9762405215308085,0.01,0.9997373787272488,69071459.66223665,495667.2741123702,4937390.973340212,4907461.291037197,10340519.53848978,24.000492823261258,1455.9214778157805,23.518451814044464,797.4444948225064,1764.2279979343762,452.8583089299736,506.42892835554784,494.7997060727095,2406.2237853736256,93.4848950725524,0.14319730961356486,1.8796518320163544,0.9033864166092039,11.564469714358907,24566.47832437656,231195.24703636923,156198.25960826347,156198.25960826347,46488.836071928396,2289.0,7597.0,2,17.03013698630137,0.8071270946624127,0.19581831974535838,5.106774490254014,0.33294668689334944,0.24732845936833336,0.0005750556322385228,0.007195350800101659,0.009798593868686048,0.3153776865923232,8.059305828811425e-05,M2;M4;M6;Y1.5;Y4,2.0,48.0,5,wP,True,Thailand,/home/ctm/pertussis_transmission_analysis/outputs/calibrations/Thailand_calibrated_config.yaml,current,fitted_parameters_and_state_only,fe4b0945dbc60905bca91e1dac7a67bb5863846eea9d42ff0fc0dbee6b1fb742,fbaadbe47d956b3f84d024d1fe55f5b483b9cf95f7db1635c7b7f23a7bb227b0,True,state_reconstruction_accepted,23.27153549208217,22.994987753033243,True,Thailand,THA,1,contact_reduction_mean,Thailand,THA,2025,2025,True,False,exact_year,2025,low_imported_model_anchor,https://www.cdc.gov/pertussis/hcp/antibiotic-resistance/index.html,"No public Thailand-specific MRBP prevalence estimate was located in accessible surveillance material; CDC notes increasing MRBP globally, so keep a conservative low imported anchor pending numeric reporting.",Thailand,THA,3,relative_detection_prior_mean,True,0.0,prospective_policy,4.086723819167002e-05,1.6177673822097892e-16,Thailand,0.1976821449825874,118.97104726436503,117.97104726436503,0.25,calibrated_country_scenario_analysis,,,0.12784924450902835,0.0012319510102016817,-0.0008132684010697666,0.011338942081506542,0.0017994774670538893,0.038759848672652586,8.059305828811425e-05,0.023181937149690857,9.809635190005661e-05,0.43123668132338255,0.44599018338732244,0.4453393235211386
intervention_comparison,cocooning_adjunct,symptom_protective,country_timeline,cocooning_adjunct,2027-01-01,2051-01-01,2027,2051,3709770.1394192223,19787061.213326845,315302.94545458467,83623.44144326412,168776.3057613776,443471.17470002634,507387.45733500965,1034482.0734783002,4985357.981367585,196678.61860881996,319.2195969947335,308.05342711202206,308.5370825841953,28851.966360227707,19328201.54014061,0.97681011504239,0.01,0.9996997633549974,69071459.65789391,495667.2741471216,4937390.9724531695,4907461.291205225,10340519.537805516,24.000492823261258,1193.6101518491605,19.019944020239777,702.9389865859944,1418.7343080363876,374.23785742807365,430.7870952294205,416.83142215620796,2008.7867258483168,79.24915317940746,0.19256207252519497,2.5894983527481914,1.2432110156251561,11.625533663913275,17581.601459436744,186395.5307750808,119689.13282176643,119689.13282176643,33270.87331305901,2646.0,7296.0,2,16.09041095890411,0.8150383238846562,0.18748464460809589,5.333770144698124,0.4524331779714267,0.35656778491054864,1.716522159270854e-05,0.00715540410087338,0.009740169833228611,0.435520438815732,0.18023466700132285,M2;M4;M6;Y1.5;Y4,2.0,48.0,5,wP,True,Thailand,/home/ctm/pertussis_transmission_analysis/outputs/calibrations/Thailand_calibrated_config.yaml,current,fitted_parameters_and_state_only,fe4b0945dbc60905bca91e1dac7a67bb5863846eea9d42ff0fc0dbee6b1fb742,fbaadbe47d956b3f84d024d1fe55f5b483b9cf95f7db1635c7b7f23a7bb227b0,True,state_reconstruction_accepted,23.27153549208217,22.994987753033243,True,Thailand,THA,1,contact_reduction_mean,Thailand,THA,2025,2025,True,False,exact_year,2025,low_imported_model_anchor,https://www.cdc.gov/pertussis/hcp/antibiotic-resistance/index.html,"No public Thailand-specific MRBP prevalence estimate was located in accessible surveillance material; CDC notes increasing MRBP globally, so keep a conservative low imported anchor pending numeric reporting.",Thailand,THA,3,relative_detection_prior_mean,True,0.0,prospective_policy,,,Thailand,0.1976821449825874,96.21477965000393,95.21477965000393,0.25,calibrated_country_scenario_analysis,True,False,0.2312082254772212,0.17462745568789995,0.14867137985918344,0.1671276483846602,0.16667270456933192,0.18513608074784138,0.18023466700132285,0.21002347352179773,0.1797707280191282,0.23516549501278805,0.23676955317491222,0.23669401021635228
intervention_comparison,maternal_immunization,symptom_protective,country_timeline,maternal_immunization,2027-01-01,2051-01-01,2027,2051,3687736.166284414,19716804.97941261,307131.083762521,72690.71958770473,160459.95849452994,441338.8508037431,506413.7454068783,1020443.3157983263,4960713.958448683,188858.7978490874,181.59282265608522,170.4612355472993,170.94167218380807,22164.285049253715,19256225.887978777,0.9766402775746501,0.01,0.9997000752089694,69071459.65820442,495667.2741315341,4937390.971961737,4907461.2923358325,10340519.538429104,24.000492823261258,1189.3721018814354,18.526994765590835,611.0384825224222,1348.8270593581055,372.4384252318592,429.96038464108,411.1746829001809,1998.8567294675245,76.09825564662222,0.10954180324579402,1.4328978346685235,0.6887877725928974,8.930817357264388,17791.43092610644,183130.69292603398,118915.94845536369,118915.94845536369,33667.948040391544,2646.0,7296.0,2,16.07123287671233,0.8154958098775729,0.18703517989527105,5.346587741193622,0.45274039674023453,0.3564412365813498,0.0005319016004993732,0.007140720170490583,0.009720120719956978,0.4353476542492876,0.1831453379882375,M2;M4;M6;Y1.5;Y4,2.0,48.0,5,wP,True,Thailand,/home/ctm/pertussis_transmission_analysis/outputs/calibrations/Thailand_calibrated_config.yaml,current,fitted_parameters_and_state_only,fe4b0945dbc60905bca91e1dac7a67bb5863846eea9d42ff0fc0dbee6b1fb742,fbaadbe47d956b3f84d024d1fe55f5b483b9cf95f7db1635c7b7f23a7bb227b0,True,state_reconstruction_accepted,23.27153549208217,22.994987753033243,True,Thailand,THA,1,contact_reduction_mean,Thailand,THA,2025,2025,True,False,exact_year,2025,low_imported_model_anchor,https://www.cdc.gov/pertussis/hcp/antibiotic-resistance/index.html,"No public Thailand-specific MRBP prevalence estimate was located in accessible surveillance material; CDC notes increasing MRBP globally, so keep a conservative low imported anchor pending numeric reporting.",Thailand,THA,3,relative_detection_prior_mean,True,0.0,prospective_policy,,,Thailand,0.1976821449825874,93.72113382937424,92.72113382937424,0.25,calibrated_country_scenario_analysis,True,False,0.33171816013952504,0.17859605996249173,0.15030513887353647,0.17843039922244275,0.17079207514297867,0.21753456837805363,0.1831453379882375,0.23049768414183958,0.18282515274925337,0.5649124993172367,0.5776667502361168,0.5770984764986
intervention_comparison,targeted_pep_high_risk,symptom_protective,country_timeline,targeted_pep_high_risk,2027-01-01,2051-01-01,2027,2051,4694253.948959777,23875247.11970827,395091.9865248783,107736.27562873285,217246.21577112353,531594.4526973865,586255.0057266215,1225585.7340527407,5900455.7169223875,238568.46027091006,412.3761393381412,398.62455540970967,399.2120468369091,36964.933304158934,23668949.125627168,0.991359335756956,0.01,0.99962720764417,69071459.65148373,495667.2740884045,4937390.970842797,4907461.289197782,10340519.534128984,24.000492823261258,1440.2208107307192,23.83303922648669,905.631568265029,1826.1725675987109,448.6036081095362,497.7479979707826,493.8342169270228,2377.5137450755856,96.12813325738381,0.24875667034806326,3.3508396234960083,1.6085742764451534,14.89455073180005,22998.960217543965,233004.36671196786,213484.43642413875,213484.43642413875,43522.51377238815,2289.0,7289.0,2,16.03287671232877,0.8066058328800758,0.1966159313628556,5.086057844186062,0.3321667436582905,0.24711138560871246,1.8438335519013718e-05,0.0072176590478567944,0.00982714312188355,0.31510350315303115,0.010863730874229538,M2;M4;M6;Y1.5;Y4,2.0,48.0,5,wP,True,Thailand,/home/ctm/pertussis_transmission_analysis/outputs/calibrations/Thailand_calibrated_config.yaml,current,fitted_parameters_and_state_only,fe4b0945dbc60905bca91e1dac7a67bb5863846eea9d42ff0fc0dbee6b1fb742,fbaadbe47d956b3f84d024d1fe55f5b483b9cf95f7db1635c7b7f23a7bb227b0,True,state_reconstruction_accepted,23.27153549208217,22.994987753033243,True,Thailand,THA,1,contact_reduction_mean,Thailand,THA,2025,2025,True,False,exact_year,2025,low_imported_model_anchor,https://www.cdc.gov/pertussis/hcp/antibiotic-resistance/index.html,"No public Thailand-specific MRBP prevalence estimate was located in accessible surveillance material; CDC notes increasing MRBP globally, so keep a conservative low imported anchor pending numeric reporting.",Thailand,THA,3,relative_detection_prior_mean,True,0.0,prospective_policy,4.086723819167002e-05,1.6177673822097892e-16,Thailand,0.1976821449825874,120.56242726719702,119.56242726719702,0.25,calibrated_country_scenario_analysis,,,0.009526980813339359,0.010615591279795167,0.01634213092824577,0.013268089804042038,0.013709582587984936,0.011581269375516956,0.010863730874229538,0.0101158277975808,-0.004437214168464765,0.01196698646158545,0.012371326645983172,0.012368484228313381
intervention_comparison,maternal_direct_antibody_only,symptom_protective,country_timeline,maternal_direct_antibody_only,2027-01-01,2051-01-01,2027,2051,4726177.909828125,24135524.7863123,389876.9166762609,94866.06132950619,209877.1294277056,536636.2656362787,596479.5350556464,1227981.862021431,5971707.598324969,232008.53620798592,237.38520711271087,223.608247510532,224.20024110313915,28700.41933905697,23562077.304809276,0.9762405215308085,0.01,0.9997373787272488,69071459.66223665,495667.2741123702,4937390.973340212,4907461.291037197,10340519.53848978,24.000492823261258,1455.9214778157805,23.518451814044464,797.4444948225064,1764.2279979343762,452.8583089299736,506.42892835554784,494.7997060727095,2406.2237853736256,93.4848950725524,0.14319730961356486,1.8796518320163544,0.9033864166092039,11.564469714358907,24566.47832437656,231195.24703636923,156198.25960826347,156198.25960826347,46488.836071928396,2289.0,7597.0,2,17.03013698630137,0.8071270946624127,0.19581831974535838,5.106774490254014,0.33294668689334944,0.24732845936833336,0.0005750556322385228,0.007195350800101659,0.009798593868686048,0.3153776865923232,8.059305828811425e-05,M2;M4;M6;Y1.5;Y4,2.0,48.0,5,wP,True,Thailand,/home/ctm/pertussis_transmission_analysis/outputs/calibrations/Thailand_calibrated_config.yaml,current,fitted_parameters_and_state_only,fe4b0945dbc60905bca91e1dac7a67bb5863846eea9d42ff0fc0dbee6b1fb742,fbaadbe47d956b3f84d024d1fe55f5b483b9cf95f7db1635c7b7f23a7bb227b0,True,state_reconstruction_accepted,23.27153549208217,22.994987753033243,True,Thailand,THA,1,contact_reduction_mean,Thailand,THA,2025,2025,True,False,exact_year,2025,low_imported_model_anchor,https://www.cdc.gov/pertussis/hcp/antibiotic-resistance/index.html,"No public Thailand-specific MRBP prevalence estimate was located in accessible surveillance material; CDC notes increasing MRBP globally, so keep a conservative low imported anchor pending numeric reporting.",Thailand,THA,3,relative_detection_prior_mean,True,0.0,prospective_policy,4.086723819167002e-05,1.6177673822097892e-16,Thailand,0.1976821449825874,118.97104726436503,117.97104726436503,0.25,calibrated_country_scenario_analysis,,,0.12784924450902835,0.0012319510102016817,-0.0008132684010697666,0.011338942081506542,0.0017994774670538893,0.038759848672652586,8.059305828811425e-05,0.023181937149690857,9.809635190005661e-05,0.43123668132338255,0.44599018338732244,0.4453393235211386
intervention_comparison,maternal_adult_boosting_only,symptom_protective,country_timeline,maternal_adult_boosting_only,2027-01-01,2051-01-01,2027,2051,3715580.6447713026,19805894.97074955,317885.0894078032,87662.89350274057,177001.7601146037,444016.08406051865,507388.6411203782,1039067.6186836375,4996414.387883693,199207.06225028454,334.53787362161995,323.3682764181731,323.8529820663819,30116.809321220895,19347296.076220885,0.9768453334117974,0.01,0.99970005437876,69071459.65824576,495667.27414768026,4937390.972366966,4907461.291492924,10340519.53800757,24.000492823261258,1194.7462560788094,19.17570607105352,736.8946369153119,1487.8775105563268,374.6976972690785,430.78810027327586,418.67910939008374,2013.2417644898808,80.26795745288052,0.20180247982546493,2.7182350378800852,1.3049244887127838,12.135186081781704,17470.461579843806,187506.90565315014,119922.10503480246,119922.10503480246,33060.55567734559,2646.0,7296.0,2,16.09041095890411,0.8149192303303262,0.1875997348394849,5.3304979394327265,0.45258785636102156,0.3565814297028939,1.8021126591624305e-05,0.007202723271693752,0.009803950543997571,0.43556316141873863,0.17945439643669547,M2;M4;M6;Y1.5;Y4,2.0,48.0,5,wP,True,Thailand,/home/ctm/pertussis_transmission_analysis/outputs/calibrations/Thailand_calibrated_config.yaml,current,fitted_parameters_and_state_only,fe4b0945dbc60905bca91e1dac7a67bb5863846eea9d42ff0fc0dbee6b1fb742,fbaadbe47d956b3f84d024d1fe55f5b483b9cf95f7db1635c7b7f23a7bb227b0,True,state_reconstruction_accepted,23.27153549208217,22.994987753033243,True,Thailand,THA,1,contact_reduction_mean,Thailand,THA,2025,2025,True,False,exact_year,2025,low_imported_model_anchor,https://www.cdc.gov/pertussis/hcp/antibiotic-resistance/index.html,"No public Thailand-specific MRBP prevalence estimate was located in accessible surveillance material; CDC notes increasing MRBP globally, so keep a conservative low imported anchor pending numeric reporting.",Thailand,THA,3,relative_detection_prior_mean,True,0.0,prospective_policy,4.086723819167002e-05,1.6177673822097892e-16,Thailand,0.1976821449825874,97.00272157985026,96.00272157985026,0.25,calibrated_country_scenario_analysis,,,0.1940715391210207,0.1736132900533618,0.14866939362489684,0.1634357779148644,0.16482457142148477,0.17466042503159962,0.17945439643669547,0.2035540347156065,0.17896041478872182,0.19846365517751263,0.1988256179667447,0.19880320721867017
intervention_comparison,maternal_cocooning_only,symptom_protective,country_timeline,maternal_cocooning_only,2027-01-01,2051-01-01,2027,2051,4737984.108850737,24152271.51118531,396367.96648208535,103607.88051893553,209258.309031006,537535.5304188628,596714.8985412942,1237858.3094790927,5977121.925372545,238410.68893951422,397.53724259438434,383.7572443779895,384.350721601367,35741.586866876256,23579836.695248492,0.9762989242783349,0.01,0.9997376122882857,69071459.65878664,495667.2740280058,4937390.972333707,4907461.292668312,10340519.539030023,24.000492823261258,1456.9316865598594,23.91000985715176,870.9282623965948,1759.0261914788966,453.6171834310513,506.62875881135386,498.7792952003936,2408.405419614377,96.06456125623288,0.23980543819870626,3.225864947282117,1.548692451810297,14.401618804260474,24631.81021345315,233507.3439930788,156645.3939597335,156645.3939597335,46612.468095381315,2289.0,7597.0,2,17.03013698630137,0.8067600541472257,0.1961713666003009,5.097583899884327,0.33234267265021367,0.24736625103554927,1.7590984307715483e-05,0.007157812694191171,0.009748254862527037,0.3154190141091878,-0.0006132130781639766,M2;M4;M6;Y1.5;Y4,2.0,48.0,5,wP,True,Thailand,/home/ctm/pertussis_transmission_analysis/outputs/calibrations/Thailand_calibrated_config.yaml,current,fitted_parameters_and_state_only,fe4b0945dbc60905bca91e1dac7a67bb5863846eea9d42ff0fc0dbee6b1fb742,fbaadbe47d956b3f84d024d1fe55f5b483b9cf95f7db1635c7b7f23a7bb227b0,True,state_reconstruction_accepted,23.27153549208217,22.994987753033243,True,Thailand,THA,1,contact_reduction_mean,Thailand,THA,2025,2025,True,False,exact_year,2025,low_imported_model_anchor,https://www.cdc.gov/pertussis/hcp/antibiotic-resistance/index.html,"No public Thailand-specific MRBP prevalence estimate was located in accessible surveillance material; CDC notes increasing MRBP globally, so keep a conservative low imported anchor pending numeric reporting.",Thailand,THA,3,relative_detection_prior_mean,True,0.0,prospective_policy,,,Thailand,0.1976821449825874,120.95179288578564,119.95179288578564,0.25,calibrated_country_scenario_analysis,True,False,0.04748136474700726,-0.0004417281463158229,-0.0012081770031080463,0.003387310796094556,0.0008944458661145349,0.012234935576531658,-0.0006132130781639766,0.006918920730959677,-0.0006555574146198673,0.04752025559798767,0.049206444983105335,0.04913469227501266
intervention_comparison,resistance_guided_treatment,symptom_protective,country_timeline,resistance_guided_treatment,2027-01-01,2051-01-01,2027,2051,2680827.741875069,13585065.262106914,218904.67308389617,56052.99077556195,112264.71914095875,282556.47872606304,338384.80351453595,676994.273016161,3214810.9488169756,128351.70832755894,210.67793169637034,202.7768579173859,203.08862074198998,19167.9047081867,11874604.86200688,0.8740925886553483,0.01,0.9967605378564415,69071459.67721266,495667.2744852892,4937390.973527564,4907461.28828771,10340519.536300562,24.000492823261258,819.4886360854691,13.20493413297272,471.1816665753792,943.6976819712527,238.4446548287606,287.29879809823416,272.786250133047,1295.3672705492902,51.7176918747872,0.12708674383827734,1.7045430856490262,0.8183198219695649,7.7234639297000465,4877.399706852718,270714.4069030099,384233.04886121565,384233.04886121565,9229.838826891131,3752.0,8024.0,7,3.167579908675799,0.8053463357467264,0.19733639037809808,5.067489063137276,0.307461528287006,0.2290755314382238,1.6172512808915808e-05,0.0067858871676045535,0.00922141143491066,0.29143805717168186,0.43717940585844994,M2;M4;M6;Y1.5;Y4,2.0,48.0,5,wP,True,Thailand,/home/ctm/pertussis_transmission_analysis/outputs/calibrations/Thailand_calibrated_config.yaml,current,fitted_parameters_and_state_only,fe4b0945dbc60905bca91e1dac7a67bb5863846eea9d42ff0fc0dbee6b1fb742,fbaadbe47d956b3f84d024d1fe55f5b483b9cf95f7db1635c7b7f23a7bb227b0,True,state_reconstruction_accepted,23.27153549208217,22.994987753033243,True,Thailand,THA,1,contact_reduction_mean,Thailand,THA,2025,2025,True,False,exact_year,2025,low_imported_model_anchor,https://www.cdc.gov/pertussis/hcp/antibiotic-resistance/index.html,"No public Thailand-specific MRBP prevalence estimate was located in accessible surveillance material; CDC notes increasing MRBP globally, so keep a conservative low imported anchor pending numeric reporting.",Thailand,THA,3,relative_detection_prior_mean,True,0.0,prospective_policy,4.086723819167002e-05,1.6177673822097892e-16,Thailand,0.1976821449825874,66.79882057196345,65.79882057196345,0.25,calibrated_country_scenario_analysis,,,0.4846770534445114,0.4741160800005778,0.4322353387177945,0.45494482055042107,0.4626284163923473,0.46822294751558546,0.43717940585844994,0.45154475793639237,0.49607838676574734,0.495226003924247,0.49760185002650825,0.49756846285419143
intervention_comparison,transmission_blocking_vaccine,transmission_blocking,country_timeline,transmission_blocking_vaccine,2027-01-01,2051-01-01,2027,2051,2528525.9714003764,12674081.929800611,202123.9163924663,52868.90531279662,102542.30931225192,246493.51102936157,294561.8986481856,593924.3149903438,2678676.9608174087,114630.96863656121,203.60354778305756,196.34512862619542,196.63341155010363,18212.352081360757,12313554.433845252,0.9715539557064367,0.01,0.9710300209277805,69071459.64698,495667.2737972383,4937390.970619248,4907461.290434577,10340519.534851063,24.000492823261258,764.5356071865542,12.192672573994447,444.4162319477808,861.9710669277754,208.0117237252532,250.09184375651307,239.31426487546898,1079.3388846646158,46.18909396169039,0.12281928023807986,1.650477945572964,0.7923093759149038,7.3384361272949885,11170.223008577399,113347.26689624615,79661.28480992999,79661.28480992999,21138.181035197842,3738.0,6890.0,3,7.997260273972603,0.8033155666681363,0.19950367887831347,5.012438896477424,0.2822943163012378,0.21839022537098593,1.4823960572811653e-05,0.006299626165543104,0.008289670644800766,0.2676901955303211,0.4749208646184474,M2;M4;M6;Y1.5;Y4,2.0,48.0,5,wP,True,Thailand,/home/ctm/pertussis_transmission_analysis/outputs/calibrations/Thailand_calibrated_config.yaml,current,fitted_parameters_and_state_only,fe4b0945dbc60905bca91e1dac7a67bb5863846eea9d42ff0fc0dbee6b1fb742,fbaadbe47d956b3f84d024d1fe55f5b483b9cf95f7db1635c7b7f23a7bb227b0,True,state_reconstruction_accepted,23.27153549208217,22.994987753033243,True,Thailand,THA,1,contact_reduction_mean,Thailand,THA,2025,2025,True,False,exact_year,2025,low_imported_model_anchor,https://www.cdc.gov/pertussis/hcp/antibiotic-resistance/index.html,"No public Thailand-specific MRBP prevalence estimate was located in accessible surveillance material; CDC notes increasing MRBP globally, so keep a conservative low imported anchor pending numeric reporting.",Thailand,THA,3,relative_detection_prior_mean,True,0.0,prospective_policy,4.086723819167002e-05,1.6177673822097892e-16,Thailand,0.1976821449825874,61.67816812726523,60.67816812726523,0.25,calibrated_country_scenario_analysis,,,0.513949930414211,0.5412351738704455,0.5057643402551727,0.5218253137588917,0.5522458697182522,0.5250696744182305,0.4749208646184474,0.49358814533215345,0.47745072050318393,0.5121758809661547,0.513537045641093,0.5135383417426674
intervention_comparison,next_generation_vaccine,next_generation,country_timeline,next_generation_vaccine,2027-01-01,2051-01-01,2027,2051,2238108.8332273914,10860930.538281329,166060.76412716485,42241.73009723493,73720.36071051052,171941.16212147605,228348.68584035643,442531.5780590675,1723561.185009591,85076.15936543871,174.51189430852756,167.24764881171865,167.4744714567868,15113.10193411626,10567680.920831148,0.9729995863230531,0.01,0.8026415137151147,69071459.66435641,495667.2741808996,4937390.9724628525,4907461.293030616,10340519.539674366,24.000492823261258,655.1613101129445,10.017243679115392,355.0841538172276,619.6936498987269,145.09825167201387,193.87484971092394,178.3124828619117,694.4871044263813,34.280358647721634,0.10527039179790126,1.4058844114464273,0.6748171272301846,6.089632612065778,8179.929774425091,93081.22212680813,67784.20510363912,67784.20510363912,15479.443547163582,5201.0,3759.0,3,2.9438356164383563,0.796484766067376,0.20606971247433808,4.852726720451606,0.19789911224001414,0.17749200757949948,7.610308284176348e-06,0.0053255757331631196,0.00597393299442491,0.18659199320414196,0.5500385709933959,M2;M4;M6;Y1.5;Y4,2.0,48.0,5,wP,True,Thailand,/home/ctm/pertussis_transmission_analysis/outputs/calibrations/Thailand_calibrated_config.yaml,current,fitted_parameters_and_state_only,fe4b0945dbc60905bca91e1dac7a67bb5863846eea9d42ff0fc0dbee6b1fb742,fbaadbe47d956b3f84d024d1fe55f5b483b9cf95f7db1635c7b7f23a7bb227b0,True,state_reconstruction_accepted,23.27153549208217,22.994987753033243,True,Thailand,THA,1,contact_reduction_mean,Thailand,THA,2025,2025,True,False,exact_year,2025,low_imported_model_anchor,https://www.cdc.gov/pertussis/hcp/antibiotic-resistance/index.html,"No public Thailand-specific MRBP prevalence estimate was located in accessible surveillance material; CDC notes increasing MRBP globally, so keep a conservative low imported anchor pending numeric reporting.",Thailand,THA,3,relative_detection_prior_mean,True,0.0,prospective_policy,4.086723819167002e-05,1.6177673822097892e-16,Thailand,0.1976821449825874,50.67348738044981,49.67348738044981,0.25,calibrated_country_scenario_analysis,,,0.6116508232634883,0.6799893148676985,0.6168612983685083,0.643713191817012,0.7118982054686239,0.6475189161597368,0.5500385709933959,0.5839426573057842,0.5515402087349912,0.581878056502761,0.5856287043137012,0.5856761653149689
intervention_comparison,combined_strategy,transmission_blocking,country_timeline,combined_strategy,2027-01-01,2051-01-01,2027,2051,265368.59567964403,1374927.2374532092,19768.609654649186,3997.42259847268,8232.052737911785,24866.83011085351,27860.430617724458,56724.68332705065,259979.03976005138,10529.632177779506,10.342408800641318,9.394399780267506,9.423687422504877,1236.9506298641354,822666.1302733612,0.5983343029826026,0.01,0.990017536280719,69071459.66211511,495667.2741176282,4937390.9742017295,4907461.297227144,10340519.5455465,24.000492823261258,82.93940625566248,1.1924971028238562,33.60235051316317,69.19866857405691,20.984699230367912,23.654337113419054,22.856491195998004,104.75525441295731,4.242781643767143,0.006238826476137222,0.07896936250821798,0.03797155241298709,0.49841355690550654,518.6152579965537,23740.547234016332,34183.588701210116,34183.588701210116,981.4113115853805,8498.0,8710.0,8,3.2986301369863016,0.8084435647713314,0.19300555582213122,5.181198000961037,0.34474412986640773,0.28085005081398473,0.00039492314326068753,0.0054089778830554896,0.007085659908787485,0.33185456893130405,0.94303764098629,M2;M4;M6;Y1.5;Y4,2.0,48.0,5,wP,True,Thailand,/home/ctm/pertussis_transmission_analysis/outputs/calibrations/Thailand_calibrated_config.yaml,current,fitted_parameters_and_state_only,fe4b0945dbc60905bca91e1dac7a67bb5863846eea9d42ff0fc0dbee6b1fb742,fbaadbe47d956b3f84d024d1fe55f5b483b9cf95f7db1635c7b7f23a7bb227b0,True,state_reconstruction_accepted,23.27153549208217,22.994987753033243,True,Thailand,THA,1,contact_reduction_mean,Thailand,THA,2025,2025,True,False,exact_year,2025,low_imported_model_anchor,https://www.cdc.gov/pertussis/hcp/antibiotic-resistance/index.html,"No public Thailand-specific MRBP prevalence estimate was located in accessible surveillance material; CDC notes increasing MRBP globally, so keep a conservative low imported anchor pending numeric reporting.",Thailand,THA,3,relative_detection_prior_mean,True,0.0,prospective_policy,,,Thailand,0.1976821449825874,6.032396617959077,5.032396617959077,0.25,calibrated_country_scenario_analysis,True,False,0.9632497113254741,0.9537187533068975,0.9532539056465956,0.9543303633688079,0.956543214974409,0.9563744274524599,0.94303764098629,0.9504706891787263,0.9650885862445052,0.9752200955396094,0.9767245181812578,0.9766862479051156
