analysis,scenario,vaccine_scenario,resistance_scenario,intervention,calendar_start_date,calendar_end_date,calendar_start_year,calendar_end_year,total_symptomatic_cases,total_infections,total_reported_cases,total_infant_cases,total_infant_infections,total_child_1_9_cases,total_adolescent_cases,total_child_adolescent_cases,total_child_adolescent_infections,total_child_adolescent_reported_cases,total_deaths,total_infant_deaths,total_child_adolescent_deaths,total_child_adolescent_hospitalizations,resistant_infections,resistant_fraction,resistant_fraction_start,resistant_fraction_end,total_population,infant_population,child_1_9_population,adolescent_population,child_adolescent_population,analysis_years,annualized_infections_per_100k,annualized_reported_cases_per_100k,annualized_infant_cases_per_100k,annualized_infant_infections_per_100k,annualized_child_1_9_cases_per_100k,annualized_adolescent_cases_per_100k,annualized_child_adolescent_cases_per_100k,annualized_child_adolescent_infections_per_100k,annualized_child_adolescent_reported_cases_per_100k,annualized_deaths_per_million,annualized_infant_deaths_per_100k,annualized_child_adolescent_deaths_per_million,annualized_child_adolescent_hospitalizations_per_100k,peak_incidence_per_100k_year,treated_cases,PEP_FOI_reduction_case_proxy,PEP_averted_cases,peak_incidence,time_to_peak,outbreak_duration,n_epidemic_peaks,mean_peak_interval_years,proportion_asymptomatic,case_to_infection_ratio,mean_infection_to_case_ratio,vaccinated_origin_infection_share,waned_origin_infection_share,maternal_origin_infection_share,dose1_origin_infection_share,dose2_origin_infection_share,dose3plus_origin_infection_share,relative_reduction_vs_baseline,routine_age_pattern,routine_first_shot_months,routine_last_shot_months,routine_dose_count,routine_scheduler_code,calibration_loaded,calibration_country,calibration_artifact_path,calibration_hash_status,calibration_overlay_mode,calibration_config_hash,calibration_calibration_config_hash,calibration_accepted,calibration_calibration_status,calibration_fit_score,calibration_data_fit_score,calibration_optimizer_success,npi_contact_reduction_country,npi_contact_reduction_iso3,npi_contact_reduction_periods_loaded,npi_contact_reduction_reduction_column,resistance_timeline_country,resistance_timeline_iso3,resistance_timeline_anchor_year,resistance_timeline_configured_anchor_year,resistance_timeline_applied,resistance_timeline_allows_future_evidence,resistance_timeline_method,resistance_timeline_evidence_years,resistance_timeline_evidence_type,resistance_timeline_source,resistance_timeline_notes,diagnostic_standard_country,diagnostic_standard_iso3,diagnostic_standard_periods_loaded,diagnostic_standard_multiplier_column,prospective_policy,policy_start_time,simulation_phase,contact_reciprocity_error_before,contact_reciprocity_error_after,country,strategy,maternal_protection_duration_days,observed_mean_annual_reported_incidence_per_100k,model_to_observed_reported_incidence_ratio,absolute_fit_relative_error,absolute_fit_relative_tolerance,absolute_fit_status,contact_matrix_directional_intervention,contact_matrix_reciprocity_correction_after_intervention
maternal_duration_sensitivity,current_maternal_duration_90d,symptom_protective,country_timeline,current,2027-01-01,2032-01-01,2027,2032,182068.8699597121,541787.1387300168,21244.443076048738,22336.536682254355,32241.911346799177,39422.63369964877,13231.395551953241,74990.56593385637,176088.28479454629,17769.883650124688,92.89503814281467,92.23127269655326,92.30360234389286,7570.777463820338,34445.440056217834,0.0635774413858552,0.043,0.053752086779045596,27785451.402734786,288908.1207169838,2837781.242812575,2617463.192338805,5744152.555868365,4.999418194761015,390.0243916371461,15.29355422837915,1546.452625291204,2232.243483219869,277.8735788201655,101.11267573051812,261.132663872392,613.1758350200739,61.87841092374723,0.6687373720736395,6.385559938163986,3.214202381982103,26.36301329498196,18314.774903607627,25355.222663077002,31505.197404650666,31505.197404650666,13942.035288663465,0.0,150.0,1,,0.8075822720380345,0.3360524031384226,2.9757263767820525,0.7231047510303812,0.5602804028722338,0.004643917059080589,0.02435982038563206,0.03449849552131446,0.6596025180643541,,M2;M4;M6;M18;Y4;Y12-Y13,2.0,156.0,6,aP,True,Australia,/home/ctm/pertussis_transmission_analysis/outputs/calibrations/Australia_calibrated_config.yaml,current,fitted_parameters_and_state_only,fe4b0945dbc60905bca91e1dac7a67bb5863846eea9d42ff0fc0dbee6b1fb742,fbaadbe47d956b3f84d024d1fe55f5b483b9cf95f7db1635c7b7f23a7bb227b0,True,state_reconstruction_accepted,45.309268873949655,43.43914907044321,True,Australia,AUS,1,contact_reduction_mean,Australia,AUS,2025,2025,True,False,nearest_past_year,2024,measured_national_genomic_surveillance_fraction,https://doi.org/10.1016/j.lanmic.2025.101286,Nationwide Australian tNGS study of 2024-positive respiratory specimens estimated macrolide resistance at 8/188 (4.3%).,Australia,AUS,3,relative_detection_prior_mean,True,0.0,prospective_policy,1.5769242865424038e-05,1.502232944079048e-16,Australia,current,90.0,54.978665659530755,0.2781725246496221,0.721827475350378,0.25,calibrated_country_scenario_analysis,,
maternal_duration_sensitivity,maternal_direct_antibody_only_maternal_duration_90d,symptom_protective,country_timeline,maternal_direct_antibody_only,2027-01-01,2032-01-01,2027,2032,180726.76636095106,539151.4410128315,20697.723646843053,21248.77347811516,30775.18284717916,39303.18806858784,13222.935024294313,73774.89657099731,174097.89232963228,17227.32194366801,82.55256588945522,81.88983215305528,81.9618762625392,7004.165293944092,34196.32710241501,0.06342619995260507,0.043,0.05292990559938069,27785451.408158027,288908.12072049204,2837781.244124298,2617463.1933333087,5744152.558178098,4.999418194761015,388.12699251811625,14.89997915229369,1471.1421916700558,2130.6956841285823,277.0316566320533,101.04802139422213,256.89945156222035,606.2448764611858,59.98909879805864,0.5942834737330384,5.669578400523521,2.854082084763572,24.38995249466401,18290.19182969583,25046.440178558212,31118.63862482716,31118.63862482716,13923.321543284996,0.0,150.0,1,,0.8089969547623072,0.3352059414353858,2.983240678007969,0.7252700771031225,0.561806758022147,0.005151422885028389,0.024346567102705028,0.03448079628762309,0.6612912908277659,,M2;M4;M6;M18;Y4;Y12-Y13,2.0,156.0,6,aP,True,Australia,/home/ctm/pertussis_transmission_analysis/outputs/calibrations/Australia_calibrated_config.yaml,current,fitted_parameters_and_state_only,fe4b0945dbc60905bca91e1dac7a67bb5863846eea9d42ff0fc0dbee6b1fb742,fbaadbe47d956b3f84d024d1fe55f5b483b9cf95f7db1635c7b7f23a7bb227b0,True,state_reconstruction_accepted,45.309268873949655,43.43914907044321,True,Australia,AUS,1,contact_reduction_mean,Australia,AUS,2025,2025,True,False,nearest_past_year,2024,measured_national_genomic_surveillance_fraction,https://doi.org/10.1016/j.lanmic.2025.101286,Nationwide Australian tNGS study of 2024-positive respiratory specimens estimated macrolide resistance at 8/188 (4.3%).,Australia,AUS,3,relative_detection_prior_mean,True,0.0,prospective_policy,1.5769242865424038e-05,1.502232944079048e-16,Australia,maternal_direct_antibody_only,90.0,54.978665659530755,0.2710138373412983,0.7289861626587018,0.25,calibrated_country_scenario_analysis,,
maternal_duration_sensitivity,maternal_immunization_maternal_duration_90d,symptom_protective,country_timeline,maternal_immunization,2027-01-01,2032-01-01,2027,2032,180355.86257140982,537972.7312519953,20567.14270355391,20970.891194665943,30005.876828032877,39258.943203074494,13220.020213615806,73449.85461135625,173151.40965557465,17098.251215912187,81.4830076517996,80.82065730992397,80.89259010033896,6916.3624493960915,34101.3724898208,0.06338866360467471,0.043,0.05275996257807884,27785451.408151843,288908.1207217407,2837781.2441060767,2617463.193345679,5744152.558173496,4.999418194761015,387.2784571351463,14.805975900253769,1451.9032293810492,2077.433384333808,276.7197931694914,101.02574677383159,255.76758821801326,602.9490279931514,59.53964782339304,0.5865838852590212,5.595554917514652,2.816847328581798,24.084204826324637,18266.416488957755,24955.273397409346,30984.842962597915,30984.842962597915,13905.22267821916,0.0,150.0,1,,0.8093902900808505,0.3352509376296401,2.982840278003113,0.7255328858210357,0.5625061206565234,0.005023496940087396,0.024220446383915156,0.03430626657024434,0.6619826759267887,,M2;M4;M6;M18;Y4;Y12-Y13,2.0,156.0,6,aP,True,Australia,/home/ctm/pertussis_transmission_analysis/outputs/calibrations/Australia_calibrated_config.yaml,current,fitted_parameters_and_state_only,fe4b0945dbc60905bca91e1dac7a67bb5863846eea9d42ff0fc0dbee6b1fb742,fbaadbe47d956b3f84d024d1fe55f5b483b9cf95f7db1635c7b7f23a7bb227b0,True,state_reconstruction_accepted,45.309268873949655,43.43914907044321,True,Australia,AUS,1,contact_reduction_mean,Australia,AUS,2025,2025,True,False,nearest_past_year,2024,measured_national_genomic_surveillance_fraction,https://doi.org/10.1016/j.lanmic.2025.101286,Nationwide Australian tNGS study of 2024-positive respiratory specimens estimated macrolide resistance at 8/188 (4.3%).,Australia,AUS,3,relative_detection_prior_mean,True,0.0,prospective_policy,,,Australia,maternal_immunization,90.0,54.978665659530755,0.2693040240726013,0.7306959759273988,0.25,calibrated_country_scenario_analysis,True,False
maternal_duration_sensitivity,current_maternal_duration_180d,symptom_protective,country_timeline,current,2027-01-01,2032-01-01,2027,2032,181866.4372304881,541559.2909998616,21160.965664119874,22169.51250419852,32178.367378679708,39405.57508145911,13230.20858347369,74805.29616913132,175949.718720019,17686.97111373767,90.53009200160149,89.86646966107692,89.93875640706332,7461.380566132189,34417.63404574165,0.06355284567678196,0.043,0.0535578715988809,27785451.402493313,288908.1207173628,2837781.2427470456,2617463.1923002787,5744152.555764686,4.999418194761015,389.86036749528046,15.233460098408496,1534.8888371193457,2227.84406634594,277.75333979531104,101.10360506682177,260.4875162295838,612.693319294479,61.589692321051366,0.6517124814157224,6.221834651889113,3.131853554363856,25.98207066677575,18314.774903766796,25311.40065628748,31447.424307001424,31447.424307001424,13942.035288663465,0.0,150.0,1,,0.8078548857542359,0.3358199928482708,2.977785781955564,0.7238364933609097,0.5603475014762987,0.005333624108763409,0.024351034240539304,0.03448634753971774,0.6596654874718892,,M2;M4;M6;M18;Y4;Y12-Y13,2.0,156.0,6,aP,True,Australia,/home/ctm/pertussis_transmission_analysis/outputs/calibrations/Australia_calibrated_config.yaml,current,fitted_parameters_and_state_only,fe4b0945dbc60905bca91e1dac7a67bb5863846eea9d42ff0fc0dbee6b1fb742,fbaadbe47d956b3f84d024d1fe55f5b483b9cf95f7db1635c7b7f23a7bb227b0,True,state_reconstruction_accepted,45.309268873949655,43.43914907044321,True,Australia,AUS,1,contact_reduction_mean,Australia,AUS,2025,2025,True,False,nearest_past_year,2024,measured_national_genomic_surveillance_fraction,https://doi.org/10.1016/j.lanmic.2025.101286,Nationwide Australian tNGS study of 2024-positive respiratory specimens estimated macrolide resistance at 8/188 (4.3%).,Australia,AUS,3,relative_detection_prior_mean,True,0.0,prospective_policy,1.5769242865424038e-05,1.502232944079048e-16,Australia,current,180.0,54.978665659530755,0.2770794801158969,0.7229205198841031,0.25,calibrated_country_scenario_analysis,,
maternal_duration_sensitivity,maternal_direct_antibody_only_maternal_duration_180d,symptom_protective,country_timeline,maternal_direct_antibody_only,2027-01-01,2032-01-01,2027,2032,180372.81312710926,538626.7325792543,20552.630211764565,20959.20824997085,30550.373666842792,39272.11911864418,13220.761281087938,73452.08864970297,173735.8559504044,17083.253769655115,79.01763369722502,78.35515821018971,78.42712551989572,6830.821908336503,34136.9466743824,0.0633777430817722,0.043,0.05255709304059846,27785451.408036694,288908.1207219175,2837781.2440749146,2617463.1933272495,5744152.558124082,4.999418194761015,387.74926283055805,14.795528576309861,1451.094369853209,2115.1311965674545,276.81266466457316,101.03140991980081,255.775367603889,604.9841909004814,59.487423613538446,0.5688360299162425,5.424858018094357,2.7309947516446544,23.78633496691633,18290.191829775697,24968.3633798579,31016.55930089222,31016.55930089222,13923.321543284996,0.0,150.0,1,,0.8094406019828635,0.33487534542405756,2.986185796191372,0.7262650799396632,0.5620439253285411,0.005923701873062305,0.02433510205187296,0.03446511923828164,0.6615411567764463,,M2;M4;M6;M18;Y4;Y12-Y13,2.0,156.0,6,aP,True,Australia,/home/ctm/pertussis_transmission_analysis/outputs/calibrations/Australia_calibrated_config.yaml,current,fitted_parameters_and_state_only,fe4b0945dbc60905bca91e1dac7a67bb5863846eea9d42ff0fc0dbee6b1fb742,fbaadbe47d956b3f84d024d1fe55f5b483b9cf95f7db1635c7b7f23a7bb227b0,True,state_reconstruction_accepted,45.309268873949655,43.43914907044321,True,Australia,AUS,1,contact_reduction_mean,Australia,AUS,2025,2025,True,False,nearest_past_year,2024,measured_national_genomic_surveillance_fraction,https://doi.org/10.1016/j.lanmic.2025.101286,Nationwide Australian tNGS study of 2024-positive respiratory specimens estimated macrolide resistance at 8/188 (4.3%).,Australia,AUS,3,relative_detection_prior_mean,True,0.0,prospective_policy,1.5769242865424038e-05,1.502232944079048e-16,Australia,maternal_direct_antibody_only,180.0,54.978665659530755,0.2691139990179991,0.7308860009820008,0.25,calibrated_country_scenario_analysis,,
maternal_duration_sensitivity,maternal_immunization_maternal_duration_180d,symptom_protective,country_timeline,maternal_immunization,2027-01-01,2032-01-01,2027,2032,180011.2000350933,537461.5517029801,20425.866843525317,20688.948692645183,29786.799536871586,39228.6507484391,13217.901369034593,73135.50081011887,172798.54512318308,16957.973092021624,78.04233700226413,77.38023804891384,77.45209596646194,6747.621151820373,34043.62460715745,0.06334150693996272,0.043,0.05239529819943329,27785451.406847633,288908.12078662694,2837781.2429149607,2617463.1938136676,5744152.557515255,4.999418194761015,386.9104667040499,14.70427353960869,1432.383160723491,2062.2657391783628,276.50627450237965,101.0095548095676,254.67294328138908,601.7202807637605,59.05117038364785,0.5618150160982638,5.35736018299672,2.6970422058506456,23.49661272359937,18266.416489815158,24879.24182263023,30885.439418272785,30885.439418272785,13905.22267821916,0.0,150.0,1,,0.8098234486986005,0.33492851621612135,2.985711731260064,0.7265038670822666,0.56273843345535,0.005776716586128455,0.024209085219299032,0.03429073357947166,0.6622273316973675,,M2;M4;M6;M18;Y4;Y12-Y13,2.0,156.0,6,aP,True,Australia,/home/ctm/pertussis_transmission_analysis/outputs/calibrations/Australia_calibrated_config.yaml,current,fitted_parameters_and_state_only,fe4b0945dbc60905bca91e1dac7a67bb5863846eea9d42ff0fc0dbee6b1fb742,fbaadbe47d956b3f84d024d1fe55f5b483b9cf95f7db1635c7b7f23a7bb227b0,True,state_reconstruction_accepted,45.309268873949655,43.43914907044321,True,Australia,AUS,1,contact_reduction_mean,Australia,AUS,2025,2025,True,False,nearest_past_year,2024,measured_national_genomic_surveillance_fraction,https://doi.org/10.1016/j.lanmic.2025.101286,Nationwide Australian tNGS study of 2024-positive respiratory specimens estimated macrolide resistance at 8/188 (4.3%).,Australia,AUS,3,relative_detection_prior_mean,True,0.0,prospective_policy,,,Australia,maternal_immunization,180.0,54.978665659530755,0.26745417269070537,0.7325458273092946,0.25,calibrated_country_scenario_analysis,True,False
maternal_duration_sensitivity,current_maternal_duration_270d,symptom_protective,country_timeline,current,2027-01-01,2032-01-01,2027,2032,181788.28786212427,541470.5823026953,21128.783239529614,22105.148678815214,32153.571303697987,39398.91634453472,13229.740990310807,74733.80601366074,175895.6498826953,17655.007899963413,89.61977356648414,88.9562067082434,89.02847673102698,7419.2580444326395,34406.60460806487,0.06354288807666145,0.043,0.053470493255649135,27785451.408165243,288908.12071225897,2837781.2442360343,2617463.193245842,5744152.558194135,4.999418194761015,389.7965073622459,15.210292453115247,1530.4326580997558,2226.1273295518963,277.70640501114286,101.10003174162625,260.2385726090034,612.5050401586449,61.478389772458776,0.6451592361352364,6.15881330929212,3.1001557316378747,25.83539132140662,18314.774900028144,25294.549492635182,31425.08002334746,31425.08002334746,13942.035288663465,0.0,150.0,1,,0.807960708713994,0.335730681968056,2.978577930792598,0.7241216332445278,0.5603736768158273,0.005602426220873354,0.024347576301898707,0.03448157431020232,0.6596900564115533,,M2;M4;M6;M18;Y4;Y12-Y13,2.0,156.0,6,aP,True,Australia,/home/ctm/pertussis_transmission_analysis/outputs/calibrations/Australia_calibrated_config.yaml,current,fitted_parameters_and_state_only,fe4b0945dbc60905bca91e1dac7a67bb5863846eea9d42ff0fc0dbee6b1fb742,fbaadbe47d956b3f84d024d1fe55f5b483b9cf95f7db1635c7b7f23a7bb227b0,True,state_reconstruction_accepted,45.309268873949655,43.43914907044321,True,Australia,AUS,1,contact_reduction_mean,Australia,AUS,2025,2025,True,False,nearest_past_year,2024,measured_national_genomic_surveillance_fraction,https://doi.org/10.1016/j.lanmic.2025.101286,Nationwide Australian tNGS study of 2024-positive respiratory specimens estimated macrolide resistance at 8/188 (4.3%).,Australia,AUS,3,relative_detection_prior_mean,True,0.0,prospective_policy,1.5769242865424038e-05,1.502232944079048e-16,Australia,current,270.0,54.978665659530755,0.2766580867442076,0.7233419132557923,0.25,calibrated_country_scenario_analysis,,
maternal_duration_sensitivity,maternal_direct_antibody_only_maternal_duration_270d,symptom_protective,country_timeline,maternal_direct_antibody_only,2027-01-01,2032-01-01,2027,2032,180236.49950279365,538423.0076613915,20496.832128508337,20847.901498772866,30463.17484229329,39260.009088745515,13219.908712857918,73327.8193003763,173595.12651934967,17027.852227875206,77.66069528817133,76.9983196893857,77.0702571041973,6764.251392657909,34113.5712627165,0.06335830894538994,0.043,0.052389174122089745,27785451.407450918,288908.1207952015,2837781.242951397,2617463.194012557,5744152.5577591555,4.999418194761015,387.6026043423285,14.755360377864154,1443.3881337331486,2109.0940537009187,276.7273062622769,101.02489467319772,255.34263603833782,604.4941419474619,59.29450398799226,0.5590676349340128,5.3309183643059965,2.683745786646785,23.554522661475144,18290.191830161293,24938.375467875718,30977.21836533074,30977.21836533074,13923.321543284996,0.0,150.0,1,,0.8096122272433862,0.33474888134078856,2.9873139411090595,0.7266554278228146,0.5621360235120129,0.0062278332405305585,0.024330554900331938,0.03445891463649482,0.6616381250454573,,M2;M4;M6;M18;Y4;Y12-Y13,2.0,156.0,6,aP,True,Australia,/home/ctm/pertussis_transmission_analysis/outputs/calibrations/Australia_calibrated_config.yaml,current,fitted_parameters_and_state_only,fe4b0945dbc60905bca91e1dac7a67bb5863846eea9d42ff0fc0dbee6b1fb742,fbaadbe47d956b3f84d024d1fe55f5b483b9cf95f7db1635c7b7f23a7bb227b0,True,state_reconstruction_accepted,45.309268873949655,43.43914907044321,True,Australia,AUS,1,contact_reduction_mean,Australia,AUS,2025,2025,True,False,nearest_past_year,2024,measured_national_genomic_surveillance_fraction,https://doi.org/10.1016/j.lanmic.2025.101286,Nationwide Australian tNGS study of 2024-positive respiratory specimens estimated macrolide resistance at 8/188 (4.3%).,Australia,AUS,3,relative_detection_prior_mean,True,0.0,prospective_policy,1.5769242865424038e-05,1.502232944079048e-16,Australia,maternal_direct_antibody_only,270.0,54.978665659530755,0.2683833847340065,0.7316166152659935,0.25,calibrated_country_scenario_analysis,,
maternal_duration_sensitivity,maternal_immunization_maternal_duration_270d,symptom_protective,country_timeline,maternal_immunization,2027-01-01,2032-01-01,2027,2032,179878.5555710098,537263.4050036623,20371.55522660444,20580.597936777398,29701.864555961503,39216.873931102105,13217.075439026856,73014.54730690636,172661.56245231442,16904.046386644586,76.72175657671374,76.05975466297477,76.1315834906967,6682.828961326876,34020.91502204894,0.06332259875733957,0.043,0.05223519170581088,27785451.40690157,288908.1207847596,2837781.242953362,2617463.193803073,5744152.557541195,4.999418194761015,386.76782388230856,14.66517542552216,1424.8815810022695,2056.3853323029643,276.4232646620727,101.00324315579954,254.25175816053684,601.2432787636261,58.863386439501,0.5523083567435884,5.265937549907466,2.6510592297029034,23.270992912706788,18266.416489779698,24850.051940483885,30847.136906194217,30847.136906194217,13905.22267821916,0.0,150.0,1,,0.8099909808961425,0.3348051512456607,2.986811870365333,0.7268847892894961,0.5628286152507627,0.006073330532259114,0.024204594789409773,0.034284606075781654,0.6623222578920456,,M2;M4;M6;M18;Y4;Y12-Y13,2.0,156.0,6,aP,True,Australia,/home/ctm/pertussis_transmission_analysis/outputs/calibrations/Australia_calibrated_config.yaml,current,fitted_parameters_and_state_only,fe4b0945dbc60905bca91e1dac7a67bb5863846eea9d42ff0fc0dbee6b1fb742,fbaadbe47d956b3f84d024d1fe55f5b483b9cf95f7db1635c7b7f23a7bb227b0,True,state_reconstruction_accepted,45.309268873949655,43.43914907044321,True,Australia,AUS,1,contact_reduction_mean,Australia,AUS,2025,2025,True,False,nearest_past_year,2024,measured_national_genomic_surveillance_fraction,https://doi.org/10.1016/j.lanmic.2025.101286,Nationwide Australian tNGS study of 2024-positive respiratory specimens estimated macrolide resistance at 8/188 (4.3%).,Australia,AUS,3,relative_detection_prior_mean,True,0.0,prospective_policy,,,Australia,maternal_immunization,270.0,54.978665659530755,0.26674302203585576,0.7332569779641442,0.25,calibrated_country_scenario_analysis,True,False
maternal_duration_sensitivity,current_maternal_duration_90d,symptom_protective,country_timeline,current,2027-01-01,2032-01-01,2027,2032,3745693.722307532,13154097.815568054,666618.4801111263,205022.61686424393,284096.3773679596,376216.96025416313,233510.35824327602,814749.9353616831,2355829.1142234495,421572.0249201058,1149.8077265656775,1135.7333898841523,1136.2595165728474,79670.95712658731,13126604.647660024,0.9979099161118073,0.997,0.997038301407169,1396459581.915083,8001977.128358906,88597357.10352392,133092917.56468752,229692251.79657033,4.999418194761015,188.41402628004576,9.54837599594039,512.4895335188841,710.148090676832,84.93723845706499,35.093908404524846,70.95100032128575,205.1530475617183,36.71182479109184,0.16469385148843046,2.8389622768738563,0.9894907115228659,6.937998837859721,8088.6255066757085,464279.454456932,73175.6581466788,73175.6581466788,309464.071049864,0.0,180.0,1,,0.8174121241088073,0.28475489348075644,3.511792151405396,0.5335580765786236,0.44248614092279337,8.828453454873776e-05,0.006933602759421197,0.009835704771790904,0.5167004845128629,,M3;M4;M5;M18,3.0,18.0,4,aP,True,China,/home/ctm/pertussis_transmission_analysis/outputs/calibrations/China_calibrated_config.yaml,current,fitted_parameters_and_state_only,fe4b0945dbc60905bca91e1dac7a67bb5863846eea9d42ff0fc0dbee6b1fb742,fbaadbe47d956b3f84d024d1fe55f5b483b9cf95f7db1635c7b7f23a7bb227b0,True,state_reconstruction_accepted,60.94514257549577,56.10620773765417,True,China,CHN,1,contact_reduction_mean,China,CHN,2025,2025,True,False,nearest_past_year,2024,measured_multicenter_isolate_fraction,https://www.sciencedirect.com/science/article/pii/S2666606525001658,Five sentinel hospitals in China during 2024; 393/394 isolates displayed high-level azithromycin resistance.,China,CHN,7,relative_detection_prior_mean,True,0.0,prospective_policy,2.010611200412732e-05,1.6667804836994706e-16,China,current,90.0,4.146450779474111,2.3027829109191544,1.3027829109191544,0.25,calibrated_country_scenario_analysis,,
maternal_duration_sensitivity,maternal_direct_antibody_only_maternal_duration_90d,symptom_protective,country_timeline,maternal_direct_antibody_only,2027-01-01,2032-01-01,2027,2032,3722977.233123087,13114166.647739895,648123.3249436291,187518.5114738805,271214.8681497392,374945.6937416784,233257.52807049433,795721.7332860532,2336185.3162245285,403388.43156899035,932.915492690396,918.8608633824083,919.3842120196056,69079.30209479871,13086720.837451933,0.9979071632208752,0.997,0.9970361020646508,1396459581.9141734,8001977.128467777,88597357.110695,133092917.55468959,229692251.79385236,4.999418194761015,187.8420682325654,9.283458804312199,468.73499099726473,677.9485277548185,84.65022888307307,35.05591095388786,69.29396432494151,203.44240352766553,35.128339992426916,0.13362707699262602,2.296851842199508,0.8006288395003379,6.015644030710476,8088.404145945167,459557.4139953132,72460.04553915397,72460.04553915397,309455.6019725878,0.0,180.0,1,,0.8184949088855245,0.2838897303295065,3.5224944517694077,0.5354951982761973,0.44279923395466625,0.0017625062992214005,0.006911946614264627,0.009805824026138419,0.517014921336573,,M3;M4;M5;M18,3.0,18.0,4,aP,True,China,/home/ctm/pertussis_transmission_analysis/outputs/calibrations/China_calibrated_config.yaml,current,fitted_parameters_and_state_only,fe4b0945dbc60905bca91e1dac7a67bb5863846eea9d42ff0fc0dbee6b1fb742,fbaadbe47d956b3f84d024d1fe55f5b483b9cf95f7db1635c7b7f23a7bb227b0,True,state_reconstruction_accepted,60.94514257549577,56.10620773765417,True,China,CHN,1,contact_reduction_mean,China,CHN,2025,2025,True,False,nearest_past_year,2024,measured_multicenter_isolate_fraction,https://www.sciencedirect.com/science/article/pii/S2666606525001658,Five sentinel hospitals in China during 2024; 393/394 isolates displayed high-level azithromycin resistance.,China,CHN,7,relative_detection_prior_mean,True,0.0,prospective_policy,2.010611200412732e-05,1.6667804836994706e-16,China,maternal_direct_antibody_only,90.0,4.146450779474111,2.238892802072429,1.2388928020724288,0.25,calibrated_country_scenario_analysis,,
maternal_duration_sensitivity,maternal_immunization_maternal_duration_90d,symptom_protective,country_timeline,maternal_immunization,2027-01-01,2032-01-01,2027,2032,3717109.805596865,13095421.063359957,643718.922103093,183458.2347440845,261138.1020131536,374513.2823925669,233179.30409273083,791150.8212293823,2324042.166110397,399096.59517273994,914.8820378764334,900.833821580163,901.3561560339161,67702.37114835158,13068005.532562116,0.9979064796263369,0.997,0.9970359634788761,1396459581.9076605,8001977.129239277,88597357.16180442,133092917.48420013,229692251.77524385,4.999418194761015,187.57356399411344,9.2203719029059,458.5856261707241,652.7599057942963,84.55260477757385,35.044154812543596,68.89591485702265,202.38493963978186,34.75459331258994,0.13104403718550603,2.2517901293521843,0.7849294384282894,5.895736531003359,8083.0007336844865,458264.56032278953,72238.10228938457,72238.10228938457,309248.8719211055,0.0,180.0,1,,0.818754675291802,0.28384805556173137,3.523011626840331,0.5355181517535919,0.4429657226459314,0.001697707256100875,0.006846133582523019,0.009715647338552983,0.517258663576415,,M3;M4;M5;M18,3.0,18.0,4,aP,True,China,/home/ctm/pertussis_transmission_analysis/outputs/calibrations/China_calibrated_config.yaml,current,fitted_parameters_and_state_only,fe4b0945dbc60905bca91e1dac7a67bb5863846eea9d42ff0fc0dbee6b1fb742,fbaadbe47d956b3f84d024d1fe55f5b483b9cf95f7db1635c7b7f23a7bb227b0,True,state_reconstruction_accepted,60.94514257549577,56.10620773765417,True,China,CHN,1,contact_reduction_mean,China,CHN,2025,2025,True,False,nearest_past_year,2024,measured_multicenter_isolate_fraction,https://www.sciencedirect.com/science/article/pii/S2666606525001658,Five sentinel hospitals in China during 2024; 393/394 isolates displayed high-level azithromycin resistance.,China,CHN,7,relative_detection_prior_mean,True,0.0,prospective_policy,,,China,maternal_immunization,90.0,4.146450779474111,2.223678126977624,1.223678126977624,0.25,calibrated_country_scenario_analysis,True,False
maternal_duration_sensitivity,current_maternal_duration_180d,symptom_protective,country_timeline,current,2027-01-01,2032-01-01,2027,2032,3745581.789775851,13153947.50085784,666528.5040167521,204937.59755088473,284069.30000969744,376210.76098731393,233509.029325965,814657.3878641636,2355770.8084273445,421483.6838624766,1148.5740115942888,1134.4997779817832,1135.0258910032658,79614.30987374255,13126454.48151369,0.9979099035219384,0.997,0.9970382876513902,1396459581.9135733,8001977.128532099,88597357.11528373,133092917.54945774,229692251.7932736,4.999418194761015,188.41187323257125,9.5470872144282,512.2770130117168,710.0804061156462,84.9358388581536,35.09370868762569,70.94294099361767,205.14797011159575,36.704131773017245,0.16451713909958668,2.83587865024455,0.9884164313882008,6.933065816083009,8088.625506684452,464257.5528351854,73172.20496637798,73172.20496637798,309464.071049864,0.0,180.0,1,,0.8174179098665441,0.2847496380483183,3.511856966189762,0.5335721352990821,0.4424864709160597,0.00010248743172262352,0.006933480624507027,0.009835535944289103,0.5167006312985633,,M3;M4;M5;M18,3.0,18.0,4,aP,True,China,/home/ctm/pertussis_transmission_analysis/outputs/calibrations/China_calibrated_config.yaml,current,fitted_parameters_and_state_only,fe4b0945dbc60905bca91e1dac7a67bb5863846eea9d42ff0fc0dbee6b1fb742,fbaadbe47d956b3f84d024d1fe55f5b483b9cf95f7db1635c7b7f23a7bb227b0,True,state_reconstruction_accepted,60.94514257549577,56.10620773765417,True,China,CHN,1,contact_reduction_mean,China,CHN,2025,2025,True,False,nearest_past_year,2024,measured_multicenter_isolate_fraction,https://www.sciencedirect.com/science/article/pii/S2666606525001658,Five sentinel hospitals in China during 2024; 393/394 isolates displayed high-level azithromycin resistance.,China,CHN,7,relative_detection_prior_mean,True,0.0,prospective_policy,2.010611200412732e-05,1.6667804836994706e-16,China,current,180.0,4.146450779474111,2.302472095337171,1.302472095337171,0.25,calibrated_country_scenario_analysis,,
maternal_duration_sensitivity,maternal_direct_antibody_only_maternal_duration_180d,symptom_protective,country_timeline,maternal_direct_antibody_only,2027-01-01,2032-01-01,2027,2032,3719973.663298435,13108740.666897058,645682.440560477,185212.26926994213,269459.8367080389,374771.1055545864,233223.1506701888,793206.5254947173,2333500.801533865,400988.7998937605,904.2111139319048,890.1591068491941,890.6820691287479,67680.62665758509,13081300.60451353,0.9979067354309006,0.997,0.9970355433745658,1396459581.9106066,8001977.128890929,88597357.13869637,133092917.51596247,229692251.78354973,4.999418194761015,187.76434865763568,9.248496554490774,462.9701392245264,673.5615227213501,84.61081266821617,35.05074443808486,69.07493208137376,203.2086275100323,34.91937248092842,0.12951557679766598,2.2251068314988434,0.7756341060456324,5.893842951785752,8088.4041459658265,458947.8123043411,72360.5256567907,72360.5256567907,309455.6019725878,0.0,180.0,1,,0.8186455796969857,0.283778110943359,3.5238799662021716,0.5357783421288294,0.4428402115079379,0.002012453346158893,0.006908673648964849,0.009801331337607137,0.5170558837960985,,M3;M4;M5;M18,3.0,18.0,4,aP,True,China,/home/ctm/pertussis_transmission_analysis/outputs/calibrations/China_calibrated_config.yaml,current,fitted_parameters_and_state_only,fe4b0945dbc60905bca91e1dac7a67bb5863846eea9d42ff0fc0dbee6b1fb742,fbaadbe47d956b3f84d024d1fe55f5b483b9cf95f7db1635c7b7f23a7bb227b0,True,state_reconstruction_accepted,60.94514257549577,56.10620773765417,True,China,CHN,1,contact_reduction_mean,China,CHN,2025,2025,True,False,nearest_past_year,2024,measured_multicenter_isolate_fraction,https://www.sciencedirect.com/science/article/pii/S2666606525001658,Five sentinel hospitals in China during 2024; 393/394 isolates displayed high-level azithromycin resistance.,China,CHN,7,relative_detection_prior_mean,True,0.0,prospective_policy,2.010611200412732e-05,1.6667804836994706e-16,China,maternal_direct_antibody_only,180.0,4.146450779474111,2.23046095235785,1.2304609523578498,0.25,calibrated_country_scenario_analysis,,
maternal_duration_sensitivity,maternal_immunization_maternal_duration_180d,symptom_protective,country_timeline,maternal_immunization,2027-01-01,2032-01-01,2027,2032,3714218.58072049,13090199.911658393,641369.3530993733,181238.3181401604,259449.25861946086,374345.12945485016,233146.18633969533,788729.6339347059,2321458.466344983,396786.72856876196,887.2507014588418,873.2050095953136,873.7269718957285,66356.0031075716,13062789.896717582,0.9979060659786869,0.997,0.9970354095838835,1396459581.9047694,8001977.129583426,88597357.18451804,133092917.45259342,229692251.7666949,4.999418194761015,187.49877830963683,9.186717617984751,453.0365601892927,648.5383492563826,84.51464143243246,35.03917760528827,68.68507021500454,202.1599429029717,34.5534428270049,0.12708623527570348,2.1827271293766217,0.7608690713701451,5.778490545478752,8083.000733701221,457677.8103800459,72142.26961067249,72142.26961067249,309248.8719211055,0.0,180.0,1,,0.8188999715865878,0.2837404016582308,3.5243482921565525,0.535790982354955,0.4430053375879324,0.0019385074291413083,0.006842952959293114,0.00971128171009113,0.5172982402564295,,M3;M4;M5;M18,3.0,18.0,4,aP,True,China,/home/ctm/pertussis_transmission_analysis/outputs/calibrations/China_calibrated_config.yaml,current,fitted_parameters_and_state_only,fe4b0945dbc60905bca91e1dac7a67bb5863846eea9d42ff0fc0dbee6b1fb742,fbaadbe47d956b3f84d024d1fe55f5b483b9cf95f7db1635c7b7f23a7bb227b0,True,state_reconstruction_accepted,60.94514257549577,56.10620773765417,True,China,CHN,1,contact_reduction_mean,China,CHN,2025,2025,True,False,nearest_past_year,2024,measured_multicenter_isolate_fraction,https://www.sciencedirect.com/science/article/pii/S2666606525001658,Five sentinel hospitals in China during 2024; 393/394 isolates displayed high-level azithromycin resistance.,China,CHN,7,relative_detection_prior_mean,True,0.0,prospective_policy,,,China,maternal_immunization,180.0,4.146450779474111,2.2155617193048873,1.2155617193048873,0.25,calibrated_country_scenario_analysis,True,False
maternal_duration_sensitivity,current_maternal_duration_270d,symptom_protective,country_timeline,current,2027-01-01,2032-01-01,2027,2032,3745537.3622762165,13153888.515237188,666493.0321947276,204904.1329479146,284058.5671630305,376208.26482910267,233508.4725139251,814620.8702909423,2355747.789607466,421448.87880096014,1148.0889617529997,1134.0147702004942,1134.540877737171,79592.0313844646,13126395.55262566,0.9979098984623687,0.997,0.9970382813776609,1396459581.9129288,8001977.128606085,88597357.1203054,133092917.54294758,229692251.79185906,4.999418194761015,188.41102834626344,9.546579130267439,512.1933624369733,710.053577500288,84.93527530409108,35.09362500692718,70.93976092832278,205.14596556124673,36.701100838445115,0.16444766250398474,2.8346662892828394,0.9879940665077666,6.931125734842669,8088.625506688185,464248.9832913269,73170.84137181501,73170.84137181501,309464.071049864,0.0,180.0,1,,0.8174201977122608,0.28474753742495723,3.51188287366152,0.5335776894192114,0.44248660033744086,0.0001081010592541672,0.0069334316589545735,0.009835468315090554,0.5167006883859121,,M3;M4;M5;M18,3.0,18.0,4,aP,True,China,/home/ctm/pertussis_transmission_analysis/outputs/calibrations/China_calibrated_config.yaml,current,fitted_parameters_and_state_only,fe4b0945dbc60905bca91e1dac7a67bb5863846eea9d42ff0fc0dbee6b1fb742,fbaadbe47d956b3f84d024d1fe55f5b483b9cf95f7db1635c7b7f23a7bb227b0,True,state_reconstruction_accepted,60.94514257549577,56.10620773765417,True,China,CHN,1,contact_reduction_mean,China,CHN,2025,2025,True,False,nearest_past_year,2024,measured_multicenter_isolate_fraction,https://www.sciencedirect.com/science/article/pii/S2666606525001658,Five sentinel hospitals in China during 2024; 393/394 isolates displayed high-level azithromycin resistance.,China,CHN,7,relative_detection_prior_mean,True,0.0,prospective_policy,2.010611200412732e-05,1.6667804836994706e-16,China,current,270.0,4.146450779474111,2.302349560623078,1.3023495606230782,0.25,calibrated_country_scenario_analysis,,
maternal_duration_sensitivity,maternal_direct_antibody_only_maternal_duration_270d,symptom_protective,country_timeline,maternal_direct_antibody_only,2027-01-01,2032-01-01,2027,2032,3718799.0915979696,13106613.371498583,644728.3370732769,184311.07071999315,268772.33208725066,374702.3953679947,233209.65388428824,792223.119972276,2332447.7347895494,400050.84463044733,892.9996324151062,878.9486526718641,879.471462643879,67134.25518747467,13079175.524965668,0.9979065647429121,0.997,0.9970352901558664,1396459581.909107,8001977.129069181,88597357.15047547,133092917.4996174,229692251.77916205,4.999418194761015,187.73387813095397,9.234830358458039,460.71743738309743,671.8429858553511,84.59530018911892,35.04871603143607,68.98929402061353,203.11692313238905,34.83769237177848,0.12790968910959485,2.197084359981317,0.7658715554931153,5.846263196844938,8088.404145974512,458709.51420206827,72321.55179602068,72321.55179602068,309455.6019725878,0.0,180.0,1,,0.8187045114452814,0.28373455340376535,3.5244209350031506,0.5358901248180244,0.44285617320072657,0.0021114033924776246,0.006907366148082851,0.009799537772143338,0.5170718175053206,,M3;M4;M5;M18,3.0,18.0,4,aP,True,China,/home/ctm/pertussis_transmission_analysis/outputs/calibrations/China_calibrated_config.yaml,current,fitted_parameters_and_state_only,fe4b0945dbc60905bca91e1dac7a67bb5863846eea9d42ff0fc0dbee6b1fb742,fbaadbe47d956b3f84d024d1fe55f5b483b9cf95f7db1635c7b7f23a7bb227b0,True,state_reconstruction_accepted,60.94514257549577,56.10620773765417,True,China,CHN,1,contact_reduction_mean,China,CHN,2025,2025,True,False,nearest_past_year,2024,measured_multicenter_isolate_fraction,https://www.sciencedirect.com/science/article/pii/S2666606525001658,Five sentinel hospitals in China during 2024; 393/394 isolates displayed high-level azithromycin resistance.,China,CHN,7,relative_detection_prior_mean,True,0.0,prospective_policy,2.010611200412732e-05,1.6667804836994706e-16,China,maternal_direct_antibody_only,270.0,4.146450779474111,2.227165074326357,1.227165074326357,0.25,calibrated_country_scenario_analysis,,
maternal_duration_sensitivity,maternal_immunization_maternal_duration_270d,symptom_protective,country_timeline,maternal_immunization,2027-01-01,2032-01-01,2027,2032,3713087.939122615,13088152.837566348,640450.9161030262,180370.82303556812,258787.69221659162,374278.95233107393,233133.18679341426,787782.9621600563,2320444.927536442,395883.83099177957,876.4577910434601,862.4130881056298,862.9349036961462,65830.04146291944,13060744.94915444,0.9979059009508783,0.997,0.997035158531105,1396459581.9035742,8001977.129726039,88597357.1939125,133092917.43946107,229692251.7630996,4.999418194761015,187.46945684076255,9.173562294473358,450.86810594818706,646.8846494612301,84.49970083670668,35.037223927160134,68.60263104489115,202.07168074222562,34.47481565188914,0.12554030203495406,2.1557508527997142,0.7514709971856135,5.732688142642258,8083.000733708139,457448.4350661738,72104.74079103325,72104.74079103325,309248.8719211055,0.0,180.0,1,,0.8189568000988711,0.2836983938990308,3.5248701490918677,0.5358986935136112,0.443020768170136,0.0020338379208811666,0.006841682423376855,0.009709538963190815,0.5173136342061623,,M3;M4;M5;M18,3.0,18.0,4,aP,True,China,/home/ctm/pertussis_transmission_analysis/outputs/calibrations/China_calibrated_config.yaml,current,fitted_parameters_and_state_only,fe4b0945dbc60905bca91e1dac7a67bb5863846eea9d42ff0fc0dbee6b1fb742,fbaadbe47d956b3f84d024d1fe55f5b483b9cf95f7db1635c7b7f23a7bb227b0,True,state_reconstruction_accepted,60.94514257549577,56.10620773765417,True,China,CHN,1,contact_reduction_mean,China,CHN,2025,2025,True,False,nearest_past_year,2024,measured_multicenter_isolate_fraction,https://www.sciencedirect.com/science/article/pii/S2666606525001658,Five sentinel hospitals in China during 2024; 393/394 isolates displayed high-level azithromycin resistance.,China,CHN,7,relative_detection_prior_mean,True,0.0,prospective_policy,,,China,maternal_immunization,270.0,4.146450779474111,2.2123890484567212,1.2123890484567212,0.25,calibrated_country_scenario_analysis,True,False
maternal_duration_sensitivity,current_maternal_duration_90d,symptom_protective,country_timeline,current,2027-01-01,2032-01-01,2027,2032,23639.42135504304,120069.56381396929,959.48989809725,1165.7517178313062,2481.7672108646825,5810.599209763751,3509.0453200637717,10485.396247658828,49915.98846307545,762.320683908512,3.826607055451678,3.773543984749539,3.7799634214898465,378.6528969139477,3625.7388837834205,0.03019698555248345,0.003,0.06701688406619498,70515966.30928817,651878.747394697,6530461.608718973,6672359.26691766,13854699.623031331,4.999418194761015,34.058538270168874,0.2721657543856561,35.77006878559083,76.15084969173493,17.797441479791896,10.519378658675931,15.137991824677364,72.06478490914847,1.1005787485967595,0.010854427941865842,0.11578788676464657,0.054572143980604504,0.546669322025249,209.23202151916686,1592.1852144328582,3309.438465543475,3309.438465543475,404.22460767862543,1680.0,1016.0,1,,0.8093986248819045,0.1968810463213555,5.079209089369467,0.5611811218918644,0.4010671300480106,0.000692355454377657,0.018402062385093905,0.024988218806389247,0.5170984852460038,,W8;W12;W16;M40,1.8410958904109591,40.0,4,aP,True,United_Kingdom,/home/ctm/pertussis_transmission_analysis/outputs/calibrations/United_Kingdom_calibrated_config.yaml,current,fitted_parameters_and_state_only,fe4b0945dbc60905bca91e1dac7a67bb5863846eea9d42ff0fc0dbee6b1fb742,fbaadbe47d956b3f84d024d1fe55f5b483b9cf95f7db1635c7b7f23a7bb227b0,True,state_reconstruction_accepted,47.87063170623975,40.9064805360586,True,United_Kingdom,GBR,1,contact_reduction_mean,United_Kingdom,GBR,2025,2025,True,False,nearest_past_year,2024,measured_national_surveillance_fraction,https://www.postersessiononline.eu/173580348_eu/congresos/UKHSA2025/aula/-P_58_UKHSA2025.pdf,"UKHSA national reference laboratory poster: 661 B. pertussis isolates received from June 2023 to November 2024, with 2 predicted and phenotypically confirmed macrolide-resistant isolates.",United_Kingdom,GBR,3,relative_detection_prior_mean,True,0.0,prospective_policy,6.047227433250013e-05,1.6570722974665014e-16,United_Kingdom,current,90.0,6.999594011212859,0.03888307721128763,0.9611169227887124,0.25,calibrated_country_scenario_analysis,,
maternal_duration_sensitivity,maternal_direct_antibody_only_maternal_duration_90d,symptom_protective,country_timeline,maternal_direct_antibody_only,2027-01-01,2032-01-01,2027,2032,23112.789275661387,117715.62410503207,923.526941043109,1064.0402386246844,2349.755984647129,5689.795436974273,3447.4239113253084,10201.259586924267,48859.62740981524,730.0021772498499,2.8692045666289356,2.817155518620841,2.823423803901585,326.225414626129,3394.8435453005286,0.028839362413535442,0.003,0.06363513348869455,70515966.30944704,651878.747387911,6530461.608537208,6672359.267152437,13854699.623077555,4.999418194761015,33.390827460493945,0.2619646200573471,32.64914127464779,72.10020102515462,17.427428337201096,10.334650655999354,14.727777623305002,70.53969376209727,1.0539198262188176,0.008138691474607121,0.08644194569087955,0.04076237602414142,0.470978639524328,205.407477071239,1541.668641940243,3192.040738744447,3192.040738744447,396.8358009003836,1680.0,1016.0,1,,0.8099767572602649,0.19634427843698082,5.093094680224984,0.5616799409254367,0.40134537969445977,0.0010002633394573404,0.018367702504856163,0.024941880656577094,0.5173700944245461,,W8;W12;W16;M40,1.8410958904109591,40.0,4,aP,True,United_Kingdom,/home/ctm/pertussis_transmission_analysis/outputs/calibrations/United_Kingdom_calibrated_config.yaml,current,fitted_parameters_and_state_only,fe4b0945dbc60905bca91e1dac7a67bb5863846eea9d42ff0fc0dbee6b1fb742,fbaadbe47d956b3f84d024d1fe55f5b483b9cf95f7db1635c7b7f23a7bb227b0,True,state_reconstruction_accepted,47.87063170623975,40.9064805360586,True,United_Kingdom,GBR,1,contact_reduction_mean,United_Kingdom,GBR,2025,2025,True,False,nearest_past_year,2024,measured_national_surveillance_fraction,https://www.postersessiononline.eu/173580348_eu/congresos/UKHSA2025/aula/-P_58_UKHSA2025.pdf,"UKHSA national reference laboratory poster: 661 B. pertussis isolates received from June 2023 to November 2024, with 2 predicted and phenotypically confirmed macrolide-resistant isolates.",United_Kingdom,GBR,3,relative_detection_prior_mean,True,0.0,prospective_policy,6.047227433250013e-05,1.6570722974665014e-16,United_Kingdom,maternal_direct_antibody_only,90.0,6.999594011212859,0.037425687780991035,0.9625743122190089,0.25,calibrated_country_scenario_analysis,,
maternal_duration_sensitivity,maternal_immunization_maternal_duration_90d,symptom_protective,country_timeline,maternal_immunization,2027-01-01,2032-01-01,2027,2032,15049.551171872437,79459.76398045168,618.6726812099171,710.7402001209405,1551.6371941436075,3951.920878272608,2393.700893418564,7056.361971812113,33721.06476463842,501.1972057123021,1.923010352235425,1.8879253874837567,1.8922296248698893,218.91124294824496,1485.190933074387,0.01869110677751027,0.003,0.0389742577303448,70515966.30789173,651878.7474528501,6530461.610282769,6672359.264948884,13854699.622684505,4.999418194761015,22.5392957761835,0.1754906615864773,21.808439529506757,47.61062609721014,12.104445343398906,7.175811026701967,10.18742137358715,48.6838256449553,0.7235891733236065,0.0054547480307593375,0.057929334294238764,0.027318525610136573,0.31604686440947516,136.31100102848168,1039.3534187553735,1701.7231047794014,1701.7231047794014,263.34525906628517,1680.0,1316.0,1,,0.8178766045479545,0.18939838753579558,5.279875995834462,0.6792009132914757,0.5058061442179624,0.0009781591259763634,0.01865886237095161,0.025339391570021932,0.6342245002245257,,W8;W12;W16;M40,1.8410958904109591,40.0,4,aP,True,United_Kingdom,/home/ctm/pertussis_transmission_analysis/outputs/calibrations/United_Kingdom_calibrated_config.yaml,current,fitted_parameters_and_state_only,fe4b0945dbc60905bca91e1dac7a67bb5863846eea9d42ff0fc0dbee6b1fb742,fbaadbe47d956b3f84d024d1fe55f5b483b9cf95f7db1635c7b7f23a7bb227b0,True,state_reconstruction_accepted,47.87063170623975,40.9064805360586,True,United_Kingdom,GBR,1,contact_reduction_mean,United_Kingdom,GBR,2025,2025,True,False,nearest_past_year,2024,measured_national_surveillance_fraction,https://www.postersessiononline.eu/173580348_eu/congresos/UKHSA2025/aula/-P_58_UKHSA2025.pdf,"UKHSA national reference laboratory poster: 661 B. pertussis isolates received from June 2023 to November 2024, with 2 predicted and phenotypically confirmed macrolide-resistant isolates.",United_Kingdom,GBR,3,relative_detection_prior_mean,True,0.0,prospective_policy,,,United_Kingdom,maternal_immunization,90.0,6.999594011212859,0.025071548622013443,0.9749284513779866,0.25,calibrated_country_scenario_analysis,True,False
maternal_duration_sensitivity,current_maternal_duration_180d,symptom_protective,country_timeline,current,2027-01-01,2032-01-01,2027,2032,23562.308837375735,119738.5781659793,954.0242666714392,1149.7786580602258,2470.51437575754,5793.173814932588,3500.169316807482,10443.121789800296,49771.47224632975,757.3786065075435,3.6305538858951816,3.5776366483880535,3.584034226243917,369.0949641684349,3590.8477774358976,0.029989063110957722,0.003,0.06649849750248522,70515966.30921835,651878.7473972063,6530461.608786752,6672359.266846836,13854699.623030795,4.999418194761015,33.96465196795518,0.27061539131993484,35.2799494590252,75.80556631792669,17.74406876647192,10.49277027083213,15.076959281668616,71.85614374233619,1.0934437652804119,0.01029830995774866,0.10977664201110562,0.051743472096593794,0.5328703291837072,208.70307392177614,1584.7478631803187,3292.1160254822917,3292.1160254822917,403.20271039173355,1680.0,1016.0,1,,0.809503736113961,0.1967812646373178,5.081784598971212,0.5613443602426403,0.4010796070687429,0.0008665064221435549,0.018395900472823697,0.024979896011996346,0.5171020573356766,,W8;W12;W16;M40,1.8410958904109591,40.0,4,aP,True,United_Kingdom,/home/ctm/pertussis_transmission_analysis/outputs/calibrations/United_Kingdom_calibrated_config.yaml,current,fitted_parameters_and_state_only,fe4b0945dbc60905bca91e1dac7a67bb5863846eea9d42ff0fc0dbee6b1fb742,fbaadbe47d956b3f84d024d1fe55f5b483b9cf95f7db1635c7b7f23a7bb227b0,True,state_reconstruction_accepted,47.87063170623975,40.9064805360586,True,United_Kingdom,GBR,1,contact_reduction_mean,United_Kingdom,GBR,2025,2025,True,False,nearest_past_year,2024,measured_national_surveillance_fraction,https://www.postersessiononline.eu/173580348_eu/congresos/UKHSA2025/aula/-P_58_UKHSA2025.pdf,"UKHSA national reference laboratory poster: 661 B. pertussis isolates received from June 2023 to November 2024, with 2 predicted and phenotypically confirmed macrolide-resistant isolates.",United_Kingdom,GBR,3,relative_detection_prior_mean,True,0.0,prospective_policy,6.047227433250013e-05,1.6570722974665014e-16,United_Kingdom,current,180.0,6.999594011212859,0.03866158392707176,0.9613384160729282,0.25,calibrated_country_scenario_analysis,,
maternal_duration_sensitivity,maternal_direct_antibody_only_maternal_duration_180d,symptom_protective,country_timeline,maternal_direct_antibody_only,2027-01-01,2032-01-01,2027,2032,22908.367084016274,116813.60844341171,909.4593699557516,1023.9392893035985,2306.8286038266024,5643.166238175294,3423.553464564421,10090.658992043313,48459.51042517754,717.3444025639271,2.448040355582988,2.3963837281072875,2.4025937636938055,304.29008385135586,3308.031562762904,0.02831888858536051,0.003,0.062338760691918516,70515966.30948353,651878.7473856054,6530461.608475724,6672359.267259311,13854699.62312064,4.999418194761015,33.134964659316644,0.25797425902793286,31.418678824087024,70.78301200370825,17.284606503171062,10.263092084965287,14.568101168354087,69.96203627528807,1.0356455249695902,0.0069440309008276515,0.0735309324285019,0.03468676232498506,0.43931013123810386,203.94949538511034,1522.1080484760923,3146.5429487804504,3146.5429487804504,394.0190615181536,1680.0,1016.0,1,,0.8102257280226228,0.19611043087598676,5.09916782872383,0.5619687014289892,0.40142792032309604,0.0012504592342602189,0.018353187535686554,0.02492229402380706,0.5174427606352353,,W8;W12;W16;M40,1.8410958904109591,40.0,4,aP,True,United_Kingdom,/home/ctm/pertussis_transmission_analysis/outputs/calibrations/United_Kingdom_calibrated_config.yaml,current,fitted_parameters_and_state_only,fe4b0945dbc60905bca91e1dac7a67bb5863846eea9d42ff0fc0dbee6b1fb742,fbaadbe47d956b3f84d024d1fe55f5b483b9cf95f7db1635c7b7f23a7bb227b0,True,state_reconstruction_accepted,47.87063170623975,40.9064805360586,True,United_Kingdom,GBR,1,contact_reduction_mean,United_Kingdom,GBR,2025,2025,True,False,nearest_past_year,2024,measured_national_surveillance_fraction,https://www.postersessiononline.eu/173580348_eu/congresos/UKHSA2025/aula/-P_58_UKHSA2025.pdf,"UKHSA national reference laboratory poster: 661 B. pertussis isolates received from June 2023 to November 2024, with 2 predicted and phenotypically confirmed macrolide-resistant isolates.",United_Kingdom,GBR,3,relative_detection_prior_mean,True,0.0,prospective_policy,6.047227433250013e-05,1.6570722974665014e-16,United_Kingdom,maternal_direct_antibody_only,180.0,6.999594011212859,0.03685560314136451,0.9631443968586355,0.25,calibrated_country_scenario_analysis,,
maternal_duration_sensitivity,maternal_immunization_maternal_duration_180d,symptom_protective,country_timeline,maternal_immunization,2027-01-01,2032-01-01,2027,2032,14913.400432699262,78837.61640243407,609.1973438854016,683.8572767864915,1523.0358600032478,3919.5409176781513,2376.8919800494564,6980.2901745141,33443.78820801081,492.6061739781188,1.6405182879600249,1.6057082677585337,1.6099723379510789,204.19722919637184,1449.9687470080848,0.018391838987198473,0.003,0.038232666687273,70515966.30786526,651878.7474542783,6530461.610320834,6672359.264889781,13854699.622664895,4.999418194761015,22.362819436785387,0.17280291850956916,20.983560610531008,46.73301925010921,12.005267886261942,7.125421445413229,10.077594885558884,48.28351552336794,0.7111861162451152,0.004653440315740145,0.04926974955603413,0.02324351652036654,0.2948039266487797,135.31341084401774,1026.0737801927125,1675.1052560709431,1675.1052560709431,261.4179704131256,1680.0,1316.0,1,,0.8181222849491399,0.18916604932057304,5.2863608643924005,0.6795485191705746,0.5059334890290081,0.0012228137139510726,0.018646337313952745,0.02532251542691334,0.6343568527157575,,W8;W12;W16;M40,1.8410958904109591,40.0,4,aP,True,United_Kingdom,/home/ctm/pertussis_transmission_analysis/outputs/calibrations/United_Kingdom_calibrated_config.yaml,current,fitted_parameters_and_state_only,fe4b0945dbc60905bca91e1dac7a67bb5863846eea9d42ff0fc0dbee6b1fb742,fbaadbe47d956b3f84d024d1fe55f5b483b9cf95f7db1635c7b7f23a7bb227b0,True,state_reconstruction_accepted,47.87063170623975,40.9064805360586,True,United_Kingdom,GBR,1,contact_reduction_mean,United_Kingdom,GBR,2025,2025,True,False,nearest_past_year,2024,measured_national_surveillance_fraction,https://www.postersessiononline.eu/173580348_eu/congresos/UKHSA2025/aula/-P_58_UKHSA2025.pdf,"UKHSA national reference laboratory poster: 661 B. pertussis isolates received from June 2023 to November 2024, with 2 predicted and phenotypically confirmed macrolide-resistant isolates.",United_Kingdom,GBR,3,relative_detection_prior_mean,True,0.0,prospective_policy,,,United_Kingdom,maternal_immunization,180.0,6.999594011212859,0.024687563054764463,0.9753124369452355,0.25,calibrated_country_scenario_analysis,True,False
maternal_duration_sensitivity,current_maternal_duration_270d,symptom_protective,country_timeline,current,2027-01-01,2032-01-01,2027,2032,23527.258240524796,119588.08017077987,951.5425920523082,1142.5317639973132,2465.404312877571,5785.252886168039,3496.1319737217864,10423.916623887138,49705.77613009573,755.1350553150296,3.5416362862709003,3.488785375444566,3.495173021434954,364.75950862052616,3575.0763802622496,0.02989492243003482,0.003,0.06626379763227676,70515966.30919202,651878.747398128,6530461.608811682,6672359.266821853,13854699.623031663,4.999418194761015,33.92196220075064,0.26991144764517705,35.05758487212045,75.64876852124043,17.71980753945296,10.480667166801718,15.04923237104664,71.76129684794888,1.09020470222461,0.010046089213918426,0.10705031864702548,0.050460563792358006,0.5266111388688447,208.46250966794355,1581.3699554542231,3284.2462178899677,3284.2462178899677,402.73795365683077,1680.0,1016.0,1,,0.8095515935574681,0.19673581352695252,5.082958623916237,0.5614187303158613,0.40108530232710987,0.0009458052704914974,0.01839310004397416,0.024976113539125686,0.51710371146227,,W8;W12;W16;M40,1.8410958904109591,40.0,4,aP,True,United_Kingdom,/home/ctm/pertussis_transmission_analysis/outputs/calibrations/United_Kingdom_calibrated_config.yaml,current,fitted_parameters_and_state_only,fe4b0945dbc60905bca91e1dac7a67bb5863846eea9d42ff0fc0dbee6b1fb742,fbaadbe47d956b3f84d024d1fe55f5b483b9cf95f7db1635c7b7f23a7bb227b0,True,state_reconstruction_accepted,47.87063170623975,40.9064805360586,True,United_Kingdom,GBR,1,contact_reduction_mean,United_Kingdom,GBR,2025,2025,True,False,nearest_past_year,2024,measured_national_surveillance_fraction,https://www.postersessiononline.eu/173580348_eu/congresos/UKHSA2025/aula/-P_58_UKHSA2025.pdf,"UKHSA national reference laboratory poster: 661 B. pertussis isolates received from June 2023 to November 2024, with 2 predicted and phenotypically confirmed macrolide-resistant isolates.",United_Kingdom,GBR,3,relative_detection_prior_mean,True,0.0,prospective_policy,6.047227433250013e-05,1.6570722974665014e-16,United_Kingdom,current,270.0,6.999594011212859,0.03856101471211013,0.9614389852878898,0.25,calibrated_country_scenario_analysis,,
maternal_duration_sensitivity,maternal_direct_antibody_only_maternal_duration_270d,symptom_protective,country_timeline,maternal_direct_antibody_only,2027-01-01,2032-01-01,2027,2032,22816.009339337885,116405.79483642348,903.1178939713351,1005.8929813846959,2287.4924056636273,5622.099393129495,3412.7534115934886,10040.74578610768,48278.723646302,711.6406797119772,2.2586370568390417,2.2071579472131058,2.213341689894818,294.42268509552974,3269.379634952479,0.028086055677440273,0.003,0.061758941085883395,70515966.30951324,651878.7473839462,6530461.608431359,6672359.267330967,13854699.623146271,4.999418194761015,33.01928559044074,0.25617545676983855,30.864943697105264,70.18969772626542,17.22008029379654,10.230715801175183,14.496040400613234,69.70103051858402,1.027410937751039,0.0064067757219235235,0.06772470534347781,0.03195448947773286,0.4250643556683764,203.29014487250157,1513.2848082796236,3126.019490374123,3126.019490374123,392.7452330653531,1680.0,1016.0,1,,0.8103388882412991,0.196004068108461,5.101934922323342,0.5621002373359627,0.40146552663483576,0.0013642031667074257,0.018346621959924564,0.02491343452387857,0.5174759776854521,,W8;W12;W16;M40,1.8410958904109591,40.0,4,aP,True,United_Kingdom,/home/ctm/pertussis_transmission_analysis/outputs/calibrations/United_Kingdom_calibrated_config.yaml,current,fitted_parameters_and_state_only,fe4b0945dbc60905bca91e1dac7a67bb5863846eea9d42ff0fc0dbee6b1fb742,fbaadbe47d956b3f84d024d1fe55f5b483b9cf95f7db1635c7b7f23a7bb227b0,True,state_reconstruction_accepted,47.87063170623975,40.9064805360586,True,United_Kingdom,GBR,1,contact_reduction_mean,United_Kingdom,GBR,2025,2025,True,False,nearest_past_year,2024,measured_national_surveillance_fraction,https://www.postersessiononline.eu/173580348_eu/congresos/UKHSA2025/aula/-P_58_UKHSA2025.pdf,"UKHSA national reference laboratory poster: 661 B. pertussis isolates received from June 2023 to November 2024, with 2 predicted and phenotypically confirmed macrolide-resistant isolates.",United_Kingdom,GBR,3,relative_detection_prior_mean,True,0.0,prospective_policy,6.047227433250013e-05,1.6570722974665014e-16,United_Kingdom,maternal_direct_antibody_only,270.0,6.999594011212859,0.03659861648539378,0.9634013835146062,0.25,calibrated_country_scenario_analysis,,
maternal_duration_sensitivity,maternal_immunization_maternal_duration_270d,symptom_protective,country_timeline,maternal_immunization,2027-01-01,2032-01-01,2027,2032,14854.161692439808,78568.36547663869,605.0183441973841,671.8622150536373,1510.3872021965453,3905.5068373860304,2369.645611440851,6947.014663880519,33323.57982225989,488.80936364703393,1.5137272920283953,1.4790362436732978,1.4832828308491806,197.60909276301987,1434.8707638022108,0.018262703507925866,0.003,0.0379132765329206,70515966.3104704,651878.7472853997,6530461.605817102,6672359.272776977,13854699.625879478,4.999418194761015,22.286444602329148,0.17161751717180776,20.61550266951025,46.34490629360839,11.962282530413521,7.103698350431446,10.029554313657835,48.109968083207725,0.7057045794378602,0.0042937891391994654,0.04538292963433739,0.02141447288410944,0.2852924924779523,134.8768369235135,1020.2447291681935,1663.430929625611,1663.430929625611,260.574533933186,1680.0,1316.0,1,,0.8182338949198876,0.1890603374822212,5.289316698136317,0.679706509633779,0.5059913117694265,0.0013340359244351917,0.018640691140753052,0.025314908848564147,0.6344168737200268,,W8;W12;W16;M40,1.8410958904109591,40.0,4,aP,True,United_Kingdom,/home/ctm/pertussis_transmission_analysis/outputs/calibrations/United_Kingdom_calibrated_config.yaml,current,fitted_parameters_and_state_only,fe4b0945dbc60905bca91e1dac7a67bb5863846eea9d42ff0fc0dbee6b1fb742,fbaadbe47d956b3f84d024d1fe55f5b483b9cf95f7db1635c7b7f23a7bb227b0,True,state_reconstruction_accepted,47.87063170623975,40.9064805360586,True,United_Kingdom,GBR,1,contact_reduction_mean,United_Kingdom,GBR,2025,2025,True,False,nearest_past_year,2024,measured_national_surveillance_fraction,https://www.postersessiononline.eu/173580348_eu/congresos/UKHSA2025/aula/-P_58_UKHSA2025.pdf,"UKHSA national reference laboratory poster: 661 B. pertussis isolates received from June 2023 to November 2024, with 2 predicted and phenotypically confirmed macrolide-resistant isolates.",United_Kingdom,GBR,3,relative_detection_prior_mean,True,0.0,prospective_policy,,,United_Kingdom,maternal_immunization,270.0,6.999594011212859,0.024518210184317622,0.9754817898156823,0.25,calibrated_country_scenario_analysis,True,False
maternal_duration_sensitivity,current_maternal_duration_90d,symptom_protective,country_timeline,current,2027-01-01,2032-01-01,2027,2032,4624183.457507582,23170906.10232432,268891.8001692685,164657.07665231367,350489.3553246156,627915.0495639432,441463.4538780589,1234035.5800943156,5878696.071798121,176184.11520432672,671.254661167276,651.5339521426492,652.3670417635232,56604.21706156891,23083857.976128943,0.9962432144081477,0.827,0.9988556055981848,118980814.51400991,715391.0743238897,7149047.978152407,7916218.119614251,15780657.172090549,4.999418194761015,3895.351145755726,45.20444635389594,4603.810264409939,9799.678971691585,1756.844057667737,1115.4690846939284,1564.1670394574455,7451.375615759636,223.3172125049417,1.128472318658927,18.216882975638296,8.268894680304706,71.74708091903963,48410.106448519655,234673.3968937559,139291.4219694005,139291.4219694005,157804.76427273403,1710.0,476.0,1,,0.8081838616878019,0.1995685208462228,5.010810300941942,0.45495080532443904,0.3499839974547781,3.451818643440288e-05,0.010963652486192828,0.015027087032312859,0.428925547619499,,M2;M3;M4;Y1,2.0,12.0,4,aP,True,Japan,/home/ctm/pertussis_transmission_analysis/outputs/calibrations/Japan_calibrated_config.yaml,current,fitted_parameters_and_state_only,fe4b0945dbc60905bca91e1dac7a67bb5863846eea9d42ff0fc0dbee6b1fb742,fbaadbe47d956b3f84d024d1fe55f5b483b9cf95f7db1635c7b7f23a7bb227b0,True,state_reconstruction_accepted,48.26940985961891,41.43058288594312,True,Japan,JPN,1,contact_reduction_mean,Japan,JPN,2025,2025,True,False,exact_year,2025,measured_multicenter_isolate_fraction,https://www.mdpi.com/2227-9059/14/1/167,"Japanese children at six clinics, March-August 2025; 43/52 sequenced B. pertussis isolates carried the A2047G mutation associated with macrolide resistance.",Japan,JPN,3,relative_detection_prior_mean,True,0.0,prospective_policy,7.644092124256049e-05,2.2471172848738243e-16,Japan,current,90.0,7.349919218851434,6.150332406096839,5.150332406096839,0.25,calibrated_country_scenario_analysis,,
maternal_duration_sensitivity,maternal_direct_antibody_only_maternal_duration_90d,symptom_protective,country_timeline,maternal_direct_antibody_only,2027-01-01,2032-01-01,2027,2032,4515886.748674346,22734888.096173767,255844.117275265,142741.52892645303,329807.4618631898,613861.3256779427,435175.0970383923,1191777.951642788,5760333.903579792,164924.14178624086,416.57567137453543,397.3175144040412,398.12824897367966,43885.066593228745,22646860.97634709,0.996128104107911,0.827,0.9988043325445345,118980814.51400243,715391.0743226804,7149047.977975268,7916218.119676528,15780657.171974475,4.999418194761015,3822.050462894095,43.01094963494575,3991.051762797403,9221.413431342942,1717.5231315525764,1099.5799604858619,1510.604572830061,7301.348983492353,209.04495036927995,0.7003215634368665,11.10899384487863,5.046362475857647,55.62528001403495,47230.560926046695,225108.82469917784,136153.321865056,136153.321865056,153959.74271052747,1740.0,476.0,1,,0.8089744405260303,0.19863245992551687,5.034423882053214,0.4555076594720299,0.34984257761194326,0.0008671138375127498,0.01091997987192649,0.01496343580562902,0.42875712995696164,,M2;M3;M4;Y1,2.0,12.0,4,aP,True,Japan,/home/ctm/pertussis_transmission_analysis/outputs/calibrations/Japan_calibrated_config.yaml,current,fitted_parameters_and_state_only,fe4b0945dbc60905bca91e1dac7a67bb5863846eea9d42ff0fc0dbee6b1fb742,fbaadbe47d956b3f84d024d1fe55f5b483b9cf95f7db1635c7b7f23a7bb227b0,True,state_reconstruction_accepted,48.26940985961891,41.43058288594312,True,Japan,JPN,1,contact_reduction_mean,Japan,JPN,2025,2025,True,False,exact_year,2025,measured_multicenter_isolate_fraction,https://www.mdpi.com/2227-9059/14/1/167,"Japanese children at six clinics, March-August 2025; 43/52 sequenced B. pertussis isolates carried the A2047G mutation associated with macrolide resistance.",Japan,JPN,3,relative_detection_prior_mean,True,0.0,prospective_policy,7.644092124256049e-05,2.2471172848738243e-16,Japan,maternal_direct_antibody_only,90.0,7.349919218851434,5.851894198323861,4.851894198323861,0.25,calibrated_country_scenario_analysis,,
maternal_duration_sensitivity,maternal_immunization_maternal_duration_90d,symptom_protective,country_timeline,maternal_immunization,2027-01-01,2032-01-01,2027,2032,2526614.8484896077,13532033.335447215,146343.889795148,80004.19979902274,185729.7939355766,369833.5416598045,279225.4008828111,729063.1423416383,3625970.4044937133,97799.43749181069,226.99117122782232,216.49309872887642,216.96711148686953,24602.193912133487,13460601.567627855,0.9947212834872167,0.827,0.9981262413430806,118980814.51401754,715391.0743225673,7149047.978097854,7916218.119635027,15780657.17205545,4.999418194761015,2274.9227554958657,24.602440503207553,2236.916649559318,5193.003235047511,1034.7575845608608,705.5336055773728,924.1034499584216,4595.996650547457,123.9629221961474,0.3816036865429178,6.053144938363953,2.7501055067542484,31.18381790324417,28605.521636063466,123618.1643595914,77683.01641578527,77683.01641578527,93246.80174951187,1740.0,476.0,1,,0.8168746742526697,0.18671361397485847,5.355795856078566,0.5593981067430867,0.44147341752419705,0.0007543678919871796,0.011097592966207161,0.015145305130531294,0.532400840754361,,M2;M3;M4;Y1,2.0,12.0,4,aP,True,Japan,/home/ctm/pertussis_transmission_analysis/outputs/calibrations/Japan_calibrated_config.yaml,current,fitted_parameters_and_state_only,fe4b0945dbc60905bca91e1dac7a67bb5863846eea9d42ff0fc0dbee6b1fb742,fbaadbe47d956b3f84d024d1fe55f5b483b9cf95f7db1635c7b7f23a7bb227b0,True,state_reconstruction_accepted,48.26940985961891,41.43058288594312,True,Japan,JPN,1,contact_reduction_mean,Japan,JPN,2025,2025,True,False,exact_year,2025,measured_multicenter_isolate_fraction,https://www.mdpi.com/2227-9059/14/1/167,"Japanese children at six clinics, March-August 2025; 43/52 sequenced B. pertussis isolates carried the A2047G mutation associated with macrolide resistance.",Japan,JPN,3,relative_detection_prior_mean,True,0.0,prospective_policy,,,Japan,maternal_immunization,90.0,7.349919218851434,3.3473076057905518,2.3473076057905518,0.25,calibrated_country_scenario_analysis,True,False
maternal_duration_sensitivity,current_maternal_duration_180d,symptom_protective,country_timeline,current,2027-01-01,2032-01-01,2027,2032,4623603.540624343,23168653.691194594,268818.9254520128,164531.22494971342,350417.1203550909,627840.2451957136,441430.6701363266,1233802.1402817536,5878109.069952372,176120.61873577686,669.5863327273602,649.8680622407908,650.7010304181151,56525.320521560934,23081599.08733493,0.9962425695933834,0.827,0.9988553216882918,118980814.51400656,715391.0743242728,7149047.978156932,7916218.119612122,15780657.172093326,4.999418194761015,3894.9724841602933,45.19219510174053,4600.291452024769,9797.659282639814,1756.634762460366,1115.3862482780726,1563.871149398248,7450.631578103309,223.23672934474905,1.1256676268306702,18.170304710148073,8.247777622773597,71.64707783208338,48403.65524284284,234621.35842204135,139274.63265156746,139274.63265156746,157783.7349657152,1710.0,476.0,1,,0.808188734681308,0.19956289227032536,5.010951628449104,0.45495652108748896,0.3499826650810615,4.252738264503572e-05,0.01096338836848915,0.015026705332476374,0.4289239000038784,,M2;M3;M4;Y1,2.0,12.0,4,aP,True,Japan,/home/ctm/pertussis_transmission_analysis/outputs/calibrations/Japan_calibrated_config.yaml,current,fitted_parameters_and_state_only,fe4b0945dbc60905bca91e1dac7a67bb5863846eea9d42ff0fc0dbee6b1fb742,fbaadbe47d956b3f84d024d1fe55f5b483b9cf95f7db1635c7b7f23a7bb227b0,True,state_reconstruction_accepted,48.26940985961891,41.43058288594312,True,Japan,JPN,1,contact_reduction_mean,Japan,JPN,2025,2025,True,False,exact_year,2025,measured_multicenter_isolate_fraction,https://www.mdpi.com/2227-9059/14/1/167,"Japanese children at six clinics, March-August 2025; 43/52 sequenced B. pertussis isolates carried the A2047G mutation associated with macrolide resistance.",Japan,JPN,3,relative_detection_prior_mean,True,0.0,prospective_policy,7.644092124256049e-05,2.2471172848738243e-16,Japan,current,180.0,7.349919218851434,6.148665550749098,5.148665550749098,0.25,calibrated_country_scenario_analysis,,
maternal_duration_sensitivity,maternal_direct_antibody_only_maternal_duration_180d,symptom_protective,country_timeline,maternal_direct_antibody_only,2027-01-01,2032-01-01,2027,2032,4488665.395670205,22624111.420241132,252664.01308940753,137501.6507153089,324808.8385089545,610302.8608000567,433560.10943252436,1181364.62094789,5730468.056295906,162199.1438315952,356.06712913000837,336.92607085911095,337.7311722662262,40856.936277169414,22535831.25403204,0.9960979609510713,0.827,0.9987908476550887,118980814.51405329,715391.0743157534,7149047.97780939,7916218.119743658,15780657.171868803,4.999418194761015,3803.4273650467644,42.476329951549715,3844.5448189290078,9081.651970981899,1707.56689964708,1095.4992857782015,1497.4054488384893,7263.493370071811,205.59095597046988,0.5985982996508242,9.420449669840115,4.280816342614724,51.78705872805975,47099.452874287585,222756.65621917526,135365.6176038849,135365.6176038849,153532.36345613713,1740.0,476.0,1,,0.8091668682794507,0.19840184271963615,5.040275767060849,0.45563856408101344,0.34980549785970927,0.001069453432564434,0.010908880649066689,0.01494728634286555,0.42871294365651674,,M2;M3;M4;Y1,2.0,12.0,4,aP,True,Japan,/home/ctm/pertussis_transmission_analysis/outputs/calibrations/Japan_calibrated_config.yaml,current,fitted_parameters_and_state_only,fe4b0945dbc60905bca91e1dac7a67bb5863846eea9d42ff0fc0dbee6b1fb742,fbaadbe47d956b3f84d024d1fe55f5b483b9cf95f7db1635c7b7f23a7bb227b0,True,state_reconstruction_accepted,48.26940985961891,41.43058288594312,True,Japan,JPN,1,contact_reduction_mean,Japan,JPN,2025,2025,True,False,exact_year,2025,measured_multicenter_isolate_fraction,https://www.mdpi.com/2227-9059/14/1/167,"Japanese children at six clinics, March-August 2025; 43/52 sequenced B. pertussis isolates carried the A2047G mutation associated with macrolide resistance.",Japan,JPN,3,relative_detection_prior_mean,True,0.0,prospective_policy,7.644092124256049e-05,2.2471172848738243e-16,Japan,maternal_direct_antibody_only,180.0,7.349919218851434,5.7791560269947375,4.7791560269947375,0.25,calibrated_country_scenario_analysis,,
maternal_duration_sensitivity,maternal_immunization_maternal_duration_180d,symptom_protective,country_timeline,maternal_immunization,2027-01-01,2032-01-01,2027,2032,2501184.918288273,13412492.893380636,143963.00294814675,76777.05610352782,182008.3310760167,366140.3347258713,277116.7454115875,720034.1362409865,3592990.382796782,95860.49355500126,193.67992560267345,183.28626264815145,183.7548617926579,22859.54717441706,13340908.66116602,0.9946628689548126,0.827,0.9981002522364936,118980814.51402107,715391.0743220068,7149047.978079527,7916218.119642133,15780657.172043666,4.999418194761015,2254.8263468395376,24.20218035513908,2146.685743169744,5088.951169632705,1024.4243577039408,700.2055541429233,912.6589876036078,4554.1937530241075,121.50526842495213,0.32560285591529226,5.1246821239812155,2.329132990922517,28.974975117426666,28331.818727298858,121839.82817987291,76924.98103205598,76924.98103205598,92354.59914623598,1740.0,476.0,1,,0.8170677290054899,0.1864817329761765,5.362455528701851,0.559719564205671,0.4416397805390237,0.0009352213886100596,0.01108355694520056,0.015125404715312988,0.5325753811565475,,M2;M3;M4;Y1,2.0,12.0,4,aP,True,Japan,/home/ctm/pertussis_transmission_analysis/outputs/calibrations/Japan_calibrated_config.yaml,current,fitted_parameters_and_state_only,fe4b0945dbc60905bca91e1dac7a67bb5863846eea9d42ff0fc0dbee6b1fb742,fbaadbe47d956b3f84d024d1fe55f5b483b9cf95f7db1635c7b7f23a7bb227b0,True,state_reconstruction_accepted,48.26940985961891,41.43058288594312,True,Japan,JPN,1,contact_reduction_mean,Japan,JPN,2025,2025,True,False,exact_year,2025,measured_multicenter_isolate_fraction,https://www.mdpi.com/2227-9059/14/1/167,"Japanese children at six clinics, March-August 2025; 43/52 sequenced B. pertussis isolates carried the A2047G mutation associated with macrolide resistance.",Japan,JPN,3,relative_detection_prior_mean,True,0.0,prospective_policy,,,Japan,maternal_immunization,180.0,7.349919218851434,3.292849844262797,2.292849844262797,0.25,calibrated_country_scenario_analysis,True,False
maternal_duration_sensitivity,current_maternal_duration_270d,symptom_protective,country_timeline,current,2027-01-01,2032-01-01,2027,2032,4623338.927342547,23167622.873741448,268785.9104594133,164474.43041187563,350384.305152403,627806.0853324005,441415.6524335415,1233696.1681778175,5877840.898367988,176091.8976457636,668.8349271196056,649.1177730005353,649.9506857907071,56489.76158393091,23080565.332284782,0.9962422756132077,0.827,0.9988551921650353,118980814.51400484,715391.0743244722,7149047.978159599,7916218.119610905,15780657.172094977,4.999418194761015,3894.799189429041,45.18664482292681,4598.703477297007,9796.74176988856,1756.5391865487431,1115.34830225342,1563.736827442743,7450.2916647645525,223.20032473608984,1.1244044096383294,18.14932663027065,8.238266840803746,71.60200610230069,48400.70578993566,234597.70787281537,139266.9744220854,139266.9744220854,157774.12049148645,1710.0,476.0,1,,0.8081909290642877,0.19956034991327112,5.011015466923163,0.45495907027028065,0.3499820519454251,4.612135387815944e-05,0.010963269457823242,0.015026533340162244,0.4289231461184171,,M2;M3;M4;Y1,2.0,12.0,4,aP,True,Japan,/home/ctm/pertussis_transmission_analysis/outputs/calibrations/Japan_calibrated_config.yaml,current,fitted_parameters_and_state_only,fe4b0945dbc60905bca91e1dac7a67bb5863846eea9d42ff0fc0dbee6b1fb742,fbaadbe47d956b3f84d024d1fe55f5b483b9cf95f7db1635c7b7f23a7bb227b0,True,state_reconstruction_accepted,48.26940985961891,41.43058288594312,True,Japan,JPN,1,contact_reduction_mean,Japan,JPN,2025,2025,True,False,exact_year,2025,measured_multicenter_isolate_fraction,https://www.mdpi.com/2227-9059/14/1/167,"Japanese children at six clinics, March-August 2025; 43/52 sequenced B. pertussis isolates carried the A2047G mutation associated with macrolide resistance.",Japan,JPN,3,relative_detection_prior_mean,True,0.0,prospective_policy,7.644092124256049e-05,2.2471172848738243e-16,Japan,current,270.0,7.349919218851434,6.147910402474885,5.147910402474885,0.25,calibrated_country_scenario_analysis,,
maternal_duration_sensitivity,maternal_direct_antibody_only_maternal_duration_270d,symptom_protective,country_timeline,maternal_direct_antibody_only,2027-01-01,2032-01-01,2027,2032,4476317.336852753,22573720.082391113,251231.9309508421,135153.01582008973,322557.4814465297,608685.6296167652,432823.63689013454,1176662.2823269893,5716897.93374681,160974.09794972138,329.02252571522644,309.9346530670374,310.737197024435,39502.057129605746,22485324.95119585,0.9960841575569896,0.827,0.9987846662842659,118980814.51408331,715391.0743117076,7149047.977715357,7916218.119781897,15780657.171808962,4.999418194761015,3794.955881247835,42.235577053286384,3778.8770100840993,9018.704049427035,1703.042047149462,1093.6384016033874,1491.4451319797627,7246.2929435027,204.03818357052356,0.5531325649776354,8.665769890495675,3.938661813061667,50.06971982872202,47038.61593851383,221695.19846308007,135008.32217045678,135008.32217045678,153334.0503556032,1740.0,476.0,1,,0.8092535583919341,0.19829772498794096,5.0429222022633535,0.4556968045298685,0.34978867008493403,0.001160115365056133,0.010903846248122021,0.014939962373907474,0.4286928805427829,,M2;M3;M4;Y1,2.0,12.0,4,aP,True,Japan,/home/ctm/pertussis_transmission_analysis/outputs/calibrations/Japan_calibrated_config.yaml,current,fitted_parameters_and_state_only,fe4b0945dbc60905bca91e1dac7a67bb5863846eea9d42ff0fc0dbee6b1fb742,fbaadbe47d956b3f84d024d1fe55f5b483b9cf95f7db1635c7b7f23a7bb227b0,True,state_reconstruction_accepted,48.26940985961891,41.43058288594312,True,Japan,JPN,1,contact_reduction_mean,Japan,JPN,2025,2025,True,False,exact_year,2025,measured_multicenter_isolate_fraction,https://www.mdpi.com/2227-9059/14/1/167,"Japanese children at six clinics, March-August 2025; 43/52 sequenced B. pertussis isolates carried the A2047G mutation associated with macrolide resistance.",Japan,JPN,3,relative_detection_prior_mean,True,0.0,prospective_policy,7.644092124256049e-05,2.2471172848738243e-16,Japan,maternal_direct_antibody_only,270.0,7.349919218851434,5.746400170624801,4.746400170624801,0.25,calibrated_country_scenario_analysis,,
maternal_duration_sensitivity,maternal_immunization_maternal_duration_270d,symptom_protective,country_timeline,maternal_immunization,2027-01-01,2032-01-01,2027,2032,2489688.7368949256,13358358.185597159,142891.969846668,75332.57466707141,180335.2688730788,364469.2290834515,276160.01502133586,715961.8187718588,3578058.3912472073,94989.5116422269,178.81830804908967,168.47185330694828,168.93800560211756,22081.04106305853,13286704.817427356,0.9946360647637777,0.827,0.9980883138873793,118980814.51402345,715391.0743216727,7149047.978070905,7916218.119645583,15780657.172038162,4.999418194761015,2245.7255505625467,24.02212481477418,2106.298056232939,5042.172366685908,1019.7487697897528,697.7881328060755,907.4972363042184,4535.267127738608,120.40127983511475,0.3006184126183866,4.710471382647368,2.1413261038647744,27.988201624800382,28207.825096521163,121039.01100271613,76582.22461891065,76582.22461891065,91950.41111378631,1740.0,476.0,1,,0.8171550068298424,0.18637685127946949,5.3654731965640625,0.5598646427921529,0.4417151553465427,0.001016695306787423,0.011077177256746241,0.015116362688717383,0.5326544075399018,,M2;M3;M4;Y1,2.0,12.0,4,aP,True,Japan,/home/ctm/pertussis_transmission_analysis/outputs/calibrations/Japan_calibrated_config.yaml,current,fitted_parameters_and_state_only,fe4b0945dbc60905bca91e1dac7a67bb5863846eea9d42ff0fc0dbee6b1fb742,fbaadbe47d956b3f84d024d1fe55f5b483b9cf95f7db1635c7b7f23a7bb227b0,True,state_reconstruction_accepted,48.26940985961891,41.43058288594312,True,Japan,JPN,1,contact_reduction_mean,Japan,JPN,2025,2025,True,False,exact_year,2025,measured_multicenter_isolate_fraction,https://www.mdpi.com/2227-9059/14/1/167,"Japanese children at six clinics, March-August 2025; 43/52 sequenced B. pertussis isolates carried the A2047G mutation associated with macrolide resistance.",Japan,JPN,3,relative_detection_prior_mean,True,0.0,prospective_policy,,,Japan,maternal_immunization,270.0,7.349919218851434,3.268352222587842,2.268352222587842,0.25,calibrated_country_scenario_analysis,True,False
maternal_duration_sensitivity,current_maternal_duration_90d,symptom_protective,country_timeline,current,2027-01-01,2032-01-01,2027,2032,230387.4216832035,1157762.4040130056,27970.467636300917,17147.276982071868,37731.66603123576,60599.9014530469,27370.212594395776,105117.39102951455,458040.3231264109,23125.68085514883,62.15081853523355,61.50483637677859,61.5877214690593,5627.247247874984,1061074.7579850608,0.916487488544447,0.01,0.9975580506039677,5353994.955473978,54342.68541248571,540348.1696157748,515842.43326745887,1110533.2882957193,4.999418194761015,4325.357598454197,104.49663445940703,6311.5292736149895,13888.182651239495,2243.2556321892916,1061.308493690815,1893.3178344263338,8249.975614578754,416.5273088257232,2.3219316352796384,22.638555128420982,11.09284869963254,101.35494677694928,26710.564838510876,18077.544129152364,11436.342520735965,11436.342520735965,3918.0336822807626,1200.0,1076.0,1,,0.8147946407019567,0.19899369757097024,5.025284781410498,0.7218863772156026,0.5484326451015085,0.0013824427504806418,0.022446025932568888,0.030841400440760322,0.6672165080917928,,W6;M3;M5;Y4;Y11-Y13,1.3808219178082193,156.0,5,aP,True,New_Zealand,/home/ctm/pertussis_transmission_analysis/outputs/calibrations/New_Zealand_calibrated_config.yaml,current,fitted_parameters_and_state_only,fe4b0945dbc60905bca91e1dac7a67bb5863846eea9d42ff0fc0dbee6b1fb742,fbaadbe47d956b3f84d024d1fe55f5b483b9cf95f7db1635c7b7f23a7bb227b0,True,state_reconstruction_accepted,30.018541530691316,28.765002611277744,True,New_Zealand,NZL,1,contact_reduction_mean,New_Zealand,NZL,2025,2025,True,False,exact_year,2025,low_detected_model_anchor,https://www.tewhatuora.govt.nz/for-health-professionals/clinical-guidance/communicable-disease-control-manual/pertussis,"Health New Zealand notes MRBP has been detected by PHF Science and is being assessed; no public national fraction was located, so use a low detected/imported anchor pending surveillance.",New_Zealand,NZL,3,relative_detection_prior_mean,True,0.0,prospective_policy,1.0204827386537681e-05,1.352852648487234e-16,New_Zealand,current,90.0,25.11070274470987,4.161438073708295,3.161438073708295,0.25,calibrated_country_scenario_analysis,,
maternal_duration_sensitivity,maternal_direct_antibody_only_maternal_duration_90d,symptom_protective,country_timeline,maternal_direct_antibody_only,2027-01-01,2032-01-01,2027,2032,229773.3122129992,1160171.7055354943,27284.492133366475,15884.38188963956,36569.39530347091,60659.25655664523,27486.207022930004,104029.84546921481,457822.51082652144,22421.885894403902,46.896771439883764,46.248432039136034,46.33122193078876,4868.587945412635,1062984.6763680575,0.9162304780372327,0.01,0.9975370732397293,5353994.955455824,54342.68541361216,540348.169613464,515842.4332723698,1110533.288299446,4.999418194761015,4334.358660008931,101.9338553060278,5846.685826121657,13460.376782435498,2245.4528085515535,1065.8062984309827,1873.7295495044839,8246.052496712073,403.85093303243445,1.7520460673801614,17.023013798222344,8.344930169300225,87.69038400985171,25527.319395148643,17785.38627763786,11411.042092312215,11411.042092312215,3744.4695689845325,1200.0,1076.0,1,,0.815766661231036,0.198051125636566,5.049201294796231,0.7229833205250863,0.5489934269868927,0.0019444772780206794,0.022420397710499147,0.030804020945986707,0.6678144245905797,,W6;M3;M5;Y4;Y11-Y13,1.3808219178082193,156.0,5,aP,True,New_Zealand,/home/ctm/pertussis_transmission_analysis/outputs/calibrations/New_Zealand_calibrated_config.yaml,current,fitted_parameters_and_state_only,fe4b0945dbc60905bca91e1dac7a67bb5863846eea9d42ff0fc0dbee6b1fb742,fbaadbe47d956b3f84d024d1fe55f5b483b9cf95f7db1635c7b7f23a7bb227b0,True,state_reconstruction_accepted,30.018541530691316,28.765002611277744,True,New_Zealand,NZL,1,contact_reduction_mean,New_Zealand,NZL,2025,2025,True,False,exact_year,2025,low_detected_model_anchor,https://www.tewhatuora.govt.nz/for-health-professionals/clinical-guidance/communicable-disease-control-manual/pertussis,"Health New Zealand notes MRBP has been detected by PHF Science and is being assessed; no public national fraction was located, so use a low detected/imported anchor pending surveillance.",New_Zealand,NZL,3,relative_detection_prior_mean,True,0.0,prospective_policy,1.0204827386537681e-05,1.352852648487234e-16,New_Zealand,maternal_direct_antibody_only,90.0,25.11070274470987,4.059378837077845,3.059378837077845,0.25,calibrated_country_scenario_analysis,,
maternal_duration_sensitivity,maternal_immunization_maternal_duration_90d,symptom_protective,country_timeline,maternal_immunization,2027-01-01,2032-01-01,2027,2032,229940.14114681154,1162377.5735571925,27148.819920516973,15536.79611927027,35777.30837653711,60771.33172166215,27560.72360124771,103868.85144218012,457986.94337814563,22274.239034569226,45.79368874946991,45.143282553122376,45.226175394003135,4768.933175820165,1065184.896100921,0.916384589941085,0.01,0.9975293397715881,5353994.955464511,54342.68541251348,540348.169612882,515842.4332697636,1110533.288295159,4.999418194761015,4342.599701493474,101.42698892748054,5718.747275584246,13168.827294598545,2249.6015487189857,1068.695756354031,1870.829811802897,8249.014167305751,401.19159731243144,1.7108353053057967,16.61623298199808,8.145895138546628,85.89545597109733,24905.908093390855,17726.416941480442,11405.21596573208,11405.21596573208,3653.3179806377366,1200.0,1076.0,1,,0.8160090423052783,0.19781880378432629,5.055131164832333,0.723028943357057,0.5490173297821938,0.0018889049934948784,0.02233427197784071,0.03068617845986471,0.6681195879258567,,W6;M3;M5;Y4;Y11-Y13,1.3808219178082193,156.0,5,aP,True,New_Zealand,/home/ctm/pertussis_transmission_analysis/outputs/calibrations/New_Zealand_calibrated_config.yaml,current,fitted_parameters_and_state_only,fe4b0945dbc60905bca91e1dac7a67bb5863846eea9d42ff0fc0dbee6b1fb742,fbaadbe47d956b3f84d024d1fe55f5b483b9cf95f7db1635c7b7f23a7bb227b0,True,state_reconstruction_accepted,30.018541530691316,28.765002611277744,True,New_Zealand,NZL,1,contact_reduction_mean,New_Zealand,NZL,2025,2025,True,False,exact_year,2025,low_detected_model_anchor,https://www.tewhatuora.govt.nz/for-health-professionals/clinical-guidance/communicable-disease-control-manual/pertussis,"Health New Zealand notes MRBP has been detected by PHF Science and is being assessed; no public national fraction was located, so use a low detected/imported anchor pending surveillance.",New_Zealand,NZL,3,relative_detection_prior_mean,True,0.0,prospective_policy,,,New_Zealand,maternal_immunization,90.0,25.11070274470987,4.0391935645388655,3.0391935645388655,0.25,calibrated_country_scenario_analysis,True,False
maternal_duration_sensitivity,current_maternal_duration_180d,symptom_protective,country_timeline,current,2027-01-01,2032-01-01,2027,2032,230232.05210699714,1158088.435061168,27846.18267348308,16923.77993715307,37668.37411839167,60596.98691301636,27385.931267925538,104906.69811809497,458058.9103478909,22999.328947708746,58.84116338016875,58.19494036550741,58.27778016708888,5476.217395167463,1061305.7065455439,0.9164288964594381,0.01,0.9975546632889712,5353994.955452212,54342.68541387402,540348.1696131175,515842.4332733642,1110533.2883003557,4.999418194761015,4326.575638431118,104.03231042716627,6229.265008228997,13864.886312865185,2243.1477432734105,1061.9180016124806,1889.522947170284,8250.310397567137,414.251526316198,2.198284140572882,21.42025640968069,10.49667989854177,98.63467840932084,26533.392338127695,18026.062867683566,11430.512125673999,11430.512125673999,3892.045170667672,1200.0,1076.0,1,,0.8149886295061026,0.19880351546282107,5.03009213731441,0.7222122856031962,0.5484673252115191,0.0017092110332972469,0.022436361148335294,0.030827839120097192,0.6672388743014664,,W6;M3;M5;Y4;Y11-Y13,1.3808219178082193,156.0,5,aP,True,New_Zealand,/home/ctm/pertussis_transmission_analysis/outputs/calibrations/New_Zealand_calibrated_config.yaml,current,fitted_parameters_and_state_only,fe4b0945dbc60905bca91e1dac7a67bb5863846eea9d42ff0fc0dbee6b1fb742,fbaadbe47d956b3f84d024d1fe55f5b483b9cf95f7db1635c7b7f23a7bb227b0,True,state_reconstruction_accepted,30.018541530691316,28.765002611277744,True,New_Zealand,NZL,1,contact_reduction_mean,New_Zealand,NZL,2025,2025,True,False,exact_year,2025,low_detected_model_anchor,https://www.tewhatuora.govt.nz/for-health-professionals/clinical-guidance/communicable-disease-control-manual/pertussis,"Health New Zealand notes MRBP has been detected by PHF Science and is being assessed; no public national fraction was located, so use a low detected/imported anchor pending surveillance.",New_Zealand,NZL,3,relative_detection_prior_mean,True,0.0,prospective_policy,1.0204827386537681e-05,1.352852648487234e-16,New_Zealand,current,180.0,25.11070274470987,4.142946992954349,3.142946992954349,0.25,calibrated_country_scenario_analysis,,
maternal_duration_sensitivity,maternal_direct_antibody_only_maternal_duration_180d,symptom_protective,country_timeline,maternal_direct_antibody_only,2027-01-01,2032-01-01,2027,2032,229493.50156959158,1161214.8100341843,26995.38407924336,15354.304318630311,36225.69987349643,60675.09160321184,27532.563589408383,103561.95951125052,457825.59159732366,22125.705940585125,39.865826297835746,39.21657420806082,39.29930267409693,4532.908624444986,1063827.4162392274,0.9161331797067849,0.01,0.9975238029278504,5353994.955444473,54342.68541451183,540348.1696126077,515842.43327553,1110533.2883026495,4.999418194761015,4338.255659915316,100.85375828949142,5651.576123762233,13333.870178879732,2246.0389820726423,1067.6038225602779,1865.3022396123906,8246.10798587277,398.51629921597896,1.4893725526002848,14.43474415060945,7.078378744391629,81.64430886629769,25060.246309751506,17664.34291213505,11398.677461221792,11398.677461221792,3675.9570499891925,1200.0,1076.0,1,,0.8161967912570184,0.19763225510604335,5.059902795034297,0.7235661404498581,0.549157056287413,0.002409613791807869,0.022402452574743974,0.030778737561963365,0.6679753365213428,,W6;M3;M5;Y4;Y11-Y13,1.3808219178082193,156.0,5,aP,True,New_Zealand,/home/ctm/pertussis_transmission_analysis/outputs/calibrations/New_Zealand_calibrated_config.yaml,current,fitted_parameters_and_state_only,fe4b0945dbc60905bca91e1dac7a67bb5863846eea9d42ff0fc0dbee6b1fb742,fbaadbe47d956b3f84d024d1fe55f5b483b9cf95f7db1635c7b7f23a7bb227b0,True,state_reconstruction_accepted,30.018541530691316,28.765002611277744,True,New_Zealand,NZL,1,contact_reduction_mean,New_Zealand,NZL,2025,2025,True,False,exact_year,2025,low_detected_model_anchor,https://www.tewhatuora.govt.nz/for-health-professionals/clinical-guidance/communicable-disease-control-manual/pertussis,"Health New Zealand notes MRBP has been detected by PHF Science and is being assessed; no public national fraction was located, so use a low detected/imported anchor pending surveillance.",New_Zealand,NZL,3,relative_detection_prior_mean,True,0.0,prospective_policy,1.0204827386537681e-05,1.352852648487234e-16,New_Zealand,maternal_direct_antibody_only,180.0,25.11070274470987,4.0163654245295275,3.0163654245295275,0.25,calibrated_country_scenario_analysis,,
maternal_duration_sensitivity,maternal_immunization_maternal_duration_180d,symptom_protective,country_timeline,maternal_immunization,2027-01-01,2032-01-01,2027,2032,229678.6224189602,1163457.8845975678,26867.094547984732,15018.506131754595,35437.738995050546,60788.98166199402,27607.235274873816,103414.72306862242,458004.02884532185,21985.268583823636,38.93296063688514,38.28161161586108,38.36444873484805,4441.25396716871,1066065.5343606714,0.9162906096333828,0.01,0.9975137150406039,5353994.955437135,54342.68541357933,540348.1696074873,515842.43327688135,1110533.288297948,4.999418194761015,4346.635703679004,100.37447333711084,5527.9763191400025,13043.839397202215,2250.254905052405,1070.499294916269,1862.6502961124197,8249.321901518138,395.9868171826617,1.4545210359096825,14.090605324823448,6.909997887702739,79.99347454199449,24448.67504985925,17608.706946556944,11393.697599663721,11393.697599663721,3586.2488461388534,1200.0,1076.0,1,,0.8164285742273903,0.19741034502370877,5.065590660306587,0.7235898545550671,0.5491736085485883,0.002341157496116356,0.02231507075173995,0.030659301658958943,0.6682743246482518,,W6;M3;M5;Y4;Y11-Y13,1.3808219178082193,156.0,5,aP,True,New_Zealand,/home/ctm/pertussis_transmission_analysis/outputs/calibrations/New_Zealand_calibrated_config.yaml,current,fitted_parameters_and_state_only,fe4b0945dbc60905bca91e1dac7a67bb5863846eea9d42ff0fc0dbee6b1fb742,fbaadbe47d956b3f84d024d1fe55f5b483b9cf95f7db1635c7b7f23a7bb227b0,True,state_reconstruction_accepted,30.018541530691316,28.765002611277744,True,New_Zealand,NZL,1,contact_reduction_mean,New_Zealand,NZL,2025,2025,True,False,exact_year,2025,low_detected_model_anchor,https://www.tewhatuora.govt.nz/for-health-professionals/clinical-guidance/communicable-disease-control-manual/pertussis,"Health New Zealand notes MRBP has been detected by PHF Science and is being assessed; no public national fraction was located, so use a low detected/imported anchor pending surveillance.",New_Zealand,NZL,3,relative_detection_prior_mean,True,0.0,prospective_policy,,,New_Zealand,maternal_immunization,180.0,25.11070274470987,3.9972785452313544,2.9972785452313544,0.25,calibrated_country_scenario_analysis,True,False
maternal_duration_sensitivity,current_maternal_duration_270d,symptom_protective,country_timeline,current,2027-01-01,2032-01-01,2027,2032,230163.79476461737,1158242.3821463669,27790.55175335826,16823.547061455145,37640.15551983812,60595.9850160282,27393.12585026315,104812.6579277465,458069.65947298124,22942.73388723669,57.35620077588588,56.70986429590325,56.79268417929208,5408.462661261133,1061418.3645402135,0.9164043562050229,0.01,0.9975530507489394,5353994.955444384,54342.68541439705,540348.1696122336,515842.4332754988,1110533.2883021294,4.999418194761015,4327.150779064244,103.8244753635452,6192.371527659849,13854.499677523649,2243.1106555754877,1062.1969790298733,1887.829145905698,8250.504005005956,413.23216656657263,2.1428064859068177,20.87363311200741,10.229192407447055,97.41431663253866,26453.382273279287,18003.058984316667,11427.836856478289,11427.836856478289,3880.3089108377862,1200.0,1076.0,1,,0.8150756943974493,0.1987181597845654,5.032252719550752,0.7223582184124547,0.5484827835688391,0.001855703966881144,0.022432005151315666,0.03082173137097073,0.6672487779232873,,W6;M3;M5;Y4;Y11-Y13,1.3808219178082193,156.0,5,aP,True,New_Zealand,/home/ctm/pertussis_transmission_analysis/outputs/calibrations/New_Zealand_calibrated_config.yaml,current,fitted_parameters_and_state_only,fe4b0945dbc60905bca91e1dac7a67bb5863846eea9d42ff0fc0dbee6b1fb742,fbaadbe47d956b3f84d024d1fe55f5b483b9cf95f7db1635c7b7f23a7bb227b0,True,state_reconstruction_accepted,30.018541530691316,28.765002611277744,True,New_Zealand,NZL,1,contact_reduction_mean,New_Zealand,NZL,2025,2025,True,False,exact_year,2025,low_detected_model_anchor,https://www.tewhatuora.govt.nz/for-health-professionals/clinical-guidance/communicable-disease-control-manual/pertussis,"Health New Zealand notes MRBP has been detected by PHF Science and is being assessed; no public national fraction was located, so use a low detected/imported anchor pending surveillance.",New_Zealand,NZL,3,relative_detection_prior_mean,True,0.0,prospective_policy,1.0204827386537681e-05,1.352852648487234e-16,New_Zealand,current,270.0,25.11070274470987,4.13467024077684,3.13467024077684,0.25,calibrated_country_scenario_analysis,,
maternal_duration_sensitivity,maternal_direct_antibody_only_maternal_duration_270d,symptom_protective,country_timeline,maternal_direct_antibody_only,2027-01-01,2032-01-01,2027,2032,229371.65999596642,1161705.9402307817,26865.560578485085,15115.746607782716,36071.14502396896,60682.99411634423,27553.833891884875,103352.57461601181,457833.1832795336,21992.589139818916,36.69957298735452,36.04989382075091,36.13259588419881,4381.782425170862,1064231.6738064627,0.916093855554397,0.01,0.9975171961842256,5353994.95544051,54342.685414788626,540348.1696121967,515842.4332766159,1110533.2883036013,4.999418194761015,4340.090504201199,100.3687424836288,5563.768364112394,13276.981994282552,2246.3315131951567,1068.4286006851062,1861.5309116456524,8246.244723157035,396.1186710926193,1.3710824978566791,13.269159901518504,6.508008572242772,78.92230515656185,24849.590286983443,17610.09151085848,11392.997329872374,11392.997329872374,3645.057014829393,1200.0,1076.0,1,,0.8163902838562684,0.19744382123965037,5.064731799260688,0.7238265918983131,0.5492297294150319,0.0026186665823692344,0.02239407943951386,0.03076697785260108,0.6680468680238288,,W6;M3;M5;Y4;Y11-Y13,1.3808219178082193,156.0,5,aP,True,New_Zealand,/home/ctm/pertussis_transmission_analysis/outputs/calibrations/New_Zealand_calibrated_config.yaml,current,fitted_parameters_and_state_only,fe4b0945dbc60905bca91e1dac7a67bb5863846eea9d42ff0fc0dbee6b1fb742,fbaadbe47d956b3f84d024d1fe55f5b483b9cf95f7db1635c7b7f23a7bb227b0,True,state_reconstruction_accepted,30.018541530691316,28.765002611277744,True,New_Zealand,NZL,1,contact_reduction_mean,New_Zealand,NZL,2025,2025,True,False,exact_year,2025,low_detected_model_anchor,https://www.tewhatuora.govt.nz/for-health-professionals/clinical-guidance/communicable-disease-control-manual/pertussis,"Health New Zealand notes MRBP has been detected by PHF Science and is being assessed; no public national fraction was located, so use a low detected/imported anchor pending surveillance.",New_Zealand,NZL,3,relative_detection_prior_mean,True,0.0,prospective_policy,1.0204827386537681e-05,1.352852648487234e-16,New_Zealand,maternal_direct_antibody_only,270.0,25.11070274470987,3.9970503216909656,2.9970503216909656,0.25,calibrated_country_scenario_analysis,,
maternal_duration_sensitivity,maternal_immunization_maternal_duration_270d,symptom_protective,country_timeline,maternal_immunization,2027-01-01,2032-01-01,2027,2032,229564.51750750805,1163962.884440221,26740.568111065237,14785.282349414965,35284.99153249503,60797.60978806377,27628.51813503859,103211.41027251731,458017.07438164053,21855.385295959426,35.84302551108215,35.191237772901324,35.27405107445255,4293.729165844004,1066483.8828103708,0.9162524828472256,0.01,0.9975061058788779,5353994.9554212615,54342.68541399231,540348.1696037402,515842.4332809154,1110533.288298648,4.999418194761015,4348.5223644601865,99.9017752402483,5442.131859301956,12987.616471307303,2250.574296551123,1071.3245599724057,1858.9883355254487,8249.556870687209,393.6474293523094,1.339082200372882,12.953107808573892,6.35337210498295,77.33633727253535,24242.77118142044,17555.935499090687,11388.388213800878,11388.388213800878,3556.0458797467663,1200.0,1076.0,1,,0.8166172877599136,0.19722666467832556,5.07030832585943,0.723840552886671,0.5492429697314658,0.002544452818696512,0.022306131065387428,0.030646820729185138,0.6683431482734019,,W6;M3;M5;Y4;Y11-Y13,1.3808219178082193,156.0,5,aP,True,New_Zealand,/home/ctm/pertussis_transmission_analysis/outputs/calibrations/New_Zealand_calibrated_config.yaml,current,fitted_parameters_and_state_only,fe4b0945dbc60905bca91e1dac7a67bb5863846eea9d42ff0fc0dbee6b1fb742,fbaadbe47d956b3f84d024d1fe55f5b483b9cf95f7db1635c7b7f23a7bb227b0,True,state_reconstruction_accepted,30.018541530691316,28.765002611277744,True,New_Zealand,NZL,1,contact_reduction_mean,New_Zealand,NZL,2025,2025,True,False,exact_year,2025,low_detected_model_anchor,https://www.tewhatuora.govt.nz/for-health-professionals/clinical-guidance/communicable-disease-control-manual/pertussis,"Health New Zealand notes MRBP has been detected by PHF Science and is being assessed; no public national fraction was located, so use a low detected/imported anchor pending surveillance.",New_Zealand,NZL,3,relative_detection_prior_mean,True,0.0,prospective_policy,,,New_Zealand,maternal_immunization,270.0,25.11070274470987,3.9784539786045947,2.9784539786045947,0.25,calibrated_country_scenario_analysis,True,False
maternal_duration_sensitivity,current_maternal_duration_90d,symptom_protective,country_timeline,current,2027-01-01,2032-01-01,2027,2032,289047.7122645697,977274.5451642326,32205.331281777522,9702.491257874786,14508.545195969982,41300.002435625676,25867.79648303961,76870.29017654007,228382.67456585544,21027.016764203567,37.88656436444088,36.877761223670284,36.929788565563555,3289.9445935161802,14730.782164587443,0.015073330455068704,0.010000000000000002,0.010179084606864801,10733209.7600291,91134.33168357755,959976.4044762105,1003832.8384131803,2054943.5745729683,4.999418194761015,1821.2413563887649,60.01760868202821,2129.5202811167105,3184.361667859307,860.5379989309811,515.4405364567691,748.2369528415123,2223.022133863394,204.67193391441964,0.7060511113630703,8.093997547717116,3.59465697370447,32.02353096386807,86160.87622979347,24847.46674455694,57705.80339591393,57705.80339591393,25336.513909103523,0.0,150.0,1,,0.8159964309620753,0.2957692019042558,3.3810146342542873,0.5230343972732734,0.41034796806068896,0.0007729367933220941,0.009827245874045824,0.013719232823328821,0.49871498178257656,,M3;M5;M12;Y5;Y14-Y16,3.0,192.0,5,aP,True,Sweden,/home/ctm/pertussis_transmission_analysis/outputs/calibrations/Sweden_calibrated_config.yaml,current,fitted_parameters_and_state_only,fe4b0945dbc60905bca91e1dac7a67bb5863846eea9d42ff0fc0dbee6b1fb742,fbaadbe47d956b3f84d024d1fe55f5b483b9cf95f7db1635c7b7f23a7bb227b0,True,state_reconstruction_accepted,27.539835888459052,25.329566843520027,True,Sweden,SWE,1,contact_reduction_mean,Sweden,SWE,2025,2025,True,False,exact_year,2025,low_imported_model_anchor,https://www.folkhalsomyndigheten.se/contentassets/975cc036216b48a39b7bf34319d4ecee/pertussis-surveillance-sweden-23rd-annual-report.pdf,"No public Swedish MRBP prevalence estimate was located in the accessible national surveillance material, so keep a conservative low anchor pending numeric reporting.",Sweden,SWE,2,relative_detection_prior_mean,True,0.0,prospective_policy,3.202340290308184e-05,1.4235413699758381e-16,Sweden,current,90.0,5.954795201043958,10.078870331511366,9.078870331511366,0.25,calibrated_country_scenario_analysis,,
maternal_duration_sensitivity,maternal_direct_antibody_only_maternal_duration_90d,symptom_protective,country_timeline,maternal_direct_antibody_only,2027-01-01,2032-01-01,2027,2032,288548.0537930016,976373.6926707963,31874.931156366933,9295.15574625246,14051.818917177028,41268.42810804385,25863.97798366864,76427.56183796495,227770.28064673237,20699.652676397465,33.523808185542094,32.51535136084568,32.567315244592955,3062.6183598094167,14710.069905598695,0.015066024428987239,0.010000000000000002,0.01017343834439244,10733209.760179346,91134.33167114934,959976.4044418618,1003832.8384187619,2054943.5745317729,4.999418194761015,1819.5625345571082,59.4018775383655,2040.1175486158818,3084.11856083889,859.8801077493397,515.364449209073,743.9275414800509,2217.061238496479,201.48545046734614,0.624747121394003,7.136527963764027,3.1700242922679283,29.81079197233948,86142.76737045617,24734.78104912554,57551.04197521457,57551.04197521457,25331.188808477782,0.0,150.0,1,,0.816310417196355,0.2955303445381658,3.38374728173085,0.5234515219405282,0.4105162969220801,0.0010120977591559321,0.009822647821012437,0.013712786960285998,0.4989039894000739,,M3;M5;M12;Y5;Y14-Y16,3.0,192.0,5,aP,True,Sweden,/home/ctm/pertussis_transmission_analysis/outputs/calibrations/Sweden_calibrated_config.yaml,current,fitted_parameters_and_state_only,fe4b0945dbc60905bca91e1dac7a67bb5863846eea9d42ff0fc0dbee6b1fb742,fbaadbe47d956b3f84d024d1fe55f5b483b9cf95f7db1635c7b7f23a7bb227b0,True,state_reconstruction_accepted,27.539835888459052,25.329566843520027,True,Sweden,SWE,1,contact_reduction_mean,Sweden,SWE,2025,2025,True,False,exact_year,2025,low_imported_model_anchor,https://www.folkhalsomyndigheten.se/contentassets/975cc036216b48a39b7bf34319d4ecee/pertussis-surveillance-sweden-23rd-annual-report.pdf,"No public Swedish MRBP prevalence estimate was located in the accessible national surveillance material, so keep a conservative low anchor pending numeric reporting.",Sweden,SWE,2,relative_detection_prior_mean,True,0.0,prospective_policy,3.202340290308184e-05,1.4235413699758381e-16,Sweden,maternal_direct_antibody_only,90.0,5.954795201043958,9.975469438134754,8.975469438134754,0.25,calibrated_country_scenario_analysis,,
maternal_duration_sensitivity,maternal_immunization_maternal_duration_90d,symptom_protective,country_timeline,maternal_immunization,2027-01-01,2032-01-01,2027,2032,288185.8921984858,975301.8028037986,31724.560375167814,9103.987051717926,13491.915045779948,41241.69852355239,25859.90009088442,76205.58566615473,227081.483368908,20557.733950563754,32.85415982563567,31.846066667755125,31.89797396347932,3005.265990780312,14689.465536851727,0.01506145635599405,0.010000000000000002,0.010172926857268217,10733209.760262374,91134.33166461301,959976.4044205775,1003832.8384190405,2054943.574504231,4.999418194761015,1817.5649687976775,59.12164770191825,1998.1594988767986,2961.22984947313,859.3231629307446,515.2831933027426,741.7668787161094,2210.356651160666,200.10404765852283,0.6122676058496754,6.9896321526545915,3.1048722186733753,29.25253777929888,86093.48676335448,24667.760279182192,57421.945872095035,57421.945872095035,25316.697326670022,0.0,150.0,1,,0.8165159986234712,0.295483809596177,3.384280178892543,0.5244207180545866,0.411479921222036,0.0009690324018128702,0.009756980928088774,0.013622178877012404,0.5000725258476725,,M3;M5;M12;Y5;Y14-Y16,3.0,192.0,5,aP,True,Sweden,/home/ctm/pertussis_transmission_analysis/outputs/calibrations/Sweden_calibrated_config.yaml,current,fitted_parameters_and_state_only,fe4b0945dbc60905bca91e1dac7a67bb5863846eea9d42ff0fc0dbee6b1fb742,fbaadbe47d956b3f84d024d1fe55f5b483b9cf95f7db1635c7b7f23a7bb227b0,True,state_reconstruction_accepted,27.539835888459052,25.329566843520027,True,Sweden,SWE,1,contact_reduction_mean,Sweden,SWE,2025,2025,True,False,exact_year,2025,low_imported_model_anchor,https://www.folkhalsomyndigheten.se/contentassets/975cc036216b48a39b7bf34319d4ecee/pertussis-surveillance-sweden-23rd-annual-report.pdf,"No public Swedish MRBP prevalence estimate was located in the accessible national surveillance material, so keep a conservative low anchor pending numeric reporting.",Sweden,SWE,2,relative_detection_prior_mean,True,0.0,prospective_policy,,,Sweden,maternal_immunization,90.0,5.954795201043958,9.92840991266222,8.92840991266222,0.25,calibrated_country_scenario_analysis,True,False
maternal_duration_sensitivity,current_maternal_duration_180d,symptom_protective,country_timeline,current,2027-01-01,2032-01-01,2027,2032,288991.16061655694,977215.9055168619,32167.191202324753,9655.161704789782,14496.412254051353,41296.67381696123,25867.434067935,76819.26958968601,228353.95569807827,20989.171650309425,37.1824658372931,36.17369769186843,36.2257176993065,3257.860576666697,14729.058617617673,0.015072471226128157,0.010000000000000002,0.010178041988140187,10733209.760021752,91134.33168402387,959976.4044790149,1003832.8384142772,2054943.5745773162,4.999418194761015,1821.1320759923547,59.94653112215627,2119.13230542958,3181.6987078679185,860.4686429314751,515.4333149893113,747.7403306943366,2222.7425912933477,204.30355865958077,0.6929295851459715,7.9394684138385285,3.5261244056082472,31.711232845148892,86160.87622985245,24835.31394370738,57688.101121681175,57688.101121681175,25336.513909103523,0.0,150.0,1,,0.8160404980231933,0.295729079914746,3.38147334137138,0.5231495084478789,0.4103504270991221,0.0008888151579423546,0.009826382112906774,0.013718034257194584,0.49871627691983517,,M3;M5;M12;Y5;Y14-Y16,3.0,192.0,5,aP,True,Sweden,/home/ctm/pertussis_transmission_analysis/outputs/calibrations/Sweden_calibrated_config.yaml,current,fitted_parameters_and_state_only,fe4b0945dbc60905bca91e1dac7a67bb5863846eea9d42ff0fc0dbee6b1fb742,fbaadbe47d956b3f84d024d1fe55f5b483b9cf95f7db1635c7b7f23a7bb227b0,True,state_reconstruction_accepted,27.539835888459052,25.329566843520027,True,Sweden,SWE,1,contact_reduction_mean,Sweden,SWE,2025,2025,True,False,exact_year,2025,low_imported_model_anchor,https://www.folkhalsomyndigheten.se/contentassets/975cc036216b48a39b7bf34319d4ecee/pertussis-surveillance-sweden-23rd-annual-report.pdf,"No public Swedish MRBP prevalence estimate was located in the accessible national surveillance material, so keep a conservative low anchor pending numeric reporting.",Sweden,SWE,2,relative_detection_prior_mean,True,0.0,prospective_policy,3.202340290308184e-05,1.4235413699758381e-16,Sweden,current,180.0,5.954795201043958,10.066934142696766,9.066934142696766,0.25,calibrated_country_scenario_analysis,,
maternal_duration_sensitivity,maternal_direct_antibody_only_maternal_duration_180d,symptom_protective,country_timeline,maternal_direct_antibody_only,2027-01-01,2032-01-01,2027,2032,288433.7687641335,976211.2760235723,31798.173444727163,9200.113709385638,13987.1514307252,41261.46723741267,25863.222231013144,76324.80317781145,227670.6850817291,20623.509194879203,32.30551922876365,31.297135127390685,31.34908417534605,3003.8192608809577,14705.593241314455,0.015063945277517326,0.010000000000000002,0.010170991570872734,10733209.760137295,91134.33167400325,959976.404455812,1003832.8384224823,2054943.5745522974,4.999418194761015,1819.2598561445943,59.25883245515628,2019.2575508762911,3069.925224177259,859.7350691574095,515.3493901141154,742.9273133405877,2216.091799151234,200.74428809350323,0.6020431817197922,6.8691516673655775,3.05144460416355,29.23845565704333,86142.76737079366,24709.728662510708,57514.52313504428,57514.52313504428,25331.188808477782,0.0,150.0,1,,0.8163934280507953,0.295462443272545,3.384524912621685,0.523620443679791,0.41053708786191606,0.0011626123697570743,0.00982119776651265,0.013710776009737385,0.49892585753378393,,M3;M5;M12;Y5;Y14-Y16,3.0,192.0,5,aP,True,Sweden,/home/ctm/pertussis_transmission_analysis/outputs/calibrations/Sweden_calibrated_config.yaml,current,fitted_parameters_and_state_only,fe4b0945dbc60905bca91e1dac7a67bb5863846eea9d42ff0fc0dbee6b1fb742,fbaadbe47d956b3f84d024d1fe55f5b483b9cf95f7db1635c7b7f23a7bb227b0,True,state_reconstruction_accepted,27.539835888459052,25.329566843520027,True,Sweden,SWE,1,contact_reduction_mean,Sweden,SWE,2025,2025,True,False,exact_year,2025,low_imported_model_anchor,https://www.folkhalsomyndigheten.se/contentassets/975cc036216b48a39b7bf34319d4ecee/pertussis-surveillance-sweden-23rd-annual-report.pdf,"No public Swedish MRBP prevalence estimate was located in the accessible national surveillance material, so keep a conservative low anchor pending numeric reporting.",Sweden,SWE,2,relative_detection_prior_mean,True,0.0,prospective_policy,3.202340290308184e-05,1.4235413699758381e-16,Sweden,maternal_direct_antibody_only,180.0,5.954795201043958,9.95144760726068,8.95144760726068,0.25,calibrated_country_scenario_analysis,,
maternal_duration_sensitivity,maternal_immunization_maternal_duration_180d,symptom_protective,country_timeline,maternal_immunization,2027-01-01,2032-01-01,2027,2032,288076.12900231883,975145.7378352939,31650.856647379365,9012.72429569796,13429.684692999144,41235.0050647858,25859.17305177347,76106.90241225724,226985.69479243635,20484.620667691735,31.68507690309467,30.677053645137594,30.728946671827604,2948.829493932781,14685.163348131404,0.015059454990523467,0.010000000000000002,0.010170500495126689,10733209.760215275,91134.33166785752,959976.4044358674,1003832.8384228001,2054943.574526525,4.999418194761015,1817.2741273258196,58.984293999648315,1978.128984505439,2947.571419295629,859.1836962034142,515.2687063525482,740.8063196022641,2209.424268126121,199.39238051077464,0.5904806660606913,6.733055065674289,2.991081908169292,28.70319846551958,86093.48676373227,24643.705082725617,57386.87391449927,57386.87391449927,25316.697326670022,0.0,150.0,1,,0.8165958094355318,0.29541853881432445,3.3850279133244134,0.5245830188915312,0.4115002192822283,0.0011133480867726061,0.00975556819823293,0.013620220801960212,0.5000938818045655,,M3;M5;M12;Y5;Y14-Y16,3.0,192.0,5,aP,True,Sweden,/home/ctm/pertussis_transmission_analysis/outputs/calibrations/Sweden_calibrated_config.yaml,current,fitted_parameters_and_state_only,fe4b0945dbc60905bca91e1dac7a67bb5863846eea9d42ff0fc0dbee6b1fb742,fbaadbe47d956b3f84d024d1fe55f5b483b9cf95f7db1635c7b7f23a7bb227b0,True,state_reconstruction_accepted,27.539835888459052,25.329566843520027,True,Sweden,SWE,1,contact_reduction_mean,Sweden,SWE,2025,2025,True,False,exact_year,2025,low_imported_model_anchor,https://www.folkhalsomyndigheten.se/contentassets/975cc036216b48a39b7bf34319d4ecee/pertussis-surveillance-sweden-23rd-annual-report.pdf,"No public Swedish MRBP prevalence estimate was located in the accessible national surveillance material, so keep a conservative low anchor pending numeric reporting.",Sweden,SWE,2,relative_detection_prior_mean,True,0.0,prospective_policy,,,Sweden,maternal_immunization,180.0,5.954795201043958,9.905343846133878,8.905343846133878,0.25,calibrated_country_scenario_analysis,True,False
maternal_duration_sensitivity,current_maternal_duration_270d,symptom_protective,country_timeline,current,2027-01-01,2032-01-01,2027,2032,288969.379255178,977193.315490444,32152.485730000953,9636.911334127106,14491.683085694865,41295.39149548911,25867.29541647273,76799.59824608894,228342.83219209185,20974.57872107654,36.910978070010415,35.90222328031251,35.95424045983998,3245.489633611697,14728.378703716266,0.015072123877888208,0.010000000000000002,0.010177567148205295,10733209.759966992,91134.3316881592,959976.4044942686,1003832.8384155756,2054943.5745980032,4.999418194761015,1821.0899774014542,59.91912611688409,2115.1266810634106,3180.66074132298,860.4419241214705,515.4305522259122,747.5488545500939,2222.6343177337576,204.1615145872203,0.6878701599145166,7.879884719989824,3.499699462730038,31.59081705462153,86160.87623029205,24830.64190815429,57681.227094535,57681.227094535,25336.513909103523,0.0,150.0,1,,0.8160576174318395,0.2957136266432062,3.3816500489054286,0.5231944193180719,0.4103513662726214,0.0009340326864640879,0.009826047372530101,0.013717570027219418,0.4987167692318583,,M3;M5;M12;Y5;Y14-Y16,3.0,192.0,5,aP,True,Sweden,/home/ctm/pertussis_transmission_analysis/outputs/calibrations/Sweden_calibrated_config.yaml,current,fitted_parameters_and_state_only,fe4b0945dbc60905bca91e1dac7a67bb5863846eea9d42ff0fc0dbee6b1fb742,fbaadbe47d956b3f84d024d1fe55f5b483b9cf95f7db1635c7b7f23a7bb227b0,True,state_reconstruction_accepted,27.539835888459052,25.329566843520027,True,Sweden,SWE,1,contact_reduction_mean,Sweden,SWE,2025,2025,True,False,exact_year,2025,low_imported_model_anchor,https://www.folkhalsomyndigheten.se/contentassets/975cc036216b48a39b7bf34319d4ecee/pertussis-surveillance-sweden-23rd-annual-report.pdf,"No public Swedish MRBP prevalence estimate was located in the accessible national surveillance material, so keep a conservative low anchor pending numeric reporting.",Sweden,SWE,2,relative_detection_prior_mean,True,0.0,prospective_policy,3.202340290308184e-05,1.4235413699758381e-16,Sweden,current,270.0,5.954795201043958,10.062331968424276,9.062331968424276,0.25,calibrated_country_scenario_analysis,,
maternal_duration_sensitivity,maternal_direct_antibody_only_maternal_duration_270d,symptom_protective,country_timeline,maternal_direct_antibody_only,2027-01-01,2032-01-01,2027,2032,288389.6349813143,976148.503162743,31768.55542991197,9163.44583664343,13962.014662361606,41258.764684431495,25862.92600984342,76285.13653091835,227632.04475748615,20594.12920780546,31.83581554893863,30.827459618932927,30.87940290772206,2981.144596195171,14703.822576255323,0.015063100059688262,0.010000000000000002,0.010169881094291655,10733209.760160858,91134.3316720366,959976.4044505479,1003832.8384235068,2054943.5745460913,4.999418194761015,1819.1428731180042,59.20363654949298,2011.2096200736053,3064.40816098459,859.6787580387017,515.3434876240314,742.5412077234436,2215.71568351686,200.45831035222272,0.5932898199209314,6.766066439777122,3.005726956991883,29.01774591384259,86142.76737060456,24700.08078390629,57500.36248506,57500.36248506,25331.188808477782,0.0,150.0,1,,0.8164256092569548,0.29543623131821173,3.3848251974312147,0.5236869143258606,0.41054514279779203,0.0012219496792173787,0.009820633567096301,0.013709994245726081,0.4989343368338207,,M3;M5;M12;Y5;Y14-Y16,3.0,192.0,5,aP,True,Sweden,/home/ctm/pertussis_transmission_analysis/outputs/calibrations/Sweden_calibrated_config.yaml,current,fitted_parameters_and_state_only,fe4b0945dbc60905bca91e1dac7a67bb5863846eea9d42ff0fc0dbee6b1fb742,fbaadbe47d956b3f84d024d1fe55f5b483b9cf95f7db1635c7b7f23a7bb227b0,True,state_reconstruction_accepted,27.539835888459052,25.329566843520027,True,Sweden,SWE,1,contact_reduction_mean,Sweden,SWE,2025,2025,True,False,exact_year,2025,low_imported_model_anchor,https://www.folkhalsomyndigheten.se/contentassets/975cc036216b48a39b7bf34319d4ecee/pertussis-surveillance-sweden-23rd-annual-report.pdf,"No public Swedish MRBP prevalence estimate was located in the accessible national surveillance material, so keep a conservative low anchor pending numeric reporting.",Sweden,SWE,2,relative_detection_prior_mean,True,0.0,prospective_policy,3.202340290308184e-05,1.4235413699758381e-16,Sweden,maternal_direct_antibody_only,270.0,5.954795201043958,9.94217845461986,8.94217845461986,0.25,calibrated_country_scenario_analysis,,
maternal_duration_sensitivity,maternal_immunization_maternal_duration_270d,symptom_protective,country_timeline,maternal_immunization,2027-01-01,2032-01-01,2027,2032,288033.7469637048,975085.4145664892,31622.4163695483,8977.51300934797,13405.497106738629,41232.40704004446,25858.888556167836,76068.80860556026,226948.53145464364,20456.408880697996,31.234311736397068,30.22631553465986,30.2782030230174,2927.0645752565274,14683.461529436605,0.015058641335502582,0.010000000000000002,0.01016939930751208,10733209.76023855,91134.33166591437,959976.40443067,1003832.8384238157,2054943.5745204,4.999418194761015,1817.1617093402158,58.93129291560963,1970.400747909403,2942.2626842991986,859.1295630632634,515.2630375055256,740.4355236340087,2209.0625291232104,199.11777374864604,0.5820802409418694,6.6341262523400175,2.947207603354786,28.491343971597377,86093.48676354557,24634.440587952693,57373.2738778191,57373.2738778191,25316.697326670022,0.0,150.0,1,,0.8166267506261513,0.29539334981414017,3.385316563928045,0.5246468819331057,0.41150807364830244,0.001170252117797857,0.009755018482477945,0.013619459521974511,0.5001021518108555,,M3;M5;M12;Y5;Y14-Y16,3.0,192.0,5,aP,True,Sweden,/home/ctm/pertussis_transmission_analysis/outputs/calibrations/Sweden_calibrated_config.yaml,current,fitted_parameters_and_state_only,fe4b0945dbc60905bca91e1dac7a67bb5863846eea9d42ff0fc0dbee6b1fb742,fbaadbe47d956b3f84d024d1fe55f5b483b9cf95f7db1635c7b7f23a7bb227b0,True,state_reconstruction_accepted,27.539835888459052,25.329566843520027,True,Sweden,SWE,1,contact_reduction_mean,Sweden,SWE,2025,2025,True,False,exact_year,2025,low_imported_model_anchor,https://www.folkhalsomyndigheten.se/contentassets/975cc036216b48a39b7bf34319d4ecee/pertussis-surveillance-sweden-23rd-annual-report.pdf,"No public Swedish MRBP prevalence estimate was located in the accessible national surveillance material, so keep a conservative low anchor pending numeric reporting.",Sweden,SWE,2,relative_detection_prior_mean,True,0.0,prospective_policy,,,Sweden,maternal_immunization,270.0,5.954795201043958,9.89644327403202,8.89644327403202,0.25,calibrated_country_scenario_analysis,True,False
maternal_duration_sensitivity,current_maternal_duration_90d,symptom_protective,country_timeline,current,2027-01-01,2032-01-01,2027,2032,20032592.43654425,106951491.35125117,2001126.4369117664,667593.3657312986,1479987.8984818608,3200790.266716551,2959753.9646191513,6828137.597067002,34202538.44875407,1398086.0782303554,2374.022819713459,2324.2603157768117,2327.958649674666,220368.20820710246,102154188.6885818,0.9551450606058963,0.01,0.9972223121292975,352348528.96619856,3540319.7461804487,34180110.51305098,32987003.537849456,70707433.79708089,4.999418194761015,6071.484850580422,113.60111665860968,3771.8121780122488,8361.73135526851,1873.1143400761496,1794.7058461219012,1931.602337138487,9675.508477166682,395.502623935192,1.3476991674182823,13.131756266502645,6.585529808896756,62.339655572655985,35649.23949002182,1180913.468742712,810560.2982054064,810560.2982054064,344135.8107691206,1140.0,1710.0,1,,0.8170955419907755,0.18730540531457396,5.338874221598299,0.5366796669490809,0.4095427466056092,0.0005037616415518338,0.011807285923964884,0.016138716725294964,0.5082299026582692,,M2;M4;M6;M15;Y4;Y11-Y12,2.0,144.0,6,aP,True,United_States,/home/ctm/pertussis_transmission_analysis/outputs/calibrations/United_States_calibrated_config.yaml,current,fitted_parameters_and_state_only,fe4b0945dbc60905bca91e1dac7a67bb5863846eea9d42ff0fc0dbee6b1fb742,fbaadbe47d956b3f84d024d1fe55f5b483b9cf95f7db1635c7b7f23a7bb227b0,True,state_reconstruction_accepted,40.89230052314945,40.55693564744119,True,United_States,USA,1,contact_reduction_mean,United_States,USA,2025,2025,True,False,nearest_past_year,2024,low_detected_model_anchor,https://www.cdc.gov/pertussis/hcp/antibiotic-resistance/index.html; https://www.health.state.mn.us/diseases/reportable/dcn/pertussis.html; https://trace.ncbi.nlm.nih.gov/Traces/sra-db-be/runinfo?acc=SRR32181461%2CSRR32181462; https://doi.org/10.1128/jcm.01064-25; https://pubmed.ncbi.nlm.nih.gov/41802571/; https://www.paho.org/en/news/26-8-2025-paho-calls-strengthened-vaccination-and-surveillance-amid-spread-antibiotic,"CDC states reported MRBP infections remain rare in the United States and recommends continued surveillance. Minnesota's 2024 annual report states 12 erythromycin-resistant B. pertussis cases have been identified nationally, including one Minnesota case in 2024. Public SRA metadata show SRR32181461 and SRR32181462 are ONT and Illumina WGS runs for the same Minnesota BioSample SAMN46491808/sample MDH-25-000001, not independent cases. Global genomic analyses assigned the 2024 USA evidence to MT28-ptxP3-MRBP/A2047G or MR-MT28 emergence, and PAHO reported resistant pertussis cases in the United States since 2024. No population-based national resistant fraction or denominator was located; use a conservative low detected anchor pending surveillance.",United_States,USA,3,relative_detection_prior_mean,True,0.0,prospective_policy,2.8951093600231316e-05,1.3156166320465292e-16,United_States,current,90.0,1.4343588639311122,79.19992654227819,78.19992654227819,0.25,calibrated_country_scenario_analysis,,
maternal_duration_sensitivity,maternal_direct_antibody_only_maternal_duration_90d,symptom_protective,country_timeline,maternal_direct_antibody_only,2027-01-01,2032-01-01,2027,2032,19937129.700093396,106661677.27882513,1963356.9596436094,616742.3519321416,1429257.6767964857,3190443.9739808287,2956189.5616569915,6763375.887569962,34082538.11682653,1361706.9971092166,1779.7246306529357,1730.1024786008893,1733.7853629699139,190538.62722741326,101870008.63189378,0.9550760050921999,0.01,0.9972966939680059,352348528.9661267,3540319.7461845074,34180110.5132409,32987003.5378225,70707433.79724792,4.999418194761015,6055.032515714808,111.45699686983178,3484.5108311744275,8075.112467522771,1867.0596511686524,1792.5444992983962,1913.2819873104222,9641.561750336848,385.21139633120526,1.0103244935340427,9.774844887561455,4.904681271566373,53.90120694475359,35479.50141535284,1165477.0440371837,806516.211527755,806516.211527755,342497.26389455295,1140.0,1710.0,1,,0.8174889918021362,0.1869193341857506,5.3499013590870845,0.5370625909115337,0.4096652602723137,0.0007538834897056603,0.011797584365500595,0.016124972621555128,0.5083861504347723,,M2;M4;M6;M15;Y4;Y11-Y12,2.0,144.0,6,aP,True,United_States,/home/ctm/pertussis_transmission_analysis/outputs/calibrations/United_States_calibrated_config.yaml,current,fitted_parameters_and_state_only,fe4b0945dbc60905bca91e1dac7a67bb5863846eea9d42ff0fc0dbee6b1fb742,fbaadbe47d956b3f84d024d1fe55f5b483b9cf95f7db1635c7b7f23a7bb227b0,True,state_reconstruction_accepted,40.89230052314945,40.55693564744119,True,United_States,USA,1,contact_reduction_mean,United_States,USA,2025,2025,True,False,nearest_past_year,2024,low_detected_model_anchor,https://www.cdc.gov/pertussis/hcp/antibiotic-resistance/index.html; https://www.health.state.mn.us/diseases/reportable/dcn/pertussis.html; https://trace.ncbi.nlm.nih.gov/Traces/sra-db-be/runinfo?acc=SRR32181461%2CSRR32181462; https://doi.org/10.1128/jcm.01064-25; https://pubmed.ncbi.nlm.nih.gov/41802571/; https://www.paho.org/en/news/26-8-2025-paho-calls-strengthened-vaccination-and-surveillance-amid-spread-antibiotic,"CDC states reported MRBP infections remain rare in the United States and recommends continued surveillance. Minnesota's 2024 annual report states 12 erythromycin-resistant B. pertussis cases have been identified nationally, including one Minnesota case in 2024. Public SRA metadata show SRR32181461 and SRR32181462 are ONT and Illumina WGS runs for the same Minnesota BioSample SAMN46491808/sample MDH-25-000001, not independent cases. Global genomic analyses assigned the 2024 USA evidence to MT28-ptxP3-MRBP/A2047G or MR-MT28 emergence, and PAHO reported resistant pertussis cases in the United States since 2024. No population-based national resistant fraction or denominator was located; use a conservative low detected anchor pending surveillance.",United_States,USA,3,relative_detection_prior_mean,True,0.0,prospective_policy,2.8951093600231316e-05,1.3156166320465292e-16,United_States,maternal_direct_antibody_only,90.0,1.4343588639311122,77.70509854442166,76.70509854442166,0.25,calibrated_country_scenario_analysis,,
maternal_duration_sensitivity,maternal_immunization_maternal_duration_90d,symptom_protective,country_timeline,maternal_immunization,2027-01-01,2032-01-01,2027,2032,18433633.051242102,101337276.40630114,1830273.3061874004,561467.1641213498,1297249.4593902242,3060115.6035765307,2871086.52046129,6492669.288159171,32826237.186615024,1290507.9668212496,1611.804996090351,1564.8384744888272,1568.337413791266,174203.48765910024,97115945.70164758,0.9583437521280068,0.01,0.9986665819973024,352348528.96680343,3540319.7461489704,34180110.5115636,32987003.538232878,70707433.79594544,4.999418194761015,5752.773811056206,103.9020261477585,3172.2134998838756,7329.28390253169,1790.7910053348742,1740.9405729427945,1836.7021743767975,9286.168529670875,365.07000179939865,0.9149988926939,8.841125627852882,4.436647871962708,49.28018205871185,30340.929285790287,1091060.7121744403,725825.1810380166,725825.1810380166,292892.65209134284,1170.0,1826.0,2,3.1232876712328768,0.8224334125051187,0.1819037742571094,5.497412047023079,0.607707806778832,0.47335262794630556,0.0007095622382042526,0.011797422797234012,0.016118598712329884,0.5790822230310637,,M2;M4;M6;M15;Y4;Y11-Y12,2.0,144.0,6,aP,True,United_States,/home/ctm/pertussis_transmission_analysis/outputs/calibrations/United_States_calibrated_config.yaml,current,fitted_parameters_and_state_only,fe4b0945dbc60905bca91e1dac7a67bb5863846eea9d42ff0fc0dbee6b1fb742,fbaadbe47d956b3f84d024d1fe55f5b483b9cf95f7db1635c7b7f23a7bb227b0,True,state_reconstruction_accepted,40.89230052314945,40.55693564744119,True,United_States,USA,1,contact_reduction_mean,United_States,USA,2025,2025,True,False,nearest_past_year,2024,low_detected_model_anchor,https://www.cdc.gov/pertussis/hcp/antibiotic-resistance/index.html; https://www.health.state.mn.us/diseases/reportable/dcn/pertussis.html; https://trace.ncbi.nlm.nih.gov/Traces/sra-db-be/runinfo?acc=SRR32181461%2CSRR32181462; https://doi.org/10.1128/jcm.01064-25; https://pubmed.ncbi.nlm.nih.gov/41802571/; https://www.paho.org/en/news/26-8-2025-paho-calls-strengthened-vaccination-and-surveillance-amid-spread-antibiotic,"CDC states reported MRBP infections remain rare in the United States and recommends continued surveillance. Minnesota's 2024 annual report states 12 erythromycin-resistant B. pertussis cases have been identified nationally, including one Minnesota case in 2024. Public SRA metadata show SRR32181461 and SRR32181462 are ONT and Illumina WGS runs for the same Minnesota BioSample SAMN46491808/sample MDH-25-000001, not independent cases. Global genomic analyses assigned the 2024 USA evidence to MT28-ptxP3-MRBP/A2047G or MR-MT28 emergence, and PAHO reported resistant pertussis cases in the United States since 2024. No population-based national resistant fraction or denominator was located; use a conservative low detected anchor pending surveillance.",United_States,USA,3,relative_detection_prior_mean,True,0.0,prospective_policy,,,United_States,maternal_immunization,90.0,1.4343588639311122,72.4379573065814,71.4379573065814,0.25,calibrated_country_scenario_analysis,True,False
maternal_duration_sensitivity,current_maternal_duration_180d,symptom_protective,country_timeline,current,2027-01-01,2032-01-01,2027,2032,20017985.287191603,106913053.4478431,1995297.0153012811,659697.7505915065,1477350.9546706304,3199161.8830784177,2959221.550521799,6818081.184191723,34189265.886928506,1392462.7197925542,2258.7303930574444,2208.9891373263968,2212.684767184253,215084.2099429038,102116144.89597556,0.9551326204128321,0.01,0.9972324063446667,352348528.96616256,3540319.74618249,34180110.51314465,32987003.53783393,70707433.79716106,4.999418194761015,6069.302785185959,113.27018864117576,3727.203020900602,8346.832979560042,1872.16140392414,1794.3830062162876,1928.7574925008516,9671.75382062198,393.9118398964022,1.2822492879464469,12.480489706683507,6.259433127819327,60.84487266121947,35626.86767933512,1178631.2359322784,809958.8599385795,809958.8599385795,343919.8470818041,1140.0,1710.0,1,,0.8171657576941914,0.18723611983411603,5.3408498364843355,0.5367964774641113,0.409542781182483,0.0006264399094062982,0.011805118892271184,0.01613569338748478,0.5082292252749491,,M2;M4;M6;M15;Y4;Y11-Y12,2.0,144.0,6,aP,True,United_States,/home/ctm/pertussis_transmission_analysis/outputs/calibrations/United_States_calibrated_config.yaml,current,fitted_parameters_and_state_only,fe4b0945dbc60905bca91e1dac7a67bb5863846eea9d42ff0fc0dbee6b1fb742,fbaadbe47d956b3f84d024d1fe55f5b483b9cf95f7db1635c7b7f23a7bb227b0,True,state_reconstruction_accepted,40.89230052314945,40.55693564744119,True,United_States,USA,1,contact_reduction_mean,United_States,USA,2025,2025,True,False,nearest_past_year,2024,low_detected_model_anchor,https://www.cdc.gov/pertussis/hcp/antibiotic-resistance/index.html; https://www.health.state.mn.us/diseases/reportable/dcn/pertussis.html; https://trace.ncbi.nlm.nih.gov/Traces/sra-db-be/runinfo?acc=SRR32181461%2CSRR32181462; https://doi.org/10.1128/jcm.01064-25; https://pubmed.ncbi.nlm.nih.gov/41802571/; https://www.paho.org/en/news/26-8-2025-paho-calls-strengthened-vaccination-and-surveillance-amid-spread-antibiotic,"CDC states reported MRBP infections remain rare in the United States and recommends continued surveillance. Minnesota's 2024 annual report states 12 erythromycin-resistant B. pertussis cases have been identified nationally, including one Minnesota case in 2024. Public SRA metadata show SRR32181461 and SRR32181462 are ONT and Illumina WGS runs for the same Minnesota BioSample SAMN46491808/sample MDH-25-000001, not independent cases. Global genomic analyses assigned the 2024 USA evidence to MT28-ptxP3-MRBP/A2047G or MR-MT28 emergence, and PAHO reported resistant pertussis cases in the United States since 2024. No population-based national resistant fraction or denominator was located; use a conservative low detected anchor pending surveillance.",United_States,USA,3,relative_detection_prior_mean,True,0.0,prospective_policy,2.8951093600231316e-05,1.3156166320465292e-16,United_States,current,180.0,1.4343588639311122,78.96921160353061,77.96921160353061,0.25,calibrated_country_scenario_analysis,,
maternal_duration_sensitivity,maternal_direct_antibody_only_maternal_duration_180d,symptom_protective,country_timeline,maternal_direct_antibody_only,2027-01-01,2032-01-01,2027,2032,19899171.536335334,106552082.50307247,1948308.31898068,596442.8050065779,1414224.2083967486,3186289.8732149964,2954783.692504929,6737516.3707265025,34039860.772436865,1347206.3200900778,1519.1753910970979,1469.6088974533548,1473.2853296067235,177971.04671527163,101762104.57339041,0.9550456657705968,0.01,0.9973240171450077,352348528.96610063,3540319.7461861,34180110.513312064,32987003.537817024,70707433.79731518,4.999418194761015,6048.810975348887,110.60270683000545,3369.8211379672093,7990.175405381492,1864.6286559835273,1791.6920224995226,1905.9666245963176,9629.48881579849,381.10932000006926,0.8624143764513554,8.303091403924947,4.167756354460645,50.345981593096056,35412.461176024946,1159425.4249485363,804933.0116083054,804933.0116083054,341850.0986970285,1140.0,1710.0,1,,0.8176558242598287,0.18675535070618196,5.354598924307544,0.5372737326406426,0.4096960820094962,0.0009385751497176013,0.011792741284884578,0.01611818251663569,0.5084242336894048,,M2;M4;M6;M15;Y4;Y11-Y12,2.0,144.0,6,aP,True,United_States,/home/ctm/pertussis_transmission_analysis/outputs/calibrations/United_States_calibrated_config.yaml,current,fitted_parameters_and_state_only,fe4b0945dbc60905bca91e1dac7a67bb5863846eea9d42ff0fc0dbee6b1fb742,fbaadbe47d956b3f84d024d1fe55f5b483b9cf95f7db1635c7b7f23a7bb227b0,True,state_reconstruction_accepted,40.89230052314945,40.55693564744119,True,United_States,USA,1,contact_reduction_mean,United_States,USA,2025,2025,True,False,nearest_past_year,2024,low_detected_model_anchor,https://www.cdc.gov/pertussis/hcp/antibiotic-resistance/index.html; https://www.health.state.mn.us/diseases/reportable/dcn/pertussis.html; https://trace.ncbi.nlm.nih.gov/Traces/sra-db-be/runinfo?acc=SRR32181461%2CSRR32181462; https://doi.org/10.1128/jcm.01064-25; https://pubmed.ncbi.nlm.nih.gov/41802571/; https://www.paho.org/en/news/26-8-2025-paho-calls-strengthened-vaccination-and-surveillance-amid-spread-antibiotic,"CDC states reported MRBP infections remain rare in the United States and recommends continued surveillance. Minnesota's 2024 annual report states 12 erythromycin-resistant B. pertussis cases have been identified nationally, including one Minnesota case in 2024. Public SRA metadata show SRR32181461 and SRR32181462 are ONT and Illumina WGS runs for the same Minnesota BioSample SAMN46491808/sample MDH-25-000001, not independent cases. Global genomic analyses assigned the 2024 USA evidence to MT28-ptxP3-MRBP/A2047G or MR-MT28 emergence, and PAHO reported resistant pertussis cases in the United States since 2024. No population-based national resistant fraction or denominator was located; use a conservative low detected anchor pending surveillance.",United_States,USA,3,relative_detection_prior_mean,True,0.0,prospective_policy,2.8951093600231316e-05,1.3156166320465292e-16,United_States,maternal_direct_antibody_only,180.0,1.4343588639311122,77.10950837427066,76.10950837427066,0.25,calibrated_country_scenario_analysis,,
maternal_duration_sensitivity,maternal_immunization_maternal_duration_180d,symptom_protective,country_timeline,maternal_immunization,2027-01-01,2032-01-01,2027,2032,18400081.040879536,101240331.12760772,1816744.116001877,543167.8591720356,1283536.883926299,3056384.26069522,2869857.95738522,6469410.0772524765,32787840.740257118,1277442.4943505044,1377.249546468729,1330.331183612871,1333.8243348785293,162888.11145926308,97020058.13315585,0.9583143106364157,0.01,0.9986775042697692,352348528.96672946,3540319.7461529244,34180110.51174882,32987003.53819095,70707433.79609269,4.999418194761015,5747.270364742781,103.1339931618528,3068.8249031678533,7251.809706729948,1788.6074096264242,1740.1956092212358,1830.1224085862818,9275.306612405517,361.3739284840785,0.7818450824008284,7.516191167782062,3.773237088435728,46.07919104124884,30267.024767168507,1085621.0652799706,724455.3084378318,724455.3084378318,292179.22336743533,1170.0,1826.0,2,3.1232876712328768,0.8225931742352863,0.18174655135893691,5.502167675385866,0.6079323313537035,0.4734076685480273,0.0008840546058839102,0.01179186053607832,0.016110879013888912,0.5791455371978524,,M2;M4;M6;M15;Y4;Y11-Y12,2.0,144.0,6,aP,True,United_States,/home/ctm/pertussis_transmission_analysis/outputs/calibrations/United_States_calibrated_config.yaml,current,fitted_parameters_and_state_only,fe4b0945dbc60905bca91e1dac7a67bb5863846eea9d42ff0fc0dbee6b1fb742,fbaadbe47d956b3f84d024d1fe55f5b483b9cf95f7db1635c7b7f23a7bb227b0,True,state_reconstruction_accepted,40.89230052314945,40.55693564744119,True,United_States,USA,1,contact_reduction_mean,United_States,USA,2025,2025,True,False,nearest_past_year,2024,low_detected_model_anchor,https://www.cdc.gov/pertussis/hcp/antibiotic-resistance/index.html; https://www.health.state.mn.us/diseases/reportable/dcn/pertussis.html; https://trace.ncbi.nlm.nih.gov/Traces/sra-db-be/runinfo?acc=SRR32181461%2CSRR32181462; https://doi.org/10.1128/jcm.01064-25; https://pubmed.ncbi.nlm.nih.gov/41802571/; https://www.paho.org/en/news/26-8-2025-paho-calls-strengthened-vaccination-and-surveillance-amid-spread-antibiotic,"CDC states reported MRBP infections remain rare in the United States and recommends continued surveillance. Minnesota's 2024 annual report states 12 erythromycin-resistant B. pertussis cases have been identified nationally, including one Minnesota case in 2024. Public SRA metadata show SRR32181461 and SRR32181462 are ONT and Illumina WGS runs for the same Minnesota BioSample SAMN46491808/sample MDH-25-000001, not independent cases. Global genomic analyses assigned the 2024 USA evidence to MT28-ptxP3-MRBP/A2047G or MR-MT28 emergence, and PAHO reported resistant pertussis cases in the United States since 2024. No population-based national resistant fraction or denominator was located; use a conservative low detected anchor pending surveillance.",United_States,USA,3,relative_detection_prior_mean,True,0.0,prospective_policy,,,United_States,maternal_immunization,180.0,1.4343588639311122,71.90250344965693,70.90250344965693,0.25,calibrated_country_scenario_analysis,True,False
maternal_duration_sensitivity,current_maternal_duration_270d,symptom_protective,country_timeline,current,2027-01-01,2032-01-01,2027,2032,20011385.533306822,106895674.60315235,1992664.4677594055,656132.4917775751,1476160.0063933246,3198426.0945072966,2958980.9616527134,6813539.547937585,34183268.00443269,1389923.3695037193,2206.6714960259383,2156.9398473576466,2160.634255524419,212698.26238307965,102098942.77613503,0.9551269792269418,0.01,0.9972369330552178,352348528.9661506,3540319.7461831803,34180110.51317606,32987003.5378296,70707433.79718885,4.999418194761015,6068.31621276041,113.12074264171767,3707.059791050054,8340.104282950113,1871.7308177205812,1794.2371203574212,1927.4727153440679,9670.057087990564,393.1934866289046,1.2526961886234802,12.18641826163935,6.11218816014893,60.169915278260156,35616.632435167645,1177600.5117856422,809687.4897742649,809687.4897742649,343821.04233587417,1140.0,1710.0,1,,0.8171974825449386,0.18720482009771316,5.341742800628966,0.5368492884552426,0.4095428506121012,0.0006818428646529397,0.011804140919148706,0.01613432890252232,0.5082289757689187,,M2;M4;M6;M15;Y4;Y11-Y12,2.0,144.0,6,aP,True,United_States,/home/ctm/pertussis_transmission_analysis/outputs/calibrations/United_States_calibrated_config.yaml,current,fitted_parameters_and_state_only,fe4b0945dbc60905bca91e1dac7a67bb5863846eea9d42ff0fc0dbee6b1fb742,fbaadbe47d956b3f84d024d1fe55f5b483b9cf95f7db1635c7b7f23a7bb227b0,True,state_reconstruction_accepted,40.89230052314945,40.55693564744119,True,United_States,USA,1,contact_reduction_mean,United_States,USA,2025,2025,True,False,nearest_past_year,2024,low_detected_model_anchor,https://www.cdc.gov/pertussis/hcp/antibiotic-resistance/index.html; https://www.health.state.mn.us/diseases/reportable/dcn/pertussis.html; https://trace.ncbi.nlm.nih.gov/Traces/sra-db-be/runinfo?acc=SRR32181461%2CSRR32181462; https://doi.org/10.1128/jcm.01064-25; https://pubmed.ncbi.nlm.nih.gov/41802571/; https://www.paho.org/en/news/26-8-2025-paho-calls-strengthened-vaccination-and-surveillance-amid-spread-antibiotic,"CDC states reported MRBP infections remain rare in the United States and recommends continued surveillance. Minnesota's 2024 annual report states 12 erythromycin-resistant B. pertussis cases have been identified nationally, including one Minnesota case in 2024. Public SRA metadata show SRR32181461 and SRR32181462 are ONT and Illumina WGS runs for the same Minnesota BioSample SAMN46491808/sample MDH-25-000001, not independent cases. Global genomic analyses assigned the 2024 USA evidence to MT28-ptxP3-MRBP/A2047G or MR-MT28 emergence, and PAHO reported resistant pertussis cases in the United States since 2024. No population-based national resistant fraction or denominator was located; use a conservative low detected anchor pending surveillance.",United_States,USA,3,relative_detection_prior_mean,True,0.0,prospective_policy,2.8951093600231316e-05,1.3156166320465292e-16,United_States,current,270.0,1.4343588639311122,78.86502149935507,77.86502149935507,0.25,calibrated_country_scenario_analysis,,
maternal_duration_sensitivity,maternal_direct_antibody_only_maternal_duration_270d,symptom_protective,country_timeline,maternal_direct_antibody_only,2027-01-01,2032-01-01,2027,2032,19882020.24467484,106502527.49832842,1941512.4544873307,587278.5226368369,1407432.1096514547,3184409.8426607973,2954148.098737005,6725836.464034639,34020566.729444936,1340658.273362834,1401.482696866738,1351.9413569184799,1355.6148801530599,172295.61977698625,101713326.34972547,0.9550320423270883,0.01,0.9973362647980729,352348528.966091,3540319.746186709,34180110.51333901,32987003.53781543,70707433.79734115,4.999418194761015,6045.997807839439,110.21691521741215,3318.044182683369,7951.8009665723675,1863.5284551262118,1791.306617542073,1902.6625120550075,9624.030750838569,379.2569521789553,0.7956018990360763,7.638285722609962,3.8348800584781584,48.74046796914014,35381.63893260024,1156692.130268532,804217.5877191415,804217.5877191415,341552.5597345498,1140.0,1710.0,1,,0.8177312699335947,0.1866812057111686,5.356725633897986,0.5373692534716045,0.40971018993978225,0.0010220979480170566,0.011790487396217816,0.016115026771274035,0.5084416413560956,,M2;M4;M6;M15;Y4;Y11-Y12,2.0,144.0,6,aP,True,United_States,/home/ctm/pertussis_transmission_analysis/outputs/calibrations/United_States_calibrated_config.yaml,current,fitted_parameters_and_state_only,fe4b0945dbc60905bca91e1dac7a67bb5863846eea9d42ff0fc0dbee6b1fb742,fbaadbe47d956b3f84d024d1fe55f5b483b9cf95f7db1635c7b7f23a7bb227b0,True,state_reconstruction_accepted,40.89230052314945,40.55693564744119,True,United_States,USA,1,contact_reduction_mean,United_States,USA,2025,2025,True,False,nearest_past_year,2024,low_detected_model_anchor,https://www.cdc.gov/pertussis/hcp/antibiotic-resistance/index.html; https://www.health.state.mn.us/diseases/reportable/dcn/pertussis.html; https://trace.ncbi.nlm.nih.gov/Traces/sra-db-be/runinfo?acc=SRR32181461%2CSRR32181462; https://doi.org/10.1128/jcm.01064-25; https://pubmed.ncbi.nlm.nih.gov/41802571/; https://www.paho.org/en/news/26-8-2025-paho-calls-strengthened-vaccination-and-surveillance-amid-spread-antibiotic,"CDC states reported MRBP infections remain rare in the United States and recommends continued surveillance. Minnesota's 2024 annual report states 12 erythromycin-resistant B. pertussis cases have been identified nationally, including one Minnesota case in 2024. Public SRA metadata show SRR32181461 and SRR32181462 are ONT and Illumina WGS runs for the same Minnesota BioSample SAMN46491808/sample MDH-25-000001, not independent cases. Global genomic analyses assigned the 2024 USA evidence to MT28-ptxP3-MRBP/A2047G or MR-MT28 emergence, and PAHO reported resistant pertussis cases in the United States since 2024. No population-based national resistant fraction or denominator was located; use a conservative low detected anchor pending surveillance.",United_States,USA,3,relative_detection_prior_mean,True,0.0,prospective_policy,2.8951093600231316e-05,1.3156166320465292e-16,United_States,maternal_direct_antibody_only,270.0,1.4343588639311122,76.84054387570998,75.84054387570998,0.25,calibrated_country_scenario_analysis,,
maternal_duration_sensitivity,maternal_immunization_maternal_duration_270d,symptom_protective,country_timeline,maternal_immunization,2027-01-01,2032-01-01,2027,2032,18384896.31452686,101196431.41131212,1810624.9878869043,534892.6339282726,1277333.530572129,3054693.9282607622,2869301.8921901593,6458888.454379195,32770459.546993196,1271533.4710408335,1271.1978019554701,1224.3012482879553,1227.791777637105,157771.6785010218,96976644.86113289,0.9583010340253211,0.01,0.998682391902416,352348528.9667031,3540319.746154355,34180110.511815466,32987003.538176745,70707433.79614657,4.999418194761015,5744.778239957799,102.78661891602837,3022.0710003379677,7216.761599710085,1787.618220810562,1739.8584280007349,1827.145961340837,9270.389670838027,359.7023331076028,0.7216410074456083,6.917136381101766,3.473283063676545,44.631810445906595,30233.28438306658,1083160.4919861266,723835.7857998123,723835.7857998123,291853.51447138377,1170.0,1826.0,2,3.1232876712328768,0.8226655398584612,0.18167534228357904,5.504324293161859,0.6080342481445786,0.47343284811873404,0.000963032406894829,0.011789340435032566,0.016107381616800195,0.579174493685851,,M2;M4;M6;M15;Y4;Y11-Y12,2.0,144.0,6,aP,True,United_States,/home/ctm/pertussis_transmission_analysis/outputs/calibrations/United_States_calibrated_config.yaml,current,fitted_parameters_and_state_only,fe4b0945dbc60905bca91e1dac7a67bb5863846eea9d42ff0fc0dbee6b1fb742,fbaadbe47d956b3f84d024d1fe55f5b483b9cf95f7db1635c7b7f23a7bb227b0,True,state_reconstruction_accepted,40.89230052314945,40.55693564744119,True,United_States,USA,1,contact_reduction_mean,United_States,USA,2025,2025,True,False,nearest_past_year,2024,low_detected_model_anchor,https://www.cdc.gov/pertussis/hcp/antibiotic-resistance/index.html; https://www.health.state.mn.us/diseases/reportable/dcn/pertussis.html; https://trace.ncbi.nlm.nih.gov/Traces/sra-db-be/runinfo?acc=SRR32181461%2CSRR32181462; https://doi.org/10.1128/jcm.01064-25; https://pubmed.ncbi.nlm.nih.gov/41802571/; https://www.paho.org/en/news/26-8-2025-paho-calls-strengthened-vaccination-and-surveillance-amid-spread-antibiotic,"CDC states reported MRBP infections remain rare in the United States and recommends continued surveillance. Minnesota's 2024 annual report states 12 erythromycin-resistant B. pertussis cases have been identified nationally, including one Minnesota case in 2024. Public SRA metadata show SRR32181461 and SRR32181462 are ONT and Illumina WGS runs for the same Minnesota BioSample SAMN46491808/sample MDH-25-000001, not independent cases. Global genomic analyses assigned the 2024 USA evidence to MT28-ptxP3-MRBP/A2047G or MR-MT28 emergence, and PAHO reported resistant pertussis cases in the United States since 2024. No population-based national resistant fraction or denominator was located; use a conservative low detected anchor pending surveillance.",United_States,USA,3,relative_detection_prior_mean,True,0.0,prospective_policy,,,United_States,maternal_immunization,270.0,1.4343588639311122,71.66032260178154,70.66032260178154,0.25,calibrated_country_scenario_analysis,True,False
maternal_duration_sensitivity,current_maternal_duration_90d,symptom_protective,country_timeline,current,2027-01-01,2032-01-01,2027,2032,7304524.218765934,37472534.552265584,755997.5752928405,225738.98093749085,484558.02759401535,1216597.4646234424,1265335.972262024,2707672.417822957,13003377.795672076,538269.6691753296,725.2566331491507,713.690287209372,715.0129337062596,73477.97666859067,14625394.381539939,0.39029637456577354,0.009999999999999998,0.975900036738082,215691107.46526936,2283801.096111533,22934711.4144475,22511161.083363686,47729673.59392273,4.999418194761015,3475.052434335283,70.10818045170421,1977.1008219855341,4243.928410933605,1061.0458737991505,1124.3162629681538,1134.7186427997062,5449.394508358001,225.57552547584928,0.6725738887577836,6.250748752496009,2.996442628653512,30.792805441394172,15755.733562622714,438128.3166347837,1478286.868791128,1478286.868791128,93106.07180958377,360.0,1530.0,1,,0.8105546443032648,0.19493008161958725,5.130044535412109,0.43932835826956856,0.3181843018790851,0.0005634138595190416,0.011297878150144476,0.015385311261534064,0.41208175499837096,,M2;M4;M6;M15;Y4,2.0,48.0,5,wP,True,Brazil,/home/ctm/pertussis_transmission_analysis/outputs/calibrations/Brazil_calibrated_config.yaml,current,fitted_parameters_and_state_only,fe4b0945dbc60905bca91e1dac7a67bb5863846eea9d42ff0fc0dbee6b1fb742,fbaadbe47d956b3f84d024d1fe55f5b483b9cf95f7db1635c7b7f23a7bb227b0,True,state_reconstruction_accepted,35.76538746298039,33.05184950384161,True,Brazil,BRA,1,contact_reduction_mean,Brazil,BRA,2025,2025,True,False,exact_year,2025,low_detected_model_anchor,https://www.paho.org/en/news/26-8-2025-paho-calls-strengthened-vaccination-and-surveillance-amid-spread-antibiotic,"PAHO reported antibiotic-resistant pertussis cases detected in Brazil since 2024, but no public national resistant fraction or denominator was located, so keep a conservative low detected anchor pending numeric reporting.",Brazil,BRA,3,relative_detection_prior_mean,True,0.0,prospective_policy,2.8141735141323725e-05,1.480345728618647e-16,Brazil,current,90.0,0.8601273820862417,81.50906704267058,80.50906704267058,0.25,calibrated_country_scenario_analysis,,
maternal_duration_sensitivity,maternal_direct_antibody_only_maternal_duration_90d,symptom_protective,country_timeline,maternal_direct_antibody_only,2027-01-01,2032-01-01,2027,2032,7265383.430294397,37319734.93825326,744519.781509934,212289.7526256484,468061.9189106498,1211170.9211679096,1261993.0067539958,2685453.6805475536,12942311.758440724,527590.7105106254,586.0609216301651,574.5420762680059,575.8575064292601,66128.59978660666,14555050.112148609,0.39000947183120194,0.009999999999999998,0.976074613567077,215691107.4653471,2283801.0961068305,22934711.414335966,22511161.08347519,47729673.59391799,4.999418194761015,3460.8824114897457,69.04377592973655,1859.307784030279,4099.449730733616,1056.3131567718165,1121.345865716642,1125.4073187120464,5423.80324021539,221.10023762244978,0.5434893734071741,5.032040131215253,2.4132765981598268,27.712863087198265,15665.190353232283,433244.78696253867,1470529.809410244,1470529.809410244,92571.02071079845,360.0,1530.0,1,,0.810824052149972,0.19467939529354147,5.136650432328393,0.43948720835064914,0.3182606010188039,0.0006482495422916899,0.01128817337155144,0.015371954011483798,0.4121788314253222,,M2;M4;M6;M15;Y4,2.0,48.0,5,wP,True,Brazil,/home/ctm/pertussis_transmission_analysis/outputs/calibrations/Brazil_calibrated_config.yaml,current,fitted_parameters_and_state_only,fe4b0945dbc60905bca91e1dac7a67bb5863846eea9d42ff0fc0dbee6b1fb742,fbaadbe47d956b3f84d024d1fe55f5b483b9cf95f7db1635c7b7f23a7bb227b0,True,state_reconstruction_accepted,35.76538746298039,33.05184950384161,True,Brazil,BRA,1,contact_reduction_mean,Brazil,BRA,2025,2025,True,False,exact_year,2025,low_detected_model_anchor,https://www.paho.org/en/news/26-8-2025-paho-calls-strengthened-vaccination-and-surveillance-amid-spread-antibiotic,"PAHO reported antibiotic-resistant pertussis cases detected in Brazil since 2024, but no public national resistant fraction or denominator was located, so keep a conservative low detected anchor pending numeric reporting.",Brazil,BRA,3,relative_detection_prior_mean,True,0.0,prospective_policy,2.8141735141323725e-05,1.480345728618647e-16,Brazil,maternal_direct_antibody_only,90.0,0.8601273820862417,80.27157066232522,79.27157066232522,0.25,calibrated_country_scenario_analysis,,
maternal_duration_sensitivity,maternal_immunization_maternal_duration_90d,symptom_protective,country_timeline,maternal_immunization,2027-01-01,2032-01-01,2027,2032,5828595.938574721,30939867.19021794,606563.0901462671,167142.4525012174,366137.1239255196,1026692.8615569943,1099538.0154348651,2293373.329493077,11032114.78681862,441578.8252714721,460.38306108087846,450.9106180918497,452.0051240857434,52474.45499815451,11170433.710126992,0.36103689913894255,0.009999999999999998,0.9737763927377617,215691107.4672803,2283801.0961003997,22934711.412391257,22511161.08562918,47729673.59412083,4.999418194761015,2869.2390862009165,56.250226149798166,1463.8919643300446,3206.7567846270413,895.4220736017547,976.9962282592396,961.0961262282142,4623.286862789159,185.05478063034153,0.4269407704166605,3.949232649024009,1.8942418498000704,21.990748203133013,12432.614865465797,356057.4844135183,1223775.604627327,1223775.604627327,73468.61559031479,360.0,1530.0,1,,0.8176349698058898,0.1883846463444908,5.308288225205697,0.5440797845760447,0.4121459470636167,0.0006045124120420431,0.011335368542206369,0.015430263515537241,0.5167096401062591,,M2;M4;M6;M15;Y4,2.0,48.0,5,wP,True,Brazil,/home/ctm/pertussis_transmission_analysis/outputs/calibrations/Brazil_calibrated_config.yaml,current,fitted_parameters_and_state_only,fe4b0945dbc60905bca91e1dac7a67bb5863846eea9d42ff0fc0dbee6b1fb742,fbaadbe47d956b3f84d024d1fe55f5b483b9cf95f7db1635c7b7f23a7bb227b0,True,state_reconstruction_accepted,35.76538746298039,33.05184950384161,True,Brazil,BRA,1,contact_reduction_mean,Brazil,BRA,2025,2025,True,False,exact_year,2025,low_detected_model_anchor,https://www.paho.org/en/news/26-8-2025-paho-calls-strengthened-vaccination-and-surveillance-amid-spread-antibiotic,"PAHO reported antibiotic-resistant pertussis cases detected in Brazil since 2024, but no public national resistant fraction or denominator was located, so keep a conservative low detected anchor pending numeric reporting.",Brazil,BRA,3,relative_detection_prior_mean,True,0.0,prospective_policy,,,Brazil,maternal_immunization,90.0,0.8601273820862417,65.39755310819551,64.39755310819551,0.25,calibrated_country_scenario_analysis,True,False
maternal_duration_sensitivity,current_maternal_duration_180d,symptom_protective,country_timeline,current,2027-01-01,2032-01-01,2027,2032,7295729.196657301,37441395.10582427,753347.5868625009,222591.61091267152,483283.2890935644,1215387.882186186,1264601.369029317,2702580.862128175,12992261.956237502,535794.473494982,680.83089964683,669.2750718587531,670.5960324246115,71417.77288812897,14609710.687851453,0.3902020917371963,0.009999999999999998,0.9759322515077695,215691107.46515256,2283801.09611043,22934711.41455374,22511161.083241947,47729673.59390612,4.999418194761015,3472.164687072328,69.86243116213987,1949.5350562630715,4232.7638060163235,1059.9909460211763,1123.663530119505,1132.58489754728,5444.736134564841,224.5382320926584,0.6313752468197097,5.861744786884725,2.8103023643894214,29.92942491491685,15737.968194958303,437056.0656178836,1476622.8914599945,1476622.8914599945,93001.09011566862,360.0,1530.0,1,,0.810630824098301,0.19485730101767493,5.131960643903678,0.43945210050896655,0.31818114731068015,0.0006993596673390167,0.01129516517343467,0.015381586402885698,0.41207598926530714,,M2;M4;M6;M15;Y4,2.0,48.0,5,wP,True,Brazil,/home/ctm/pertussis_transmission_analysis/outputs/calibrations/Brazil_calibrated_config.yaml,current,fitted_parameters_and_state_only,fe4b0945dbc60905bca91e1dac7a67bb5863846eea9d42ff0fc0dbee6b1fb742,fbaadbe47d956b3f84d024d1fe55f5b483b9cf95f7db1635c7b7f23a7bb227b0,True,state_reconstruction_accepted,35.76538746298039,33.05184950384161,True,Brazil,BRA,1,contact_reduction_mean,Brazil,BRA,2025,2025,True,False,exact_year,2025,low_detected_model_anchor,https://www.paho.org/en/news/26-8-2025-paho-calls-strengthened-vaccination-and-surveillance-amid-spread-antibiotic,"PAHO reported antibiotic-resistant pertussis cases detected in Brazil since 2024, but no public national resistant fraction or denominator was located, so keep a conservative low detected anchor pending numeric reporting.",Brazil,BRA,3,relative_detection_prior_mean,True,0.0,prospective_policy,2.8141735141323725e-05,1.480345728618647e-16,Brazil,current,180.0,0.8601273820862417,81.22335437419551,80.22335437419551,0.25,calibrated_country_scenario_analysis,,
maternal_duration_sensitivity,maternal_direct_antibody_only_maternal_duration_180d,symptom_protective,country_timeline,maternal_direct_antibody_only,2027-01-01,2032-01-01,2027,2032,7246908.922753275,37250499.65298131,739130.2625291706,205979.15250564716,462873.29681116267,1208600.4509851767,1260400.5907983095,2674980.194289133,12916126.750710234,522578.80610432837,509.1601658571854,497.66387850272065,498.9758235031013,62347.86828273253,14520215.040770128,0.3897992020519922,0.009999999999999998,0.9761483242943759,215691107.4652048,2283801.09610734,22934711.414479196,22511161.08331659,47729673.593903124,4.999418194761015,3454.461809056112,68.54397357379572,1804.03734454846,4054.0059665441504,1054.0713414890772,1119.9309220292398,1121.0181392701893,5412.829750130881,218.99987225766768,0.47217469940850926,4.358714029698326,2.0910844513856497,26.12845188124674,15626.71694731419,430998.2221588794,1467070.529147717,1467070.529147717,92343.66806606798,360.0,1530.0,1,,0.8109640871886072,0.19454528101003002,5.140191500961896,0.439647351082711,0.3182746694839985,0.0008041829392204096,0.01128312305113075,0.015365010537253386,0.4121950345551065,,M2;M4;M6;M15;Y4,2.0,48.0,5,wP,True,Brazil,/home/ctm/pertussis_transmission_analysis/outputs/calibrations/Brazil_calibrated_config.yaml,current,fitted_parameters_and_state_only,fe4b0945dbc60905bca91e1dac7a67bb5863846eea9d42ff0fc0dbee6b1fb742,fbaadbe47d956b3f84d024d1fe55f5b483b9cf95f7db1635c7b7f23a7bb227b0,True,state_reconstruction_accepted,35.76538746298039,33.05184950384161,True,Brazil,BRA,1,contact_reduction_mean,Brazil,BRA,2025,2025,True,False,exact_year,2025,low_detected_model_anchor,https://www.paho.org/en/news/26-8-2025-paho-calls-strengthened-vaccination-and-surveillance-amid-spread-antibiotic,"PAHO reported antibiotic-resistant pertussis cases detected in Brazil since 2024, but no public national resistant fraction or denominator was located, so keep a conservative low detected anchor pending numeric reporting.",Brazil,BRA,3,relative_detection_prior_mean,True,0.0,prospective_policy,2.8141735141323725e-05,1.480345728618647e-16,Brazil,maternal_direct_antibody_only,180.0,0.8601273820862417,79.69049120089875,78.69049120089875,0.25,calibrated_country_scenario_analysis,,
maternal_duration_sensitivity,maternal_immunization_maternal_duration_180d,symptom_protective,country_timeline,maternal_immunization,2027-01-01,2032-01-01,2027,2032,5814075.553735562,30881956.00531777,602359.8299185577,162273.09421958477,362094.00895893085,1024531.304849105,1098145.7571222757,2284950.1561909653,11009846.98149849,437658.07893493836,401.42008764144214,391.9661106717324,393.0577364674153,49568.078938112616,11139555.210433807,0.3607140431297685,0.009999999999999998,0.973775637688061,215691107.4671202,2283801.096101696,22934711.41255799,22511161.08544657,47729673.59410625,4.999418194761015,2863.8686353791195,55.86043266880521,1421.2444241426776,3171.3457719119474,893.5368889776793,975.759134959722,957.5661823126604,4613.954975497055,183.41169266582313,0.37226087570667593,3.432976069903875,1.6472079056857232,20.772757770990175,12402.297927578698,354294.6068332916,1221079.326801263,1221079.326801263,73289.46233251011,360.0,1530.0,1,,0.81776168003807,0.18826772348015772,5.31158491490122,0.5441933420891697,0.4121294811589944,0.0007490228281389564,0.011330528220696374,0.01542363383300574,0.5166901572073286,,M2;M4;M6;M15;Y4,2.0,48.0,5,wP,True,Brazil,/home/ctm/pertussis_transmission_analysis/outputs/calibrations/Brazil_calibrated_config.yaml,current,fitted_parameters_and_state_only,fe4b0945dbc60905bca91e1dac7a67bb5863846eea9d42ff0fc0dbee6b1fb742,fbaadbe47d956b3f84d024d1fe55f5b483b9cf95f7db1635c7b7f23a7bb227b0,True,state_reconstruction_accepted,35.76538746298039,33.05184950384161,True,Brazil,BRA,1,contact_reduction_mean,Brazil,BRA,2025,2025,True,False,exact_year,2025,low_detected_model_anchor,https://www.paho.org/en/news/26-8-2025-paho-calls-strengthened-vaccination-and-surveillance-amid-spread-antibiotic,"PAHO reported antibiotic-resistant pertussis cases detected in Brazil since 2024, but no public national resistant fraction or denominator was located, so keep a conservative low detected anchor pending numeric reporting.",Brazil,BRA,3,relative_detection_prior_mean,True,0.0,prospective_policy,,,Brazil,maternal_immunization,180.0,0.8601273820862417,64.94437199908175,63.94437199908175,0.25,calibrated_country_scenario_analysis,True,False
maternal_duration_sensitivity,current_maternal_duration_270d,symptom_protective,country_timeline,current,2027-01-01,2032-01-01,2027,2032,7291772.889914203,37427322.46269547,752160.2666263706,221183.5801121146,482710.7616226754,1214842.953700058,1264269.9726196514,2700296.506431824,12987242.935188165,534686.0573122327,660.968112812765,649.4170349546225,650.7372363858879,70496.46957186046,14602455.9938256,0.3901549732386052,0.009999999999999998,0.9759457494211745,215691107.46510807,2283801.0961099328,22934711.41459364,22511161.083195973,47729673.59389955,4.999418194761015,3470.859646638854,69.75232384952646,1937.2030308348224,4227.749410503437,1059.5156909423401,1123.3690673221586,1131.6275804885574,5442.632786791391,224.0737222434667,0.6129552956302082,5.687821165351292,2.727079054434072,29.543329447181883,15730.108114922166,436574.76685906574,1475885.5111011502,1475885.5111011502,92954.64218776562,360.0,1530.0,1,,0.8106649243736993,0.19482486082679445,5.132815164123392,0.43950745659099166,0.3181796597571669,0.0007602652404913213,0.011293947585734366,0.015379914695277446,0.4120733290694885,,M2;M4;M6;M15;Y4,2.0,48.0,5,wP,True,Brazil,/home/ctm/pertussis_transmission_analysis/outputs/calibrations/Brazil_calibrated_config.yaml,current,fitted_parameters_and_state_only,fe4b0945dbc60905bca91e1dac7a67bb5863846eea9d42ff0fc0dbee6b1fb742,fbaadbe47d956b3f84d024d1fe55f5b483b9cf95f7db1635c7b7f23a7bb227b0,True,state_reconstruction_accepted,35.76538746298039,33.05184950384161,True,Brazil,BRA,1,contact_reduction_mean,Brazil,BRA,2025,2025,True,False,exact_year,2025,low_detected_model_anchor,https://www.paho.org/en/news/26-8-2025-paho-calls-strengthened-vaccination-and-surveillance-amid-spread-antibiotic,"PAHO reported antibiotic-resistant pertussis cases detected in Brazil since 2024, but no public national resistant fraction or denominator was located, so keep a conservative low detected anchor pending numeric reporting.",Brazil,BRA,3,relative_detection_prior_mean,True,0.0,prospective_policy,2.8141735141323725e-05,1.480345728618647e-16,Brazil,current,270.0,0.8601273820862417,81.09534157643252,80.09534157643252,0.25,calibrated_country_scenario_analysis,,
maternal_duration_sensitivity,maternal_direct_antibody_only_maternal_duration_270d,symptom_protective,country_timeline,maternal_direct_antibody_only,2027-01-01,2032-01-01,2027,2032,7238601.457978768,37219308.93892483,736718.4169316189,203160.66322615786,460552.0029258,1207442.1685559652,1259681.347341168,2670284.179123291,12904344.203083046,520337.39573907637,474.84409805727273,463.35799335866915,464.6683687973309,60660.21952214339,14504128.09945362,0.38969364324453815,0.009999999999999998,0.9761786941579746,215691107.4651382,2283801.096108216,22934711.414551,22511161.083238818,47729673.593898036,4.999418194761015,3451.5693074395067,68.3203086945884,1779.352031235457,4033.6752641102225,1053.061154609723,1119.2918371310523,1119.050155285068,5407.891975397614,218.06055252651686,0.44035135562638517,4.0582511081593,1.9473103811349208,25.42119996313196,15609.744074566437,429991.99690348835,1465542.989862014,1465542.989862014,92243.36949837298,360.0,1530.0,1,,0.8110267374058173,0.19448511174285854,5.141781759223633,0.4397188913709718,0.3182807899929705,0.0008740692138257489,0.01128085540054104,0.015361893063717007,0.412202073692888,,M2;M4;M6;M15;Y4,2.0,48.0,5,wP,True,Brazil,/home/ctm/pertussis_transmission_analysis/outputs/calibrations/Brazil_calibrated_config.yaml,current,fitted_parameters_and_state_only,fe4b0945dbc60905bca91e1dac7a67bb5863846eea9d42ff0fc0dbee6b1fb742,fbaadbe47d956b3f84d024d1fe55f5b483b9cf95f7db1635c7b7f23a7bb227b0,True,state_reconstruction_accepted,35.76538746298039,33.05184950384161,True,Brazil,BRA,1,contact_reduction_mean,Brazil,BRA,2025,2025,True,False,exact_year,2025,low_detected_model_anchor,https://www.paho.org/en/news/26-8-2025-paho-calls-strengthened-vaccination-and-surveillance-amid-spread-antibiotic,"PAHO reported antibiotic-resistant pertussis cases detected in Brazil since 2024, but no public national resistant fraction or denominator was located, so keep a conservative low detected anchor pending numeric reporting.",Brazil,BRA,3,relative_detection_prior_mean,True,0.0,prospective_policy,2.8141735141323725e-05,1.480345728618647e-16,Brazil,maternal_direct_antibody_only,270.0,0.8601273820862417,79.43045427629251,78.43045427629251,0.25,calibrated_country_scenario_analysis,,
maternal_duration_sensitivity,maternal_immunization_maternal_duration_270d,symptom_protective,country_timeline,maternal_immunization,2027-01-01,2032-01-01,2027,2032,5807241.5235391995,30854430.261405762,600450.0320847163,160094.26548624728,360270.1781143053,1023502.1703674436,1097465.4903235177,2281061.926177209,10999349.39801083,435884.7378888569,375.15486235292104,365.70977350179714,366.8000416046832,48271.22957596872,11124827.683533333,0.3605585191261436,0.009999999999999998,0.9737884114136832,215691107.46705106,2283801.096102451,22934711.412631415,22511161.08536664,47729673.59410051,4.999418194761015,2861.3160083818793,55.683325683912145,1402.1614812593511,3155.3720245009,892.6393374615286,975.1546828321328,955.9367211360671,4609.55569750174,182.66852922710063,0.3479035600976307,3.203013900384532,1.537168391003664,20.229280229752554,12389.089724631669,353484.4153217624,1219832.2284876276,1219832.2284876276,73211.4104990265,360.0,1530.0,1,,0.8178179498955509,0.18821418753608238,5.313095750596861,0.5442410596379996,0.4121194128017187,0.00081363304794123,0.011328349316654447,0.015420646145989644,0.5166784311274142,,M2;M4;M6;M15;Y4,2.0,48.0,5,wP,True,Brazil,/home/ctm/pertussis_transmission_analysis/outputs/calibrations/Brazil_calibrated_config.yaml,current,fitted_parameters_and_state_only,fe4b0945dbc60905bca91e1dac7a67bb5863846eea9d42ff0fc0dbee6b1fb742,fbaadbe47d956b3f84d024d1fe55f5b483b9cf95f7db1635c7b7f23a7bb227b0,True,state_reconstruction_accepted,35.76538746298039,33.05184950384161,True,Brazil,BRA,1,contact_reduction_mean,Brazil,BRA,2025,2025,True,False,exact_year,2025,low_detected_model_anchor,https://www.paho.org/en/news/26-8-2025-paho-calls-strengthened-vaccination-and-surveillance-amid-spread-antibiotic,"PAHO reported antibiotic-resistant pertussis cases detected in Brazil since 2024, but no public national resistant fraction or denominator was located, so keep a conservative low detected anchor pending numeric reporting.",Brazil,BRA,3,relative_detection_prior_mean,True,0.0,prospective_policy,,,Brazil,maternal_immunization,270.0,0.8601273820862417,64.73846414335986,63.73846414335986,0.25,calibrated_country_scenario_analysis,True,False
maternal_duration_sensitivity,current_maternal_duration_90d,symptom_protective,country_timeline,current,2027-01-01,2032-01-01,2027,2032,149310.9525234421,780711.7481024892,12853.630751347708,3107.0780126749337,6398.931744874863,18032.850777671658,24726.827606276845,45866.75639662343,219582.101639531,8150.43149349984,11.54710282533415,11.222602888729513,11.242203533209265,1078.6534984420514,443434.75477982056,0.5679878083781672,0.01,0.9035569045590178,71045565.67047527,528070.8277960926,5333185.0784351695,5844172.633467938,11705428.539699202,4.999418194761015,219.8033320567934,3.6188399560281743,117.69025797434779,242.37947188400886,67.63294008377414,84.6303034891998,78.37747070256148,375.2236061612193,13.927520840388997,0.03250997160961983,0.4250910417215906,0.19210764991465773,1.8432115024942346,1859.5810520266623,7064.370328379979,14312.699975603045,14312.699975603045,3619.5887055159383,1826.0,1406.0,2,3.041095890410959,0.8048132691894087,0.19124978314511168,5.228764098734927,0.32311037201403237,0.23927490151764405,1.591105839583389e-05,0.007095647492712492,0.009631256870207543,0.3063675565927166,,M2;M4;M6;Y1.5;Y4,2.0,48.0,5,wP,True,Thailand,/home/ctm/pertussis_transmission_analysis/outputs/calibrations/Thailand_calibrated_config.yaml,current,fitted_parameters_and_state_only,fe4b0945dbc60905bca91e1dac7a67bb5863846eea9d42ff0fc0dbee6b1fb742,fbaadbe47d956b3f84d024d1fe55f5b483b9cf95f7db1635c7b7f23a7bb227b0,True,state_reconstruction_accepted,23.27153549208217,22.994987753033243,True,Thailand,THA,1,contact_reduction_mean,Thailand,THA,2025,2025,True,False,exact_year,2025,low_imported_model_anchor,https://www.cdc.gov/pertussis/hcp/antibiotic-resistance/index.html,"No public Thailand-specific MRBP prevalence estimate was located in accessible surveillance material; CDC notes increasing MRBP globally, so keep a conservative low imported anchor pending numeric reporting.",Thailand,THA,3,relative_detection_prior_mean,True,0.0,prospective_policy,4.086723819167002e-05,1.6177673822097892e-16,Thailand,current,90.0,0.1976821449825874,18.306357189451457,17.306357189451457,0.25,calibrated_country_scenario_analysis,,
maternal_duration_sensitivity,maternal_direct_antibody_only_maternal_duration_90d,symptom_protective,country_timeline,maternal_direct_antibody_only,2027-01-01,2032-01-01,2027,2032,145854.72105205746,763541.720082109,12378.05370611068,2741.2358905093524,6033.469450167674,17623.671307387453,24210.444332839947,44575.35153073675,214484.96657659716,7773.452722482831,7.473335338752195,7.155646003973912,7.174787043592498,870.6326667840015,426402.1773430845,0.5584530172067487,0.01,0.8989754510967765,71045565.66796838,528070.8279522365,5333185.082479655,5844172.63122361,11705428.541655501,4.999418194761015,214.96924396520407,3.484944930942556,103.83284800417579,228.53644902507557,66.09829579251041,82.86292463022448,76.17070799298989,366.5135819899646,13.283336577015335,0.021040595496173275,0.2710423814581878,0.12260332000579484,1.4877438843086594,1792.1430452456225,6849.9704076393555,14105.730711311679,14105.730711311679,3488.3237371887867,1826.0,1406.0,2,3.041095890410959,0.8051727793009033,0.1910239050675223,5.234946901784489,0.32345744213062605,0.23930006501551812,0.00039388266080675135,0.007085930468626776,0.00961807105674867,0.30635955794444386,,M2;M4;M6;Y1.5;Y4,2.0,48.0,5,wP,True,Thailand,/home/ctm/pertussis_transmission_analysis/outputs/calibrations/Thailand_calibrated_config.yaml,current,fitted_parameters_and_state_only,fe4b0945dbc60905bca91e1dac7a67bb5863846eea9d42ff0fc0dbee6b1fb742,fbaadbe47d956b3f84d024d1fe55f5b483b9cf95f7db1635c7b7f23a7bb227b0,True,state_reconstruction_accepted,23.27153549208217,22.994987753033243,True,Thailand,THA,1,contact_reduction_mean,Thailand,THA,2025,2025,True,False,exact_year,2025,low_imported_model_anchor,https://www.cdc.gov/pertussis/hcp/antibiotic-resistance/index.html,"No public Thailand-specific MRBP prevalence estimate was located in accessible surveillance material; CDC notes increasing MRBP globally, so keep a conservative low imported anchor pending numeric reporting.",Thailand,THA,3,relative_detection_prior_mean,True,0.0,prospective_policy,4.086723819167002e-05,1.6177673822097892e-16,Thailand,maternal_direct_antibody_only,90.0,0.1976821449825874,17.629032360254506,16.629032360254506,0.25,calibrated_country_scenario_analysis,,
maternal_duration_sensitivity,maternal_immunization_maternal_duration_90d,symptom_protective,country_timeline,maternal_immunization,2027-01-01,2032-01-01,2027,2032,59572.08108442635,319968.53395134484,5128.014436167378,1128.335442737972,2415.638686610456,7609.699966075574,10555.450592949708,19293.486001763253,91309.17231283106,3332.454194737686,3.09134987196727,2.9542273765802793,2.9624794574980684,361.14602298610714,90191.27819367626,0.2818754615645767,0.01,0.6516427893125082,71045565.6704312,528070.8278214596,5333185.078477159,5844172.634021003,11705428.540319622,4.999418194761015,90.08465683629466,1.4437526560156986,42.739219546254084,91.49983972934959,28.540489144084596,36.12719760440616,32.96885920375768,156.02982507765867,5.694523692568444,0.008703455584774525,0.11190056401209748,0.05062307978939219,0.6171291379244709,444.8647092690215,2938.969280678061,6249.037035098503,6249.037035098503,865.9086278583438,1826.0,1796.0,2,2.958904109589041,0.8134749399500473,0.18618106083357877,5.371115598561702,0.4436554738530087,0.3483176069657875,0.000375503598568447,0.00710425105786762,0.009642729280019309,0.42653298991655336,,M2;M4;M6;Y1.5;Y4,2.0,48.0,5,wP,True,Thailand,/home/ctm/pertussis_transmission_analysis/outputs/calibrations/Thailand_calibrated_config.yaml,current,fitted_parameters_and_state_only,fe4b0945dbc60905bca91e1dac7a67bb5863846eea9d42ff0fc0dbee6b1fb742,fbaadbe47d956b3f84d024d1fe55f5b483b9cf95f7db1635c7b7f23a7bb227b0,True,state_reconstruction_accepted,23.27153549208217,22.994987753033243,True,Thailand,THA,1,contact_reduction_mean,Thailand,THA,2025,2025,True,False,exact_year,2025,low_imported_model_anchor,https://www.cdc.gov/pertussis/hcp/antibiotic-resistance/index.html,"No public Thailand-specific MRBP prevalence estimate was located in accessible surveillance material; CDC notes increasing MRBP globally, so keep a conservative low imported anchor pending numeric reporting.",Thailand,THA,3,relative_detection_prior_mean,True,0.0,prospective_policy,,,Thailand,maternal_immunization,90.0,0.1976821449825874,7.303404443243318,6.303404443243318,0.25,calibrated_country_scenario_analysis,True,False
maternal_duration_sensitivity,current_maternal_duration_180d,symptom_protective,country_timeline,current,2027-01-01,2032-01-01,2027,2032,149292.90768790804,780622.9593595739,12851.019447838677,3104.9533604311187,6397.713332444644,18030.72976352494,24724.169880673217,45859.85300462928,219556.1898635814,8148.327688951589,11.5191078770585,11.194643005602464,11.214241250115379,1077.3200379203765,443344.50901383883,0.5679368044434158,0.01,0.9035328725326777,71045565.67032693,528070.8278071447,5333185.078672178,5844172.633382461,11705428.539861785,4.999418194761015,219.7783342759465,3.6181047638041637,117.60978015006778,242.33332071290684,67.62498513096807,84.62120713048353,78.36567413144546,375.1793279113733,13.923925842591698,0.032431154006049574,0.4240319740469762,0.1916298282397993,1.840932874739535,1859.2243120472833,7063.220247164556,14311.654350673914,14311.654350673914,3618.8943276006485,1826.0,1406.0,2,3.041095890410959,0.8048155739499728,0.19124842012126894,5.2288013640369355,0.3231139117580143,0.23927480966809964,1.9927107298607547e-05,0.007095587682129474,0.009631175716596233,0.30636722125199,,M2;M4;M6;Y1.5;Y4,2.0,48.0,5,wP,True,Thailand,/home/ctm/pertussis_transmission_analysis/outputs/calibrations/Thailand_calibrated_config.yaml,current,fitted_parameters_and_state_only,fe4b0945dbc60905bca91e1dac7a67bb5863846eea9d42ff0fc0dbee6b1fb742,fbaadbe47d956b3f84d024d1fe55f5b483b9cf95f7db1635c7b7f23a7bb227b0,True,state_reconstruction_accepted,23.27153549208217,22.994987753033243,True,Thailand,THA,1,contact_reduction_mean,Thailand,THA,2025,2025,True,False,exact_year,2025,low_imported_model_anchor,https://www.cdc.gov/pertussis/hcp/antibiotic-resistance/index.html,"No public Thailand-specific MRBP prevalence estimate was located in accessible surveillance material; CDC notes increasing MRBP globally, so keep a conservative low imported anchor pending numeric reporting.",Thailand,THA,3,relative_detection_prior_mean,True,0.0,prospective_policy,4.086723819167002e-05,1.6177673822097892e-16,Thailand,current,180.0,0.1976821449825874,18.302638127094685,17.302638127094685,0.25,calibrated_country_scenario_analysis,,
maternal_duration_sensitivity,maternal_direct_antibody_only_maternal_duration_180d,symptom_protective,country_timeline,maternal_direct_antibody_only,2027-01-01,2032-01-01,2027,2032,145003.0210779074,759319.560150964,12260.134188029366,2649.8765769947922,5943.4568869520635,17522.915163048594,24083.34143523006,44256.13317527345,213230.81969897932,7679.78580618289,6.449850070219707,6.133836076290761,6.152863911797888,818.5042798412532,422215.942706165,0.5560451289075475,0.01,0.8977913787466741,71045565.66781957,528070.8279607267,5333185.082720661,5844172.631070259,11705428.541751647,4.999418194761015,213.78052761338648,3.4517456060354177,100.37232942889031,225.12694281033745,65.72040577359185,82.427900901301,75.62522517944618,364.37048603113897,13.123277820552769,0.018159052175143107,0.23233814761685717,0.10514061790833995,1.3986664905446236,1775.544493572199,6796.911874957621,14053.61359154429,14053.61359154429,3456.015422307373,1826.0,1406.0,2,3.041095890410959,0.8052655406546236,0.19096442221122115,5.236577517533209,0.3235485813488218,0.23930642786582845,0.0004929775231315397,0.007083451617837984,0.00961470768003718,0.306357444527815,,M2;M4;M6;Y1.5;Y4,2.0,48.0,5,wP,True,Thailand,/home/ctm/pertussis_transmission_analysis/outputs/calibrations/Thailand_calibrated_config.yaml,current,fitted_parameters_and_state_only,fe4b0945dbc60905bca91e1dac7a67bb5863846eea9d42ff0fc0dbee6b1fb742,fbaadbe47d956b3f84d024d1fe55f5b483b9cf95f7db1635c7b7f23a7bb227b0,True,state_reconstruction_accepted,23.27153549208217,22.994987753033243,True,Thailand,THA,1,contact_reduction_mean,Thailand,THA,2025,2025,True,False,exact_year,2025,low_imported_model_anchor,https://www.cdc.gov/pertussis/hcp/antibiotic-resistance/index.html,"No public Thailand-specific MRBP prevalence estimate was located in accessible surveillance material; CDC notes increasing MRBP globally, so keep a conservative low imported anchor pending numeric reporting.",Thailand,THA,3,relative_detection_prior_mean,True,0.0,prospective_policy,4.086723819167002e-05,1.6177673822097892e-16,Thailand,maternal_direct_antibody_only,180.0,0.1976821449825874,17.461089398536526,16.461089398536526,0.25,calibrated_country_scenario_analysis,,
maternal_duration_sensitivity,maternal_immunization_maternal_duration_180d,symptom_protective,country_timeline,maternal_immunization,2027-01-01,2032-01-01,2027,2032,59360.96253633536,318959.22182739776,5091.156428319562,1093.392394911703,2385.555836596438,7584.015694618136,10523.723488404,19201.13157793384,90991.87323651093,3300.901570711877,2.6762771818720728,2.5395638839558545,2.547786750513621,340.4939721294762,89332.9284419051,0.2800763305418612,0.01,0.6488545880399884,71045565.67044629,528070.827821342,5333185.078451738,5844172.63405596,11705428.54032904,4.999418194761015,89.80049284301144,1.4333755700324804,41.415642765728734,90.36035808000639,28.44415923975973,36.0186080783107,32.811043244718086,155.48762194370258,5.64060632278838,0.007534850647669034,0.09619389259347821,0.04353677850189367,0.5818387525110773,442.0135214886537,2922.7332948891517,6224.772734158583,6224.772734158583,860.3589224149964,1826.0,1796.0,2,2.958904109589041,0.8135645932143556,0.18610831251794963,5.373215126559986,0.44375501709309234,0.34833382157442006,0.0004699554327626257,0.007102160273627077,0.009639899017042807,0.4265430023696599,,M2;M4;M6;Y1.5;Y4,2.0,48.0,5,wP,True,Thailand,/home/ctm/pertussis_transmission_analysis/outputs/calibrations/Thailand_calibrated_config.yaml,current,fitted_parameters_and_state_only,fe4b0945dbc60905bca91e1dac7a67bb5863846eea9d42ff0fc0dbee6b1fb742,fbaadbe47d956b3f84d024d1fe55f5b483b9cf95f7db1635c7b7f23a7bb227b0,True,state_reconstruction_accepted,23.27153549208217,22.994987753033243,True,Thailand,THA,1,contact_reduction_mean,Thailand,THA,2025,2025,True,False,exact_year,2025,low_imported_model_anchor,https://www.cdc.gov/pertussis/hcp/antibiotic-resistance/index.html,"No public Thailand-specific MRBP prevalence estimate was located in accessible surveillance material; CDC notes increasing MRBP globally, so keep a conservative low imported anchor pending numeric reporting.",Thailand,THA,3,relative_detection_prior_mean,True,0.0,prospective_policy,,,Thailand,maternal_immunization,180.0,0.1976821449825874,7.250910648297233,6.250910648297233,0.25,calibrated_country_scenario_analysis,True,False
maternal_duration_sensitivity,current_maternal_duration_270d,symptom_protective,country_timeline,current,2027-01-01,2032-01-01,2027,2032,149284.71159234515,780582.6890097158,12849.831859901806,3103.9857778767896,6397.159697304236,18029.766594847177,24722.963334305714,45856.71570702968,219544.43673354597,8147.370532473448,11.506353471422385,11.181904523089468,11.201501677553042,1076.712613135014,443303.60267875565,0.5679136994969125,0.01,0.9035219911637,71045565.6702616,528070.8278120053,5333185.078776579,5844172.63334462,11705428.539933207,4.999418194761015,219.76699647176247,3.6177704076430413,117.57312994581606,242.31235005521464,67.62137272635468,84.61707759258505,78.36031309238489,375.1592440689052,13.92229024605922,0.032395244967128145,0.42354946433878027,0.19141213343008215,1.8398949025223301,1859.0623276271224,7062.697757095862,14311.177355038195,14311.177355038195,3618.579032398414,1826.0,1406.0,2,3.041095890410959,0.8048166244595166,0.1912477866780966,5.228818682661015,0.32311552663396065,0.23927476872697565,2.1757573075884187e-05,0.007095560465398276,0.009631138788267608,0.3063670698072189,,M2;M4;M6;Y1.5;Y4,2.0,48.0,5,wP,True,Thailand,/home/ctm/pertussis_transmission_analysis/outputs/calibrations/Thailand_calibrated_config.yaml,current,fitted_parameters_and_state_only,fe4b0945dbc60905bca91e1dac7a67bb5863846eea9d42ff0fc0dbee6b1fb742,fbaadbe47d956b3f84d024d1fe55f5b483b9cf95f7db1635c7b7f23a7bb227b0,True,state_reconstruction_accepted,23.27153549208217,22.994987753033243,True,Thailand,THA,1,contact_reduction_mean,Thailand,THA,2025,2025,True,False,exact_year,2025,low_imported_model_anchor,https://www.cdc.gov/pertussis/hcp/antibiotic-resistance/index.html,"No public Thailand-specific MRBP prevalence estimate was located in accessible surveillance material; CDC notes increasing MRBP globally, so keep a conservative low imported anchor pending numeric reporting.",Thailand,THA,3,relative_detection_prior_mean,True,0.0,prospective_policy,4.086723819167002e-05,1.6177673822097892e-16,Thailand,current,270.0,0.1976821449825874,18.300946744389627,17.300946744389627,0.25,calibrated_country_scenario_analysis,,
maternal_duration_sensitivity,maternal_direct_antibody_only_maternal_duration_270d,symptom_protective,country_timeline,maternal_direct_antibody_only,2027-01-01,2032-01-01,2027,2032,144620.4426558039,757423.9517206403,12207.047349503464,2608.64243482804,5902.893918694726,17477.66676035607,24026.274847713445,44112.58404289756,212667.548611933,7637.585952769796,5.987537106316796,5.672275190823403,5.691252181628685,794.9654443470827,420336.45763706235,0.5549553280988591,0.01,0.897251824300341,71045565.66777544,528070.827963204,5333185.082792247,5844172.63102364,11705428.541779092,4.999418194761015,213.24683377544318,3.436799418760173,98.81045785402586,223.59049403733994,65.55069979868372,82.232584191722,75.37992730344178,363.40796400816976,13.051166382221275,0.01685744591433207,0.21485509136718417,0.0972525606977671,1.3584431450526109,1768.0889784789672,6773.038030651415,14030.058680652264,14030.058680652264,3441.503606219108,1826.0,1406.0,2,3.041095890410959,0.8053077846685414,0.19093724502277698,5.23732286951511,0.3235901334672642,0.2393093473450878,0.000538103367223506,0.007082326512926308,0.009613181160952408,0.30635652242616196,,M2;M4;M6;Y1.5;Y4,2.0,48.0,5,wP,True,Thailand,/home/ctm/pertussis_transmission_analysis/outputs/calibrations/Thailand_calibrated_config.yaml,current,fitted_parameters_and_state_only,fe4b0945dbc60905bca91e1dac7a67bb5863846eea9d42ff0fc0dbee6b1fb742,fbaadbe47d956b3f84d024d1fe55f5b483b9cf95f7db1635c7b7f23a7bb227b0,True,state_reconstruction_accepted,23.27153549208217,22.994987753033243,True,Thailand,THA,1,contact_reduction_mean,Thailand,THA,2025,2025,True,False,exact_year,2025,low_imported_model_anchor,https://www.cdc.gov/pertussis/hcp/antibiotic-resistance/index.html,"No public Thailand-specific MRBP prevalence estimate was located in accessible surveillance material; CDC notes increasing MRBP globally, so keep a conservative low imported anchor pending numeric reporting.",Thailand,THA,3,relative_detection_prior_mean,True,0.0,prospective_policy,4.086723819167002e-05,1.6177673822097892e-16,Thailand,maternal_direct_antibody_only,270.0,0.1976821449825874,17.38548222988424,16.38548222988424,0.25,calibrated_country_scenario_analysis,,
maternal_duration_sensitivity,maternal_immunization_maternal_duration_270d,symptom_protective,country_timeline,maternal_immunization,2027-01-01,2032-01-01,2027,2032,59265.96078578294,318505.57541772735,5074.511640961627,1077.5688359326446,2371.9533948509174,7572.467525113354,10509.466126783429,19159.502487829428,90849.18720801438,3286.641019870715,2.4881892084684205,2.351659850974362,2.3598695791585493,331.1381513623184,88947.52470418933,0.2792652046593929,0.01,0.6475908220223795,71045565.67045094,528070.8278212621,5333185.078443982,5844172.634065561,11705428.540330805,4.999418194761015,89.67277221799442,1.4286893593643075,40.81627618059232,89.84512322865667,28.400847360508006,35.96981068054271,32.739907131192425,155.2437989464555,5.616237782400018,0.007005303559714138,0.08907644204196334,0.040325635236330204,0.5658514530888149,440.73322281865836,2915.407045878636,6213.785329249016,6213.785329249016,857.8668801345885,1826.0,1796.0,2,2.958904109589041,0.8136054080664834,0.18607511252528083,5.3741738292063985,0.44380042780459045,0.34834124398208915,0.0005129621497582966,0.007101214199293125,0.009638618347061416,0.4265476331084776,,M2;M4;M6;Y1.5;Y4,2.0,48.0,5,wP,True,Thailand,/home/ctm/pertussis_transmission_analysis/outputs/calibrations/Thailand_calibrated_config.yaml,current,fitted_parameters_and_state_only,fe4b0945dbc60905bca91e1dac7a67bb5863846eea9d42ff0fc0dbee6b1fb742,fbaadbe47d956b3f84d024d1fe55f5b483b9cf95f7db1635c7b7f23a7bb227b0,True,state_reconstruction_accepted,23.27153549208217,22.994987753033243,True,Thailand,THA,1,contact_reduction_mean,Thailand,THA,2025,2025,True,False,exact_year,2025,low_imported_model_anchor,https://www.cdc.gov/pertussis/hcp/antibiotic-resistance/index.html,"No public Thailand-specific MRBP prevalence estimate was located in accessible surveillance material; CDC notes increasing MRBP globally, so keep a conservative low imported anchor pending numeric reporting.",Thailand,THA,3,relative_detection_prior_mean,True,0.0,prospective_policy,,,Thailand,maternal_immunization,270.0,0.1976821449825874,7.227204862078727,6.227204862078727,0.25,calibrated_country_scenario_analysis,True,False
