analysis,scenario,vaccine_scenario,resistance_scenario,intervention,calendar_start_date,calendar_end_date,calendar_start_year,calendar_end_year,total_symptomatic_cases,total_infections,total_reported_cases,total_infant_cases,total_infant_infections,total_child_1_9_cases,total_adolescent_cases,total_child_adolescent_cases,total_child_adolescent_infections,total_child_adolescent_reported_cases,total_deaths,total_infant_deaths,total_child_adolescent_deaths,total_child_adolescent_hospitalizations,resistant_infections,resistant_fraction,resistant_fraction_start,resistant_fraction_end,total_population,infant_population,child_1_9_population,adolescent_population,child_adolescent_population,analysis_years,annualized_infections_per_100k,annualized_reported_cases_per_100k,annualized_infant_cases_per_100k,annualized_infant_infections_per_100k,annualized_child_1_9_cases_per_100k,annualized_adolescent_cases_per_100k,annualized_child_adolescent_cases_per_100k,annualized_child_adolescent_infections_per_100k,annualized_child_adolescent_reported_cases_per_100k,annualized_deaths_per_million,annualized_infant_deaths_per_100k,annualized_child_adolescent_deaths_per_million,annualized_child_adolescent_hospitalizations_per_100k,peak_incidence_per_100k_year,treated_cases,PEP_FOI_reduction_case_proxy,PEP_averted_cases,peak_incidence,time_to_peak,outbreak_duration,n_epidemic_peaks,mean_peak_interval_years,proportion_asymptomatic,case_to_infection_ratio,mean_infection_to_case_ratio,vaccinated_origin_infection_share,waned_origin_infection_share,maternal_origin_infection_share,dose1_origin_infection_share,dose2_origin_infection_share,dose3plus_origin_infection_share,relative_reduction_vs_baseline,routine_age_pattern,routine_first_shot_months,routine_last_shot_months,routine_dose_count,routine_scheduler_code,calibration_loaded,npi_contact_reduction_country,npi_contact_reduction_iso3,npi_contact_reduction_periods_loaded,npi_contact_reduction_reduction_column,resistance_timeline_country,resistance_timeline_iso3,resistance_timeline_anchor_year,resistance_timeline_allows_future_evidence,resistance_timeline_method,resistance_timeline_evidence_years,resistance_timeline_evidence_type,resistance_timeline_source,resistance_timeline_notes,diagnostic_standard_country,diagnostic_standard_iso3,diagnostic_standard_periods_loaded,diagnostic_standard_multiplier_column,calibration_country,calibration_artifact_path,calibration_hash_status,calibration_config_hash,calibration_calibration_config_hash,calibration_accepted,calibration_calibration_status,calibration_fit_score,calibration_data_fit_score,calibration_optimizer_success,contact_reciprocity_error_before,contact_reciprocity_error_after,country,observed_mean_annual_reported_incidence_per_100k,model_to_observed_reported_incidence_ratio,absolute_fit_relative_error,absolute_fit_relative_tolerance,absolute_fit_status,relative_reduction_infant_cases,relative_reduction_child_1_9_cases,relative_reduction_adolescent_cases,relative_reduction_child_adolescent_cases,relative_reduction_child_adolescent_infections,relative_reduction_child_adolescent_reported_cases,relative_reduction_total_infections,relative_reduction_reported_cases,relative_reduction_resistant_infections,relative_reduction_deaths,relative_reduction_infant_deaths,relative_reduction_child_adolescent_deaths
macrolide_resistance,country_timeline,symptom_protective,country_timeline,,2025-01-01,2050-12-31,2025,2050,4431619.197910434,24968594.089432202,306037.42222206807,210361.21859508046,453146.2519337456,875107.4704001569,538442.2489404365,1623910.937935674,7646861.400529966,229657.10621250165,369.6428620719051,359.0522422856355,359.967546969719,68215.2332842576,24607934.955719195,0.985555488930566,0.043,0.9993723788117659,29593145.574337024,299309.57445955096,2893388.66926923,2629777.2659587115,5822475.509687493,26.013698630136986,3243.4025514565474,39.75404271946385,2701.7363369500385,5819.902085463334,1162.6594081015876,787.0785162884652,1072.1423025667305,5048.628836625034,151.6247553381755,0.48016343959035507,4.611422658250262,2.376586213207093,45.037221915927304,31529.656219127985,263758.1766284271,144372.42842819984,144372.42842819984,25563.33442195768,2226.0,7766.0,5,4.482876712328767,0.8225122655269529,0.177487734473047,5.634192148369882,0.6745273651442307,0.5332935721148226,0.0008132324409548706,0.030091091039071555,0.041654610116113884,0.6019684315480904,-0.002988706629562854,M2;M4;M6;M18;Y4;Y12-Y13,2.0,156.0,6,aP,True,Australia,AUS,1,baseline_contact_reduction,Australia,AUS,2025,False,nearest_past_year,2024,measured_national_genomic_surveillance_fraction,https://doi.org/10.1016/j.lanmic.2025.101286,Nationwide Australian tNGS study of 2024-positive respiratory specimens estimated macrolide resistance at 8/188 (4.3%).,Australia,AUS,3,relative_detection_prior_mean,Australia,/home/ctm/pertussis_transmission_analysis/outputs/calibrations/Australia_calibrated_config.yaml,current,706629619ee12ac3aea55eb14e571e3b693e1448b799f3d64aa6934ed14c167b,17ae9068008b4c1e2081de14baa9658e40c120bf419be1476856f514e3c6595f,True,accepted,5343.7104439604345,5343.7104439604345,True,1.5769242865424038e-05,1.502232944079048e-16,Australia,54.978665659530755,0.7230812578401007,0.2769187421598993,0.25,calibrated_country_scenario_analysis,-0.002398419146984132,-0.0026123929423962355,-0.002804148852598054,-0.002648238765761368,-0.0027123612321131585,-0.002564002053867309,-0.002988706629562854,-0.0027128025860010396,-0.0018370235176534688,-0.002881489744910537,-0.002860724860623609,-0.002859485027747466
macrolide_resistance,low,symptom_protective,low,,2025-01-01,2050-12-31,2025,2050,4418483.6287515955,24894192.650819086,305209.4492389008,209857.89141017655,451996.55515517027,872827.3025151356,536936.5987930131,1619621.7927183255,7626176.455163726,229069.77084956446,368.5808002757396,358.02802262052506,358.9411600965806,68044.02700576183,24562812.491512574,0.9866884552572301,0.049999999999999996,0.9993428622622692,29593145.581623264,299309.5745457654,2893388.668866976,2629777.2687457935,5822475.5121585345,26.013698630136986,3233.737856886831,39.64648961013561,2695.271944334198,5805.136160757017,1159.6299990379487,784.877601827711,1069.3105125597197,5034.972171160586,151.23698333792726,0.4787838287794752,4.598268276547433,2.369809776623612,44.92418768460754,33553.234153468664,263055.11170413776,142841.4315904259,142841.4315904259,27203.992959942243,2219.0,7766.0,5,4.482876712328768,0.8225094627197637,0.17749053728023653,5.634103177123851,0.674584942713622,0.5333208300083523,0.0008132775860845204,0.030098898585902402,0.04166419420660975,0.6020085723350255,0.0,M2;M4;M6;M18;Y4;Y12-Y13,2.0,156.0,6,aP,True,Australia,AUS,1,baseline_contact_reduction,Australia,AUS,2025,False,nearest_past_year,2024,measured_national_genomic_surveillance_fraction,https://doi.org/10.1016/j.lanmic.2025.101286,Nationwide Australian tNGS study of 2024-positive respiratory specimens estimated macrolide resistance at 8/188 (4.3%).,Australia,AUS,3,relative_detection_prior_mean,Australia,/home/ctm/pertussis_transmission_analysis/outputs/calibrations/Australia_calibrated_config.yaml,current,706629619ee12ac3aea55eb14e571e3b693e1448b799f3d64aa6934ed14c167b,17ae9068008b4c1e2081de14baa9658e40c120bf419be1476856f514e3c6595f,True,accepted,5343.7104439604345,5343.7104439604345,True,1.5769242865424038e-05,1.502232944079048e-16,Australia,54.978665659530755,0.7211249879299816,0.2788750120700184,0.25,calibrated_country_scenario_analysis,0.0,0.0,0.0,0.0,0.0,0.0,0.0,0.0,0.0,0.0,0.0,0.0
macrolide_resistance,moderate,symptom_protective,moderate,,2025-01-01,2050-12-31,2025,2050,4437905.09563612,25008994.221778885,307314.37105105456,212021.86438806687,456965.9960154119,879521.1078497164,538294.6513053055,1629837.6235430888,7669315.921403606,230937.3608057561,373.0032243783414,362.40437383166585,363.3267122260173,68769.66145626045,24932819.928565726,0.996954124082814,0.3,0.9994109211576769,29593145.591731336,299309.57462151645,2893388.6692573116,2629777.2695524935,5822475.513431322,26.013698630136986,3248.6504979042174,39.91991743749209,2723.0645399415635,5868.960275866158,1168.5233245718077,786.8627614756048,1076.0552321995694,5063.453810004426,152.47000794175977,0.48452852595780443,4.654475152121519,2.3987641716036086,45.40326775972584,25502.275155113177,264914.46139394597,134122.63737044518,134122.63737044518,20676.50798864814,2156.0,8060.0,5,5.024657534246575,0.8225476380105121,0.177452361989488,5.635315240600959,0.6760584961252581,0.5344376637514087,0.0008207223417362498,0.030147526613018408,0.041722094601797745,0.6033681525687057,-0.004611580402308135,M2;M4;M6;M18;Y4;Y12-Y13,2.0,156.0,6,aP,True,Australia,AUS,1,baseline_contact_reduction,Australia,AUS,2025,False,nearest_past_year,2024,measured_national_genomic_surveillance_fraction,https://doi.org/10.1016/j.lanmic.2025.101286,Nationwide Australian tNGS study of 2024-positive respiratory specimens estimated macrolide resistance at 8/188 (4.3%).,Australia,AUS,3,relative_detection_prior_mean,Australia,/home/ctm/pertussis_transmission_analysis/outputs/calibrations/Australia_calibrated_config.yaml,current,706629619ee12ac3aea55eb14e571e3b693e1448b799f3d64aa6934ed14c167b,17ae9068008b4c1e2081de14baa9658e40c120bf419be1476856f514e3c6595f,True,accepted,5343.7104439604345,5343.7104439604345,True,1.5769242865424038e-05,1.502232944079048e-16,Australia,54.978665659530755,0.726098332118612,0.27390166788138803,0.25,calibrated_country_scenario_analysis,-0.010311611173395185,-0.007669106265686176,-0.00252926046640356,-0.006307540976969284,-0.00565676213939037,-0.008152930651937229,-0.004611580402308135,-0.006896646933451045,-0.015063724367109899,-0.011998519996954116,-0.012223487924517329,-0.01221802517230608
macrolide_resistance,high,symptom_protective,high,,2025-01-01,2050-12-31,2025,2050,4284071.476801002,24170175.36565433,298804.85651604994,208987.91087346963,449147.4395047274,855407.5288510277,521195.8019772733,1585591.2417017708,7441087.950602149,225460.15762940713,364.4514409098053,354.2759186310609,355.17601273349345,67587.41247583168,24155864.868103936,0.9994079274422341,0.7,0.9998436659636615,29593145.577810925,299309.574491105,2893388.6690698005,2629777.268160693,5822475.511721599,26.013698630136986,3139.688528722269,38.8145375917734,2684.098506851912,5768.544059282425,1136.48625441782,761.8681835977899,1046.842782138599,4912.772603351382,148.85383601189707,0.47341982049778975,4.550078807127476,2.344951432247871,44.622720568140274,24480.03673780803,257157.23202313052,126752.58956216456,126752.58956216456,19847.7066008798,1848.0,8151.0,6,4.1846575342465755,0.8227538107609826,0.17724618923901733,5.641870238753033,0.6822154030848433,0.5399735817576083,0.0008241681318106139,0.03030948451571423,0.04194048589266567,0.6091412645446528,0.02908378252391053,M2;M4;M6;M18;Y4;Y12-Y13,2.0,156.0,6,aP,True,Australia,AUS,1,baseline_contact_reduction,Australia,AUS,2025,False,nearest_past_year,2024,measured_national_genomic_surveillance_fraction,https://doi.org/10.1016/j.lanmic.2025.101286,Nationwide Australian tNGS study of 2024-positive respiratory specimens estimated macrolide resistance at 8/188 (4.3%).,Australia,AUS,3,relative_detection_prior_mean,Australia,/home/ctm/pertussis_transmission_analysis/outputs/calibrations/Australia_calibrated_config.yaml,current,706629619ee12ac3aea55eb14e571e3b693e1448b799f3d64aa6934ed14c167b,17ae9068008b4c1e2081de14baa9658e40c120bf419be1476856f514e3c6595f,True,accepted,5343.7104439604345,5343.7104439604345,True,1.5769242865424038e-05,1.502232944079048e-16,Australia,54.978665659530755,0.7059927178324444,0.29400728216755556,0.25,calibrated_country_scenario_analysis,0.004145569798976512,0.019957869803008177,0.02931593199480864,0.021011418325903586,0.02427015761433804,0.015757702147996877,0.02908378252391053,0.02098425438275897,0.01656763139600792,0.01120340333203762,0.010479917080236545,0.010489594902055921
macrolide_resistance,very_high,symptom_protective,very_high,,2025-01-01,2050-12-31,2025,2050,4275046.320465202,24120746.247910947,298408.0002368087,209027.94951009448,449139.1749881925,854279.0057591597,519877.1529215109,1583184.108190765,7427321.799308113,225248.71170104516,364.2737314702729,354.118778178432,355.0183234468999,67583.96899602066,24118827.476280108,0.9999204513985133,0.95,0.9999760274422214,29593145.58376485,299309.57456633006,2893388.668483449,2629777.2686324525,5822475.511682232,26.013698630136986,3133.267720976664,38.76298623655424,2684.6127351789173,5768.437914006445,1134.986909670792,759.9406223469925,1045.2535387925457,4903.683882571143,148.7142346843276,0.4731889771090224,4.548060600948038,2.3439103323437043,44.62044710609504,24722.98197457431,256738.79332478181,126072.21085768702,126072.21085768702,20044.679584612928,1848.0,8172.0,6,4.188493150684931,0.8227647570880832,0.1772352429119168,5.642218689524322,0.6827308823529352,0.5404236102076985,0.0008251947911735034,0.030322250018184043,0.04195834594532791,0.6096250915982497,0.031069350742036983,M2;M4;M6;M18;Y4;Y12-Y13,2.0,156.0,6,aP,True,Australia,AUS,1,baseline_contact_reduction,Australia,AUS,2025,False,nearest_past_year,2024,measured_national_genomic_surveillance_fraction,https://doi.org/10.1016/j.lanmic.2025.101286,Nationwide Australian tNGS study of 2024-positive respiratory specimens estimated macrolide resistance at 8/188 (4.3%).,Australia,AUS,3,relative_detection_prior_mean,Australia,/home/ctm/pertussis_transmission_analysis/outputs/calibrations/Australia_calibrated_config.yaml,current,706629619ee12ac3aea55eb14e571e3b693e1448b799f3d64aa6934ed14c167b,17ae9068008b4c1e2081de14baa9658e40c120bf419be1476856f514e3c6595f,True,accepted,5343.7104439604345,5343.7104439604345,True,1.5769242865424038e-05,1.502232944079048e-16,Australia,54.978665659530755,0.7050550567488088,0.29494494325119125,0.25,calibrated_country_scenario_analysis,0.003954780516020384,0.02125082098431985,0.031771806782868506,0.02249765018684069,0.026075275995084968,0.01668076557787579,0.031069350742036983,0.022284529587969337,0.01807549584909629,0.011685548466563,0.010918822536515438,0.010928912829682558
macrolide_resistance,country_timeline_fitness_cost,symptom_protective,country_timeline_fitness_cost,,2025-01-01,2050-12-31,2025,2050,3820801.195171299,21451758.772387482,248738.3152685359,155642.16041593923,331988.0608998931,694871.9667855711,490256.5715935509,1340770.698795061,6397680.58369155,180898.10594690213,266.58830852286957,258.1651836317636,258.8631733420588,50348.8599534891,14249468.745586611,0.6642564321545702,0.30000000000000004,0.9982579379995475,29593145.579228446,299309.57458168286,2893388.668509161,2629777.2679375005,5822475.511028344,26.013698630136986,2786.568153372302,32.310929616781245,1998.9619902087748,4263.828728466045,923.2002435679145,716.6421569620503,885.2067870892333,4223.89173585185,119.43297336352472,0.34629631000113126,3.3156979310492427,1.7090725369802604,33.24144284558706,10603.039648988382,214424.38701111736,389121.13992912165,389121.13992912165,8596.638244242315,2205.0,9495.0,8,3.432876712328767,0.8218886742242599,0.17811132577574018,5.614466096665291,0.6374795176250041,0.5055829717130972,0.0006654848011059778,0.02947016973149366,0.04078584106878093,0.5665580220236237,0.13828260778396195,M2;M4;M6;M18;Y4;Y12-Y13,2.0,156.0,6,aP,True,Australia,AUS,1,baseline_contact_reduction,Australia,AUS,2025,False,nearest_past_year,2024,measured_national_genomic_surveillance_fraction,https://doi.org/10.1016/j.lanmic.2025.101286,Nationwide Australian tNGS study of 2024-positive respiratory specimens estimated macrolide resistance at 8/188 (4.3%).,Australia,AUS,3,relative_detection_prior_mean,Australia,/home/ctm/pertussis_transmission_analysis/outputs/calibrations/Australia_calibrated_config.yaml,current,706629619ee12ac3aea55eb14e571e3b693e1448b799f3d64aa6934ed14c167b,17ae9068008b4c1e2081de14baa9658e40c120bf419be1476856f514e3c6595f,True,accepted,5343.7104439604345,5343.7104439604345,True,1.5769242865424038e-05,1.502232944079048e-16,Australia,54.978665659530755,0.5876994144760591,0.4123005855239409,0.25,calibrated_country_scenario_analysis,0.2583449715897044,0.2038837868805996,0.08693768929962098,0.172170500037079,0.1610893583035774,0.21029254416244125,0.13828260778396195,0.18502419932012815,0.4198763374303994,0.27671677872685785,0.2789246446628183,0.27881446287072154
macrolide_resistance,country_timeline_fitness_advantage,symptom_protective,country_timeline_fitness_advantage,,2025-01-01,2050-12-31,2025,2050,4670096.958333362,26336975.852579143,340384.7445246845,257664.43122094584,554663.8088570231,974531.994265388,542065.6020223385,1774262.0275086723,8212065.924382403,261871.4555494138,450.4503237907633,438.7763280843018,439.8396050658674,83027.71254344183,26230631.988996483,0.9959621839584804,0.3,0.9999257447203379,29593145.582386084,299309.574308797,2893388.6696157986,2629777.267626729,5822475.511551324,26.013698630136986,3421.154364907751,44.215735359934854,3309.266610875682,7123.724505605978,1294.7538786005734,792.3750232076194,1171.407452516514,5421.789496270692,172.89338884328401,0.5851317554592987,5.635344565377391,2.9039193946428465,54.81675182743616,24664.308461004857,292630.5126567211,141980.11188529956,141980.11188529956,19997.1087938464,1834.0,9495.0,6,5.197260273972603,0.8226790735400236,0.17732092645997646,5.63949230338424,0.7036742270868407,0.5563416434165636,0.0009389643396864893,0.03082767908349762,0.04267170765700668,0.62923587600665,-0.05795661751306436,M2;M4;M6;M18;Y4;Y12-Y13,2.0,156.0,6,aP,True,Australia,AUS,1,baseline_contact_reduction,Australia,AUS,2025,False,nearest_past_year,2024,measured_national_genomic_surveillance_fraction,https://doi.org/10.1016/j.lanmic.2025.101286,Nationwide Australian tNGS study of 2024-positive respiratory specimens estimated macrolide resistance at 8/188 (4.3%).,Australia,AUS,3,relative_detection_prior_mean,Australia,/home/ctm/pertussis_transmission_analysis/outputs/calibrations/Australia_calibrated_config.yaml,current,706629619ee12ac3aea55eb14e571e3b693e1448b799f3d64aa6934ed14c167b,17ae9068008b4c1e2081de14baa9658e40c120bf419be1476856f514e3c6595f,True,accepted,5343.7104439604345,5343.7104439604345,True,1.5769242865424038e-05,1.502232944079048e-16,Australia,54.978665659530755,0.8042344212890131,0.19576557871098688,0.25,calibrated_country_scenario_analysis,-0.2278043465009818,-0.11652327036193832,-0.00955234424484197,-0.09547922575850443,-0.07682610973707127,-0.14319516965593415,-0.05795661751306436,-0.11524969286992959,-0.0679001843970517,-0.22212096629497835,-0.22553627191735792,-0.22538079764248664
macrolide_resistance,high_fitness_advantage,symptom_protective,high_fitness_advantage,,2025-01-01,2050-12-31,2025,2050,5434395.842300059,30624070.993950494,403279.6326960913,311761.32663881645,673279.4389855863,1156353.6399151273,632836.2508283299,2100951.2173822736,9711173.870336026,312784.8207636138,549.0282979058059,535.6369676290717,536.9150546863467,100585.36826217863,30580673.01259816,0.9985828800697037,0.7,0.9999588341355901,29593145.578919582,299309.57454565394,2893388.6691617444,2629777.2674913933,5822475.511198792,26.013698630136986,3978.0449642706876,52.38573644753261,4004.050318870102,8647.142932779876,1536.320376713289,925.060799083617,1387.0949585839674,6411.534073722615,206.50753069049304,0.713183840305797,6.879356699423176,3.544833213553654,66.4087086218116,35836.29586128884,346129.4698626925,163200.11907541993,163200.11907541993,29055.033436502847,378.0,9495.0,6,4.993972602739726,0.8225449567637961,0.17745504323620379,5.63523009413115,0.7088164963389703,0.5585123638761165,0.0009944360866061073,0.03106411238973495,0.04304485243186293,0.6337130954307663,-0.23016927777100982,M2;M4;M6;M18;Y4;Y12-Y13,2.0,156.0,6,aP,True,Australia,AUS,1,baseline_contact_reduction,Australia,AUS,2025,False,nearest_past_year,2024,measured_national_genomic_surveillance_fraction,https://doi.org/10.1016/j.lanmic.2025.101286,Nationwide Australian tNGS study of 2024-positive respiratory specimens estimated macrolide resistance at 8/188 (4.3%).,Australia,AUS,3,relative_detection_prior_mean,Australia,/home/ctm/pertussis_transmission_analysis/outputs/calibrations/Australia_calibrated_config.yaml,current,706629619ee12ac3aea55eb14e571e3b693e1448b799f3d64aa6934ed14c167b,17ae9068008b4c1e2081de14baa9658e40c120bf419be1476856f514e3c6595f,True,accepted,5343.7104439604345,5343.7104439604345,True,1.5769242865424038e-05,1.502232944079048e-16,Australia,54.978665659530755,0.9528375383270392,0.04716246167296079,0.25,calibrated_country_scenario_analysis,-0.4855830511966077,-0.32483669631206924,-0.17860516912218483,-0.2971863103027892,-0.27340010127362535,-0.36545655763992957,-0.23016927777100982,-0.3213209279783036,-0.2449988381080137,-0.4895737854361144,-0.49607554098298867,-0.4958302763101299
macrolide_resistance,country_timeline,symptom_protective,country_timeline,,2025-01-01,2050-12-31,2025,2050,34575843.75020543,179685296.15648565,5152278.181233913,614572.6797589187,1232048.660270303,2730009.001109627,3975220.8867301005,7319802.567598646,35050319.24376769,2657243.0728978626,1277.7475071000156,1179.9267466807394,1182.8666862216962,214160.53544496966,179679063.69429874,0.9999653145676345,0.997,0.9999894532595717,1342605769.455887,7999696.704377555,81542516.27584684,92717824.32139155,182260037.30161598,26.013698630136986,514.4722163913136,14.75192479330948,295.3232396087969,592.0416147516256,128.6997980294371,164.81469416816716,154.38525086572383,739.2620606088306,56.04510977338117,0.03658427294984278,0.5669952485807148,0.24948373730926177,4.5169562546078605,1934.9864301777131,1347357.3233677503,807377.1258092902,807377.1258092902,71175.99849247804,2786.0,9495.0,9,3.0013698630136987,0.8075755529818436,0.19242444701815647,5.196844868186856,0.29465123831817985,0.22515768732884642,1.3414007631244909e-05,0.01752065093238361,0.02520908311367279,0.2519080902644922,-0.22279177696571817,M3;M4;M5;M18,3.0,18.0,4,aP,True,China,CHN,1,baseline_contact_reduction,China,CHN,2025,False,nearest_past_year,2024,measured_multicenter_isolate_fraction,https://www.sciencedirect.com/science/article/pii/S2666606525001658,Five sentinel hospitals in China during 2024; 393/394 isolates displayed high-level azithromycin resistance.,China,CHN,7,relative_detection_prior_mean,China,/home/ctm/pertussis_transmission_analysis/outputs/calibrations/China_calibrated_config.yaml,current,706629619ee12ac3aea55eb14e571e3b693e1448b799f3d64aa6934ed14c167b,17ae9068008b4c1e2081de14baa9658e40c120bf419be1476856f514e3c6595f,True,accepted,3618.9194652995925,3618.7257412247955,True,2.010611200412732e-05,1.6667804836994706e-16,China,4.430832490427902,3.3293799359778617,2.3293799359778617,0.25,calibrated_country_scenario_analysis,-0.1918988662383554,-0.2487100966668334,-0.4238964920430699,-0.3324045528878792,-0.3452648459977792,-0.2755071543532641,-0.22279177696571817,-0.23219820873112917,-0.2566003471011422,-0.18551020836048782,-0.18943996219207504,-0.18952504167955775
macrolide_resistance,low,symptom_protective,low,,2025-01-01,2050-12-31,2025,2050,28376689.960873067,146946765.214895,4181371.2637510914,515624.8547316067,1033164.7594793817,2186263.2554960568,2791790.6315130233,5493678.741740686,26054586.461575877,2083283.5502558956,1077.8038840062695,992.0019372026115,994.4025092162329,179045.27927555828,142988233.37809932,0.9730614564328331,0.05,0.9930038973026768,1342605769.0813599,7999696.694290027,81542516.29168463,92717824.44046329,182260037.42643797,26.013698630136986,420.73575094809627,11.972038826947802,247.775418155434,496.47108349094555,103.06619474606384,115.74906945660248,115.86965116966505,549.5290108129105,43.939471090944636,0.030859517448308376,0.4766909363384321,0.20973390924678723,3.776324577483539,2615.7204523975884,1092632.5168348115,721207.3138002607,721207.3138002607,96215.92793679744,4613.0,9495.0,9,3.133219178082192,0.8068913601509023,0.19310863984909762,5.178432206769401,0.28142222157523133,0.21598661914462833,1.3803055320464906e-05,0.01704745263934456,0.024225276698503346,0.2401356891820629,0.0,M3;M4;M5;M18,3.0,18.0,4,aP,True,China,CHN,1,baseline_contact_reduction,China,CHN,2025,False,nearest_past_year,2024,measured_multicenter_isolate_fraction,https://www.sciencedirect.com/science/article/pii/S2666606525001658,Five sentinel hospitals in China during 2024; 393/394 isolates displayed high-level azithromycin resistance.,China,CHN,7,relative_detection_prior_mean,China,/home/ctm/pertussis_transmission_analysis/outputs/calibrations/China_calibrated_config.yaml,current,706629619ee12ac3aea55eb14e571e3b693e1448b799f3d64aa6934ed14c167b,17ae9068008b4c1e2081de14baa9658e40c120bf419be1476856f514e3c6595f,True,accepted,3618.9194652995925,3618.7257412247955,True,2.010611200412732e-05,1.6667804836994706e-16,China,4.430832490427902,2.7019840747334634,1.7019840747334634,0.25,calibrated_country_scenario_analysis,0.0,0.0,0.0,0.0,0.0,0.0,0.0,0.0,0.0,0.0,0.0,0.0
macrolide_resistance,moderate,symptom_protective,moderate,,2025-01-01,2050-12-31,2025,2050,31634614.813156143,164224715.2353398,4684053.549962408,564563.5822250161,1131498.2839275235,2452379.6477286248,3449348.2918170947,6466291.521770735,30858968.812475037,2379514.4831708404,1176.4371548988515,1084.7419976979154,1087.4139654900416,196465.67462692485,162315197.93023452,0.9883725339248184,0.3,0.9972509331127942,1342605769.8491082,7999696.721378293,81542516.20229578,92717824.57102932,182260037.49470335,26.013698630136986,470.2057153025591,13.411311122198326,271.2921534014743,543.7237109892505,115.61162088131545,143.01174663335345,136.3834650569514,650.860401291843,50.18741101842118,0.0336835702917806,0.521255712741304,0.2293513740689501,4.143745975596553,2210.2431686853856,1224407.022627898,770872.0979967081,770872.0979967081,81300.96523415273,3514.0,9495.0,9,3.1308219178082193,0.8073699517893964,0.19263004821060356,5.191298082979734,0.2891741398390653,0.22141205024806943,1.3497604895750205e-05,0.017288326340126156,0.02474267082613896,0.24712964506790447,-0.11757965542948501,M3;M4;M5;M18,3.0,18.0,4,aP,True,China,CHN,1,baseline_contact_reduction,China,CHN,2025,False,nearest_past_year,2024,measured_multicenter_isolate_fraction,https://www.sciencedirect.com/science/article/pii/S2666606525001658,Five sentinel hospitals in China during 2024; 393/394 isolates displayed high-level azithromycin resistance.,China,CHN,7,relative_detection_prior_mean,China,/home/ctm/pertussis_transmission_analysis/outputs/calibrations/China_calibrated_config.yaml,current,706629619ee12ac3aea55eb14e571e3b693e1448b799f3d64aa6934ed14c167b,17ae9068008b4c1e2081de14baa9658e40c120bf419be1476856f514e3c6595f,True,accepted,3618.9194652995925,3618.7257412247955,True,2.010611200412732e-05,1.6667804836994706e-16,China,4.430832490427902,3.026815198085528,2.026815198085528,0.25,calibrated_country_scenario_analysis,-0.09491149824203671,-0.12172202572749491,-0.2355325835976838,-0.17704216532360872,-0.18439679931149344,-0.14219424565540195,-0.11757965542948501,-0.12021948172101848,-0.13516472016987247,-0.09151318932527452,-0.09348778164367855,-0.09353501767319394
macrolide_resistance,high,symptom_protective,high,,2025-01-01,2050-12-31,2025,2050,33647247.94767402,174809799.6817485,5002742.961414443,598283.8394608939,1199304.3463797627,2637919.040266188,3815296.330050825,7051499.209777907,33734705.24429226,2568225.26790042,1244.7674318739407,1148.8850141155478,1151.738296999863,208402.3268637932,174139043.84958088,0.99616293918654,0.7,0.998943924617171,1342605769.1107495,7999696.69455318,81542516.27378772,92717824.34019844,182260037.30853933,26.013698630136986,500.5127689134161,14.323777822171355,287.4958938322457,576.3068501900998,124.35843529118274,158.18414009893027,148.7263439670623,711.5138535125914,54.16759517593265,0.035639992444057265,0.5520786326791822,0.24291830860892236,4.395507285273718,2034.9129448218084,1308019.3586114876,798415.693642767,798415.693642767,74851.66737961382,3150.0,9495.0,8,3.287671232876712,0.8075208139993822,0.19247918600061786,5.195366942152332,0.29299740773407296,0.2240364932883952,1.3426657374126818e-05,0.017448107036765057,0.02506093407143766,0.25047493996849607,-0.18961311891491173,M3;M4;M5;M18,3.0,18.0,4,aP,True,China,CHN,1,baseline_contact_reduction,China,CHN,2025,False,nearest_past_year,2024,measured_multicenter_isolate_fraction,https://www.sciencedirect.com/science/article/pii/S2666606525001658,Five sentinel hospitals in China during 2024; 393/394 isolates displayed high-level azithromycin resistance.,China,CHN,7,relative_detection_prior_mean,China,/home/ctm/pertussis_transmission_analysis/outputs/calibrations/China_calibrated_config.yaml,current,706629619ee12ac3aea55eb14e571e3b693e1448b799f3d64aa6934ed14c167b,17ae9068008b4c1e2081de14baa9658e40c120bf419be1476856f514e3c6595f,True,accepted,3618.9194652995925,3618.7257412247955,True,2.010611200412732e-05,1.6667804836994706e-16,China,4.430832490427902,3.2327509227928526,2.2327509227928526,0.25,calibrated_country_scenario_analysis,-0.16030837918453877,-0.2065880143366594,-0.36661262738857614,-0.2835659930750922,-0.2947703197685625,-0.23277758689399608,-0.18961311891491173,-0.19643596462814505,-0.21785576152347064,-0.15491087974841622,-0.15814795418176053,-0.15822143078423934
macrolide_resistance,very_high,symptom_protective,very_high,,2025-01-01,2050-12-31,2025,2050,34446849.70774381,179008220.57523495,5131423.482981464,612275.6777133688,1227432.1807751162,2716954.002429298,3953644.505075526,7282874.185218193,34869386.52598592,2644845.040795855,1273.096657796259,1175.5460953162026,1178.4738829407893,213349.13750209298,178903349.39272678,0.9994141543769824,0.95,0.9998246193839129,1342605769.301022,7999696.702968757,81542516.3755211,92717824.24255355,182260037.3210434,26.013698630136986,512.5336239089088,14.692213939071006,294.2194514386125,589.8232382094008,128.08435093011465,163.92012647220503,153.60637771374067,735.4459271352282,55.783617291561164,0.036451110541730496,0.5648901955348473,0.2485572313691674,4.49984269487493,1941.5566266149417,1341857.8392565711,806358.3529936157,806358.3529936157,71417.67474843428,2786.0,9495.0,9,3.0013698630136987,0.8075683362638296,0.19243166373617027,5.1966499721741775,0.2944283169790039,0.22500709085321222,1.3414914664084812e-05,0.01751093678666692,0.025188878862408205,0.2517150864152647,-0.21818415201895225,M3;M4;M5;M18,3.0,18.0,4,aP,True,China,CHN,1,baseline_contact_reduction,China,CHN,2025,False,nearest_past_year,2024,measured_multicenter_isolate_fraction,https://www.sciencedirect.com/science/article/pii/S2666606525001658,Five sentinel hospitals in China during 2024; 393/394 isolates displayed high-level azithromycin resistance.,China,CHN,7,relative_detection_prior_mean,China,/home/ctm/pertussis_transmission_analysis/outputs/calibrations/China_calibrated_config.yaml,current,706629619ee12ac3aea55eb14e571e3b693e1448b799f3d64aa6934ed14c167b,17ae9068008b4c1e2081de14baa9658e40c120bf419be1476856f514e3c6595f,True,accepted,3618.9194652995925,3618.7257412247955,True,2.010611200412732e-05,1.6667804836994706e-16,China,4.430832490427902,3.315903720307902,2.315903720307902,0.25,calibrated_country_scenario_analysis,-0.18744407313737965,-0.24273872124005913,-0.4161679821000155,-0.3256825758454518,-0.33832047487722394,-0.26955595673521326,-0.21818415201895225,-0.22721068264531108,-0.25117532517279395,-0.18119509187893534,-0.18502399161757177,-0.18510751131313774
macrolide_resistance,country_timeline_fitness_cost,symptom_protective,country_timeline_fitness_cost,,2025-01-01,2050-12-31,2025,2050,7088847.768482515,36705650.39668891,1028237.9034886046,113699.55380087855,227760.10949702878,519378.57546617463,800982.0826373405,1434060.2119043937,6798777.481314941,510184.43292345793,237.76450503069273,217.55475989293103,218.11095865388745,39709.12084464564,705567.9255811137,0.019222324572806385,0.30000000000000004,0.013031501628075507,1342605769.780094,7999696.718786989,81542516.37865193,92717824.30510181,182260037.4025407,26.013698630136986,105.09506182778215,2.944035179132855,54.636533018746434,109.44653982267046,24.484870801477424,33.20912743438493,30.246409435801002,143.39607615894525,10.760529521617906,0.006807637267450993,0.10454251951676291,0.046002764061906475,0.8375229418072191,213.0564142654753,270035.7541322926,650982.6661977136,650982.6661977136,7837.007426890001,2051.0,9495.0,9,3.1284246575342465,0.8068731192099519,0.19312688079004794,5.177943100976813,0.27600525971303275,0.2113423578450921,1.2087227828864535e-05,0.016803164560490358,0.024516972807157762,0.23467303511755574,0.7502112391313238,M3;M4;M5;M18,3.0,18.0,4,aP,True,China,CHN,1,baseline_contact_reduction,China,CHN,2025,False,nearest_past_year,2024,measured_multicenter_isolate_fraction,https://www.sciencedirect.com/science/article/pii/S2666606525001658,Five sentinel hospitals in China during 2024; 393/394 isolates displayed high-level azithromycin resistance.,China,CHN,7,relative_detection_prior_mean,China,/home/ctm/pertussis_transmission_analysis/outputs/calibrations/China_calibrated_config.yaml,current,706629619ee12ac3aea55eb14e571e3b693e1448b799f3d64aa6934ed14c167b,17ae9068008b4c1e2081de14baa9658e40c120bf419be1476856f514e3c6595f,True,accepted,3618.9194652995925,3618.7257412247955,True,2.010611200412732e-05,1.6667804836994706e-16,China,4.430832490427902,0.6644428976931462,0.33555710230685376,0.25,calibrated_country_scenario_analysis,0.7794917123223987,0.7624354824788339,0.7130937851871633,0.7389617632701238,0.7390564040868017,0.7551056202307216,0.7502112391313238,0.7540907423355235,0.9950655525359531,0.7793991016743176,0.7806911945087296,0.7806612949661622
macrolide_resistance,country_timeline_fitness_advantage,symptom_protective,country_timeline_fitness_advantage,,2025-01-01,2050-12-31,2025,2050,74785114.38017035,391046696.5197436,11422178.951389972,1452732.6396048118,2920685.702385186,6359011.698825484,8594038.471775942,16405782.81020624,79780360.63141109,6085526.32007387,3029.0070312458574,2819.5784364978053,2826.3566719592195,506211.15788774396,390246764.00789917,0.9979543811034238,0.30000000000000004,0.997583763374959,1342605769.4366791,7999696.711946511,81542516.32082461,92717824.40082538,182260037.43359652,26.013698630136986,1119.6389742357364,32.70380964342348,698.0878310046304,1403.489597080267,299.78052106114023,356.31323680904563,346.0217498460616,1682.6834969348024,128.35257484307468,0.0867260702008185,1.3549040900035274,0.5961196077227149,10.676727387549521,9201.407156814295,2998066.682361031,2058171.3487429537,2058171.3487429537,338461.98179931025,2051.0,9327.0,8,3.136986301369863,0.8087565627180936,0.19124343728190657,5.22893760022692,0.31720392914523776,0.24251053317050714,1.4810793269385362e-05,0.01794123184741917,0.025803489753622254,0.2734443967509269,-1.6611453198570025,M3;M4;M5;M18,3.0,18.0,4,aP,True,China,CHN,1,baseline_contact_reduction,China,CHN,2025,False,nearest_past_year,2024,measured_multicenter_isolate_fraction,https://www.sciencedirect.com/science/article/pii/S2666606525001658,Five sentinel hospitals in China during 2024; 393/394 isolates displayed high-level azithromycin resistance.,China,CHN,7,relative_detection_prior_mean,China,/home/ctm/pertussis_transmission_analysis/outputs/calibrations/China_calibrated_config.yaml,current,706629619ee12ac3aea55eb14e571e3b693e1448b799f3d64aa6934ed14c167b,17ae9068008b4c1e2081de14baa9658e40c120bf419be1476856f514e3c6595f,True,accepted,3618.9194652995925,3618.7257412247955,True,2.010611200412732e-05,1.6667804836994706e-16,China,4.430832490427902,7.380962768074573,6.380962768074573,0.25,calibrated_country_scenario_analysis,-1.8174216705689816,-1.9086212206327562,-2.0783248481346055,-1.9863018173152271,-2.062046705253509,-1.921122436418397,-1.6611453198570025,-1.7316825584014706,-1.7292229212734016,-1.8103508218831377,-1.842311421738605,-1.8422662309922107
macrolide_resistance,high_fitness_advantage,symptom_protective,high_fitness_advantage,,2025-01-01,2050-12-31,2025,2050,91210835.27760147,478354040.1328187,14207417.335749973,1850330.7400043688,3722409.5419541,8357082.72383644,10280321.613789663,20487735.077630468,100237294.57244697,7734409.021558954,3853.3569032059536,3601.3164956495516,3609.945094017241,645107.3403760948,477958307.93780833,0.9991727211190681,0.6999999999999998,0.9997930718688286,1342605767.780217,7999696.650356094,81542516.13246645,92717824.51933114,182260037.3021537,26.013698630136986,1369.61603880874,40.67846201882113,889.1473542076479,1788.7453977541206,393.9748404225355,426.2273990272945,432.1160428045263,2114.1499003162116,163.12990221534167,0.110328730921137,1.7305560376538938,0.7613897694682401,13.606249302385608,11556.43411274709,3730922.559094401,2540894.8794902666,2540894.8794902666,425088.63273277524,1323.0,9495.0,9,3.1236301369863013,0.8093235812280877,0.19067641877191227,5.244487002853789,0.33060107854030063,0.2523447126307637,1.5487642020103394e-05,0.018340197010082965,0.02642359162564059,0.285821802262557,-2.255287991084891,M3;M4;M5;M18,3.0,18.0,4,aP,True,China,CHN,1,baseline_contact_reduction,China,CHN,2025,False,nearest_past_year,2024,measured_multicenter_isolate_fraction,https://www.sciencedirect.com/science/article/pii/S2666606525001658,Five sentinel hospitals in China during 2024; 393/394 isolates displayed high-level azithromycin resistance.,China,CHN,7,relative_detection_prior_mean,China,/home/ctm/pertussis_transmission_analysis/outputs/calibrations/China_calibrated_config.yaml,current,706629619ee12ac3aea55eb14e571e3b693e1448b799f3d64aa6934ed14c167b,17ae9068008b4c1e2081de14baa9658e40c120bf419be1476856f514e3c6595f,True,accepted,3618.9194652995925,3618.7257412247955,True,2.010611200412732e-05,1.6667804836994706e-16,China,4.430832490427902,9.180771809067567,8.180771809067567,0.25,calibrated_country_scenario_analysis,-2.5885212340423425,-2.8225418200793215,-2.682339749173167,-2.7293289325358105,-2.847203436534001,-2.712605046302466,-2.255287991084891,-2.397789012163573,-2.3426408358648514,-2.575193001608759,-2.6303522811709996,-2.630265471536796
macrolide_resistance,country_timeline,symptom_protective,country_timeline,,2025-01-01,2050-12-31,2025,2050,10248942.940497816,53708080.21800829,929606.5436470597,438955.0895303687,926590.5671262459,1842040.5184480275,1108246.7234625178,3389242.331440914,16050410.897626715,666216.371066792,803.9711378521316,775.604821405697,777.5025760807762,144733.76457627438,52705256.39137027,0.9813282503755967,0.0029999999999999996,0.9996944713645395,72517643.19275142,680678.6226820287,6610409.391052753,6212161.323699313,13503249.337434093,26.013698630136986,2847.0417976697227,49.27803552849854,2478.9962673798445,5232.914737935668,1071.1954457540814,685.790754643448,964.8553970789703,4569.258868346055,189.65963433274985,0.4261815772029075,4.380223633546712,2.213407845804306,41.2030596323885,37612.55647404255,567316.8479615059,337677.38340546656,337677.38340546656,74728.05342333781,2023.0,8256.0,5,5.024657534246575,0.809173165399024,0.19082683460097594,5.2403531300565085,0.48348488286217933,0.3584409514929298,0.0006287302054461291,0.02846135133311708,0.039514033336215525,0.41488076798740064,0.032619419068398825,W8;W12;W16;M40,1.83908045977012,40.0,4,aP,True,United_Kingdom,GBR,1,baseline_contact_reduction,United_Kingdom,GBR,2025,False,nearest_past_year,2024,measured_national_surveillance_fraction,https://www.postersessiononline.eu/173580348_eu/congresos/UKHSA2025/aula/-P_58_UKHSA2025.pdf,"UKHSA national reference laboratory poster: 661 B. pertussis isolates received from June 2023 to November 2024, with 2 predicted and phenotypically confirmed macrolide-resistant isolates.",United_Kingdom,GBR,3,relative_detection_prior_mean,United_Kingdom,/home/ctm/pertussis_transmission_analysis/outputs/calibrations/United_Kingdom_calibrated_config.yaml,current,706629619ee12ac3aea55eb14e571e3b693e1448b799f3d64aa6934ed14c167b,17ae9068008b4c1e2081de14baa9658e40c120bf419be1476856f514e3c6595f,True,accepted,6244.019776870553,6244.019776870553,True,6.047227433250013e-05,1.6570722974665014e-16,United_Kingdom,7.268426842942312,6.779738806389421,5.779738806389421,0.25,calibrated_country_scenario_analysis,0.0578518890550187,0.0456565354638202,0.028639071969818186,0.04177367224142381,0.03724911346702564,0.04773920169056356,0.032619419068398825,0.04251557314851917,0.04583579933790005,0.051517751268942535,0.052043166063387325,0.052038954733304776
macrolide_resistance,low,symptom_protective,low,,2025-01-01,2050-12-31,2025,2050,10604630.29790068,55519080.36678454,970884.243730112,465908.79335319536,981628.9120820998,1930165.1731258798,1140921.6610245237,3536995.6275035986,16671405.991041886,699615.4543477338,847.6396252304538,818.1858009133352,820.1840992970729,153247.57544075005,55237092.68781808,0.9949208870697511,0.05,0.9998144194785148,72517643.1876963,680678.6231668247,6610409.3936786875,6212161.3188448455,13503249.335690359,26.013698630136986,2943.0421221877796,51.466148325749614,2631.217148148598,5543.743461031544,1122.4422706652772,706.0102330552539,1006.9180623125817,4746.04483137976,199.1677434311558,0.44933005103974294,4.620699459739222,2.334914348160184,43.62678611107337,23170.044996901346,592334.8524044034,320812.6427795164,320812.6427795164,46033.8919377578,2002.0,8298.0,6,4.015890410958904,0.8089912471921074,0.19100875280789276,5.235362177385405,0.48705218353374385,0.36150599237060055,0.0006377777595114849,0.028712418228376856,0.03979832251042873,0.4179036650354268,0.0,W8;W12;W16;M40,1.83908045977012,40.0,4,aP,True,United_Kingdom,GBR,1,baseline_contact_reduction,United_Kingdom,GBR,2025,False,nearest_past_year,2024,measured_national_surveillance_fraction,https://www.postersessiononline.eu/173580348_eu/congresos/UKHSA2025/aula/-P_58_UKHSA2025.pdf,"UKHSA national reference laboratory poster: 661 B. pertussis isolates received from June 2023 to November 2024, with 2 predicted and phenotypically confirmed macrolide-resistant isolates.",United_Kingdom,GBR,3,relative_detection_prior_mean,United_Kingdom,/home/ctm/pertussis_transmission_analysis/outputs/calibrations/United_Kingdom_calibrated_config.yaml,current,706629619ee12ac3aea55eb14e571e3b693e1448b799f3d64aa6934ed14c167b,17ae9068008b4c1e2081de14baa9658e40c120bf419be1476856f514e3c6595f,True,accepted,6244.019776870553,6244.019776870553,True,6.047227433250013e-05,1.6570722974665014e-16,United_Kingdom,7.268426842942312,7.0807823257825815,6.0807823257825815,0.25,calibrated_country_scenario_analysis,0.0,0.0,0.0,0.0,0.0,0.0,0.0,0.0,0.0,0.0,0.0,0.0
macrolide_resistance,moderate,symptom_protective,moderate,,2025-01-01,2050-12-31,2025,2050,10875286.132329594,56924209.07816838,1003509.2600412029,489014.73331411683,1028329.9050832153,1995674.7366926945,1174142.0591210295,3658831.529127841,17189071.644933093,726671.9630766842,883.4660187789293,853.3788546921552,855.4555094889043,160434.56315911212,56814096.74974218,0.99806563270339,0.30000000000000004,0.9995561180824692,72517643.19352646,680678.6218043903,6610409.388367083,6212161.325464662,13503249.335636137,26.013698630136986,3017.5273792185003,53.19558614007996,2761.707812613529,5807.487053745301,1160.5378212968617,726.5672449169509,1041.6025185342503,4893.414789419347,206.8702373594462,0.4683214652334988,4.819452031946529,2.435325611698886,45.6727902654505,17809.68136487999,613787.8491768915,322492.7429183291,322492.7429183291,35384.00324955519,1323.0,8970.0,7,3.3273972602739725,0.8089514758580899,0.19104852414191018,5.234272311139151,0.49062491258342716,0.36458479604904304,0.0006450976309657992,0.028794903341531338,0.0399462784092556,0.4212386332016745,-0.025308933471176243,W8;W12;W16;M40,1.83908045977012,40.0,4,aP,True,United_Kingdom,GBR,1,baseline_contact_reduction,United_Kingdom,GBR,2025,False,nearest_past_year,2024,measured_national_surveillance_fraction,https://www.postersessiononline.eu/173580348_eu/congresos/UKHSA2025/aula/-P_58_UKHSA2025.pdf,"UKHSA national reference laboratory poster: 661 B. pertussis isolates received from June 2023 to November 2024, with 2 predicted and phenotypically confirmed macrolide-resistant isolates.",United_Kingdom,GBR,3,relative_detection_prior_mean,United_Kingdom,/home/ctm/pertussis_transmission_analysis/outputs/calibrations/United_Kingdom_calibrated_config.yaml,current,706629619ee12ac3aea55eb14e571e3b693e1448b799f3d64aa6934ed14c167b,17ae9068008b4c1e2081de14baa9658e40c120bf419be1476856f514e3c6595f,True,accepted,6244.019776870553,6244.019776870553,True,6.047227433250013e-05,1.6570722974665014e-16,United_Kingdom,7.268426842942312,7.318720720389888,6.318720720389888,0.25,calibrated_country_scenario_analysis,-0.04959326866236102,-0.03393987441018975,-0.02911715960118988,-0.034446155566845826,-0.031051109556648582,-0.03867340059572544,-0.025308933471176243,-0.03360340485673796,-0.02854972963252811,-0.042266067420733355,-0.04301352301584083,-0.04300425992415646
macrolide_resistance,high,symptom_protective,high,,2025-01-01,2050-12-31,2025,2050,10838476.22642738,56722613.14901711,1005968.8310111545,495414.9116868606,1039930.7975237395,2002128.6758875225,1174010.3842018086,3671553.9717761916,17205247.544194225,731112.6701994635,889.3563320994894,859.556605282245,861.6463188694437,162191.4785704309,56667476.2409459,0.9990279554306435,0.7000000000000001,0.9998126486307192,72517643.18893622,680678.6232983334,6610409.391475322,6212161.324273954,13503249.339047607,26.013698630136986,3006.8408675432424,53.32596692279602,2797.852775959424,5873.003012264114,1164.290957668083,726.4857637034618,1045.2243653541325,4898.019771296275,208.13442552824924,0.4714438945433955,4.854340831192569,2.452949714816116,46.17295198648952,14839.254994873436,615175.8102963762,318913.78969490016,318913.78969490016,29482.40544953072,952.0,9495.0,8,3.2849315068493152,0.8089214226087681,0.191078577391232,5.233449053540457,0.4931484648183214,0.36680255966825054,0.0006492640962583529,0.02885548608705131,0.04006972950786044,0.42357398512715133,-0.021677822728357166,W8;W12;W16;M40,1.83908045977012,40.0,4,aP,True,United_Kingdom,GBR,1,baseline_contact_reduction,United_Kingdom,GBR,2025,False,nearest_past_year,2024,measured_national_surveillance_fraction,https://www.postersessiononline.eu/173580348_eu/congresos/UKHSA2025/aula/-P_58_UKHSA2025.pdf,"UKHSA national reference laboratory poster: 661 B. pertussis isolates received from June 2023 to November 2024, with 2 predicted and phenotypically confirmed macrolide-resistant isolates.",United_Kingdom,GBR,3,relative_detection_prior_mean,United_Kingdom,/home/ctm/pertussis_transmission_analysis/outputs/calibrations/United_Kingdom_calibrated_config.yaml,current,706629619ee12ac3aea55eb14e571e3b693e1448b799f3d64aa6934ed14c167b,17ae9068008b4c1e2081de14baa9658e40c120bf419be1476856f514e3c6595f,True,accepted,6244.019776870553,6244.019776870553,True,6.047227433250013e-05,1.6570722974665014e-16,United_Kingdom,7.268426842942312,7.336658684894912,6.336658684894912,0.25,calibrated_country_scenario_analysis,-0.06333024565024092,-0.037283598193360135,-0.02900174859295057,-0.03804311863613008,-0.03202138760457229,-0.04502075483894963,-0.021677822728357166,-0.036136735669175524,-0.025895344659283115,-0.049215144770625496,-0.050564070315969545,-0.050552332833452285
macrolide_resistance,very_high,symptom_protective,very_high,,2025-01-01,2050-12-31,2025,2050,10868522.098070785,56876741.633546114,1010210.3526639208,498554.1461649166,1046098.2080434285,2011731.8683792772,1178185.1526139418,3688471.167158135,17275562.11966504,734866.5906479112,893.6800561342674,863.839072845549,865.9395707294057,163144.97293706666,56867016.04621466,0.9998290058985074,0.95,0.99997343313669,72517643.18475951,680678.6235965319,6610409.396031255,6212161.322675071,13503249.342302857,26.013698630136986,3015.0111511436608,53.55080813008582,2815.581582825222,5907.833424013378,1169.8754681459886,729.0691395230342,1050.040381682148,4918.03704565302,209.20309807489116,0.4737358817352345,4.87852603922422,2.4651718182277382,46.44439440863243,15740.388802462847,617608.9627723705,318153.00523246726,318153.00523246726,31272.764349763966,938.0,9495.0,8,3.290410958904109,0.8089109575211586,0.19108904247884148,5.233162441068414,0.49376972791641904,0.36730630519710405,0.0006501212548784055,0.028881547559397452,0.04010936938492871,0.4241286897172145,-0.02445395813101081,W8;W12;W16;M40,1.83908045977012,40.0,4,aP,True,United_Kingdom,GBR,1,baseline_contact_reduction,United_Kingdom,GBR,2025,False,nearest_past_year,2024,measured_national_surveillance_fraction,https://www.postersessiononline.eu/173580348_eu/congresos/UKHSA2025/aula/-P_58_UKHSA2025.pdf,"UKHSA national reference laboratory poster: 661 B. pertussis isolates received from June 2023 to November 2024, with 2 predicted and phenotypically confirmed macrolide-resistant isolates.",United_Kingdom,GBR,3,relative_detection_prior_mean,United_Kingdom,/home/ctm/pertussis_transmission_analysis/outputs/calibrations/United_Kingdom_calibrated_config.yaml,current,706629619ee12ac3aea55eb14e571e3b693e1448b799f3d64aa6934ed14c167b,17ae9068008b4c1e2081de14baa9658e40c120bf419be1476856f514e3c6595f,True,accepted,6244.019776870553,6244.019776870553,True,6.047227433250013e-05,1.6570722974665014e-16,United_Kingdom,7.268426842942312,7.367592642427706,6.367592642427706,0.25,calibrated_country_scenario_analysis,-0.07006811907706045,-0.04225891980078633,-0.032660867842544405,-0.04282604662461731,-0.03623906279697042,-0.05038644598416253,-0.02445395813101081,-0.040505455915855526,-0.029507768767056186,-0.05431604367398024,-0.05579817185931524,-0.055786830629302564
macrolide_resistance,country_timeline_fitness_cost,symptom_protective,country_timeline_fitness_cost,,2025-01-01,2050-12-31,2025,2050,8547626.862059608,44752934.71315687,749895.695273544,329766.4487692413,687997.4039095204,1479853.5143362277,980141.6443616115,2789761.60746708,13335391.267918197,528057.6756332519,583.4005654868013,561.2072407673917,562.6681266348095,108091.28298065686,40709876.77035041,0.9096582611013028,0.3,0.9979243738717397,72517643.19072606,680678.6231315302,6610409.391921785,6212161.322675429,13503249.337728744,26.013698630136986,2372.3334586362434,39.751642205973816,1862.3540643778108,3885.46125973198,860.5740909908583,606.5184437946504,794.1941827231973,3796.3423616450823,150.32837680744754,0.30925808333297006,3.169414565072321,1.6018134014785999,30.77161429010655,5511.833804955662,458756.3465631092,407264.121782079,407264.121782079,10950.827320393335,1673.0,9495.0,8,3.5780821917808217,0.809004104047132,0.1909958959528681,5.235714594866317,0.4655300390356817,0.34558920752656913,0.0005305701580803916,0.028478861525346597,0.039567156158565236,0.3969534511936896,0.19391793924722034,W8;W12;W16;M40,1.83908045977012,40.0,4,aP,True,United_Kingdom,GBR,1,baseline_contact_reduction,United_Kingdom,GBR,2025,False,nearest_past_year,2024,measured_national_surveillance_fraction,https://www.postersessiononline.eu/173580348_eu/congresos/UKHSA2025/aula/-P_58_UKHSA2025.pdf,"UKHSA national reference laboratory poster: 661 B. pertussis isolates received from June 2023 to November 2024, with 2 predicted and phenotypically confirmed macrolide-resistant isolates.",United_Kingdom,GBR,3,relative_detection_prior_mean,United_Kingdom,/home/ctm/pertussis_transmission_analysis/outputs/calibrations/United_Kingdom_calibrated_config.yaml,current,706629619ee12ac3aea55eb14e571e3b693e1448b799f3d64aa6934ed14c167b,17ae9068008b4c1e2081de14baa9658e40c120bf419be1476856f514e3c6595f,True,accepted,6244.019776870553,6244.019776870553,True,6.047227433250013e-05,1.6570722974665014e-16,United_Kingdom,7.268426842942312,5.469084722861717,4.469084722861717,0.25,calibrated_country_scenario_analysis,0.2922081457276715,0.23330213655258203,0.14092117115081781,0.21126235334475496,0.2001039819266739,0.24521725134621108,0.19391793924722034,0.22761575325142336,0.26299747525762673,0.3117351429527755,0.31408337795532526,0.3139733785170473
macrolide_resistance,country_timeline_fitness_advantage,symptom_protective,country_timeline_fitness_advantage,,2025-01-01,2050-12-31,2025,2050,12042354.091385935,63060478.94742355,1150025.5386661193,597261.2367515274,1259633.3643508945,2290689.0625552167,1263242.4223404236,4151192.7216471676,19291629.571577877,848101.3667665275,1085.919310321431,1051.74913805158,1054.2115578655237,195741.05671121183,63001860.542821825,0.9990704414939412,0.30000000000000004,0.9998651765664205,72517643.18874657,680678.6228875845,6610409.393382504,6212161.321603181,13503249.337873269,26.013698630136986,3342.808356313268,60.96234987101756,3373.0292948526067,7113.771959885104,1332.0964799679928,781.7031677748728,1181.7687583180618,5491.974633181903,241.4389709986387,0.5756410679739584,5.939747023897053,3.0011477839770113,55.723904201125,29782.196645595493,702382.5476944101,357124.1715555108,357124.1715555108,59170.813964996676,938.0,9089.0,7,3.8420091324200913,0.8090348457165031,0.19096515428349672,5.236557442911565,0.5086083654315771,0.378260369513077,0.0007228578992043077,0.029073605651723004,0.04034880658069403,0.43846309529995575,-0.1358343569601128,W8;W12;W16;M40,1.83908045977012,40.0,4,aP,True,United_Kingdom,GBR,1,baseline_contact_reduction,United_Kingdom,GBR,2025,False,nearest_past_year,2024,measured_national_surveillance_fraction,https://www.postersessiononline.eu/173580348_eu/congresos/UKHSA2025/aula/-P_58_UKHSA2025.pdf,"UKHSA national reference laboratory poster: 661 B. pertussis isolates received from June 2023 to November 2024, with 2 predicted and phenotypically confirmed macrolide-resistant isolates.",United_Kingdom,GBR,3,relative_detection_prior_mean,United_Kingdom,/home/ctm/pertussis_transmission_analysis/outputs/calibrations/United_Kingdom_calibrated_config.yaml,current,706629619ee12ac3aea55eb14e571e3b693e1448b799f3d64aa6934ed14c167b,17ae9068008b4c1e2081de14baa9658e40c120bf419be1476856f514e3c6595f,True,accepted,6244.019776870553,6244.019776870553,True,6.047227433250013e-05,1.6570722974665014e-16,United_Kingdom,7.268426842942312,8.38728258374264,7.387282583742641,0.25,calibrated_country_scenario_analysis,-0.28192737564143067,-0.1867839573778407,-0.10721223506796984,-0.17364937897225152,-0.1571687224187286,-0.21223932589829686,-0.1358343569601128,-0.1845135463809271,-0.14057162455829575,-0.2811096579235479,-0.285464911365511,-0.285335278712451
macrolide_resistance,high_fitness_advantage,symptom_protective,high_fitness_advantage,,2025-01-01,2050-12-31,2025,2050,12920315.698403433,67644875.32803175,1261796.5919075154,685425.8875677892,1445698.7029515593,2504315.49161301,1324583.510471031,4514324.88965183,20792808.90308649,940688.6561068516,1244.0995154574996,1206.77885488075,1209.5296146083638,224011.64450053227,67613109.33019662,0.9995304005265575,0.7,0.9999208508289887,72517643.22434364,680678.6206579205,6610409.393092591,6212161.333007167,13503249.346757678,26.013698630136986,3585.8251978365925,66.8872843931658,3870.938650504617,8164.574883650151,1456.325917727167,819.6614568234787,1285.1458541441184,5919.33297026689,267.7968812584425,0.6594917012575418,6.815276453222078,3.4433099249052,63.77202422222398,20451.58028324718,771403.4331306239,382883.30214456154,382883.30214456154,40632.88773574083,588.0,9495.0,8,3.2821917808219174,0.8089978636851842,0.1910021363148157,5.235543535239673,0.5197430388742196,0.3872163315092781,0.0007717854067290401,0.02933489973455153,0.04067843655830742,0.4489579171746317,-0.2184077056236997,W8;W12;W16;M40,1.83908045977012,40.0,4,aP,True,United_Kingdom,GBR,1,baseline_contact_reduction,United_Kingdom,GBR,2025,False,nearest_past_year,2024,measured_national_surveillance_fraction,https://www.postersessiononline.eu/173580348_eu/congresos/UKHSA2025/aula/-P_58_UKHSA2025.pdf,"UKHSA national reference laboratory poster: 661 B. pertussis isolates received from June 2023 to November 2024, with 2 predicted and phenotypically confirmed macrolide-resistant isolates.",United_Kingdom,GBR,3,relative_detection_prior_mean,United_Kingdom,/home/ctm/pertussis_transmission_analysis/outputs/calibrations/United_Kingdom_calibrated_config.yaml,current,706629619ee12ac3aea55eb14e571e3b693e1448b799f3d64aa6934ed14c167b,17ae9068008b4c1e2081de14baa9658e40c120bf419be1476856f514e3c6595f,True,accepted,6244.019776870553,6244.019776870553,True,6.047227433250013e-05,1.6570722974665014e-16,United_Kingdom,7.268426842942312,9.202443092361007,8.202443092361007,0.25,calibrated_country_scenario_analysis,-0.4711589421498268,-0.2974617543001776,-0.16097673987676142,-0.27631622005651946,-0.24721387711745346,-0.3445795833425027,-0.2184077056236997,-0.2996364912254892,-0.22405264361619692,-0.46772222348531356,-0.4749447540321905,-0.4747050273773583
macrolide_resistance,country_timeline,symptom_protective,country_timeline,,2025-01-01,2050-12-31,2025,2050,7230291.627609975,37656738.22060345,603422.1159314911,119908.15085366802,239419.26563620125,540128.3683071106,653760.9204610768,1313797.4396218553,6408628.421360534,295647.6228971527,256.17806136061836,231.49395995781987,232.05011210988178,41746.769254723375,37606516.61775338,0.9986663315724305,0.8270000000000001,0.9997656134755984,112693122.03006732,730837.655556547,7127341.9201143235,6905013.179795504,14763192.755466374,26.013698630136986,1284.5268422495085,20.583617746714495,630.7041450543462,1259.3199225205174,291.3179796093406,363.95889677409275,342.0944405222172,1668.7170245598352,76.982497527043,0.08738611248945359,1.217633655935705,0.6042259703154566,10.870273636638558,10837.475156747281,275283.25797705504,194138.72655222926,194138.72655222926,33460.51809142861,1365.0,9334.0,9,3.1212328767123285,0.8079947449178164,0.1920052550821835,5.208190784007305,0.30281731977560267,0.2357272379743359,1.2589381330028586e-05,0.016572957615794418,0.023850531445847086,0.2623812413326312,-0.017604475681792575,M2;M3;M4;Y1,3.0,18.0,4,aP,True,Japan,JPN,1,baseline_contact_reduction,Japan,JPN,2025,False,exact_year,2025,measured_multicenter_isolate_fraction,https://www.mdpi.com/2227-9059/14/1/167,"Japanese children at six clinics, March-August 2025; 43/52 sequenced B. pertussis isolates carried the A2047G mutation associated with macrolide resistance.",Japan,JPN,3,relative_detection_prior_mean,Japan,/home/ctm/pertussis_transmission_analysis/outputs/calibrations/Japan_calibrated_config.yaml,current,706629619ee12ac3aea55eb14e571e3b693e1448b799f3d64aa6934ed14c167b,17ae9068008b4c1e2081de14baa9658e40c120bf419be1476856f514e3c6595f,True,accepted,6348.896819510473,6325.524391872724,True,7.644092124256049e-05,2.2471172848738243e-16,Japan,7.836584827693876,2.626605619577243,1.626605619577243,0.25,calibrated_country_scenario_analysis,-0.020227503483648768,-0.03162981634124895,-0.03045170550084486,-0.029993203612590946,-0.030869059909887753,-0.027580238682363367,-0.017604475681792575,-0.020507386183395537,-0.034855253589788804,-0.0165366806145264,-0.01725391433241108,-0.01727209456458545
macrolide_resistance,low,symptom_protective,low,,2025-01-01,2050-12-31,2025,2050,7110179.983874594,37005279.6744762,591296.1768833783,117530.79626282571,234825.2387681547,523568.00836051407,634441.1067215618,1275539.9113449014,6216723.995888224,287712.4449923766,252.010641864641,227.56752930239784,228.11017165393125,40931.33317841206,36339880.85512528,0.9820188139313032,0.05,0.9952271514486861,112693122.0304178,730837.6563003327,7127341.927806071,6905013.1700829305,14763192.754189335,26.013698630136986,1262.3046310649172,20.169984093531482,618.1995116372358,1235.1558276006215,282.38615701137275,353.20325575970236,332.13271636351504,1618.7478018304776,74.91628841793857,0.08596454427631114,1.1969810462666934,0.5939669175987223,10.657945511553754,14107.55903674629,270003.7265041061,207756.79188555307,207756.79188555307,43556.84581039378,2093.0,9243.0,7,3.8324200913242006,0.8078603905599253,0.19213960944007477,5.204548936651626,0.3001616748135974,0.23384035986093143,1.2613683220545642e-05,0.016609878456946794,0.023806354010835067,0.259732828662595,0.0,M2;M3;M4;Y1,3.0,18.0,4,aP,True,Japan,JPN,1,baseline_contact_reduction,Japan,JPN,2025,False,exact_year,2025,measured_multicenter_isolate_fraction,https://www.mdpi.com/2227-9059/14/1/167,"Japanese children at six clinics, March-August 2025; 43/52 sequenced B. pertussis isolates carried the A2047G mutation associated with macrolide resistance.",Japan,JPN,3,relative_detection_prior_mean,Japan,/home/ctm/pertussis_transmission_analysis/outputs/calibrations/Japan_calibrated_config.yaml,current,706629619ee12ac3aea55eb14e571e3b693e1448b799f3d64aa6934ed14c167b,17ae9068008b4c1e2081de14baa9658e40c120bf419be1476856f514e3c6595f,True,accepted,6348.896819510473,6325.524391872724,True,7.644092124256049e-05,2.2471172848738243e-16,Japan,7.836584827693876,2.573823232570946,1.573823232570946,0.25,calibrated_country_scenario_analysis,0.0,0.0,0.0,0.0,0.0,0.0,0.0,0.0,0.0,0.0,0.0,0.0
macrolide_resistance,moderate,symptom_protective,moderate,,2025-01-01,2050-12-31,2025,2050,7038360.358227901,36645479.851337984,586710.0069337804,116801.1620567656,233270.30822265943,522435.6963107975,632705.8984376965,1271942.7568052595,6201549.812317272,286659.22294862865,249.86915199086957,225.76214902566997,226.30226727956307,40664.582011679355,36377930.60782983,0.9926989837602472,0.29999999999999993,0.9981250209290079,112693122.05146311,730837.6565727701,7127341.91634315,6905013.178495557,14763192.751411477,26.013698630136986,1250.0313285622055,20.013543073345687,614.3617129400486,1226.9770575405407,281.77544549752804,352.23723782508966,331.1960677974333,1614.7966573969472,74.64204417258173,0.08523405050144381,1.1874849372220184,0.5892593880945407,10.58848724821698,11521.124900164546,267844.2984378222,194712.05000775866,194712.05000775866,35571.274919024494,1729.0,9271.0,8,3.4273972602739726,0.8079337373454828,0.19206626265451726,5.206536463922186,0.30185031095272263,0.23508023669824094,1.2624286181842314e-05,0.0166339822897926,0.023843551101534296,0.26136015327521384,0.009722932141123075,M2;M3;M4;Y1,3.0,18.0,4,aP,True,Japan,JPN,1,baseline_contact_reduction,Japan,JPN,2025,False,exact_year,2025,measured_multicenter_isolate_fraction,https://www.mdpi.com/2227-9059/14/1/167,"Japanese children at six clinics, March-August 2025; 43/52 sequenced B. pertussis isolates carried the A2047G mutation associated with macrolide resistance.",Japan,JPN,3,relative_detection_prior_mean,Japan,/home/ctm/pertussis_transmission_analysis/outputs/calibrations/Japan_calibrated_config.yaml,current,706629619ee12ac3aea55eb14e571e3b693e1448b799f3d64aa6934ed14c167b,17ae9068008b4c1e2081de14baa9658e40c120bf419be1476856f514e3c6595f,True,accepted,6348.896819510473,6325.524391872724,True,7.644092124256049e-05,2.2471172848738243e-16,Japan,7.836584827693876,2.5538603247959997,1.5538603247959997,0.25,calibrated_country_scenario_analysis,0.006208025719731114,0.0021626837996887582,0.0027350186888611683,0.0028201034774749667,0.0024408649283752526,0.0036606760050851284,0.009722932141123075,0.00775612988700658,-0.0010470522139642835,0.008497616838425648,0.007933382597518301,0.007925575441287136
macrolide_resistance,high,symptom_protective,high,,2025-01-01,2050-12-31,2025,2050,7173758.308372948,37360483.26593612,598563.389048036,118998.51566442584,237610.56477195333,535164.0775906381,647937.3919492797,1302099.9852043437,6351009.936619814,293102.41629112023,254.28523176907578,229.78139996056962,230.33293416451556,41428.96073345996,37270728.32364693,0.9975975968605572,0.7,0.9995375342131121,112693122.03941685,730837.6566489035,7127341.928047335,6905013.175061008,14763192.759757245,26.013698630136986,1274.4211489955746,20.417879409841447,625.9195595825773,1249.8063461029315,288.64049144152796,360.7168479081295,339.0485872321465,1653.71397817069,76.31976137549631,0.08674044041052946,1.208625770334576,0.5997546794323817,10.78752074862462,9951.793687478319,273101.2782965319,193638.57547103992,193638.57547103992,30725.99179545459,1715.0,9327.0,9,2.9965753424657535,0.8079853984406644,0.19201460155933556,5.207937270806898,0.30264408562016726,0.23561820168617878,1.259654307394754e-05,0.016585733689530997,0.023847396572436494,0.2621983588151258,-0.009598727386592953,M2;M3;M4;Y1,3.0,18.0,4,aP,True,Japan,JPN,1,baseline_contact_reduction,Japan,JPN,2025,False,exact_year,2025,measured_multicenter_isolate_fraction,https://www.mdpi.com/2227-9059/14/1/167,"Japanese children at six clinics, March-August 2025; 43/52 sequenced B. pertussis isolates carried the A2047G mutation associated with macrolide resistance.",Japan,JPN,3,relative_detection_prior_mean,Japan,/home/ctm/pertussis_transmission_analysis/outputs/calibrations/Japan_calibrated_config.yaml,current,706629619ee12ac3aea55eb14e571e3b693e1448b799f3d64aa6934ed14c167b,17ae9068008b4c1e2081de14baa9658e40c120bf419be1476856f514e3c6595f,True,accepted,6348.896819510473,6325.524391872724,True,7.644092124256049e-05,2.2471172848738243e-16,Japan,7.836584827693876,2.605456312766023,1.605456312766023,0.25,calibrated_country_scenario_analysis,-0.012487955908321968,-0.022148162311206976,-0.02127271559918187,-0.020822612936852725,-0.02160075641453707,-0.01873388305773993,-0.009598727386592953,-0.012290308053337862,-0.02561503908701912,-0.009025769259603411,-0.009728411891443134,-0.009744249870437649
macrolide_resistance,very_high,symptom_protective,very_high,,2025-01-01,2050-12-31,2025,2050,7284087.267154032,37938066.221044585,608051.810700231,120780.36518436676,241154.50729374276,544849.4994279842,659247.016474894,1324876.881087245,6463076.088896528,298069.2336703081,257.99805478250875,233.13946534099472,233.70004464373747,42051.570661991325,37923830.266996354,0.9996247580473584,0.95,0.999939083801972,112693121.99658127,730837.655840598,7127341.926649456,6905013.176063716,14763192.75855377,26.013698630136986,1294.1233553730442,20.741543465057816,635.2918996000035,1268.4471089475946,293.8643191737266,367.01309215342417,344.9793717302643,1682.8944337550063,77.61305101748007,0.08800693909634533,1.2262888391016438,0.6085221632697674,10.949639649036401,11219.408415641015,277343.6853088109,194633.00048519013,194633.00048519013,34639.73044693982,1358.0,9341.0,9,3.1212328767123285,0.8080005653236622,0.19199943467633793,5.208348668764285,0.30296563367357293,0.23581809617562918,1.2583822492754432e-05,0.016564309447131782,0.02385563409026866,0.2625331063136797,-0.025206850340649067,M2;M3;M4;Y1,3.0,18.0,4,aP,True,Japan,JPN,1,baseline_contact_reduction,Japan,JPN,2025,False,exact_year,2025,measured_multicenter_isolate_fraction,https://www.mdpi.com/2227-9059/14/1/167,"Japanese children at six clinics, March-August 2025; 43/52 sequenced B. pertussis isolates carried the A2047G mutation associated with macrolide resistance.",Japan,JPN,3,relative_detection_prior_mean,Japan,/home/ctm/pertussis_transmission_analysis/outputs/calibrations/Japan_calibrated_config.yaml,current,706629619ee12ac3aea55eb14e571e3b693e1448b799f3d64aa6934ed14c167b,17ae9068008b4c1e2081de14baa9658e40c120bf419be1476856f514e3c6595f,True,accepted,6348.896819510473,6325.524391872724,True,7.644092124256049e-05,2.2471172848738243e-16,Japan,7.836584827693876,2.6467579846464275,1.6467579846464275,0.25,calibrated_country_scenario_analysis,-0.027648659116324525,-0.04064704246180062,-0.03909883752885346,-0.03867928341836335,-0.03962731708392431,-0.03599701319213322,-0.025206850340649067,-0.028337125237590355,-0.04358708324294569,-0.023758571755408964,-0.024484758680983543,-0.024505145690244312
macrolide_resistance,country_timeline_fitness_cost,symptom_protective,country_timeline_fitness_cost,,2025-01-01,2050-12-31,2025,2050,3154049.733551168,16328028.103703346,251982.66836896926,44541.219198125254,88716.79266146418,205230.94515739195,284859.38806385564,534631.552419373,2566274.4289467973,115384.69762667101,95.73342933505852,85.11991475089474,85.33231679773749,15526.69638196208,855511.5952216523,0.052395279441466325,0.30000000000000004,0.007581832675506177,112693122.02785929,730837.6561670282,7127341.9251112575,6905013.168010422,14763192.749288708,26.013698630136986,556.9731041959092,8.595500210659303,234.28208466702796,466.64091158454744,110.69121298338428,158.58566265982077,139.21056349417444,668.2218954674419,30.044558168190434,0.03265608374349476,0.44772171560491736,0.2221933937853008,4.042934134273473,1285.0249288045243,115169.66690502295,524885.4393174611,524885.4393174611,3967.492359194779,1358.0,9495.0,9,3.0013698630136987,0.8068321714343571,0.19316782856564294,5.176845479008823,0.2713615312750967,0.21160778552346957,1.0619625842588199e-05,0.015743374065665273,0.022877672685640543,0.23272986489794825,0.558764904701819,M2;M3;M4;Y1,3.0,18.0,4,aP,True,Japan,JPN,1,baseline_contact_reduction,Japan,JPN,2025,False,exact_year,2025,measured_multicenter_isolate_fraction,https://www.mdpi.com/2227-9059/14/1/167,"Japanese children at six clinics, March-August 2025; 43/52 sequenced B. pertussis isolates carried the A2047G mutation associated with macrolide resistance.",Japan,JPN,3,relative_detection_prior_mean,Japan,/home/ctm/pertussis_transmission_analysis/outputs/calibrations/Japan_calibrated_config.yaml,current,706629619ee12ac3aea55eb14e571e3b693e1448b799f3d64aa6934ed14c167b,17ae9068008b4c1e2081de14baa9658e40c120bf419be1476856f514e3c6595f,True,accepted,6348.896819510473,6325.524391872724,True,7.644092124256049e-05,2.2471172848738243e-16,Japan,7.836584827693876,1.0968426169883951,0.09684261698839514,0.25,calibrated_country_scenario_analysis,0.6210251218027919,0.608014733749592,0.5510073590031859,0.5808586249130621,0.5871982686308503,0.5989582667175612,0.558764904701819,0.5738469514598807,0.976458051730211,0.6201214812726896,0.6259575563709482,0.6259162132971597
macrolide_resistance,country_timeline_fitness_advantage,symptom_protective,country_timeline_fitness_advantage,,2025-01-01,2050-12-31,2025,2050,10910438.056763606,56863697.00563992,934014.4019360784,198212.395896565,396849.43943045713,883235.0844604988,958323.6563109,2039771.1366679638,10019879.47289212,473645.8584122122,426.0186734517501,386.633135070163,387.5411108563935,69059.21200795131,56720862.51353035,0.9974881251196981,0.3,0.9997752123046354,112693122.04418042,730837.6568720146,7127341.9303524885,6905013.164453477,14763192.75167798,26.013698630136986,1939.7045149326118,31.860607871975038,1042.5761599865018,2087.38592146432,476.3724237665176,533.5137212429361,531.1278169119425,2609.036187682987,123.33074345723108,0.14532124850376887,2.033649245102428,1.0091027393839,17.98205095271572,22224.258763951966,425836.82586605626,310968.8835461775,310968.8835461775,68617.01658157494,1001.0,9320.0,6,4.395616438356164,0.8081299909908869,0.19187000900911305,5.211861953644376,0.3205368734226659,0.24944833554220588,1.4005538189372861e-05,0.017077766523760193,0.024390452420318873,0.2790546489403975,-0.5366374070362923,M2;M3;M4;Y1,3.0,18.0,4,aP,True,Japan,JPN,1,baseline_contact_reduction,Japan,JPN,2025,False,exact_year,2025,measured_multicenter_isolate_fraction,https://www.mdpi.com/2227-9059/14/1/167,"Japanese children at six clinics, March-August 2025; 43/52 sequenced B. pertussis isolates carried the A2047G mutation associated with macrolide resistance.",Japan,JPN,3,relative_detection_prior_mean,Japan,/home/ctm/pertussis_transmission_analysis/outputs/calibrations/Japan_calibrated_config.yaml,current,706629619ee12ac3aea55eb14e571e3b693e1448b799f3d64aa6934ed14c167b,17ae9068008b4c1e2081de14baa9658e40c120bf419be1476856f514e3c6595f,True,accepted,6348.896819510473,6325.524391872724,True,7.644092124256049e-05,2.2471172848738243e-16,Japan,7.836584827693876,4.065624066159808,3.065624066159808,0.25,calibrated_country_scenario_analysis,-0.6864719903140688,-0.6869538825075197,-0.5105005746916098,-0.5991433263089931,-0.6117619954688875,-0.6462473787839182,-0.5366374070362923,-0.5796050075261938,-0.5608433813984448,-0.690478903190809,-0.6989819956097274,-0.6989207804566335
macrolide_resistance,high_fitness_advantage,symptom_protective,high_fitness_advantage,,2025-01-01,2050-12-31,2025,2050,11633979.308979563,60685379.250404835,1013645.98646157,224827.79563870278,450232.1325369596,987000.1077145897,1008633.6145643627,2220461.517917655,10924451.94858655,525367.6421728614,481.8090714773465,438.93607615956734,439.95529407828366,78228.47581654623,60653345.83690448,0.9994721395186775,0.7,0.9997356551741327,112693122.01966757,730837.6556830506,7127341.924076796,6905013.18709782,14763192.766857667,26.013698630136986,2070.0677294397087,34.5769585947867,1182.5703390361216,2368.1732238962245,532.3380402976267,561.5220575726407,578.1770592471804,2844.574179985919,136.7983709350619,0.16435217558764972,2.3087571664553073,1.1455819255492443,20.36959872171818,23255.373471579802,463443.3154661935,328417.150279235,328417.150279235,71800.56548618308,994.0,9334.0,7,3.8324200913242006,0.8082902430093661,0.19170975699063383,5.21621859887317,0.3321064444040885,0.2587156710906515,1.4904841778673116e-05,0.017475392661750227,0.024701232407694056,0.28991491449286555,-0.6399113797878309,M2;M3;M4;Y1,3.0,18.0,4,aP,True,Japan,JPN,1,baseline_contact_reduction,Japan,JPN,2025,False,exact_year,2025,measured_multicenter_isolate_fraction,https://www.mdpi.com/2227-9059/14/1/167,"Japanese children at six clinics, March-August 2025; 43/52 sequenced B. pertussis isolates carried the A2047G mutation associated with macrolide resistance.",Japan,JPN,3,relative_detection_prior_mean,Japan,/home/ctm/pertussis_transmission_analysis/outputs/calibrations/Japan_calibrated_config.yaml,current,706629619ee12ac3aea55eb14e571e3b693e1448b799f3d64aa6934ed14c167b,17ae9068008b4c1e2081de14baa9658e40c120bf419be1476856f514e3c6595f,True,accepted,6348.896819510473,6325.524391872724,True,7.644092124256049e-05,2.2471172848738243e-16,Japan,7.836584827693876,4.412248365205522,3.4122483652055218,0.25,calibrated_country_scenario_analysis,-0.9129266778380065,-0.8851421247170042,-0.5897986493599372,-0.7408012859248354,-0.7572682904713228,-0.8260163969854757,-0.6399113797878309,-0.7142779305699656,-0.6690573664429089,-0.9118600227054456,-0.9288168110147967,-0.9286965192667747
macrolide_resistance,country_timeline,symptom_protective,country_timeline,,2025-01-01,2050-12-31,2025,2050,733526.9191494975,4005614.5857518,68022.49721738997,30696.436810372703,64926.15440804727,131793.1073190251,90227.91812184751,252717.46225124528,1207966.2292913264,49357.58649586127,55.94166800865349,53.82540173612113,53.96074206620564,10114.35654479108,3943844.337555135,0.9845790834653976,0.01,0.9990687656663382,5518948.271484755,54340.24486719915,528738.1474419388,491660.7732594651,1074739.165568603,26.013698630136986,2790.0419402936527,47.37990040157748,2171.5221845622054,4592.995125992737,958.1862797446975,705.4614266395422,903.9201578854819,4320.655228865038,176.54228156909014,0.3896520661506252,3.807707542246853,1.9300685458613187,36.17704405320555,29991.65966099429,40838.84755335281,23921.234454526224,23921.234454526224,4534.860773835711,2226.0,8060.0,4,6.6356164383561635,0.8168753125278965,0.18312468747210348,5.460760172777558,0.5956644776046233,0.46451062393838755,0.0006156620057332729,0.02870302998499417,0.039876937483882845,0.5264688481300129,0.05562224402199423,W6;M3;M5;Y4;Y11-Y13,1.37931034482759,156.0,5,aP,True,New_Zealand,NZL,1,baseline_contact_reduction,New_Zealand,NZL,2025,False,exact_year,2025,low_detected_model_anchor,https://www.tewhatuora.govt.nz/for-health-professionals/clinical-guidance/communicable-disease-control-manual/pertussis,"Health New Zealand notes MRBP has been detected by PHF Science and is being assessed; no public national fraction was located, so use a low detected/imported anchor pending surveillance.",New_Zealand,NZL,3,relative_detection_prior_mean,New_Zealand,/home/ctm/pertussis_transmission_analysis/outputs/calibrations/New_Zealand_calibrated_config.yaml,current,706629619ee12ac3aea55eb14e571e3b693e1448b799f3d64aa6934ed14c167b,17ae9068008b4c1e2081de14baa9658e40c120bf419be1476856f514e3c6595f,True,accepted,2282.7659893306995,2282.7659893306995,True,1.0204827386537681e-05,1.352852648487234e-16,New_Zealand,25.11070274470987,1.886840877504279,0.8868408775042791,0.25,calibrated_country_scenario_analysis,0.07549933907509598,0.06652424445679939,0.05673397154491533,0.06415986856297107,0.06091295692696974,0.06784863905328664,0.05562224402199423,0.06325154923976439,0.06416298873244397,0.0651614858550632,0.06544535726314205,0.06545473922052158
macrolide_resistance,low,symptom_protective,low,,2025-01-01,2050-12-31,2025,2050,777061.5670514056,4241538.473768424,72615.54279826676,33203.26107680969,69986.43303556165,141185.35648773558,95654.79451181558,270043.41207636084,1286319.7700379582,52950.18444829885,59.84099623860846,57.59470797608216,57.74010562227716,10902.966433612488,4214242.747477305,0.9935646637511535,0.05000000000000001,0.9998096174504353,5518948.273242309,54340.24480239017,528738.147641489,491660.77198767767,1074739.1644315568,26.013698630136986,2954.3706654925923,50.57910728118839,2348.8595291858474,4950.968513876508,1026.4715218291767,747.8923306713397,965.8916394767039,4600.910283350778,189.3922909435728,0.4168121660915288,4.074355176961285,2.0652488744027915,38.997745002361086,24850.663333210443,43438.75102613574,23886.77605695987,23886.77605695987,3757.521246349253,1911.0,8102.0,6,3.9967123287671233,0.8167972371682817,0.1832027628317184,5.458432965438156,0.5995111599032926,0.4678470050727297,0.0006167804061888291,0.028927973473364336,0.04010116921600654,0.5298652368077328,0.0,W6;M3;M5;Y4;Y11-Y13,1.37931034482759,156.0,5,aP,True,New_Zealand,NZL,1,baseline_contact_reduction,New_Zealand,NZL,2025,False,exact_year,2025,low_detected_model_anchor,https://www.tewhatuora.govt.nz/for-health-professionals/clinical-guidance/communicable-disease-control-manual/pertussis,"Health New Zealand notes MRBP has been detected by PHF Science and is being assessed; no public national fraction was located, so use a low detected/imported anchor pending surveillance.",New_Zealand,NZL,3,relative_detection_prior_mean,New_Zealand,/home/ctm/pertussis_transmission_analysis/outputs/calibrations/New_Zealand_calibrated_config.yaml,current,706629619ee12ac3aea55eb14e571e3b693e1448b799f3d64aa6934ed14c167b,17ae9068008b4c1e2081de14baa9658e40c120bf419be1476856f514e3c6595f,True,accepted,2282.7659893306995,2282.7659893306995,True,1.0204827386537681e-05,1.352852648487234e-16,New_Zealand,25.11070274470987,2.0142449932765825,1.0142449932765825,0.25,calibrated_country_scenario_analysis,0.0,0.0,0.0,0.0,0.0,0.0,0.0,0.0,0.0,0.0,0.0,0.0
macrolide_resistance,moderate,symptom_protective,moderate,,2025-01-01,2050-12-31,2025,2050,801101.3542120998,4374089.930183452,75345.9798273884,34899.7176234082,73497.9642423788,146622.90541280442,98247.39310656309,279770.0161427757,1328937.482282639,55134.2422025094,62.67645007321981,60.35852892974701,60.51032003002775,11442.659600089852,4366965.847563793,0.998371299462661,0.3,0.9997113748299796,5518948.274939544,54340.24474272947,528738.1471095792,491660.77179550525,1074739.163647814,26.013698630136986,3046.697101513071,52.48094621162461,2468.8699765364954,5199.380671574654,1066.004582554408,768.1629783073191,1000.6817707118046,4753.34537728738,197.2042317998246,0.4365620319177999,4.269872940250147,2.164333942172156,40.928120275858305,18139.73580435348,45247.403379806914,23897.659696897594,23897.659696897594,2742.801743158787,1862.0,8480.0,6,3.8202739726027404,0.8168530215430432,0.18314697845695668,5.46009553870429,0.6034569827786816,0.47132287639081744,0.0006251024002261111,0.02901475174061059,0.040187157998331204,0.5336299706395138,-0.03125079667078001,W6;M3;M5;Y4;Y11-Y13,1.37931034482759,156.0,5,aP,True,New_Zealand,NZL,1,baseline_contact_reduction,New_Zealand,NZL,2025,False,exact_year,2025,low_detected_model_anchor,https://www.tewhatuora.govt.nz/for-health-professionals/clinical-guidance/communicable-disease-control-manual/pertussis,"Health New Zealand notes MRBP has been detected by PHF Science and is being assessed; no public national fraction was located, so use a low detected/imported anchor pending surveillance.",New_Zealand,NZL,3,relative_detection_prior_mean,New_Zealand,/home/ctm/pertussis_transmission_analysis/outputs/calibrations/New_Zealand_calibrated_config.yaml,current,706629619ee12ac3aea55eb14e571e3b693e1448b799f3d64aa6934ed14c167b,17ae9068008b4c1e2081de14baa9658e40c120bf419be1476856f514e3c6595f,True,accepted,2282.7659893306995,2282.7659893306995,True,1.0204827386537681e-05,1.352852648487234e-16,New_Zealand,25.11070274470987,2.0899831735167544,1.0899831735167544,0.25,calibrated_country_scenario_analysis,-0.05109307012567421,-0.03851354744102786,-0.027103697289603934,-0.036018668226812656,-0.03313150682852628,-0.04124740597160881,-0.03125079667078001,-0.037601275483226226,-0.03623974916440442,-0.04738313218091039,-0.04798741153115316,-0.047977300662951805
macrolide_resistance,high,symptom_protective,high,,2025-01-01,2050-12-31,2025,2050,792074.9913246792,4325610.758101577,74789.36628835335,34874.869503171954,73366.9716512204,145655.89652066235,97290.6016461028,277821.36766993714,1318013.2752149333,54852.52308929376,62.39568364368187,60.110325734015944,60.26141474357182,11420.238352044807,4323526.870202936,0.9995182442399059,0.7,0.9997902007049677,5518948.274319613,54340.24482524062,528738.1485428583,491660.7714200257,1074739.1647881246,26.013698630136986,3012.929768435157,52.09324663125158,2467.1121712320337,5190.1140077584705,1058.9740553090878,760.6821516149089,993.711841174136,4714.271653726039,196.1965782879095,0.434606401696713,4.252314584908331,2.1554310922454225,40.84792388229946,19200.680288176092,44945.470718510136,23450.763390570046,23450.763390570046,2903.2208586901934,1540.0,8746.0,7,3.3242009132420094,0.8168871321024028,0.18311286789759718,5.461112654077557,0.6057829732578008,0.4732867076284041,0.0006278353630805189,0.029092197781732203,0.0402858809973299,0.5357770591156583,-0.01982117688029783,W6;M3;M5;Y4;Y11-Y13,1.37931034482759,156.0,5,aP,True,New_Zealand,NZL,1,baseline_contact_reduction,New_Zealand,NZL,2025,False,exact_year,2025,low_detected_model_anchor,https://www.tewhatuora.govt.nz/for-health-professionals/clinical-guidance/communicable-disease-control-manual/pertussis,"Health New Zealand notes MRBP has been detected by PHF Science and is being assessed; no public national fraction was located, so use a low detected/imported anchor pending surveillance.",New_Zealand,NZL,3,relative_detection_prior_mean,New_Zealand,/home/ctm/pertussis_transmission_analysis/outputs/calibrations/New_Zealand_calibrated_config.yaml,current,706629619ee12ac3aea55eb14e571e3b693e1448b799f3d64aa6934ed14c167b,17ae9068008b4c1e2081de14baa9658e40c120bf419be1476856f514e3c6595f,True,accepted,2282.7659893306995,2282.7659893306995,True,1.0204827386537681e-05,1.352852648487234e-16,New_Zealand,25.11070274470987,2.0745435586117233,1.0745435586117233,0.25,calibrated_country_scenario_analysis,-0.05034470627735321,-0.03166433222354126,-0.017101151517137758,-0.028802611897737807,-0.024638900773514383,-0.03592695022341941,-0.01982117688029783,-0.02993606335940635,-0.02593209012248998,-0.04269125792770745,-0.043677932336742886,-0.04366651384028453
macrolide_resistance,very_high,symptom_protective,very_high,,2025-01-01,2050-12-31,2025,2050,790218.8839865855,4315707.520059353,74684.06535610597,34871.203537426736,73346.14539061268,145495.14502815215,97123.41596851668,277489.76453409554,1316158.3385455038,54805.935798277176,62.346857748382696,60.0692731289477,60.22026663765441,11416.71116030014,4315401.638769592,0.999929123721119,0.95,0.9999608575771463,5518948.271321302,54340.24488517137,528738.1477638857,491660.7727045953,1074739.1653536523,26.013698630136986,3006.031839956211,52.01990110644423,2466.852831377283,5188.640714199866,1057.8053320579709,759.3749816332128,992.5257621100349,4707.636911277295,196.02994469965378,0.434266313557508,4.249410443716932,2.153959305106672,40.835307796640315,20536.74745550162,44886.65706124882,23340.24085110386,23340.24085110386,3105.2396402219947,1533.0,8760.0,8,3.1123287671232878,0.8168970255019231,0.18310297449807672,5.4614077283081155,0.6063185597743104,0.4737102081716238,0.0006286337491013964,0.029108940332519918,0.04030987190832756,0.5362711137843614,-0.01748635471530502,W6;M3;M5;Y4;Y11-Y13,1.37931034482759,156.0,5,aP,True,New_Zealand,NZL,1,baseline_contact_reduction,New_Zealand,NZL,2025,False,exact_year,2025,low_detected_model_anchor,https://www.tewhatuora.govt.nz/for-health-professionals/clinical-guidance/communicable-disease-control-manual/pertussis,"Health New Zealand notes MRBP has been detected by PHF Science and is being assessed; no public national fraction was located, so use a low detected/imported anchor pending surveillance.",New_Zealand,NZL,3,relative_detection_prior_mean,New_Zealand,/home/ctm/pertussis_transmission_analysis/outputs/calibrations/New_Zealand_calibrated_config.yaml,current,706629619ee12ac3aea55eb14e571e3b693e1448b799f3d64aa6934ed14c167b,17ae9068008b4c1e2081de14baa9658e40c120bf419be1476856f514e3c6595f,True,accepted,2282.7659893306995,2282.7659893306995,True,1.0204827386537681e-05,1.352852648487234e-16,New_Zealand,25.11070274470987,2.0716226716276744,1.0716226716276744,0.25,calibrated_country_scenario_analysis,-0.05023429646740318,-0.03052574748282022,-0.01535334913630182,-0.027574649573858467,-0.023196851360424153,-0.035047117763872926,-0.01748635471530502,-0.028485947747932894,-0.02400404944704282,-0.04187533074787764,-0.042965148011396614,-0.04295387042763488
macrolide_resistance,country_timeline_fitness_cost,symptom_protective,country_timeline_fitness_cost,,2025-01-01,2050-12-31,2025,2050,656764.3454893378,3572046.9242840586,58536.865398790214,24605.052450167004,51399.12991542675,111166.04477272733,86228.67910264117,221999.77632553552,1071739.4393776115,41596.71105758034,43.24992483453647,41.47807974826439,41.588696381630506,8053.999863174641,3248988.2356241345,0.9095592259822638,0.3,0.99816890671544,5518948.274027851,54340.24494904363,528738.1483328522,491660.77292211173,1074739.1662040076,26.013698630136986,2488.047842223096,40.77284669913869,1740.6064911522683,3636.06862255493,808.2196471579454,674.1927364054111,794.0490972031802,3833.3990617491763,148.7831718058085,0.3012499120023382,2.934235356603372,1.4875450490214004,28.80755749433944,6529.845835981299,35158.3652425818,31726.32279686252,31726.32279686252,987.3392166070396,1526.0,9495.0,8,3.4328767123287673,0.8161378169406404,0.18386218305935956,5.43885633989863,0.5669360788715592,0.4424729791934102,0.0005166539170174652,0.0285051316450348,0.03969962075122015,0.49821467255828683,0.15784167787815706,W6;M3;M5;Y4;Y11-Y13,1.37931034482759,156.0,5,aP,True,New_Zealand,NZL,1,baseline_contact_reduction,New_Zealand,NZL,2025,False,exact_year,2025,low_detected_model_anchor,https://www.tewhatuora.govt.nz/for-health-professionals/clinical-guidance/communicable-disease-control-manual/pertussis,"Health New Zealand notes MRBP has been detected by PHF Science and is being assessed; no public national fraction was located, so use a low detected/imported anchor pending surveillance.",New_Zealand,NZL,3,relative_detection_prior_mean,New_Zealand,/home/ctm/pertussis_transmission_analysis/outputs/calibrations/New_Zealand_calibrated_config.yaml,current,706629619ee12ac3aea55eb14e571e3b693e1448b799f3d64aa6934ed14c167b,17ae9068008b4c1e2081de14baa9658e40c120bf419be1476856f514e3c6595f,True,accepted,2282.7659893306995,2282.7659893306995,True,1.0204827386537681e-05,1.352852648487234e-16,New_Zealand,25.11070274470987,1.6237238405336307,0.6237238405336307,0.25,calibrated_country_scenario_analysis,0.2589567514694505,0.21262340841711835,0.098543052204352,0.17791078620070133,0.16681725311118756,0.21441801400718763,0.15784167787815706,0.19387966896547915,0.22904577872999443,0.27725259348820286,0.2798282827392867,0.27972600788619195
macrolide_resistance,country_timeline_fitness_advantage,symptom_protective,country_timeline_fitness_advantage,,2025-01-01,2050-12-31,2025,2050,848811.0027431421,4653036.247057931,83430.46852959107,41662.40390739422,87860.74887791254,163836.7093198971,101109.7022692378,306608.8154965291,1438403.2697079214,62465.467015597314,74.85310733329098,72.34955238901142,72.52477632019291,13620.370765692447,4649735.192251876,0.9992905589746606,0.3,0.99981859002441,5518948.274922848,54340.24487131572,528738.1480749993,491660.77223084355,1074739.1651771585,26.013698630136986,3240.9923603456814,58.112057754855265,2947.2747895505836,6215.430361015441,1191.1555163569894,790.5424002231796,1096.6788228433225,5144.8827459272015,223.4265662717031,0.5213764435399013,5.118139900553312,2.594067172954615,48.71736043798874,26280.005783217115,50027.54780305695,25233.59055917256,25233.59055917256,3973.6436323903717,1162.0,9068.0,7,3.800456621004566,0.8175791122882747,0.1824208877117252,5.481828383492316,0.633653951788345,0.49562434723518156,0.0007064583944568835,0.02948479145953457,0.040841219564161334,0.5626214823701923,-0.0970161595455028,W6;M3;M5;Y4;Y11-Y13,1.37931034482759,156.0,5,aP,True,New_Zealand,NZL,1,baseline_contact_reduction,New_Zealand,NZL,2025,False,exact_year,2025,low_detected_model_anchor,https://www.tewhatuora.govt.nz/for-health-professionals/clinical-guidance/communicable-disease-control-manual/pertussis,"Health New Zealand notes MRBP has been detected by PHF Science and is being assessed; no public national fraction was located, so use a low detected/imported anchor pending surveillance.",New_Zealand,NZL,3,relative_detection_prior_mean,New_Zealand,/home/ctm/pertussis_transmission_analysis/outputs/calibrations/New_Zealand_calibrated_config.yaml,current,706629619ee12ac3aea55eb14e571e3b693e1448b799f3d64aa6934ed14c167b,17ae9068008b4c1e2081de14baa9658e40c120bf419be1476856f514e3c6595f,True,accepted,2282.7659893306995,2282.7659893306995,True,1.0204827386537681e-05,1.352852648487234e-16,New_Zealand,25.11070274470987,2.3142346251977304,1.3142346251977304,0.25,calibrated_country_scenario_analysis,-0.25476843407085337,-0.16043698437046627,-0.05702701872145477,-0.13540564881408246,-0.11823148738938793,-0.17970253864912,-0.0970161595455028,-0.14893403415532203,-0.10333824387198898,-0.2508666639643433,-0.25618403029418313,-0.25605548411417445
macrolide_resistance,high_fitness_advantage,symptom_protective,high_fitness_advantage,,2025-01-01,2050-12-31,2025,2050,897407.1740883433,4927173.041907622,89630.7853122275,45839.273231905725,96919.26481821155,176706.68956131022,105404.97914546795,327950.9419386839,1533151.6276494758,67637.85926680281,82.92512127901615,80.24395644890694,80.43518044675679,15000.369999090828,4926482.871079118,0.9998599255957455,0.7,0.9999581766371087,5518948.273340701,54340.244886668144,528738.1474262312,491660.77255767846,1074739.1648705779,26.013698630136986,3431.9376303158374,62.43078177516154,3242.754177839694,6856.246374422308,1284.7251948610897,824.1257098340016,1173.0153696847703,5483.778801362007,241.92718588797098,0.5776006683657608,5.676604506896136,2.8770066147592983,53.653343563750695,26588.812421480656,53656.25066117272,26724.67688690205,26724.67688690205,4020.336449416725,1134.0,9110.0,7,3.816438356164383,0.8178657078906039,0.18213429210939586,5.490454259977397,0.6450570473188808,0.504386201543356,0.0007447037880157748,0.029638047812044932,0.04106275919211102,0.5736115365267092,-0.16164761262439775,W6;M3;M5;Y4;Y11-Y13,1.37931034482759,156.0,5,aP,True,New_Zealand,NZL,1,baseline_contact_reduction,New_Zealand,NZL,2025,False,exact_year,2025,low_detected_model_anchor,https://www.tewhatuora.govt.nz/for-health-professionals/clinical-guidance/communicable-disease-control-manual/pertussis,"Health New Zealand notes MRBP has been detected by PHF Science and is being assessed; no public national fraction was located, so use a low detected/imported anchor pending surveillance.",New_Zealand,NZL,3,relative_detection_prior_mean,New_Zealand,/home/ctm/pertussis_transmission_analysis/outputs/calibrations/New_Zealand_calibrated_config.yaml,current,706629619ee12ac3aea55eb14e571e3b693e1448b799f3d64aa6934ed14c167b,17ae9068008b4c1e2081de14baa9658e40c120bf419be1476856f514e3c6595f,True,accepted,2282.7659893306995,2282.7659893306995,True,1.0204827386537681e-05,1.352852648487234e-16,New_Zealand,25.11070274470987,2.4862220070011376,1.4862220070011376,0.25,calibrated_country_scenario_analysis,-0.3805653946419576,-0.2515936068529905,-0.1019309558231083,-0.2144378543326524,-0.19188996652382473,-0.2773866601512063,-0.16164761262439775,-0.2343195665593354,-0.16900785414607844,-0.3857576994267047,-0.3932522495335946,-0.3930556513516916
macrolide_resistance,country_timeline,symptom_protective,country_timeline,,2025-01-01,2050-12-31,2025,2050,826016.5007423344,4486697.313668156,63544.79962972984,20354.234352184074,43324.30604314969,106440.02227552052,110902.44321958053,237696.69984728514,1191735.5662580526,40414.334197497454,37.02255004080596,34.9392686685042,35.03989209196977,6751.1032617780975,4400245.145902572,0.9807314463798977,0.01,0.9988822149797965,10933229.70258334,96543.81605794549,946043.6228204257,904446.7259062058,1947034.1647845767,26.013698630136986,1577.5247966730872,22.342380175757004,810.4536917362184,1725.0633537494255,432.50555481260625,471.3635742528221,469.2966728957474,2352.9040856509873,79.79207363151369,0.130171452724304,1.3911925542860986,0.6918103948415101,13.329046222196743,17434.683609123647,38116.60559367406,25761.218066522764,25761.218066522764,5222.394539463386,1820.0,9201.0,7,4.001826484018265,0.8158965397050565,0.18410346029494337,5.4317284335555005,0.4878446979840953,0.3830036989003144,0.00034229794283413464,0.02562555894162803,0.03654943736526684,0.4253274037343663,0.0333064902429715,M3;M5;M12;Y5;Y14-Y16,3.0,192.0,5,aP,True,Sweden,SWE,1,baseline_contact_reduction,Sweden,SWE,2025,False,exact_year,2025,low_imported_model_anchor,https://www.folkhalsomyndigheten.se/contentassets/975cc036216b48a39b7bf34319d4ecee/pertussis-surveillance-sweden-23rd-annual-report.pdf,"No public Swedish MRBP prevalence estimate was located in the accessible national surveillance material, so keep a conservative low anchor pending numeric reporting.",Sweden,SWE,2,relative_detection_prior_mean,Sweden,/home/ctm/pertussis_transmission_analysis/outputs/calibrations/Sweden_calibrated_config.yaml,current,706629619ee12ac3aea55eb14e571e3b693e1448b799f3d64aa6934ed14c167b,17ae9068008b4c1e2081de14baa9658e40c120bf419be1476856f514e3c6595f,True,accepted,1800.7077619841807,1800.7073488732442,True,3.202340290308184e-05,1.4235413699758381e-16,Sweden,5.954795201043958,3.7519980824596746,2.7519980824596746,0.25,calibrated_country_scenario_analysis,0.03805806379888943,0.04441774980358304,0.037825340360867266,0.040808427393637214,0.04055049293347002,0.041050065815593895,0.0333064902429715,0.03719227938995262,0.039572951184855376,0.03636808036600436,0.03679072557012408,0.03680139140152172
macrolide_resistance,low,symptom_protective,low,,2025-01-01,2050-12-31,2025,2050,854501.4317869452,4641282.131702586,65999.47037137076,21159.52490081342,45022.12179751356,111387.60923368146,115262.27812024785,247809.41225474273,1242103.474420166,42144.36307550314,38.419804581471084,36.27380839868342,36.37867806199936,7018.055171553238,4581550.625142271,0.9871303866334012,0.05,0.9994371114913998,10933229.702239366,96543.81599489637,946043.6222738551,904446.7263292973,1947034.164598049,26.013698630136986,1631.8768883833902,23.205443515039025,842.5183077745096,1792.6660474215466,452.60944829561583,489.8939805888357,489.2627149188878,2452.3480063794996,83.20775756350781,0.13508420598794693,1.4443305231026573,0.7182427266110973,13.856102943962988,15591.323977560653,39493.12316330505,25883.55463368536,25883.55463368536,4670.233600238436,1463.0,9495.0,7,4.168036529680365,0.8158910819167366,0.18410891808326332,5.4315674135228456,0.48972014002452247,0.3841810651520443,0.0003432273555147999,0.02572041759686797,0.036732423939283304,0.4269240711328564,0.0,M3;M5;M12;Y5;Y14-Y16,3.0,192.0,5,aP,True,Sweden,SWE,1,baseline_contact_reduction,Sweden,SWE,2025,False,exact_year,2025,low_imported_model_anchor,https://www.folkhalsomyndigheten.se/contentassets/975cc036216b48a39b7bf34319d4ecee/pertussis-surveillance-sweden-23rd-annual-report.pdf,"No public Swedish MRBP prevalence estimate was located in the accessible national surveillance material, so keep a conservative low anchor pending numeric reporting.",Sweden,SWE,2,relative_detection_prior_mean,Sweden,/home/ctm/pertussis_transmission_analysis/outputs/calibrations/Sweden_calibrated_config.yaml,current,706629619ee12ac3aea55eb14e571e3b693e1448b799f3d64aa6934ed14c167b,17ae9068008b4c1e2081de14baa9658e40c120bf419be1476856f514e3c6595f,True,accepted,1800.7077619841807,1800.7073488732442,True,3.202340290308184e-05,1.4235413699758381e-16,Sweden,5.954795201043958,3.8969339383780635,2.8969339383780635,0.25,calibrated_country_scenario_analysis,0.0,0.0,0.0,0.0,0.0,0.0,0.0,0.0,0.0,0.0,0.0,0.0
macrolide_resistance,moderate,symptom_protective,moderate,,2025-01-01,2050-12-31,2025,2050,909389.5074564115,4937700.496074053,70650.724520927,22752.071611227093,48381.920686664016,120435.3989751207,123022.52560189276,266209.99618824053,1332607.035910047,45367.91040941904,41.21025231655717,38.926886597028194,39.04001105462624,7544.677647415028,4907248.759447286,0.9938328101003737,0.30000000000000004,0.9997242516760466,10933229.702256035,96543.81601540199,946043.6224532444,904446.7261173221,1947034.1645859687,26.013698630136986,1736.0977188288937,24.840826569354242,905.9294553181184,1926.4446685938508,489.3739963544587,522.8770050896735,525.5919227980037,2631.0337867359526,89.57217086826826,0.14489543279513045,1.549969329152176,0.7707867762316106,14.895840458192199,14390.136701855854,42245.54178830997,26717.969128128854,26717.969128128854,4310.429315294661,1092.0,9495.0,7,3.8292237442922374,0.8158273252540401,0.18417267474595989,5.42968712041218,0.4920769050532744,0.3857167392392858,0.00034575858443605103,0.025882909593618806,0.036975791538548186,0.42887244533667135,-0.06386562074017488,M3;M5;M12;Y5;Y14-Y16,3.0,192.0,5,aP,True,Sweden,SWE,1,baseline_contact_reduction,Sweden,SWE,2025,False,exact_year,2025,low_imported_model_anchor,https://www.folkhalsomyndigheten.se/contentassets/975cc036216b48a39b7bf34319d4ecee/pertussis-surveillance-sweden-23rd-annual-report.pdf,"No public Swedish MRBP prevalence estimate was located in the accessible national surveillance material, so keep a conservative low anchor pending numeric reporting.",Sweden,SWE,2,relative_detection_prior_mean,Sweden,/home/ctm/pertussis_transmission_analysis/outputs/calibrations/Sweden_calibrated_config.yaml,current,706629619ee12ac3aea55eb14e571e3b693e1448b799f3d64aa6934ed14c167b,17ae9068008b4c1e2081de14baa9658e40c120bf419be1476856f514e3c6595f,True,accepted,1800.7077619841807,1800.7073488732442,True,3.202340290308184e-05,1.4235413699758381e-16,Sweden,5.954795201043958,4.171566902082426,3.171566902082426,0.25,calibrated_country_scenario_analysis,-0.07526382174830637,-0.08122797323405839,-0.0673268619031544,-0.07425296628597144,-0.07286314172185149,-0.07648822045645343,-0.06386562074017488,-0.07047411325248865,-0.07108906153250283,-0.07263045102607957,-0.07314032673892235,-0.073156396394922
macrolide_resistance,high,symptom_protective,high,,2025-01-01,2050-12-31,2025,2050,947348.958582182,5142530.307483194,73858.78179491294,23875.949511700674,50760.26287306098,126629.78734086503,128043.04232247936,278548.779175045,1392744.6833562702,47576.81624051738,43.199083900151585,40.8181225326241,40.93712875053832,7916.986707381141,5126777.8876549555,0.9969368348096429,0.7,0.99985911413013,10933229.70227729,96543.81604602304,946043.6228609672,904446.725671867,1947034.164578857,26.013698630136986,1808.1159727916327,25.96878095205088,950.6794062130192,2021.1441871130455,514.5441090339937,544.2154775929313,549.9530090397499,2749.766599962592,93.93332589535856,0.15188817360233947,1.6252735194061516,0.8082425349155208,15.630909154033116,12446.257189922495,44273.1803035188,27445.91199230906,27445.91199230906,3728.1585970148735,735.0,9495.0,7,3.8292237442922374,0.8157815507273455,0.18421844927265466,5.428337953925225,0.49325658635801584,0.38650355556097116,0.0003479145560695975,0.025907058772216066,0.03709514497043117,0.42990646805929894,-0.10799778198287058,M3;M5;M12;Y5;Y14-Y16,3.0,192.0,5,aP,True,Sweden,SWE,1,baseline_contact_reduction,Sweden,SWE,2025,False,exact_year,2025,low_imported_model_anchor,https://www.folkhalsomyndigheten.se/contentassets/975cc036216b48a39b7bf34319d4ecee/pertussis-surveillance-sweden-23rd-annual-report.pdf,"No public Swedish MRBP prevalence estimate was located in the accessible national surveillance material, so keep a conservative low anchor pending numeric reporting.",Sweden,SWE,2,relative_detection_prior_mean,Sweden,/home/ctm/pertussis_transmission_analysis/outputs/calibrations/Sweden_calibrated_config.yaml,current,706629619ee12ac3aea55eb14e571e3b693e1448b799f3d64aa6934ed14c167b,17ae9068008b4c1e2081de14baa9658e40c120bf419be1476856f514e3c6595f,True,accepted,1800.7077619841807,1800.7073488732442,True,3.202340290308184e-05,1.4235413699758381e-16,Sweden,5.954795201043958,4.360986411001707,3.360986411001707,0.25,calibrated_country_scenario_analysis,-0.12837833664133114,-0.1368390812231799,-0.11088418874471606,-0.12404438814738361,-0.12127911404999958,-0.128901062172462,-0.10799778198287058,-0.11908143170420638,-0.11900496297489971,-0.12439624226994184,-0.12527810931773065,-0.1253055617021075
macrolide_resistance,very_high,symptom_protective,very_high,,2025-01-01,2050-12-31,2025,2050,954994.2796677715,5183756.573209909,74556.17094321833,24136.282444490735,51310.757572960065,128082.23550002146,129080.53541256995,281299.0533570822,1405964.8273548882,48083.92272235474,43.65659071854503,41.256302767452645,41.37673940881224,8003.536246107101,5180807.984446476,0.9994311868773562,0.95,0.9999728306152857,10933229.702040238,96543.81599459033,946043.6223308493,904446.7263031794,1947034.164628619,26.013698630136986,1822.6111464328603,26.213983291333253,961.0452000452367,2043.0634829364049,520.4459485347497,548.6250865669784,555.3830150969343,2775.867801963008,94.93453198838155,0.153496769640181,1.6427207395115466,0.816921991506863,15.801788305906683,14394.520267944043,44741.58683352283,27220.355784470506,27220.355784470506,4311.742370961809,721.0,9495.0,7,3.6662100456621007,0.8157717735814868,0.18422822641851327,5.428049867495815,0.49379038838003364,0.3868690271438937,0.0003488186385536162,0.025918261557010106,0.03713696890100574,0.43038633928346426,-0.11688029861445282,M3;M5;M12;Y5;Y14-Y16,3.0,192.0,5,aP,True,Sweden,SWE,1,baseline_contact_reduction,Sweden,SWE,2025,False,exact_year,2025,low_imported_model_anchor,https://www.folkhalsomyndigheten.se/contentassets/975cc036216b48a39b7bf34319d4ecee/pertussis-surveillance-sweden-23rd-annual-report.pdf,"No public Swedish MRBP prevalence estimate was located in the accessible national surveillance material, so keep a conservative low anchor pending numeric reporting.",Sweden,SWE,2,relative_detection_prior_mean,Sweden,/home/ctm/pertussis_transmission_analysis/outputs/calibrations/Sweden_calibrated_config.yaml,current,706629619ee12ac3aea55eb14e571e3b693e1448b799f3d64aa6934ed14c167b,17ae9068008b4c1e2081de14baa9658e40c120bf419be1476856f514e3c6595f,True,accepted,1800.7077619841807,1800.7073488732442,True,3.202340290308184e-05,1.4235413699758381e-16,Sweden,5.954795201043958,4.402163702747926,3.4021637027479263,0.25,calibrated_country_scenario_analysis,-0.14068168154205019,-0.14987866586952348,-0.11988533905174203,-0.13514273246374042,-0.1319224656474094,-0.1409336673616508,-0.11688029861445282,-0.12964801874469734,-0.13079793465898826,-0.1363043407982225,-0.1373579061235286,-0.13738985617604893
macrolide_resistance,country_timeline_fitness_cost,symptom_protective,country_timeline_fitness_cost,,2025-01-01,2050-12-31,2025,2050,343563.68583777384,1860901.5946639555,25049.068637891134,7218.475113664044,15261.778963401364,39367.87938778289,46183.925687488125,92770.28018893505,472511.2049805827,15173.92671018584,12.996000983226018,12.145750057273407,12.18265863434121,2394.858583963254,617141.0271909253,0.3316354980620937,0.3,0.27244430572235284,10933229.70181392,96543.81605829715,946043.6225471296,904446.7256780504,1947034.1642834772,26.013698630136986,654.2938390371203,8.80726381791819,287.4212659306433,607.6851081346869,159.96639381804655,196.29342382899952,183.16107827937776,932.9028825511099,29.95865456382852,0.045693998005201686,0.4836127855494853,0.2405284200102752,4.728290996556154,1315.9942448775362,15103.499478197864,47588.08607391847,47588.08607391847,394.1936264523633,1085.0,9495.0,9,2.9965753424657535,0.8153778325393852,0.18462216746061474,5.416467663414952,0.4544592270737244,0.3561912555690886,0.00028326240293236504,0.024662038578185105,0.03557744207448416,0.3939364840181228,0.5990544117210752,M3;M5;M12;Y5;Y14-Y16,3.0,192.0,5,aP,True,Sweden,SWE,1,baseline_contact_reduction,Sweden,SWE,2025,False,exact_year,2025,low_imported_model_anchor,https://www.folkhalsomyndigheten.se/contentassets/975cc036216b48a39b7bf34319d4ecee/pertussis-surveillance-sweden-23rd-annual-report.pdf,"No public Swedish MRBP prevalence estimate was located in the accessible national surveillance material, so keep a conservative low anchor pending numeric reporting.",Sweden,SWE,2,relative_detection_prior_mean,Sweden,/home/ctm/pertussis_transmission_analysis/outputs/calibrations/Sweden_calibrated_config.yaml,current,706629619ee12ac3aea55eb14e571e3b693e1448b799f3d64aa6934ed14c167b,17ae9068008b4c1e2081de14baa9658e40c120bf419be1476856f514e3c6595f,True,accepted,1800.7077619841807,1800.7073488732442,True,3.202340290308184e-05,1.4235413699758381e-16,Sweden,5.954795201043958,1.4790204399261548,0.47902043992615484,0.25,calibrated_country_scenario_analysis,0.6588545750672052,0.6465685935929146,0.5993144813665183,0.6256385932041628,0.619587888842225,0.639953588027865,0.5990544117210752,0.6204656113610736,0.8652986559170104,0.6617369316476517,0.6651647402505924,0.6651154114622148
macrolide_resistance,country_timeline_fitness_advantage,symptom_protective,country_timeline_fitness_advantage,,2025-01-01,2050-12-31,2025,2050,1200148.0458986969,6524706.873652222,96732.88983932754,33438.18756700009,71346.68795167908,171234.7709358698,159143.76443682043,363816.72293969034,1800138.835796515,63935.133945644055,60.92349610166203,57.807095927082464,57.970620618749464,11083.078947799439,6480719.266224973,0.9932583013644831,0.3,0.9991836644571227,10933229.701808836,96543.81604565869,946043.6224045857,904446.7257862892,1947034.1642365337,26.013698630136986,2294.089876217609,34.01132764657941,1331.4233339945968,2840.8431214090165,695.7908130428311,676.4014520979499,718.3018433877484,3554.105577276773,126.23038380237305,0.21420728675949327,2.30173110410262,1.144543420553053,21.881885951504138,24494.62344397419,58251.619437386486,36476.63014981049,36476.63014981049,7337.132728007717,714.0,9495.0,7,3.8324200913242006,0.8160610017983981,0.18393899820160212,5.4365850079490645,0.5141851461815595,0.403287064457439,0.00039130784931720855,0.026412129475957894,0.03749762942882266,0.4498840794274617,-0.40579837392016693,M3;M5;M12;Y5;Y14-Y16,3.0,192.0,5,aP,True,Sweden,SWE,1,baseline_contact_reduction,Sweden,SWE,2025,False,exact_year,2025,low_imported_model_anchor,https://www.folkhalsomyndigheten.se/contentassets/975cc036216b48a39b7bf34319d4ecee/pertussis-surveillance-sweden-23rd-annual-report.pdf,"No public Swedish MRBP prevalence estimate was located in the accessible national surveillance material, so keep a conservative low anchor pending numeric reporting.",Sweden,SWE,2,relative_detection_prior_mean,Sweden,/home/ctm/pertussis_transmission_analysis/outputs/calibrations/Sweden_calibrated_config.yaml,current,706629619ee12ac3aea55eb14e571e3b693e1448b799f3d64aa6934ed14c167b,17ae9068008b4c1e2081de14baa9658e40c120bf419be1476856f514e3c6595f,True,accepted,1800.7077619841807,1800.7073488732442,True,3.202340290308184e-05,1.4235413699758381e-16,Sweden,5.954795201043958,5.711586460709304,4.711586460709304,0.25,calibrated_country_scenario_analysis,-0.580290092700269,-0.5372874246419477,-0.38070986477287083,-0.46813117237732116,-0.4492664040222967,-0.5170506630056779,-0.40579837392016693,-0.46566160751023733,-0.4145252986315582,-0.5857315456269634,-0.593631837377754,-0.593532907379192
macrolide_resistance,high_fitness_advantage,symptom_protective,high_fitness_advantage,,2025-01-01,2050-12-31,2025,2050,1243682.7557319284,6766849.5483655,102296.85094850406,36766.64644600604,78493.51924915714,184189.90280819128,163246.5416294854,384203.0908836827,1888097.7224735136,68641.16090141401,66.98574076014972,63.70287393359723,63.88114387347507,12174.03873346127,6709349.91367233,0.9915027466944261,0.7,0.999916421007494,10933229.70239389,96543.81605828696,946043.6228408298,904446.7260010216,1947034.1649001385,26.013698630136986,2379.227349607022,35.96761887725772,1463.95407605313,3125.4117129586934,748.4323509159942,693.8392978995606,758.5516852910254,3727.767275589238,135.5217319109584,0.23552216627711217,2.5364859448996326,1.2612378841640643,24.035823285089208,23584.243178318266,61930.27714652805,38520.57529066023,38520.57529066023,7064.436932210129,350.0,9495.0,7,4.1744292237442915,0.8162094861363759,0.1837905138636242,5.440977224439439,0.5266873130143948,0.4134562882167487,0.0004163228892286676,0.026666973527774546,0.0377703387655971,0.4618336778317945,-0.4579698790866611,M3;M5;M12;Y5;Y14-Y16,3.0,192.0,5,aP,True,Sweden,SWE,1,baseline_contact_reduction,Sweden,SWE,2025,False,exact_year,2025,low_imported_model_anchor,https://www.folkhalsomyndigheten.se/contentassets/975cc036216b48a39b7bf34319d4ecee/pertussis-surveillance-sweden-23rd-annual-report.pdf,"No public Swedish MRBP prevalence estimate was located in the accessible national surveillance material, so keep a conservative low anchor pending numeric reporting.",Sweden,SWE,2,relative_detection_prior_mean,Sweden,/home/ctm/pertussis_transmission_analysis/outputs/calibrations/Sweden_calibrated_config.yaml,current,706629619ee12ac3aea55eb14e571e3b693e1448b799f3d64aa6934ed14c167b,17ae9068008b4c1e2081de14baa9658e40c120bf419be1476856f514e3c6595f,True,accepted,1800.7077619841807,1800.7073488732442,True,3.202340290308184e-05,1.4235413699758381e-16,Sweden,5.954795201043958,6.04011014030375,5.04011014030375,0.25,calibrated_country_scenario_analysis,-0.7375931935311386,-0.6535941840871813,-0.41630500708287044,-0.5503974905066569,-0.5200808639190933,-0.6287151090275325,-0.4579698790866611,-0.5499647250635873,-0.4644277587708605,-0.7435211211994368,-0.7561672387261482,-0.7560050908008222
macrolide_resistance,country_timeline,symptom_protective,country_timeline,,2025-01-01,2050-12-31,2025,2050,3927768.9257652564,21212386.82362278,328419.62016053504,83196.4200650237,175667.18701373227,443555.63732768735,532146.7522983886,1058898.8096910997,5428544.660045168,198120.6080891886,150.5922226623311,140.8888047507329,141.3135894321545,27649.088931103797,0.0,0.0,0.0,0.0,363902665.57500935,3651564.1679638466,35229964.78285961,32177239.87235772,71058768.82318117,26.013698630136986,224.07953613833433,3.469299176759597,87.58376241443254,184.93095206978282,48.398710366999126,63.574144295240785,57.284176863378654,293.6727377259898,10.71790415684004,0.015907986065310117,0.14831854053933263,0.0764476508628042,1.495756993912076,301.0302739493995,172428.16419073747,519545.8705608278,519545.8705608278,3001.252578327719,1498.0,9495.0,8,3.2876712328767126,0.8148360692069236,0.1851639307930765,5.400619849216288,0.4469764434620466,0.3468270403091559,0.00027166543102787846,0.025874271720969472,0.03743333624354733,0.38339717006650204,0.7672042911258907,M2;M4;M6;M15;Y4;Y11-Y12,2.0,144.0,6,aP,True,United_States,USA,1,baseline_contact_reduction,United_States,USA,2025,False,nearest_past_year,2015,measured_multistate_surveillance_fraction,https://www.walshmedicalmedia.com/conference-abstracts-files/2155-9597.C1.016-015.pdf,"CDC surveillance abstract: 1208 B. pertussis isolates collected from 2011-2015 across 7 enhanced-surveillance states, 2 outbreak states, and 6 sporadic-state settings were susceptible to erythromycin and azithromycin; 54 DNA NPS extracts had no A2047G mutation.",United_States,USA,3,relative_detection_prior_mean,United_States,/home/ctm/pertussis_transmission_analysis/outputs/calibrations/United_States_calibrated_config.yaml,current,706629619ee12ac3aea55eb14e571e3b693e1448b799f3d64aa6934ed14c167b,17ae9068008b4c1e2081de14baa9658e40c120bf419be1476856f514e3c6595f,True,accepted,2622.624894892156,2622.624894892156,True,2.8951093600231316e-05,1.3156166320465292e-16,United_States,1.438792831407114,2.4112569238801975,1.4112569238801975,0.25,calibrated_country_scenario_analysis,0.7935921429989656,0.7928233005884157,0.775502167409726,0.7845317850610628,0.7814018538672737,0.7889395667787263,0.7672042911258907,0.778244968924063,1.0,0.7938032768775303,0.7954164698069311,0.7954003778609207
macrolide_resistance,low,symptom_protective,low,,2025-01-01,2050-12-31,2025,2050,16866146.959627427,91120179.68979819,1481001.8900904767,403068.0870089494,853530.5428782697,2140953.2953631263,2370387.0374089438,4914408.41978102,24833443.26602439,938691.37415008,730.3327636923088,688.6615194183707,690.6835308625089,133938.86331191054,90143893.77522334,0.9892857332163036,0.05,0.9990304580886741,363902665.558557,3651564.166073372,35229964.75802268,32177239.904248424,71058768.82834448,26.013698630136986,962.5587053653229,15.644737168233329,424.32378172182257,898.5412624868667,233.61078025946063,283.1837773162849,265.85905895888317,1343.4365428073731,50.78120987662667,0.07714955807799549,0.7249779123282745,0.3736451224004851,7.245808064058646,4983.762886113052,773403.5198213091,468667.1004621513,468667.1004621513,49687.79722653005,3318.0,8774.0,7,3.2954337899543376,0.8149021762572779,0.18509782374272205,5.402548661998083,0.4764915023962532,0.37067541642454016,0.000310739444365467,0.027704429074854483,0.039168213817142236,0.40930812005989103,0.0,M2;M4;M6;M15;Y4;Y11-Y12,2.0,144.0,6,aP,True,United_States,USA,1,baseline_contact_reduction,United_States,USA,2025,False,nearest_past_year,2015,measured_multistate_surveillance_fraction,https://www.walshmedicalmedia.com/conference-abstracts-files/2155-9597.C1.016-015.pdf,"CDC surveillance abstract: 1208 B. pertussis isolates collected from 2011-2015 across 7 enhanced-surveillance states, 2 outbreak states, and 6 sporadic-state settings were susceptible to erythromycin and azithromycin; 54 DNA NPS extracts had no A2047G mutation.",United_States,USA,3,relative_detection_prior_mean,United_States,/home/ctm/pertussis_transmission_analysis/outputs/calibrations/United_States_calibrated_config.yaml,current,706629619ee12ac3aea55eb14e571e3b693e1448b799f3d64aa6934ed14c167b,17ae9068008b4c1e2081de14baa9658e40c120bf419be1476856f514e3c6595f,True,accepted,2622.624894892156,2622.624894892156,True,2.8951093600231316e-05,1.3156166320465292e-16,United_States,1.438792831407114,10.873516205201726,9.873516205201726,0.25,calibrated_country_scenario_analysis,0.0,0.0,0.0,0.0,0.0,0.0,0.0,0.0,0.0,0.0,0.0,0.0
macrolide_resistance,moderate,symptom_protective,moderate,,2025-01-01,2050-12-31,2025,2050,17433226.458740197,94233576.71190305,1535545.0884434115,418715.65599995875,886463.3574250343,2226047.7394162407,2472472.436383583,5117235.831799783,25861760.94531478,976444.3109831288,757.3406487108296,714.6921297188572,716.7941460496593,139117.43376708278,93800983.81549051,0.9954093550143481,0.30000000000000004,0.998663909837797,363902665.4366883,3651564.1742838696,35229964.783536375,32177239.873687338,71058768.8315076,26.013698630136986,995.4474403026801,16.220910646674714,440.7965203571184,933.2107786700055,242.89588663587705,295.3796462183844,276.8315911995424,1399.0663453936725,52.823563582397846,0.08000256771545625,0.7523812386578677,0.387770410697789,7.525957727805832,4616.606112640765,803335.1947228899,473230.52722613915,473230.52722613915,46027.26766195294,2597.0,9159.0,7,3.311415525114155,0.814999843293244,0.1850001567067562,5.405400826687408,0.4788660810100853,0.3725043980220156,0.0003116416225529052,0.027587447526331455,0.03921325776405429,0.4117537340971467,-0.03416802987772671,M2;M4;M6;M15;Y4;Y11-Y12,2.0,144.0,6,aP,True,United_States,USA,1,baseline_contact_reduction,United_States,USA,2025,False,nearest_past_year,2015,measured_multistate_surveillance_fraction,https://www.walshmedicalmedia.com/conference-abstracts-files/2155-9597.C1.016-015.pdf,"CDC surveillance abstract: 1208 B. pertussis isolates collected from 2011-2015 across 7 enhanced-surveillance states, 2 outbreak states, and 6 sporadic-state settings were susceptible to erythromycin and azithromycin; 54 DNA NPS extracts had no A2047G mutation.",United_States,USA,3,relative_detection_prior_mean,United_States,/home/ctm/pertussis_transmission_analysis/outputs/calibrations/United_States_calibrated_config.yaml,current,706629619ee12ac3aea55eb14e571e3b693e1448b799f3d64aa6934ed14c167b,17ae9068008b4c1e2081de14baa9658e40c120bf419be1476856f514e3c6595f,True,accepted,2622.624894892156,2622.624894892156,True,2.8951093600231316e-05,1.3156166320465292e-16,United_States,1.438792831407114,11.273972383370127,10.273972383370127,0.25,calibrated_country_scenario_analysis,-0.03882115576831047,-0.039746053422749394,-0.04306697487100175,-0.04127198936139709,-0.04140858230067801,-0.04021868941453888,-0.03416802987772671,-0.03682858119080645,-0.0405694705110724,-0.03698024566497371,-0.03779884539283018,-0.03780402169796071
macrolide_resistance,high,symptom_protective,high,,2025-01-01,2050-12-31,2025,2050,17540737.381439425,94843687.90068915,1547692.5116853812,422549.7706305918,894428.7320596977,2246723.5208470747,2500405.479070062,5169678.770547728,26130065.727573633,985910.3467974174,763.4802156528349,720.8378879759266,722.9594416692559,140377.08389818316,94699412.48337078,0.9984788084424823,0.7,0.9993096870740698,363902665.6505572,3651564.1586657595,35229964.72602244,32177239.870458566,71058768.75514676,26.013698630136986,1001.8924208168677,16.349231367260423,444.8328279569467,941.5962093513829,245.1519313129569,298.716731889889,279.6686431150454,1413.5810658431321,53.33565607456576,0.08065112802310642,0.75885109516997,0.3911057051179791,7.594102132982679,4307.338043523999,810026.8855763815,469142.08518212487,469142.08518212487,42943.88481908052,2233.0,9488.0,8,3.254794520547946,0.8150563546220773,0.18494364537792263,5.407052499460322,0.4801186484400148,0.3734529633121118,0.000312195259754695,0.027504438344743802,0.03923014093537251,0.41307187390014366,-0.04086370575175513,M2;M4;M6;M15;Y4;Y11-Y12,2.0,144.0,6,aP,True,United_States,USA,1,baseline_contact_reduction,United_States,USA,2025,False,nearest_past_year,2015,measured_multistate_surveillance_fraction,https://www.walshmedicalmedia.com/conference-abstracts-files/2155-9597.C1.016-015.pdf,"CDC surveillance abstract: 1208 B. pertussis isolates collected from 2011-2015 across 7 enhanced-surveillance states, 2 outbreak states, and 6 sporadic-state settings were susceptible to erythromycin and azithromycin; 54 DNA NPS extracts had no A2047G mutation.",United_States,USA,3,relative_detection_prior_mean,United_States,/home/ctm/pertussis_transmission_analysis/outputs/calibrations/United_States_calibrated_config.yaml,current,706629619ee12ac3aea55eb14e571e3b693e1448b799f3d64aa6934ed14c167b,17ae9068008b4c1e2081de14baa9658e40c120bf419be1476856f514e3c6595f,True,accepted,2622.624894892156,2622.624894892156,True,2.8951093600231316e-05,1.3156166320465292e-16,United_States,1.438792831407114,11.363158760855907,10.363158760855907,0.25,calibrated_country_scenario_analysis,-0.0483334807431921,-0.04940333155002752,-0.05485114439506922,-0.05194325114274534,-0.05221275389237734,-0.05030297917682569,-0.04086370575175513,-0.045030747118648407,-0.05053607645911962,-0.045386779298992375,-0.046723052835493606,-0.04673039006220647
macrolide_resistance,very_high,symptom_protective,very_high,,2025-01-01,2050-12-31,2025,2050,17567718.56835287,95001358.27745187,1551210.000460114,423743.2355686937,896882.8097652721,2253192.6480324925,2509492.6249971464,5186428.508598332,26216019.292654403,988896.0826817481,765.2949270759747,722.6984446194832,724.8260580227756,140767.09295597172,94979131.27324891,0.9997660348798588,0.9500000000000001,0.9998809155660491,363902665.5930222,3651564.165981688,35229964.709313326,32177239.870642386,71058768.7459374,26.013698630136986,1003.5579904927325,16.386388775069392,446.0892290787377,944.1797003442741,245.85781224164379,299.8023488236162,280.5747684100671,1418.2309713661223,53.49717805230855,0.08084282720544353,0.7608097662822637,0.3921155049764365,7.615200795769599,3943.3445360936903,811950.8569278123,466539.3272974065,466539.3272974065,39314.89282290886,2226.0,9495.0,8,3.2547945205479456,0.8150792905818645,0.18492070941813563,5.407723143322138,0.4806344604553066,0.37384105472293605,0.0003124359326806588,0.02746917314251157,0.03923703612002617,0.4136158152600881,-0.04259406204933347,M2;M4;M6;M15;Y4;Y11-Y12,2.0,144.0,6,aP,True,United_States,USA,1,baseline_contact_reduction,United_States,USA,2025,False,nearest_past_year,2015,measured_multistate_surveillance_fraction,https://www.walshmedicalmedia.com/conference-abstracts-files/2155-9597.C1.016-015.pdf,"CDC surveillance abstract: 1208 B. pertussis isolates collected from 2011-2015 across 7 enhanced-surveillance states, 2 outbreak states, and 6 sporadic-state settings were susceptible to erythromycin and azithromycin; 54 DNA NPS extracts had no A2047G mutation.",United_States,USA,3,relative_detection_prior_mean,United_States,/home/ctm/pertussis_transmission_analysis/outputs/calibrations/United_States_calibrated_config.yaml,current,706629619ee12ac3aea55eb14e571e3b693e1448b799f3d64aa6934ed14c167b,17ae9068008b4c1e2081de14baa9658e40c120bf419be1476856f514e3c6595f,True,accepted,2622.624894892156,2622.624894892156,True,2.8951093600231316e-05,1.3156166320465292e-16,United_States,1.438792831407114,11.388984166013529,10.388984166013529,0.25,calibrated_country_scenario_analysis,-0.05129443194862815,-0.052424942156586996,-0.05868475712736698,-0.0553515429695266,-0.05567395595606239,-0.053483722034971315,-0.04259406204933347,-0.04740582091043,-0.05363910183514364,-0.04787155269730636,-0.04942475256909851,-0.049432953928451706
macrolide_resistance,country_timeline_fitness_cost,symptom_protective,country_timeline_fitness_cost,,2025-01-01,2050-12-31,2025,2050,3877898.4179264135,20941276.269660473,324263.4364999265,82139.06307917762,173433.78300359193,438023.00325341243,525295.2938816567,1045457.3602142468,5359259.294680261,195615.88001794473,148.68175651038717,139.0965244015512,139.51592840874517,27297.813422436564,428929.74056447356,0.020482502357599998,0.30000000000000004,0.00604216712516738,363902665.56536597,3651564.1741095707,35229964.73519267,32177239.82409991,71058768.73340215,26.013698630136986,221.21562800980274,3.4253948432872208,86.47064582755215,182.57976975193765,47.79501535580065,62.75561904059547,56.557023063204596,289.9245469646029,10.582403700746548,0.0157061717330465,0.14643174448892704,0.07547515452070443,1.476753736748681,296.481038080356,170219.6058415038,501297.5985921165,501297.5985921165,2955.896987589817,2226.0,9495.0,8,3.427397260273973,0.814820340079049,0.18517965992095128,5.400161121512351,0.4468943717467164,0.34675064255650717,0.0002716797366005945,0.025929437573294023,0.03745936822700871,0.3832338862098132,0.7701795986251215,M2;M4;M6;M15;Y4;Y11-Y12,2.0,144.0,6,aP,True,United_States,USA,1,baseline_contact_reduction,United_States,USA,2025,False,nearest_past_year,2015,measured_multistate_surveillance_fraction,https://www.walshmedicalmedia.com/conference-abstracts-files/2155-9597.C1.016-015.pdf,"CDC surveillance abstract: 1208 B. pertussis isolates collected from 2011-2015 across 7 enhanced-surveillance states, 2 outbreak states, and 6 sporadic-state settings were susceptible to erythromycin and azithromycin; 54 DNA NPS extracts had no A2047G mutation.",United_States,USA,3,relative_detection_prior_mean,United_States,/home/ctm/pertussis_transmission_analysis/outputs/calibrations/United_States_calibrated_config.yaml,current,706629619ee12ac3aea55eb14e571e3b693e1448b799f3d64aa6934ed14c167b,17ae9068008b4c1e2081de14baa9658e40c120bf419be1476856f514e3c6595f,True,accepted,2622.624894892156,2622.624894892156,True,2.8951093600231316e-05,1.3156166320465292e-16,United_States,1.438792831407114,2.38074222258756,1.38074222258756,0.25,calibrated_country_scenario_analysis,0.7962154144013047,0.795407492446434,0.7783926061054341,0.7872668954403201,0.7841918562291168,0.7916078858239628,0.7701795986251215,0.7810513013726696,0.9952417216230528,0.7964191613714495,0.7980190260680904,0.7980031053664751
macrolide_resistance,country_timeline_fitness_advantage,symptom_protective,country_timeline_fitness_advantage,,2025-01-01,2050-12-31,2025,2050,27309498.788048502,147950979.1060204,2483856.8169577317,719557.2740541516,1528143.82327008,3724259.5037526297,3869473.716442902,8313290.494249684,41647694.40044024,1622493.323810536,1307.7377308652601,1240.4050163869308,1243.9519805193618,238985.5352416518,147724357.46890607,0.9984682653776024,0.3,0.9997367078070121,363902665.55245876,3651564.17494034,35229964.72169278,32177239.928548247,71058768.82518135,26.013698630136986,1562.8975205385136,26.238512810476948,757.5029450146309,1608.730101512236,406.37372676081156,462.2756390106882,449.73136112482814,2253.0518214630692,87.77344319171618,0.13814440900856523,1.3058174613815516,0.6729516041330045,12.928609932218444,11044.128080532904,1296026.699260485,775414.283672903,775414.283672903,110109.25060845709,1491.0,9201.0,6,4.380273972602739,0.8154152209531594,0.1845847790468406,5.417564791440567,0.499742654582199,0.3892902104923405,0.00034663772682758483,0.027669947623677082,0.0395426756091549,0.4321833936225394,-0.6236905986104522,M2;M4;M6;M15;Y4;Y11-Y12,2.0,144.0,6,aP,True,United_States,USA,1,baseline_contact_reduction,United_States,USA,2025,False,nearest_past_year,2015,measured_multistate_surveillance_fraction,https://www.walshmedicalmedia.com/conference-abstracts-files/2155-9597.C1.016-015.pdf,"CDC surveillance abstract: 1208 B. pertussis isolates collected from 2011-2015 across 7 enhanced-surveillance states, 2 outbreak states, and 6 sporadic-state settings were susceptible to erythromycin and azithromycin; 54 DNA NPS extracts had no A2047G mutation.",United_States,USA,3,relative_detection_prior_mean,United_States,/home/ctm/pertussis_transmission_analysis/outputs/calibrations/United_States_calibrated_config.yaml,current,706629619ee12ac3aea55eb14e571e3b693e1448b799f3d64aa6934ed14c167b,17ae9068008b4c1e2081de14baa9658e40c120bf419be1476856f514e3c6595f,True,accepted,2622.624894892156,2622.624894892156,True,2.8951093600231316e-05,1.3156166320465292e-16,United_States,1.438792831407114,18.23647730077731,17.23647730077731,0.25,calibrated_country_scenario_analysis,-0.7852003104333465,-0.7395332779181245,-0.6324227458957932,-0.6916157112192385,-0.6770809409833267,-0.728463016163956,-0.6236905986104522,-0.6771462842670573,-0.6387616651801336,-0.7906053183945798,-0.8011824116941384,-0.8010447982825719
macrolide_resistance,high_fitness_advantage,symptom_protective,high_fitness_advantage,,2025-01-01,2050-12-31,2025,2050,34913478.97148053,189266266.60318884,3233794.5563350786,965423.3393471116,2052277.0293015854,4955796.4297117,4935452.987002213,10856672.756061025,54088482.78566431,2145129.623238901,1755.933035530901,1668.5678165992692,1673.2970479094524,320494.4316653248,189086678.45913166,0.9990511349577487,0.7,0.9998688922059711,363902665.5424228,3651564.1691758214,35229964.7547621,32177239.91900541,71058768.84294333,26.013698630136986,1999.3364058232598,34.16056807940897,1016.3346967162198,2160.503343086214,540.753258544478,589.6253214888487,587.3229400592938,2926.0720523502814,116.04695705925126,0.18549004569763772,1.7565593214068145,0.9052181675293305,17.3380681271087,12364.40548925454,1692423.8516329043,1007330.6887001431,1007330.6887001431,123272.33192841345,784.0,9495.0,6,4.767671232876713,0.8155324791993742,0.18446752080062584,5.421008509572854,0.511512396369473,0.3987230338841416,0.0003650752442414129,0.027979898823752278,0.03986996127594238,0.4432974610255371,-1.0771059412691115,M2;M4;M6;M15;Y4;Y11-Y12,2.0,144.0,6,aP,True,United_States,USA,1,baseline_contact_reduction,United_States,USA,2025,False,nearest_past_year,2015,measured_multistate_surveillance_fraction,https://www.walshmedicalmedia.com/conference-abstracts-files/2155-9597.C1.016-015.pdf,"CDC surveillance abstract: 1208 B. pertussis isolates collected from 2011-2015 across 7 enhanced-surveillance states, 2 outbreak states, and 6 sporadic-state settings were susceptible to erythromycin and azithromycin; 54 DNA NPS extracts had no A2047G mutation.",United_States,USA,3,relative_detection_prior_mean,United_States,/home/ctm/pertussis_transmission_analysis/outputs/calibrations/United_States_calibrated_config.yaml,current,706629619ee12ac3aea55eb14e571e3b693e1448b799f3d64aa6934ed14c167b,17ae9068008b4c1e2081de14baa9658e40c120bf419be1476856f514e3c6595f,True,accepted,2622.624894892156,2622.624894892156,True,2.8951093600231316e-05,1.3156166320465292e-16,United_States,1.438792831407114,23.742520350202565,22.742520350202565,0.25,calibrated_country_scenario_analysis,-1.3951867450267184,-1.3147615786131146,-1.0821295885912066,-1.209151504861044,-1.1780500676547296,-1.2852341912496716,-1.0771059412691115,-1.1835181831790376,-1.0976093947153567,-1.404291745934433,-1.4229142612883425,-1.422668231020189
macrolide_resistance,country_timeline,symptom_protective,country_timeline,,2025-01-01,2050-12-31,2025,2050,14158399.881662562,75230197.158469,1296261.5679389075,352520.17026494746,739777.648453926,1788228.5603529236,1905132.3053286572,4045881.0359465284,20141795.617744904,820485.862959912,600.462897945604,569.4971148695851,571.2240504583351,115080.63271125658,74053493.69946417,0.9843586285368073,0.009999999999999998,0.9951737639156643,217275204.42586872,2131334.652198666,21158113.100638863,20358317.018247325,43647764.77108485,26.013698630136986,1331.0057393337836,22.934029841370247,635.8141964947877,1334.2814704276977,324.89571827240144,359.7337325600631,356.3272170672158,1773.9201710187256,72.26150289490678,0.10623653713668664,1.0271592409159505,0.5030861619836602,10.135335475266409,12228.49837674584,649972.6381922907,426376.28728318145,426376.28728318145,72793.13656517414,2597.0,8732.0,6,3.9890410958904106,0.8117989794465308,0.18820102055346916,5.313467467175043,0.4083676227715708,0.30469064755465175,0.0004207042297126479,0.026093526778085,0.036841781324015874,0.3450116104397573,-0.003657985996714963,M2;M4;M6;M15;Y4,2.0,48.0,5,wP,True,Brazil,BRA,1,baseline_contact_reduction,Brazil,BRA,2025,False,exact_year,2025,low_detected_model_anchor,https://www.paho.org/en/news/26-8-2025-paho-calls-strengthened-vaccination-and-surveillance-amid-spread-antibiotic,"PAHO reported antibiotic-resistant pertussis cases detected in Brazil since 2024, but no public national resistant fraction or denominator was located, so keep a conservative low detected anchor pending numeric reporting.",Brazil,BRA,3,relative_detection_prior_mean,Brazil,/home/ctm/pertussis_transmission_analysis/outputs/calibrations/Brazil_calibrated_config.yaml,current,706629619ee12ac3aea55eb14e571e3b693e1448b799f3d64aa6934ed14c167b,17ae9068008b4c1e2081de14baa9658e40c120bf419be1476856f514e3c6595f,True,accepted,1979.071034236682,1979.071034236682,True,2.8141735141323725e-05,1.480345728618647e-16,Brazil,0.8601273820862417,26.66352719261615,25.66352719261615,0.25,calibrated_country_scenario_analysis,0.006145322273587439,0.00815804341096471,0.003692559587760824,0.005884538241681336,0.006277770333580457,0.0065687745809661635,-0.003657985996714963,0.0014071058089847321,0.0016102163093346666,0.0036067100898001803,0.0052781351182373815,0.005283188984099518
macrolide_resistance,low,symptom_protective,low,,2025-01-01,2050-12-31,2025,2050,14095942.77021798,74956009.12671384,1298088.115266473,354699.91555645614,744155.3864694599,1802936.998655187,1912193.1926357753,4069830.106847418,20269039.995720193,825911.0867124469,602.6364328484397,572.5189472308203,574.2579638067504,115776.44259111345,74172928.15809545,0.9895527926614318,0.05,0.9950278840051424,217275204.39624032,2131334.6509161117,21158113.095729146,20358317.020784043,43647764.76742931,26.013698630136986,1326.1546842508164,22.966345923257375,639.7456400083698,1342.1772690182843,327.56803257760555,361.0669939054084,358.43645009485425,1785.1267871533644,72.73931103834441,0.10662108850687663,1.0326094939675905,0.505758178060743,10.196616565676512,11855.205040584711,650806.9309575174,414574.8735207539,414574.8735207539,70571.01639321595,2226.0,8802.0,7,3.6598173515981736,0.8119437929734404,0.18805620702655948,5.317559126664554,0.4112958044322204,0.30655985267354363,0.0004242206045907165,0.02613830166398775,0.03703746362544257,0.3476958185381994,0.0,M2;M4;M6;M15;Y4,2.0,48.0,5,wP,True,Brazil,BRA,1,baseline_contact_reduction,Brazil,BRA,2025,False,exact_year,2025,low_detected_model_anchor,https://www.paho.org/en/news/26-8-2025-paho-calls-strengthened-vaccination-and-surveillance-amid-spread-antibiotic,"PAHO reported antibiotic-resistant pertussis cases detected in Brazil since 2024, but no public national resistant fraction or denominator was located, so keep a conservative low detected anchor pending numeric reporting.",Brazil,BRA,3,relative_detection_prior_mean,Brazil,/home/ctm/pertussis_transmission_analysis/outputs/calibrations/Brazil_calibrated_config.yaml,current,706629619ee12ac3aea55eb14e571e3b693e1448b799f3d64aa6934ed14c167b,17ae9068008b4c1e2081de14baa9658e40c120bf419be1476856f514e3c6595f,True,accepted,1979.071034236682,1979.071034236682,True,2.8141735141323725e-05,1.480345728618647e-16,Brazil,0.8601273820862417,26.70109846701128,25.70109846701128,0.25,calibrated_country_scenario_analysis,0.0,0.0,0.0,0.0,0.0,0.0,0.0,0.0,0.0,0.0,0.0,0.0
macrolide_resistance,moderate,symptom_protective,moderate,,2025-01-01,2050-12-31,2025,2050,13927491.68839905,74116430.99658917,1290695.8683683341,354484.6361357493,743334.0469464087,1807237.7164183338,1902048.2512589097,4063770.6038129926,20251371.225625508,825741.1992406112,600.4412409386385,571.2768124869906,573.0168632153334,115675.03161803324,73782252.7216509,0.9954911715196642,0.30000000000000004,0.9976498734697969,217275204.3885898,2131334.6530399937,21158113.118913002,20358317.01046216,43647764.78241516,26.013698630136986,1311.3004987149213,22.835559040323638,639.3573560231547,1340.6958791738687,328.3494115213644,359.1513908417638,357.90277984325115,1783.5706696850102,72.72434875187523,0.10623270550197932,1.0303691476466301,0.5046651207363905,10.187685135500637,10533.01505305873,646771.2308330842,397544.6584882032,397544.6584882032,62700.35612277887,1862.0,9145.0,7,3.9730593607305935,0.8120863147196066,0.1879136852803934,5.3215921900944085,0.41466224303998694,0.3087339152410044,0.0004276215559684478,0.026222874074611546,0.037248963881372645,0.3507627835280343,0.011200944926314849,M2;M4;M6;M15;Y4,2.0,48.0,5,wP,True,Brazil,BRA,1,baseline_contact_reduction,Brazil,BRA,2025,False,exact_year,2025,low_detected_model_anchor,https://www.paho.org/en/news/26-8-2025-paho-calls-strengthened-vaccination-and-surveillance-amid-spread-antibiotic,"PAHO reported antibiotic-resistant pertussis cases detected in Brazil since 2024, but no public national resistant fraction or denominator was located, so keep a conservative low detected anchor pending numeric reporting.",Brazil,BRA,3,relative_detection_prior_mean,Brazil,/home/ctm/pertussis_transmission_analysis/outputs/calibrations/Brazil_calibrated_config.yaml,current,706629619ee12ac3aea55eb14e571e3b693e1448b799f3d64aa6934ed14c167b,17ae9068008b4c1e2081de14baa9658e40c120bf419be1476856f514e3c6595f,True,accepted,1979.071034236682,1979.071034236682,True,2.8141735141323725e-05,1.480345728618647e-16,Brazil,0.8601273820862417,26.549043218384604,25.549043218384604,0.25,calibrated_country_scenario_analysis,0.000606933949699795,-0.0023853954776871245,0.005305395613756869,0.001488883534531471,0.0008717122319762405,0.00020569704725958982,0.011200944926314849,0.0056947188801751425,0.005267089302607109,0.0036426471918155068,0.002169595870735397,0.0021612248669391487
macrolide_resistance,high,symptom_protective,high,,2025-01-01,2050-12-31,2025,2050,14026426.279128984,74672465.47051579,1304623.2708299984,359339.6203794988,753325.6817680474,1835668.7583811102,1920050.944477184,4115059.323237793,20513473.988162126,837108.7444086329,607.6243377817364,578.59649354243,580.361921582065,117241.62918516448,74557144.34498931,0.9984556405791636,0.7,0.9993654768986716,217275204.43466446,2131334.653814711,21158113.114806227,20358317.01106439,43647764.77968533,26.013698630136986,1321.1381049298243,23.08196876601385,648.1139268013553,1358.717041152784,333.5149278945561,362.5507222118078,362.41985945685553,1806.6544795062653,73.72550664955507,0.10750357056888238,1.0435711070970835,0.5111340312061114,10.325657890722153,9644.248846684855,653288.2849721508,394257.7851458471,394257.7851458471,57409.75725430764,1498.0,9446.0,9,3.1044520547945207,0.8121606647008692,0.18783933529913083,5.323698566157709,0.4163984152376129,0.30979634213497015,0.00042961678777776665,0.02621849165636786,0.03735149122453164,0.35239881556893554,0.0037828008654878786,M2;M4;M6;M15;Y4,2.0,48.0,5,wP,True,Brazil,BRA,1,baseline_contact_reduction,Brazil,BRA,2025,False,exact_year,2025,low_detected_model_anchor,https://www.paho.org/en/news/26-8-2025-paho-calls-strengthened-vaccination-and-surveillance-amid-spread-antibiotic,"PAHO reported antibiotic-resistant pertussis cases detected in Brazil since 2024, but no public national resistant fraction or denominator was located, so keep a conservative low detected anchor pending numeric reporting.",Brazil,BRA,3,relative_detection_prior_mean,Brazil,/home/ctm/pertussis_transmission_analysis/outputs/calibrations/Brazil_calibrated_config.yaml,current,706629619ee12ac3aea55eb14e571e3b693e1448b799f3d64aa6934ed14c167b,17ae9068008b4c1e2081de14baa9658e40c120bf419be1476856f514e3c6595f,True,accepted,1979.071034236682,1979.071034236682,True,2.8141735141323725e-05,1.480345728618647e-16,Brazil,0.8601273820862417,26.835523722112487,25.835523722112487,0.25,calibrated_country_scenario_analysis,-0.01308064823123467,-0.0181546885722228,-0.004109287634570746,-0.011113293479813269,-0.012059475559451638,-0.013557945735731103,0.0037828008654878786,-0.005034446804240034,-0.005180005649432218,-0.008276806149473348,-0.010615450092972045,-0.010629295821779294
macrolide_resistance,very_high,symptom_protective,very_high,,2025-01-01,2050-12-31,2025,2050,14091294.314344566,75026428.47014934,1312428.6072353944,361869.64244743355,758540.548935225,1850197.3757311315,1930077.1790111403,4142144.1971897054,20650788.772829268,843028.4515955533,611.5002517258304,582.4326139591,584.2111358746063,118058.54206589215,75008337.01959032,0.9997588656300463,0.9500000000000001,0.9999135161852922,217275204.39673772,2131334.651733774,21158113.109777376,20358317.033125706,43647764.79463685,26.013698630136986,1327.4005742470838,23.220064215047863,652.6771385190013,1368.1227073409245,336.15457129015306,364.443910423048,364.805267521666,1818.7480116980514,74.24686470870503,0.10818931433155661,1.0504900308518919,0.5145240956518813,10.397604711778499,9603.618261390679,656984.5940171864,393180.5773830438,393180.5773830438,57167.89371758637,1491.0,9495.0,9,3.1044520547945207,0.8121822589495775,0.18781774105042265,5.324310655677272,0.41705375780706755,0.3102016487712475,0.00043030519833857887,0.026220036060023568,0.03738792635938847,0.3530154901893169,-0.0009394756238483293,M2;M4;M6;M15;Y4,2.0,48.0,5,wP,True,Brazil,BRA,1,baseline_contact_reduction,Brazil,BRA,2025,False,exact_year,2025,low_detected_model_anchor,https://www.paho.org/en/news/26-8-2025-paho-calls-strengthened-vaccination-and-surveillance-amid-spread-antibiotic,"PAHO reported antibiotic-resistant pertussis cases detected in Brazil since 2024, but no public national resistant fraction or denominator was located, so keep a conservative low detected anchor pending numeric reporting.",Brazil,BRA,3,relative_detection_prior_mean,Brazil,/home/ctm/pertussis_transmission_analysis/outputs/calibrations/Brazil_calibrated_config.yaml,current,706629619ee12ac3aea55eb14e571e3b693e1448b799f3d64aa6934ed14c167b,17ae9068008b4c1e2081de14baa9658e40c120bf419be1476856f514e3c6595f,True,accepted,1979.071034236682,1979.071034236682,True,2.8141735141323725e-05,1.480345728618647e-16,Brazil,0.8601273820862417,26.996076044838293,25.996076044838293,0.25,calibrated_country_scenario_analysis,-0.020213500416907282,-0.02621299419291745,-0.00935260435202867,-0.017768331464406817,-0.018834082777954952,-0.020725432989696646,-0.0009394756238483293,-0.011047394857303328,-0.01126298883218202,-0.014708401938951399,-0.01731587535439716,-0.017332231671419063
macrolide_resistance,country_timeline_fitness_cost,symptom_protective,country_timeline_fitness_cost,,2025-01-01,2050-12-31,2025,2050,4722782.635209292,24889258.21189158,412000.1225926251,101099.62125162315,211062.29388611365,527259.0554249564,676159.7523174108,1304518.4289939904,6391456.607998947,250722.16324022843,170.85598659470475,160.76491602801133,161.27734366213065,33082.07311227814,2195223.3916053856,0.0881996310583717,0.30000000000000004,0.014919875471933117,217275204.42679548,2131334.652369076,21158113.105380766,20358317.001633335,43647764.75938317,26.013698630136986,440.35170422144176,7.289287393724908,182.3458056274526,380.67723241469275,95.79547787544472,127.67484495758924,114.89102556674574,562.9058112461022,22.081502128871485,0.030228592685605828,0.28995962365474093,0.1420395373663828,2.9135911178156375,772.1339737209057,206789.6722391515,781622.6756467994,781622.6756467994,4596.316903700924,1491.0,9495.0,9,3.0013698630136987,0.8102481562526904,0.18975184374730955,5.270041019109617,0.37210394754884685,0.277193413908982,0.00035517715593113967,0.024747454670410892,0.03554175167787956,0.31145956404462527,0.6679484606789023,M2;M4;M6;M15;Y4,2.0,48.0,5,wP,True,Brazil,BRA,1,baseline_contact_reduction,Brazil,BRA,2025,False,exact_year,2025,low_detected_model_anchor,https://www.paho.org/en/news/26-8-2025-paho-calls-strengthened-vaccination-and-surveillance-amid-spread-antibiotic,"PAHO reported antibiotic-resistant pertussis cases detected in Brazil since 2024, but no public national resistant fraction or denominator was located, so keep a conservative low detected anchor pending numeric reporting.",Brazil,BRA,3,relative_detection_prior_mean,Brazil,/home/ctm/pertussis_transmission_analysis/outputs/calibrations/Brazil_calibrated_config.yaml,current,706629619ee12ac3aea55eb14e571e3b693e1448b799f3d64aa6934ed14c167b,17ae9068008b4c1e2081de14baa9658e40c120bf419be1476856f514e3c6595f,True,accepted,1979.071034236682,1979.071034236682,True,2.8141735141323725e-05,1.480345728618647e-16,Brazil,0.8601273820862417,8.47466031838763,7.474660318387629,0.25,calibrated_country_scenario_analysis,0.7149713974613802,0.7075554743076216,0.6463956911250222,0.679466121497514,0.684669002116109,0.6964295948148217,0.6679484606789023,0.6826100495434786,0.9704039809925478,0.7164857992618673,0.7191972129383584,0.7191552336635878
macrolide_resistance,country_timeline_fitness_advantage,symptom_protective,country_timeline_fitness_advantage,,2025-01-01,2050-12-31,2025,2050,21039758.044349134,112193971.5896089,2013917.9054070073,587424.1339741703,1235797.543858153,2935164.7949432572,2777786.929636041,6300375.858553469,31386766.90070369,1320376.808360302,1001.0778700540703,955.8352285849481,958.6747533776613,191567.74770421517,112048232.8775061,0.9987010112037402,0.3,0.9998260170967421,217275204.38179576,2131334.6500958945,21158113.09853123,20358316.9839112,43647764.73253833,26.013698630136986,1984.9850960798778,35.63112144370832,1059.492862017543,2228.9153626672364,533.2777339199542,524.511425975475,554.8841842338627,2764.282788588107,116.28769848606002,0.17711510020710955,1.7239683277895235,0.84432019678854,16.871678102515183,16212.9513860428,1004861.0902211899,612566.9765624269,612566.9765624269,96511.57057628954,1148.0,9173.0,6,4.395616438356164,0.8124697989896473,0.1875302010103525,5.332474420719016,0.4344496881106793,0.3241977117908225,0.0004759468542417875,0.026773865683018514,0.03783156821565871,0.3693683073577602,-0.4967975602855792,M2;M4;M6;M15;Y4,2.0,48.0,5,wP,True,Brazil,BRA,1,baseline_contact_reduction,Brazil,BRA,2025,False,exact_year,2025,low_detected_model_anchor,https://www.paho.org/en/news/26-8-2025-paho-calls-strengthened-vaccination-and-surveillance-amid-spread-antibiotic,"PAHO reported antibiotic-resistant pertussis cases detected in Brazil since 2024, but no public national resistant fraction or denominator was located, so keep a conservative low detected anchor pending numeric reporting.",Brazil,BRA,3,relative_detection_prior_mean,Brazil,/home/ctm/pertussis_transmission_analysis/outputs/calibrations/Brazil_calibrated_config.yaml,current,706629619ee12ac3aea55eb14e571e3b693e1448b799f3d64aa6934ed14c167b,17ae9068008b4c1e2081de14baa9658e40c120bf419be1476856f514e3c6595f,True,accepted,1979.071034236682,1979.071034236682,True,2.8141735141323725e-05,1.480345728618647e-16,Brazil,0.8601273820862417,41.42540068575066,40.42540068575066,0.25,calibrated_country_scenario_analysis,-0.6561157987664432,-0.627990771243033,-0.45267065081804203,-0.5480685171484669,-0.5485078181961753,-0.5986912266986077,-0.4967975602855792,-0.5514493058844376,-0.5106351557091229,-0.6611638717598691,-0.66952593133933,-0.669414816683805
macrolide_resistance,high_fitness_advantage,symptom_protective,high_fitness_advantage,,2025-01-01,2050-12-31,2025,2050,24562154.613113403,131017920.98850426,2400253.186010975,725953.4581128422,1528867.4814901317,3572762.244587778,3199894.102438596,7498609.805139217,37205118.903617024,1597894.7413364372,1237.6154369721123,1184.563136802314,1188.0386091838825,236508.3489710049,130911622.29559371,0.9991886705871338,0.7,0.9997470420170619,217275204.40912881,2131334.6519620214,21158113.111516453,20358317.0000049,43647764.76348337,26.013698630136986,2318.026688636472,42.466335159953765,1309.3478150965652,2757.5036306943653,649.1201297254797,604.2151755439692,660.4145649523352,3276.7143581590817,140.7291468501388,0.21896436697553473,2.13650770263974,1.0463246143212068,20.829668758898897,21282.339517328277,1203614.399588274,719889.1161995925,719889.1161995925,126688.3470940269,770.0,9495.0,7,3.8292237442922374,0.8125282829417776,0.18747171705822235,5.334137947269315,0.44537333263996437,0.33309782497710866,0.0005060929804577267,0.027051269853057412,0.03821342527470642,0.3796025445317428,-0.7479308532424296,M2;M4;M6;M15;Y4,2.0,48.0,5,wP,True,Brazil,BRA,1,baseline_contact_reduction,Brazil,BRA,2025,False,exact_year,2025,low_detected_model_anchor,https://www.paho.org/en/news/26-8-2025-paho-calls-strengthened-vaccination-and-surveillance-amid-spread-antibiotic,"PAHO reported antibiotic-resistant pertussis cases detected in Brazil since 2024, but no public national resistant fraction or denominator was located, so keep a conservative low detected anchor pending numeric reporting.",Brazil,BRA,3,relative_detection_prior_mean,Brazil,/home/ctm/pertussis_transmission_analysis/outputs/calibrations/Brazil_calibrated_config.yaml,current,706629619ee12ac3aea55eb14e571e3b693e1448b799f3d64aa6934ed14c167b,17ae9068008b4c1e2081de14baa9658e40c120bf419be1476856f514e3c6595f,True,accepted,1979.071034236682,1979.071034236682,True,2.8141735141323725e-05,1.480345728618647e-16,Brazil,0.8601273820862417,49.37214654991163,48.37214654991163,0.25,calibrated_country_scenario_analysis,-1.0466693852293716,-0.981634548102738,-0.6734156960510085,-0.8424871820872661,-0.8355639394600278,-0.9347055234442783,-0.7479308532424296,-0.8490679929830867,-0.7649515200015147,-1.0536684632928042,-1.0690374397770595,-1.0688239154898023
macrolide_resistance,country_timeline,symptom_protective,country_timeline,,2025-01-01,2050-12-31,2025,2050,3819327.576825572,19974570.009901483,286790.3551189549,75271.78585719959,147237.44798926776,355528.4913248447,399959.18661907094,830759.4638011152,4115759.5010558045,157070.62277084208,154.53337259882704,143.20432829388648,143.54758259509993,26195.457097792474,19577035.853080645,0.9800979867589752,0.010000000000000002,0.9978222315080365,69253630.63825972,499309.28907828813,4998030.967149142,5016990.291729027,10514330.54795646,26.013698630136986,1108.747843491979,15.91915058070421,579.5093797303277,1133.5652686547194,273.44712568241516,306.457540116363,303.73271103385906,1504.756606081006,57.42635282140546,0.08577833892372086,1.1025147141018805,0.5248221455639585,9.57728144880746,9314.50016302058,155150.46551305262,112489.03043436857,112489.03043436857,17672.957640269513,3031.0,8697.0,8,2.9561643835616436,0.8087904983720643,0.19120950162793565,5.22986562637377,0.3264583655810548,0.24699758898030602,1.4552577187769998e-05,0.018534363751191642,0.026273313600312955,0.28163613565236234,0.013221887260873366,M2;M4;M6;Y1.5;Y4,2.0,48.0,5,wP,True,Thailand,THA,1,baseline_contact_reduction,Thailand,THA,2025,False,exact_year,2025,low_imported_model_anchor,https://www.cdc.gov/pertussis/hcp/antibiotic-resistance/index.html,"No public Thailand-specific MRBP prevalence estimate was located in accessible surveillance material; CDC notes increasing MRBP globally, so keep a conservative low imported anchor pending numeric reporting.",Thailand,THA,3,relative_detection_prior_mean,Thailand,/home/ctm/pertussis_transmission_analysis/outputs/calibrations/Thailand_calibrated_config.yaml,current,706629619ee12ac3aea55eb14e571e3b693e1448b799f3d64aa6934ed14c167b,17ae9068008b4c1e2081de14baa9658e40c120bf419be1476856f514e3c6595f,True,accepted,909.1419589141069,909.1419589141069,True,4.086723819167002e-05,1.6177673822097892e-16,Thailand,0.1976821449825874,80.52902593760518,79.52902593760518,0.25,calibrated_country_scenario_analysis,0.01820199040166537,0.020273011520619444,0.024718968968468702,0.022232045828814773,0.02351702486389784,0.020520422816671213,0.013221887260873366,0.015491717856602416,0.02010741652302217,0.015435571727374642,0.017273418662238083,0.01727599299125815
macrolide_resistance,low,symptom_protective,low,,2025-01-01,2050-12-31,2025,2050,3865400.1222964367,20242210.231493182,291303.1411930598,76667.28300660763,149925.5371470331,362885.2685549217,410096.3454564924,849648.8970180218,4214880.961423982,160361.30454350784,156.9560794207739,145.72143566010587,146.0711059985563,26676.72982401593,19978757.04254741,0.9869849593531101,0.05000000000000001,0.9956736407797688,69253630.62214562,499309.2886289748,4998030.964638632,5016990.290322369,10514330.543589978,26.013698630136986,1123.604009286618,16.169646180883657,590.2531626529728,1154.2605788685,279.10543348834426,314.224854633084,310.6388482709661,1540.9962539246335,58.62945403149075,0.0871231343327874,1.1218936538718365,0.5340483615327437,9.753238846365818,9582.796391288684,157738.52577308923,110612.27431222377,110612.27431222377,18182.012098891413,2660.0,8725.0,7,3.3242009132420094,0.8090425858593949,0.19095741414060505,5.236769698104959,0.32913968714213826,0.24888544903769497,1.460466825758291e-05,0.018526935996663184,0.026369612814397633,0.28422853366281986,0.0,M2;M4;M6;Y1.5;Y4,2.0,48.0,5,wP,True,Thailand,THA,1,baseline_contact_reduction,Thailand,THA,2025,False,exact_year,2025,low_imported_model_anchor,https://www.cdc.gov/pertussis/hcp/antibiotic-resistance/index.html,"No public Thailand-specific MRBP prevalence estimate was located in accessible surveillance material; CDC notes increasing MRBP globally, so keep a conservative low imported anchor pending numeric reporting.",Thailand,THA,3,relative_detection_prior_mean,Thailand,/home/ctm/pertussis_transmission_analysis/outputs/calibrations/Thailand_calibrated_config.yaml,current,706629619ee12ac3aea55eb14e571e3b693e1448b799f3d64aa6934ed14c167b,17ae9068008b4c1e2081de14baa9658e40c120bf419be1476856f514e3c6595f,True,accepted,909.1419589141069,909.1419589141069,True,4.086723819167002e-05,1.6177673822097892e-16,Thailand,0.1976821449825874,81.79618944496956,80.79618944496956,0.25,calibrated_country_scenario_analysis,0.0,0.0,0.0,0.0,0.0,0.0,0.0,0.0,0.0,0.0,0.0,0.0
macrolide_resistance,moderate,symptom_protective,moderate,,2025-01-01,2050-12-31,2025,2050,3842351.662031095,20148812.49862065,290837.9715281587,76729.09602472458,149996.5422879767,364745.242486902,413733.7180153792,855208.0565270057,4248095.942136589,161089.44241107776,156.5651277622709,145.64333986334952,145.99384576638383,26694.39569106774,20035731.83287138,0.99438772554179,0.3,0.9957842166673719,69253630.64132981,499309.2890558577,4998030.967314316,5016990.290542759,10514330.546912933,26.013698630136986,1118.419690371583,16.14382555235404,590.7290539234815,1154.807238821344,280.53599245848375,317.0118896079491,312.67132407282566,1553.1399322993882,58.89566739743917,0.08690612497726789,1.1212924017768833,0.5337658913976525,9.75969763421717,8547.981738722663,157565.19098982128,106249.92168075364,106249.92168075364,16218.596440063879,2289.0,9082.0,8,3.2383561643835614,0.8093013341459138,0.19069866585408618,5.2438751761648605,0.3321752236412491,0.2509683040393841,1.4653758930886695e-05,0.018538044894365016,0.026490579008086605,0.2871319459798665,0.004614008638603173,M2;M4;M6;Y1.5;Y4,2.0,48.0,5,wP,True,Thailand,THA,1,baseline_contact_reduction,Thailand,THA,2025,False,exact_year,2025,low_imported_model_anchor,https://www.cdc.gov/pertussis/hcp/antibiotic-resistance/index.html,"No public Thailand-specific MRBP prevalence estimate was located in accessible surveillance material; CDC notes increasing MRBP globally, so keep a conservative low imported anchor pending numeric reporting.",Thailand,THA,3,relative_detection_prior_mean,Thailand,/home/ctm/pertussis_transmission_analysis/outputs/calibrations/Thailand_calibrated_config.yaml,current,706629619ee12ac3aea55eb14e571e3b693e1448b799f3d64aa6934ed14c167b,17ae9068008b4c1e2081de14baa9658e40c120bf419be1476856f514e3c6595f,True,accepted,909.1419589141069,909.1419589141069,True,4.086723819167002e-05,1.6177673822097892e-16,Thailand,0.1976821449825874,81.66557254716176,80.66557254716176,0.25,calibrated_country_scenario_analysis,-0.0008062502764265567,-0.005125515123242774,-0.008869556140125967,-0.006542890279143121,-0.007880407778203535,-0.004540608282295189,0.004614008638603173,0.001596857702927501,-0.0028517685160611705,0.002490834760563443,0.0005359252494498978,0.0005289220728789124
macrolide_resistance,high,symptom_protective,high,,2025-01-01,2050-12-31,2025,2050,3849265.0575805847,20202112.577355497,292110.5307809035,77136.07239620763,150769.4334520966,367906.12712515314,418100.70757691195,863142.9070982726,4290892.379710003,162381.4490124071,157.0905403970511,146.30646495663507,146.65935886415218,26835.301902708805,20164577.952523593,0.9981420445664689,0.7,0.9983353202066755,69253630.65118892,499309.2891407121,4998030.964920297,5016990.289367909,10514330.543428918,26.013698630136986,1121.3782694115582,16.214462731543716,593.8623211142507,1160.7576445303255,282.9671193250874,320.35797329307525,315.572372893554,1568.7866736322328,59.36803599650587,0.08719777085532462,1.1263977303236379,0.5361990639464113,9.811214144390286,8071.813232995221,158278.47982665442,104453.49941159974,104453.49941159974,15315.133488307676,1925.0,9404.0,8,3.2794520547945205,0.8094622508986897,0.1905377491013102,5.248303838565309,0.3339087237323175,0.2521313974551352,1.4675783417568465e-05,0.01851716890962914,0.026554488949762797,0.28882239008950805,0.0019808930783310474,M2;M4;M6;Y1.5;Y4,2.0,48.0,5,wP,True,Thailand,THA,1,baseline_contact_reduction,Thailand,THA,2025,False,exact_year,2025,low_imported_model_anchor,https://www.cdc.gov/pertussis/hcp/antibiotic-resistance/index.html,"No public Thailand-specific MRBP prevalence estimate was located in accessible surveillance material; CDC notes increasing MRBP globally, so keep a conservative low imported anchor pending numeric reporting.",Thailand,THA,3,relative_detection_prior_mean,Thailand,/home/ctm/pertussis_transmission_analysis/outputs/calibrations/Thailand_calibrated_config.yaml,current,706629619ee12ac3aea55eb14e571e3b693e1448b799f3d64aa6934ed14c167b,17ae9068008b4c1e2081de14baa9658e40c120bf419be1476856f514e3c6595f,True,accepted,909.1419589141069,909.1419589141069,True,4.086723819167002e-05,1.6177673822097892e-16,Thailand,0.1976821449825874,82.02289960467571,81.02289960467571,0.25,calibrated_country_scenario_analysis,-0.0061145950556198425,-0.013835939359636784,-0.01951824786809464,-0.01588186617744136,-0.01803406050650147,-0.012597455942690905,0.0019808930783310474,-0.002771647379210984,-0.009300924455933668,-0.0008566789943620368,-0.004014709942151473,-0.004027167875361171
macrolide_resistance,very_high,symptom_protective,very_high,,2025-01-01,2050-12-31,2025,2050,3849209.8997869813,20207619.323086213,292408.8181038615,77248.01587245603,150979.1192921196,368952.3498946938,419383.13593448716,865583.5017016369,4304226.406900477,162780.49353558128,157.20227877452356,146.47098150445214,146.82462373434328,26873.752992789094,20201891.82796857,0.9997165675468214,0.9499999999999998,0.9997432043068729,69253630.64634866,499309.2890746053,4998030.966197964,5016990.29057702,10514330.54584959,26.013698630136986,1121.6839377696438,16.231020056607758,594.724161970895,1162.3719934032113,283.77179909189107,321.3405980762953,316.4646749226084,1573.6617067853829,59.51393004742857,0.08725979456705177,1.127664325671698,0.5368032862153542,9.82527218702116,7587.355164587881,158446.95623006744,103548.06986771955,103548.06986771955,14395.942250713288,1925.0,9439.0,8,3.282191780821918,0.8095169035874776,0.19048309641252237,5.249809662030777,0.3345794610792392,0.2525768570348293,1.4685731382094669e-05,0.01851456997855236,0.026580782511600915,0.2894694228577038,0.001708850368185244,M2;M4;M6;Y1.5;Y4,2.0,48.0,5,wP,True,Thailand,THA,1,baseline_contact_reduction,Thailand,THA,2025,False,exact_year,2025,low_imported_model_anchor,https://www.cdc.gov/pertussis/hcp/antibiotic-resistance/index.html,"No public Thailand-specific MRBP prevalence estimate was located in accessible surveillance material; CDC notes increasing MRBP globally, so keep a conservative low imported anchor pending numeric reporting.",Thailand,THA,3,relative_detection_prior_mean,Thailand,/home/ctm/pertussis_transmission_analysis/outputs/calibrations/Thailand_calibrated_config.yaml,current,706629619ee12ac3aea55eb14e571e3b693e1448b799f3d64aa6934ed14c167b,17ae9068008b4c1e2081de14baa9658e40c120bf419be1476856f514e3c6595f,True,accepted,909.1419589141069,909.1419589141069,True,4.086723819167002e-05,1.6177673822097892e-16,Thailand,0.1976821449825874,82.10665691652348,81.10665691652348,0.25,calibrated_country_scenario_analysis,-0.00757471561628642,-0.0167190069851344,-0.02264538706790309,-0.01875434045702895,-0.021197620121235827,-0.015085865003156673,0.001708850368185244,-0.0037956230278646252,-0.011168601977889159,-0.001568587560661694,-0.005143689677163055,-0.005158568018198029
macrolide_resistance,country_timeline_fitness_cost,symptom_protective,country_timeline_fitness_cost,,2025-01-01,2050-12-31,2025,2050,1241272.3423849463,6462180.072077585,89849.45727630268,21390.440083476213,41719.88670264102,103553.88141726053,138822.55686994622,263766.87837068294,1286016.744173867,47369.20299009612,43.68298736454579,40.1707256153861,40.27146681597306,7453.069418047007,229923.45591950542,0.03557985901893712,0.3,0.008071426134322128,69253630.64290868,499309.28894569294,4998030.965435259,5016990.292423351,10514330.546804301,26.013698630136986,358.70250098701507,4.987361026442901,164.6826965384166,321.19691856062104,79.64625037784933,106.36890139907923,96.4354094633873,470.17863678430405,17.318582661028902,0.02424753975202848,0.30927009404341055,0.14723590073473108,2.7249054374383457,719.1096974852087,48702.275298630906,192081.12277715106,192081.12277715106,1364.4097912705324,1554.0,9495.0,9,3.0013698630136987,0.8079174011649168,0.19208259883508297,5.206093660043478,0.3000146745042453,0.2267629759364182,1.2532432268562336e-05,0.01745363956866479,0.025392550395227417,0.25715595210808456,0.6807571901400562,M2;M4;M6;Y1.5;Y4,2.0,48.0,5,wP,True,Thailand,THA,1,baseline_contact_reduction,Thailand,THA,2025,False,exact_year,2025,low_imported_model_anchor,https://www.cdc.gov/pertussis/hcp/antibiotic-resistance/index.html,"No public Thailand-specific MRBP prevalence estimate was located in accessible surveillance material; CDC notes increasing MRBP globally, so keep a conservative low imported anchor pending numeric reporting.",Thailand,THA,3,relative_detection_prior_mean,Thailand,/home/ctm/pertussis_transmission_analysis/outputs/calibrations/Thailand_calibrated_config.yaml,current,706629619ee12ac3aea55eb14e571e3b693e1448b799f3d64aa6934ed14c167b,17ae9068008b4c1e2081de14baa9658e40c120bf419be1476856f514e3c6595f,True,accepted,909.1419589141069,909.1419589141069,True,4.086723819167002e-05,1.6177673822097892e-16,Thailand,0.1976821449825874,25.229193192345253,24.229193192345253,0.25,calibrated_country_scenario_analysis,0.7209965027502976,0.714637406391194,0.6614879444599341,0.6895577934645536,0.6948865802038235,0.704609518331498,0.6807571901400562,0.6915602869632107,0.9884916035852555,0.721686553806949,0.7243320762424823,0.724302307833754
macrolide_resistance,country_timeline_fitness_advantage,symptom_protective,country_timeline_fitness_advantage,,2025-01-01,2050-12-31,2025,2050,5451946.066791329,28710293.43794241,424949.2071498963,119376.18843082548,233890.6621154818,557959.4981197664,575867.7520192007,1253203.4385697925,6255293.749161435,242761.63903152468,244.2650217464443,228.843842751738,229.3807863676253,41551.21517116877,28674276.751460545,0.9987455131185017,0.3,0.9994427584615676,69253630.64723739,499309.2893716973,4998030.967570502,5016990.289685461,10514330.546627661,26.013698630136986,1593.650121901722,23.588068064866388,919.0644287716137,1800.6990388769389,429.1425995892567,441.24255847162516,458.18181375901577,2286.988486767231,88.75571567974194,0.13558655627256655,1.7618441196788739,0.838635623752598,15.191476934299034,17565.758036250063,230066.55476342962,154455.0810530225,154455.0810530225,33328.562166608324,1568.0,9026.0,7,3.5063926940639276,0.8101048295247917,0.1898951704752083,5.266063362735992,0.3522052427363015,0.26665844168995184,1.6249015180136807e-05,0.018909586107137822,0.026931292374064834,0.3063481152399186,-0.41833787464940153,M2;M4;M6;Y1.5;Y4,2.0,48.0,5,wP,True,Thailand,THA,1,baseline_contact_reduction,Thailand,THA,2025,False,exact_year,2025,low_imported_model_anchor,https://www.cdc.gov/pertussis/hcp/antibiotic-resistance/index.html,"No public Thailand-specific MRBP prevalence estimate was located in accessible surveillance material; CDC notes increasing MRBP globally, so keep a conservative low imported anchor pending numeric reporting.",Thailand,THA,3,relative_detection_prior_mean,Thailand,/home/ctm/pertussis_transmission_analysis/outputs/calibrations/Thailand_calibrated_config.yaml,current,706629619ee12ac3aea55eb14e571e3b693e1448b799f3d64aa6934ed14c167b,17ae9068008b4c1e2081de14baa9658e40c120bf419be1476856f514e3c6595f,True,accepted,909.1419589141069,909.1419589141069,True,4.086723819167002e-05,1.6177673822097892e-16,Thailand,0.1976821449825874,119.32320982729176,118.32320982729176,0.25,calibrated_country_scenario_analysis,-0.5570682010543788,-0.5375644768983525,-0.4042255152949057,-0.4749662395468408,-0.4840973698692803,-0.5138417570409619,-0.41833787464940153,-0.45878690291315194,-0.4352382728512527,-0.5562635270189771,-0.5704199022957372,-0.5703364796176211
macrolide_resistance,high_fitness_advantage,symptom_protective,high_fitness_advantage,,2025-01-01,2050-12-31,2025,2050,7143290.249683941,37632644.82059449,565081.2948782629,163519.21742577688,320687.7522837697,761012.9169512864,741770.978937809,1666303.1133148724,8315044.243480214,327797.53357227787,335.0230383235372,314.39138425069183,315.1242168926143,56912.609681924136,37599877.57762357,0.9991292867368974,0.7,0.9998084664072197,69253630.63568875,499309.2889897967,4998030.967566527,5016990.289127966,10514330.545684291,26.013698630136986,2088.9117398071357,31.36651586525334,1258.9168597775622,2468.940497819228,585.316788408962,568.3612659942416,609.2145611016726,3040.050749983542,119.84556048039384,0.1859644893937692,2.4204654378416186,1.152120883365746,20.80773314979244,21265.12509530543,306365.7909853093,205775.8499853431,205775.8499853431,40347.59229512323,833.0,9495.0,6,4.399452054794521,0.8101836773966316,0.1898163226033683,5.268250834726976,0.3611387455484257,0.2738489574115165,1.7059524689248853e-05,0.018999406426586984,0.027134588235596373,0.314987691361553,-0.8591173784987653,M2;M4;M6;Y1.5;Y4,2.0,48.0,5,wP,True,Thailand,THA,1,baseline_contact_reduction,Thailand,THA,2025,False,exact_year,2025,low_imported_model_anchor,https://www.cdc.gov/pertussis/hcp/antibiotic-resistance/index.html,"No public Thailand-specific MRBP prevalence estimate was located in accessible surveillance material; CDC notes increasing MRBP globally, so keep a conservative low imported anchor pending numeric reporting.",Thailand,THA,3,relative_detection_prior_mean,Thailand,/home/ctm/pertussis_transmission_analysis/outputs/calibrations/Thailand_calibrated_config.yaml,current,706629619ee12ac3aea55eb14e571e3b693e1448b799f3d64aa6934ed14c167b,17ae9068008b4c1e2081de14baa9658e40c120bf419be1476856f514e3c6595f,True,accepted,909.1419589141069,909.1419589141069,True,4.086723819167002e-05,1.6177673822097892e-16,Thailand,0.1976821449825874,158.67146660117544,157.67146660117544,0.25,calibrated_country_scenario_analysis,-1.1328422113469685,-1.0971171411332974,-0.8087724681187249,-0.9611666879849179,-0.9727827000530538,-1.044118651350474,-0.8591173784987653,-0.9398393459264414,-0.8819928335656544,-1.1345018272621,-1.157482067250609,-1.1573343662895854
macrolide_resistance,country_timeline,symptom_protective,country_timeline,,2025-01-01,2050-12-31,2025,2050,4700639.904595903,25112612.36292634,411204.25040445896,169127.24381136068,312700.3689157992,804162.2540496779,859315.3543210458,1832604.8521820842,8819159.565860862,300132.8982957081,319.1094292943248,312.5327188992223,313.4587196130069,59436.31413930844,24794282.43341567,0.9873239022324646,0.019999999999999997,0.9970781972593209,72810729.57159938,1075272.018187568,10280876.20821446,9048177.354150744,20404325.580552775,26.013698630136986,1325.8500385513755,21.710014210075215,604.634776270607,1117.9128408786864,300.68478286336347,365.081110262369,345.25858220364154,1661.509585283074,56.54435478268071,0.1684775932577194,1.1173134872324,0.5905490918246384,11.19766627634628,12350.620149403869,251718.56941564853,141565.24331421813,141565.24331421813,24637.1962668436,2086.0,8942.0,7,3.835616438356164,0.8128175660635195,0.18718243393648049,5.342381648586456,0.5061596151891324,0.3784844339362242,1.146410197118084e-74,0.02571540768222404,0.03652778538796002,0.4439164221189484,-0.001329549709513822,W6;W10;W14;M18;Y6;Y12,1.37931034482759,18.0,6,aP,True,South_Africa,ZAF,1,baseline_contact_reduction,South_Africa,ZAF,2025,False,exact_year,2025,global_surveillance_extrapolation,https://www.cdc.gov/pertussis/hcp/antibiotic-resistance/index.html and https://www.mdpi.com/2079-6382/11/11/1570,No South Africa-specific MRBP isolate data published. CDC (2025) notes global MRBP spread primarily from China; PAHO (2025) reports cases in Americas. Systematic review (Antibiotics 2022;11:1570) confirms sporadic cases outside China. No African MRBP reports in accessible literature. Conservative low anchor retained with slightly elevated point estimate reflecting global importation risk.,South_Africa,ZAF,3,relative_detection_prior_mean,South_Africa,/home/ctm/pertussis_transmission_analysis/outputs/calibrations/South_Africa_calibrated_config.yaml,current,706629619ee12ac3aea55eb14e571e3b693e1448b799f3d64aa6934ed14c167b,17ae9068008b4c1e2081de14baa9658e40c120bf419be1476856f514e3c6595f,True,accepted,787.9979192012318,787.9979192012318,True,1.5081848384963774e-05,1.4841774395108882e-16,South_Africa,2.2755885830098617,9.540395118945423,8.540395118945423,0.25,calibrated_country_scenario_analysis,0.004109940760381625,0.005781662319067182,-0.00037121373762283305,0.002751070043376158,0.0025656047285737005,0.003966552636760379,-0.001329549709513822,0.0020053774383147482,0.0010256684047106335,0.0032244255747533312,0.003456878223563775,0.0034651440077405615
macrolide_resistance,low,symptom_protective,low,,2025-01-01,2050-12-31,2025,2050,4694594.305032227,25079268.229137473,412030.5271274573,169825.21538621708,313952.90631900856,808838.6862039068,858996.4830259769,1837660.3846161007,8841844.243260683,301328.1321929883,320.1417023870467,313.61685417295536,314.54867607304413,59676.24680394175,24819739.255783483,0.9896516528718942,0.05000000000000001,0.9982975524070892,72810729.55627936,1075272.018724474,10280876.200562205,9048177.364744904,20404325.584031586,26.013698630136986,1324.0895958927567,21.753638470433057,607.1300444853828,1122.3906976728304,302.43335059432945,364.9456370009695,346.2110329462017,1665.7833265792478,56.7695341182848,0.16902259406819323,1.1211893015555419,0.5926025448813208,11.242869042236698,10183.695661700145,252063.80582358903,139776.79572643913,139776.79572643913,20314.583855000128,1729.0,9320.0,7,4.001826484018265,0.8128097573605446,0.18719024263945536,5.342158789366424,0.5075668292231383,0.37931993716260654,1.6720909118121633e-74,0.02570713482080953,0.03661869202595258,0.4452410023763763,0.0,W6;W10;W14;M18;Y6;Y12,1.37931034482759,18.0,6,aP,True,South_Africa,ZAF,1,baseline_contact_reduction,South_Africa,ZAF,2025,False,exact_year,2025,global_surveillance_extrapolation,https://www.cdc.gov/pertussis/hcp/antibiotic-resistance/index.html and https://www.mdpi.com/2079-6382/11/11/1570,No South Africa-specific MRBP isolate data published. CDC (2025) notes global MRBP spread primarily from China; PAHO (2025) reports cases in Americas. Systematic review (Antibiotics 2022;11:1570) confirms sporadic cases outside China. No African MRBP reports in accessible literature. Conservative low anchor retained with slightly elevated point estimate reflecting global importation risk.,South_Africa,ZAF,3,relative_detection_prior_mean,South_Africa,/home/ctm/pertussis_transmission_analysis/outputs/calibrations/South_Africa_calibrated_config.yaml,current,706629619ee12ac3aea55eb14e571e3b693e1448b799f3d64aa6934ed14c167b,17ae9068008b4c1e2081de14baa9658e40c120bf419be1476856f514e3c6595f,True,accepted,787.9979192012318,787.9979192012318,True,1.5081848384963774e-05,1.4841774395108882e-16,South_Africa,2.2755885830098617,9.559565658243937,8.559565658243937,0.25,calibrated_country_scenario_analysis,0.0,0.0,0.0,0.0,0.0,0.0,0.0,0.0,0.0,0.0,0.0,0.0
macrolide_resistance,moderate,symptom_protective,moderate,,2025-01-01,2050-12-31,2025,2050,4848731.416395668,25896753.366697364,427446.81286218937,176416.08546464506,326028.3625654866,843189.8269186481,892212.3357910948,1911818.248174388,9196279.733327398,313592.01652529044,331.8446504071047,325.1209869618264,326.0973285915276,61986.22417813256,25755927.689749517,0.9945620335123188,0.3,0.9996162725393609,72810729.56494188,1075272.0189328366,10280876.214996044,9048177.363740794,20404325.597669676,26.013698630136986,1367.2496893799696,22.567559486582038,630.6925950410124,1165.5608019066217,315.27760545290323,379.05743003105084,360.18220537617054,1732.558164861656,59.08002196772462,0.17520130371824336,1.1623169079462605,0.6143599429053074,11.678063512962648,9843.046768889704,260917.61129846814,141063.97324634544,141063.97324634544,19635.0525036905,1358.0,9495.0,8,3.5726027397260274,0.8127668226307078,0.1872331773692924,5.340933770661989,0.509943048587365,0.38088917260672356,3.4966325608180706e-74,0.02571643171118469,0.03671564859415433,0.447510968282026,-0.03259605224884998,W6;W10;W14;M18;Y6;Y12,1.37931034482759,18.0,6,aP,True,South_Africa,ZAF,1,baseline_contact_reduction,South_Africa,ZAF,2025,False,exact_year,2025,global_surveillance_extrapolation,https://www.cdc.gov/pertussis/hcp/antibiotic-resistance/index.html and https://www.mdpi.com/2079-6382/11/11/1570,No South Africa-specific MRBP isolate data published. CDC (2025) notes global MRBP spread primarily from China; PAHO (2025) reports cases in Americas. Systematic review (Antibiotics 2022;11:1570) confirms sporadic cases outside China. No African MRBP reports in accessible literature. Conservative low anchor retained with slightly elevated point estimate reflecting global importation risk.,South_Africa,ZAF,3,relative_detection_prior_mean,South_Africa,/home/ctm/pertussis_transmission_analysis/outputs/calibrations/South_Africa_calibrated_config.yaml,current,706629619ee12ac3aea55eb14e571e3b693e1448b799f3d64aa6934ed14c167b,17ae9068008b4c1e2081de14baa9658e40c120bf419be1476856f514e3c6595f,True,accepted,787.9979192012318,787.9979192012318,True,1.5081848384963774e-05,1.4841774395108882e-16,South_Africa,2.2755885830098617,9.917240600993223,8.917240600993223,0.25,calibrated_country_scenario_analysis,-0.038809726008231404,-0.0424697053944838,-0.03866820577438079,-0.04035449867619545,-0.04008614948593636,-0.04069943368064832,-0.03259605224884998,-0.037415396966359316,-0.03771951124538431,-0.0365555250465599,-0.036682125452756065,-0.03671499324893568
macrolide_resistance,high,symptom_protective,high,,2025-01-01,2050-12-31,2025,2050,5102300.615722771,27258400.88217181,450108.2760549069,186018.47245350038,343713.71735361835,887652.0972640426,939762.3274537456,2013432.8971712885,9692477.288694203,330385.18810305855,349.5005406041921,342.37294391287526,343.4057723029385,65341.42616380204,27192659.029779542,0.9975881984905701,0.7,0.9998874288563383,72810729.57340266,1075272.0177055127,10280876.20749247,9048177.380070126,20404325.60526811,26.013698630136986,1439.1394784931028,23.763998206173472,665.0214063086981,1228.7864568892844,331.90251942153867,399.25909758452644,379.3261737628715,1826.040653934504,62.24381723728145,0.18452293951959067,1.2239931531525965,0.6469686565604759,12.310175923789735,8089.246152039081,274732.23101253435,146340.96604903496,146340.96604903496,16136.545589830288,994.0,9495.0,8,3.287671232876712,0.8128173168419465,0.18718268315805345,5.342374535552625,0.5111215779199318,0.3818231288938024,7.253856281719312e-74,0.02569630502738566,0.03669105685839358,0.44873421603415264,-0.08688980209169683,W6;W10;W14;M18;Y6;Y12,1.37931034482759,18.0,6,aP,True,South_Africa,ZAF,1,baseline_contact_reduction,South_Africa,ZAF,2025,False,exact_year,2025,global_surveillance_extrapolation,https://www.cdc.gov/pertussis/hcp/antibiotic-resistance/index.html and https://www.mdpi.com/2079-6382/11/11/1570,No South Africa-specific MRBP isolate data published. CDC (2025) notes global MRBP spread primarily from China; PAHO (2025) reports cases in Americas. Systematic review (Antibiotics 2022;11:1570) confirms sporadic cases outside China. No African MRBP reports in accessible literature. Conservative low anchor retained with slightly elevated point estimate reflecting global importation risk.,South_Africa,ZAF,3,relative_detection_prior_mean,South_Africa,/home/ctm/pertussis_transmission_analysis/outputs/calibrations/South_Africa_calibrated_config.yaml,current,706629619ee12ac3aea55eb14e571e3b693e1448b799f3d64aa6934ed14c167b,17ae9068008b4c1e2081de14baa9658e40c120bf419be1476856f514e3c6595f,True,accepted,787.9979192012318,787.9979192012318,True,1.5081848384963774e-05,1.4841774395108882e-16,South_Africa,2.2755885830098617,10.44301170413742,9.44301170413742,0.25,calibrated_country_scenario_analysis,-0.09535248950196551,-0.09744020953056531,-0.09402348673565664,-0.09565016149156835,-0.09620538679833435,-0.09642994730893695,-0.08688980209169683,-0.09241487322047526,-0.09560615240722647,-0.09170576028752109,-0.09169178683254486,-0.09174127384720965
macrolide_resistance,very_high,symptom_protective,very_high,,2025-01-01,2050-12-31,2025,2050,5212221.330971569,27854139.834005244,459891.3605771923,190382.2489353571,351768.1940451935,906116.4877078093,959462.1696802245,2055960.906323391,9903604.903289413,337566.01718052087,357.60883536902423,350.30569908272264,351.3621378895337,66860.41871333103,27841313.38178069,0.9995395136126626,0.9499999999999998,0.9999811310121762,72810729.56743255,1075272.0187428764,10280876.235955002,9048177.3218307,20404325.57652858,26.013698630136986,1470.5922204001745,24.280507713557387,680.6220324850145,1257.5814422484118,338.80654960876547,407.62860066612313,387.33835440745406,1865.8166184694594,63.59666917616707,0.18880380955006976,1.252352980564497,0.6619582691121939,12.59635067951114,7752.958793900293,280948.39220890903,147748.476974111,147748.476974111,15465.714687400612,980.0,9495.0,8,3.287671232876712,0.8128744465981205,0.18712555340187956,5.34400557176899,0.5117141481728744,0.3822919914853928,1.1221537095349813e-73,0.0256709034968477,0.0366734478021478,0.44936979687387885,-0.11064404190405708,W6;W10;W14;M18;Y6;Y12,1.37931034482759,18.0,6,aP,True,South_Africa,ZAF,1,baseline_contact_reduction,South_Africa,ZAF,2025,False,exact_year,2025,global_surveillance_extrapolation,https://www.cdc.gov/pertussis/hcp/antibiotic-resistance/index.html and https://www.mdpi.com/2079-6382/11/11/1570,No South Africa-specific MRBP isolate data published. CDC (2025) notes global MRBP spread primarily from China; PAHO (2025) reports cases in Americas. Systematic review (Antibiotics 2022;11:1570) confirms sporadic cases outside China. No African MRBP reports in accessible literature. Conservative low anchor retained with slightly elevated point estimate reflecting global importation risk.,South_Africa,ZAF,3,relative_detection_prior_mean,South_Africa,/home/ctm/pertussis_transmission_analysis/outputs/calibrations/South_Africa_calibrated_config.yaml,current,706629619ee12ac3aea55eb14e571e3b693e1448b799f3d64aa6934ed14c167b,17ae9068008b4c1e2081de14baa9658e40c120bf419be1476856f514e3c6595f,True,accepted,787.9979192012318,787.9979192012318,True,1.5081848384963774e-05,1.4841774395108882e-16,South_Africa,2.2755885830098617,10.669990126880577,9.669990126880577,0.25,calibrated_country_scenario_analysis,-0.12104818181675303,-0.12026848265684831,-0.11695704073238833,-0.11879263629710057,-0.12008361952745439,-0.1202605436266524,-0.11064404190405708,-0.11615846472203195,-0.12174076829969604,-0.11703296603539748,-0.11698620281910577,-0.11703581867227686
macrolide_resistance,country_timeline_fitness_cost,symptom_protective,country_timeline_fitness_cost,,2025-01-01,2050-12-31,2025,2050,1501873.0730089755,7876446.286574073,125102.63389672796,46348.31582842548,85504.85504623235,234811.6415971064,291576.1400645045,572736.0974900364,2664384.7632722477,89129.08655915389,86.71779251875735,84.584274617305,84.87002304633921,16401.901242144213,557395.5618988615,0.07076739199618226,0.3,0.017117178816121337,72810729.55271792,1075272.0186577656,10280876.195063563,9048177.381973298,20404325.595694624,26.013698630136986,415.84628729534796,6.604941358579558,165.69656625186914,305.6823236354866,87.79855955955934,123.87645592292276,107.90217684628661,501.9640235233382,16.79171699182295,0.04578368308413704,0.3023912220430015,0.15989319122414533,3.090080852597144,696.6849898011808,76507.03794475351,258964.34592388273,258964.34592388273,1389.7573253658034,9380.0,9495.0,9,3.212328767123288,0.8093209782222451,0.19067902177775503,5.24441540908231,0.45607779375412294,0.34350308992690715,2.2436923603956998e-73,0.024694325748080434,0.03533804975610417,0.3960454182499384,0.685937954225351,W6;W10;W14;M18;Y6;Y12,1.37931034482759,18.0,6,aP,True,South_Africa,ZAF,1,baseline_contact_reduction,South_Africa,ZAF,2025,False,exact_year,2025,global_surveillance_extrapolation,https://www.cdc.gov/pertussis/hcp/antibiotic-resistance/index.html and https://www.mdpi.com/2079-6382/11/11/1570,No South Africa-specific MRBP isolate data published. CDC (2025) notes global MRBP spread primarily from China; PAHO (2025) reports cases in Americas. Systematic review (Antibiotics 2022;11:1570) confirms sporadic cases outside China. No African MRBP reports in accessible literature. Conservative low anchor retained with slightly elevated point estimate reflecting global importation risk.,South_Africa,ZAF,3,relative_detection_prior_mean,South_Africa,/home/ctm/pertussis_transmission_analysis/outputs/calibrations/South_Africa_calibrated_config.yaml,current,706629619ee12ac3aea55eb14e571e3b693e1448b799f3d64aa6934ed14c167b,17ae9068008b4c1e2081de14baa9658e40c120bf419be1476856f514e3c6595f,True,accepted,787.9979192012318,787.9979192012318,True,1.5081848384963774e-05,1.4841774395108882e-16,South_Africa,2.2755885830098617,2.902519993242089,1.9025199932420889,0.25,calibrated_country_scenario_analysis,0.7270822491052346,0.7096928650889099,0.6605618930622712,0.6883340892121997,0.6986618752865885,0.7042125276837068,0.685937954225351,0.69637532740862,0.9775422474767145,0.7291268464177878,0.7302942316656937,0.7301847710634433
macrolide_resistance,country_timeline_fitness_advantage,symptom_protective,country_timeline_fitness_advantage,,2025-01-01,2050-12-31,2025,2050,6708113.008821221,36416858.032759644,609274.2510633955,274072.7742731611,506718.0196799769,1205807.7106858836,1168718.1118277044,2648598.5967867495,13085120.320145072,452352.7960361899,515.5973754529421,506.04481811118774,507.428291126574,95567.72017610368,35822887.44215518,0.983689680475176,0.3,0.9995247289437084,72810729.57262115,1075272.0180678568,10280876.210137088,9048177.380675625,20404325.608880572,26.013698630136986,1922.6710438638884,32.16735390070325,979.8180756602326,1811.531540343219,450.86427243867195,496.5312239022069,498.9899453746155,2465.206876455643,85.22223686820395,0.2722157258003478,1.8091248253113748,0.9559833474878565,18.00474089509232,7999.7239690087235,376711.5164612786,217727.888969346,217727.888969346,15957.9654400852,616.0,9495.0,8,3.142465753424658,0.8157964917570105,0.18420350824298953,5.42877825475975,0.5473041272735834,0.4083538830802138,5.320484379214045e-73,0.02611050169489024,0.03707944584898488,0.4841141797297082,-0.45207019997696696,W6;W10;W14;M18;Y6;Y12,1.37931034482759,18.0,6,aP,True,South_Africa,ZAF,1,baseline_contact_reduction,South_Africa,ZAF,2025,False,exact_year,2025,global_surveillance_extrapolation,https://www.cdc.gov/pertussis/hcp/antibiotic-resistance/index.html and https://www.mdpi.com/2079-6382/11/11/1570,No South Africa-specific MRBP isolate data published. CDC (2025) notes global MRBP spread primarily from China; PAHO (2025) reports cases in Americas. Systematic review (Antibiotics 2022;11:1570) confirms sporadic cases outside China. No African MRBP reports in accessible literature. Conservative low anchor retained with slightly elevated point estimate reflecting global importation risk.,South_Africa,ZAF,3,relative_detection_prior_mean,South_Africa,/home/ctm/pertussis_transmission_analysis/outputs/calibrations/South_Africa_calibrated_config.yaml,current,706629619ee12ac3aea55eb14e571e3b693e1448b799f3d64aa6934ed14c167b,17ae9068008b4c1e2081de14baa9658e40c120bf419be1476856f514e3c6595f,True,accepted,787.9979192012318,787.9979192012318,True,1.5081848384963774e-05,1.4841774395108882e-16,South_Africa,2.2755885830098617,14.135839026822822,13.135839026822822,0.25,calibrated_country_scenario_analysis,-0.6138520634280595,-0.49078886958913537,-0.3605621616874084,-0.4412884007074349,-0.4799084851691031,-0.5011966945936415,-0.45207019997696696,-0.478711432648103,-0.4433224730113856,-0.6105286240703258,-0.6135766027169924,-0.6131948080707852
macrolide_resistance,high_fitness_advantage,symptom_protective,high_fitness_advantage,,2025-01-01,2050-12-31,2025,2050,7420261.862219241,40444393.95587699,686368.3507156016,318848.17049813195,590009.6800000507,1365393.5504854051,1294327.257018154,2978568.978001691,14770004.59434061,514695.3838118096,602.1312183049191,591.6461570686038,593.2012401311645,111061.06345341439,40253114.00855206,0.9952705448489695,0.7,0.9998549092250636,72810729.58344483,1075272.0185871345,10280876.197256522,9048177.378632192,20404325.59447585,26.013698630136986,2135.309560865376,36.237627967854756,1139.8914084878008,2109.3016281259634,510.5351085814198,549.8964127434486,561.1556143237331,2782.6352395780773,96.96743853361305,0.3179022904248958,2.115152080859365,1.1175776313454069,20.923651508470275,12795.509682338521,423940.96556215733,223613.35920346837,223613.35920346837,25524.668366112335,266.0,9495.0,9,3.1284246575342465,0.8165317578917263,0.1834682421082737,5.450534591211979,0.5626782243225298,0.4194026096194873,5.086354173342158e-73,0.02649489983145516,0.037453593739143864,0.4987297307519309,-0.6126624423948734,W6;W10;W14;M18;Y6;Y12,1.37931034482759,18.0,6,aP,True,South_Africa,ZAF,1,baseline_contact_reduction,South_Africa,ZAF,2025,False,exact_year,2025,global_surveillance_extrapolation,https://www.cdc.gov/pertussis/hcp/antibiotic-resistance/index.html and https://www.mdpi.com/2079-6382/11/11/1570,No South Africa-specific MRBP isolate data published. CDC (2025) notes global MRBP spread primarily from China; PAHO (2025) reports cases in Americas. Systematic review (Antibiotics 2022;11:1570) confirms sporadic cases outside China. No African MRBP reports in accessible literature. Conservative low anchor retained with slightly elevated point estimate reflecting global importation risk.,South_Africa,ZAF,3,relative_detection_prior_mean,South_Africa,/home/ctm/pertussis_transmission_analysis/outputs/calibrations/South_Africa_calibrated_config.yaml,current,706629619ee12ac3aea55eb14e571e3b693e1448b799f3d64aa6934ed14c167b,17ae9068008b4c1e2081de14baa9658e40c120bf419be1476856f514e3c6595f,True,accepted,787.9979192012318,787.9979192012318,True,1.5081848384963774e-05,1.4841774395108882e-16,South_Africa,2.2755885830098617,15.92450772446933,14.92450772446933,0.25,calibrated_country_scenario_analysis,-0.877507823399525,-0.6880913014850427,-0.5067899375543918,-0.6208484456304659,-0.6704664986151969,-0.7080893843730738,-0.6126624423948734,-0.6658191700035876,-0.6218185692330469,-0.880827189383004,-0.8865253866181537,-0.8858805814633661
