analysis,scenario,vaccine_scenario,resistance_scenario,intervention,calendar_start_date,calendar_end_date,calendar_start_year,calendar_end_year,total_symptomatic_cases,total_infections,total_reported_cases,total_infant_cases,total_infant_infections,total_child_1_9_cases,total_adolescent_cases,total_child_adolescent_cases,total_child_adolescent_infections,total_child_adolescent_reported_cases,total_deaths,total_infant_deaths,total_child_adolescent_deaths,total_child_adolescent_hospitalizations,resistant_infections,resistant_fraction,resistant_fraction_start,resistant_fraction_end,total_population,infant_population,child_1_9_population,adolescent_population,child_adolescent_population,analysis_years,annualized_infections_per_100k,annualized_reported_cases_per_100k,annualized_infant_cases_per_100k,annualized_infant_infections_per_100k,annualized_child_1_9_cases_per_100k,annualized_adolescent_cases_per_100k,annualized_child_adolescent_cases_per_100k,annualized_child_adolescent_infections_per_100k,annualized_child_adolescent_reported_cases_per_100k,annualized_deaths_per_million,annualized_infant_deaths_per_100k,annualized_child_adolescent_deaths_per_million,annualized_child_adolescent_hospitalizations_per_100k,peak_incidence_per_100k_year,treated_cases,PEP_FOI_reduction_case_proxy,PEP_averted_cases,peak_incidence,time_to_peak,outbreak_duration,n_epidemic_peaks,mean_peak_interval_years,proportion_asymptomatic,case_to_infection_ratio,mean_infection_to_case_ratio,vaccinated_origin_infection_share,waned_origin_infection_share,maternal_origin_infection_share,dose1_origin_infection_share,dose2_origin_infection_share,dose3plus_origin_infection_share,relative_reduction_vs_baseline,routine_age_pattern,routine_first_shot_months,routine_last_shot_months,routine_dose_count,routine_scheduler_code,calibration_loaded,calibration_country,calibration_artifact_path,calibration_hash_status,calibration_overlay_mode,calibration_config_hash,calibration_calibration_config_hash,calibration_accepted,calibration_calibration_status,calibration_fit_score,calibration_data_fit_score,calibration_optimizer_success,npi_contact_reduction_country,npi_contact_reduction_iso3,npi_contact_reduction_periods_loaded,npi_contact_reduction_reduction_column,resistance_timeline_country,resistance_timeline_iso3,resistance_timeline_anchor_year,resistance_timeline_configured_anchor_year,resistance_timeline_applied,resistance_timeline_allows_future_evidence,resistance_timeline_method,resistance_timeline_evidence_years,resistance_timeline_evidence_type,resistance_timeline_source,resistance_timeline_notes,diagnostic_standard_country,diagnostic_standard_iso3,diagnostic_standard_periods_loaded,diagnostic_standard_multiplier_column,prospective_policy,policy_start_time,simulation_phase,contact_reciprocity_error_before,contact_reciprocity_error_after,country,temporal_dimension,burn_in_years,npi_scenario,npi_reduction_scale,implementation_note,observed_mean_annual_reported_incidence_per_100k,model_to_observed_reported_incidence_ratio,absolute_fit_relative_error,absolute_fit_relative_tolerance,absolute_fit_status
temporal_assumption_sensitivity,burnin_10y,symptom_protective,country_timeline,current,2027-01-01,2032-01-01,2027,2032,180279.0210764701,535195.1527481062,21001.726804455386,22154.4652909053,31914.66908743977,38928.84485820367,13055.909853549518,74139.22000265849,173621.42327681085,17563.56569261496,92.28174901945582,91.62237364540417,91.69386543024764,7513.657478528647,33988.233040113075,0.06350624228487717,0.043,0.05364322568596123,27785451.407729663,288908.12071183324,2837781.2443000786,2617463.193019952,5744152.558031864,4.999418194761015,385.27892025916896,15.118826441626906,1533.8470551199305,2209.5871216983105,274.3930686323028,99.77163586878135,258.16810112487786,604.5857126682158,61.15996909168807,0.6643223960321897,6.34340328930405,3.1929700800842347,26.164109679936228,18137.47994017836,25168.982727931823,31134.60595979012,31134.60595979012,13807.070343465683,0.0,150.0,1,,0.8074980608805364,0.33684726057547054,2.968704564471143,0.7224875802985201,0.5599003979045565,0.004667164837758161,0.02431472943110421,0.0344406757312044,0.6590650102984534,,M2;M4;M6;M18;Y4;Y12-Y13,2.0,156.0,6,aP,True,Australia,/home/ctm/pertussis_transmission_analysis/outputs/calibrations/Australia_calibrated_config.yaml,current,fitted_parameters_and_state_only,e07d2d9623bba63452e5939f83db5c87901a902d0a71c99df08b4ecdc3550c54,c36eefa5b9e490f39c68369d7b2ec545f1003c465b2d7a3d65a4f58b53b37bf6,True,state_reconstruction_accepted,45.30917710919712,43.437823518402524,True,Australia,AUS,1,contact_reduction_mean,Australia,AUS,2025,2025,True,False,nearest_past_year,2024,measured_national_genomic_surveillance_fraction,https://doi.org/10.1016/j.lanmic.2025.101286,Nationwide Australian tNGS study of 2024-positive respiratory specimens estimated macrolide resistance at 8/188 (4.3%).,Australia,AUS,3,relative_detection_prior_mean,True,0.0,prospective_policy,1.5769242865424038e-05,1.502232944079048e-16,Australia,burn_in,10.0,baseline_contact_reduction,1.0,Near-term current-practice run varying pre-analysis burn-in duration.,54.978665659530755,0.27499442302317867,0.7250055769768213,0.25,calibrated_country_scenario_analysis
temporal_assumption_sensitivity,burnin_15y,symptom_protective,country_timeline,current,2027-01-01,2032-01-01,2027,2032,180279.0210764701,535195.1527481062,21001.726804455386,22154.4652909053,31914.66908743977,38928.84485820367,13055.909853549518,74139.22000265849,173621.42327681085,17563.56569261496,92.28174901945582,91.62237364540417,91.69386543024764,7513.657478528647,33988.233040113075,0.06350624228487717,0.043,0.05364322568596123,27785451.407729663,288908.12071183324,2837781.2443000786,2617463.193019952,5744152.558031864,4.999418194761015,385.27892025916896,15.118826441626906,1533.8470551199305,2209.5871216983105,274.3930686323028,99.77163586878135,258.16810112487786,604.5857126682158,61.15996909168807,0.6643223960321897,6.34340328930405,3.1929700800842347,26.164109679936228,18137.47994017836,25168.982727931823,31134.60595979012,31134.60595979012,13807.070343465683,0.0,150.0,1,,0.8074980608805364,0.33684726057547054,2.968704564471143,0.7224875802985201,0.5599003979045565,0.004667164837758161,0.02431472943110421,0.0344406757312044,0.6590650102984534,,M2;M4;M6;M18;Y4;Y12-Y13,2.0,156.0,6,aP,True,Australia,/home/ctm/pertussis_transmission_analysis/outputs/calibrations/Australia_calibrated_config.yaml,current,fitted_parameters_and_state_only,e07d2d9623bba63452e5939f83db5c87901a902d0a71c99df08b4ecdc3550c54,c36eefa5b9e490f39c68369d7b2ec545f1003c465b2d7a3d65a4f58b53b37bf6,True,state_reconstruction_accepted,45.30917710919712,43.437823518402524,True,Australia,AUS,1,contact_reduction_mean,Australia,AUS,2025,2025,True,False,nearest_past_year,2024,measured_national_genomic_surveillance_fraction,https://doi.org/10.1016/j.lanmic.2025.101286,Nationwide Australian tNGS study of 2024-positive respiratory specimens estimated macrolide resistance at 8/188 (4.3%).,Australia,AUS,3,relative_detection_prior_mean,True,0.0,prospective_policy,1.5769242865424038e-05,1.502232944079048e-16,Australia,burn_in,15.0,baseline_contact_reduction,1.0,Near-term current-practice run varying pre-analysis burn-in duration.,54.978665659530755,0.27499442302317867,0.7250055769768213,0.25,calibrated_country_scenario_analysis
temporal_assumption_sensitivity,burnin_30y,symptom_protective,country_timeline,current,2027-01-01,2032-01-01,2027,2032,180279.0210764701,535195.1527481062,21001.726804455386,22154.4652909053,31914.66908743977,38928.84485820367,13055.909853549518,74139.22000265849,173621.42327681085,17563.56569261496,92.28174901945582,91.62237364540417,91.69386543024764,7513.657478528647,33988.233040113075,0.06350624228487717,0.043,0.05364322568596123,27785451.407729663,288908.12071183324,2837781.2443000786,2617463.193019952,5744152.558031864,4.999418194761015,385.27892025916896,15.118826441626906,1533.8470551199305,2209.5871216983105,274.3930686323028,99.77163586878135,258.16810112487786,604.5857126682158,61.15996909168807,0.6643223960321897,6.34340328930405,3.1929700800842347,26.164109679936228,18137.47994017836,25168.982727931823,31134.60595979012,31134.60595979012,13807.070343465683,0.0,150.0,1,,0.8074980608805364,0.33684726057547054,2.968704564471143,0.7224875802985201,0.5599003979045565,0.004667164837758161,0.02431472943110421,0.0344406757312044,0.6590650102984534,,M2;M4;M6;M18;Y4;Y12-Y13,2.0,156.0,6,aP,True,Australia,/home/ctm/pertussis_transmission_analysis/outputs/calibrations/Australia_calibrated_config.yaml,current,fitted_parameters_and_state_only,e07d2d9623bba63452e5939f83db5c87901a902d0a71c99df08b4ecdc3550c54,c36eefa5b9e490f39c68369d7b2ec545f1003c465b2d7a3d65a4f58b53b37bf6,True,state_reconstruction_accepted,45.30917710919712,43.437823518402524,True,Australia,AUS,1,contact_reduction_mean,Australia,AUS,2025,2025,True,False,nearest_past_year,2024,measured_national_genomic_surveillance_fraction,https://doi.org/10.1016/j.lanmic.2025.101286,Nationwide Australian tNGS study of 2024-positive respiratory specimens estimated macrolide resistance at 8/188 (4.3%).,Australia,AUS,3,relative_detection_prior_mean,True,0.0,prospective_policy,1.5769242865424038e-05,1.502232944079048e-16,Australia,burn_in,30.0,baseline_contact_reduction,1.0,Near-term current-practice run varying pre-analysis burn-in duration.,54.978665659530755,0.27499442302317867,0.7250055769768213,0.25,calibrated_country_scenario_analysis
temporal_assumption_sensitivity,burnin_10y,symptom_protective,country_timeline,current,2027-01-01,2032-01-01,2027,2032,2242999.924242207,8070884.955137813,522093.0768760934,213456.5249939966,310818.88477471075,248300.65575597464,154015.53447242585,615772.7152223971,1697582.4309636045,373209.8956547674,1232.9072207286301,1225.3685749674958,1225.7836259388487,83914.01509635213,8054438.06097564,0.9979621944491102,0.997,0.9973809773078959,1396459581.8845315,8001977.13173074,88597357.33253273,133092917.26691955,229692251.73118302,4.999418194761015,115.60412210665633,7.478252031309398,533.5715471189939,776.9456250058741,56.05800423837625,23.146755083604425,53.62343491150559,147.8308452832554,32.50029768003806,0.17659669005758627,3.06302094234314,1.0674511366971067,7.307497742989748,4576.951660740786,305891.4391056688,43629.987708608816,43629.987708608816,175110.35623188465,0.0,210.0,1,,0.8191517271610683,0.27791251352360613,3.5982546713034536,0.6785738061456229,0.5722432188341816,0.00016647101190585224,0.009628246518028225,0.013700004100447786,0.6550790845152412,,M3;M4;M5;M18,3.0,18.0,4,aP,True,China,/home/ctm/pertussis_transmission_analysis/outputs/calibrations/China_calibrated_config.yaml,current,fitted_parameters_and_state_only,e07d2d9623bba63452e5939f83db5c87901a902d0a71c99df08b4ecdc3550c54,c36eefa5b9e490f39c68369d7b2ec545f1003c465b2d7a3d65a4f58b53b37bf6,True,state_reconstruction_accepted,61.55520059847223,56.080676333404014,True,China,CHN,1,contact_reduction_mean,China,CHN,2025,2025,True,False,nearest_past_year,2024,measured_multicenter_isolate_fraction,https://www.sciencedirect.com/science/article/pii/S2666606525001658,Five sentinel hospitals in China during 2024; 393/394 isolates displayed high-level azithromycin resistance.,China,CHN,7,relative_detection_prior_mean,True,0.0,prospective_policy,2.010611200412732e-05,1.6667804836994706e-16,China,burn_in,10.0,baseline_contact_reduction,1.0,Near-term current-practice run varying pre-analysis burn-in duration.,4.146450779474111,1.803530881960175,0.803530881960175,0.25,calibrated_country_scenario_analysis
temporal_assumption_sensitivity,burnin_15y,symptom_protective,country_timeline,current,2027-01-01,2032-01-01,2027,2032,2242999.924242207,8070884.955137813,522093.0768760934,213456.5249939966,310818.88477471075,248300.65575597464,154015.53447242585,615772.7152223971,1697582.4309636045,373209.8956547674,1232.9072207286301,1225.3685749674958,1225.7836259388487,83914.01509635213,8054438.06097564,0.9979621944491102,0.997,0.9973809773078959,1396459581.8845315,8001977.13173074,88597357.33253273,133092917.26691955,229692251.73118302,4.999418194761015,115.60412210665633,7.478252031309398,533.5715471189939,776.9456250058741,56.05800423837625,23.146755083604425,53.62343491150559,147.8308452832554,32.50029768003806,0.17659669005758627,3.06302094234314,1.0674511366971067,7.307497742989748,4576.951660740786,305891.4391056688,43629.987708608816,43629.987708608816,175110.35623188465,0.0,210.0,1,,0.8191517271610683,0.27791251352360613,3.5982546713034536,0.6785738061456229,0.5722432188341816,0.00016647101190585224,0.009628246518028225,0.013700004100447786,0.6550790845152412,,M3;M4;M5;M18,3.0,18.0,4,aP,True,China,/home/ctm/pertussis_transmission_analysis/outputs/calibrations/China_calibrated_config.yaml,current,fitted_parameters_and_state_only,e07d2d9623bba63452e5939f83db5c87901a902d0a71c99df08b4ecdc3550c54,c36eefa5b9e490f39c68369d7b2ec545f1003c465b2d7a3d65a4f58b53b37bf6,True,state_reconstruction_accepted,61.55520059847223,56.080676333404014,True,China,CHN,1,contact_reduction_mean,China,CHN,2025,2025,True,False,nearest_past_year,2024,measured_multicenter_isolate_fraction,https://www.sciencedirect.com/science/article/pii/S2666606525001658,Five sentinel hospitals in China during 2024; 393/394 isolates displayed high-level azithromycin resistance.,China,CHN,7,relative_detection_prior_mean,True,0.0,prospective_policy,2.010611200412732e-05,1.6667804836994706e-16,China,burn_in,15.0,baseline_contact_reduction,1.0,Near-term current-practice run varying pre-analysis burn-in duration.,4.146450779474111,1.803530881960175,0.803530881960175,0.25,calibrated_country_scenario_analysis
temporal_assumption_sensitivity,burnin_30y,symptom_protective,country_timeline,current,2027-01-01,2032-01-01,2027,2032,2242999.924242207,8070884.955137813,522093.0768760934,213456.5249939966,310818.88477471075,248300.65575597464,154015.53447242585,615772.7152223971,1697582.4309636045,373209.8956547674,1232.9072207286301,1225.3685749674958,1225.7836259388487,83914.01509635213,8054438.06097564,0.9979621944491102,0.997,0.9973809773078959,1396459581.8845315,8001977.13173074,88597357.33253273,133092917.26691955,229692251.73118302,4.999418194761015,115.60412210665633,7.478252031309398,533.5715471189939,776.9456250058741,56.05800423837625,23.146755083604425,53.62343491150559,147.8308452832554,32.50029768003806,0.17659669005758627,3.06302094234314,1.0674511366971067,7.307497742989748,4576.951660740786,305891.4391056688,43629.987708608816,43629.987708608816,175110.35623188465,0.0,210.0,1,,0.8191517271610683,0.27791251352360613,3.5982546713034536,0.6785738061456229,0.5722432188341816,0.00016647101190585224,0.009628246518028225,0.013700004100447786,0.6550790845152412,,M3;M4;M5;M18,3.0,18.0,4,aP,True,China,/home/ctm/pertussis_transmission_analysis/outputs/calibrations/China_calibrated_config.yaml,current,fitted_parameters_and_state_only,e07d2d9623bba63452e5939f83db5c87901a902d0a71c99df08b4ecdc3550c54,c36eefa5b9e490f39c68369d7b2ec545f1003c465b2d7a3d65a4f58b53b37bf6,True,state_reconstruction_accepted,61.55520059847223,56.080676333404014,True,China,CHN,1,contact_reduction_mean,China,CHN,2025,2025,True,False,nearest_past_year,2024,measured_multicenter_isolate_fraction,https://www.sciencedirect.com/science/article/pii/S2666606525001658,Five sentinel hospitals in China during 2024; 393/394 isolates displayed high-level azithromycin resistance.,China,CHN,7,relative_detection_prior_mean,True,0.0,prospective_policy,2.010611200412732e-05,1.6667804836994706e-16,China,burn_in,30.0,baseline_contact_reduction,1.0,Near-term current-practice run varying pre-analysis burn-in duration.,4.146450779474111,1.803530881960175,0.803530881960175,0.25,calibrated_country_scenario_analysis
temporal_assumption_sensitivity,burnin_10y,symptom_protective,country_timeline,current,2027-01-01,2032-01-01,2027,2032,19110.70335149254,96737.33307699565,1069.56177080479,967.8999445654044,2052.240021623667,4747.594060827965,2804.112613462567,8519.606618855936,40267.856079218385,852.8359035735778,3.180515783628485,3.13742179289634,3.142719192408707,314.2242204662164,2213.2587041463826,0.022879054381050538,0.003,0.048779326153075314,70515966.30479945,651878.7473900464,6530461.608686016,6672359.263977727,13854699.62005379,4.999418194761015,27.440194303290514,0.30338838043938354,29.699160692063536,62.97118470055521,14.54153425791952,8.406138908186874,12.29993910837864,58.13556892440787,1.231257516066243,0.009021746652658327,0.0962690353576253,0.045372112153402276,0.4536522577883078,169.79791776418116,1296.409068094325,2462.4872527949947,2462.4872527949947,328.04011637490703,1680.0,1256.0,1,,0.8091852673675644,0.19755251404627677,5.061945198863678,0.5646316020744232,0.40404959675358987,0.0007105181335112418,0.018750490991496654,0.025462327513155407,0.5197082654362599,,W8;W12;W16;M40,1.8410958904109591,40.0,4,aP,True,United_Kingdom,/home/ctm/pertussis_transmission_analysis/outputs/calibrations/United_Kingdom_calibrated_config.yaml,current,fitted_parameters_and_state_only,e07d2d9623bba63452e5939f83db5c87901a902d0a71c99df08b4ecdc3550c54,c36eefa5b9e490f39c68369d7b2ec545f1003c465b2d7a3d65a4f58b53b37bf6,True,state_reconstruction_accepted,48.22162649451701,42.000016882084694,True,United_Kingdom,GBR,1,contact_reduction_mean,United_Kingdom,GBR,2025,2025,True,False,nearest_past_year,2024,measured_national_surveillance_fraction,https://www.postersessiononline.eu/173580348_eu/congresos/UKHSA2025/aula/-P_58_UKHSA2025.pdf,"UKHSA national reference laboratory poster: 661 B. pertussis isolates received from June 2023 to November 2024, with 2 predicted and phenotypically confirmed macrolide-resistant isolates.",United_Kingdom,GBR,3,relative_detection_prior_mean,True,0.0,prospective_policy,6.047227433250013e-05,1.6570722974665014e-16,United_Kingdom,burn_in,10.0,baseline_contact_reduction,1.0,Near-term current-practice run varying pre-analysis burn-in duration.,6.999594011212859,0.0433437110714388,0.9566562889285612,0.25,calibrated_country_scenario_analysis
temporal_assumption_sensitivity,burnin_15y,symptom_protective,country_timeline,current,2027-01-01,2032-01-01,2027,2032,19110.70335149254,96737.33307699565,1069.56177080479,967.8999445654044,2052.240021623667,4747.594060827965,2804.112613462567,8519.606618855936,40267.856079218385,852.8359035735778,3.180515783628485,3.13742179289634,3.142719192408707,314.2242204662164,2213.2587041463826,0.022879054381050538,0.003,0.048779326153075314,70515966.30479945,651878.7473900464,6530461.608686016,6672359.263977727,13854699.62005379,4.999418194761015,27.440194303290514,0.30338838043938354,29.699160692063536,62.97118470055521,14.54153425791952,8.406138908186874,12.29993910837864,58.13556892440787,1.231257516066243,0.009021746652658327,0.0962690353576253,0.045372112153402276,0.4536522577883078,169.79791776418116,1296.409068094325,2462.4872527949947,2462.4872527949947,328.04011637490703,1680.0,1256.0,1,,0.8091852673675644,0.19755251404627677,5.061945198863678,0.5646316020744232,0.40404959675358987,0.0007105181335112418,0.018750490991496654,0.025462327513155407,0.5197082654362599,,W8;W12;W16;M40,1.8410958904109591,40.0,4,aP,True,United_Kingdom,/home/ctm/pertussis_transmission_analysis/outputs/calibrations/United_Kingdom_calibrated_config.yaml,current,fitted_parameters_and_state_only,e07d2d9623bba63452e5939f83db5c87901a902d0a71c99df08b4ecdc3550c54,c36eefa5b9e490f39c68369d7b2ec545f1003c465b2d7a3d65a4f58b53b37bf6,True,state_reconstruction_accepted,48.22162649451701,42.000016882084694,True,United_Kingdom,GBR,1,contact_reduction_mean,United_Kingdom,GBR,2025,2025,True,False,nearest_past_year,2024,measured_national_surveillance_fraction,https://www.postersessiononline.eu/173580348_eu/congresos/UKHSA2025/aula/-P_58_UKHSA2025.pdf,"UKHSA national reference laboratory poster: 661 B. pertussis isolates received from June 2023 to November 2024, with 2 predicted and phenotypically confirmed macrolide-resistant isolates.",United_Kingdom,GBR,3,relative_detection_prior_mean,True,0.0,prospective_policy,6.047227433250013e-05,1.6570722974665014e-16,United_Kingdom,burn_in,15.0,baseline_contact_reduction,1.0,Near-term current-practice run varying pre-analysis burn-in duration.,6.999594011212859,0.0433437110714388,0.9566562889285612,0.25,calibrated_country_scenario_analysis
temporal_assumption_sensitivity,burnin_30y,symptom_protective,country_timeline,current,2027-01-01,2032-01-01,2027,2032,19110.70335149254,96737.33307699565,1069.56177080479,967.8999445654044,2052.240021623667,4747.594060827965,2804.112613462567,8519.606618855936,40267.856079218385,852.8359035735778,3.180515783628485,3.13742179289634,3.142719192408707,314.2242204662164,2213.2587041463826,0.022879054381050538,0.003,0.048779326153075314,70515966.30479945,651878.7473900464,6530461.608686016,6672359.263977727,13854699.62005379,4.999418194761015,27.440194303290514,0.30338838043938354,29.699160692063536,62.97118470055521,14.54153425791952,8.406138908186874,12.29993910837864,58.13556892440787,1.231257516066243,0.009021746652658327,0.0962690353576253,0.045372112153402276,0.4536522577883078,169.79791776418116,1296.409068094325,2462.4872527949947,2462.4872527949947,328.04011637490703,1680.0,1256.0,1,,0.8091852673675644,0.19755251404627677,5.061945198863678,0.5646316020744232,0.40404959675358987,0.0007105181335112418,0.018750490991496654,0.025462327513155407,0.5197082654362599,,W8;W12;W16;M40,1.8410958904109591,40.0,4,aP,True,United_Kingdom,/home/ctm/pertussis_transmission_analysis/outputs/calibrations/United_Kingdom_calibrated_config.yaml,current,fitted_parameters_and_state_only,e07d2d9623bba63452e5939f83db5c87901a902d0a71c99df08b4ecdc3550c54,c36eefa5b9e490f39c68369d7b2ec545f1003c465b2d7a3d65a4f58b53b37bf6,True,state_reconstruction_accepted,48.22162649451701,42.000016882084694,True,United_Kingdom,GBR,1,contact_reduction_mean,United_Kingdom,GBR,2025,2025,True,False,nearest_past_year,2024,measured_national_surveillance_fraction,https://www.postersessiononline.eu/173580348_eu/congresos/UKHSA2025/aula/-P_58_UKHSA2025.pdf,"UKHSA national reference laboratory poster: 661 B. pertussis isolates received from June 2023 to November 2024, with 2 predicted and phenotypically confirmed macrolide-resistant isolates.",United_Kingdom,GBR,3,relative_detection_prior_mean,True,0.0,prospective_policy,6.047227433250013e-05,1.6570722974665014e-16,United_Kingdom,burn_in,30.0,baseline_contact_reduction,1.0,Near-term current-practice run varying pre-analysis burn-in duration.,6.999594011212859,0.0433437110714388,0.9566562889285612,0.25,calibrated_country_scenario_analysis
temporal_assumption_sensitivity,burnin_10y,symptom_protective,country_timeline,current,2027-01-01,2032-01-01,2027,2032,4643688.343090881,23264004.932804108,270891.88439126965,165339.6141871889,351895.95306552225,630336.9082674204,443052.21082286525,1238728.7332774745,5900089.606597669,177470.67555575975,674.3023487005241,654.4848440504627,655.321217322033,56845.32074216891,23176786.413690943,0.9962509241480525,0.8270000000000001,0.9988601085622227,118980814.51399367,715391.0743261046,7149047.978198901,7916218.119595209,15780657.172120217,4.999418194761015,3911.0023522466954,45.540688291587905,4622.894007243429,9839.007430839076,1763.6201782073983,1119.4834809947888,1570.1157135759165,7478.492388171525,224.9479558383783,1.133595904707947,18.299389884671506,8.30633950045415,72.05268509788381,48674.996219905894,235738.84750510994,139853.68455714875,139853.68455714875,158668.23826602646,1710.0,476.0,1,,0.8081799411272181,0.19960829429428587,5.009811859449504,0.4549445965029409,0.34999252178848783,3.4543534142451445e-05,0.010959620893941239,0.015022188726150666,0.4289282433487065,,M2;M3;M4;Y1,2.0,12.0,4,aP,True,Japan,/home/ctm/pertussis_transmission_analysis/outputs/calibrations/Japan_calibrated_config.yaml,current,fitted_parameters_and_state_only,e07d2d9623bba63452e5939f83db5c87901a902d0a71c99df08b4ecdc3550c54,c36eefa5b9e490f39c68369d7b2ec545f1003c465b2d7a3d65a4f58b53b37bf6,True,state_reconstruction_accepted,48.269543785369024,41.434615044876836,True,Japan,JPN,1,contact_reduction_mean,Japan,JPN,2025,2025,True,False,exact_year,2025,measured_multicenter_isolate_fraction,https://www.mdpi.com/2227-9059/14/1/167,"Japanese children at six clinics, March-August 2025; 43/52 sequenced B. pertussis isolates carried the A2047G mutation associated with macrolide resistance.",Japan,JPN,3,relative_detection_prior_mean,True,0.0,prospective_policy,7.644092124256049e-05,2.2471172848738243e-16,Japan,burn_in,10.0,baseline_contact_reduction,1.0,Near-term current-practice run varying pre-analysis burn-in duration.,7.349919218851434,6.196080111300123,5.196080111300123,0.25,calibrated_country_scenario_analysis
temporal_assumption_sensitivity,burnin_15y,symptom_protective,country_timeline,current,2027-01-01,2032-01-01,2027,2032,4643688.343090881,23264004.932804108,270891.88439126965,165339.6141871889,351895.95306552225,630336.9082674204,443052.21082286525,1238728.7332774745,5900089.606597669,177470.67555575975,674.3023487005241,654.4848440504627,655.321217322033,56845.32074216891,23176786.413690943,0.9962509241480525,0.8270000000000001,0.9988601085622227,118980814.51399367,715391.0743261046,7149047.978198901,7916218.119595209,15780657.172120217,4.999418194761015,3911.0023522466954,45.540688291587905,4622.894007243429,9839.007430839076,1763.6201782073983,1119.4834809947888,1570.1157135759165,7478.492388171525,224.9479558383783,1.133595904707947,18.299389884671506,8.30633950045415,72.05268509788381,48674.996219905894,235738.84750510994,139853.68455714875,139853.68455714875,158668.23826602646,1710.0,476.0,1,,0.8081799411272181,0.19960829429428587,5.009811859449504,0.4549445965029409,0.34999252178848783,3.4543534142451445e-05,0.010959620893941239,0.015022188726150666,0.4289282433487065,,M2;M3;M4;Y1,2.0,12.0,4,aP,True,Japan,/home/ctm/pertussis_transmission_analysis/outputs/calibrations/Japan_calibrated_config.yaml,current,fitted_parameters_and_state_only,e07d2d9623bba63452e5939f83db5c87901a902d0a71c99df08b4ecdc3550c54,c36eefa5b9e490f39c68369d7b2ec545f1003c465b2d7a3d65a4f58b53b37bf6,True,state_reconstruction_accepted,48.269543785369024,41.434615044876836,True,Japan,JPN,1,contact_reduction_mean,Japan,JPN,2025,2025,True,False,exact_year,2025,measured_multicenter_isolate_fraction,https://www.mdpi.com/2227-9059/14/1/167,"Japanese children at six clinics, March-August 2025; 43/52 sequenced B. pertussis isolates carried the A2047G mutation associated with macrolide resistance.",Japan,JPN,3,relative_detection_prior_mean,True,0.0,prospective_policy,7.644092124256049e-05,2.2471172848738243e-16,Japan,burn_in,15.0,baseline_contact_reduction,1.0,Near-term current-practice run varying pre-analysis burn-in duration.,7.349919218851434,6.196080111300123,5.196080111300123,0.25,calibrated_country_scenario_analysis
temporal_assumption_sensitivity,burnin_30y,symptom_protective,country_timeline,current,2027-01-01,2032-01-01,2027,2032,4643688.343090881,23264004.932804108,270891.88439126965,165339.6141871889,351895.95306552225,630336.9082674204,443052.21082286525,1238728.7332774745,5900089.606597669,177470.67555575975,674.3023487005241,654.4848440504627,655.321217322033,56845.32074216891,23176786.413690943,0.9962509241480525,0.8270000000000001,0.9988601085622227,118980814.51399367,715391.0743261046,7149047.978198901,7916218.119595209,15780657.172120217,4.999418194761015,3911.0023522466954,45.540688291587905,4622.894007243429,9839.007430839076,1763.6201782073983,1119.4834809947888,1570.1157135759165,7478.492388171525,224.9479558383783,1.133595904707947,18.299389884671506,8.30633950045415,72.05268509788381,48674.996219905894,235738.84750510994,139853.68455714875,139853.68455714875,158668.23826602646,1710.0,476.0,1,,0.8081799411272181,0.19960829429428587,5.009811859449504,0.4549445965029409,0.34999252178848783,3.4543534142451445e-05,0.010959620893941239,0.015022188726150666,0.4289282433487065,,M2;M3;M4;Y1,2.0,12.0,4,aP,True,Japan,/home/ctm/pertussis_transmission_analysis/outputs/calibrations/Japan_calibrated_config.yaml,current,fitted_parameters_and_state_only,e07d2d9623bba63452e5939f83db5c87901a902d0a71c99df08b4ecdc3550c54,c36eefa5b9e490f39c68369d7b2ec545f1003c465b2d7a3d65a4f58b53b37bf6,True,state_reconstruction_accepted,48.269543785369024,41.434615044876836,True,Japan,JPN,1,contact_reduction_mean,Japan,JPN,2025,2025,True,False,exact_year,2025,measured_multicenter_isolate_fraction,https://www.mdpi.com/2227-9059/14/1/167,"Japanese children at six clinics, March-August 2025; 43/52 sequenced B. pertussis isolates carried the A2047G mutation associated with macrolide resistance.",Japan,JPN,3,relative_detection_prior_mean,True,0.0,prospective_policy,7.644092124256049e-05,2.2471172848738243e-16,Japan,burn_in,30.0,baseline_contact_reduction,1.0,Near-term current-practice run varying pre-analysis burn-in duration.,7.349919218851434,6.196080111300123,5.196080111300123,0.25,calibrated_country_scenario_analysis
temporal_assumption_sensitivity,burnin_10y,symptom_protective,country_timeline,current,2027-01-01,2032-01-01,2027,2032,166422.18964447494,876615.0751604273,18358.77752934904,10156.594402240156,22843.187406042423,43495.12972300497,23183.025783649384,76834.7499088945,357321.4328951374,15031.617849787424,35.257542487816075,34.82838474134725,34.88221645325136,3319.8536965117223,826088.3521639382,0.9423615627563303,0.01,0.9934863333159195,5353994.955211791,54342.68542749543,540348.1695775476,515842.4333402559,1110533.2883452987,4.999418194761015,3275.0015575801485,68.58771507309773,3738.4153145301107,8408.06654764071,1610.0800890977634,898.9459648992979,1383.9061346077087,6435.881207353984,270.74140515932675,1.3172087708269709,12.81954971724396,6.282796963041884,59.79541681401113,18783.856797073506,11861.724692230142,7227.677125306844,7227.677125306844,2755.306151532939,1560.0,746.0,1,,0.8167374163467253,0.18984636970111243,5.267417025536835,0.7079370742017285,0.5356167880771321,0.0010275199772902927,0.02040303346223959,0.027923189213086744,0.6585833315491119,,W6;M3;M5;Y4;Y11-Y13,1.3808219178082193,156.0,5,aP,True,New_Zealand,/home/ctm/pertussis_transmission_analysis/outputs/calibrations/New_Zealand_calibrated_config.yaml,current,fitted_parameters_and_state_only,e07d2d9623bba63452e5939f83db5c87901a902d0a71c99df08b4ecdc3550c54,c36eefa5b9e490f39c68369d7b2ec545f1003c465b2d7a3d65a4f58b53b37bf6,True,state_reconstruction_accepted,32.1464548944196,29.28661041270576,True,New_Zealand,NZL,1,contact_reduction_mean,New_Zealand,NZL,2025,2025,True,False,exact_year,2025,low_detected_model_anchor,https://www.tewhatuora.govt.nz/for-health-professionals/clinical-guidance/communicable-disease-control-manual/pertussis,"Health New Zealand notes MRBP has been detected by PHF Science and is being assessed; no public national fraction was located, so use a low detected/imported anchor pending surveillance.",New_Zealand,NZL,3,relative_detection_prior_mean,True,0.0,prospective_policy,1.0204827386537681e-05,1.352852648487234e-16,New_Zealand,burn_in,10.0,baseline_contact_reduction,1.0,Near-term current-practice run varying pre-analysis burn-in duration.,25.11070274470987,2.7314136036096106,1.7314136036096106,0.25,calibrated_country_scenario_analysis
temporal_assumption_sensitivity,burnin_15y,symptom_protective,country_timeline,current,2027-01-01,2032-01-01,2027,2032,166422.18964447494,876615.0751604273,18358.77752934904,10156.594402240156,22843.187406042423,43495.12972300497,23183.025783649384,76834.7499088945,357321.4328951374,15031.617849787424,35.257542487816075,34.82838474134725,34.88221645325136,3319.8536965117223,826088.3521639382,0.9423615627563303,0.01,0.9934863333159195,5353994.955211791,54342.68542749543,540348.1695775476,515842.4333402559,1110533.2883452987,4.999418194761015,3275.0015575801485,68.58771507309773,3738.4153145301107,8408.06654764071,1610.0800890977634,898.9459648992979,1383.9061346077087,6435.881207353984,270.74140515932675,1.3172087708269709,12.81954971724396,6.282796963041884,59.79541681401113,18783.856797073506,11861.724692230142,7227.677125306844,7227.677125306844,2755.306151532939,1560.0,746.0,1,,0.8167374163467253,0.18984636970111243,5.267417025536835,0.7079370742017285,0.5356167880771321,0.0010275199772902927,0.02040303346223959,0.027923189213086744,0.6585833315491119,,W6;M3;M5;Y4;Y11-Y13,1.3808219178082193,156.0,5,aP,True,New_Zealand,/home/ctm/pertussis_transmission_analysis/outputs/calibrations/New_Zealand_calibrated_config.yaml,current,fitted_parameters_and_state_only,e07d2d9623bba63452e5939f83db5c87901a902d0a71c99df08b4ecdc3550c54,c36eefa5b9e490f39c68369d7b2ec545f1003c465b2d7a3d65a4f58b53b37bf6,True,state_reconstruction_accepted,32.1464548944196,29.28661041270576,True,New_Zealand,NZL,1,contact_reduction_mean,New_Zealand,NZL,2025,2025,True,False,exact_year,2025,low_detected_model_anchor,https://www.tewhatuora.govt.nz/for-health-professionals/clinical-guidance/communicable-disease-control-manual/pertussis,"Health New Zealand notes MRBP has been detected by PHF Science and is being assessed; no public national fraction was located, so use a low detected/imported anchor pending surveillance.",New_Zealand,NZL,3,relative_detection_prior_mean,True,0.0,prospective_policy,1.0204827386537681e-05,1.352852648487234e-16,New_Zealand,burn_in,15.0,baseline_contact_reduction,1.0,Near-term current-practice run varying pre-analysis burn-in duration.,25.11070274470987,2.7314136036096106,1.7314136036096106,0.25,calibrated_country_scenario_analysis
temporal_assumption_sensitivity,burnin_30y,symptom_protective,country_timeline,current,2027-01-01,2032-01-01,2027,2032,166422.18964447494,876615.0751604273,18358.77752934904,10156.594402240156,22843.187406042423,43495.12972300497,23183.025783649384,76834.7499088945,357321.4328951374,15031.617849787424,35.257542487816075,34.82838474134725,34.88221645325136,3319.8536965117223,826088.3521639382,0.9423615627563303,0.01,0.9934863333159195,5353994.955211791,54342.68542749543,540348.1695775476,515842.4333402559,1110533.2883452987,4.999418194761015,3275.0015575801485,68.58771507309773,3738.4153145301107,8408.06654764071,1610.0800890977634,898.9459648992979,1383.9061346077087,6435.881207353984,270.74140515932675,1.3172087708269709,12.81954971724396,6.282796963041884,59.79541681401113,18783.856797073506,11861.724692230142,7227.677125306844,7227.677125306844,2755.306151532939,1560.0,746.0,1,,0.8167374163467253,0.18984636970111243,5.267417025536835,0.7079370742017285,0.5356167880771321,0.0010275199772902927,0.02040303346223959,0.027923189213086744,0.6585833315491119,,W6;M3;M5;Y4;Y11-Y13,1.3808219178082193,156.0,5,aP,True,New_Zealand,/home/ctm/pertussis_transmission_analysis/outputs/calibrations/New_Zealand_calibrated_config.yaml,current,fitted_parameters_and_state_only,e07d2d9623bba63452e5939f83db5c87901a902d0a71c99df08b4ecdc3550c54,c36eefa5b9e490f39c68369d7b2ec545f1003c465b2d7a3d65a4f58b53b37bf6,True,state_reconstruction_accepted,32.1464548944196,29.28661041270576,True,New_Zealand,NZL,1,contact_reduction_mean,New_Zealand,NZL,2025,2025,True,False,exact_year,2025,low_detected_model_anchor,https://www.tewhatuora.govt.nz/for-health-professionals/clinical-guidance/communicable-disease-control-manual/pertussis,"Health New Zealand notes MRBP has been detected by PHF Science and is being assessed; no public national fraction was located, so use a low detected/imported anchor pending surveillance.",New_Zealand,NZL,3,relative_detection_prior_mean,True,0.0,prospective_policy,1.0204827386537681e-05,1.352852648487234e-16,New_Zealand,burn_in,30.0,baseline_contact_reduction,1.0,Near-term current-practice run varying pre-analysis burn-in duration.,25.11070274470987,2.7314136036096106,1.7314136036096106,0.25,calibrated_country_scenario_analysis
temporal_assumption_sensitivity,burnin_10y,symptom_protective,country_timeline,current,2027-01-01,2032-01-01,2027,2032,289176.5553313863,977913.6051430312,32203.413951339164,9705.040550666567,14514.923076181694,41323.51511610271,25892.566025375872,76921.12169214516,228591.56852595307,21026.64955654129,37.89214589881153,36.88324121687125,36.9352905339431,3290.7112796588176,14742.600990236473,0.015075565891201806,0.01,0.010179114205639446,10733209.759999445,91134.33168571893,959976.4044829417,1003832.8384127438,2054943.5745814044,4.999418194761015,1822.432303675053,60.014035559875964,2130.0798044466164,3185.7614964367417,861.0279154821824,515.9340932312616,748.7317346098786,2225.055457519508,204.6683596023384,0.7061551284120041,8.095200306318606,3.5951925220849996,32.03099370261573,86185.30188406594,24851.737202891018,57742.65610679958,57742.65610679958,25343.696530152196,0.0,150.0,1,,0.8159986448318859,0.2957076717314827,3.3817181480095306,0.5230309968811528,0.41033361428967857,0.0007725428710623428,0.009828113408098983,0.013720184812309875,0.49871015578968175,,M3;M5;M12;Y5;Y14-Y16,3.0,192.0,5,aP,True,Sweden,/home/ctm/pertussis_transmission_analysis/outputs/calibrations/Sweden_calibrated_config.yaml,current,fitted_parameters_and_state_only,e07d2d9623bba63452e5939f83db5c87901a902d0a71c99df08b4ecdc3550c54,c36eefa5b9e490f39c68369d7b2ec545f1003c465b2d7a3d65a4f58b53b37bf6,True,state_reconstruction_accepted,27.539837140679783,25.32984077491631,True,Sweden,SWE,1,contact_reduction_mean,Sweden,SWE,2025,2025,True,False,exact_year,2025,low_imported_model_anchor,https://www.folkhalsomyndigheten.se/contentassets/975cc036216b48a39b7bf34319d4ecee/pertussis-surveillance-sweden-23rd-annual-report.pdf,"No public Swedish MRBP prevalence estimate was located in the accessible national surveillance material, so keep a conservative low anchor pending numeric reporting.",Sweden,SWE,2,relative_detection_prior_mean,True,0.0,prospective_policy,3.202340290308184e-05,1.4235413699758381e-16,Sweden,burn_in,10.0,baseline_contact_reduction,1.0,Near-term current-practice run varying pre-analysis burn-in duration.,5.954795201043958,10.078270290362743,9.078270290362743,0.25,calibrated_country_scenario_analysis
temporal_assumption_sensitivity,burnin_15y,symptom_protective,country_timeline,current,2027-01-01,2032-01-01,2027,2032,289176.5553313863,977913.6051430312,32203.413951339164,9705.040550666567,14514.923076181694,41323.51511610271,25892.566025375872,76921.12169214516,228591.56852595307,21026.64955654129,37.89214589881153,36.88324121687125,36.9352905339431,3290.7112796588176,14742.600990236473,0.015075565891201806,0.01,0.010179114205639446,10733209.759999445,91134.33168571893,959976.4044829417,1003832.8384127438,2054943.5745814044,4.999418194761015,1822.432303675053,60.014035559875964,2130.0798044466164,3185.7614964367417,861.0279154821824,515.9340932312616,748.7317346098786,2225.055457519508,204.6683596023384,0.7061551284120041,8.095200306318606,3.5951925220849996,32.03099370261573,86185.30188406594,24851.737202891018,57742.65610679958,57742.65610679958,25343.696530152196,0.0,150.0,1,,0.8159986448318859,0.2957076717314827,3.3817181480095306,0.5230309968811528,0.41033361428967857,0.0007725428710623428,0.009828113408098983,0.013720184812309875,0.49871015578968175,,M3;M5;M12;Y5;Y14-Y16,3.0,192.0,5,aP,True,Sweden,/home/ctm/pertussis_transmission_analysis/outputs/calibrations/Sweden_calibrated_config.yaml,current,fitted_parameters_and_state_only,e07d2d9623bba63452e5939f83db5c87901a902d0a71c99df08b4ecdc3550c54,c36eefa5b9e490f39c68369d7b2ec545f1003c465b2d7a3d65a4f58b53b37bf6,True,state_reconstruction_accepted,27.539837140679783,25.32984077491631,True,Sweden,SWE,1,contact_reduction_mean,Sweden,SWE,2025,2025,True,False,exact_year,2025,low_imported_model_anchor,https://www.folkhalsomyndigheten.se/contentassets/975cc036216b48a39b7bf34319d4ecee/pertussis-surveillance-sweden-23rd-annual-report.pdf,"No public Swedish MRBP prevalence estimate was located in the accessible national surveillance material, so keep a conservative low anchor pending numeric reporting.",Sweden,SWE,2,relative_detection_prior_mean,True,0.0,prospective_policy,3.202340290308184e-05,1.4235413699758381e-16,Sweden,burn_in,15.0,baseline_contact_reduction,1.0,Near-term current-practice run varying pre-analysis burn-in duration.,5.954795201043958,10.078270290362743,9.078270290362743,0.25,calibrated_country_scenario_analysis
temporal_assumption_sensitivity,burnin_30y,symptom_protective,country_timeline,current,2027-01-01,2032-01-01,2027,2032,289176.5553313863,977913.6051430312,32203.413951339164,9705.040550666567,14514.923076181694,41323.51511610271,25892.566025375872,76921.12169214516,228591.56852595307,21026.64955654129,37.89214589881153,36.88324121687125,36.9352905339431,3290.7112796588176,14742.600990236473,0.015075565891201806,0.01,0.010179114205639446,10733209.759999445,91134.33168571893,959976.4044829417,1003832.8384127438,2054943.5745814044,4.999418194761015,1822.432303675053,60.014035559875964,2130.0798044466164,3185.7614964367417,861.0279154821824,515.9340932312616,748.7317346098786,2225.055457519508,204.6683596023384,0.7061551284120041,8.095200306318606,3.5951925220849996,32.03099370261573,86185.30188406594,24851.737202891018,57742.65610679958,57742.65610679958,25343.696530152196,0.0,150.0,1,,0.8159986448318859,0.2957076717314827,3.3817181480095306,0.5230309968811528,0.41033361428967857,0.0007725428710623428,0.009828113408098983,0.013720184812309875,0.49871015578968175,,M3;M5;M12;Y5;Y14-Y16,3.0,192.0,5,aP,True,Sweden,/home/ctm/pertussis_transmission_analysis/outputs/calibrations/Sweden_calibrated_config.yaml,current,fitted_parameters_and_state_only,e07d2d9623bba63452e5939f83db5c87901a902d0a71c99df08b4ecdc3550c54,c36eefa5b9e490f39c68369d7b2ec545f1003c465b2d7a3d65a4f58b53b37bf6,True,state_reconstruction_accepted,27.539837140679783,25.32984077491631,True,Sweden,SWE,1,contact_reduction_mean,Sweden,SWE,2025,2025,True,False,exact_year,2025,low_imported_model_anchor,https://www.folkhalsomyndigheten.se/contentassets/975cc036216b48a39b7bf34319d4ecee/pertussis-surveillance-sweden-23rd-annual-report.pdf,"No public Swedish MRBP prevalence estimate was located in the accessible national surveillance material, so keep a conservative low anchor pending numeric reporting.",Sweden,SWE,2,relative_detection_prior_mean,True,0.0,prospective_policy,3.202340290308184e-05,1.4235413699758381e-16,Sweden,burn_in,30.0,baseline_contact_reduction,1.0,Near-term current-practice run varying pre-analysis burn-in duration.,5.954795201043958,10.078270290362743,9.078270290362743,0.25,calibrated_country_scenario_analysis
temporal_assumption_sensitivity,burnin_10y,symptom_protective,country_timeline,current,2027-01-01,2032-01-01,2027,2032,20032318.51326543,106949964.57816336,2000951.2911523255,667600.241948602,1480002.3878107849,3200782.018517201,2959692.6606378746,6828074.921103678,34202101.82608595,1397970.0331295494,2374.0461916643508,2324.2839944647003,2327.982346252001,220370.2746882772,102152157.75442559,0.955139706285444,0.01,0.9972213556580652,352348528.96619576,3540319.7461804454,34180110.513046145,32987003.53784476,70707433.79707134,4.999418194761015,6071.398177832331,113.59117388164081,3771.85102770953,8361.81321801625,1873.1095131995512,1794.668673230456,1931.5846068227547,9675.38496158937,395.469796098263,1.3477124353441514,13.13189004788504,6.585596843815312,62.3402401566465,35647.93661773023,1180904.9670064705,810577.2499206931,810577.2499206931,344123.23364212137,1140.0,1710.0,1,,0.8170956677488593,0.18730551798009248,5.338871010229841,0.5366851146396072,0.409547460219816,0.0005037738253481908,0.01180749081003189,0.016138998942446074,0.5082348510617811,,M2;M4;M6;M15;Y4;Y11-Y12,2.0,144.0,6,aP,True,United_States,/home/ctm/pertussis_transmission_analysis/outputs/calibrations/United_States_calibrated_config.yaml,current,fitted_parameters_and_state_only,e07d2d9623bba63452e5939f83db5c87901a902d0a71c99df08b4ecdc3550c54,c36eefa5b9e490f39c68369d7b2ec545f1003c465b2d7a3d65a4f58b53b37bf6,True,state_reconstruction_accepted,40.89230041380155,40.556935818834134,True,United_States,USA,1,contact_reduction_mean,United_States,USA,2025,2025,True,False,nearest_past_year,2024,low_detected_model_anchor,https://www.cdc.gov/pertussis/hcp/antibiotic-resistance/index.html; https://www.health.state.mn.us/diseases/reportable/dcn/pertussis.html; https://trace.ncbi.nlm.nih.gov/Traces/sra-db-be/runinfo?acc=SRR32181461%2CSRR32181462; https://doi.org/10.1128/jcm.01064-25; https://pubmed.ncbi.nlm.nih.gov/41802571/; https://www.paho.org/en/news/26-8-2025-paho-calls-strengthened-vaccination-and-surveillance-amid-spread-antibiotic,"CDC states reported MRBP infections remain rare in the United States and recommends continued surveillance. Minnesota's 2024 annual report states 12 erythromycin-resistant B. pertussis cases have been identified nationally, including one Minnesota case in 2024. Public SRA metadata show SRR32181461 and SRR32181462 are ONT and Illumina WGS runs for the same Minnesota BioSample SAMN46491808/sample MDH-25-000001, not independent cases. Global genomic analyses assigned the 2024 USA evidence to MT28-ptxP3-MRBP/A2047G or MR-MT28 emergence, and PAHO reported resistant pertussis cases in the United States since 2024. No population-based national resistant fraction or denominator was located; use a conservative low detected anchor pending surveillance.",United_States,USA,3,relative_detection_prior_mean,True,0.0,prospective_policy,2.8951093600231316e-05,1.3156166320465292e-16,United_States,burn_in,10.0,baseline_contact_reduction,1.0,Near-term current-practice run varying pre-analysis burn-in duration.,1.4343588639311122,79.19299468079018,78.19299468079018,0.25,calibrated_country_scenario_analysis
temporal_assumption_sensitivity,burnin_15y,symptom_protective,country_timeline,current,2027-01-01,2032-01-01,2027,2032,20032318.51326543,106949964.57816336,2000951.2911523255,667600.241948602,1480002.3878107849,3200782.018517201,2959692.6606378746,6828074.921103678,34202101.82608595,1397970.0331295494,2374.0461916643508,2324.2839944647003,2327.982346252001,220370.2746882772,102152157.75442559,0.955139706285444,0.01,0.9972213556580652,352348528.96619576,3540319.7461804454,34180110.513046145,32987003.53784476,70707433.79707134,4.999418194761015,6071.398177832331,113.59117388164081,3771.85102770953,8361.81321801625,1873.1095131995512,1794.668673230456,1931.5846068227547,9675.38496158937,395.469796098263,1.3477124353441514,13.13189004788504,6.585596843815312,62.3402401566465,35647.93661773023,1180904.9670064705,810577.2499206931,810577.2499206931,344123.23364212137,1140.0,1710.0,1,,0.8170956677488593,0.18730551798009248,5.338871010229841,0.5366851146396072,0.409547460219816,0.0005037738253481908,0.01180749081003189,0.016138998942446074,0.5082348510617811,,M2;M4;M6;M15;Y4;Y11-Y12,2.0,144.0,6,aP,True,United_States,/home/ctm/pertussis_transmission_analysis/outputs/calibrations/United_States_calibrated_config.yaml,current,fitted_parameters_and_state_only,e07d2d9623bba63452e5939f83db5c87901a902d0a71c99df08b4ecdc3550c54,c36eefa5b9e490f39c68369d7b2ec545f1003c465b2d7a3d65a4f58b53b37bf6,True,state_reconstruction_accepted,40.89230041380155,40.556935818834134,True,United_States,USA,1,contact_reduction_mean,United_States,USA,2025,2025,True,False,nearest_past_year,2024,low_detected_model_anchor,https://www.cdc.gov/pertussis/hcp/antibiotic-resistance/index.html; https://www.health.state.mn.us/diseases/reportable/dcn/pertussis.html; https://trace.ncbi.nlm.nih.gov/Traces/sra-db-be/runinfo?acc=SRR32181461%2CSRR32181462; https://doi.org/10.1128/jcm.01064-25; https://pubmed.ncbi.nlm.nih.gov/41802571/; https://www.paho.org/en/news/26-8-2025-paho-calls-strengthened-vaccination-and-surveillance-amid-spread-antibiotic,"CDC states reported MRBP infections remain rare in the United States and recommends continued surveillance. Minnesota's 2024 annual report states 12 erythromycin-resistant B. pertussis cases have been identified nationally, including one Minnesota case in 2024. Public SRA metadata show SRR32181461 and SRR32181462 are ONT and Illumina WGS runs for the same Minnesota BioSample SAMN46491808/sample MDH-25-000001, not independent cases. Global genomic analyses assigned the 2024 USA evidence to MT28-ptxP3-MRBP/A2047G or MR-MT28 emergence, and PAHO reported resistant pertussis cases in the United States since 2024. No population-based national resistant fraction or denominator was located; use a conservative low detected anchor pending surveillance.",United_States,USA,3,relative_detection_prior_mean,True,0.0,prospective_policy,2.8951093600231316e-05,1.3156166320465292e-16,United_States,burn_in,15.0,baseline_contact_reduction,1.0,Near-term current-practice run varying pre-analysis burn-in duration.,1.4343588639311122,79.19299468079018,78.19299468079018,0.25,calibrated_country_scenario_analysis
temporal_assumption_sensitivity,burnin_30y,symptom_protective,country_timeline,current,2027-01-01,2032-01-01,2027,2032,20032318.51326543,106949964.57816336,2000951.2911523255,667600.241948602,1480002.3878107849,3200782.018517201,2959692.6606378746,6828074.921103678,34202101.82608595,1397970.0331295494,2374.0461916643508,2324.2839944647003,2327.982346252001,220370.2746882772,102152157.75442559,0.955139706285444,0.01,0.9972213556580652,352348528.96619576,3540319.7461804454,34180110.513046145,32987003.53784476,70707433.79707134,4.999418194761015,6071.398177832331,113.59117388164081,3771.85102770953,8361.81321801625,1873.1095131995512,1794.668673230456,1931.5846068227547,9675.38496158937,395.469796098263,1.3477124353441514,13.13189004788504,6.585596843815312,62.3402401566465,35647.93661773023,1180904.9670064705,810577.2499206931,810577.2499206931,344123.23364212137,1140.0,1710.0,1,,0.8170956677488593,0.18730551798009248,5.338871010229841,0.5366851146396072,0.409547460219816,0.0005037738253481908,0.01180749081003189,0.016138998942446074,0.5082348510617811,,M2;M4;M6;M15;Y4;Y11-Y12,2.0,144.0,6,aP,True,United_States,/home/ctm/pertussis_transmission_analysis/outputs/calibrations/United_States_calibrated_config.yaml,current,fitted_parameters_and_state_only,e07d2d9623bba63452e5939f83db5c87901a902d0a71c99df08b4ecdc3550c54,c36eefa5b9e490f39c68369d7b2ec545f1003c465b2d7a3d65a4f58b53b37bf6,True,state_reconstruction_accepted,40.89230041380155,40.556935818834134,True,United_States,USA,1,contact_reduction_mean,United_States,USA,2025,2025,True,False,nearest_past_year,2024,low_detected_model_anchor,https://www.cdc.gov/pertussis/hcp/antibiotic-resistance/index.html; https://www.health.state.mn.us/diseases/reportable/dcn/pertussis.html; https://trace.ncbi.nlm.nih.gov/Traces/sra-db-be/runinfo?acc=SRR32181461%2CSRR32181462; https://doi.org/10.1128/jcm.01064-25; https://pubmed.ncbi.nlm.nih.gov/41802571/; https://www.paho.org/en/news/26-8-2025-paho-calls-strengthened-vaccination-and-surveillance-amid-spread-antibiotic,"CDC states reported MRBP infections remain rare in the United States and recommends continued surveillance. Minnesota's 2024 annual report states 12 erythromycin-resistant B. pertussis cases have been identified nationally, including one Minnesota case in 2024. Public SRA metadata show SRR32181461 and SRR32181462 are ONT and Illumina WGS runs for the same Minnesota BioSample SAMN46491808/sample MDH-25-000001, not independent cases. Global genomic analyses assigned the 2024 USA evidence to MT28-ptxP3-MRBP/A2047G or MR-MT28 emergence, and PAHO reported resistant pertussis cases in the United States since 2024. No population-based national resistant fraction or denominator was located; use a conservative low detected anchor pending surveillance.",United_States,USA,3,relative_detection_prior_mean,True,0.0,prospective_policy,2.8951093600231316e-05,1.3156166320465292e-16,United_States,burn_in,30.0,baseline_contact_reduction,1.0,Near-term current-practice run varying pre-analysis burn-in duration.,1.4343588639311122,79.19299468079018,78.19299468079018,0.25,calibrated_country_scenario_analysis
temporal_assumption_sensitivity,burnin_10y,symptom_protective,country_timeline,current,2027-01-01,2032-01-01,2027,2032,7352195.364222372,37717995.49691461,756304.0452779372,227685.02534059662,488791.5715260558,1226191.966593719,1273188.125087429,2727065.1170217446,13097732.729467448,538734.2265354465,731.695595892836,720.0540917754802,721.387565410658,74110.57283541696,14674385.483937798,0.3890552849007627,0.009999999999999998,0.9757930757786146,215691107.46522132,2283801.0961124045,22934711.414461225,22511161.083374534,47729673.59394816,4.999418194761015,3497.815497027941,70.13660124792392,1994.1449584162485,4281.007267021372,1069.4136429438056,1131.2933056775632,1142.8456441195758,5488.936330959978,225.77020999284576,0.6785451243373772,6.30648517509264,3.02315713587349,31.0579108725725,15896.049585971397,441281.19875602593,1490606.1678370442,1490606.1678370442,93935.24765808886,360.0,1530.0,1,,0.8105799336312051,0.1949254001269445,5.130167742883962,0.4399598713570767,0.31865015986861356,0.0005649039987212097,0.011315065388584677,0.015409193534732565,0.41267070843503834,,M2;M4;M6;M15;Y4,2.0,48.0,5,wP,True,Brazil,/home/ctm/pertussis_transmission_analysis/outputs/calibrations/Brazil_calibrated_config.yaml,current,fitted_parameters_and_state_only,e07d2d9623bba63452e5939f83db5c87901a902d0a71c99df08b4ecdc3550c54,c36eefa5b9e490f39c68369d7b2ec545f1003c465b2d7a3d65a4f58b53b37bf6,True,state_reconstruction_accepted,35.765464842101466,33.059282137577966,True,Brazil,BRA,1,contact_reduction_mean,Brazil,BRA,2025,2025,True,False,exact_year,2025,low_detected_model_anchor,https://www.paho.org/en/news/26-8-2025-paho-calls-strengthened-vaccination-and-surveillance-amid-spread-antibiotic,"PAHO reported antibiotic-resistant pertussis cases detected in Brazil since 2024, but no public national resistant fraction or denominator was located, so keep a conservative low detected anchor pending numeric reporting.",Brazil,BRA,3,relative_detection_prior_mean,True,0.0,prospective_policy,2.8141735141323725e-05,1.480345728618647e-16,Brazil,burn_in,10.0,baseline_contact_reduction,1.0,Near-term current-practice run varying pre-analysis burn-in duration.,0.8601273820862417,81.54210958591665,80.54210958591665,0.25,calibrated_country_scenario_analysis
temporal_assumption_sensitivity,burnin_15y,symptom_protective,country_timeline,current,2027-01-01,2032-01-01,2027,2032,7352195.364222372,37717995.49691461,756304.0452779372,227685.02534059662,488791.5715260558,1226191.966593719,1273188.125087429,2727065.1170217446,13097732.729467448,538734.2265354465,731.695595892836,720.0540917754802,721.387565410658,74110.57283541696,14674385.483937798,0.3890552849007627,0.009999999999999998,0.9757930757786146,215691107.46522132,2283801.0961124045,22934711.414461225,22511161.083374534,47729673.59394816,4.999418194761015,3497.815497027941,70.13660124792392,1994.1449584162485,4281.007267021372,1069.4136429438056,1131.2933056775632,1142.8456441195758,5488.936330959978,225.77020999284576,0.6785451243373772,6.30648517509264,3.02315713587349,31.0579108725725,15896.049585971397,441281.19875602593,1490606.1678370442,1490606.1678370442,93935.24765808886,360.0,1530.0,1,,0.8105799336312051,0.1949254001269445,5.130167742883962,0.4399598713570767,0.31865015986861356,0.0005649039987212097,0.011315065388584677,0.015409193534732565,0.41267070843503834,,M2;M4;M6;M15;Y4,2.0,48.0,5,wP,True,Brazil,/home/ctm/pertussis_transmission_analysis/outputs/calibrations/Brazil_calibrated_config.yaml,current,fitted_parameters_and_state_only,e07d2d9623bba63452e5939f83db5c87901a902d0a71c99df08b4ecdc3550c54,c36eefa5b9e490f39c68369d7b2ec545f1003c465b2d7a3d65a4f58b53b37bf6,True,state_reconstruction_accepted,35.765464842101466,33.059282137577966,True,Brazil,BRA,1,contact_reduction_mean,Brazil,BRA,2025,2025,True,False,exact_year,2025,low_detected_model_anchor,https://www.paho.org/en/news/26-8-2025-paho-calls-strengthened-vaccination-and-surveillance-amid-spread-antibiotic,"PAHO reported antibiotic-resistant pertussis cases detected in Brazil since 2024, but no public national resistant fraction or denominator was located, so keep a conservative low detected anchor pending numeric reporting.",Brazil,BRA,3,relative_detection_prior_mean,True,0.0,prospective_policy,2.8141735141323725e-05,1.480345728618647e-16,Brazil,burn_in,15.0,baseline_contact_reduction,1.0,Near-term current-practice run varying pre-analysis burn-in duration.,0.8601273820862417,81.54210958591665,80.54210958591665,0.25,calibrated_country_scenario_analysis
temporal_assumption_sensitivity,burnin_30y,symptom_protective,country_timeline,current,2027-01-01,2032-01-01,2027,2032,7352195.364222372,37717995.49691461,756304.0452779372,227685.02534059662,488791.5715260558,1226191.966593719,1273188.125087429,2727065.1170217446,13097732.729467448,538734.2265354465,731.695595892836,720.0540917754802,721.387565410658,74110.57283541696,14674385.483937798,0.3890552849007627,0.009999999999999998,0.9757930757786146,215691107.46522132,2283801.0961124045,22934711.414461225,22511161.083374534,47729673.59394816,4.999418194761015,3497.815497027941,70.13660124792392,1994.1449584162485,4281.007267021372,1069.4136429438056,1131.2933056775632,1142.8456441195758,5488.936330959978,225.77020999284576,0.6785451243373772,6.30648517509264,3.02315713587349,31.0579108725725,15896.049585971397,441281.19875602593,1490606.1678370442,1490606.1678370442,93935.24765808886,360.0,1530.0,1,,0.8105799336312051,0.1949254001269445,5.130167742883962,0.4399598713570767,0.31865015986861356,0.0005649039987212097,0.011315065388584677,0.015409193534732565,0.41267070843503834,,M2;M4;M6;M15;Y4,2.0,48.0,5,wP,True,Brazil,/home/ctm/pertussis_transmission_analysis/outputs/calibrations/Brazil_calibrated_config.yaml,current,fitted_parameters_and_state_only,e07d2d9623bba63452e5939f83db5c87901a902d0a71c99df08b4ecdc3550c54,c36eefa5b9e490f39c68369d7b2ec545f1003c465b2d7a3d65a4f58b53b37bf6,True,state_reconstruction_accepted,35.765464842101466,33.059282137577966,True,Brazil,BRA,1,contact_reduction_mean,Brazil,BRA,2025,2025,True,False,exact_year,2025,low_detected_model_anchor,https://www.paho.org/en/news/26-8-2025-paho-calls-strengthened-vaccination-and-surveillance-amid-spread-antibiotic,"PAHO reported antibiotic-resistant pertussis cases detected in Brazil since 2024, but no public national resistant fraction or denominator was located, so keep a conservative low detected anchor pending numeric reporting.",Brazil,BRA,3,relative_detection_prior_mean,True,0.0,prospective_policy,2.8141735141323725e-05,1.480345728618647e-16,Brazil,burn_in,30.0,baseline_contact_reduction,1.0,Near-term current-practice run varying pre-analysis burn-in duration.,0.8601273820862417,81.54210958591665,80.54210958591665,0.25,calibrated_country_scenario_analysis
temporal_assumption_sensitivity,burnin_10y,symptom_protective,country_timeline,current,2027-01-01,2032-01-01,2027,2032,149298.4086941025,780644.938973327,12853.378179037318,3106.7883476919674,6398.318183913664,18031.12409609517,24724.5473584445,45862.459802231635,219560.92028335817,8150.229376500613,11.54603052317234,11.221556691902828,11.241155520904206,1078.5529485649577,443374.797200348,0.5679596127062027,0.01,0.9035442628422036,71045565.67047629,528070.8277960164,5333185.078433473,5844172.63346864,11705428.539698128,4.999418194761015,219.7845224651102,3.6187688462548366,117.67928601085684,242.356231351456,67.62646409433364,84.62249908867555,78.37012864859494,375.18741129479054,13.927175461287195,0.032506952626125005,0.4250514137580405,0.19208974139875037,1.8430396820809893,1859.3304546834565,7063.769792651601,14311.894592910992,14311.894592910992,3619.100929351508,1826.0,1406.0,2,3.041095890410959,0.8048132223921105,0.1912500821313897,5.228755924470638,0.3231068622858308,0.23927243507795337,1.591089010184439e-05,0.007095563286172273,0.009631142316621408,0.30636424579293525,,M2;M4;M6;Y1.5;Y4,2.0,48.0,5,wP,True,Thailand,/home/ctm/pertussis_transmission_analysis/outputs/calibrations/Thailand_calibrated_config.yaml,current,fitted_parameters_and_state_only,e07d2d9623bba63452e5939f83db5c87901a902d0a71c99df08b4ecdc3550c54,c36eefa5b9e490f39c68369d7b2ec545f1003c465b2d7a3d65a4f58b53b37bf6,True,state_reconstruction_accepted,23.271535511942638,22.994994979200612,True,Thailand,THA,1,contact_reduction_mean,Thailand,THA,2025,2025,True,False,exact_year,2025,low_imported_model_anchor,https://www.cdc.gov/pertussis/hcp/antibiotic-resistance/index.html,"No public Thailand-specific MRBP prevalence estimate was located in accessible surveillance material; CDC notes increasing MRBP globally, so keep a conservative low imported anchor pending numeric reporting.",Thailand,THA,3,relative_detection_prior_mean,True,0.0,prospective_policy,4.086723819167002e-05,1.6177673822097892e-16,Thailand,burn_in,10.0,baseline_contact_reduction,1.0,Near-term current-practice run varying pre-analysis burn-in duration.,0.1976821449825874,18.305997471716992,17.305997471716992,0.25,calibrated_country_scenario_analysis
temporal_assumption_sensitivity,burnin_15y,symptom_protective,country_timeline,current,2027-01-01,2032-01-01,2027,2032,149298.4086941025,780644.938973327,12853.378179037318,3106.7883476919674,6398.318183913664,18031.12409609517,24724.5473584445,45862.459802231635,219560.92028335817,8150.229376500613,11.54603052317234,11.221556691902828,11.241155520904206,1078.5529485649577,443374.797200348,0.5679596127062027,0.01,0.9035442628422036,71045565.67047629,528070.8277960164,5333185.078433473,5844172.63346864,11705428.539698128,4.999418194761015,219.7845224651102,3.6187688462548366,117.67928601085684,242.356231351456,67.62646409433364,84.62249908867555,78.37012864859494,375.18741129479054,13.927175461287195,0.032506952626125005,0.4250514137580405,0.19208974139875037,1.8430396820809893,1859.3304546834565,7063.769792651601,14311.894592910992,14311.894592910992,3619.100929351508,1826.0,1406.0,2,3.041095890410959,0.8048132223921105,0.1912500821313897,5.228755924470638,0.3231068622858308,0.23927243507795337,1.591089010184439e-05,0.007095563286172273,0.009631142316621408,0.30636424579293525,,M2;M4;M6;Y1.5;Y4,2.0,48.0,5,wP,True,Thailand,/home/ctm/pertussis_transmission_analysis/outputs/calibrations/Thailand_calibrated_config.yaml,current,fitted_parameters_and_state_only,e07d2d9623bba63452e5939f83db5c87901a902d0a71c99df08b4ecdc3550c54,c36eefa5b9e490f39c68369d7b2ec545f1003c465b2d7a3d65a4f58b53b37bf6,True,state_reconstruction_accepted,23.271535511942638,22.994994979200612,True,Thailand,THA,1,contact_reduction_mean,Thailand,THA,2025,2025,True,False,exact_year,2025,low_imported_model_anchor,https://www.cdc.gov/pertussis/hcp/antibiotic-resistance/index.html,"No public Thailand-specific MRBP prevalence estimate was located in accessible surveillance material; CDC notes increasing MRBP globally, so keep a conservative low imported anchor pending numeric reporting.",Thailand,THA,3,relative_detection_prior_mean,True,0.0,prospective_policy,4.086723819167002e-05,1.6177673822097892e-16,Thailand,burn_in,15.0,baseline_contact_reduction,1.0,Near-term current-practice run varying pre-analysis burn-in duration.,0.1976821449825874,18.305997471716992,17.305997471716992,0.25,calibrated_country_scenario_analysis
temporal_assumption_sensitivity,burnin_30y,symptom_protective,country_timeline,current,2027-01-01,2032-01-01,2027,2032,149298.4086941025,780644.938973327,12853.378179037318,3106.7883476919674,6398.318183913664,18031.12409609517,24724.5473584445,45862.459802231635,219560.92028335817,8150.229376500613,11.54603052317234,11.221556691902828,11.241155520904206,1078.5529485649577,443374.797200348,0.5679596127062027,0.01,0.9035442628422036,71045565.67047629,528070.8277960164,5333185.078433473,5844172.63346864,11705428.539698128,4.999418194761015,219.7845224651102,3.6187688462548366,117.67928601085684,242.356231351456,67.62646409433364,84.62249908867555,78.37012864859494,375.18741129479054,13.927175461287195,0.032506952626125005,0.4250514137580405,0.19208974139875037,1.8430396820809893,1859.3304546834565,7063.769792651601,14311.894592910992,14311.894592910992,3619.100929351508,1826.0,1406.0,2,3.041095890410959,0.8048132223921105,0.1912500821313897,5.228755924470638,0.3231068622858308,0.23927243507795337,1.591089010184439e-05,0.007095563286172273,0.009631142316621408,0.30636424579293525,,M2;M4;M6;Y1.5;Y4,2.0,48.0,5,wP,True,Thailand,/home/ctm/pertussis_transmission_analysis/outputs/calibrations/Thailand_calibrated_config.yaml,current,fitted_parameters_and_state_only,e07d2d9623bba63452e5939f83db5c87901a902d0a71c99df08b4ecdc3550c54,c36eefa5b9e490f39c68369d7b2ec545f1003c465b2d7a3d65a4f58b53b37bf6,True,state_reconstruction_accepted,23.271535511942638,22.994994979200612,True,Thailand,THA,1,contact_reduction_mean,Thailand,THA,2025,2025,True,False,exact_year,2025,low_imported_model_anchor,https://www.cdc.gov/pertussis/hcp/antibiotic-resistance/index.html,"No public Thailand-specific MRBP prevalence estimate was located in accessible surveillance material; CDC notes increasing MRBP globally, so keep a conservative low imported anchor pending numeric reporting.",Thailand,THA,3,relative_detection_prior_mean,True,0.0,prospective_policy,4.086723819167002e-05,1.6177673822097892e-16,Thailand,burn_in,30.0,baseline_contact_reduction,1.0,Near-term current-practice run varying pre-analysis burn-in duration.,0.1976821449825874,18.305997471716992,17.305997471716992,0.25,calibrated_country_scenario_analysis
temporal_assumption_sensitivity,npi_country_profile,symptom_protective,country_timeline,current,2027-01-01,2032-01-01,2027,2032,180279.0210764701,535195.1527481062,21001.726804455386,22154.4652909053,31914.66908743977,38928.84485820367,13055.909853549518,74139.22000265849,173621.42327681085,17563.56569261496,92.28174901945582,91.62237364540417,91.69386543024764,7513.657478528647,33988.233040113075,0.06350624228487717,0.043,0.05364322568596123,27785451.407729663,288908.12071183324,2837781.2443000786,2617463.193019952,5744152.558031864,4.999418194761015,385.27892025916896,15.118826441626906,1533.8470551199305,2209.5871216983105,274.3930686323028,99.77163586878135,258.16810112487786,604.5857126682158,61.15996909168807,0.6643223960321897,6.34340328930405,3.1929700800842347,26.164109679936228,18137.47994017836,25168.982727931823,31134.60595979012,31134.60595979012,13807.070343465683,0.0,150.0,1,,0.8074980608805364,0.33684726057547054,2.968704564471143,0.7224875802985201,0.5599003979045565,0.004667164837758161,0.02431472943110421,0.0344406757312044,0.6590650102984534,,M2;M4;M6;M18;Y4;Y12-Y13,2.0,156.0,6,aP,True,Australia,/home/ctm/pertussis_transmission_analysis/outputs/calibrations/Australia_calibrated_config.yaml,current,fitted_parameters_and_state_only,e07d2d9623bba63452e5939f83db5c87901a902d0a71c99df08b4ecdc3550c54,c36eefa5b9e490f39c68369d7b2ec545f1003c465b2d7a3d65a4f58b53b37bf6,True,state_reconstruction_accepted,45.30917710919712,43.437823518402524,True,Australia,AUS,1,contact_reduction_mean,Australia,AUS,2025,2025,True,False,nearest_past_year,2024,measured_national_genomic_surveillance_fraction,https://doi.org/10.1016/j.lanmic.2025.101286,Nationwide Australian tNGS study of 2024-positive respiratory specimens estimated macrolide resistance at 8/188 (4.3%).,Australia,AUS,3,relative_detection_prior_mean,True,0.0,prospective_policy,1.5769242865424038e-05,1.502232944079048e-16,Australia,npi_contact_shock,15.0,npi_country_profile,1.0,Near-term current-practice run varying COVID-19 NPI contact-reduction assumptions for countries with explicit NPI periods.,54.978665659530755,0.27499442302317867,0.7250055769768213,0.25,calibrated_country_scenario_analysis
temporal_assumption_sensitivity,npi_reduction_half,symptom_protective,country_timeline,current,2027-01-01,2032-01-01,2027,2032,180279.0210764701,535195.1527481062,21001.726804455386,22154.4652909053,31914.66908743977,38928.84485820367,13055.909853549518,74139.22000265849,173621.42327681085,17563.56569261496,92.28174901945582,91.62237364540417,91.69386543024764,7513.657478528647,33988.233040113075,0.06350624228487717,0.043,0.05364322568596123,27785451.407729663,288908.12071183324,2837781.2443000786,2617463.193019952,5744152.558031864,4.999418194761015,385.27892025916896,15.118826441626906,1533.8470551199305,2209.5871216983105,274.3930686323028,99.77163586878135,258.16810112487786,604.5857126682158,61.15996909168807,0.6643223960321897,6.34340328930405,3.1929700800842347,26.164109679936228,18137.47994017836,25168.982727931823,31134.60595979012,31134.60595979012,13807.070343465683,0.0,150.0,1,,0.8074980608805364,0.33684726057547054,2.968704564471143,0.7224875802985201,0.5599003979045565,0.004667164837758161,0.02431472943110421,0.0344406757312044,0.6590650102984534,,M2;M4;M6;M18;Y4;Y12-Y13,2.0,156.0,6,aP,True,Australia,/home/ctm/pertussis_transmission_analysis/outputs/calibrations/Australia_calibrated_config.yaml,current,fitted_parameters_and_state_only,e07d2d9623bba63452e5939f83db5c87901a902d0a71c99df08b4ecdc3550c54,c36eefa5b9e490f39c68369d7b2ec545f1003c465b2d7a3d65a4f58b53b37bf6,True,state_reconstruction_accepted,45.30917710919712,43.437823518402524,True,Australia,AUS,1,contact_reduction_mean,Australia,AUS,2025,2025,True,False,nearest_past_year,2024,measured_national_genomic_surveillance_fraction,https://doi.org/10.1016/j.lanmic.2025.101286,Nationwide Australian tNGS study of 2024-positive respiratory specimens estimated macrolide resistance at 8/188 (4.3%).,Australia,AUS,3,relative_detection_prior_mean,True,0.0,prospective_policy,1.5769242865424038e-05,1.502232944079048e-16,Australia,npi_contact_shock,15.0,npi_reduction_half,0.5,Near-term current-practice run varying COVID-19 NPI contact-reduction assumptions for countries with explicit NPI periods.,54.978665659530755,0.27499442302317867,0.7250055769768213,0.25,calibrated_country_scenario_analysis
temporal_assumption_sensitivity,npi_none,symptom_protective,country_timeline,current,2027-01-01,2032-01-01,2027,2032,180279.0210764701,535195.1527481062,21001.726804455386,22154.4652909053,31914.66908743977,38928.84485820367,13055.909853549518,74139.22000265849,173621.42327681085,17563.56569261496,92.28174901945582,91.62237364540417,91.69386543024764,7513.657478528647,33988.233040113075,0.06350624228487717,0.043,0.05364322568596123,27785451.407729663,288908.12071183324,2837781.2443000786,2617463.193019952,5744152.558031864,4.999418194761015,385.27892025916896,15.118826441626906,1533.8470551199305,2209.5871216983105,274.3930686323028,99.77163586878135,258.16810112487786,604.5857126682158,61.15996909168807,0.6643223960321897,6.34340328930405,3.1929700800842347,26.164109679936228,18137.47994017836,25168.982727931823,31134.60595979012,31134.60595979012,13807.070343465683,0.0,150.0,1,,0.8074980608805364,0.33684726057547054,2.968704564471143,0.7224875802985201,0.5599003979045565,0.004667164837758161,0.02431472943110421,0.0344406757312044,0.6590650102984534,,M2;M4;M6;M18;Y4;Y12-Y13,2.0,156.0,6,aP,True,Australia,/home/ctm/pertussis_transmission_analysis/outputs/calibrations/Australia_calibrated_config.yaml,current,fitted_parameters_and_state_only,e07d2d9623bba63452e5939f83db5c87901a902d0a71c99df08b4ecdc3550c54,c36eefa5b9e490f39c68369d7b2ec545f1003c465b2d7a3d65a4f58b53b37bf6,True,state_reconstruction_accepted,45.30917710919712,43.437823518402524,True,Australia,AUS,1,contact_reduction_mean,Australia,AUS,2025,2025,True,False,nearest_past_year,2024,measured_national_genomic_surveillance_fraction,https://doi.org/10.1016/j.lanmic.2025.101286,Nationwide Australian tNGS study of 2024-positive respiratory specimens estimated macrolide resistance at 8/188 (4.3%).,Australia,AUS,3,relative_detection_prior_mean,True,0.0,prospective_policy,1.5769242865424038e-05,1.502232944079048e-16,Australia,npi_contact_shock,15.0,npi_none,,Near-term current-practice run varying COVID-19 NPI contact-reduction assumptions for countries with explicit NPI periods.,54.978665659530755,0.27499442302317867,0.7250055769768213,0.25,calibrated_country_scenario_analysis
temporal_assumption_sensitivity,npi_country_profile,symptom_protective,country_timeline,current,2027-01-01,2032-01-01,2027,2032,2242999.924242207,8070884.955137813,522093.0768760934,213456.5249939966,310818.88477471075,248300.65575597464,154015.53447242585,615772.7152223971,1697582.4309636045,373209.8956547674,1232.9072207286301,1225.3685749674958,1225.7836259388487,83914.01509635213,8054438.06097564,0.9979621944491102,0.997,0.9973809773078959,1396459581.8845315,8001977.13173074,88597357.33253273,133092917.26691955,229692251.73118302,4.999418194761015,115.60412210665633,7.478252031309398,533.5715471189939,776.9456250058741,56.05800423837625,23.146755083604425,53.62343491150559,147.8308452832554,32.50029768003806,0.17659669005758627,3.06302094234314,1.0674511366971067,7.307497742989748,4576.951660740786,305891.4391056688,43629.987708608816,43629.987708608816,175110.35623188465,0.0,210.0,1,,0.8191517271610683,0.27791251352360613,3.5982546713034536,0.6785738061456229,0.5722432188341816,0.00016647101190585224,0.009628246518028225,0.013700004100447786,0.6550790845152412,,M3;M4;M5;M18,3.0,18.0,4,aP,True,China,/home/ctm/pertussis_transmission_analysis/outputs/calibrations/China_calibrated_config.yaml,current,fitted_parameters_and_state_only,e07d2d9623bba63452e5939f83db5c87901a902d0a71c99df08b4ecdc3550c54,c36eefa5b9e490f39c68369d7b2ec545f1003c465b2d7a3d65a4f58b53b37bf6,True,state_reconstruction_accepted,61.55520059847223,56.080676333404014,True,China,CHN,1,contact_reduction_mean,China,CHN,2025,2025,True,False,nearest_past_year,2024,measured_multicenter_isolate_fraction,https://www.sciencedirect.com/science/article/pii/S2666606525001658,Five sentinel hospitals in China during 2024; 393/394 isolates displayed high-level azithromycin resistance.,China,CHN,7,relative_detection_prior_mean,True,0.0,prospective_policy,2.010611200412732e-05,1.6667804836994706e-16,China,npi_contact_shock,15.0,npi_country_profile,1.0,Near-term current-practice run varying COVID-19 NPI contact-reduction assumptions for countries with explicit NPI periods.,4.146450779474111,1.803530881960175,0.803530881960175,0.25,calibrated_country_scenario_analysis
temporal_assumption_sensitivity,npi_reduction_half,symptom_protective,country_timeline,current,2027-01-01,2032-01-01,2027,2032,2242999.924242207,8070884.955137813,522093.0768760934,213456.5249939966,310818.88477471075,248300.65575597464,154015.53447242585,615772.7152223971,1697582.4309636045,373209.8956547674,1232.9072207286301,1225.3685749674958,1225.7836259388487,83914.01509635213,8054438.06097564,0.9979621944491102,0.997,0.9973809773078959,1396459581.8845315,8001977.13173074,88597357.33253273,133092917.26691955,229692251.73118302,4.999418194761015,115.60412210665633,7.478252031309398,533.5715471189939,776.9456250058741,56.05800423837625,23.146755083604425,53.62343491150559,147.8308452832554,32.50029768003806,0.17659669005758627,3.06302094234314,1.0674511366971067,7.307497742989748,4576.951660740786,305891.4391056688,43629.987708608816,43629.987708608816,175110.35623188465,0.0,210.0,1,,0.8191517271610683,0.27791251352360613,3.5982546713034536,0.6785738061456229,0.5722432188341816,0.00016647101190585224,0.009628246518028225,0.013700004100447786,0.6550790845152412,,M3;M4;M5;M18,3.0,18.0,4,aP,True,China,/home/ctm/pertussis_transmission_analysis/outputs/calibrations/China_calibrated_config.yaml,current,fitted_parameters_and_state_only,e07d2d9623bba63452e5939f83db5c87901a902d0a71c99df08b4ecdc3550c54,c36eefa5b9e490f39c68369d7b2ec545f1003c465b2d7a3d65a4f58b53b37bf6,True,state_reconstruction_accepted,61.55520059847223,56.080676333404014,True,China,CHN,1,contact_reduction_mean,China,CHN,2025,2025,True,False,nearest_past_year,2024,measured_multicenter_isolate_fraction,https://www.sciencedirect.com/science/article/pii/S2666606525001658,Five sentinel hospitals in China during 2024; 393/394 isolates displayed high-level azithromycin resistance.,China,CHN,7,relative_detection_prior_mean,True,0.0,prospective_policy,2.010611200412732e-05,1.6667804836994706e-16,China,npi_contact_shock,15.0,npi_reduction_half,0.5,Near-term current-practice run varying COVID-19 NPI contact-reduction assumptions for countries with explicit NPI periods.,4.146450779474111,1.803530881960175,0.803530881960175,0.25,calibrated_country_scenario_analysis
temporal_assumption_sensitivity,npi_none,symptom_protective,country_timeline,current,2027-01-01,2032-01-01,2027,2032,2242999.924242207,8070884.955137813,522093.0768760934,213456.5249939966,310818.88477471075,248300.65575597464,154015.53447242585,615772.7152223971,1697582.4309636045,373209.8956547674,1232.9072207286301,1225.3685749674958,1225.7836259388487,83914.01509635213,8054438.06097564,0.9979621944491102,0.997,0.9973809773078959,1396459581.8845315,8001977.13173074,88597357.33253273,133092917.26691955,229692251.73118302,4.999418194761015,115.60412210665633,7.478252031309398,533.5715471189939,776.9456250058741,56.05800423837625,23.146755083604425,53.62343491150559,147.8308452832554,32.50029768003806,0.17659669005758627,3.06302094234314,1.0674511366971067,7.307497742989748,4576.951660740786,305891.4391056688,43629.987708608816,43629.987708608816,175110.35623188465,0.0,210.0,1,,0.8191517271610683,0.27791251352360613,3.5982546713034536,0.6785738061456229,0.5722432188341816,0.00016647101190585224,0.009628246518028225,0.013700004100447786,0.6550790845152412,,M3;M4;M5;M18,3.0,18.0,4,aP,True,China,/home/ctm/pertussis_transmission_analysis/outputs/calibrations/China_calibrated_config.yaml,current,fitted_parameters_and_state_only,e07d2d9623bba63452e5939f83db5c87901a902d0a71c99df08b4ecdc3550c54,c36eefa5b9e490f39c68369d7b2ec545f1003c465b2d7a3d65a4f58b53b37bf6,True,state_reconstruction_accepted,61.55520059847223,56.080676333404014,True,China,CHN,1,contact_reduction_mean,China,CHN,2025,2025,True,False,nearest_past_year,2024,measured_multicenter_isolate_fraction,https://www.sciencedirect.com/science/article/pii/S2666606525001658,Five sentinel hospitals in China during 2024; 393/394 isolates displayed high-level azithromycin resistance.,China,CHN,7,relative_detection_prior_mean,True,0.0,prospective_policy,2.010611200412732e-05,1.6667804836994706e-16,China,npi_contact_shock,15.0,npi_none,,Near-term current-practice run varying COVID-19 NPI contact-reduction assumptions for countries with explicit NPI periods.,4.146450779474111,1.803530881960175,0.803530881960175,0.25,calibrated_country_scenario_analysis
temporal_assumption_sensitivity,npi_country_profile,symptom_protective,country_timeline,current,2027-01-01,2032-01-01,2027,2032,19110.70335149254,96737.33307699565,1069.56177080479,967.8999445654044,2052.240021623667,4747.594060827965,2804.112613462567,8519.606618855936,40267.856079218385,852.8359035735778,3.180515783628485,3.13742179289634,3.142719192408707,314.2242204662164,2213.2587041463826,0.022879054381050538,0.003,0.048779326153075314,70515966.30479945,651878.7473900464,6530461.608686016,6672359.263977727,13854699.62005379,4.999418194761015,27.440194303290514,0.30338838043938354,29.699160692063536,62.97118470055521,14.54153425791952,8.406138908186874,12.29993910837864,58.13556892440787,1.231257516066243,0.009021746652658327,0.0962690353576253,0.045372112153402276,0.4536522577883078,169.79791776418116,1296.409068094325,2462.4872527949947,2462.4872527949947,328.04011637490703,1680.0,1256.0,1,,0.8091852673675644,0.19755251404627677,5.061945198863678,0.5646316020744232,0.40404959675358987,0.0007105181335112418,0.018750490991496654,0.025462327513155407,0.5197082654362599,,W8;W12;W16;M40,1.8410958904109591,40.0,4,aP,True,United_Kingdom,/home/ctm/pertussis_transmission_analysis/outputs/calibrations/United_Kingdom_calibrated_config.yaml,current,fitted_parameters_and_state_only,e07d2d9623bba63452e5939f83db5c87901a902d0a71c99df08b4ecdc3550c54,c36eefa5b9e490f39c68369d7b2ec545f1003c465b2d7a3d65a4f58b53b37bf6,True,state_reconstruction_accepted,48.22162649451701,42.000016882084694,True,United_Kingdom,GBR,1,contact_reduction_mean,United_Kingdom,GBR,2025,2025,True,False,nearest_past_year,2024,measured_national_surveillance_fraction,https://www.postersessiononline.eu/173580348_eu/congresos/UKHSA2025/aula/-P_58_UKHSA2025.pdf,"UKHSA national reference laboratory poster: 661 B. pertussis isolates received from June 2023 to November 2024, with 2 predicted and phenotypically confirmed macrolide-resistant isolates.",United_Kingdom,GBR,3,relative_detection_prior_mean,True,0.0,prospective_policy,6.047227433250013e-05,1.6570722974665014e-16,United_Kingdom,npi_contact_shock,15.0,npi_country_profile,1.0,Near-term current-practice run varying COVID-19 NPI contact-reduction assumptions for countries with explicit NPI periods.,6.999594011212859,0.0433437110714388,0.9566562889285612,0.25,calibrated_country_scenario_analysis
temporal_assumption_sensitivity,npi_reduction_half,symptom_protective,country_timeline,current,2027-01-01,2032-01-01,2027,2032,19110.70335149254,96737.33307699565,1069.56177080479,967.8999445654044,2052.240021623667,4747.594060827965,2804.112613462567,8519.606618855936,40267.856079218385,852.8359035735778,3.180515783628485,3.13742179289634,3.142719192408707,314.2242204662164,2213.2587041463826,0.022879054381050538,0.003,0.048779326153075314,70515966.30479945,651878.7473900464,6530461.608686016,6672359.263977727,13854699.62005379,4.999418194761015,27.440194303290514,0.30338838043938354,29.699160692063536,62.97118470055521,14.54153425791952,8.406138908186874,12.29993910837864,58.13556892440787,1.231257516066243,0.009021746652658327,0.0962690353576253,0.045372112153402276,0.4536522577883078,169.79791776418116,1296.409068094325,2462.4872527949947,2462.4872527949947,328.04011637490703,1680.0,1256.0,1,,0.8091852673675644,0.19755251404627677,5.061945198863678,0.5646316020744232,0.40404959675358987,0.0007105181335112418,0.018750490991496654,0.025462327513155407,0.5197082654362599,,W8;W12;W16;M40,1.8410958904109591,40.0,4,aP,True,United_Kingdom,/home/ctm/pertussis_transmission_analysis/outputs/calibrations/United_Kingdom_calibrated_config.yaml,current,fitted_parameters_and_state_only,e07d2d9623bba63452e5939f83db5c87901a902d0a71c99df08b4ecdc3550c54,c36eefa5b9e490f39c68369d7b2ec545f1003c465b2d7a3d65a4f58b53b37bf6,True,state_reconstruction_accepted,48.22162649451701,42.000016882084694,True,United_Kingdom,GBR,1,contact_reduction_mean,United_Kingdom,GBR,2025,2025,True,False,nearest_past_year,2024,measured_national_surveillance_fraction,https://www.postersessiononline.eu/173580348_eu/congresos/UKHSA2025/aula/-P_58_UKHSA2025.pdf,"UKHSA national reference laboratory poster: 661 B. pertussis isolates received from June 2023 to November 2024, with 2 predicted and phenotypically confirmed macrolide-resistant isolates.",United_Kingdom,GBR,3,relative_detection_prior_mean,True,0.0,prospective_policy,6.047227433250013e-05,1.6570722974665014e-16,United_Kingdom,npi_contact_shock,15.0,npi_reduction_half,0.5,Near-term current-practice run varying COVID-19 NPI contact-reduction assumptions for countries with explicit NPI periods.,6.999594011212859,0.0433437110714388,0.9566562889285612,0.25,calibrated_country_scenario_analysis
temporal_assumption_sensitivity,npi_none,symptom_protective,country_timeline,current,2027-01-01,2032-01-01,2027,2032,19110.70335149254,96737.33307699565,1069.56177080479,967.8999445654044,2052.240021623667,4747.594060827965,2804.112613462567,8519.606618855936,40267.856079218385,852.8359035735778,3.180515783628485,3.13742179289634,3.142719192408707,314.2242204662164,2213.2587041463826,0.022879054381050538,0.003,0.048779326153075314,70515966.30479945,651878.7473900464,6530461.608686016,6672359.263977727,13854699.62005379,4.999418194761015,27.440194303290514,0.30338838043938354,29.699160692063536,62.97118470055521,14.54153425791952,8.406138908186874,12.29993910837864,58.13556892440787,1.231257516066243,0.009021746652658327,0.0962690353576253,0.045372112153402276,0.4536522577883078,169.79791776418116,1296.409068094325,2462.4872527949947,2462.4872527949947,328.04011637490703,1680.0,1256.0,1,,0.8091852673675644,0.19755251404627677,5.061945198863678,0.5646316020744232,0.40404959675358987,0.0007105181335112418,0.018750490991496654,0.025462327513155407,0.5197082654362599,,W8;W12;W16;M40,1.8410958904109591,40.0,4,aP,True,United_Kingdom,/home/ctm/pertussis_transmission_analysis/outputs/calibrations/United_Kingdom_calibrated_config.yaml,current,fitted_parameters_and_state_only,e07d2d9623bba63452e5939f83db5c87901a902d0a71c99df08b4ecdc3550c54,c36eefa5b9e490f39c68369d7b2ec545f1003c465b2d7a3d65a4f58b53b37bf6,True,state_reconstruction_accepted,48.22162649451701,42.000016882084694,True,United_Kingdom,GBR,1,contact_reduction_mean,United_Kingdom,GBR,2025,2025,True,False,nearest_past_year,2024,measured_national_surveillance_fraction,https://www.postersessiononline.eu/173580348_eu/congresos/UKHSA2025/aula/-P_58_UKHSA2025.pdf,"UKHSA national reference laboratory poster: 661 B. pertussis isolates received from June 2023 to November 2024, with 2 predicted and phenotypically confirmed macrolide-resistant isolates.",United_Kingdom,GBR,3,relative_detection_prior_mean,True,0.0,prospective_policy,6.047227433250013e-05,1.6570722974665014e-16,United_Kingdom,npi_contact_shock,15.0,npi_none,,Near-term current-practice run varying COVID-19 NPI contact-reduction assumptions for countries with explicit NPI periods.,6.999594011212859,0.0433437110714388,0.9566562889285612,0.25,calibrated_country_scenario_analysis
temporal_assumption_sensitivity,npi_country_profile,symptom_protective,country_timeline,current,2027-01-01,2032-01-01,2027,2032,4643688.343090881,23264004.932804108,270891.88439126965,165339.6141871889,351895.95306552225,630336.9082674204,443052.21082286525,1238728.7332774745,5900089.606597669,177470.67555575975,674.3023487005241,654.4848440504627,655.321217322033,56845.32074216891,23176786.413690943,0.9962509241480525,0.8270000000000001,0.9988601085622227,118980814.51399367,715391.0743261046,7149047.978198901,7916218.119595209,15780657.172120217,4.999418194761015,3911.0023522466954,45.540688291587905,4622.894007243429,9839.007430839076,1763.6201782073983,1119.4834809947888,1570.1157135759165,7478.492388171525,224.9479558383783,1.133595904707947,18.299389884671506,8.30633950045415,72.05268509788381,48674.996219905894,235738.84750510994,139853.68455714875,139853.68455714875,158668.23826602646,1710.0,476.0,1,,0.8081799411272181,0.19960829429428587,5.009811859449504,0.4549445965029409,0.34999252178848783,3.4543534142451445e-05,0.010959620893941239,0.015022188726150666,0.4289282433487065,,M2;M3;M4;Y1,2.0,12.0,4,aP,True,Japan,/home/ctm/pertussis_transmission_analysis/outputs/calibrations/Japan_calibrated_config.yaml,current,fitted_parameters_and_state_only,e07d2d9623bba63452e5939f83db5c87901a902d0a71c99df08b4ecdc3550c54,c36eefa5b9e490f39c68369d7b2ec545f1003c465b2d7a3d65a4f58b53b37bf6,True,state_reconstruction_accepted,48.269543785369024,41.434615044876836,True,Japan,JPN,1,contact_reduction_mean,Japan,JPN,2025,2025,True,False,exact_year,2025,measured_multicenter_isolate_fraction,https://www.mdpi.com/2227-9059/14/1/167,"Japanese children at six clinics, March-August 2025; 43/52 sequenced B. pertussis isolates carried the A2047G mutation associated with macrolide resistance.",Japan,JPN,3,relative_detection_prior_mean,True,0.0,prospective_policy,7.644092124256049e-05,2.2471172848738243e-16,Japan,npi_contact_shock,15.0,npi_country_profile,1.0,Near-term current-practice run varying COVID-19 NPI contact-reduction assumptions for countries with explicit NPI periods.,7.349919218851434,6.196080111300123,5.196080111300123,0.25,calibrated_country_scenario_analysis
temporal_assumption_sensitivity,npi_reduction_half,symptom_protective,country_timeline,current,2027-01-01,2032-01-01,2027,2032,4643688.343090881,23264004.932804108,270891.88439126965,165339.6141871889,351895.95306552225,630336.9082674204,443052.21082286525,1238728.7332774745,5900089.606597669,177470.67555575975,674.3023487005241,654.4848440504627,655.321217322033,56845.32074216891,23176786.413690943,0.9962509241480525,0.8270000000000001,0.9988601085622227,118980814.51399367,715391.0743261046,7149047.978198901,7916218.119595209,15780657.172120217,4.999418194761015,3911.0023522466954,45.540688291587905,4622.894007243429,9839.007430839076,1763.6201782073983,1119.4834809947888,1570.1157135759165,7478.492388171525,224.9479558383783,1.133595904707947,18.299389884671506,8.30633950045415,72.05268509788381,48674.996219905894,235738.84750510994,139853.68455714875,139853.68455714875,158668.23826602646,1710.0,476.0,1,,0.8081799411272181,0.19960829429428587,5.009811859449504,0.4549445965029409,0.34999252178848783,3.4543534142451445e-05,0.010959620893941239,0.015022188726150666,0.4289282433487065,,M2;M3;M4;Y1,2.0,12.0,4,aP,True,Japan,/home/ctm/pertussis_transmission_analysis/outputs/calibrations/Japan_calibrated_config.yaml,current,fitted_parameters_and_state_only,e07d2d9623bba63452e5939f83db5c87901a902d0a71c99df08b4ecdc3550c54,c36eefa5b9e490f39c68369d7b2ec545f1003c465b2d7a3d65a4f58b53b37bf6,True,state_reconstruction_accepted,48.269543785369024,41.434615044876836,True,Japan,JPN,1,contact_reduction_mean,Japan,JPN,2025,2025,True,False,exact_year,2025,measured_multicenter_isolate_fraction,https://www.mdpi.com/2227-9059/14/1/167,"Japanese children at six clinics, March-August 2025; 43/52 sequenced B. pertussis isolates carried the A2047G mutation associated with macrolide resistance.",Japan,JPN,3,relative_detection_prior_mean,True,0.0,prospective_policy,7.644092124256049e-05,2.2471172848738243e-16,Japan,npi_contact_shock,15.0,npi_reduction_half,0.5,Near-term current-practice run varying COVID-19 NPI contact-reduction assumptions for countries with explicit NPI periods.,7.349919218851434,6.196080111300123,5.196080111300123,0.25,calibrated_country_scenario_analysis
temporal_assumption_sensitivity,npi_none,symptom_protective,country_timeline,current,2027-01-01,2032-01-01,2027,2032,4643688.343090881,23264004.932804108,270891.88439126965,165339.6141871889,351895.95306552225,630336.9082674204,443052.21082286525,1238728.7332774745,5900089.606597669,177470.67555575975,674.3023487005241,654.4848440504627,655.321217322033,56845.32074216891,23176786.413690943,0.9962509241480525,0.8270000000000001,0.9988601085622227,118980814.51399367,715391.0743261046,7149047.978198901,7916218.119595209,15780657.172120217,4.999418194761015,3911.0023522466954,45.540688291587905,4622.894007243429,9839.007430839076,1763.6201782073983,1119.4834809947888,1570.1157135759165,7478.492388171525,224.9479558383783,1.133595904707947,18.299389884671506,8.30633950045415,72.05268509788381,48674.996219905894,235738.84750510994,139853.68455714875,139853.68455714875,158668.23826602646,1710.0,476.0,1,,0.8081799411272181,0.19960829429428587,5.009811859449504,0.4549445965029409,0.34999252178848783,3.4543534142451445e-05,0.010959620893941239,0.015022188726150666,0.4289282433487065,,M2;M3;M4;Y1,2.0,12.0,4,aP,True,Japan,/home/ctm/pertussis_transmission_analysis/outputs/calibrations/Japan_calibrated_config.yaml,current,fitted_parameters_and_state_only,e07d2d9623bba63452e5939f83db5c87901a902d0a71c99df08b4ecdc3550c54,c36eefa5b9e490f39c68369d7b2ec545f1003c465b2d7a3d65a4f58b53b37bf6,True,state_reconstruction_accepted,48.269543785369024,41.434615044876836,True,Japan,JPN,1,contact_reduction_mean,Japan,JPN,2025,2025,True,False,exact_year,2025,measured_multicenter_isolate_fraction,https://www.mdpi.com/2227-9059/14/1/167,"Japanese children at six clinics, March-August 2025; 43/52 sequenced B. pertussis isolates carried the A2047G mutation associated with macrolide resistance.",Japan,JPN,3,relative_detection_prior_mean,True,0.0,prospective_policy,7.644092124256049e-05,2.2471172848738243e-16,Japan,npi_contact_shock,15.0,npi_none,,Near-term current-practice run varying COVID-19 NPI contact-reduction assumptions for countries with explicit NPI periods.,7.349919218851434,6.196080111300123,5.196080111300123,0.25,calibrated_country_scenario_analysis
temporal_assumption_sensitivity,npi_country_profile,symptom_protective,country_timeline,current,2027-01-01,2032-01-01,2027,2032,166422.18964447494,876615.0751604273,18358.77752934904,10156.594402240156,22843.187406042423,43495.12972300497,23183.025783649384,76834.7499088945,357321.4328951374,15031.617849787424,35.257542487816075,34.82838474134725,34.88221645325136,3319.8536965117223,826088.3521639382,0.9423615627563303,0.01,0.9934863333159195,5353994.955211791,54342.68542749543,540348.1695775476,515842.4333402559,1110533.2883452987,4.999418194761015,3275.0015575801485,68.58771507309773,3738.4153145301107,8408.06654764071,1610.0800890977634,898.9459648992979,1383.9061346077087,6435.881207353984,270.74140515932675,1.3172087708269709,12.81954971724396,6.282796963041884,59.79541681401113,18783.856797073506,11861.724692230142,7227.677125306844,7227.677125306844,2755.306151532939,1560.0,746.0,1,,0.8167374163467253,0.18984636970111243,5.267417025536835,0.7079370742017285,0.5356167880771321,0.0010275199772902927,0.02040303346223959,0.027923189213086744,0.6585833315491119,,W6;M3;M5;Y4;Y11-Y13,1.3808219178082193,156.0,5,aP,True,New_Zealand,/home/ctm/pertussis_transmission_analysis/outputs/calibrations/New_Zealand_calibrated_config.yaml,current,fitted_parameters_and_state_only,e07d2d9623bba63452e5939f83db5c87901a902d0a71c99df08b4ecdc3550c54,c36eefa5b9e490f39c68369d7b2ec545f1003c465b2d7a3d65a4f58b53b37bf6,True,state_reconstruction_accepted,32.1464548944196,29.28661041270576,True,New_Zealand,NZL,1,contact_reduction_mean,New_Zealand,NZL,2025,2025,True,False,exact_year,2025,low_detected_model_anchor,https://www.tewhatuora.govt.nz/for-health-professionals/clinical-guidance/communicable-disease-control-manual/pertussis,"Health New Zealand notes MRBP has been detected by PHF Science and is being assessed; no public national fraction was located, so use a low detected/imported anchor pending surveillance.",New_Zealand,NZL,3,relative_detection_prior_mean,True,0.0,prospective_policy,1.0204827386537681e-05,1.352852648487234e-16,New_Zealand,npi_contact_shock,15.0,npi_country_profile,1.0,Near-term current-practice run varying COVID-19 NPI contact-reduction assumptions for countries with explicit NPI periods.,25.11070274470987,2.7314136036096106,1.7314136036096106,0.25,calibrated_country_scenario_analysis
temporal_assumption_sensitivity,npi_reduction_half,symptom_protective,country_timeline,current,2027-01-01,2032-01-01,2027,2032,166422.18964447494,876615.0751604273,18358.77752934904,10156.594402240156,22843.187406042423,43495.12972300497,23183.025783649384,76834.7499088945,357321.4328951374,15031.617849787424,35.257542487816075,34.82838474134725,34.88221645325136,3319.8536965117223,826088.3521639382,0.9423615627563303,0.01,0.9934863333159195,5353994.955211791,54342.68542749543,540348.1695775476,515842.4333402559,1110533.2883452987,4.999418194761015,3275.0015575801485,68.58771507309773,3738.4153145301107,8408.06654764071,1610.0800890977634,898.9459648992979,1383.9061346077087,6435.881207353984,270.74140515932675,1.3172087708269709,12.81954971724396,6.282796963041884,59.79541681401113,18783.856797073506,11861.724692230142,7227.677125306844,7227.677125306844,2755.306151532939,1560.0,746.0,1,,0.8167374163467253,0.18984636970111243,5.267417025536835,0.7079370742017285,0.5356167880771321,0.0010275199772902927,0.02040303346223959,0.027923189213086744,0.6585833315491119,,W6;M3;M5;Y4;Y11-Y13,1.3808219178082193,156.0,5,aP,True,New_Zealand,/home/ctm/pertussis_transmission_analysis/outputs/calibrations/New_Zealand_calibrated_config.yaml,current,fitted_parameters_and_state_only,e07d2d9623bba63452e5939f83db5c87901a902d0a71c99df08b4ecdc3550c54,c36eefa5b9e490f39c68369d7b2ec545f1003c465b2d7a3d65a4f58b53b37bf6,True,state_reconstruction_accepted,32.1464548944196,29.28661041270576,True,New_Zealand,NZL,1,contact_reduction_mean,New_Zealand,NZL,2025,2025,True,False,exact_year,2025,low_detected_model_anchor,https://www.tewhatuora.govt.nz/for-health-professionals/clinical-guidance/communicable-disease-control-manual/pertussis,"Health New Zealand notes MRBP has been detected by PHF Science and is being assessed; no public national fraction was located, so use a low detected/imported anchor pending surveillance.",New_Zealand,NZL,3,relative_detection_prior_mean,True,0.0,prospective_policy,1.0204827386537681e-05,1.352852648487234e-16,New_Zealand,npi_contact_shock,15.0,npi_reduction_half,0.5,Near-term current-practice run varying COVID-19 NPI contact-reduction assumptions for countries with explicit NPI periods.,25.11070274470987,2.7314136036096106,1.7314136036096106,0.25,calibrated_country_scenario_analysis
temporal_assumption_sensitivity,npi_none,symptom_protective,country_timeline,current,2027-01-01,2032-01-01,2027,2032,166422.18964447494,876615.0751604273,18358.77752934904,10156.594402240156,22843.187406042423,43495.12972300497,23183.025783649384,76834.7499088945,357321.4328951374,15031.617849787424,35.257542487816075,34.82838474134725,34.88221645325136,3319.8536965117223,826088.3521639382,0.9423615627563303,0.01,0.9934863333159195,5353994.955211791,54342.68542749543,540348.1695775476,515842.4333402559,1110533.2883452987,4.999418194761015,3275.0015575801485,68.58771507309773,3738.4153145301107,8408.06654764071,1610.0800890977634,898.9459648992979,1383.9061346077087,6435.881207353984,270.74140515932675,1.3172087708269709,12.81954971724396,6.282796963041884,59.79541681401113,18783.856797073506,11861.724692230142,7227.677125306844,7227.677125306844,2755.306151532939,1560.0,746.0,1,,0.8167374163467253,0.18984636970111243,5.267417025536835,0.7079370742017285,0.5356167880771321,0.0010275199772902927,0.02040303346223959,0.027923189213086744,0.6585833315491119,,W6;M3;M5;Y4;Y11-Y13,1.3808219178082193,156.0,5,aP,True,New_Zealand,/home/ctm/pertussis_transmission_analysis/outputs/calibrations/New_Zealand_calibrated_config.yaml,current,fitted_parameters_and_state_only,e07d2d9623bba63452e5939f83db5c87901a902d0a71c99df08b4ecdc3550c54,c36eefa5b9e490f39c68369d7b2ec545f1003c465b2d7a3d65a4f58b53b37bf6,True,state_reconstruction_accepted,32.1464548944196,29.28661041270576,True,New_Zealand,NZL,1,contact_reduction_mean,New_Zealand,NZL,2025,2025,True,False,exact_year,2025,low_detected_model_anchor,https://www.tewhatuora.govt.nz/for-health-professionals/clinical-guidance/communicable-disease-control-manual/pertussis,"Health New Zealand notes MRBP has been detected by PHF Science and is being assessed; no public national fraction was located, so use a low detected/imported anchor pending surveillance.",New_Zealand,NZL,3,relative_detection_prior_mean,True,0.0,prospective_policy,1.0204827386537681e-05,1.352852648487234e-16,New_Zealand,npi_contact_shock,15.0,npi_none,,Near-term current-practice run varying COVID-19 NPI contact-reduction assumptions for countries with explicit NPI periods.,25.11070274470987,2.7314136036096106,1.7314136036096106,0.25,calibrated_country_scenario_analysis
temporal_assumption_sensitivity,npi_country_profile,symptom_protective,country_timeline,current,2027-01-01,2032-01-01,2027,2032,289176.5553313863,977913.6051430312,32203.413951339164,9705.040550666567,14514.923076181694,41323.51511610271,25892.566025375872,76921.12169214516,228591.56852595307,21026.64955654129,37.89214589881153,36.88324121687125,36.9352905339431,3290.7112796588176,14742.600990236473,0.015075565891201806,0.01,0.010179114205639446,10733209.759999445,91134.33168571893,959976.4044829417,1003832.8384127438,2054943.5745814044,4.999418194761015,1822.432303675053,60.014035559875964,2130.0798044466164,3185.7614964367417,861.0279154821824,515.9340932312616,748.7317346098786,2225.055457519508,204.6683596023384,0.7061551284120041,8.095200306318606,3.5951925220849996,32.03099370261573,86185.30188406594,24851.737202891018,57742.65610679958,57742.65610679958,25343.696530152196,0.0,150.0,1,,0.8159986448318859,0.2957076717314827,3.3817181480095306,0.5230309968811528,0.41033361428967857,0.0007725428710623428,0.009828113408098983,0.013720184812309875,0.49871015578968175,,M3;M5;M12;Y5;Y14-Y16,3.0,192.0,5,aP,True,Sweden,/home/ctm/pertussis_transmission_analysis/outputs/calibrations/Sweden_calibrated_config.yaml,current,fitted_parameters_and_state_only,e07d2d9623bba63452e5939f83db5c87901a902d0a71c99df08b4ecdc3550c54,c36eefa5b9e490f39c68369d7b2ec545f1003c465b2d7a3d65a4f58b53b37bf6,True,state_reconstruction_accepted,27.539837140679783,25.32984077491631,True,Sweden,SWE,1,contact_reduction_mean,Sweden,SWE,2025,2025,True,False,exact_year,2025,low_imported_model_anchor,https://www.folkhalsomyndigheten.se/contentassets/975cc036216b48a39b7bf34319d4ecee/pertussis-surveillance-sweden-23rd-annual-report.pdf,"No public Swedish MRBP prevalence estimate was located in the accessible national surveillance material, so keep a conservative low anchor pending numeric reporting.",Sweden,SWE,2,relative_detection_prior_mean,True,0.0,prospective_policy,3.202340290308184e-05,1.4235413699758381e-16,Sweden,npi_contact_shock,15.0,npi_country_profile,1.0,Near-term current-practice run varying COVID-19 NPI contact-reduction assumptions for countries with explicit NPI periods.,5.954795201043958,10.078270290362743,9.078270290362743,0.25,calibrated_country_scenario_analysis
temporal_assumption_sensitivity,npi_reduction_half,symptom_protective,country_timeline,current,2027-01-01,2032-01-01,2027,2032,289176.5553313863,977913.6051430312,32203.413951339164,9705.040550666567,14514.923076181694,41323.51511610271,25892.566025375872,76921.12169214516,228591.56852595307,21026.64955654129,37.89214589881153,36.88324121687125,36.9352905339431,3290.7112796588176,14742.600990236473,0.015075565891201806,0.01,0.010179114205639446,10733209.759999445,91134.33168571893,959976.4044829417,1003832.8384127438,2054943.5745814044,4.999418194761015,1822.432303675053,60.014035559875964,2130.0798044466164,3185.7614964367417,861.0279154821824,515.9340932312616,748.7317346098786,2225.055457519508,204.6683596023384,0.7061551284120041,8.095200306318606,3.5951925220849996,32.03099370261573,86185.30188406594,24851.737202891018,57742.65610679958,57742.65610679958,25343.696530152196,0.0,150.0,1,,0.8159986448318859,0.2957076717314827,3.3817181480095306,0.5230309968811528,0.41033361428967857,0.0007725428710623428,0.009828113408098983,0.013720184812309875,0.49871015578968175,,M3;M5;M12;Y5;Y14-Y16,3.0,192.0,5,aP,True,Sweden,/home/ctm/pertussis_transmission_analysis/outputs/calibrations/Sweden_calibrated_config.yaml,current,fitted_parameters_and_state_only,e07d2d9623bba63452e5939f83db5c87901a902d0a71c99df08b4ecdc3550c54,c36eefa5b9e490f39c68369d7b2ec545f1003c465b2d7a3d65a4f58b53b37bf6,True,state_reconstruction_accepted,27.539837140679783,25.32984077491631,True,Sweden,SWE,1,contact_reduction_mean,Sweden,SWE,2025,2025,True,False,exact_year,2025,low_imported_model_anchor,https://www.folkhalsomyndigheten.se/contentassets/975cc036216b48a39b7bf34319d4ecee/pertussis-surveillance-sweden-23rd-annual-report.pdf,"No public Swedish MRBP prevalence estimate was located in the accessible national surveillance material, so keep a conservative low anchor pending numeric reporting.",Sweden,SWE,2,relative_detection_prior_mean,True,0.0,prospective_policy,3.202340290308184e-05,1.4235413699758381e-16,Sweden,npi_contact_shock,15.0,npi_reduction_half,0.5,Near-term current-practice run varying COVID-19 NPI contact-reduction assumptions for countries with explicit NPI periods.,5.954795201043958,10.078270290362743,9.078270290362743,0.25,calibrated_country_scenario_analysis
temporal_assumption_sensitivity,npi_none,symptom_protective,country_timeline,current,2027-01-01,2032-01-01,2027,2032,289176.5553313863,977913.6051430312,32203.413951339164,9705.040550666567,14514.923076181694,41323.51511610271,25892.566025375872,76921.12169214516,228591.56852595307,21026.64955654129,37.89214589881153,36.88324121687125,36.9352905339431,3290.7112796588176,14742.600990236473,0.015075565891201806,0.01,0.010179114205639446,10733209.759999445,91134.33168571893,959976.4044829417,1003832.8384127438,2054943.5745814044,4.999418194761015,1822.432303675053,60.014035559875964,2130.0798044466164,3185.7614964367417,861.0279154821824,515.9340932312616,748.7317346098786,2225.055457519508,204.6683596023384,0.7061551284120041,8.095200306318606,3.5951925220849996,32.03099370261573,86185.30188406594,24851.737202891018,57742.65610679958,57742.65610679958,25343.696530152196,0.0,150.0,1,,0.8159986448318859,0.2957076717314827,3.3817181480095306,0.5230309968811528,0.41033361428967857,0.0007725428710623428,0.009828113408098983,0.013720184812309875,0.49871015578968175,,M3;M5;M12;Y5;Y14-Y16,3.0,192.0,5,aP,True,Sweden,/home/ctm/pertussis_transmission_analysis/outputs/calibrations/Sweden_calibrated_config.yaml,current,fitted_parameters_and_state_only,e07d2d9623bba63452e5939f83db5c87901a902d0a71c99df08b4ecdc3550c54,c36eefa5b9e490f39c68369d7b2ec545f1003c465b2d7a3d65a4f58b53b37bf6,True,state_reconstruction_accepted,27.539837140679783,25.32984077491631,True,Sweden,SWE,1,contact_reduction_mean,Sweden,SWE,2025,2025,True,False,exact_year,2025,low_imported_model_anchor,https://www.folkhalsomyndigheten.se/contentassets/975cc036216b48a39b7bf34319d4ecee/pertussis-surveillance-sweden-23rd-annual-report.pdf,"No public Swedish MRBP prevalence estimate was located in the accessible national surveillance material, so keep a conservative low anchor pending numeric reporting.",Sweden,SWE,2,relative_detection_prior_mean,True,0.0,prospective_policy,3.202340290308184e-05,1.4235413699758381e-16,Sweden,npi_contact_shock,15.0,npi_none,,Near-term current-practice run varying COVID-19 NPI contact-reduction assumptions for countries with explicit NPI periods.,5.954795201043958,10.078270290362743,9.078270290362743,0.25,calibrated_country_scenario_analysis
temporal_assumption_sensitivity,npi_country_profile,symptom_protective,country_timeline,current,2027-01-01,2032-01-01,2027,2032,20032318.51326543,106949964.57816336,2000951.2911523255,667600.241948602,1480002.3878107849,3200782.018517201,2959692.6606378746,6828074.921103678,34202101.82608595,1397970.0331295494,2374.0461916643508,2324.2839944647003,2327.982346252001,220370.2746882772,102152157.75442559,0.955139706285444,0.01,0.9972213556580652,352348528.96619576,3540319.7461804454,34180110.513046145,32987003.53784476,70707433.79707134,4.999418194761015,6071.398177832331,113.59117388164081,3771.85102770953,8361.81321801625,1873.1095131995512,1794.668673230456,1931.5846068227547,9675.38496158937,395.469796098263,1.3477124353441514,13.13189004788504,6.585596843815312,62.3402401566465,35647.93661773023,1180904.9670064705,810577.2499206931,810577.2499206931,344123.23364212137,1140.0,1710.0,1,,0.8170956677488593,0.18730551798009248,5.338871010229841,0.5366851146396072,0.409547460219816,0.0005037738253481908,0.01180749081003189,0.016138998942446074,0.5082348510617811,,M2;M4;M6;M15;Y4;Y11-Y12,2.0,144.0,6,aP,True,United_States,/home/ctm/pertussis_transmission_analysis/outputs/calibrations/United_States_calibrated_config.yaml,current,fitted_parameters_and_state_only,e07d2d9623bba63452e5939f83db5c87901a902d0a71c99df08b4ecdc3550c54,c36eefa5b9e490f39c68369d7b2ec545f1003c465b2d7a3d65a4f58b53b37bf6,True,state_reconstruction_accepted,40.89230041380155,40.556935818834134,True,United_States,USA,1,contact_reduction_mean,United_States,USA,2025,2025,True,False,nearest_past_year,2024,low_detected_model_anchor,https://www.cdc.gov/pertussis/hcp/antibiotic-resistance/index.html; https://www.health.state.mn.us/diseases/reportable/dcn/pertussis.html; https://trace.ncbi.nlm.nih.gov/Traces/sra-db-be/runinfo?acc=SRR32181461%2CSRR32181462; https://doi.org/10.1128/jcm.01064-25; https://pubmed.ncbi.nlm.nih.gov/41802571/; https://www.paho.org/en/news/26-8-2025-paho-calls-strengthened-vaccination-and-surveillance-amid-spread-antibiotic,"CDC states reported MRBP infections remain rare in the United States and recommends continued surveillance. Minnesota's 2024 annual report states 12 erythromycin-resistant B. pertussis cases have been identified nationally, including one Minnesota case in 2024. Public SRA metadata show SRR32181461 and SRR32181462 are ONT and Illumina WGS runs for the same Minnesota BioSample SAMN46491808/sample MDH-25-000001, not independent cases. Global genomic analyses assigned the 2024 USA evidence to MT28-ptxP3-MRBP/A2047G or MR-MT28 emergence, and PAHO reported resistant pertussis cases in the United States since 2024. No population-based national resistant fraction or denominator was located; use a conservative low detected anchor pending surveillance.",United_States,USA,3,relative_detection_prior_mean,True,0.0,prospective_policy,2.8951093600231316e-05,1.3156166320465292e-16,United_States,npi_contact_shock,15.0,npi_country_profile,1.0,Near-term current-practice run varying COVID-19 NPI contact-reduction assumptions for countries with explicit NPI periods.,1.4343588639311122,79.19299468079018,78.19299468079018,0.25,calibrated_country_scenario_analysis
temporal_assumption_sensitivity,npi_reduction_half,symptom_protective,country_timeline,current,2027-01-01,2032-01-01,2027,2032,20032318.51326543,106949964.57816336,2000951.2911523255,667600.241948602,1480002.3878107849,3200782.018517201,2959692.6606378746,6828074.921103678,34202101.82608595,1397970.0331295494,2374.0461916643508,2324.2839944647003,2327.982346252001,220370.2746882772,102152157.75442559,0.955139706285444,0.01,0.9972213556580652,352348528.96619576,3540319.7461804454,34180110.513046145,32987003.53784476,70707433.79707134,4.999418194761015,6071.398177832331,113.59117388164081,3771.85102770953,8361.81321801625,1873.1095131995512,1794.668673230456,1931.5846068227547,9675.38496158937,395.469796098263,1.3477124353441514,13.13189004788504,6.585596843815312,62.3402401566465,35647.93661773023,1180904.9670064705,810577.2499206931,810577.2499206931,344123.23364212137,1140.0,1710.0,1,,0.8170956677488593,0.18730551798009248,5.338871010229841,0.5366851146396072,0.409547460219816,0.0005037738253481908,0.01180749081003189,0.016138998942446074,0.5082348510617811,,M2;M4;M6;M15;Y4;Y11-Y12,2.0,144.0,6,aP,True,United_States,/home/ctm/pertussis_transmission_analysis/outputs/calibrations/United_States_calibrated_config.yaml,current,fitted_parameters_and_state_only,e07d2d9623bba63452e5939f83db5c87901a902d0a71c99df08b4ecdc3550c54,c36eefa5b9e490f39c68369d7b2ec545f1003c465b2d7a3d65a4f58b53b37bf6,True,state_reconstruction_accepted,40.89230041380155,40.556935818834134,True,United_States,USA,1,contact_reduction_mean,United_States,USA,2025,2025,True,False,nearest_past_year,2024,low_detected_model_anchor,https://www.cdc.gov/pertussis/hcp/antibiotic-resistance/index.html; https://www.health.state.mn.us/diseases/reportable/dcn/pertussis.html; https://trace.ncbi.nlm.nih.gov/Traces/sra-db-be/runinfo?acc=SRR32181461%2CSRR32181462; https://doi.org/10.1128/jcm.01064-25; https://pubmed.ncbi.nlm.nih.gov/41802571/; https://www.paho.org/en/news/26-8-2025-paho-calls-strengthened-vaccination-and-surveillance-amid-spread-antibiotic,"CDC states reported MRBP infections remain rare in the United States and recommends continued surveillance. Minnesota's 2024 annual report states 12 erythromycin-resistant B. pertussis cases have been identified nationally, including one Minnesota case in 2024. Public SRA metadata show SRR32181461 and SRR32181462 are ONT and Illumina WGS runs for the same Minnesota BioSample SAMN46491808/sample MDH-25-000001, not independent cases. Global genomic analyses assigned the 2024 USA evidence to MT28-ptxP3-MRBP/A2047G or MR-MT28 emergence, and PAHO reported resistant pertussis cases in the United States since 2024. No population-based national resistant fraction or denominator was located; use a conservative low detected anchor pending surveillance.",United_States,USA,3,relative_detection_prior_mean,True,0.0,prospective_policy,2.8951093600231316e-05,1.3156166320465292e-16,United_States,npi_contact_shock,15.0,npi_reduction_half,0.5,Near-term current-practice run varying COVID-19 NPI contact-reduction assumptions for countries with explicit NPI periods.,1.4343588639311122,79.19299468079018,78.19299468079018,0.25,calibrated_country_scenario_analysis
temporal_assumption_sensitivity,npi_none,symptom_protective,country_timeline,current,2027-01-01,2032-01-01,2027,2032,20032318.51326543,106949964.57816336,2000951.2911523255,667600.241948602,1480002.3878107849,3200782.018517201,2959692.6606378746,6828074.921103678,34202101.82608595,1397970.0331295494,2374.0461916643508,2324.2839944647003,2327.982346252001,220370.2746882772,102152157.75442559,0.955139706285444,0.01,0.9972213556580652,352348528.96619576,3540319.7461804454,34180110.513046145,32987003.53784476,70707433.79707134,4.999418194761015,6071.398177832331,113.59117388164081,3771.85102770953,8361.81321801625,1873.1095131995512,1794.668673230456,1931.5846068227547,9675.38496158937,395.469796098263,1.3477124353441514,13.13189004788504,6.585596843815312,62.3402401566465,35647.93661773023,1180904.9670064705,810577.2499206931,810577.2499206931,344123.23364212137,1140.0,1710.0,1,,0.8170956677488593,0.18730551798009248,5.338871010229841,0.5366851146396072,0.409547460219816,0.0005037738253481908,0.01180749081003189,0.016138998942446074,0.5082348510617811,,M2;M4;M6;M15;Y4;Y11-Y12,2.0,144.0,6,aP,True,United_States,/home/ctm/pertussis_transmission_analysis/outputs/calibrations/United_States_calibrated_config.yaml,current,fitted_parameters_and_state_only,e07d2d9623bba63452e5939f83db5c87901a902d0a71c99df08b4ecdc3550c54,c36eefa5b9e490f39c68369d7b2ec545f1003c465b2d7a3d65a4f58b53b37bf6,True,state_reconstruction_accepted,40.89230041380155,40.556935818834134,True,United_States,USA,1,contact_reduction_mean,United_States,USA,2025,2025,True,False,nearest_past_year,2024,low_detected_model_anchor,https://www.cdc.gov/pertussis/hcp/antibiotic-resistance/index.html; https://www.health.state.mn.us/diseases/reportable/dcn/pertussis.html; https://trace.ncbi.nlm.nih.gov/Traces/sra-db-be/runinfo?acc=SRR32181461%2CSRR32181462; https://doi.org/10.1128/jcm.01064-25; https://pubmed.ncbi.nlm.nih.gov/41802571/; https://www.paho.org/en/news/26-8-2025-paho-calls-strengthened-vaccination-and-surveillance-amid-spread-antibiotic,"CDC states reported MRBP infections remain rare in the United States and recommends continued surveillance. Minnesota's 2024 annual report states 12 erythromycin-resistant B. pertussis cases have been identified nationally, including one Minnesota case in 2024. Public SRA metadata show SRR32181461 and SRR32181462 are ONT and Illumina WGS runs for the same Minnesota BioSample SAMN46491808/sample MDH-25-000001, not independent cases. Global genomic analyses assigned the 2024 USA evidence to MT28-ptxP3-MRBP/A2047G or MR-MT28 emergence, and PAHO reported resistant pertussis cases in the United States since 2024. No population-based national resistant fraction or denominator was located; use a conservative low detected anchor pending surveillance.",United_States,USA,3,relative_detection_prior_mean,True,0.0,prospective_policy,2.8951093600231316e-05,1.3156166320465292e-16,United_States,npi_contact_shock,15.0,npi_none,,Near-term current-practice run varying COVID-19 NPI contact-reduction assumptions for countries with explicit NPI periods.,1.4343588639311122,79.19299468079018,78.19299468079018,0.25,calibrated_country_scenario_analysis
temporal_assumption_sensitivity,npi_country_profile,symptom_protective,country_timeline,current,2027-01-01,2032-01-01,2027,2032,7352195.364222372,37717995.49691461,756304.0452779372,227685.02534059662,488791.5715260558,1226191.966593719,1273188.125087429,2727065.1170217446,13097732.729467448,538734.2265354465,731.695595892836,720.0540917754802,721.387565410658,74110.57283541696,14674385.483937798,0.3890552849007627,0.009999999999999998,0.9757930757786146,215691107.46522132,2283801.0961124045,22934711.414461225,22511161.083374534,47729673.59394816,4.999418194761015,3497.815497027941,70.13660124792392,1994.1449584162485,4281.007267021372,1069.4136429438056,1131.2933056775632,1142.8456441195758,5488.936330959978,225.77020999284576,0.6785451243373772,6.30648517509264,3.02315713587349,31.0579108725725,15896.049585971397,441281.19875602593,1490606.1678370442,1490606.1678370442,93935.24765808886,360.0,1530.0,1,,0.8105799336312051,0.1949254001269445,5.130167742883962,0.4399598713570767,0.31865015986861356,0.0005649039987212097,0.011315065388584677,0.015409193534732565,0.41267070843503834,,M2;M4;M6;M15;Y4,2.0,48.0,5,wP,True,Brazil,/home/ctm/pertussis_transmission_analysis/outputs/calibrations/Brazil_calibrated_config.yaml,current,fitted_parameters_and_state_only,e07d2d9623bba63452e5939f83db5c87901a902d0a71c99df08b4ecdc3550c54,c36eefa5b9e490f39c68369d7b2ec545f1003c465b2d7a3d65a4f58b53b37bf6,True,state_reconstruction_accepted,35.765464842101466,33.059282137577966,True,Brazil,BRA,1,contact_reduction_mean,Brazil,BRA,2025,2025,True,False,exact_year,2025,low_detected_model_anchor,https://www.paho.org/en/news/26-8-2025-paho-calls-strengthened-vaccination-and-surveillance-amid-spread-antibiotic,"PAHO reported antibiotic-resistant pertussis cases detected in Brazil since 2024, but no public national resistant fraction or denominator was located, so keep a conservative low detected anchor pending numeric reporting.",Brazil,BRA,3,relative_detection_prior_mean,True,0.0,prospective_policy,2.8141735141323725e-05,1.480345728618647e-16,Brazil,npi_contact_shock,15.0,npi_country_profile,1.0,Near-term current-practice run varying COVID-19 NPI contact-reduction assumptions for countries with explicit NPI periods.,0.8601273820862417,81.54210958591665,80.54210958591665,0.25,calibrated_country_scenario_analysis
temporal_assumption_sensitivity,npi_reduction_half,symptom_protective,country_timeline,current,2027-01-01,2032-01-01,2027,2032,7352195.364222372,37717995.49691461,756304.0452779372,227685.02534059662,488791.5715260558,1226191.966593719,1273188.125087429,2727065.1170217446,13097732.729467448,538734.2265354465,731.695595892836,720.0540917754802,721.387565410658,74110.57283541696,14674385.483937798,0.3890552849007627,0.009999999999999998,0.9757930757786146,215691107.46522132,2283801.0961124045,22934711.414461225,22511161.083374534,47729673.59394816,4.999418194761015,3497.815497027941,70.13660124792392,1994.1449584162485,4281.007267021372,1069.4136429438056,1131.2933056775632,1142.8456441195758,5488.936330959978,225.77020999284576,0.6785451243373772,6.30648517509264,3.02315713587349,31.0579108725725,15896.049585971397,441281.19875602593,1490606.1678370442,1490606.1678370442,93935.24765808886,360.0,1530.0,1,,0.8105799336312051,0.1949254001269445,5.130167742883962,0.4399598713570767,0.31865015986861356,0.0005649039987212097,0.011315065388584677,0.015409193534732565,0.41267070843503834,,M2;M4;M6;M15;Y4,2.0,48.0,5,wP,True,Brazil,/home/ctm/pertussis_transmission_analysis/outputs/calibrations/Brazil_calibrated_config.yaml,current,fitted_parameters_and_state_only,e07d2d9623bba63452e5939f83db5c87901a902d0a71c99df08b4ecdc3550c54,c36eefa5b9e490f39c68369d7b2ec545f1003c465b2d7a3d65a4f58b53b37bf6,True,state_reconstruction_accepted,35.765464842101466,33.059282137577966,True,Brazil,BRA,1,contact_reduction_mean,Brazil,BRA,2025,2025,True,False,exact_year,2025,low_detected_model_anchor,https://www.paho.org/en/news/26-8-2025-paho-calls-strengthened-vaccination-and-surveillance-amid-spread-antibiotic,"PAHO reported antibiotic-resistant pertussis cases detected in Brazil since 2024, but no public national resistant fraction or denominator was located, so keep a conservative low detected anchor pending numeric reporting.",Brazil,BRA,3,relative_detection_prior_mean,True,0.0,prospective_policy,2.8141735141323725e-05,1.480345728618647e-16,Brazil,npi_contact_shock,15.0,npi_reduction_half,0.5,Near-term current-practice run varying COVID-19 NPI contact-reduction assumptions for countries with explicit NPI periods.,0.8601273820862417,81.54210958591665,80.54210958591665,0.25,calibrated_country_scenario_analysis
temporal_assumption_sensitivity,npi_none,symptom_protective,country_timeline,current,2027-01-01,2032-01-01,2027,2032,7352195.364222372,37717995.49691461,756304.0452779372,227685.02534059662,488791.5715260558,1226191.966593719,1273188.125087429,2727065.1170217446,13097732.729467448,538734.2265354465,731.695595892836,720.0540917754802,721.387565410658,74110.57283541696,14674385.483937798,0.3890552849007627,0.009999999999999998,0.9757930757786146,215691107.46522132,2283801.0961124045,22934711.414461225,22511161.083374534,47729673.59394816,4.999418194761015,3497.815497027941,70.13660124792392,1994.1449584162485,4281.007267021372,1069.4136429438056,1131.2933056775632,1142.8456441195758,5488.936330959978,225.77020999284576,0.6785451243373772,6.30648517509264,3.02315713587349,31.0579108725725,15896.049585971397,441281.19875602593,1490606.1678370442,1490606.1678370442,93935.24765808886,360.0,1530.0,1,,0.8105799336312051,0.1949254001269445,5.130167742883962,0.4399598713570767,0.31865015986861356,0.0005649039987212097,0.011315065388584677,0.015409193534732565,0.41267070843503834,,M2;M4;M6;M15;Y4,2.0,48.0,5,wP,True,Brazil,/home/ctm/pertussis_transmission_analysis/outputs/calibrations/Brazil_calibrated_config.yaml,current,fitted_parameters_and_state_only,e07d2d9623bba63452e5939f83db5c87901a902d0a71c99df08b4ecdc3550c54,c36eefa5b9e490f39c68369d7b2ec545f1003c465b2d7a3d65a4f58b53b37bf6,True,state_reconstruction_accepted,35.765464842101466,33.059282137577966,True,Brazil,BRA,1,contact_reduction_mean,Brazil,BRA,2025,2025,True,False,exact_year,2025,low_detected_model_anchor,https://www.paho.org/en/news/26-8-2025-paho-calls-strengthened-vaccination-and-surveillance-amid-spread-antibiotic,"PAHO reported antibiotic-resistant pertussis cases detected in Brazil since 2024, but no public national resistant fraction or denominator was located, so keep a conservative low detected anchor pending numeric reporting.",Brazil,BRA,3,relative_detection_prior_mean,True,0.0,prospective_policy,2.8141735141323725e-05,1.480345728618647e-16,Brazil,npi_contact_shock,15.0,npi_none,,Near-term current-practice run varying COVID-19 NPI contact-reduction assumptions for countries with explicit NPI periods.,0.8601273820862417,81.54210958591665,80.54210958591665,0.25,calibrated_country_scenario_analysis
temporal_assumption_sensitivity,npi_country_profile,symptom_protective,country_timeline,current,2027-01-01,2032-01-01,2027,2032,149298.4086941025,780644.938973327,12853.378179037318,3106.7883476919674,6398.318183913664,18031.12409609517,24724.5473584445,45862.459802231635,219560.92028335817,8150.229376500613,11.54603052317234,11.221556691902828,11.241155520904206,1078.5529485649577,443374.797200348,0.5679596127062027,0.01,0.9035442628422036,71045565.67047629,528070.8277960164,5333185.078433473,5844172.63346864,11705428.539698128,4.999418194761015,219.7845224651102,3.6187688462548366,117.67928601085684,242.356231351456,67.62646409433364,84.62249908867555,78.37012864859494,375.18741129479054,13.927175461287195,0.032506952626125005,0.4250514137580405,0.19208974139875037,1.8430396820809893,1859.3304546834565,7063.769792651601,14311.894592910992,14311.894592910992,3619.100929351508,1826.0,1406.0,2,3.041095890410959,0.8048132223921105,0.1912500821313897,5.228755924470638,0.3231068622858308,0.23927243507795337,1.591089010184439e-05,0.007095563286172273,0.009631142316621408,0.30636424579293525,,M2;M4;M6;Y1.5;Y4,2.0,48.0,5,wP,True,Thailand,/home/ctm/pertussis_transmission_analysis/outputs/calibrations/Thailand_calibrated_config.yaml,current,fitted_parameters_and_state_only,e07d2d9623bba63452e5939f83db5c87901a902d0a71c99df08b4ecdc3550c54,c36eefa5b9e490f39c68369d7b2ec545f1003c465b2d7a3d65a4f58b53b37bf6,True,state_reconstruction_accepted,23.271535511942638,22.994994979200612,True,Thailand,THA,1,contact_reduction_mean,Thailand,THA,2025,2025,True,False,exact_year,2025,low_imported_model_anchor,https://www.cdc.gov/pertussis/hcp/antibiotic-resistance/index.html,"No public Thailand-specific MRBP prevalence estimate was located in accessible surveillance material; CDC notes increasing MRBP globally, so keep a conservative low imported anchor pending numeric reporting.",Thailand,THA,3,relative_detection_prior_mean,True,0.0,prospective_policy,4.086723819167002e-05,1.6177673822097892e-16,Thailand,npi_contact_shock,15.0,npi_country_profile,1.0,Near-term current-practice run varying COVID-19 NPI contact-reduction assumptions for countries with explicit NPI periods.,0.1976821449825874,18.305997471716992,17.305997471716992,0.25,calibrated_country_scenario_analysis
temporal_assumption_sensitivity,npi_reduction_half,symptom_protective,country_timeline,current,2027-01-01,2032-01-01,2027,2032,149298.4086941025,780644.938973327,12853.378179037318,3106.7883476919674,6398.318183913664,18031.12409609517,24724.5473584445,45862.459802231635,219560.92028335817,8150.229376500613,11.54603052317234,11.221556691902828,11.241155520904206,1078.5529485649577,443374.797200348,0.5679596127062027,0.01,0.9035442628422036,71045565.67047629,528070.8277960164,5333185.078433473,5844172.63346864,11705428.539698128,4.999418194761015,219.7845224651102,3.6187688462548366,117.67928601085684,242.356231351456,67.62646409433364,84.62249908867555,78.37012864859494,375.18741129479054,13.927175461287195,0.032506952626125005,0.4250514137580405,0.19208974139875037,1.8430396820809893,1859.3304546834565,7063.769792651601,14311.894592910992,14311.894592910992,3619.100929351508,1826.0,1406.0,2,3.041095890410959,0.8048132223921105,0.1912500821313897,5.228755924470638,0.3231068622858308,0.23927243507795337,1.591089010184439e-05,0.007095563286172273,0.009631142316621408,0.30636424579293525,,M2;M4;M6;Y1.5;Y4,2.0,48.0,5,wP,True,Thailand,/home/ctm/pertussis_transmission_analysis/outputs/calibrations/Thailand_calibrated_config.yaml,current,fitted_parameters_and_state_only,e07d2d9623bba63452e5939f83db5c87901a902d0a71c99df08b4ecdc3550c54,c36eefa5b9e490f39c68369d7b2ec545f1003c465b2d7a3d65a4f58b53b37bf6,True,state_reconstruction_accepted,23.271535511942638,22.994994979200612,True,Thailand,THA,1,contact_reduction_mean,Thailand,THA,2025,2025,True,False,exact_year,2025,low_imported_model_anchor,https://www.cdc.gov/pertussis/hcp/antibiotic-resistance/index.html,"No public Thailand-specific MRBP prevalence estimate was located in accessible surveillance material; CDC notes increasing MRBP globally, so keep a conservative low imported anchor pending numeric reporting.",Thailand,THA,3,relative_detection_prior_mean,True,0.0,prospective_policy,4.086723819167002e-05,1.6177673822097892e-16,Thailand,npi_contact_shock,15.0,npi_reduction_half,0.5,Near-term current-practice run varying COVID-19 NPI contact-reduction assumptions for countries with explicit NPI periods.,0.1976821449825874,18.305997471716992,17.305997471716992,0.25,calibrated_country_scenario_analysis
temporal_assumption_sensitivity,npi_none,symptom_protective,country_timeline,current,2027-01-01,2032-01-01,2027,2032,149298.4086941025,780644.938973327,12853.378179037318,3106.7883476919674,6398.318183913664,18031.12409609517,24724.5473584445,45862.459802231635,219560.92028335817,8150.229376500613,11.54603052317234,11.221556691902828,11.241155520904206,1078.5529485649577,443374.797200348,0.5679596127062027,0.01,0.9035442628422036,71045565.67047629,528070.8277960164,5333185.078433473,5844172.63346864,11705428.539698128,4.999418194761015,219.7845224651102,3.6187688462548366,117.67928601085684,242.356231351456,67.62646409433364,84.62249908867555,78.37012864859494,375.18741129479054,13.927175461287195,0.032506952626125005,0.4250514137580405,0.19208974139875037,1.8430396820809893,1859.3304546834565,7063.769792651601,14311.894592910992,14311.894592910992,3619.100929351508,1826.0,1406.0,2,3.041095890410959,0.8048132223921105,0.1912500821313897,5.228755924470638,0.3231068622858308,0.23927243507795337,1.591089010184439e-05,0.007095563286172273,0.009631142316621408,0.30636424579293525,,M2;M4;M6;Y1.5;Y4,2.0,48.0,5,wP,True,Thailand,/home/ctm/pertussis_transmission_analysis/outputs/calibrations/Thailand_calibrated_config.yaml,current,fitted_parameters_and_state_only,e07d2d9623bba63452e5939f83db5c87901a902d0a71c99df08b4ecdc3550c54,c36eefa5b9e490f39c68369d7b2ec545f1003c465b2d7a3d65a4f58b53b37bf6,True,state_reconstruction_accepted,23.271535511942638,22.994994979200612,True,Thailand,THA,1,contact_reduction_mean,Thailand,THA,2025,2025,True,False,exact_year,2025,low_imported_model_anchor,https://www.cdc.gov/pertussis/hcp/antibiotic-resistance/index.html,"No public Thailand-specific MRBP prevalence estimate was located in accessible surveillance material; CDC notes increasing MRBP globally, so keep a conservative low imported anchor pending numeric reporting.",Thailand,THA,3,relative_detection_prior_mean,True,0.0,prospective_policy,4.086723819167002e-05,1.6177673822097892e-16,Thailand,npi_contact_shock,15.0,npi_none,,Near-term current-practice run varying COVID-19 NPI contact-reduction assumptions for countries with explicit NPI periods.,0.1976821449825874,18.305997471716992,17.305997471716992,0.25,calibrated_country_scenario_analysis
