analysis,scenario,vaccine_scenario,resistance_scenario,intervention,calendar_start_date,calendar_end_date,calendar_start_year,calendar_end_year,total_symptomatic_cases,total_infections,total_reported_cases,total_infant_cases,total_infant_infections,total_child_1_9_cases,total_adolescent_cases,total_child_adolescent_cases,total_child_adolescent_infections,total_child_adolescent_reported_cases,total_deaths,total_infant_deaths,total_child_adolescent_deaths,total_child_adolescent_hospitalizations,resistant_infections,resistant_fraction,resistant_fraction_start,resistant_fraction_end,total_population,infant_population,child_1_9_population,adolescent_population,child_adolescent_population,analysis_years,annualized_infections_per_100k,annualized_reported_cases_per_100k,annualized_infant_cases_per_100k,annualized_infant_infections_per_100k,annualized_child_1_9_cases_per_100k,annualized_adolescent_cases_per_100k,annualized_child_adolescent_cases_per_100k,annualized_child_adolescent_infections_per_100k,annualized_child_adolescent_reported_cases_per_100k,annualized_deaths_per_million,annualized_infant_deaths_per_100k,annualized_child_adolescent_deaths_per_million,annualized_child_adolescent_hospitalizations_per_100k,peak_incidence_per_100k_year,treated_cases,PEP_FOI_reduction_case_proxy,PEP_averted_cases,peak_incidence,time_to_peak,outbreak_duration,n_epidemic_peaks,mean_peak_interval_years,proportion_asymptomatic,case_to_infection_ratio,mean_infection_to_case_ratio,vaccinated_origin_infection_share,waned_origin_infection_share,maternal_origin_infection_share,dose1_origin_infection_share,dose2_origin_infection_share,dose3plus_origin_infection_share,relative_reduction_vs_baseline,routine_age_pattern,routine_first_shot_months,routine_last_shot_months,routine_dose_count,routine_scheduler_code,calibration_loaded,calibration_country,calibration_artifact_path,calibration_hash_status,calibration_overlay_mode,calibration_config_hash,calibration_calibration_config_hash,calibration_accepted,calibration_calibration_status,calibration_fit_score,calibration_data_fit_score,calibration_optimizer_success,npi_contact_reduction_country,npi_contact_reduction_iso3,npi_contact_reduction_periods_loaded,npi_contact_reduction_reduction_column,resistance_timeline_country,resistance_timeline_iso3,resistance_timeline_anchor_year,resistance_timeline_configured_anchor_year,resistance_timeline_applied,resistance_timeline_allows_future_evidence,resistance_timeline_method,resistance_timeline_evidence_years,resistance_timeline_evidence_type,resistance_timeline_source,resistance_timeline_notes,diagnostic_standard_country,diagnostic_standard_iso3,diagnostic_standard_periods_loaded,diagnostic_standard_multiplier_column,contact_reciprocity_error_before,contact_reciprocity_error_after,country,observed_mean_annual_reported_incidence_per_100k,model_to_observed_reported_incidence_ratio,absolute_fit_relative_error,absolute_fit_relative_tolerance,absolute_fit_status,relative_reduction_infant_cases,relative_reduction_child_1_9_cases,relative_reduction_adolescent_cases,relative_reduction_child_adolescent_cases,relative_reduction_child_adolescent_infections,relative_reduction_child_adolescent_reported_cases,relative_reduction_total_infections,relative_reduction_reported_cases,relative_reduction_resistant_infections,relative_reduction_deaths,relative_reduction_infant_deaths,relative_reduction_child_adolescent_deaths
vaccine_mechanism,no_vaccine,no_vaccine,country_timeline,,2027-01-01,2051-01-01,2027,2051,5423494.560788736,15918223.948075846,833605.9646329386,814483.3227512633,1245490.3787976005,2173654.2239753045,402139.00586779445,3390276.552594362,7367300.766860461,766022.637291,2871.6797117427027,2853.7650931083813,2861.960008710604,292745.7971220504,15689217.92683895,0.9856135947085618,0.043000000000000003,0.9997388624494825,29813213.776860617,299913.586908364,2899426.750914748,2629897.1691057635,5829237.506928875,24.000492823261258,2224.6702983644373,116.50159189288834,11315.295385630656,17303.10632813262,3123.619737551837,637.114182506986,2423.2778679813464,5265.9470748583,547.5322365367174,4.013350096071472,39.6462322649479,20.45651509712076,209.24676795689734,12678.699476730197,558135.4484405336,173190.4200960796,173190.4200960796,10355.966518145977,4011.0,8766.0,6,4.602739726027397,0.6835295006707447,0.3407097788346114,2.9350493062467216,0.0,0.0,0.0,0.0,0.0,0.0,0.0,M2;M4;M6;M18;Y4;Y12-Y13,2.0,156.0,6,aP,True,Australia,/home/ctm/pertussis_transmission_analysis/outputs/calibrations/Australia_calibrated_config.yaml,current,fitted_parameters_and_state_only,e07d2d9623bba63452e5939f83db5c87901a902d0a71c99df08b4ecdc3550c54,c36eefa5b9e490f39c68369d7b2ec545f1003c465b2d7a3d65a4f58b53b37bf6,True,state_reconstruction_accepted,45.30917710919712,43.437823518402524,True,Australia,AUS,1,contact_reduction_mean,Australia,AUS,2025,2025,True,False,nearest_past_year,2024,measured_national_genomic_surveillance_fraction,https://doi.org/10.1016/j.lanmic.2025.101286,Nationwide Australian tNGS study of 2024-positive respiratory specimens estimated macrolide resistance at 8/188 (4.3%).,Australia,AUS,3,relative_detection_prior_mean,1.5769242865424038e-05,1.502232944079048e-16,Australia,54.978665659530755,2.1190327283378214,1.1190327283378214,0.25,calibrated_country_scenario_analysis,0.0,0.0,0.0,0.0,0.0,0.0,0.0,0.0,0.0,0.0,0.0,0.0
vaccine_mechanism,symptom_protective,symptom_protective,country_timeline,,2027-01-01,2051-01-01,2027,2051,3006146.9309164337,14171298.325353235,354142.44325846777,292193.4971725417,639259.9268476008,913702.9604259792,307879.45687636663,1513775.9144748875,6143180.911610946,304828.3786504236,1024.507082812484,1016.3820892133847,1017.720794252743,94118.94744746696,13558419.133268446,0.9567520788840981,0.043,0.999393398928792,29813213.78670254,299913.5870992305,2899426.7522343197,2629897.1692923927,5829237.508625942,24.000492823261258,1980.5266319976838,49.49359785470758,4059.3289461045624,8880.985888624382,1313.0242007523798,487.7775236979825,1082.0060289049727,4390.979351341277,217.8830699625045,1.4318120440314732,14.120195264338136,7.274392627031673,67.27367478803875,19608.949630022267,274427.0532643467,114282.79087460315,114282.79087460315,16016.597464453029,3234.0,8766.0,5,5.997945205479452,0.8096457078861466,0.21212925322009987,4.714107011739798,0.7637663070803896,0.5711012221230469,0.0022540433727191206,0.0298237930611689,0.04091658960578743,0.6907718810407142,0.10974375209325882,M2;M4;M6;M18;Y4;Y12-Y13,2.0,156.0,6,aP,True,Australia,/home/ctm/pertussis_transmission_analysis/outputs/calibrations/Australia_calibrated_config.yaml,current,fitted_parameters_and_state_only,e07d2d9623bba63452e5939f83db5c87901a902d0a71c99df08b4ecdc3550c54,c36eefa5b9e490f39c68369d7b2ec545f1003c465b2d7a3d65a4f58b53b37bf6,True,state_reconstruction_accepted,45.30917710919712,43.437823518402524,True,Australia,AUS,1,contact_reduction_mean,Australia,AUS,2025,2025,True,False,nearest_past_year,2024,measured_national_genomic_surveillance_fraction,https://doi.org/10.1016/j.lanmic.2025.101286,Nationwide Australian tNGS study of 2024-positive respiratory specimens estimated macrolide resistance at 8/188 (4.3%).,Australia,AUS,3,relative_detection_prior_mean,1.5769242865424038e-05,1.502232944079048e-16,Australia,54.978665659530755,0.9002327950483404,0.09976720495165958,0.25,calibrated_country_scenario_analysis,0.6412529403480798,0.5796465922004161,0.23439543942776886,0.5534948577228924,0.16615581391163525,0.6020634850577868,0.10974375209325882,0.5751680550721501,0.13581293876512657,0.6432376916467633,0.6438452163887394,0.6443972692996309
vaccine_mechanism,infection_blocking,infection_blocking,country_timeline,,2027-01-01,2051-01-01,2027,2051,2763849.1716480325,12651935.134321034,286448.32853567356,204690.43216774444,388507.2999416385,744859.2592222083,366821.68133700604,1316371.3727269587,4945500.3942101365,238584.54238054575,753.6224157335585,746.330069025075,747.3585408489631,68985.60055336666,12428782.150464308,0.9823621460679658,0.04299999999999999,0.9998338669962971,29813213.78482043,299913.587004245,2899426.7517223884,2629897.169528778,5829237.508255412,24.000492823261258,1768.1862244465378,40.03292643814959,2843.6833967652583,5397.37860077777,1070.389695607386,581.1604748187644,940.9066084613332,3534.9097522691436,170.53376976554875,1.053233959696325,10.368469123432314,5.341916457193156,49.309039070693856,21970.96567043173,210703.08124874177,87726.24737462736,87726.24737462736,17945.89305730224,4039.0,8766.0,5,5.763013698630138,0.7987418461941558,0.21845268271653642,4.577650352308089,0.6943428471723883,0.5920188463987536,0.0009844090817308013,0.02444317935125864,0.029438651552874163,0.6394766071865247,0.2051917867476436,M2;M4;M6;M18;Y4;Y12-Y13,2.0,156.0,6,aP,True,Australia,/home/ctm/pertussis_transmission_analysis/outputs/calibrations/Australia_calibrated_config.yaml,current,fitted_parameters_and_state_only,e07d2d9623bba63452e5939f83db5c87901a902d0a71c99df08b4ecdc3550c54,c36eefa5b9e490f39c68369d7b2ec545f1003c465b2d7a3d65a4f58b53b37bf6,True,state_reconstruction_accepted,45.30917710919712,43.437823518402524,True,Australia,AUS,1,contact_reduction_mean,Australia,AUS,2025,2025,True,False,nearest_past_year,2024,measured_national_genomic_surveillance_fraction,https://doi.org/10.1016/j.lanmic.2025.101286,Nationwide Australian tNGS study of 2024-positive respiratory specimens estimated macrolide resistance at 8/188 (4.3%).,Australia,AUS,3,relative_detection_prior_mean,1.5769242865424038e-05,1.502232944079048e-16,Australia,54.978665659530755,0.7281538385464569,0.2718461614535431,0.25,calibrated_country_scenario_analysis,0.7486867730129629,0.6573239427842545,0.08782367294755578,0.6117215358966442,0.3287228863444872,0.6885411334261768,0.2051917867476436,0.6563744254615486,0.20781378597572653,0.7375673851607161,0.7384752967833956,0.7388647854706852
vaccine_mechanism,transmission_blocking,transmission_blocking,country_timeline,,2027-01-01,2051-01-01,2027,2051,2550107.177522642,12552023.746465463,264552.2231386907,180849.11385953389,386754.0513629031,712236.8823747907,329691.53510488133,1222777.5313392058,5189963.575020762,220685.91081049462,622.8694259721358,616.4707799066977,617.3971557478735,58758.9120282591,12403269.3179023,0.9881489685195146,0.043,0.9998847908521089,29813213.78870312,299913.58699064114,2899426.7520984374,2629897.1697555687,5829237.508844648,24.000492823261258,1754.222989519513,36.97281021230294,2512.4653701641582,5373.021410404651,1023.5101600572248,522.3346896246495,874.0082651717133,3709.6454132096305,157.74031261767882,0.8704985654738137,8.56438526669627,4.412987670996532,41.99927905851392,26633.035381083406,183378.63457664062,77801.80605473719,77801.80605473719,21753.873360502297,3997.0,8766.0,4,7.997260273972603,0.8109087290406627,0.20316303004451608,4.922155373351564,0.7323383485300367,0.5674685702463668,0.0013387896062971784,0.023811288987815697,0.03169376475397405,0.6754945051819498,0.211468327910871,M2;M4;M6;M18;Y4;Y12-Y13,2.0,156.0,6,aP,True,Australia,/home/ctm/pertussis_transmission_analysis/outputs/calibrations/Australia_calibrated_config.yaml,current,fitted_parameters_and_state_only,e07d2d9623bba63452e5939f83db5c87901a902d0a71c99df08b4ecdc3550c54,c36eefa5b9e490f39c68369d7b2ec545f1003c465b2d7a3d65a4f58b53b37bf6,True,state_reconstruction_accepted,45.30917710919712,43.437823518402524,True,Australia,AUS,1,contact_reduction_mean,Australia,AUS,2025,2025,True,False,nearest_past_year,2024,measured_national_genomic_surveillance_fraction,https://doi.org/10.1016/j.lanmic.2025.101286,Nationwide Australian tNGS study of 2024-positive respiratory specimens estimated macrolide resistance at 8/188 (4.3%).,Australia,AUS,3,relative_detection_prior_mean,1.5769242865424038e-05,1.502232944079048e-16,Australia,54.978665659530755,0.6724937713342551,0.32750622866574486,0.25,calibrated_country_scenario_analysis,0.7779584813981959,0.6723320229506371,0.18015529383073736,0.639328086552853,0.2955406953973946,0.7119068026619434,0.211468327910871,0.6826411585776251,0.20943992391841926,0.7830992699411654,0.7839798442431627,0.784274708986577
vaccine_mechanism,next_generation,next_generation,country_timeline,,2027-01-01,2051-01-01,2027,2051,2271639.264806833,10649326.839558594,209298.55246878206,135902.12490555664,247367.2900146243,512963.36079237214,328500.59452443913,977366.080222368,3762257.958514642,166628.3647487713,522.3758301122248,516.244632356778,516.9475153493923,46977.3847212321,10260223.176656492,0.9634621353289002,0.043000000000000003,0.9985342984962561,29813213.79084167,299913.58716785564,2899426.752301282,2629897.170358722,5829237.509827861,24.000492823261258,1488.3093229313963,29.25076782864952,1888.0345889910332,3436.5761393145895,737.1469021946635,520.4478664837355,698.5948058214527,2689.16010199655,119.10144261352895,0.7300525467413266,7.171982946903167,3.6950008437291606,33.57816239117088,23705.96152365706,155449.31966194813,82317.3270344525,82317.3270344525,19363.03832937684,5089.0,8766.0,4,7.9972602739726035,0.8049470800622828,0.21331294447349225,4.687948040229068,0.6608761258286115,0.5875544577204844,0.0006876533312301998,0.019734704017929962,0.02294628937023545,0.6175074791092159,0.33099780011287894,M2;M4;M6;M18;Y4;Y12-Y13,2.0,156.0,6,aP,True,Australia,/home/ctm/pertussis_transmission_analysis/outputs/calibrations/Australia_calibrated_config.yaml,current,fitted_parameters_and_state_only,e07d2d9623bba63452e5939f83db5c87901a902d0a71c99df08b4ecdc3550c54,c36eefa5b9e490f39c68369d7b2ec545f1003c465b2d7a3d65a4f58b53b37bf6,True,state_reconstruction_accepted,45.30917710919712,43.437823518402524,True,Australia,AUS,1,contact_reduction_mean,Australia,AUS,2025,2025,True,False,nearest_past_year,2024,measured_national_genomic_surveillance_fraction,https://doi.org/10.1016/j.lanmic.2025.101286,Nationwide Australian tNGS study of 2024-positive respiratory specimens estimated macrolide resistance at 8/188 (4.3%).,Australia,AUS,3,relative_detection_prior_mean,1.5769242865424038e-05,1.502232944079048e-16,Australia,54.978665659530755,0.5320385185372135,0.4679614814627865,0.25,calibrated_country_scenario_analysis,0.8331431459560283,0.7640087576329251,0.1831168085384992,0.7117149397519054,0.48933020687332274,0.7824759261187841,0.33099780011287894,0.7489238784886305,0.3460334846197325,0.8180939789433492,0.8191005161554928,0.8193729074564211
vaccine_mechanism,no_vaccine,no_vaccine,country_timeline,,2027-01-01,2051-01-01,2027,2051,166089977.63712522,530815965.4614298,56637162.230833836,18412879.438083526,28248462.079622976,52489953.1547978,10937589.948831197,81840422.54171252,180561070.39116564,48678662.692809224,64883.59708680176,64143.99256859205,64344.75528906775,6660845.266219844,530808946.01851356,0.9999867761269952,0.9969999999999999,0.9999974417213928,1336915575.9159408,7978469.588740466,78945023.75853477,88756327.4590375,175679820.80631274,24.000492823261258,1654.3211955934182,176.5132626621035,9615.723262785106,14752.14101468128,2770.328474243893,513.4547244302851,1941.0012882292056,4282.34922729864,1154.5070768404241,2.022137932752871,33.49779612601011,15.260582610410856,157.97461499955725,19581.160341896295,14069872.194684023,4637238.253763693,4637238.253763693,717215.294673662,2401.0,8766.0,6,4.736986301369863,0.7122941596636024,0.31289559554363794,3.1959542232052134,0.0,0.0,0.0,0.0,0.0,0.0,0.0,M3;M4;M5;M18,3.0,18.0,4,aP,True,China,/home/ctm/pertussis_transmission_analysis/outputs/calibrations/China_calibrated_config.yaml,current,fitted_parameters_and_state_only,e07d2d9623bba63452e5939f83db5c87901a902d0a71c99df08b4ecdc3550c54,c36eefa5b9e490f39c68369d7b2ec545f1003c465b2d7a3d65a4f58b53b37bf6,True,state_reconstruction_accepted,61.55520059847223,56.080676333404014,True,China,CHN,1,contact_reduction_mean,China,CHN,2025,2025,True,False,nearest_past_year,2024,measured_multicenter_isolate_fraction,https://www.sciencedirect.com/science/article/pii/S2666606525001658,Five sentinel hospitals in China during 2024; 393/394 isolates displayed high-level azithromycin resistance.,China,CHN,7,relative_detection_prior_mean,2.010611200412732e-05,1.6667804836994706e-16,China,4.146450779474111,42.569723373031444,41.569723373031444,0.25,calibrated_country_scenario_analysis,0.0,0.0,0.0,0.0,0.0,0.0,0.0,0.0,0.0,0.0,0.0,0.0
vaccine_mechanism,symptom_protective,symptom_protective,country_timeline,,2027-01-01,2051-01-01,2027,2051,103604418.7467525,478647958.6907078,27223484.450678058,8112233.31075445,16958066.27978741,22074215.232534006,7470563.362878587,37657011.906167045,150727635.82356676,21043471.319580797,33371.39512856483,32928.122153356766,32962.53265956191,2757961.394919043,478629590.2594025,0.9999616243400358,0.997,0.9999950547863502,1336915575.8616343,7978469.584567459,78945023.7311615,88756327.51815778,175679820.83388674,24.000492823261258,1491.7363358379662,84.84369400484131,4236.436287027579,8855.978938656632,1165.0387045714413,350.6984690608826,893.1076641497875,3574.792580161137,499.0859487912785,1.0400404261005924,17.195991068109922,7.817691595232817,65.41030035439556,12956.487261144463,7609128.6291006,2779578.157065994,2779578.157065994,474567.93501032545,3486.0,8766.0,6,4.733150684931506,0.8048726170500338,0.2164522314691401,4.619956991030473,0.606471880525397,0.4660495235046416,8.065347700956985e-05,0.021559524529626246,0.029509409221135628,0.5553222932976256,0.098278895446133,M3;M4;M5;M18,3.0,18.0,4,aP,True,China,/home/ctm/pertussis_transmission_analysis/outputs/calibrations/China_calibrated_config.yaml,current,fitted_parameters_and_state_only,e07d2d9623bba63452e5939f83db5c87901a902d0a71c99df08b4ecdc3550c54,c36eefa5b9e490f39c68369d7b2ec545f1003c465b2d7a3d65a4f58b53b37bf6,True,state_reconstruction_accepted,61.55520059847223,56.080676333404014,True,China,CHN,1,contact_reduction_mean,China,CHN,2025,2025,True,False,nearest_past_year,2024,measured_multicenter_isolate_fraction,https://www.sciencedirect.com/science/article/pii/S2666606525001658,Five sentinel hospitals in China during 2024; 393/394 isolates displayed high-level azithromycin resistance.,China,CHN,7,relative_detection_prior_mean,2.010611200412732e-05,1.6667804836994706e-16,China,4.146450779474111,20.461763208389495,19.461763208389495,0.25,calibrated_country_scenario_analysis,0.5594261430954768,0.5794582790456095,0.3169826810268289,0.5398727091496385,0.16522628329001388,0.5677064620205903,0.098278895446133,0.5193353025046632,0.09830157564317155,0.4856728568251183,0.4866530623558356,0.48771997793016264
vaccine_mechanism,infection_blocking,infection_blocking,country_timeline,,2027-01-01,2051-01-01,2027,2051,159367227.85887355,724623589.6324804,35987137.37682793,8665030.348314513,15812047.72921725,27801233.130039066,16942144.04197925,53408407.52033283,204539150.61034572,26025748.115946982,39563.04275775419,39010.39801347441,39050.15565280618,3147849.938110839,724284812.9737349,0.9995324791193765,0.997,0.9999973629193273,1336915575.415075,7978469.570098614,78945023.72566989,88756327.52344456,175679820.81921306,24.000492823261258,2258.3347932329866,112.15616716006359,4525.122448549479,8257.495849502096,1467.3007530444515,795.3327867214192,1266.681971721097,4851.035007749218,617.2501197770016,1.2330070020397217,20.37232654493361,9.26148718054944,74.65724876313487,52957.590023941535,9871625.007246196,4382946.105168797,4382946.105168797,1939721.286012423,119.0,8766.0,4,7.792694063926941,0.800502725286006,0.2199310512920267,4.546879552138319,0.5097199947781571,0.43249126963596524,3.763578738575613e-05,0.014741606007802922,0.01818097553260422,0.4767597774503643,-0.3651126506765423,M3;M4;M5;M18,3.0,18.0,4,aP,True,China,/home/ctm/pertussis_transmission_analysis/outputs/calibrations/China_calibrated_config.yaml,current,fitted_parameters_and_state_only,e07d2d9623bba63452e5939f83db5c87901a902d0a71c99df08b4ecdc3550c54,c36eefa5b9e490f39c68369d7b2ec545f1003c465b2d7a3d65a4f58b53b37bf6,True,state_reconstruction_accepted,61.55520059847223,56.080676333404014,True,China,CHN,1,contact_reduction_mean,China,CHN,2025,2025,True,False,nearest_past_year,2024,measured_multicenter_isolate_fraction,https://www.sciencedirect.com/science/article/pii/S2666606525001658,Five sentinel hospitals in China during 2024; 393/394 isolates displayed high-level azithromycin resistance.,China,CHN,7,relative_detection_prior_mean,2.010611200412732e-05,1.6667804836994706e-16,China,4.146450779474111,27.048715425554434,26.048715425554434,0.25,calibrated_country_scenario_analysis,0.5294038405317231,0.4703513442267586,-0.5489832880222125,0.3474079695383835,-0.13279761892878805,0.4653561401186256,-0.3651126506765423,0.3646020393790814,-0.3644924758831649,0.3902458474238649,0.39183084102912924,0.39311051106847794
vaccine_mechanism,transmission_blocking,transmission_blocking,country_timeline,,2027-01-01,2051-01-01,2027,2051,150858478.28159064,712196827.3369184,34473363.01927015,8290704.208284093,16533070.291502107,27212717.922609508,15066114.809698582,50569536.940592185,209899377.30483592,25076194.668572143,35770.29159291222,35245.42092443694,35283.15160167619,2904260.4706462976,711864604.2069118,0.9995335234344572,0.997,0.99999860348595,1336915575.2775013,7978469.570544299,78945023.75125307,88756327.66308323,175679820.9848806,24.000492823261258,2219.606010599745,107.43839459279287,4329.638814524387,8634.034101207277,1436.2399430458454,707.2643833106383,1199.3527550159783,4978.16297472597,594.7296530794928,1.1148035370701492,18.40614966292175,8.368070510281642,68.88006114917866,45279.79626227391,9137200.41167707,4128761.7167389644,4128761.7167389644,1658500.4073541362,105.0,8766.0,4,7.8054794520547945,0.8082269670415403,0.21182132872690285,4.720959905266579,0.5486644522887322,0.43162037811442716,5.3322342043222354e-05,0.015057905475192533,0.020224706006032673,0.5133285184654638,-0.34170197145034464,M3;M4;M5;M18,3.0,18.0,4,aP,True,China,/home/ctm/pertussis_transmission_analysis/outputs/calibrations/China_calibrated_config.yaml,current,fitted_parameters_and_state_only,e07d2d9623bba63452e5939f83db5c87901a902d0a71c99df08b4ecdc3550c54,c36eefa5b9e490f39c68369d7b2ec545f1003c465b2d7a3d65a4f58b53b37bf6,True,state_reconstruction_accepted,61.55520059847223,56.080676333404014,True,China,CHN,1,contact_reduction_mean,China,CHN,2025,2025,True,False,nearest_past_year,2024,measured_multicenter_isolate_fraction,https://www.sciencedirect.com/science/article/pii/S2666606525001658,Five sentinel hospitals in China during 2024; 393/394 isolates displayed high-level azithromycin resistance.,China,CHN,7,relative_detection_prior_mean,2.010611200412732e-05,1.6667804836994706e-16,China,4.146450779474111,25.910929685850306,24.910929685850306,0.25,calibrated_country_scenario_analysis,0.5497334224034317,0.4815633033171768,-0.37746202592908173,0.38209584738131275,-0.16248412157787984,0.4848627040800696,-0.34170197145034464,0.39132962066905064,-0.3410938333772606,0.44870054684146976,0.45052654951673876,0.45165458407344605
vaccine_mechanism,next_generation,next_generation,country_timeline,,2027-01-01,2051-01-01,2027,2051,100181817.2562896,446621681.188684,21163100.891127877,5075568.824004539,8922639.0000937,15058795.81427886,8629815.32296305,28764179.961246446,105527057.1085484,14405254.248360325,23133.195597730475,22716.726570925868,22739.93453574125,1851459.8189717268,446521828.204605,0.9997764260261319,0.9969999999999999,0.9999933585578831,1336915575.7921097,7978469.582884266,78945023.76545566,88756327.67581472,175679821.02415463,24.000492823261258,1391.9244366136704,65.95612914823221,2650.604725501325,4659.652921213078,794.7770634398254,405.11844551161715,682.1972389249261,2502.774877932072,341.6480041316335,0.7209605266754047,11.863313233394502,5.3932080019374276,43.91089119121973,25339.95009788507,5815496.098454119,2689494.564541786,2689494.564541786,928147.2322097903,0.0,8766.0,4,7.894977168949772,0.797134481025261,0.22431024170088565,4.458111196427157,0.4373325899086913,0.387333954668196,2.7733017330777357e-05,0.013652834663794277,0.01587557423052275,0.4077764479970436,0.15861294639010537,M3;M4;M5;M18,3.0,18.0,4,aP,True,China,/home/ctm/pertussis_transmission_analysis/outputs/calibrations/China_calibrated_config.yaml,current,fitted_parameters_and_state_only,e07d2d9623bba63452e5939f83db5c87901a902d0a71c99df08b4ecdc3550c54,c36eefa5b9e490f39c68369d7b2ec545f1003c465b2d7a3d65a4f58b53b37bf6,True,state_reconstruction_accepted,61.55520059847223,56.080676333404014,True,China,CHN,1,contact_reduction_mean,China,CHN,2025,2025,True,False,nearest_past_year,2024,measured_multicenter_isolate_fraction,https://www.sciencedirect.com/science/article/pii/S2666606525001658,Five sentinel hospitals in China during 2024; 393/394 isolates displayed high-level azithromycin resistance.,China,CHN,7,relative_detection_prior_mean,2.010611200412732e-05,1.6667804836994706e-16,China,4.146450779474111,15.906647071449704,14.906647071449704,0.25,calibrated_country_scenario_analysis,0.7243468170705178,0.7131108924812896,0.21099480202352605,0.648533340030278,0.4155603038908904,0.704074568784564,0.15861294639010537,0.6263389608950698,0.15878993458216661,0.6434661973690714,0.6458479483229259,0.6465922601837171
vaccine_mechanism,no_vaccine,no_vaccine,country_timeline,,2027-01-01,2051-01-01,2027,2051,13440005.79265768,44133645.522964284,1031762.966360362,1151805.6373842014,1771240.7717914649,5186185.246657906,1506806.1468135426,7844797.03085565,18844612.149321288,916579.2600071294,3981.532213216518,3941.295842347518,3957.5439826137863,430056.6159264728,42008025.83689299,0.9518367526433941,0.0029999999999999996,0.999709644534295,72784716.28858967,682810.3409773164,6599216.085705994,6165078.1038783975,13447104.530561708,24.000492823261258,2526.442680227788,59.0635548730026,7028.440141810689,10808.299019566539,3274.4285374167625,1018.3536883388387,2430.7078923257313,5838.997146644658,284.0017953910532,2.279239069643116,24.050205182201886,12.262437581149634,133.2529071648085,30078.201787784405,1156357.152939448,571503.6188118292,571503.6188118292,59978.996810817494,1589.0,7653.0,4,6.092237442922375,0.70886100766643,0.3045296991308904,3.2837519718238988,0.0,0.0,0.0,0.0,0.0,0.0,0.0,W8;W12;W16;M40,1.8410958904109591,40.0,4,aP,True,United_Kingdom,/home/ctm/pertussis_transmission_analysis/outputs/calibrations/United_Kingdom_calibrated_config.yaml,current,fitted_parameters_and_state_only,e07d2d9623bba63452e5939f83db5c87901a902d0a71c99df08b4ecdc3550c54,c36eefa5b9e490f39c68369d7b2ec545f1003c465b2d7a3d65a4f58b53b37bf6,True,state_reconstruction_accepted,48.22162649451701,42.000016882084694,True,United_Kingdom,GBR,1,contact_reduction_mean,United_Kingdom,GBR,2025,2025,True,False,nearest_past_year,2024,measured_national_surveillance_fraction,https://www.postersessiononline.eu/173580348_eu/congresos/UKHSA2025/aula/-P_58_UKHSA2025.pdf,"UKHSA national reference laboratory poster: 661 B. pertussis isolates received from June 2023 to November 2024, with 2 predicted and phenotypically confirmed macrolide-resistant isolates.",United_Kingdom,GBR,3,relative_detection_prior_mean,6.047227433250013e-05,1.6570722974665014e-16,United_Kingdom,6.999594011212859,8.4381400947522,7.4381400947522,0.25,calibrated_country_scenario_analysis,0.0,0.0,0.0,0.0,0.0,0.0,0.0,0.0,0.0,0.0,0.0,0.0
vaccine_mechanism,symptom_protective,symptom_protective,country_timeline,,2027-01-01,2051-01-01,2027,2051,6807398.7280390365,33844023.55090086,381178.77968542697,380816.32449771586,831878.5193761545,1602077.2319018948,800816.6793465879,2783710.235746199,12747737.732129544,299053.65410447394,1335.99841993741,1317.5088894478167,1319.4678029504173,124555.43321223502,32807205.69247348,0.9693648168969028,0.003,0.9997751528148018,72784716.30243406,682810.3403177831,6599216.081271872,6165078.108929971,13447104.530519625,24.000492823261258,1937.41043913708,21.820684110723054,2323.7815977532437,5076.210946162098,1011.5117685374972,541.2206607679526,862.5317408957053,3949.8825263428203,92.66168065327027,0.7647959710122838,8.039578965563784,4.088366836893789,38.593461800369255,24410.382425571184,479763.43081906025,243684.3389491826,243684.3389491826,48676.78793641427,2716.0,6841.0,3,8.102739726027398,0.8080292474095213,0.20114034957459534,4.971652888716582,0.5514995841275682,0.3982646481999905,0.0009268109006882566,0.01865081454303829,0.025492385796398256,0.5064295728874433,0.23314688487968593,W8;W12;W16;M40,1.8410958904109591,40.0,4,aP,True,United_Kingdom,/home/ctm/pertussis_transmission_analysis/outputs/calibrations/United_Kingdom_calibrated_config.yaml,current,fitted_parameters_and_state_only,e07d2d9623bba63452e5939f83db5c87901a902d0a71c99df08b4ecdc3550c54,c36eefa5b9e490f39c68369d7b2ec545f1003c465b2d7a3d65a4f58b53b37bf6,True,state_reconstruction_accepted,48.22162649451701,42.000016882084694,True,United_Kingdom,GBR,1,contact_reduction_mean,United_Kingdom,GBR,2025,2025,True,False,nearest_past_year,2024,measured_national_surveillance_fraction,https://www.postersessiononline.eu/173580348_eu/congresos/UKHSA2025/aula/-P_58_UKHSA2025.pdf,"UKHSA national reference laboratory poster: 661 B. pertussis isolates received from June 2023 to November 2024, with 2 predicted and phenotypically confirmed macrolide-resistant isolates.",United_Kingdom,GBR,3,relative_detection_prior_mean,6.047227433250013e-05,1.6570722974665014e-16,United_Kingdom,6.999594011212859,3.1174213926933256,2.1174213926933256,0.25,calibrated_country_scenario_analysis,0.669374491548274,0.6910875420552497,0.46853370552006135,0.6451520383768842,0.3235340886233804,0.6737285391967653,0.23314688487968593,0.6305558620406101,0.21902529245587676,0.664451184018398,0.6657168245804453,0.6665942794957983
vaccine_mechanism,infection_blocking,infection_blocking,country_timeline,,2027-01-01,2051-01-01,2027,2051,6225211.728159988,29140550.49934492,305877.96149498335,275077.76273455966,516740.7805179808,1154320.3898639502,818490.8608006082,2247889.013399118,8975014.305555232,224081.05042930468,1030.201508352164,1013.1571014617291,1014.6079218301109,94034.74452040391,28279745.111730877,0.9704602221693309,0.0030000000000000005,0.9894607350636223,72784716.29631723,682810.3405377608,6599216.0830179285,6165078.11335444,13447104.536910128,24.000492823261258,1668.158830449519,17.51006805857099,1678.5536797322934,3153.2070421962185,728.8092205861553,553.165506690702,696.5077033696075,2780.9053580536975,69.43144295507656,0.5897416877346601,6.182392076696313,3.1437594527227115,29.136635996016302,18768.110506375273,376038.1417276227,220585.02619505685,220585.02619505685,37425.523249985075,3444.0,5943.0,2,10.126027397260273,0.7948214945813598,0.21362711484465371,4.681053717020821,0.4244430668501972,0.35461389493105877,0.00044285038622609874,0.014783269208227737,0.017573699839482038,0.39164324741626144,0.33972029380210456,W8;W12;W16;M40,1.8410958904109591,40.0,4,aP,True,United_Kingdom,/home/ctm/pertussis_transmission_analysis/outputs/calibrations/United_Kingdom_calibrated_config.yaml,current,fitted_parameters_and_state_only,e07d2d9623bba63452e5939f83db5c87901a902d0a71c99df08b4ecdc3550c54,c36eefa5b9e490f39c68369d7b2ec545f1003c465b2d7a3d65a4f58b53b37bf6,True,state_reconstruction_accepted,48.22162649451701,42.000016882084694,True,United_Kingdom,GBR,1,contact_reduction_mean,United_Kingdom,GBR,2025,2025,True,False,nearest_past_year,2024,measured_national_surveillance_fraction,https://www.postersessiononline.eu/173580348_eu/congresos/UKHSA2025/aula/-P_58_UKHSA2025.pdf,"UKHSA national reference laboratory poster: 661 B. pertussis isolates received from June 2023 to November 2024, with 2 predicted and phenotypically confirmed macrolide-resistant isolates.",United_Kingdom,GBR,3,relative_detection_prior_mean,6.047227433250013e-05,1.6570722974665014e-16,United_Kingdom,6.999594011212859,2.501583381910592,1.5015833819105922,0.25,calibrated_country_scenario_analysis,0.7611769262049518,0.7774239956800965,0.45680413998079406,0.7134547898999071,0.5237357906631961,0.7555246335951769,0.33972029380210456,0.7035385340743565,0.32680137787159314,0.7412550110903395,0.7429380736721678,0.7436268740695066
vaccine_mechanism,transmission_blocking,transmission_blocking,country_timeline,,2027-01-01,2051-01-01,2027,2051,6163675.918317867,30332742.905680787,309966.82244964084,273334.18942708464,570482.7659494117,1226134.5606205899,796756.2719058959,2296225.02195357,10365660.288349973,230602.8315228608,965.0993453160269,948.4686437909053,949.9194127405808,90269.90301555717,29482646.015166197,0.971974282274506,0.003,0.9844793723999462,72784716.29791352,682810.3403706199,6599216.081179952,6165078.109081285,13447104.530631859,24.000492823261258,1736.406212706728,17.744136028453894,1667.9142109153934,3481.146337396526,774.1509043376152,538.4764916399879,711.4846007405841,3211.79657967264,71.45221480780829,0.5524737753841893,5.787656249305432,2.943322312263907,27.970101053629918,28296.05757137717,367725.7888341482,215294.292767617,215294.292767617,56425.21979951,3465.0,5621.0,2,11.065753424657535,0.8046993913173685,0.20320206245388775,4.921209892871674,0.48449961646598955,0.36074316648033,0.0006449959631700139,0.015004607330499064,0.019893912870872374,0.44895610030144817,0.3127070617835638,W8;W12;W16;M40,1.8410958904109591,40.0,4,aP,True,United_Kingdom,/home/ctm/pertussis_transmission_analysis/outputs/calibrations/United_Kingdom_calibrated_config.yaml,current,fitted_parameters_and_state_only,e07d2d9623bba63452e5939f83db5c87901a902d0a71c99df08b4ecdc3550c54,c36eefa5b9e490f39c68369d7b2ec545f1003c465b2d7a3d65a4f58b53b37bf6,True,state_reconstruction_accepted,48.22162649451701,42.000016882084694,True,United_Kingdom,GBR,1,contact_reduction_mean,United_Kingdom,GBR,2025,2025,True,False,nearest_past_year,2024,measured_national_surveillance_fraction,https://www.postersessiononline.eu/173580348_eu/congresos/UKHSA2025/aula/-P_58_UKHSA2025.pdf,"UKHSA national reference laboratory poster: 661 B. pertussis isolates received from June 2023 to November 2024, with 2 predicted and phenotypically confirmed macrolide-resistant isolates.",United_Kingdom,GBR,3,relative_detection_prior_mean,6.047227433250013e-05,1.6570722974665014e-16,United_Kingdom,6.999594011212859,2.5350236028016813,1.5350236028016813,0.25,calibrated_country_scenario_analysis,0.7626907001012445,0.7635767905878914,0.4712284167470354,0.7072932527225481,0.4499403752003829,0.7484092848434438,0.3127070617835638,0.6995755492726425,0.29816635207662023,0.7576060436953335,0.7593510658093665,0.7599724938209783
vaccine_mechanism,next_generation,next_generation,country_timeline,,2027-01-01,2051-01-01,2027,2051,6352828.753245406,29942065.74852138,284015.6799525409,236872.1050618331,435769.9091347633,970048.2026030486,837645.4033669466,2044565.7110318283,8030307.81958533,195612.7575802206,908.9936628631317,891.1080665578918,892.3752363108365,82288.30969379409,28761644.790679246,0.9605765023777484,0.003,0.9575665323672634,72784716.29720098,682810.3403523192,6599216.081453059,6165078.110134877,13447104.531940255,24.000492823261258,1714.0417913797612,16.258555736750875,1445.4187053612545,2659.1141989156545,612.4643390567677,566.1108344806175,633.5080423530212,2488.188351603665,60.61055139743197,0.520355923112524,5.437635924098587,2.7650218623410736,25.49700687112966,22401.373136453232,336260.7275808231,239912.29065317995,239912.29065317995,44670.61886039693,3087.0,6013.0,2,11.161643835616438,0.7947135390743317,0.21217069011209175,4.713186347613286,0.35734084811728334,0.31283304236151344,0.00031912771366445527,0.012441772595292045,0.014191184677222182,0.33038876313110466,0.3215592006116632,W8;W12;W16;M40,1.8410958904109591,40.0,4,aP,True,United_Kingdom,/home/ctm/pertussis_transmission_analysis/outputs/calibrations/United_Kingdom_calibrated_config.yaml,current,fitted_parameters_and_state_only,e07d2d9623bba63452e5939f83db5c87901a902d0a71c99df08b4ecdc3550c54,c36eefa5b9e490f39c68369d7b2ec545f1003c465b2d7a3d65a4f58b53b37bf6,True,state_reconstruction_accepted,48.22162649451701,42.000016882084694,True,United_Kingdom,GBR,1,contact_reduction_mean,United_Kingdom,GBR,2025,2025,True,False,nearest_past_year,2024,measured_national_surveillance_fraction,https://www.postersessiononline.eu/173580348_eu/congresos/UKHSA2025/aula/-P_58_UKHSA2025.pdf,"UKHSA national reference laboratory poster: 661 B. pertussis isolates received from June 2023 to November 2024, with 2 predicted and phenotypically confirmed macrolide-resistant isolates.",United_Kingdom,GBR,3,relative_detection_prior_mean,6.047227433250013e-05,1.6570722974665014e-16,United_Kingdom,6.999594011212859,2.322785537376283,1.3227855373762831,0.25,calibrated_country_scenario_analysis,0.7943471560012682,0.812955350326491,0.4440921248308395,0.7393730260974232,0.573867174556068,0.7865839146538194,0.3215592006116632,0.7247277822401088,0.3153297681173174,0.7716975239216279,0.7739048013134865,0.7745128695394912
vaccine_mechanism,no_vaccine,no_vaccine,country_timeline,,2027-01-01,2051-01-01,2027,2051,18773363.51914643,64504072.95362149,1697893.4470629147,1420298.6938478071,2183666.57821654,5321343.463062994,1527669.6980714316,8269311.854982232,19471474.813417025,1407448.50128714,5005.683417273761,4909.050491730577,4927.731487273765,525319.3080495575,64453135.10970392,0.9992103158516177,0.827,0.9999523682960165,111962696.3876516,732155.6564939264,7080255.6456210995,6775380.658284658,14587791.960399684,24.000492823261258,2400.45533452127,63.1854268393459,8082.6934193476045,12426.8983406468,3131.4983888335314,939.4541835421072,2361.889904347481,5561.463951423893,401.99698165649016,1.8628156194972247,27.93662366699861,14.074640617302144,150.0422758265561,51550.88562480509,1380002.679833055,539405.2513042991,539405.2513042991,158130.85358149605,1708.0,7443.0,4,6.028310502283105,0.7251530762619177,0.29104152124850324,3.4359358613514077,0.0,0.0,0.0,0.0,0.0,0.0,0.0,M2;M3;M4;Y1,2.0,12.0,4,aP,True,Japan,/home/ctm/pertussis_transmission_analysis/outputs/calibrations/Japan_calibrated_config.yaml,current,fitted_parameters_and_state_only,e07d2d9623bba63452e5939f83db5c87901a902d0a71c99df08b4ecdc3550c54,c36eefa5b9e490f39c68369d7b2ec545f1003c465b2d7a3d65a4f58b53b37bf6,True,state_reconstruction_accepted,48.269543785369024,41.434615044876836,True,Japan,JPN,1,contact_reduction_mean,Japan,JPN,2025,2025,True,False,exact_year,2025,measured_multicenter_isolate_fraction,https://www.mdpi.com/2227-9059/14/1/167,"Japanese children at six clinics, March-August 2025; 43/52 sequenced B. pertussis isolates carried the A2047G mutation associated with macrolide resistance.",Japan,JPN,3,relative_detection_prior_mean,7.644092124256049e-05,2.2471172848738243e-16,Japan,7.349919218851434,8.596751196568912,7.596751196568912,0.25,calibrated_country_scenario_analysis,0.0,0.0,0.0,0.0,0.0,0.0,0.0,0.0,0.0,0.0,0.0,0.0
vaccine_mechanism,symptom_protective,symptom_protective,country_timeline,,2027-01-01,2051-01-01,2027,2051,12709317.659633517,60776938.05733234,823744.092274212,597781.2661556527,1245443.8024733316,2008920.7254078905,1061817.8772179077,3668519.868781451,16252862.361891257,574829.3125831091,2435.0047585701263,2370.541470196139,2373.3712990875124,203971.42652831593,60670186.80964705,0.9982435566664352,0.8270000000000001,0.9992379541849616,111962696.37860838,732155.6562415272,7080255.6452422235,6775380.660970686,14587791.962454436,24.000492823261258,2261.7536925501227,30.654822404182912,3401.877878759045,7087.6221132168575,1182.2074742803093,652.9744275061611,1047.806660663328,4642.160338984526,164.1833774963769,0.9061629591931498,13.49037356088937,6.778849084541301,58.25854212215593,53491.95849349281,752614.5274401372,357622.3620251992,357622.3620251992,164085.038561755,1722.0,7000.0,3,7.978082191780822,0.8038896919124987,0.20911414865363098,4.78207718816943,0.48736894403999026,0.3743679191214504,4.564331078128714e-05,0.013826912439267753,0.01891188625047887,0.4545845020394623,0.05778138845540759,M2;M3;M4;Y1,2.0,12.0,4,aP,True,Japan,/home/ctm/pertussis_transmission_analysis/outputs/calibrations/Japan_calibrated_config.yaml,current,fitted_parameters_and_state_only,e07d2d9623bba63452e5939f83db5c87901a902d0a71c99df08b4ecdc3550c54,c36eefa5b9e490f39c68369d7b2ec545f1003c465b2d7a3d65a4f58b53b37bf6,True,state_reconstruction_accepted,48.269543785369024,41.434615044876836,True,Japan,JPN,1,contact_reduction_mean,Japan,JPN,2025,2025,True,False,exact_year,2025,measured_multicenter_isolate_fraction,https://www.mdpi.com/2227-9059/14/1/167,"Japanese children at six clinics, March-August 2025; 43/52 sequenced B. pertussis isolates carried the A2047G mutation associated with macrolide resistance.",Japan,JPN,3,relative_detection_prior_mean,7.644092124256049e-05,2.2471172848738243e-16,Japan,7.349919218851434,4.170769976023399,3.170769976023399,0.25,calibrated_country_scenario_analysis,0.5791158094103632,0.6224786580019879,0.30494276442193424,0.5563693892411156,0.1652988529306444,0.5915805714685716,0.05778138845540759,0.5148434704785756,0.05869300684315848,0.5135519856954318,0.5171079470073943,0.5183643213480846
vaccine_mechanism,infection_blocking,infection_blocking,country_timeline,,2027-01-01,2051-01-01,2027,2051,11764293.982839588,54049677.79636852,686908.303487656,447633.8613637884,817891.2808489865,1512994.0140008265,1051758.2995017075,3012386.174866323,11923655.26357795,443958.03138226626,1930.9346852176238,1870.7567451570221,1872.939587040977,159089.7829000456,53967635.75257243,0.9984820992993672,0.827,0.9999685931450233,111962696.38871616,732155.6567100764,7080255.648058828,6775380.661446613,14587791.966215517,24.000492823261258,2011.405349356792,25.562613737643783,2547.4129351285615,4654.488876279013,890.3650644643623,646.7881999153792,860.4010365493002,3405.6474677235715,126.80377886896905,0.7185782623418806,10.646178366785902,5.3495105492435275,45.439397927683224,28379.33194597027,607545.8562936056,332790.6863320258,332790.6863320258,87052.78154469213,2415.0,7058.0,3,8.553424657534247,0.7941342723945591,0.21765706036512222,4.594383468758093,0.395601757108212,0.34173179273726595,2.193786103253173e-05,0.011307693991511407,0.013462205992566903,0.37080991926310114,0.1620734114692215,M2;M3;M4;Y1,2.0,12.0,4,aP,True,Japan,/home/ctm/pertussis_transmission_analysis/outputs/calibrations/Japan_calibrated_config.yaml,current,fitted_parameters_and_state_only,e07d2d9623bba63452e5939f83db5c87901a902d0a71c99df08b4ecdc3550c54,c36eefa5b9e490f39c68369d7b2ec545f1003c465b2d7a3d65a4f58b53b37bf6,True,state_reconstruction_accepted,48.269543785369024,41.434615044876836,True,Japan,JPN,1,contact_reduction_mean,Japan,JPN,2025,2025,True,False,exact_year,2025,measured_multicenter_isolate_fraction,https://www.mdpi.com/2227-9059/14/1/167,"Japanese children at six clinics, March-August 2025; 43/52 sequenced B. pertussis isolates carried the A2047G mutation associated with macrolide resistance.",Japan,JPN,3,relative_detection_prior_mean,7.644092124256049e-05,2.2471172848738243e-16,Japan,7.349919218851434,3.4779448557855623,2.4779448557855623,0.25,calibrated_country_scenario_analysis,0.6848311814248877,0.7156744298685169,0.31152768112801243,0.6357150113946457,0.38763471294111584,0.6845653457471035,0.1620734114692215,0.5954349758072875,0.16268408572033632,0.6142515368522314,0.6189167847614604,0.6199184976133575
vaccine_mechanism,transmission_blocking,transmission_blocking,country_timeline,,2027-01-01,2051-01-01,2027,2051,10906374.81600761,52060262.60022341,651683.4384582764,419751.7745949865,843627.3040989042,1519611.9084769865,956691.9641286228,2896055.6472005956,12751937.935563343,429891.4090423805,1715.8836215506408,1661.2598444350374,1663.3311353753036,144290.23654543376,51974978.56969224,0.9983618209691704,0.827,0.9999596941814581,111962696.35992266,732155.6558219772,7080255.644987149,6775380.666271701,14587791.967080828,24.000492823261258,1937.371229194888,24.251755199683608,2388.7404276917973,4800.948487115137,894.25955616383,588.3263038711051,827.1745838558086,3642.222470897879,122.78605479198791,0.6385491342152152,9.453964918032671,4.750824594991552,41.21233529621413,35968.1864137358,557796.3050602599,308365.27580159664,308365.27580159664,110331.373535841,2422.0,6841.0,3,8.563013698630137,0.8017171371295354,0.2094951940553755,4.773379191389334,0.4443409954479562,0.3505591383994283,3.252100913595483e-05,0.011718801585199477,0.015542326957425344,0.4170473458961953,0.1929151103736535,M2;M3;M4;Y1,2.0,12.0,4,aP,True,Japan,/home/ctm/pertussis_transmission_analysis/outputs/calibrations/Japan_calibrated_config.yaml,current,fitted_parameters_and_state_only,e07d2d9623bba63452e5939f83db5c87901a902d0a71c99df08b4ecdc3550c54,c36eefa5b9e490f39c68369d7b2ec545f1003c465b2d7a3d65a4f58b53b37bf6,True,state_reconstruction_accepted,48.269543785369024,41.434615044876836,True,Japan,JPN,1,contact_reduction_mean,Japan,JPN,2025,2025,True,False,exact_year,2025,measured_multicenter_isolate_fraction,https://www.mdpi.com/2227-9059/14/1/167,"Japanese children at six clinics, March-August 2025; 43/52 sequenced B. pertussis isolates carried the A2047G mutation associated with macrolide resistance.",Japan,JPN,3,relative_detection_prior_mean,7.644092124256049e-05,2.2471172848738243e-16,Japan,7.349919218851434,3.299594795202853,2.299594795202853,0.25,calibrated_country_scenario_analysis,0.7044623244299306,0.7144307788014327,0.37375732114319304,0.6497827512145726,0.3450964522329616,0.6945597592741501,0.1929151103736535,0.6161811922970872,0.19360045898113343,0.6572129160966476,0.6615924307086527,0.6624549978684957
vaccine_mechanism,next_generation,next_generation,country_timeline,,2027-01-01,2051-01-01,2027,2051,9061947.439775603,41917063.46767394,493773.7783763627,305550.5658908193,545610.4816720162,983669.2372796184,765418.9805700901,2054638.783740528,8094550.59999699,298523.25499274646,1337.3440545125877,1291.4153989345587,1292.9009075630247,109753.61665927854,41844700.19420649,0.9982736559414936,0.827,0.9997684224620589,111962696.36766317,732155.6560830708,7080255.646042863,6775380.664915759,14587791.967041694,24.000492823261258,1559.9020963955866,18.375303237271357,1738.8395555718078,3104.982262755464,578.8685982937227,470.70126720659704,586.8481783359242,2311.9744023366434,85.26453884242828,0.49767937485534036,7.349239140811646,3.6927977237484186,31.34794812206313,31135.970728757322,423908.2356352063,253605.89262412203,253605.89262412203,95508.69141962477,2800.0,6645.0,3,8.064383561643835,0.7952189862914743,0.21618755442551682,4.625613174899623,0.3549976413134236,0.3186203816669468,1.6302987540230557e-05,0.00990209522327009,0.011293188123450693,0.33378605497916264,0.35016408192065074,M2;M3;M4;Y1,2.0,12.0,4,aP,True,Japan,/home/ctm/pertussis_transmission_analysis/outputs/calibrations/Japan_calibrated_config.yaml,current,fitted_parameters_and_state_only,e07d2d9623bba63452e5939f83db5c87901a902d0a71c99df08b4ecdc3550c54,c36eefa5b9e490f39c68369d7b2ec545f1003c465b2d7a3d65a4f58b53b37bf6,True,state_reconstruction_accepted,48.269543785369024,41.434615044876836,True,Japan,JPN,1,contact_reduction_mean,Japan,JPN,2025,2025,True,False,exact_year,2025,measured_multicenter_isolate_fraction,https://www.mdpi.com/2227-9059/14/1/167,"Japanese children at six clinics, March-August 2025; 43/52 sequenced B. pertussis isolates carried the A2047G mutation associated with macrolide resistance.",Japan,JPN,3,relative_detection_prior_mean,7.644092124256049e-05,2.2471172848738243e-16,Japan,7.349919218851434,2.5000687341081895,1.5000687341081895,0.25,calibrated_country_scenario_analysis,0.7848687975181925,0.8151464486163025,0.4989630405470671,0.7515344904421986,0.5842867231392583,0.7878975644794528,0.35016408192065074,0.7091844725412465,0.35077323821434336,0.7328348712789864,0.7369317343323354,0.7376275653610515
vaccine_mechanism,no_vaccine,no_vaccine,country_timeline,,2027-01-01,2051-01-01,2027,2051,1024922.410142055,3238087.1383219184,154350.76734066862,106269.7802658201,163369.34855886566,397975.20336824085,98787.69562204288,603032.6792561038,1396285.2478081447,138512.97040758093,369.2773348352769,365.779963297053,367.12839397916383,39095.161331008116,3184860.5187263857,0.9835623263606438,0.009999999999999998,0.999195056033814,5541494.721269631,54207.63052642041,527047.7418197308,488469.42925063986,1069724.801596791,24.000492823261258,2434.677533390299,116.05442641071967,8168.253336201933,12557.118524769285,3146.1968860951506,842.6462777722957,2348.8139806095905,5438.5349646662635,539.5084090474612,2.776550451880746,28.115080298871614,14.299661264141639,152.27576326665525,36112.53614583079,92351.50994949252,33974.882283177474,33974.882283177474,5482.669271884385,1470.0,7709.0,5,4.986301369863014,0.7011674495260708,0.31652094781896545,3.159348557783137,0.0,0.0,0.0,0.0,0.0,0.0,0.0,W6;M3;M5;Y4;Y11-Y13,1.3808219178082193,156.0,5,aP,True,New_Zealand,/home/ctm/pertussis_transmission_analysis/outputs/calibrations/New_Zealand_calibrated_config.yaml,current,fitted_parameters_and_state_only,e07d2d9623bba63452e5939f83db5c87901a902d0a71c99df08b4ecdc3550c54,c36eefa5b9e490f39c68369d7b2ec545f1003c465b2d7a3d65a4f58b53b37bf6,True,state_reconstruction_accepted,32.1464548944196,29.28661041270576,True,New_Zealand,NZL,1,contact_reduction_mean,New_Zealand,NZL,2025,2025,True,False,exact_year,2025,low_detected_model_anchor,https://www.tewhatuora.govt.nz/for-health-professionals/clinical-guidance/communicable-disease-control-manual/pertussis,"Health New Zealand notes MRBP has been detected by PHF Science and is being assessed; no public national fraction was located, so use a low detected/imported anchor pending surveillance.",New_Zealand,NZL,3,relative_detection_prior_mean,1.0204827386537681e-05,1.352852648487234e-16,New_Zealand,25.11070274470987,4.621711610009367,3.621711610009367,0.25,calibrated_country_scenario_analysis,0.0,0.0,0.0,0.0,0.0,0.0,0.0,0.0,0.0,0.0,0.0,0.0
vaccine_mechanism,symptom_protective,symptom_protective,country_timeline,,2027-01-01,2051-01-01,2027,2051,600780.7800052417,3006732.7079539043,69120.76449077221,42747.21961898213,93557.26574049323,158879.6941094554,71429.4818433483,273056.3955717858,1195347.3092696753,56977.506885449344,148.7611501670037,146.95907100510635,147.1696775198553,13863.726838713204,2953648.5487795835,0.9823449024803922,0.01,0.9995628569435487,5541494.721344298,54207.630501395724,527047.741533028,488469.4293467895,1069724.8013812131,24.000492823261258,2260.725008364101,51.971045004486555,3285.6953176518896,7191.126644394651,1256.024985758512,609.2842494973955,1063.5554284293491,4655.881130233234,221.9275495067429,1.1185166262564523,11.29576931065551,5.732263076961673,53.99925501359923,18432.836980605873,46471.703022854395,19306.941566523878,19306.941566523878,2798.505995271984,1575.0,7702.0,5,4.914383561643835,0.8130071945517604,0.1998118350912795,5.004708552639901,0.7023205036416963,0.5315770393775046,0.0012219529673411931,0.022402193538121756,0.030650754323136985,0.6480456028130965,0.0714478704510434,W6;M3;M5;Y4;Y11-Y13,1.3808219178082193,156.0,5,aP,True,New_Zealand,/home/ctm/pertussis_transmission_analysis/outputs/calibrations/New_Zealand_calibrated_config.yaml,current,fitted_parameters_and_state_only,e07d2d9623bba63452e5939f83db5c87901a902d0a71c99df08b4ecdc3550c54,c36eefa5b9e490f39c68369d7b2ec545f1003c465b2d7a3d65a4f58b53b37bf6,True,state_reconstruction_accepted,32.1464548944196,29.28661041270576,True,New_Zealand,NZL,1,contact_reduction_mean,New_Zealand,NZL,2025,2025,True,False,exact_year,2025,low_detected_model_anchor,https://www.tewhatuora.govt.nz/for-health-professionals/clinical-guidance/communicable-disease-control-manual/pertussis,"Health New Zealand notes MRBP has been detected by PHF Science and is being assessed; no public national fraction was located, so use a low detected/imported anchor pending surveillance.",New_Zealand,NZL,3,relative_detection_prior_mean,1.0204827386537681e-05,1.352852648487234e-16,New_Zealand,25.11070274470987,2.069677043006509,1.069677043006509,0.25,calibrated_country_scenario_analysis,0.5977481132260225,0.6007799160229432,0.2769394873159693,0.5471946961338381,0.14390894615115135,0.5886485813004345,0.0714478704510434,0.552183862240119,0.07259720436336814,0.5971560230379116,0.598230942776492,0.5991329465837834
vaccine_mechanism,infection_blocking,infection_blocking,country_timeline,,2027-01-01,2051-01-01,2027,2051,664104.849667537,3186680.061219626,65386.86738307707,35203.578048055635,66387.46863076615,138974.72053051222,92950.90824287994,267129.20682144776,1067668.4000372333,50647.496579357074,131.62349745286872,129.63224152594836,129.814633032724,11989.396929082483,3122502.6828355943,0.9798607399704037,0.01,0.9981046444588344,5541494.721193587,54207.63051851312,527047.741769511,488469.4291683272,1069724.8014563513,24.000492823261258,2396.0251901316765,49.16357410969295,2705.8656107121656,5102.76450038704,1098.6660206970994,792.8592358230765,1040.46901150986,4158.571419521251,197.2721415543155,0.9896607423765172,9.96397081869838,5.056283605908905,46.69873474277174,21903.375864868995,43012.73658840124,21988.557865710456,21988.557865710456,3325.4093625065907,1211.0,8080.0,4,6.8913242009132425,0.802237900900266,0.20840022748106274,4.798459253557531,0.5950362258346927,0.5113914578664601,0.0005497732659807442,0.01715783705877048,0.020544552933440336,0.5567840625765011,0.015875754699094746,W6;M3;M5;Y4;Y11-Y13,1.3808219178082193,156.0,5,aP,True,New_Zealand,/home/ctm/pertussis_transmission_analysis/outputs/calibrations/New_Zealand_calibrated_config.yaml,current,fitted_parameters_and_state_only,e07d2d9623bba63452e5939f83db5c87901a902d0a71c99df08b4ecdc3550c54,c36eefa5b9e490f39c68369d7b2ec545f1003c465b2d7a3d65a4f58b53b37bf6,True,state_reconstruction_accepted,32.1464548944196,29.28661041270576,True,New_Zealand,NZL,1,contact_reduction_mean,New_Zealand,NZL,2025,2025,True,False,exact_year,2025,low_detected_model_anchor,https://www.tewhatuora.govt.nz/for-health-professionals/clinical-guidance/communicable-disease-control-manual/pertussis,"Health New Zealand notes MRBP has been detected by PHF Science and is being assessed; no public national fraction was located, so use a low detected/imported anchor pending surveillance.",New_Zealand,NZL,3,relative_detection_prior_mean,1.0204827386537681e-05,1.352852648487234e-16,New_Zealand,25.11070274470987,1.957873286523228,0.957873286523228,0.25,calibrated_country_scenario_analysis,0.6687338774955736,0.6507955285799029,0.059084153572062426,0.5570236638734469,0.2353507983320502,0.6343483470874646,0.015875754699094746,0.5763748473063223,0.019579455842458127,0.6435646463068689,0.6456004851729045,0.6464053580119125
vaccine_mechanism,transmission_blocking,transmission_blocking,country_timeline,,2027-01-01,2051-01-01,2027,2051,653422.8585541088,3315359.5496009206,65014.89599758123,33915.7292544583,71104.89632333144,143376.13361824528,88940.25725161102,266232.12012431456,1190529.4024381682,50652.985371775656,119.62101633883269,117.70503399995431,117.88228607649081,11163.603880721987,3240627.4400287466,0.9774588220510896,0.010000000000000002,0.9994233816969736,5541494.721297866,54207.630513637094,527047.7417041083,488469.4292514754,1069724.8014692208,24.000492823261258,2492.7777004377645,48.88389344032369,2606.8772138685176,5465.361886488401,1133.4614353137417,758.6489010108,1036.974856290205,4637.115369197835,197.29352041384215,0.8994155764162515,9.047205465934804,4.591518356472188,43.482268497456204,31899.768051837746,41093.96408935907,22006.483857972777,22006.483857972777,4843.079349859868,1477.0,8017.0,3,9.080821917808219,0.8126873548421795,0.19708959127306816,5.0738346634170925,0.6411241590590551,0.5012636079338149,0.0007774602265904635,0.016910426756001348,0.02247956775450709,0.600956704321956,-0.023863598469758163,W6;M3;M5;Y4;Y11-Y13,1.3808219178082193,156.0,5,aP,True,New_Zealand,/home/ctm/pertussis_transmission_analysis/outputs/calibrations/New_Zealand_calibrated_config.yaml,current,fitted_parameters_and_state_only,e07d2d9623bba63452e5939f83db5c87901a902d0a71c99df08b4ecdc3550c54,c36eefa5b9e490f39c68369d7b2ec545f1003c465b2d7a3d65a4f58b53b37bf6,True,state_reconstruction_accepted,32.1464548944196,29.28661041270576,True,New_Zealand,NZL,1,contact_reduction_mean,New_Zealand,NZL,2025,2025,True,False,exact_year,2025,low_detected_model_anchor,https://www.tewhatuora.govt.nz/for-health-professionals/clinical-guidance/communicable-disease-control-manual/pertussis,"Health New Zealand notes MRBP has been detected by PHF Science and is being assessed; no public national fraction was located, so use a low detected/imported anchor pending surveillance.",New_Zealand,NZL,3,relative_detection_prior_mean,1.0204827386537681e-05,1.352852648487234e-16,New_Zealand,25.11070274470987,1.9467353796230245,0.9467353796230245,0.25,calibrated_country_scenario_analysis,0.6808525512180179,0.6397360126842341,0.09968284317621601,0.5585112892177977,0.1473594637578296,0.634308720528288,-0.023863598469758163,0.5787847568383874,-0.01751000427631344,0.6760672669169043,0.6782080873457657,0.6789071942956797
vaccine_mechanism,next_generation,next_generation,country_timeline,,2027-01-01,2051-01-01,2027,2051,455828.42028621805,2214529.364352625,40222.79461013123,20126.207784624563,37138.39594802895,77725.71659800265,61126.28295452474,158978.20733715195,640941.8230079727,29188.82281521912,76.96533250797447,75.53600813071348,75.64144047878203,6957.456776755201,2168579.417008045,0.97925069403719,0.01,0.9827422200967887,5541494.721614629,54207.63049978904,527047.7416790113,488469.42920094484,1069724.8013797451,24.000492823261258,1665.0771457870337,30.243020085034626,1546.9681366744421,2854.582233951219,614.4614175099035,521.3992945841471,619.2205645341691,2496.470202578562,113.69054692758503,0.5786927833959487,5.805952070069773,2.946236233254048,27.09931370585812,29447.62386988957,25266.951046733004,14921.648075984805,14921.648075984805,4470.790472303726,2968.0,5222.0,2,10.04931506849315,0.8032736225833284,0.20583534706006065,4.858252065463811,0.5206423740397678,0.4652785805137987,0.00038849886666806303,0.014322714176010937,0.01641991704805434,0.4895112439490344,0.316099515005558,W6;M3;M5;Y4;Y11-Y13,1.3808219178082193,156.0,5,aP,True,New_Zealand,/home/ctm/pertussis_transmission_analysis/outputs/calibrations/New_Zealand_calibrated_config.yaml,current,fitted_parameters_and_state_only,e07d2d9623bba63452e5939f83db5c87901a902d0a71c99df08b4ecdc3550c54,c36eefa5b9e490f39c68369d7b2ec545f1003c465b2d7a3d65a4f58b53b37bf6,True,state_reconstruction_accepted,32.1464548944196,29.28661041270576,True,New_Zealand,NZL,1,contact_reduction_mean,New_Zealand,NZL,2025,2025,True,False,exact_year,2025,low_detected_model_anchor,https://www.tewhatuora.govt.nz/for-health-professionals/clinical-guidance/communicable-disease-control-manual/pertussis,"Health New Zealand notes MRBP has been detected by PHF Science and is being assessed; no public national fraction was located, so use a low detected/imported anchor pending surveillance.",New_Zealand,NZL,3,relative_detection_prior_mean,1.0204827386537681e-05,1.352852648487234e-16,New_Zealand,25.11070274470987,1.20438764269176,0.2043876426917599,0.25,calibrated_country_scenario_analysis,0.8106121257211462,0.8046970868029582,0.38123586576620794,0.7363688357100876,0.540966414982821,0.7892701114608283,0.316099515005558,0.739406578255907,0.3190975227149815,0.791578509571116,0.7934933137128398,0.7939646136902312
vaccine_mechanism,no_vaccine,no_vaccine,country_timeline,,2027-01-01,2051-01-01,2027,2051,981758.3671909361,3577153.3015578864,159535.7021704114,47908.890812480284,73806.90109420562,307478.27775456174,155291.10440697515,510678.27297401713,1341854.3730355497,134059.64776858565,158.75252047436436,156.1223407112503,156.92990828302737,18298.48642868411,3559194.6124882186,0.9949796143593157,0.01,0.9954266987013576,10960604.655373959,96820.60635221767,939124.9666202478,895539.8537164571,1931485.4266889226,24.000492823261258,1359.8245569737587,60.646147155867595,2061.712758522573,3176.208571568461,1364.177536540414,722.5060719589642,1101.630079865957,2894.634877507011,289.19213581977294,0.6034842726156133,6.718573865436751,3.3852763382393722,39.47331251917787,13157.745732854735,70316.71113264096,29486.404514068417,29486.404514068417,3951.146551609711,3661.0,5868.0,3,6.453424657534247,0.732581458559174,0.2744524163287524,3.643618858877714,0.0,0.0,0.0,0.0,0.0,0.0,0.0,M3;M5;M12;Y5;Y14-Y16,3.0,192.0,5,aP,True,Sweden,/home/ctm/pertussis_transmission_analysis/outputs/calibrations/Sweden_calibrated_config.yaml,current,fitted_parameters_and_state_only,e07d2d9623bba63452e5939f83db5c87901a902d0a71c99df08b4ecdc3550c54,c36eefa5b9e490f39c68369d7b2ec545f1003c465b2d7a3d65a4f58b53b37bf6,True,state_reconstruction_accepted,27.539837140679783,25.32984077491631,True,Sweden,SWE,1,contact_reduction_mean,Sweden,SWE,2025,2025,True,False,exact_year,2025,low_imported_model_anchor,https://www.folkhalsomyndigheten.se/contentassets/975cc036216b48a39b7bf34319d4ecee/pertussis-surveillance-sweden-23rd-annual-report.pdf,"No public Swedish MRBP prevalence estimate was located in the accessible national surveillance material, so keep a conservative low anchor pending numeric reporting.",Sweden,SWE,2,relative_detection_prior_mean,3.202340290308184e-05,1.4235413699758381e-16,Sweden,5.954795201043958,10.184421984023142,9.184421984023142,0.25,calibrated_country_scenario_analysis,0.0,0.0,0.0,0.0,0.0,0.0,0.0,0.0,0.0,0.0,0.0,0.0
vaccine_mechanism,symptom_protective,symptom_protective,country_timeline,,2027-01-01,2051-01-01,2027,2051,293868.5146454285,1131633.3149025037,32952.7907117088,9809.536380372003,16318.66357681796,42757.51028724578,28584.409808345856,81151.45647596364,286391.21255488327,21736.056474762983,37.890031999637245,36.88364928200548,36.93652622713347,3319.040342432017,168191.34180338052,0.1486270681398869,0.01,0.989517015087748,10960604.655491918,96820.60636378352,939124.9670446203,895539.853785964,1931485.4271943679,24.000492823261258,430.1808285396405,12.526724535568814,422.1439061770113,702.2578966820868,189.70066910696852,132.9915820172549,175.05911292217542,617.8002687285559,46.88880434358379,0.1440357503119439,1.587252157311256,0.7967910616199289,7.159800739635003,84397.25292774357,26420.453150636757,57436.11144907736,57436.11144907736,25343.696530152196,0.0,8766.0,2,23.991780821917807,0.8157442694866347,0.2596852803602259,3.850815104394198,0.5071206254064226,0.3929139798220067,0.0007261701433804824,0.010177049501853337,0.014117781096732108,0.48209962466445655,0.6836497573616245,M3;M5;M12;Y5;Y14-Y16,3.0,192.0,5,aP,True,Sweden,/home/ctm/pertussis_transmission_analysis/outputs/calibrations/Sweden_calibrated_config.yaml,current,fitted_parameters_and_state_only,e07d2d9623bba63452e5939f83db5c87901a902d0a71c99df08b4ecdc3550c54,c36eefa5b9e490f39c68369d7b2ec545f1003c465b2d7a3d65a4f58b53b37bf6,True,state_reconstruction_accepted,27.539837140679783,25.32984077491631,True,Sweden,SWE,1,contact_reduction_mean,Sweden,SWE,2025,2025,True,False,exact_year,2025,low_imported_model_anchor,https://www.folkhalsomyndigheten.se/contentassets/975cc036216b48a39b7bf34319d4ecee/pertussis-surveillance-sweden-23rd-annual-report.pdf,"No public Swedish MRBP prevalence estimate was located in the accessible national surveillance material, so keep a conservative low anchor pending numeric reporting.",Sweden,SWE,2,relative_detection_prior_mean,3.202340290308184e-05,1.4235413699758381e-16,Sweden,5.954795201043958,2.1036365001054453,1.1036365001054453,0.25,calibrated_country_scenario_analysis,0.7952460135475186,0.8609413627541648,0.8159301531307679,0.8410908378706518,0.7865705710620389,0.8378627958781164,0.6836497573616245,0.7934456659957556,0.9527445503504517,0.7613264224944649,0.763751625078296,0.7646304223888448
vaccine_mechanism,infection_blocking,infection_blocking,country_timeline,,2027-01-01,2051-01-01,2027,2051,629677.0773377963,3159998.3615846345,62115.44874904954,14453.089974231501,27121.382701334453,69101.7675685472,78871.20818659333,162426.06572937203,691971.3116358846,37126.837705710066,53.30397057283551,51.61815609086047,51.70234161778224,4949.36757514183,2201170.6287941737,0.696573344959065,0.009999999999999998,0.9989445209386288,10960604.655933915,96820.60635009885,939124.9667779205,895539.8537508543,1931485.4268788737,24.000492823261258,1201.2466365332166,23.612662206929027,621.9747419582808,1167.1424613899026,306.5812639671052,366.9555125709114,350.3838898453941,1492.7136155373653,80.08964419947128,0.20263053342969034,2.2213374006676583,1.1153177594252368,10.676726395271317,13995.547701348823,30519.204708392343,70797.42395699074,70797.42395699074,4202.730556102715,364.0,8766.0,3,11.478082191780823,0.8040999668582306,0.19926500120779625,5.018442746788165,0.359573482595841,0.31380159375810324,0.00020599974707064447,0.008396337430739859,0.009826293864056573,0.34114485155397395,0.11661645582580338,M3;M5;M12;Y5;Y14-Y16,3.0,192.0,5,aP,True,Sweden,/home/ctm/pertussis_transmission_analysis/outputs/calibrations/Sweden_calibrated_config.yaml,current,fitted_parameters_and_state_only,e07d2d9623bba63452e5939f83db5c87901a902d0a71c99df08b4ecdc3550c54,c36eefa5b9e490f39c68369d7b2ec545f1003c465b2d7a3d65a4f58b53b37bf6,True,state_reconstruction_accepted,27.539837140679783,25.32984077491631,True,Sweden,SWE,1,contact_reduction_mean,Sweden,SWE,2025,2025,True,False,exact_year,2025,low_imported_model_anchor,https://www.folkhalsomyndigheten.se/contentassets/975cc036216b48a39b7bf34319d4ecee/pertussis-surveillance-sweden-23rd-annual-report.pdf,"No public Swedish MRBP prevalence estimate was located in the accessible national surveillance material, so keep a conservative low anchor pending numeric reporting.",Sweden,SWE,2,relative_detection_prior_mean,3.202340290308184e-05,1.4235413699758381e-16,Sweden,5.954795201043958,3.9653189420837514,2.9653189420837514,0.25,calibrated_country_scenario_analysis,0.6983213401704039,0.7752629289028792,0.49210736514634057,0.6819405204308817,0.48431713191759873,0.7230573231864776,0.11661645582580338,0.6106486015105281,0.3815537309842846,0.6642322880067713,0.6693736728792152,0.6705386361117623
vaccine_mechanism,transmission_blocking,transmission_blocking,country_timeline,,2027-01-01,2051-01-01,2027,2051,629892.7097526279,3284822.0021326225,64577.32526086929,14888.102772777722,31050.55254242759,77638.65396014706,83865.72793313845,176392.48466606322,846750.1135271537,40306.15522223896,51.403918915940906,49.7810756998287,49.86886199812388,4924.263305538349,2220419.541317956,0.6759634281176823,0.01,0.9992588530918959,10960604.655874232,96820.60639442566,939124.9669969615,895539.8535754167,1931485.426966804,24.000492823261258,1248.697287208363,24.548523730073303,640.6950965237936,1336.2304829506556,344.45655293322784,390.192972751969,380.5121095339022,1826.6009039798814,86.94803624910779,0.19540764784375225,2.142280422652494,1.0757661197916089,10.622571714651286,15344.378666251549,30665.358750184776,74348.69293302254,74348.69293302254,4607.771732899013,357.0,8766.0,3,10.5,0.8116532128416147,0.1917585517095536,5.214891284299259,0.42421781146729354,0.3347137141999647,0.0003095902551149595,0.008820118777610533,0.011609400273647694,0.40347870216092036,0.08172177001694358,M3;M5;M12;Y5;Y14-Y16,3.0,192.0,5,aP,True,Sweden,/home/ctm/pertussis_transmission_analysis/outputs/calibrations/Sweden_calibrated_config.yaml,current,fitted_parameters_and_state_only,e07d2d9623bba63452e5939f83db5c87901a902d0a71c99df08b4ecdc3550c54,c36eefa5b9e490f39c68369d7b2ec545f1003c465b2d7a3d65a4f58b53b37bf6,True,state_reconstruction_accepted,27.539837140679783,25.32984077491631,True,Sweden,SWE,1,contact_reduction_mean,Sweden,SWE,2025,2025,True,False,exact_year,2025,low_imported_model_anchor,https://www.folkhalsomyndigheten.se/contentassets/975cc036216b48a39b7bf34319d4ecee/pertussis-surveillance-sweden-23rd-annual-report.pdf,"No public Swedish MRBP prevalence estimate was located in the accessible national surveillance material, so keep a conservative low anchor pending numeric reporting.",Sweden,SWE,2,relative_detection_prior_mean,3.202340290308184e-05,1.4235413699758381e-16,Sweden,5.954795201043958,4.122479934451752,3.1224799344517518,0.25,calibrated_country_scenario_analysis,0.6892413387099464,0.7474987354322293,0.459945060900916,0.6545917576661071,0.36897018741934606,0.6993416296914667,0.08172177001694358,0.5952170932128429,0.37614550956918036,0.6762009273154079,0.6811406011910925,0.682222066247665
vaccine_mechanism,next_generation,next_generation,country_timeline,,2027-01-01,2051-01-01,2027,2051,419736.6997495877,2120337.1710137236,38716.3552434006,8425.254387060455,15538.90906756893,38685.21828443442,47691.18260321729,94801.65527471218,395965.3174594914,21383.04150098314,31.86522017445874,30.71948193164955,30.76885680301767,2927.2559025344794,1582293.4081009852,0.746246129970215,0.009999999999999998,0.9997048227790717,10960604.65607572,96820.6063287742,939124.9667200609,895539.8538118282,1931485.426860663,24.000492823261258,806.0282327761645,14.717694819004986,362.57267019176686,668.7019161282801,171.63328141282346,221.88759064882393,204.505185729203,854.1724356470838,46.127283969273385,0.12113293798440006,1.3219831804689215,0.6637427117641099,6.314647252624534,7531.456632689522,18164.518949621473,39986.46767507733,39986.46767507733,2261.625168090113,364.0,8766.0,4,7.338812785388128,0.80364288232701,0.19795752557076263,5.051588703772397,0.30754931991061196,0.2788164439122761,0.00015368372978311051,0.00725265223848378,0.008122593092041549,0.2920203908503035,0.40725571641274216,M3;M5;M12;Y5;Y14-Y16,3.0,192.0,5,aP,True,Sweden,/home/ctm/pertussis_transmission_analysis/outputs/calibrations/Sweden_calibrated_config.yaml,current,fitted_parameters_and_state_only,e07d2d9623bba63452e5939f83db5c87901a902d0a71c99df08b4ecdc3550c54,c36eefa5b9e490f39c68369d7b2ec545f1003c465b2d7a3d65a4f58b53b37bf6,True,state_reconstruction_accepted,27.539837140679783,25.32984077491631,True,Sweden,SWE,1,contact_reduction_mean,Sweden,SWE,2025,2025,True,False,exact_year,2025,low_imported_model_anchor,https://www.folkhalsomyndigheten.se/contentassets/975cc036216b48a39b7bf34319d4ecee/pertussis-surveillance-sweden-23rd-annual-report.pdf,"No public Swedish MRBP prevalence estimate was located in the accessible national surveillance material, so keep a conservative low anchor pending numeric reporting.",Sweden,SWE,2,relative_detection_prior_mean,3.202340290308184e-05,1.4235413699758381e-16,Sweden,5.954795201043958,2.471570276073436,1.471570276073436,0.25,calibrated_country_scenario_analysis,0.8241400657753138,0.874185524366329,0.6928917288254204,0.8143612910676237,0.7049118552531624,0.8404960638275386,0.40725571641274216,0.7573185517932224,0.5554349844908283,0.7992773904991046,0.8032345544417278,0.8039324871870491
vaccine_mechanism,no_vaccine,no_vaccine,country_timeline,,2027-01-01,2051-01-01,2027,2051,62421900.68468243,220678147.62455797,8995849.282698702,3358631.407243083,5169513.250415185,20768076.693741046,9856898.979168354,33983607.08015248,88262700.43351845,7689675.850410899,11370.449789743348,11198.903895606692,11254.653556359648,1285965.0352713072,216269623.45716715,0.9800228331855898,0.009999999999999998,0.9987202216861463,365334306.20188063,3663825.340593354,35285669.562488474,32010433.056307394,70959927.95938922,24.000492823261258,2516.8000524864283,102.59626605791092,3819.507992887669,5878.881837619419,2452.323481225803,1283.0057314751605,1995.4283965886495,5182.55458842981,451.51762484428514,1.2967821660487657,12.735634773320275,6.608437782122187,75.50849862253577,34238.44598148479,4657020.0317600425,2165688.0437065726,2165688.0437065726,342698.05227606336,1449.0,7814.0,3,9.042465753424658,0.7262288315862759,0.2828639870173347,3.535267994149843,0.0,0.0,0.0,0.0,0.0,0.0,0.0,M2;M4;M6;M15;Y4;Y11-Y12,2.0,144.0,6,aP,True,United_States,/home/ctm/pertussis_transmission_analysis/outputs/calibrations/United_States_calibrated_config.yaml,current,fitted_parameters_and_state_only,e07d2d9623bba63452e5939f83db5c87901a902d0a71c99df08b4ecdc3550c54,c36eefa5b9e490f39c68369d7b2ec545f1003c465b2d7a3d65a4f58b53b37bf6,True,state_reconstruction_accepted,40.89230041380155,40.556935818834134,True,United_States,USA,1,contact_reduction_mean,United_States,USA,2025,2025,True,False,nearest_past_year,2024,low_detected_model_anchor,https://www.cdc.gov/pertussis/hcp/antibiotic-resistance/index.html; https://www.health.state.mn.us/diseases/reportable/dcn/pertussis.html; https://trace.ncbi.nlm.nih.gov/Traces/sra-db-be/runinfo?acc=SRR32181461%2CSRR32181462; https://doi.org/10.1128/jcm.01064-25; https://pubmed.ncbi.nlm.nih.gov/41802571/; https://www.paho.org/en/news/26-8-2025-paho-calls-strengthened-vaccination-and-surveillance-amid-spread-antibiotic,"CDC states reported MRBP infections remain rare in the United States and recommends continued surveillance. Minnesota's 2024 annual report states 12 erythromycin-resistant B. pertussis cases have been identified nationally, including one Minnesota case in 2024. Public SRA metadata show SRR32181461 and SRR32181462 are ONT and Illumina WGS runs for the same Minnesota BioSample SAMN46491808/sample MDH-25-000001, not independent cases. Global genomic analyses assigned the 2024 USA evidence to MT28-ptxP3-MRBP/A2047G or MR-MT28 emergence, and PAHO reported resistant pertussis cases in the United States since 2024. No population-based national resistant fraction or denominator was located; use a conservative low detected anchor pending surveillance.",United_States,USA,3,relative_detection_prior_mean,2.8951093600231316e-05,1.3156166320465292e-16,United_States,1.4343588639311122,71.527613233921,70.527613233921,0.25,calibrated_country_scenario_analysis,0.0,0.0,0.0,0.0,0.0,0.0,0.0,0.0,0.0,0.0,0.0,0.0
vaccine_mechanism,symptom_protective,symptom_protective,country_timeline,,2027-01-01,2051-01-01,2027,2051,34303330.36168023,182008939.57443237,3541070.498717422,1219512.9634579774,2693996.322388997,5909071.734685546,5032270.352739417,12160855.050882941,60140394.17121265,2532897.4344829875,4284.940523928664,4196.15054474361,4202.945642881854,401263.88742687076,176447188.8421222,0.9694424309854534,0.01,0.988827089021128,365334306.2457031,3663825.3415134843,35285669.56843124,32010433.052481316,70959927.96242604,24.000492823261258,2075.783730966962,40.3853599094165,1386.8564142355617,3063.670655076999,697.7514373848445,655.0165238899154,714.0535563826013,3531.286423571667,148.7251030850523,0.4886908219194767,4.771952797922228,2.4678595962416714,23.56116446304174,34378.95772335992,2079546.1687119342,1237323.376259283,1237323.376259283,344104.4566935357,1134.0,8766.0,2,13.021917808219179,0.8166053636665389,0.188470579752221,5.305867904235678,0.5510543607536341,0.4193793616127833,0.0005279747395276686,0.012897878545746097,0.017605819190899073,0.5200226882774613,0.17522898604312165,M2;M4;M6;M15;Y4;Y11-Y12,2.0,144.0,6,aP,True,United_States,/home/ctm/pertussis_transmission_analysis/outputs/calibrations/United_States_calibrated_config.yaml,current,fitted_parameters_and_state_only,e07d2d9623bba63452e5939f83db5c87901a902d0a71c99df08b4ecdc3550c54,c36eefa5b9e490f39c68369d7b2ec545f1003c465b2d7a3d65a4f58b53b37bf6,True,state_reconstruction_accepted,40.89230041380155,40.556935818834134,True,United_States,USA,1,contact_reduction_mean,United_States,USA,2025,2025,True,False,nearest_past_year,2024,low_detected_model_anchor,https://www.cdc.gov/pertussis/hcp/antibiotic-resistance/index.html; https://www.health.state.mn.us/diseases/reportable/dcn/pertussis.html; https://trace.ncbi.nlm.nih.gov/Traces/sra-db-be/runinfo?acc=SRR32181461%2CSRR32181462; https://doi.org/10.1128/jcm.01064-25; https://pubmed.ncbi.nlm.nih.gov/41802571/; https://www.paho.org/en/news/26-8-2025-paho-calls-strengthened-vaccination-and-surveillance-amid-spread-antibiotic,"CDC states reported MRBP infections remain rare in the United States and recommends continued surveillance. Minnesota's 2024 annual report states 12 erythromycin-resistant B. pertussis cases have been identified nationally, including one Minnesota case in 2024. Public SRA metadata show SRR32181461 and SRR32181462 are ONT and Illumina WGS runs for the same Minnesota BioSample SAMN46491808/sample MDH-25-000001, not independent cases. Global genomic analyses assigned the 2024 USA evidence to MT28-ptxP3-MRBP/A2047G or MR-MT28 emergence, and PAHO reported resistant pertussis cases in the United States since 2024. No population-based national resistant fraction or denominator was located; use a conservative low detected anchor pending surveillance.",United_States,USA,3,relative_detection_prior_mean,2.8951093600231316e-05,1.3156166320465292e-16,United_States,1.4343588639311122,28.155687481676193,27.155687481676193,0.25,calibrated_country_scenario_analysis,0.6369018163684091,0.7154733285212498,0.4894671880705427,0.6421552596756196,0.3186205058782241,0.670610636422647,0.17522898604312165,0.6063661820648998,0.18413327761183207,0.6231511854707918,0.6253070314863804,0.6265593052833774
vaccine_mechanism,infection_blocking,infection_blocking,country_timeline,,2027-01-01,2051-01-01,2027,2051,34853020.84925173,174110662.4720018,3169449.1445611212,1003534.717359123,1902346.5049266494,4514008.9286738075,4645558.107564096,10163101.753597029,43316531.85650821,2046554.3249541745,3804.3268289837147,3707.774747611433,3713.4129982558106,345306.6426390575,168890699.39499184,0.9700192796759397,0.01,0.9986810750893121,365334306.2257261,3663825.340949104,35285669.56769732,32010433.057158057,70959927.96580447,24.000492823261258,1985.7051055408374,36.14707599610168,1141.2413000888262,2163.3894283350446,533.0204742527624,604.6808119210453,596.7507153341003,2543.433294074303,120.16830953741572,0.4338775753422755,4.216561320903787,2.180418849251212,20.275501613623273,28991.529965360216,1800180.3499555965,1243353.0494674467,1243353.0494674467,290180.8352415678,1876.0,7688.0,2,16.07123287671233,0.8036221445893365,0.2001774064518096,4.995568769349295,0.4119445852857152,0.3569184085730146,0.0002619324708038362,0.010270852859453186,0.012129497930058714,0.38928230202539954,0.2110199204308255,M2;M4;M6;M15;Y4;Y11-Y12,2.0,144.0,6,aP,True,United_States,/home/ctm/pertussis_transmission_analysis/outputs/calibrations/United_States_calibrated_config.yaml,current,fitted_parameters_and_state_only,e07d2d9623bba63452e5939f83db5c87901a902d0a71c99df08b4ecdc3550c54,c36eefa5b9e490f39c68369d7b2ec545f1003c465b2d7a3d65a4f58b53b37bf6,True,state_reconstruction_accepted,40.89230041380155,40.556935818834134,True,United_States,USA,1,contact_reduction_mean,United_States,USA,2025,2025,True,False,nearest_past_year,2024,low_detected_model_anchor,https://www.cdc.gov/pertussis/hcp/antibiotic-resistance/index.html; https://www.health.state.mn.us/diseases/reportable/dcn/pertussis.html; https://trace.ncbi.nlm.nih.gov/Traces/sra-db-be/runinfo?acc=SRR32181461%2CSRR32181462; https://doi.org/10.1128/jcm.01064-25; https://pubmed.ncbi.nlm.nih.gov/41802571/; https://www.paho.org/en/news/26-8-2025-paho-calls-strengthened-vaccination-and-surveillance-amid-spread-antibiotic,"CDC states reported MRBP infections remain rare in the United States and recommends continued surveillance. Minnesota's 2024 annual report states 12 erythromycin-resistant B. pertussis cases have been identified nationally, including one Minnesota case in 2024. Public SRA metadata show SRR32181461 and SRR32181462 are ONT and Illumina WGS runs for the same Minnesota BioSample SAMN46491808/sample MDH-25-000001, not independent cases. Global genomic analyses assigned the 2024 USA evidence to MT28-ptxP3-MRBP/A2047G or MR-MT28 emergence, and PAHO reported resistant pertussis cases in the United States since 2024. No population-based national resistant fraction or denominator was located; use a conservative low detected anchor pending surveillance.",United_States,USA,3,relative_detection_prior_mean,2.8951093600231316e-05,1.3156166320465292e-16,United_States,1.4343588639311122,25.200859356098842,24.200859356098842,0.25,calibrated_country_scenario_analysis,0.7012072491208943,0.7826467517796575,0.5286998357818159,0.7009410528544922,0.5092317406588387,0.7338568796960646,0.2110199204308255,0.6476764955748231,0.21907341079529297,0.6654198471185031,0.668916281256241,0.6700553260337828
vaccine_mechanism,transmission_blocking,transmission_blocking,country_timeline,,2027-01-01,2051-01-01,2027,2051,33756743.57339303,175974000.7960596,3178355.569349814,991856.3366908568,2093680.5119579195,4833629.120201932,4727805.985127639,10553291.442020426,50518610.28802022,2122247.062280936,3516.3592179236857,3426.5758243932837,3432.197539163979,329040.8246753356,170598436.59858435,0.9694525090458952,0.01,0.9983930118238888,365334306.2361712,3663825.3399400143,35285669.55928741,32010433.05091637,70959927.95014378,24.000492823261258,2006.956190114914,36.248652388629765,1127.9603943119969,2380.978583763852,570.7616726808282,615.3864607989198,619.6616319733166,2966.320476231003,124.61278884304281,0.40103531585090857,3.896775848524186,2.015296497834591,19.320415391193723,29690.269948318026,1740216.8129694778,1205160.034346614,1205160.034346614,297174.63489132625,1876.0,7681.0,2,16.876712328767123,0.811861856341513,0.19182801675637592,5.213002860108871,0.47572665000867537,0.37327751422715216,0.00038650255674676685,0.010650470323865357,0.014073185828180398,0.4506164912998828,0.2025762283656377,M2;M4;M6;M15;Y4;Y11-Y12,2.0,144.0,6,aP,True,United_States,/home/ctm/pertussis_transmission_analysis/outputs/calibrations/United_States_calibrated_config.yaml,current,fitted_parameters_and_state_only,e07d2d9623bba63452e5939f83db5c87901a902d0a71c99df08b4ecdc3550c54,c36eefa5b9e490f39c68369d7b2ec545f1003c465b2d7a3d65a4f58b53b37bf6,True,state_reconstruction_accepted,40.89230041380155,40.556935818834134,True,United_States,USA,1,contact_reduction_mean,United_States,USA,2025,2025,True,False,nearest_past_year,2024,low_detected_model_anchor,https://www.cdc.gov/pertussis/hcp/antibiotic-resistance/index.html; https://www.health.state.mn.us/diseases/reportable/dcn/pertussis.html; https://trace.ncbi.nlm.nih.gov/Traces/sra-db-be/runinfo?acc=SRR32181461%2CSRR32181462; https://doi.org/10.1128/jcm.01064-25; https://pubmed.ncbi.nlm.nih.gov/41802571/; https://www.paho.org/en/news/26-8-2025-paho-calls-strengthened-vaccination-and-surveillance-amid-spread-antibiotic,"CDC states reported MRBP infections remain rare in the United States and recommends continued surveillance. Minnesota's 2024 annual report states 12 erythromycin-resistant B. pertussis cases have been identified nationally, including one Minnesota case in 2024. Public SRA metadata show SRR32181461 and SRR32181462 are ONT and Illumina WGS runs for the same Minnesota BioSample SAMN46491808/sample MDH-25-000001, not independent cases. Global genomic analyses assigned the 2024 USA evidence to MT28-ptxP3-MRBP/A2047G or MR-MT28 emergence, and PAHO reported resistant pertussis cases in the United States since 2024. No population-based national resistant fraction or denominator was located; use a conservative low detected anchor pending surveillance.",United_States,USA,3,relative_detection_prior_mean,2.8951093600231316e-05,1.3156166320465292e-16,United_States,1.4343588639311122,25.271675938393805,24.271675938393805,0.25,calibrated_country_scenario_analysis,0.7046843739530747,0.7672567762782453,0.5203556417571671,0.6894593497055854,0.4276335299068712,0.7240134560200566,0.2025762283656377,0.6466864362142442,0.21117707669023666,0.6907458119118912,0.6940257853505178,0.6950419200398619
vaccine_mechanism,next_generation,next_generation,country_timeline,,2027-01-01,2051-01-01,2027,2051,24468500.896343194,123390180.26552996,2071180.8593092894,623927.3101537685,1163473.8905846486,2650783.087608078,2933842.0094102086,6208552.407172055,26084842.005420804,1240982.5935045118,2418.6304019633903,2349.8221071674257,2353.3214942082896,217589.35173000666,118788896.94743446,0.9627094854048048,0.010000000000000002,0.9996142556749297,365334306.19941324,3663825.341394465,35285669.56755635,32010433.044052403,70959927.95300323,24.000492823261258,1407.2458714808151,23.621496516828724,709.5435785102424,1323.1275733469824,313.008166538743,381.878329352074,364.5499357050377,1531.633600284546,72.86724746827178,0.2758410467086246,2.6722683230056763,1.3818087424306418,12.776276816419006,22981.729811513647,1113943.2471847078,888583.5971132736,888583.5971132736,230027.78947812907,2233.0,7408.0,2,17.854794520547944,0.8031045931881026,0.19830184901009232,5.042817326171812,0.3514830246993467,0.3166058704079909,0.00019720129678291466,0.00891162893881966,0.010060005225897107,0.332314189237847,0.44085909006516155,M2;M4;M6;M15;Y4;Y11-Y12,2.0,144.0,6,aP,True,United_States,/home/ctm/pertussis_transmission_analysis/outputs/calibrations/United_States_calibrated_config.yaml,current,fitted_parameters_and_state_only,e07d2d9623bba63452e5939f83db5c87901a902d0a71c99df08b4ecdc3550c54,c36eefa5b9e490f39c68369d7b2ec545f1003c465b2d7a3d65a4f58b53b37bf6,True,state_reconstruction_accepted,40.89230041380155,40.556935818834134,True,United_States,USA,1,contact_reduction_mean,United_States,USA,2025,2025,True,False,nearest_past_year,2024,low_detected_model_anchor,https://www.cdc.gov/pertussis/hcp/antibiotic-resistance/index.html; https://www.health.state.mn.us/diseases/reportable/dcn/pertussis.html; https://trace.ncbi.nlm.nih.gov/Traces/sra-db-be/runinfo?acc=SRR32181461%2CSRR32181462; https://doi.org/10.1128/jcm.01064-25; https://pubmed.ncbi.nlm.nih.gov/41802571/; https://www.paho.org/en/news/26-8-2025-paho-calls-strengthened-vaccination-and-surveillance-amid-spread-antibiotic,"CDC states reported MRBP infections remain rare in the United States and recommends continued surveillance. Minnesota's 2024 annual report states 12 erythromycin-resistant B. pertussis cases have been identified nationally, including one Minnesota case in 2024. Public SRA metadata show SRR32181461 and SRR32181462 are ONT and Illumina WGS runs for the same Minnesota BioSample SAMN46491808/sample MDH-25-000001, not independent cases. Global genomic analyses assigned the 2024 USA evidence to MT28-ptxP3-MRBP/A2047G or MR-MT28 emergence, and PAHO reported resistant pertussis cases in the United States since 2024. No population-based national resistant fraction or denominator was located; use a conservative low detected anchor pending surveillance.",United_States,USA,3,relative_detection_prior_mean,2.8951093600231316e-05,1.3156166320465292e-16,United_States,1.4343588639311122,16.468330981055793,15.468330981055793,0.25,calibrated_country_scenario_analysis,0.8142316811519618,0.8723626108137903,0.7023564900471626,0.8173074331830406,0.7044635856675547,0.8386170473703128,0.44085909006516155,0.7697626100414227,0.45073702423604134,0.7872880627690646,0.7901739197807336,0.7909023603060175
vaccine_mechanism,no_vaccine,no_vaccine,country_timeline,,2027-01-01,2051-01-01,2027,2051,10886439.725165168,39929625.529838026,1475172.1167271174,446541.6046984303,687641.5622474708,3355936.5600777837,2083438.4208896377,5885916.585665852,16022346.44085816,1244034.4166691734,1475.5288815825902,1450.7163246652876,1458.839246791234,173758.95966381847,39567306.72483792,0.9909260655417528,0.01,0.9743080137027906,217576703.78272036,2110625.928698555,20903584.635798108,20136065.347065017,43150275.91156168,24.000492823261258,764.6499856041796,28.24945946403052,881.5166103783089,1357.4714040744482,668.9178969670392,431.1078165602878,568.3428051362929,1547.1142325121273,120.12368842904102,0.2825629149007588,2.8638552907137838,1.4086519536879425,16.778126756569865,16752.533209652596,760121.6978727856,335976.7959592722,335976.7959592722,99861.94399361008,5880.0,1862.0,1,,0.7340731769093042,0.27264066669070336,3.667831406583406,0.0,0.0,0.0,0.0,0.0,0.0,0.0,M2;M4;M6;M15;Y4,2.0,48.0,5,wP,True,Brazil,/home/ctm/pertussis_transmission_analysis/outputs/calibrations/Brazil_calibrated_config.yaml,current,fitted_parameters_and_state_only,e07d2d9623bba63452e5939f83db5c87901a902d0a71c99df08b4ecdc3550c54,c36eefa5b9e490f39c68369d7b2ec545f1003c465b2d7a3d65a4f58b53b37bf6,True,state_reconstruction_accepted,35.765464842101466,33.059282137577966,True,Brazil,BRA,1,contact_reduction_mean,Brazil,BRA,2025,2025,True,False,exact_year,2025,low_detected_model_anchor,https://www.paho.org/en/news/26-8-2025-paho-calls-strengthened-vaccination-and-surveillance-amid-spread-antibiotic,"PAHO reported antibiotic-resistant pertussis cases detected in Brazil since 2024, but no public national resistant fraction or denominator was located, so keep a conservative low detected anchor pending numeric reporting.",Brazil,BRA,3,relative_detection_prior_mean,2.8141735141323725e-05,1.480345728618647e-16,Brazil,0.8601273820862417,32.84334396553144,31.84334396553144,0.25,calibrated_country_scenario_analysis,0.0,0.0,0.0,0.0,0.0,0.0,0.0,0.0,0.0,0.0,0.0,0.0
vaccine_mechanism,symptom_protective,symptom_protective,country_timeline,,2027-01-01,2051-01-01,2027,2051,13992179.016617615,71829293.52743742,1381498.912812451,406800.977414352,874699.4377091089,2167103.688380419,2250052.0135797285,4823956.679374499,23250871.261768054,955163.9001751783,1308.7917165238175,1281.1499967024417,1283.5221650652259,132199.8869952344,48568601.60917674,0.6761670514081343,0.009999999999999998,0.9578540265601839,217576703.7726465,2110625.928810363,20903584.636878625,20136065.352057464,43150275.91774646,24.000492823261258,1375.526755772188,26.455623107553485,803.064742269796,1726.741865204326,431.9552577097623,465.58372004425917,465.8001911368474,2245.0989918993437,92.23041516332707,0.25063284565423827,2.529114847388512,1.239366166723713,12.765191879508016,16061.54454506918,804536.6692142393,1681852.7661824315,1681852.7661824315,95742.95670174476,364.0,7798.0,2,17.087671232876712,0.8096795436256353,0.1947976699961955,5.133531628070965,0.41557631952048296,0.30250881487238446,0.0005269452170977804,0.010641934744885393,0.014484350455303356,0.3899230891031965,-0.7988972492056525,M2;M4;M6;M15;Y4,2.0,48.0,5,wP,True,Brazil,/home/ctm/pertussis_transmission_analysis/outputs/calibrations/Brazil_calibrated_config.yaml,current,fitted_parameters_and_state_only,e07d2d9623bba63452e5939f83db5c87901a902d0a71c99df08b4ecdc3550c54,c36eefa5b9e490f39c68369d7b2ec545f1003c465b2d7a3d65a4f58b53b37bf6,True,state_reconstruction_accepted,35.765464842101466,33.059282137577966,True,Brazil,BRA,1,contact_reduction_mean,Brazil,BRA,2025,2025,True,False,exact_year,2025,low_detected_model_anchor,https://www.paho.org/en/news/26-8-2025-paho-calls-strengthened-vaccination-and-surveillance-amid-spread-antibiotic,"PAHO reported antibiotic-resistant pertussis cases detected in Brazil since 2024, but no public national resistant fraction or denominator was located, so keep a conservative low detected anchor pending numeric reporting.",Brazil,BRA,3,relative_detection_prior_mean,2.8141735141323725e-05,1.480345728618647e-16,Brazil,0.8601273820862417,30.757796645637868,29.757796645637868,0.25,calibrated_country_scenario_analysis,0.08899647169700331,0.3542477190539651,-0.07997049061759465,0.1804238797535077,-0.4511526977394913,0.23220460191722703,-0.7988972492056525,0.0634998471381727,-0.2274932420075071,0.11300162751130793,0.11688455218973881,0.12017573705370488
vaccine_mechanism,infection_blocking,infection_blocking,country_timeline,,2027-01-01,2051-01-01,2027,2051,11675151.552342115,56788523.08809403,1022998.366703877,275086.1018947491,512956.18918094423,1338919.168839327,1762422.201923585,3376427.472657661,13576874.876557454,637249.2289573478,953.1280142012859,927.8744911227775,929.4938721967187,93180.5233930232,47142603.81578715,0.8301431566138195,0.009999999999999998,0.9979356797554826,217576703.79364473,2110625.9288304443,20903584.638288572,20136065.345961284,43150275.913080305,24.000492823261258,1087.4968844164268,19.59035868616914,543.0467520558467,1012.6254673099986,266.87840443008685,364.6827186021956,326.0270907941991,1310.9800384951666,61.53264475847832,0.18252345536192083,1.8317145986258714,0.8975172294306729,8.997490752139832,7049.47673240295,575269.4633711089,873316.9902443036,873316.9902443036,42021.97016181444,728.0,8766.0,4,7.3004566210045665,0.7971653576897352,0.20558998398727263,4.864050186714867,0.27844472377129187,0.23742373845613415,0.0002589191183234142,0.00832407463205503,0.009716637409615352,0.26014509261129803,-0.42221526835151346,M2;M4;M6;M15;Y4,2.0,48.0,5,wP,True,Brazil,/home/ctm/pertussis_transmission_analysis/outputs/calibrations/Brazil_calibrated_config.yaml,current,fitted_parameters_and_state_only,e07d2d9623bba63452e5939f83db5c87901a902d0a71c99df08b4ecdc3550c54,c36eefa5b9e490f39c68369d7b2ec545f1003c465b2d7a3d65a4f58b53b37bf6,True,state_reconstruction_accepted,35.765464842101466,33.059282137577966,True,Brazil,BRA,1,contact_reduction_mean,Brazil,BRA,2025,2025,True,False,exact_year,2025,low_detected_model_anchor,https://www.paho.org/en/news/26-8-2025-paho-calls-strengthened-vaccination-and-surveillance-amid-spread-antibiotic,"PAHO reported antibiotic-resistant pertussis cases detected in Brazil since 2024, but no public national resistant fraction or denominator was located, so keep a conservative low detected anchor pending numeric reporting.",Brazil,BRA,3,relative_detection_prior_mean,2.8141735141323725e-05,1.480345728618647e-16,Brazil,0.8601273820862417,22.77611327598089,21.77611327598089,0.25,calibrated_country_scenario_analysis,0.38396310892346264,0.6010296545032741,0.15408001299552554,0.42635485509931015,0.15262880336082196,0.48775594917739984,-0.42221526835151346,0.3065227066699534,-0.19145344270283426,0.35404313253495867,0.3604025298765018,0.3628538070653283
vaccine_mechanism,transmission_blocking,transmission_blocking,country_timeline,,2027-01-01,2051-01-01,2027,2051,11299961.894940717,56974255.300196484,1025683.2965591572,275950.5784637311,569296.713804992,1440483.0472270586,1748551.7094238945,3464985.335114685,15668251.377908837,661524.7437413216,897.2834759131854,873.469043136949,875.1007911395541,90421.29489610979,47259879.809228376,0.8294953494383873,0.01,0.9969852141248431,217576703.77621937,2110625.9282515864,20903584.63376107,20136065.354614686,43150275.91662735,24.000492823261258,1091.053645465593,19.641774936901655,544.7533131321038,1123.8471494679227,287.1224987159356,361.81261790688404,334.57821840015606,1512.922891286355,63.87668309749585,0.17182925906672508,1.7243129469638725,0.8449953904649015,8.731060257365913,7174.812785908476,559936.0358683898,845077.700679733,845077.700679733,42769.09907313534,728.0,8766.0,4,6.993607305936073,0.8043956925320678,0.1983345255747774,5.041986497822203,0.34057285465488063,0.258581470720522,0.0003932311923539843,0.00885234358838038,0.011635084821722784,0.31969219505242336,-0.42686675730584045,M2;M4;M6;M15;Y4,2.0,48.0,5,wP,True,Brazil,/home/ctm/pertussis_transmission_analysis/outputs/calibrations/Brazil_calibrated_config.yaml,current,fitted_parameters_and_state_only,e07d2d9623bba63452e5939f83db5c87901a902d0a71c99df08b4ecdc3550c54,c36eefa5b9e490f39c68369d7b2ec545f1003c465b2d7a3d65a4f58b53b37bf6,True,state_reconstruction_accepted,35.765464842101466,33.059282137577966,True,Brazil,BRA,1,contact_reduction_mean,Brazil,BRA,2025,2025,True,False,exact_year,2025,low_detected_model_anchor,https://www.paho.org/en/news/26-8-2025-paho-calls-strengthened-vaccination-and-surveillance-amid-spread-antibiotic,"PAHO reported antibiotic-resistant pertussis cases detected in Brazil since 2024, but no public national resistant fraction or denominator was located, so keep a conservative low detected anchor pending numeric reporting.",Brazil,BRA,3,relative_detection_prior_mean,2.8141735141323725e-05,1.480345728618647e-16,Brazil,0.8601273820862417,22.835890759878456,21.835890759878456,0.25,calibrated_country_scenario_analysis,0.3820271715776786,0.5707657098280573,0.16073751357755273,0.411309133474119,0.022100075307718625,0.4682424096332367,-0.42686675730584045,0.3047026276264062,-0.19441740469945934,0.3918902658477299,0.397905001628435,0.40013898511137014
vaccine_mechanism,next_generation,next_generation,country_timeline,,2027-01-01,2051-01-01,2027,2051,8728510.593186088,42552342.98942764,727337.3936236057,186652.79856180743,341425.6924491867,872676.8086710019,1254816.6555906748,2314146.262823484,9088967.919481222,429250.76594214805,662.8473083676157,643.5570485540866,644.6664897393396,64130.35053750039,36217115.35199678,0.8511191818743122,0.009999999999999998,0.9992876376195041,217576703.76986188,2110625.9281265154,20903584.63243747,20136065.350696854,43150275.91126084,24.000492823261258,814.8748710878501,13.928468404516888,368.4708000759387,674.0075639507463,173.94522370483432,259.64831168209673,223.45345187543978,877.6287342854649,41.44835912528739,0.12693487056428113,1.2704442815879404,0.6224885382349151,6.192412479625316,4438.036025148229,395502.78690067935,581377.2203401558,581377.2203401558,26455.15752229182,763.0,8766.0,5,5.000684931506849,0.7967566853046185,0.2051240890626101,4.875097822834302,0.23955338776127078,0.21300604589585428,0.00020156635458379492,0.007452703356402711,0.008338412568167742,0.22356070548211657,-0.06568349752315483,M2;M4;M6;M15;Y4,2.0,48.0,5,wP,True,Brazil,/home/ctm/pertussis_transmission_analysis/outputs/calibrations/Brazil_calibrated_config.yaml,current,fitted_parameters_and_state_only,e07d2d9623bba63452e5939f83db5c87901a902d0a71c99df08b4ecdc3550c54,c36eefa5b9e490f39c68369d7b2ec545f1003c465b2d7a3d65a4f58b53b37bf6,True,state_reconstruction_accepted,35.765464842101466,33.059282137577966,True,Brazil,BRA,1,contact_reduction_mean,Brazil,BRA,2025,2025,True,False,exact_year,2025,low_detected_model_anchor,https://www.paho.org/en/news/26-8-2025-paho-calls-strengthened-vaccination-and-surveillance-amid-spread-antibiotic,"PAHO reported antibiotic-resistant pertussis cases detected in Brazil since 2024, but no public national resistant fraction or denominator was located, so keep a conservative low detected anchor pending numeric reporting.",Brazil,BRA,3,relative_detection_prior_mean,2.8141735141323725e-05,1.480345728618647e-16,Brazil,0.8601273820862417,16.193494934126317,15.193494934126317,0.25,calibrated_country_scenario_analysis,0.5820035656299876,0.7399602784354258,0.39771838562194584,0.6068333233842977,0.4327317816381946,0.6549526603199284,-0.06568349752315483,0.5069474365897664,0.0846706953328743,0.5507730708349987,0.5563867052350366,0.5580962802054406
vaccine_mechanism,no_vaccine,no_vaccine,country_timeline,,2027-01-01,2051-01-01,2027,2051,6065929.703814479,23543826.25224514,702409.5407124949,202349.0139742258,311713.15245390765,1499404.433576379,895067.0562052501,2596820.5037558544,7020681.03715885,545823.5985846181,674.4474069280795,655.5047733913834,659.1531908276422,78493.61312420726,23352305.445825897,0.9918653491421778,0.01,0.9931217428902221,69071459.64710344,495667.2737290271,4937390.971902147,4907461.295557214,10340519.541188387,24.000492823261258,1420.2285892518275,42.37128240733603,1700.946630332125,2620.2620209664738,1265.3221555650498,759.938645037656,1046.3558635398074,2828.894318513345,219.93269154004986,0.40684529311571743,5.510175777820777,2.65597412372527,31.628005179468225,20836.95253437568,373434.59092561173,185711.07536636584,185711.07536636584,39431.197976623,3381.0,6034.0,2,11.046575342465754,0.7483588717254215,0.2576441755399054,3.881321974014951,0.0,0.0,0.0,0.0,0.0,0.0,0.0,M2;M4;M6;Y1.5;Y4,2.0,48.0,5,wP,True,Thailand,/home/ctm/pertussis_transmission_analysis/outputs/calibrations/Thailand_calibrated_config.yaml,current,fitted_parameters_and_state_only,e07d2d9623bba63452e5939f83db5c87901a902d0a71c99df08b4ecdc3550c54,c36eefa5b9e490f39c68369d7b2ec545f1003c465b2d7a3d65a4f58b53b37bf6,True,state_reconstruction_accepted,23.271535511942638,22.994994979200612,True,Thailand,THA,1,contact_reduction_mean,Thailand,THA,2025,2025,True,False,exact_year,2025,low_imported_model_anchor,https://www.cdc.gov/pertussis/hcp/antibiotic-resistance/index.html,"No public Thailand-specific MRBP prevalence estimate was located in accessible surveillance material; CDC notes increasing MRBP globally, so keep a conservative low imported anchor pending numeric reporting.",Thailand,THA,3,relative_detection_prior_mean,4.086723819167002e-05,1.6177673822097892e-16,Thailand,0.1976821449825874,214.34046262027488,213.34046262027488,0.25,calibrated_country_scenario_analysis,0.0,0.0,0.0,0.0,0.0,0.0,0.0,0.0,0.0,0.0,0.0,0.0
vaccine_mechanism,symptom_protective,symptom_protective,country_timeline,,2027-01-01,2051-01-01,2027,2051,4737691.562605492,24136535.613869995,399140.02909779956,108767.02604642304,219801.22215601045,537272.7538577573,595973.2110876653,1242012.9909918455,5982210.673091198,241369.37478015613,417.3492821177928,403.5969902659095,404.1906485761245,37358.01771560796,23563461.865019068,0.976257000672391,0.01,0.999740314083765,69071459.66074698,495667.274056529,4937390.972637037,4907461.2927835025,10340519.539477069,24.000492823261258,1455.9824537557085,24.07722832534376,914.2960604998821,1847.6499617129023,453.3954306877484,505.9990440144488,500.45337136408864,2410.4558658182186,97.2567261605756,0.2517566073160314,3.392637931207513,1.6286349194481748,15.05293909874901,24688.535411240937,234554.93798878638,156753.95127793754,156753.95127793754,46719.8130887795,2289.0,7604.0,2,17.03013698630137,0.8066273308335481,0.19628714072300377,5.094577241874335,0.3324438973740994,0.24732730086705018,1.8540379324329436e-05,0.00720826141979265,0.009816299592847681,0.3154007959821348,-0.02517472543649668,M2;M4;M6;Y1.5;Y4,2.0,48.0,5,wP,True,Thailand,/home/ctm/pertussis_transmission_analysis/outputs/calibrations/Thailand_calibrated_config.yaml,current,fitted_parameters_and_state_only,e07d2d9623bba63452e5939f83db5c87901a902d0a71c99df08b4ecdc3550c54,c36eefa5b9e490f39c68369d7b2ec545f1003c465b2d7a3d65a4f58b53b37bf6,True,state_reconstruction_accepted,23.271535511942638,22.994994979200612,True,Thailand,THA,1,contact_reduction_mean,Thailand,THA,2025,2025,True,False,exact_year,2025,low_imported_model_anchor,https://www.cdc.gov/pertussis/hcp/antibiotic-resistance/index.html,"No public Thailand-specific MRBP prevalence estimate was located in accessible surveillance material; CDC notes increasing MRBP globally, so keep a conservative low imported anchor pending numeric reporting.",Thailand,THA,3,relative_detection_prior_mean,4.086723819167002e-05,1.6177673822097892e-16,Thailand,0.1976821449825874,121.79768854422626,120.79768854422626,0.25,calibrated_country_scenario_analysis,0.4624781020169575,0.6416758935571142,0.3341580310034322,0.52171781253441,0.1479159014020529,0.557788678602292,-0.02517472543649668,0.4317559686149357,-0.009042208688260889,0.3811981811618155,0.3842958790706882,0.38680316776041557
vaccine_mechanism,infection_blocking,infection_blocking,country_timeline,,2027-01-01,2051-01-01,2027,2051,2860420.5266849045,13980146.607076643,220656.61973585162,57874.14458564375,102946.92756860048,245311.65439140418,318952.64952935674,622138.4485064048,2498046.523987877,119419.98880080554,234.59075804238108,226.38003703625586,226.6896685815773,20508.688973576052,13548820.3520076,0.9691472294825071,0.010000000000000002,0.9837178150508996,69071459.67415126,495667.2743779495,4937390.974108574,4907461.2925996175,10340519.541086141,24.000492823261258,843.321033412475,13.31061639158687,486.49029295475657,865.3722886137319,207.0143746612027,270.8003191271589,250.68279174211074,1006.5561420264961,48.118768827529465,0.14151162077311405,1.9029515049488266,0.9134172484525144,8.263715928840815,14372.675256198341,127010.52265231844,92813.92986966338,92813.92986966338,27198.40162652535,3031.0,7240.0,3,9.33972602739726,0.7979356712994683,0.2046059034343017,4.887444512670656,0.22765082046306231,0.19637149760290407,9.575536626567342e-06,0.005735370047642062,0.006713283513909907,0.21519259136488378,0.40620753579747915,M2;M4;M6;Y1.5;Y4,2.0,48.0,5,wP,True,Thailand,/home/ctm/pertussis_transmission_analysis/outputs/calibrations/Thailand_calibrated_config.yaml,current,fitted_parameters_and_state_only,e07d2d9623bba63452e5939f83db5c87901a902d0a71c99df08b4ecdc3550c54,c36eefa5b9e490f39c68369d7b2ec545f1003c465b2d7a3d65a4f58b53b37bf6,True,state_reconstruction_accepted,23.271535511942638,22.994994979200612,True,Thailand,THA,1,contact_reduction_mean,Thailand,THA,2025,2025,True,False,exact_year,2025,low_imported_model_anchor,https://www.cdc.gov/pertussis/hcp/antibiotic-resistance/index.html,"No public Thailand-specific MRBP prevalence estimate was located in accessible surveillance material; CDC notes increasing MRBP globally, so keep a conservative low imported anchor pending numeric reporting.",Thailand,THA,3,relative_detection_prior_mean,4.086723819167002e-05,1.6177673822097892e-16,Thailand,0.1976821449825874,67.33342757262837,66.33342757262837,0.25,calibrated_country_scenario_analysis,0.7139885020985797,0.8363939382209996,0.6436550230307919,0.7604230066704308,0.6441874355541448,0.7812113856739156,0.40620753579747915,0.6858575988133265,0.4198080192365169,0.6521733857486727,0.654647767299948,0.6560895528747384
vaccine_mechanism,transmission_blocking,transmission_blocking,country_timeline,,2027-01-01,2051-01-01,2027,2051,2740677.900611338,13784622.474189345,217920.82662616804,56803.85659095621,110258.9311182447,262565.76478387293,317001.8791645318,636371.5005393609,2875902.0009299284,122742.21781551007,219.17451773697388,211.51393451164193,211.8221871473523,19574.175984371293,13337019.75803383,0.9675288375148745,0.01,0.9680314097220281,69071459.66663669,495667.27426720713,4937390.9727379205,4907461.290447429,10340519.537452554,24.000492823261258,831.5264780924748,13.145585800899118,477.4934478586385,926.837020168819,221.57482796368845,269.14405698144367,256.4178195052313,1158.808211185083,49.45741886117441,0.13221211909335254,1.777986987527708,0.8535106192706318,7.887165783304441,15096.103903216628,122313.52035831248,89478.20131213043,89478.20131213043,28567.395393818737,3031.0,7233.0,3,9.33972602739726,0.8037044016167951,0.19882139723035933,5.029639736619372,0.28001926367109886,0.21679547962343373,1.471950862821868e-05,0.006175977697323017,0.008129861446998198,0.2656987050181494,0.41451222386272735,M2;M4;M6;Y1.5;Y4,2.0,48.0,5,wP,True,Thailand,/home/ctm/pertussis_transmission_analysis/outputs/calibrations/Thailand_calibrated_config.yaml,current,fitted_parameters_and_state_only,e07d2d9623bba63452e5939f83db5c87901a902d0a71c99df08b4ecdc3550c54,c36eefa5b9e490f39c68369d7b2ec545f1003c465b2d7a3d65a4f58b53b37bf6,True,state_reconstruction_accepted,23.271535511942638,22.994994979200612,True,Thailand,THA,1,contact_reduction_mean,Thailand,THA,2025,2025,True,False,exact_year,2025,low_imported_model_anchor,https://www.cdc.gov/pertussis/hcp/antibiotic-resistance/index.html,"No public Thailand-specific MRBP prevalence estimate was located in accessible surveillance material; CDC notes increasing MRBP globally, so keep a conservative low imported anchor pending numeric reporting.",Thailand,THA,3,relative_detection_prior_mean,4.086723819167002e-05,1.6177673822097892e-16,Thailand,0.1976821449825874,66.49859956779117,65.49859956779117,0.25,calibrated_country_scenario_analysis,0.7192778186792074,0.8248866290480407,0.6458344914307299,0.7549420533229159,0.5903670903565565,0.7751247506817323,0.41451222386272735,0.689752467762442,0.42887781298622263,0.6750309727851829,0.6773266296485794,0.678644979505621
vaccine_mechanism,next_generation,next_generation,country_timeline,,2027-01-01,2051-01-01,2027,2051,2561650.4620574377,12528230.839263704,189403.75126491487,48205.39241264193,84193.12713641368,192334.80730545378,261750.32221889423,502290.52193699,1963614.1188431326,96394.25742596804,199.17305295444189,191.54251235215477,191.7992560792992,17253.425286864087,12122830.1476175,0.9676410263470185,0.01,0.8533579968934139,69071459.66607437,495667.2741858743,4937390.973390236,4907461.293189076,10340519.540765187,24.000492823261258,755.7374665931816,11.425357097954329,405.2147233244837,707.7277667686387,162.30810543630423,222.23383591449107,202.3915908283211,791.2133873301874,38.84084261021302,0.12014668342610606,1.610107132481304,0.7728307595349672,6.952048741791814,11894.414471144086,106289.90251755473,81880.34425537892,81880.34425537892,22508.61833959452,3395.0,6958.0,3,2.9534246575342467,0.7976293427141695,0.20447024762899313,4.890687088199153,0.19729609380038238,0.17703742657260993,7.586029608599392e-06,0.005184903579895247,0.005819389405121755,0.1862842147857568,0.4678761767506243,M2;M4;M6;Y1.5;Y4,2.0,48.0,5,wP,True,Thailand,/home/ctm/pertussis_transmission_analysis/outputs/calibrations/Thailand_calibrated_config.yaml,current,fitted_parameters_and_state_only,e07d2d9623bba63452e5939f83db5c87901a902d0a71c99df08b4ecdc3550c54,c36eefa5b9e490f39c68369d7b2ec545f1003c465b2d7a3d65a4f58b53b37bf6,True,state_reconstruction_accepted,23.271535511942638,22.994994979200612,True,Thailand,THA,1,contact_reduction_mean,Thailand,THA,2025,2025,True,False,exact_year,2025,low_imported_model_anchor,https://www.cdc.gov/pertussis/hcp/antibiotic-resistance/index.html,"No public Thailand-specific MRBP prevalence estimate was located in accessible surveillance material; CDC notes increasing MRBP globally, so keep a conservative low imported anchor pending numeric reporting.",Thailand,THA,3,relative_detection_prior_mean,4.086723819167002e-05,1.6177673822097892e-16,Thailand,0.1976821449825874,57.796606258803585,56.796606258803585,0.25,calibrated_country_scenario_analysis,0.7617710535580762,0.8717258646176623,0.7075634496831804,0.8065748012962339,0.720310022852459,0.8233966840643585,0.4678761767506243,0.7303513971738032,0.4808722344035461,0.7046870506009952,0.7077938710328961,0.7090217285628652
